tree
version=v4
num_class=1
num_tree_per_iteration=1
label_index=0
max_feature_idx=156
objective=lambdarank
feature_names=Column_0 Column_1 Column_2 Column_3 Column_4 Column_5 Column_6 Column_7 Column_8 Column_9 Column_10 Column_11 Column_12 Column_13 Column_14 Column_15 Column_16 Column_17 Column_18 Column_19 Column_20 Column_21 Column_22 Column_23 Column_24 Column_25 Column_26 Column_27 Column_28 Column_29 Column_30 Column_31 Column_32 Column_33 Column_34 Column_35 Column_36 Column_37 Column_38 Column_39 Column_40 Column_41 Column_42 Column_43 Column_44 Column_45 Column_46 Column_47 Column_48 Column_49 Column_50 Column_51 Column_52 Column_53 Column_54 Column_55 Column_56 Column_57 Column_58 Column_59 Column_60 Column_61 Column_62 Column_63 Column_64 Column_65 Column_66 Column_67 Column_68 Column_69 Column_70 Column_71 Column_72 Column_73 Column_74 Column_75 Column_76 Column_77 Column_78 Column_79 Column_80 Column_81 Column_82 Column_83 Column_84 Column_85 Column_86 Column_87 Column_88 Column_89 Column_90 Column_91 Column_92 Column_93 Column_94 Column_95 Column_96 Column_97 Column_98 Column_99 Column_100 Column_101 Column_102 Column_103 Column_104 Column_105 Column_106 Column_107 Column_108 Column_109 Column_110 Column_111 Column_112 Column_113 Column_114 Column_115 Column_116 Column_117 Column_118 Column_119 Column_120 Column_121 Column_122 Column_123 Column_124 Column_125 Column_126 Column_127 Column_128 Column_129 Column_130 Column_131 Column_132 Column_133 Column_134 Column_135 Column_136 Column_137 Column_138 Column_139 Column_140 Column_141 Column_142 Column_143 Column_144 Column_145 Column_146 Column_147 Column_148 Column_149 Column_150 Column_151 Column_152 Column_153 Column_154 Column_155 Column_156
feature_infos=none [-9.5541343688964844:12.745669364929199] [-7.5662751197814941:6.952181339263916] [0:12.82858943939209] [0.1155245304107666:1.1723979711532593] [0.1155245304107666:1.5506080389022827] [-0.38448148965835571:0.68055558204650879] [-0.65025806427001953:0.86527776718139648] [0:1] [0:1.3044185638427734] [0.13862943649291992:0.90217190980911255] [0:0.54930615425109863] [0:0.83305114507675171] [0:1.0548769235610962] [0:1.3506693840026855] [0:0.70830333232879639] [0:0.70830333232879639] [0:0.70830333232879639] [0:0.70830333232879639] [0:1.4632850885391235] [0:1.5834863185882568] [0:1.6891461610794067] [0:1.6898586750030518] [0:1.0357836484909058] [0:1.3195286989212036] [0:1.5403017997741699] [0:1.8361797332763672] [0:1.6896346807479858] [0:1.3911069631576538] [0:1.3091105222702026] [0:1.5439667701721191] [0:1.7978572845458984] [0:1.5660536289215088] [0:1.5130223035812378] [0:1.7450189590454102] [0:2.0435347557067871] [0:1.6423828601837158] [0:1.6366963386535645] [0:1.8862152099609375] [0:2.1893672943115234] [0:1.1190284490585327] [0:1.1989476680755615] [0:1.4086973667144775] [0:1.5850898027420044] [0:1.1793015003204346] [0:1.2130075693130493] [0:1.4630506038665771] [0:1.626446008682251] [0:1.2879225015640259] [0:1.7190661430358887] [0:1.8205183744430542] [0:1.8294690847396851] [0:1.3911069631576538] [0:2.2347836494445801] [0:1.7450189590454102] [0:2.8770260810852051] [0:2.0435347557067871] [0:3.3494265079498291] [0:1.8862152099609375] [0:3.1557281017303467] [0:2.3115074634552002] [0:3.5688791275024414] [0:4.593388557434082] [0:2.673168420791626] [0:3.8904824256896973] [0:4.9664883613586426] [0:3.0909733772277832] [0:4.4039607048034668] [0:5.3675236701965332] [0:3.4563584327697754] [0:4.7070345878601074] [0:5.6736083030700684] [-2.5664710998535156:0] [-9.5541343688964844:12.745669364929199] [-7.5662751197814941:6.952181339263916] [-13.66785717010498:14.311351776123047] [-6.8405485153198242:7.9279866218566895] [-1.0000001192092896:1.0000001192092896] [-25.131523132324219:24.940521240234375] [-12.828535079956055:11.304247856140137] [-3.4173402786254883:3.769134521484375] [-1.3317948579788208:2.1851363182067871] [-1.0000001192092896:1.0000001192092896] [-8.2279834747314453:10.568971633911133] [-12.82837963104248:9.5541343688964844] [0:11.536117553710938] [0:11.560286521911621] [0:5.8992123603820801] [0:10.102203369140625] none none [0.1155245304107666:0.75180989503860474] [0:1.6026453971862793] [0:1.5000805854797363] [0.40000000596046448:1] [0:0.93826955556869507] [0:0.37446653842926025] [0:0.51589179039001465] [0:0.51789182424545288] [0:0.4939054548740387] [-13.66785717010498:14.311351776123047] [-6.8405485153198242:7.9279866218566895] [0.1155245304107666:1.4838106632232666] [0:1] [-1:1] [-1:1] [-10.51795482635498:11.709933280944824] [-4.1629676818847656:3.5190656185150146] [0.1155245304107666:1.4481215476989746] [0:0.89515024423599243] [0:0.87782186269760132] [0.40000000596046448:1] [0:0.43132838606834412] [0:0.20687729120254517] [0:0.29770714044570923] [0:0.33574318885803223] [0:0.33850625157356262] [-0.89354348182678223:1.7869356870651245] [-0.35489180684089661:0.50392770767211914] [0.1155245304107666:0.9237024188041687] [0:0.9375] [-0.43460264801979065:0.57871884107589722] [-0.41887304186820984:1] [-7.7621240615844727:9.3918819427490234] [-3.8528227806091309:3.4875655174255371] [0.1155245304107666:1.2726359367370605] [0:1.1009762287139893] [0:1.0479933023452759] [0.40000000596046448:1] [0:0.61478424072265625] [0:0.22396993637084961] [0:0.47583281993865967] [0:0.45136472582817078] [0:0.4292483925819397] [-3.4173402786254883:3.769134521484375] [-1.3317948579788208:2.1851363182067871] [0.1155245304107666:1.1700452566146851] [0:1] [-0.99058210849761963:0.967537522315979] [-0.99404531717300415:1] [-7.0244364738464355:7.0379838943481445] [-2.8705458641052246:3.1927292346954346] [-1.0932767391204834:0.8570173978805542] [-0.67706358432769775:0.69434994459152222] [-0.68617415428161621:0.68617415428161621] [-0.60000002384185791:1] [-0.29297670722007751:0.31883633136749268] [-0.20598980784416199:0.20598980784416199] [-0.3298821747303009:0.2939525842666626] [-0.45136472582817078:0.45136472582817078] [-0.4292483925819397:0.4023594856262207] [-5.1987872123718262:7.2942094802856445] [-2.608295202255249:3.9474730491638184] [-0.82781171798706055:0.89704334735870361] [-1:1] [-1.6220695972442627:1.8621906042098999] [-1.8332695960998535:1.9173072576522827]
tree_sizes=3595 3611 3608 3605 3603 3614 3630 3604 3617 3615 3621 3594 3621 3620 3615 3616 3613 3622 3620 3621 3635 3624 3612 3594 3622 3636 3611 3615 3616 3633 3615 3618 3628 3607 3607 3603 3626 3639 3621 3614 3617 3591 3616 3627 3627 3618 3606 3640 3615 3605 3608 3613 3604 3610 3622 3592 3610 3620 3609 3627 3653 3600 3602 3609 3609 3612 3613 3584 3596 3583 3612 3625 3631 3589 3623 3607 3600 3626 3595 3625 3636 3595 3614 3613 3585 3626 3595 3596 3605 3593 3565 3603 3601 3603 3578 3593 3575 3627 3584 3602 3566 3589 3600 3581 3572 3593 3602 3577 3616 3585 3590 3589 3588 3605 3565 3558 3550 3584 3628 3593 3575 3608 3569 3595 3612 3573 3577 3603 3579 3580 3579 3605 3557 3538 3575 3574 3572 3582 3607 3590 3526 3564 3575 3571 3556 3561 3581 3566 3571 3571 3538 3598 3605 3544 3533 3568 3553 3579 3552 3545 3598 3569 3523 3558 3568 3555 3527 3536 3589 3580 3543 3557 3598 3577 3565

Tree=0
num_leaves=31
num_cat=0
split_feature=87 15 17 86 87 85 26 16 17 5 25 5 13 86 24 79 13 6 86 86 67 24 77 6 16 86 13 87 5 71
split_gain=32579.3 7273.54 6100.44 2101.22 1967.75 1344.32 1047.63 1033.39 930.778 652.501 613.013 600.626 581.961 461.434 392.502 385.324 347.816 302.322 279.825 257.97 254.182 249.924 240.963 239.336 215.319 212.304 229.133 207.562 204.331 220.071
threshold=0.043339714407920844 0.22396993637084964 1.0000000180025095e-35 0.01763224042952061 0.32539840042591101 0.029902152717113498 0.31061333417892462 0.53458327054977428 0.31061333417892462 1.1714407801628115 0.31061333417892462 1.0881147384643557 0.22396993637084964 0.34590496122837072 0.53458327054977428 -0.10908218100666998 0.31061333417892462 0.29009008407592779 0.028686613775789741 0.072743147611618056 0.50072121620178234 0.37446653842926031 -0.54808327555656422 0.31687574088573461 0.42514967918396002 0.019798989407718185 0.46720869839191442 0.18526805192232135 0.8758140802383424 3.5781178474426274
decision_type=2 2 2 2 2 2 2 2 2 2 2 2 2 2 2 2 2 2 2 2 2 2 2 2 2 2 2 2 2 2
left_child=1 5 4 -3 11 8 15 17 19 28 18 13 22 23 -9 -4 -8 21 -10 -1 -21 -5 -7 -2 -19 -12 -27 -13 -6 -30
right_child=2 3 6 7 9 12 16 14 10 -11 25 27 -14 -15 -16 -17 -18 24 -20 20 -22 -23 -24 -25 -26 26 -28 -29 29 -31
leaf_value=0.018653748545024596 -0.018476924276253415 0.04533401868585607 -0.0073209487313048039 0.018730044369466712 -0.022584603152133172 0.0018012117430228599 -0.0040416325431503492 0.026608168171977118 0.023272741997489323 -0.050129028784806441 0.043800217374412302 -0.024076370545620861 0.010977425594759727 -0.01221419614206209 0.042453258001484508 -0.015628365564672488 0.0075395071712850512 0.0092391615531085668 0.0095326376631321291 0.000842397314705016 0.014025526791766605 0.032832083630386866 -0.0049908896205141861 -0.029454763636222729 0.01901068591959618 0.017474029733613495 0.033856374436578449 -0.03409748122249235 -0.038539094717651219 0.0029485471758209526
leaf_weight=942.24064284991618 4217.0564025594467 4125.4648469067179 8550.5527450394984 4248.3656910585996 1420.7103204074374 9787.9078594600505 12292.173823299207 4385.0059055725796 1441.7811015787593 3149.0661151716486 353.88152958411956 4281.9895752343291 4124.5628625314857 6511.9340617810813 2104.365262303385 12235.380569949299 2876.6983204066637 4592.5185221179854 17739.488704603624 11087.037486875663 1489.8720357269049 1557.8385768674198 9037.3703558283305 3155.4468914687022 3659.1677168108581 5242.2971533213858 905.26436094811652 3393.3433644649376 2638.3165451295936 119.52876813244075
leaf_count=15285 83981 40627 227900 49760 35474 243590 318790 94832 33886 73281 2361 108485 69760 167139 12094 342575 47406 68536 310880 111696 1309 6122 228454 90529 60210 52164 6244 88111 72253 195
internal_value=0 0.0120156 -0.0160888 0.0257958 -0.026354 0.00654388 -0.00783928 0.0218646 0.00991946 -0.0397878 0.0132731 -0.0217814 0.000776942 -0.0180473 0.0317701 -0.0122133 -0.00184362 0.017284 0.0105703 0.00354617 0.0024084 0.0225345 -0.00145957 -0.0231895 0.01358 0.0212349 0.0199076 -0.0285228 -0.0319529 -0.0367377
internal_weight=151667 86824.4 64842.2 24672.7 28887.4 62151.7 35954.8 20547.3 39201.9 7327.62 25682.7 21559.8 22949.8 13884.4 6489.37 20785.9 15168.9 14057.9 19181.3 13519.2 12576.9 5806.2 18825.3 7372.5 8251.69 6501.44 6147.56 7675.33 4178.56 2757.85
internal_count=3063929 1407810 1656119 332181 719448 1075629 936671 291554 533825 181203 405535 538245 541804 341649 106926 570475 366196 184628 344766 128290 113005 55882 472044 174510 128746 60769 58408 196596 107922 72448
is_linear=0
shrinkage=0.03


Tree=1
num_leaves=31
num_cat=0
split_feature=85 18 86 14 15 87 9 5 13 88 15 86 87 9 70 13 15 6 14 87 18 20 18 14 12 13 87 61 69 20
split_gain=47276.1 12067.3 10528.7 5994.29 4286.56 2772.17 2173.55 1692.91 1646.63 1494.61 1340.2 1259.26 1250.86 1060.01 861.636 806.283 785.344 757.782 694.124 672.359 627.701 591.232 751.569 555.178 546.429 540.807 515.693 453.444 439.521 384.96
threshold=0.029902152717113498 1.0000000180025095e-35 0.019798989407718185 0.22396993637084964 0.31061333417892462 0.049841184169054038 0.40253517031669622 1.1612396836280825 0.31061333417892462 0.33291116356849676 1.0000000180025095e-35 0.0087381042540073412 0.14982257038354876 0.40253517031669622 1.3610217571258547 0.50316895544528972 0.53458327054977428 0.29371857643127447 0.31061333417892462 0.25835050642490393 0.68507987260818493 1.0000000180025095e-35 0.68507987260818493 0.22396993637084964 0.46720869839191442 0.53458327054977428 0.18254644423723224 0.1573835834860802 0.048989003524184234 0.51129707694053661
decision_type=2 2 2 2 2 2 2 2 2 2 2 2 2 2 2 2 2 2 2 2 2 2 2 2 2 2 2 2 2 2
left_child=2 7 11 5 6 28 10 14 21 12 18 -1 20 16 23 17 24 -12 -4 -9 -7 22 27 -2 29 -10 -11 -5 -3 -6
right_child=1 3 4 8 13 9 -8 19 25 26 15 -13 -14 -15 -16 -17 -18 -19 -20 -21 -22 -23 -24 -25 -26 -27 -28 -29 -30 -31
leaf_value=0.044869076384959281 -0.028739897070243433 -0.0060060369311540794 -0.00032920689968118444 -0.0045744731283543809 0.010663515739553871 -0.013160704926423584 0.026457597372318741 -0.023624638304867298 0.0046383421683509366 -0.0062520696674686349 0.010017259010120698 0.0276227043133601 -0.02794632130732563 0.036011090348850965 -0.0037249990407103371 0.02343628536387523 0.03147594087421908 0.004612254523340127 0.0084568894405450297 -0.043194248554802993 -0.022431112627604669 -0.00029259631156024641 -0.017057530561466562 -0.014050790012874098 0.032315726285220968 0.018126000089648205 -0.013804275459665071 0.017103389778958478 0.0039290035141634483 0.018313256874362728
leaf_weight=6289.7348226792819 9856.9263329421228 46204.112296560372 33067.887689395575 31294.609582807461 12282.07909602439 29099.243219849886 4921.6502034487203 2048.2517374941381 17639.788084004133 20063.231476134155 53328.807532550039 9762.0744257497136 8602.6330918463646 3003.8063775785267 1919.432804480195 3001.7607644763775 3119.6958742226707 41547.684641354601 10710.302543211728 7190.4661881127686 8508.2387795902323 39539.936353516416 4501.2564056040719 3044.490627588355 1630.3677855785936 3151.6149542562198 13705.37927705358 889.27166133373976 4384.8963599167764 11484.264051607694
leaf_count=16590 108613 396737 169531 275685 55245 295367 9939 15147 87733 212889 182815 48800 88985 4596 1441 5987 14039 220678 37415 90470 103791 317030 50210 30064 2798 11420 154196 467 3172 52079
internal_value=0 -0.00858119 0.0111223 -0.00644485 0.00902442 -0.0106416 0.00686575 -0.0287847 -0.000796477 -0.0141182 0.0061843 0.0343903 -0.0176243 0.0190606 -0.0224899 0.00813578 0.0172701 0.00765068 0.00182078 -0.0388682 -0.0152603 -0.00283776 -0.00558054 -0.0252793 0.0155202 0.00668615 -0.00931862 -0.0039733 -0.00514457 0.0143626
internal_weight=445794 251644 194150 227584 178098 130568 146578 24059.6 97016.5 79978.7 141656 16051.8 46210.1 31520.2 14820.8 97878.3 28516.4 94876.5 43778.2 9238.72 37607.5 76225.1 36685.1 12901.4 25396.7 20791.4 33768.6 32183.9 50589 23766.3
internal_count=3063929 2243417 820512 1997682 755122 1255137 626365 245735 742545 855228 616426 65390 488143 128757 140118 409480 124161 403493 206946 105617 399158 643392 326362 138677 110122 99153 367085 276152 399909 107324
is_linear=0
shrinkage=0.03


Tree=2
num_leaves=31
num_cat=0
split_feature=16 16 18 9 87 19 17 88 18 16 5 18 14 9 14 88 3 26 87 18 78 78 62 14 3 18 3 6 61 6
split_gain=36445.4 11012.8 5500.42 3998.9 3567.92 2021.26 1932.96 1814.27 1798.11 1490.37 1477.08 1241.7 956.887 910.599 869.229 836.951 772.541 712.123 704.164 656.241 599.108 663.036 571.684 588.055 588.883 528.265 490.332 460.167 457.654 417.73
threshold=1.0000000180025095e-35 0.46720869839191442 1.0000000180025095e-35 0.2484906688332558 0.021256404928863052 0.49501426517963415 1.0000000180025095e-35 0.025800288654863838 0.58756005764007579 0.22396993637084964 1.1612396836280825 0.70072525739669811 0.22396993637084964 0.44998097419738775 0.37446653842926031 0.023474368266761306 0.016585627570748333 0.31061333417892462 0.23849068582057956 0.70072525739669811 0.02187081798911095 -0.015830240212380883 0.19697608798742297 0.81924167275428783 0.024718832224607471 0.70072525739669811 0.052106203511357314 0.22867494821548465 0.17017634212970736 0.36237432062625891
decision_type=2 2 2 2 2 2 2 2 2 2 2 2 2 2 2 2 2 2 2 2 2 2 2 2 2 2 2 2 2 2
left_child=2 4 10 5 7 15 8 -2 17 26 20 12 27 22 25 -3 -5 -4 -12 29 21 -1 23 24 -11 -6 -9 -8 -19 -17
right_child=1 3 6 16 14 -7 11 9 -10 13 18 -13 -14 -15 -16 19 -18 28 -20 -21 -22 -23 -24 -25 -26 -27 -28 -29 -30 -31
leaf_value=-0.014789789149662579 0.025255189448062706 0.026729372929245036 -0.014381473342308954 0.039835963522266045 -0.0026920550381410962 0.025022378658554459 -0.0060158080697387565 0.0045412601487024532 -0.029521823716988433 0.0098942551677509739 -0.019461476184932401 -0.020008645277002902 -0.00096896474112415998 0.025349464628968942 0.0030441905048735718 0.019986751507290845 0.022512099184228775 -0.0056039885946437724 -0.041240993053502657 0.006103369382396126 -0.010239771702048628 -0.030726514174680811 0.019062508108826766 0.021150277528990596 0.004303952741102084 -0.010177015847907516 -0.001184309105959243 -0.012175150793224968 0.041006410493923333 0.0097910569155059638
leaf_weight=4010.2654576830973 4278.5164240272716 2747.2926643958781 30604.200024201651 7320.5234962995164 41396.705620260909 11751.554722719942 29853.009020388941 25766.716787270503 6303.9206039058627 26750.445884137414 1720.3371969158761 5964.638901700615 24593.796441105194 2624.1664465796202 20665.479124353733 6616.9375301306136 3420.4092171308585 8248.7498244779999 6171.6861250220099 20689.214236999745 3904.6170429065533 5720.3717016265728 3606.1364380270243 2495.7807032354176 46368.72989582899 10673.309276316315 28178.783683281159 17227.498169599683 190.06718909740448 8011.3989110526163
leaf_count=42867 26078 17983 321781 14575 377703 58607 232939 72714 83380 99642 13290 82966 192099 5391 144457 30070 12402 93790 93181 159177 41113 58559 876 5414 253884 131029 136671 211303 40 49948
internal_value=0 0.00644173 -0.0121851 0.0177291 0.00322941 0.0141472 -0.00973571 0.0060286 -0.014657 0.00542205 -0.0261736 -0.00686067 -0.00576539 0.00797358 -0.00216106 0.0107874 0.0343301 -0.012254 -0.0365062 0.00954425 -0.0201838 -0.0241678 0.0073967 0.00683931 0.00634964 -0.00422707 0.00155052 -0.00827055 -0.00453472 0.0144075
internal_weight=417875 273362 144513 60557.3 212805 49816.4 122986 140069 45346.9 135791 21527.3 77638.9 71674.3 81845.3 72735.5 38064.8 10740.9 39043 7892.02 35317.6 13635.3 9730.64 79221.1 75615 73119.2 52070 53945.5 47080.5 8438.82 14628.3
internal_count=3063929 1596621 1467308 342762 1253859 315785 1218298 600670 498991 574592 249010 719307 636341 365207 653189 257178 26977 415611 106471 239195 142539 101426 359816 358940 353526 508732 209385 444242 93830 80018
is_linear=0
shrinkage=0.03


Tree=3
num_leaves=31
num_cat=0
split_feature=87 86 17 16 87 24 14 86 88 11 26 26 26 61 87 15 70 6 6 6 15 16 58 7 6 88 7 7 15 30
split_gain=31257 9932.14 6974.85 4937.2 2256.75 2229.97 1776.84 1743.39 1069.81 1034.38 866.446 860.545 705.091 695.635 689.341 595.505 574.528 566.938 538.131 529.885 525 505.998 456.485 400.588 382.548 382.275 358.818 757.711 354.613 345.007
threshold=0.031655387952923782 0.025333665311336521 1.0000000180025095e-35 0.31061333417892462 0.33427049219608312 0.37446653842926031 0.31061333417892462 0.012389151379466059 0.33291116356849676 1.0000000180025095e-35 0.22396993637084964 1.0000000180025095e-35 0.22396993637084964 0.11573373526334764 0.20497034490108493 0.46720869839191442 1.3163039088249209 0.22867494821548465 0.35213264822959905 0.014005722478032114 1.0000000180025095e-35 0.53458327054977428 1.0000000180025095e-35 0.21943476051092151 0.29371857643127447 0.24494561553001407 0.25624972581863409 0.24966152012348178 0.50316895544528972 0.63123199343681347
decision_type=2 2 2 2 2 2 2 2 2 2 2 2 2 2 2 2 2 2 2 2 2 2 2 2 2 2 2 2 2 2
left_child=1 7 4 10 8 15 17 -1 14 -7 20 16 22 24 25 18 -6 19 26 -4 -3 -11 -10 -19 29 -2 27 -5 -9 -12
right_child=2 3 6 5 11 9 -8 28 12 21 13 -13 -14 -15 -16 -17 -18 23 -20 -21 -22 -23 -24 -25 -26 -27 -28 -29 -30 -31
leaf_value=0.039267357850946503 -0.022505891195901056 -0.0040671409967345295 -0.013855817712115521 0.0099608703997113805 -0.039586752525194953 0.0087838405264030073 0.0001525804029746552 0.018558856889042061 -0.017397780796416247 0.01892216696650096 0.0049378138265413268 -0.019730020964743522 -0.0040177368406853512 0.017869076020601254 -0.033526101548736011 0.020935462662586491 -0.014404692024829418 -0.016094293139087473 0.0047199753970731187 -0.0042808461848673433 0.0014528258098748367 0.030480471381279288 -0.0060936385747759943 -0.0089035963255750163 0.00015994706745062217 -0.013030188314911777 0.0058650897613242142 0.025923770120735771 0.032622782680099965 0.031237795819903227
leaf_weight=7153.3940978233004 8542.8445446439 32111.014669736149 6116.1957259536721 19842.418539042585 6469.261626584339 6510.5155350926798 34079.665778957191 10672.171865575248 13741.92717390279 9390.7897803592496 26980.787587966304 4497.6590270556044 7954.354088353808 2982.598594635725 3212.2746603016276 2970.696838461794 940.54372475668788 9746.6122686601011 37398.393803661573 34746.993790169363 29981.567211798625 5389.4752800269052 4206.0593031528988 24608.175490272522 23482.235353431897 6996.4929121836321 12932.942901424598 3093.0054564978927 1910.1905786304269 452.7491301279515
leaf_count=28477 107273 204776 72232 101912 111426 29727 294601 61357 169640 21818 100671 60173 92049 761 40187 17815 1452 136527 260963 304844 107208 12509 54022 343297 134998 87486 86367 7614 11204 543
internal_value=0 0.00707942 -0.00995603 0.00519704 -0.0185077 0.0101719 -0.00553 0.0274393 -0.0154105 0.0187556 0.00101383 -0.0301128 -0.0114561 0.00379671 -0.020869 0.00777376 -0.0364004 -0.00810459 0.00723893 -0.00571531 -0.00140182 0.0231442 -0.0147509 -0.0109454 0.00297093 -0.0182443 0.00986439 0.0121179 0.020704 0.00537651
internal_weight=399114 233255 165859 213519 56561.4 97528.2 109298 19735.8 44654 21290.8 115991 11907.5 25902.3 53898.4 18751.6 76237.5 7409.81 75218 73266.8 40863.2 62092.6 14780.3 17948 34354.8 50915.8 15539.3 35868.4 22935.4 12582.4 27433.5
internal_count=3063929 1188720 1875209 1087682 723708 538725 1151501 101038 550657 64054 548957 173051 315711 236973 234946 474671 112878 856900 456856 377076 311984 34327 223662 479824 236212 194759 195893 109526 72561 101214
is_linear=0
shrinkage=0.03


Tree=4
num_leaves=31
num_cat=0
split_feature=16 15 26 85 9 85 9 16 88 13 4 85 13 85 62 22 5 6 16 6 16 69 7 9 13 7 70 19 5 9
split_gain=27676.4 9360.27 3593.93 2993.67 2277.63 2214.29 2001.88 1252.36 1172.01 1070.18 1021.01 879.329 853.683 640.79 625.969 615.204 540.344 536.589 518.689 492.371 573.553 472.656 419.048 418.333 411.498 402.066 394.607 390.281 385.538 382.706
threshold=1.0000000180025095e-35 0.31061333417892462 1.0000000180025095e-35 0.022902389056980613 0.2484906688332558 0.46098889410495764 0.42766661942005163 0.58756005764007579 0.021251542493700985 0.22396993637084964 0.20707555115222934 0.1839721500873566 0.46720869839191442 0.20846166461706164 0.19697608798742297 1.0000000180025095e-35 0.79998427629470836 0.073521606624126448 0.22396993637084964 0.44168746471405035 0.31061333417892462 0.89443477988243114 -0.39434722065925593 0.82702690362930309 0.53458327054977428 0.58516743779182445 1.3414350748062136 0.51129707694053661 1.0938583016395571 1.0000000180025095e-35
decision_type=2 2 2 2 2 2 2 2 2 2 2 2 2 2 2 2 2 2 2 2 2 2 2 2 2 2 2 2 2 2
left_child=2 3 5 6 7 11 8 27 -2 19 13 -1 14 -4 18 -7 -12 -16 -10 20 -5 -18 -13 -6 -11 26 -24 -3 -28 -15
right_child=1 4 10 9 23 15 -8 -9 12 24 16 22 -14 29 17 -17 21 -19 -20 -21 -22 -23 25 -25 -26 -27 28 -29 -30 -31
leaf_value=-0.011736610507135424 0.024373111005759923 0.0091925585568625474 -0.0089223331985102544 -0.0035722835197232422 0.029633156045526413 -0.038503708157183951 0.027591417205773117 0.024199735081210948 0.0013798193833547349 0.0034430345096569817 -0.001678740051311282 -0.0096755911007139119 0.01921409381400371 -0.016638981498937052 -0.010733140496123171 -0.016718022336520883 -0.0085101271467406311 0.018097935277849621 0.0059007689994121978 -0.011470207488971804 0.0023354739464182166 0.012866497422866397 -0.026170832707370487 0.045712124972278861 0.015784522298149993 -0.0036864442861796712 0.0056622620052061787 0.018210648658053993 -0.021262922403767159 -0.036756332838162827
leaf_weight=28273.261005965833 2981.3564864727668 16261.989918438718 18429.680761284602 46995.276347843115 5513.6566943682265 5120.5653551981231 3935.8897851677611 10443.707066556206 35929.177734411787 22650.359583921032 25847.594112002524 2747.6382866877539 3833.1969269774854 7024.0606246349053 657.18425661325455 1523.414550700516 26048.800196078781 4845.620843321085 62717.041657207999 4990.3445348876994 21577.310105496203 961.81126553565264 10962.511244894064 2009.7192621082067 2720.9618564685807 953.99740338942502 728.92462725192308 5891.1680677213008 1380.7579036876559 969.54855758021586
leaf_count=313596 21282 79249 156845 465690 15964 78115 9041 66274 144236 143100 250690 43871 8575 74024 229 20740 333048 1244 309087 68877 228021 650 168677 2510 8735 13790 638 24507 2179 10445
internal_value=0 0.00577695 -0.0112013 0.00328197 0.0190729 -0.0173557 0.0065757 0.0156352 0.00582926 -0.000543343 -0.00718786 -0.0149684 0.00531635 -0.0120029 0.00480408 -0.0335222 -0.00478005 0.0146486 0.00425431 -0.00237577 -0.00171323 -0.00774698 -0.0204115 0.0339509 0.00476906 -0.0225109 -0.0238828 0.0115938 -0.0119647 -0.0190968
internal_weight=384927 253954 130973 213834 40120.2 51691.1 114899 32596.9 110964 98934.3 79281.5 45047.1 107982 26423.3 104149 6643.98 52858.2 5502.81 98646.2 73562.9 68572.6 27010.6 16773.8 7523.38 25371.3 14026.2 13072.2 22153.2 2109.68 7993.61
internal_count=3063929 1596621 1467308 1408117 188504 641606 493694 170030 484653 914423 825702 542751 463371 241314 454796 98855 584388 1473 453323 762588 693711 333698 229155 18474 151835 185284 171494 103756 2817 84469
is_linear=0
shrinkage=0.03


Tree=5
num_leaves=31
num_cat=0
split_feature=87 15 17 17 88 87 14 25 88 88 8 14 20 8 14 87 14 68 39 27 57 14 77 66 36 88 65 88 79 88
split_gain=24986.1 7551.78 5612.72 1959.21 1851.49 1802.78 1401.43 1323.5 904.77 825.202 796.698 790.97 764.319 651.042 635.995 543.082 538.739 457.939 432.371 416.751 412.253 367.875 363.866 357.949 329.601 324.694 315.568 313.683 312.909 306.181
threshold=0.033828781917691238 0.31061333417892462 1.0000000180025095e-35 0.37446653842926031 0.023474368266761306 0.33427049219608312 0.31061333417892462 0.37446653842926031 0.33291116356849676 0.031595343723893173 1.0000000180025095e-35 0.71544814109802257 0.58523899316787731 1.0000000180025095e-35 0.22396993637084964 0.20159892737865451 1.0000000180025095e-35 1.6660038828849795 1.0000000180025095e-35 0.81692621111869823 0.66838845610618602 0.37446653842926031 -0.7053525149822234 0.59090533852577221 0.14931328594684604 0.01177670666947961 1.0854839086532595 0.05663623288273812 0.010852317791432144 0.24494561553001407
decision_type=2 2 2 2 2 2 2 2 2 2 2 2 2 2 2 2 2 2 2 2 2 2 2 2 2 2 2 2 2 2
left_child=1 3 5 13 25 8 22 9 15 -5 11 -9 20 21 17 29 -10 18 -7 -14 -6 23 -4 27 -18 -3 -19 -1 -11 -2
right_child=2 4 6 7 12 14 -8 10 16 28 -12 -13 19 -15 -16 -17 24 26 -20 -21 -22 -23 -24 -25 -26 -27 -28 -29 -30 -31
leaf_value=0.00678850760492275 -0.021561131975381821 0.043097742775114883 -0.0052786170178365155 0.015209635112240865 0.016056669002088891 -0.037335809321333839 -3.5820077843139648e-05 0.0062563758106583293 -0.015285594368342661 0.0046160289424789364 0.023431488623485042 0.02083578888128397 0.018700349274422337 0.0049569883897406988 -0.012099393570516204 -0.031596579005128134 -0.012126755659878514 0.013377654409596164 -0.018802253100372968 0.032198027530896331 0.00770547044183923 0.0036467158051729388 -0.0097280359551001304 0.008833058738335859 -0.0019713180340547808 0.028395806152155943 -0.024486817628860867 -0.0040428644163805422 -0.0006848174639876441 -0.012636029818725195
leaf_weight=2556.0007055064198 7564.8735804265452 2213.9064045770792 30129.615448098833 6207.3708819884923 12001.336747439578 6542.2202033997601 31339.966257492779 13731.842361386167 12327.496112684137 71466.484105123731 4916.7892972482368 4428.8073965935037 8411.3990773512051 17921.599766151048 1768.7928099731216 2976.2587735856359 5015.7370433570468 305.96826713532209 1387.1162703959853 2742.1191156450659 9582.7935776754748 9763.2665606248192 36745.458167912409 2265.5504078865051 6743.5218677606899 3612.420720393071 546.87084408849478 40136.717530914466 11654.266822329897 6426.2768634849344
leaf_count=17735 105721 9061 367083 48618 49646 122536 284346 68692 175730 468435 11680 12392 45383 43125 23827 43061 60873 329 25385 6580 51057 45162 459537 1047 78954 23194 974 228218 99913 85635
internal_value=0 0.00635183 -0.00948027 0.00383481 0.0184279 -0.0174906 -0.00527083 0.00631629 -0.0146452 0.00466124 0.0127205 0.00981589 0.015651 -5.01585e-06 -0.028552 -0.0199525 -0.0109037 -0.0318582 -0.0341053 0.0220295 0.0123513 -0.00163042 -0.00772392 -0.00277675 -0.006306 0.0340088 -0.0108981 -0.00339371 0.00387275 -0.0174668
internal_weight=373433 223613 149820 185049 38564 51605.1 98215 112406 41054.2 89328.1 23077.4 18160.6 32737.6 72643.1 10551 16967.4 24086.8 8782.18 7929.34 11153.5 21584.1 54721.5 66875.1 44958.3 11759.3 5826.33 852.839 42692.7 83120.8 13991.2
internal_count=3063929 1229938 1833991 1045017 184921 723025 1110966 709730 549974 616966 92764 81084 152666 335287 173051 234417 315557 149224 147921 51963 100703 292162 826620 247000 139827 32255 1303 245953 568348 191356
is_linear=0
shrinkage=0.03


Tree=6
num_leaves=31
num_cat=0
split_feature=15 17 86 12 18 14 20 85 86 18 67 26 15 85 26 14 18 60 7 6 17 18 86 6 28 66 60 6 7 17
split_gain=22403 7936.62 6522.99 1993.55 1609.93 1552.3 1502.5 1272.21 1152.55 1096.47 923.169 747.496 666.245 640.196 505.383 485.479 469.658 414.744 369.765 368.475 360.125 359.562 353.832 343.806 334.861 349.498 429.045 328.894 320.061 310.929
threshold=1.0000000180025095e-35 1.0000000180025095e-35 0.025333665311336521 0.37446653842926031 1.0000000180025095e-35 0.31061333417892462 0.40690016746521002 0.050188612192869193 0.0087381042540073412 0.58756005764007579 0.48558108508586889 1.0000000180025095e-35 0.42514967918396002 0.46098889410495764 0.31061333417892462 0.56247621774673473 0.70072525739669811 0.0021734558977186684 -0.39876551926136011 0.22867494821548465 0.42514967918396002 0.68507987260818493 0.10182534903287889 0.35126896202564245 0.14931328594684604 0.053979724645614631 0.02695240639150143 0.30833633244037634 -0.57484117150306691 0.22396993637084964
decision_type=2 2 2 2 2 2 2 2 2 2 2 2 2 2 2 2 2 2 2 2 2 2 2 2 2 2 2 2 2 2
left_child=1 4 8 6 11 7 10 23 -2 14 20 13 -8 24 18 27 29 -16 19 -6 22 -22 -4 -3 -1 -26 -27 -7 -13 -9
right_child=2 5 3 -5 9 15 12 16 -10 -11 -12 28 -14 -15 17 -17 -18 -19 -20 -21 21 -23 -24 -25 25 26 -28 -29 -30 -31
leaf_value=-0.02681596748307221 0.039428874883725894 0.00083304212346393513 0.0071941074585968783 0.022330301340062662 -0.002473494453276783 0.0031598950085281936 0.0083913921958370646 -0.0093262924239201454 0.021626657016098932 -0.026161827109122876 0.014878593530288945 -0.038922515856171243 0.018453784398624173 -0.037414683124733131 -0.0050600453657021977 0.0078328687274108605 -0.014560122284686852 0.036442804710512075 -0.014533966617358091 -0.028190091639841805 0.0070864161003979867 0.00091106577176845076 -0.00092679346158160646 -0.0049152691607928936 -0.020379095058636641 0.022804722951445724 -0.036895935384033615 -0.0026306410557398372 -0.014062585400862991 -0.0048314497612611607
leaf_weight=4601.375391708847 4485.9731590324081 31277.679511201684 5648.0269062281586 6845.6986230602488 4423.8764281415788 17234.650072832592 43990.818507724267 22380.888081597048 12203.597657451697 4695.6952167922864 5596.7581398189068 500.79760422348045 6845.3995813778602 4369.3105452105374 7297.5410903729207 9499.9376882989891 7407.0368357829284 219.3469750136137 19946.588162418455 561.80126557056792 19965.063853920437 14762.109963740921 33143.603003761498 13360.966404774168 1264.0401150596153 428.08695925027132 140.68272370100021 18089.708700802992 6408.542948979768 36404.964476651337
leaf_count=67713 16555 230493 22615 17631 70086 104326 243832 241428 78362 83380 1546 7953 36569 76641 93781 59728 121542 49 242961 8734 100858 110435 171388 162575 21236 297 242 179783 74928 416262
internal_value=0 -0.00635501 0.00871608 0.00655539 -0.0161667 -0.00289672 0.00572369 -0.00480193 0.0264203 -0.0126151 0.00313756 -0.0236099 0.00974779 -0.0285412 -0.0106516 0.00181397 -0.0074413 -0.00382963 -0.0127073 -0.0053925 0.00224293 0.00446188 0.000256106 -0.000887693 -0.0224952 -0.0116104 0.00787562 0.000194455 -0.0158866 -0.00654332
internal_weight=364001 210514 153487 136797 54857.7 155656 129952 110832 16689.6 37144.8 79115.6 17712.8 50836.2 10803.5 32449.2 44824.3 66192.9 7516.89 24932.3 4985.68 73518.8 34727.2 38791.6 44638.6 6434.19 1832.81 568.77 35324.4 6909.34 58785.9
internal_count=3063929 2264138 799791 704874 748001 1516137 687243 1172300 94917 498991 406842 249010 280401 166129 415611 343837 779232 93830 321781 78820 405296 211293 194003 393068 89488 21775 539 284109 82881 657690
is_linear=0
shrinkage=0.03


Tree=7
num_leaves=31
num_cat=0
split_feature=16 16 18 85 9 9 14 15 13 18 14 85 3 16 61 85 61 7 7 15 18 28 66 19 61 6 3 7 6 16
split_gain=21102.8 7408.62 3552.88 2285.06 2209.35 1405.69 1273.94 961.83 943.428 657.644 633.144 620.191 600.937 587.914 572.871 547.46 461.16 424.733 565.551 403.542 384.983 378.278 365.073 361.298 342.266 336.744 324.435 316.255 316.107 324.149
threshold=1.0000000180025095e-35 0.50316895544528972 1.0000000180025095e-35 0.023965303786098961 0.17917595058679583 0.34011973440647131 0.22396993637084964 0.53458327054977428 0.31061333417892462 0.68507987260818493 1.0000000180025095e-35 0.46098889410495764 0.021575570106506351 0.31061333417892462 0.1658267676830292 0.1839721500873566 0.11573373526334764 -0.39876551926136011 0.27240583300590521 0.22396993637084964 0.70072525739669811 0.14931328594684604 0.053979724645614631 0.48623421788215643 0.14949958026409152 0.21003168076276782 0.052106203511357314 0.0088888886384665983 0.48132444918155676 0.22396993637084964
decision_type=2 2 2 2 2 2 2 2 2 2 2 2 2 2 2 2 2 2 2 2 2 2 2 2 2 2 2 2 2 2
left_child=2 3 10 5 7 13 9 19 28 15 11 21 -6 16 20 -4 26 25 -19 -3 -8 -1 -23 -15 -24 -17 -2 -21 29 -5
right_child=1 4 6 8 12 -7 14 -9 -10 -11 -12 -13 -14 23 -16 17 -18 18 -20 27 -22 22 24 -25 -26 -27 -28 -29 -30 -31
leaf_value=-0.026325951067623459 0.0043332985851259331 0.0065093837531954735 -0.0076446012581464252 -0.0039878507225396351 0.035449168394616114 0.021120548069541643 -0.0031272113992488163 0.02812333007394471 0.0063164991137124931 -0.020375948088079649 -0.015358669778127764 -0.036357918578740711 0.019298844542520056 0.006480427111868082 0.018361149574574503 -0.0028184582060966227 0.013787915718275543 -0.020085652511148515 -0.0085585401019175229 0.030694890829386565 -0.016076631914751133 -0.019555173939142537 0.023651507257918741 0.014587545467024697 -0.022050834892453075 -0.026859249156844268 -0.00021412116111885334 0.013023224362152199 -0.013076462108450308 0.0001132636073683811
leaf_weight=4535.5535254293936 32251.451002903341 10268.463757032412 42731.249509543908 34223.756359313265 5975.5901886895299 5032.4325165180489 29707.882829400129 3407.9972362652188 13687.789899915457 5546.2461828191299 6224.2919561684248 4230.2825060113682 3204.7342308927327 38810.711670577875 1058.7478943318129 4296.8691187049262 3350.2044568359852 10392.179048571066 6083.2870562671451 963.44404588453472 2217.3815814475529 1319.780605951848 423.74263128638268 5671.9636313458905 221.28376947343349 593.60429577040486 25110.338752521668 16655.385244851117 2355.3932895706967 35161.848006173619
leaf_count=70662 125645 98011 476367 353227 17737 14099 307507 20860 69891 94559 75834 78801 15561 199030 440 62896 941 127339 101914 4741 37575 23162 239 22606 312 9701 127166 111536 35724 379846
internal_value=0 0.00519991 -0.0102678 0.0027828 0.0168825 0.00563691 -0.00816526 0.0130831 -0.000899842 -0.0104655 -0.0229889 -0.027407 0.0298226 0.00489536 -0.0033077 -0.00960664 0.0029752 -0.0135283 -0.0158328 0.0112412 -0.00402866 -0.0215625 -0.0105331 0.00751548 0.00792658 -0.00575701 0.00234269 0.0139966 -0.00227702 -0.00190962
internal_weight=355714 236132 119582 195656 40475.6 110227 102627 31295.3 85428.8 69643.4 16954.9 10730.6 9180.32 105195 32984 64097.2 60712 21365.9 16475.5 27887.3 31925.3 6500.36 1964.81 44482.7 645.026 4890.47 57361.8 17618.8 71741 69385.6
internal_count=3063929 1596621 1467308 1328175 268446 489487 1218298 235148 838688 872776 249010 173176 33298 475388 345522 778217 253752 301850 229253 214288 345082 94375 23713 221636 551 72597 252811 116277 768797 733073
is_linear=0
shrinkage=0.03


Tree=8
num_leaves=31
num_cat=0
split_feature=87 86 17 16 9 18 86 25 26 18 12 3 64 87 19 7 26 13 17 3 9 87 64 7 83 25 7 15 14 36
split_gain=19528.4 6723.41 4365.29 3343.88 1481.16 1463.85 1204.39 1133.01 947.04 833.58 747.08 700.381 578.866 558.717 479.121 470.041 454.655 443.41 437.564 421.686 403.119 372.132 357.126 354.317 347.108 323.732 285.861 281.245 277.52 276.794
threshold=0.033828781917691238 0.025333665311336521 1.0000000180025095e-35 0.42514967918396002 0.2484906688332558 1.0000000180025095e-35 0.012389151379466059 0.22396993637084964 0.22396993637084964 0.56247621774673473 0.37446653842926031 0.050006855279207237 0.23590825498104098 0.50066190958023082 0.52258238196372997 -0.4054999947547912 0.31061333417892462 0.53458327054977428 0.31061333417892462 0.016585627570748333 0.40253517031669622 0.049841184169054038 0.17456789314746859 -0.39876551926136011 -0.016863464377820488 0.66838845610618602 0.23416005820035937 1.0000000180025095e-35 1.0000000180025095e-35 0.65692242980003368
decision_type=2 2 2 2 2 2 2 2 2 2 2 2 2 2 2 2 2 2 2 2 2 2 2 2 2 2 2 2 2 2
left_child=1 6 5 8 10 13 -1 15 11 16 14 -3 17 24 -5 -4 23 19 -13 20 -10 -17 -18 -7 -2 -6 29 -14 -26 -23
right_child=2 3 7 4 25 9 -8 -9 12 -11 -12 18 27 -15 -16 21 22 -19 -20 -21 -22 26 -24 -25 28 -27 -28 -29 -30 -31
leaf_value=0.034831400723831778 -0.010429018153501227 0.0028364916026248064 -0.0003191185395421704 0.0064754507068736844 0.017378821192505219 -0.0055894875083994057 0.018036359148337445 0.00063053806919015885 0.0057625997938159377 -0.023718736871692743 0.02223057433168911 -0.0068464007374539138 0.0060088196269033117 -0.034258550926832977 0.016010682368855989 -0.0040464864636089552 -0.0050219330972984862 0.015791959438544143 -0.00043267285666690039 0.0017367680487360773 0.022033093296472739 -0.010262580042761892 0.036254831152736748 -0.014889821079995669 -0.02768159189250757 0.031089577880639426 -0.007336104039004661 0.021616561046197268 -0.016207688793229411 -0.019413944702450489
leaf_weight=5949.9702365673147 2349.7169223862002 28410.522147935117 8560.90437195103 35061.660993610567 3008.4217691305093 4788.5648373281001 10904.748578114144 24536.796108548238 14743.514887538273 5143.1471818159916 3488.9749855082482 17661.723405957222 1825.4981349110603 3655.99494087723 5485.0587483324343 16729.519916576312 6657.6330850317609 2552.6641025673598 20903.364103175001 51620.910618707305 1508.1638009361923 12998.433849545661 190.16172349452972 16140.935483018839 5268.4227906169763 3248.1878773011267 25720.612303972011 2423.6799968183041 3004.7973917905474 3867.474664299516
leaf_count=28477 35674 138068 100122 267346 13694 75853 72561 247864 50003 96623 8742 106819 737 69630 31164 208039 88684 6812 169646 324459 3742 159678 57 223368 91282 7157 328148 511 41854 67115
internal_value=0 0.00580775 -0.00868564 0.00421219 0.0108573 -0.0161081 0.0239724 -0.00489411 0.00185262 -0.0126256 0.0089149 -0.000737465 0.00417565 -0.024131 0.00776692 -0.00689119 -0.0105684 0.00352624 -0.0033705 0.00306396 0.00727784 -0.00783956 -0.00385453 -0.0127636 -0.0206335 0.0245129 -0.00932899 0.0149243 -0.0235247 -0.0123654
internal_weight=348410 208797 139613 191942 50292.3 47199.4 16854.7 92413.7 141650 32920.4 44035.7 66975.6 74674.4 14278.9 40546.7 67876.9 27777.3 70425.3 38565.1 67872.6 16251.7 59316 6847.79 20929.5 10622.9 6256.61 42586.5 4249.18 8273.22 16865.9
internal_count=3063929 1229938 1833991 1128900 328103 723025 101038 1110966 800797 484585 307252 414533 386264 238440 298510 863102 387962 385016 276465 378204 53745 762980 88741 299221 168810 20851 554941 1248 133136 226793
is_linear=0
shrinkage=0.03


Tree=9
num_leaves=31
num_cat=0
split_feature=16 17 86 16 5 85 13 3 25 85 14 9 7 86 18 15 86 18 18 22 36 60 62 6 14 18 6 7 85 15
split_gain=18185.8 5870.21 4991.47 2235.05 1670.5 1339.79 991.691 915.289 846.74 818.356 752.638 681.852 587.803 581.982 501.461 451.725 424.708 409.762 364.555 358.369 342.815 339.454 327.276 317.002 289.185 283.232 278.067 265.73 310.906 262.165
threshold=0.22396993637084964 1.0000000180025095e-35 0.019798989407718185 0.53458327054977428 1.0881147384643557 0.02543983701616526 0.50316895544528972 0.025830680504441265 0.63123199343681347 0.26382766664028173 0.22396993637084964 0.40253517031669622 -0.57484117150306691 0.0087381042540073412 0.63123199343681347 0.46720869839191442 0.034527631476521499 0.70072525739669811 0.70072525739669811 1.0000000180025095e-35 0.20707555115222934 6.2940691350377178e-05 0.18975172936916354 0.48132444918155676 0.46720869839191442 0.56247621774673473 0.23669897019863131 -0.39876551926136011 0.20551018416881564 1.0000000180025095e-35
decision_type=2 2 2 2 2 2 2 2 2 2 2 2 2 2 2 2 2 2 2 2 2 2 2 2 2 2 2 2 2 2
left_child=1 4 13 6 12 16 7 11 15 25 17 -4 -1 -2 20 18 -3 26 -5 -11 27 -18 24 -12 -9 -6 -7 -14 -29 -24
right_child=2 5 3 8 9 10 -8 22 -10 19 23 -13 14 -15 -16 -17 21 -19 -20 -21 -22 -23 29 -25 -26 -27 -28 28 -30 -31
leaf_value=-0.033611599365598446 0.037103656211166 0.015211254631658415 0.0070017739978705295 0.015827688615874386 -0.014200435359491928 -0.0047672269454316204 0.016129612047817602 0.00086952009478556192 0.02530270154671457 -0.032235404454294972 -0.0013967560538407473 0.024937346696526499 -0.0035762469334334576 0.022328261534999675 -0.023890754922970846 0.021993517937632882 -0.0001402511381653733 -0.015682150292728639 0.0064090344817090703 -0.01766897309848876 -0.0058180545273214352 0.009254008531007378 0.0023778507277122125 -0.018955275091172095 0.0053935119694042541 -0.029368355414615275 -0.0093404345316091958 -0.0087420930692743218 -0.018534963344730159 0.022949499514020325
leaf_weight=986.29921087587718 3819.0872517363168 1905.5485446447856 29802.706820054096 5593.2873949920759 8461.7014377999003 32461.8061565971 6249.7910490147769 61416.246737377136 5103.9241887896787 6667.3948804562679 38367.324186060228 2035.3107717521489 2563.3158725180256 6549.4533396146726 2209.8734485021851 3151.8381715316791 37096.026138372952 4729.5059278992703 10943.331838054932 1993.1675351274316 14558.246648925473 3813.9697721004486 1040.4011460840702 944.36918203812093 16035.380005792249 1277.7146943969419 18973.775173350179 5219.4350819860192 6656.6083312328483 1201.2082698643208
leaf_count=17460 15653 11708 136327 37353 112954 306355 17884 558741 18467 126778 372646 5037 41115 45703 44289 20929 173316 87453 101978 38759 193062 1380 703 15495 94022 24974 294480 54545 94065 298
internal_value=0 -0.00622648 0.00768978 0.00622773 -0.0149699 -0.00302737 0.00450405 0.00385201 0.0144142 -0.0221808 -0.00500471 0.00815147 -0.0108462 0.0277832 -0.0101223 0.0115867 0.00138196 -0.00723304 0.0095981 -0.0288933 -0.00906973 0.000736269 0.00213396 -0.00182056 0.00180644 -0.016202 -0.00645489 -0.0123453 -0.0142358 0.0134248
internal_weight=341828 188886 152942 142573 50593.8 138292 117781 111531 24792.4 18400 95476.8 31838 32193.8 10368.5 31207.5 19688.5 42815.5 56165.1 16536.6 8660.56 28997.6 40910 79693.2 39311.7 77451.6 9739.42 51435.6 14439.4 11876 2241.61
internal_count=3063929 2010834 1053095 991739 748001 1262833 813012 795128 178727 303465 1076429 141364 444536 61356 427076 160260 186404 688288 139331 165537 382787 174696 653764 388141 652763 137928 600835 189725 148610 1001
is_linear=0
shrinkage=0.03


Tree=10
num_leaves=31
num_cat=0
split_feature=16 17 86 15 26 85 85 13 86 14 16 85 7 86 26 72 7 62 7 60 6 6 82 26 16 6 20 6 67 60
split_gain=16859.7 5362.64 4678.29 1879.57 1285.2 1225.27 891.818 847.795 811.561 721.18 690.987 629.155 424.129 407.204 368.129 394.705 349.638 338.485 338.466 376.272 327.407 322.511 300.322 288.499 287.678 256.893 245.985 242.016 232.443 255.402
threshold=0.22396993637084964 1.0000000180025095e-35 0.023513283580541614 0.31061333417892462 1.0000000180025095e-35 0.044168958440423019 0.46098889410495764 0.50316895544528972 0.012389151379466059 0.22396993637084964 0.53458327054977428 0.022902389056980613 -0.57484117150306691 0.028686613775789741 0.22396993637084964 -0.34108255803585047 -0.4054999947547912 0.19697608798742297 0.27240583300590521 0.015816920436918739 0.44168746471405035 0.23669897019863131 -0.21202038973569867 0.92530643939971935 0.42514967918396002 0.48072096705436712 0.41415111720561987 0.014005722478032114 0.96590664982795726 0.028526125475764278
decision_type=2 2 2 2 2 2 2 2 2 2 2 2 2 2 2 2 2 2 2 2 2 2 2 2 2 2 2 2 2 2
left_child=1 4 8 7 6 13 22 11 -2 21 -5 17 -6 -3 -15 -16 -14 26 19 -18 24 27 -1 -12 -13 -11 -4 -7 -24 -30
right_child=2 5 3 10 12 9 -8 -9 -10 25 23 20 16 14 15 -17 18 -19 -20 -21 -22 -23 28 -25 -26 -27 -28 -29 29 -31
leaf_value=-0.013640752544493862 0.033659390797451838 0.016842277792715531 0.0035304194484535494 0.0088129003556620643 -0.031909114282456706 -0.012392170514123587 -0.031570706782147996 0.016280230354967284 0.018424852329005405 -0.0016183595973594254 0.015868109625602096 0.00029001083142868848 -0.00145953183393135 -0.0018632594711712031 0.014635513826067252 0.0017867874557863589 -0.014593388933704902 0.017332633672889414 -0.00462187081987178 0.0041758245373906813 -0.0071734924855646831 -0.010758798680325964 -0.023022906048894596 0.027020736227061071 0.0057514276503974927 -0.018123525864615735 0.0075661284454267008 -0.0046043484545462967 0.0077619419412124965 -0.026126473300259363
leaf_weight=11488.412833761482 5268.902329044533 1353.422119697032 33023.186378784943 15094.245975180529 757.30410365317948 4179.2193697017501 4507.4548706630594 4917.2124592908658 7871.9909138020594 35068.401295438875 8479.4321538878139 32358.956263912609 4367.9145809778129 30750.480323811062 2452.3236188292503 17380.375890371739 13474.447170212487 2143.4487409293652 5698.8797142896801 1033.0308806076646 4029.1417622852605 18391.094839905447 7050.0818384430313 2786.9299555425532 11859.774997689063 865.87957386253402 23123.507432642218 25528.069835650851 486.02537804841995 334.59229783341289
leaf_count=173222 26827 8321 176964 73902 13864 58226 90797 14672 56487 349213 56095 328705 65962 173600 757 96020 179967 610 95230 840 61926 314203 127000 9766 122724 15231 124417 247262 547 572
internal_value=0 -0.00606648 0.00744126 0.00580999 -0.0145535 -0.00299523 -0.0195493 0.00410581 0.0245419 -0.00523402 0.0130136 0.00354327 -0.00984411 0.000627154 0.00019191 0.0033784 -0.00915887 0.00564063 -0.0108224 -0.0132558 0.00100903 -0.00763613 -0.0167441 0.0186359 0.00175529 -0.00201817 0.00519299 -0.00570161 -0.0212641 -0.00610971
internal_weight=336124 185167 150957 137816 49198.1 135969 23866.6 111455 13140.9 84032.7 26360.6 106538 25331.6 51936.6 50583.2 19832.7 24574.3 58290.1 20206.4 14507.5 48247.9 48098.4 19359.1 11266.4 44218.7 35934.3 56146.7 29707.3 7870.7 820.618
internal_count=3063929 2010834 1053095 969781 748001 1262833 392138 830018 83314 984135 139763 815346 355863 278698 270377 96777 341999 301991 276037 180807 513355 619691 301341 65861 451429 364444 301381 305488 128119 1119
is_linear=0
shrinkage=0.03


Tree=11
num_leaves=31
num_cat=0
split_feature=16 17 86 16 5 87 87 24 86 5 14 9 9 86 5 64 13 67 4 69 18 18 17 18 70 15 3 6 5 14
split_gain=15654.2 4963.59 4424.75 1833.87 1502.35 1351.28 978.17 859.444 755.147 724.418 606.046 491.054 441.372 383.761 376.358 372.836 375.359 358.215 349.159 349.709 346.416 335.935 334.179 284.935 264.8 259.061 249.949 258.727 246.834 246.819
threshold=0.22396993637084964 1.0000000180025095e-35 0.023513283580541614 0.50316895544528972 1.0881147384643557 0.025188324041664604 0.26445010304450994 0.42514967918396002 0.012389151379466059 0.2834331095218659 0.22396993637084964 0.47004804015159612 1.0000000180025095e-35 0.034527631476521499 0.14931328594684604 0.27832573652267462 0.50316895544528972 0.54021331667900097 0.20707555115222934 0.11435408517718317 0.70072525739669811 0.70072525739669811 0.37446653842926031 0.70072525739669811 1.3610217571258547 0.42514967918396002 0.17349133640527728 0.060185207054018981 0.86779105663299572 0.80962154269218456
decision_type=2 2 2 2 2 2 2 2 2 2 2 2 2 2 2 2 2 2 2 2 2 2 2 2 2 2 2 2 2 2
left_child=1 4 8 9 12 13 -6 21 -2 11 23 15 18 -3 -9 16 -4 -15 -1 28 22 -5 -11 -7 -8 -23 -19 -28 -20 -24
right_child=2 5 3 7 6 10 24 14 -10 20 -12 -13 -14 17 -16 -17 -18 26 19 -21 -22 25 29 -25 -26 -27 27 -29 -30 -31
leaf_value=-0.01312333042576746 0.033019507381609296 0.01379121940048147 0.0048741556979952291 0.014047669934807664 -0.016127004619407598 -0.0070263530036263188 -0.033722199782173938 0.029156804160139473 0.01813037433859328 -0.00072796570455317601 -0.0023517940732474081 0.024099930122429083 -0.01869748767232593 -0.00072279011483802934 0.014857383475554077 0.021502460855767236 0.017423793869367023 0.012132959697090327 -0.0032812697507014757 0.0097342338163491048 -0.0010408410175049199 0.0048440741166231281 0.0043323153831248693 -0.015414422653772651 -0.014836706773816514 0.015917000083750726 -0.032218416265684197 0.0026026165195557117 -0.010987892234603712 0.017529535029855461
leaf_weight=9923.3913493473083 5077.6964089149842 1901.2757966908393 22685.980808707885 8841.013329504407 11314.570642790699 41178.045202471141 5096.2925245387014 3176.3234495269135 7796.5999615947367 13097.467836548109 31560.920851927018 1586.3802253603935 4685.2124657043605 49470.274833819596 3497.9545774932485 1488.5149731934071 2366.5063901152462 3531.8022444248199 7346.9767196587345 1179.197233133018 20673.25698998943 12007.050427856157 43292.939049535664 3999.9424822841538 780.49201758950949 2257.9830729136011 209.10581436753273 1938.7385886013508 7630.3756515514979 1310.9446848230436
leaf_count=122951 26827 11850 83466 59780 174126 528702 127637 8050 56487 91965 343594 4119 66081 294957 15622 331 6393 1440 111862 1021 230506 116662 331570 81137 1702 17576 138 1015 142621 3741
internal_value=0 -0.00591112 0.00720264 0.00561405 -0.0141916 -0.00294266 -0.0212951 0.0121948 0.0240115 0.00377349 -0.00554216 0.00790334 -0.0102198 0.000553965 0.0216766 0.0069316 0.00606239 9.65661e-05 -0.008694 -0.00597063 0.00229097 0.00945248 0.00348475 -0.00777041 -0.0312266 0.00660107 0.00722952 -0.000838921 -0.00720968 0.00472183
internal_weight=330903 181747 149157 136282 47956.5 133790 17191.4 29780.3 12874.3 106502 76738.9 28127.4 30765.2 57051.2 6674.28 26541 25052.5 55149.9 26079.9 16156.5 78374.6 23106 57701.4 45178 5876.78 14265 5679.65 2147.84 14977.4 44603.9
internal_count=3063929 2010834 1053095 969781 748001 1262833 303465 217690 83314 752091 953433 94309 444536 309400 23672 90190 89859 297550 378455 255504 657782 194018 427276 609839 129339 134238 2593 1153 254483 335311
is_linear=0
shrinkage=0.03


Tree=12
num_leaves=31
num_cat=0
split_feature=16 15 18 86 86 16 5 5 16 9 67 14 86 4 7 77 36 18 17 18 69 19 78 18 17 21 4 69 18 77
split_gain=14584.7 5685.04 2686.32 1909.33 1419.64 1150.61 961.465 805.705 731.258 679.775 615.057 525.455 450.286 448.736 404.462 379.452 375.488 366.432 412.693 361.141 323.997 292.869 286.508 262.967 252.116 247.467 247.197 238.443 234.201 228.471
threshold=1.0000000180025095e-35 0.31061333417892462 1.0000000180025095e-35 0.031672205775976188 0.01524593820795417 0.31061333417892462 0.94867429137229931 1.1612396836280825 0.53458327054977428 0.48828019201755529 0.48558108508586889 0.68507987260818493 0.01524593820795417 0.20707555115222934 0.0088888886384665983 -0.68869811296463002 1.0000000180025095e-35 0.70072525739669811 0.22396993637084964 0.70072525739669811 0.13300668448209765 0.55233678221702587 -0.0030286395922303195 0.70072525739669811 1.0000000180025095e-35 0.37498413026332861 1.0061126947402956 0.11435408517718317 0.58756005764007579 -0.98853281140327443
decision_type=2 2 2 2 2 2 2 2 2 2 2 2 2 2 2 2 2 2 2 2 2 2 2 2 2 2 2 2 2 2
left_child=2 3 7 12 -3 10 13 16 -6 11 17 19 -2 -4 -10 -8 -1 18 -5 -7 -18 -16 -12 26 28 -19 27 -15 -17 -9
right_child=1 4 6 5 8 9 15 29 14 -11 22 -13 -14 23 21 24 20 25 -20 -21 -22 -23 -24 -25 -26 -27 -28 -29 -30 -31
leaf_value=-0.02286574674954216 0.02653485166031111 0.031376096469458957 -0.0084325431785104727 -0.0039612701018221733 0.0089247581442176132 0.0054183052249685074 -0.0072637086133377762 -0.0088686925730868515 0.036360818047061684 0.025349246974346172 -0.0052248968399673827 0.014647437044881136 0.011442973652778878 -0.0028091855560785084 0.013622974406127803 -0.014797562659582904 -0.014436738368462605 -0.014833501339668296 0.00086518965714270759 0.00059327460114102235 0.0029368208506604372 0.023375963035888233 0.01090416558262359 -0.012913723600745667 -0.010313224925005528 -0.003713887585414822 0.020310146949402547 0.0075538017380135693 -0.028154110228881556 -0.031887471083257665
leaf_weight=3775.1579575773794 2230.4318593237549 4586.6065612222301 16805.065187457803 20647.778741004411 15333.911291315279 37366.627061641309 18116.862531456165 425.42067497479729 1053.9264287892729 1412.4236305095255 1184.854767113924 4153.5944576007314 8834.5513715061825 30589.27500354551 8074.7664494781056 8774.7084639162058 4394.2095908214105 2297.0495445162524 69946.730152632692 22292.571690758632 1235.9218110889196 4245.6293095664587 5985.3083855211735 2041.5773854929721 13195.730280086398 8324.7478038127301 443.75029062642716 2133.9204948544502 1370.665971562732 4988.0995964079339
leaf_count=62840 15531 25508 183135 144093 78426 251315 258742 6946 4603 4019 936 15973 66499 381712 54399 141796 78548 30392 530150 238237 1151 25568 2793 39567 180889 108179 2843 1506 28108 99525
internal_value=0 0.00447075 -0.00899875 0.00241338 0.0158805 0.00164309 -0.00711671 -0.0208645 0.0134007 0.00479126 -0.000251489 0.0043346 0.014494 -0.00439963 0.0185279 -0.0105247 -0.015545 -0.000853147 -0.000234906 0.00361559 -0.0106227 0.0169907 0.00823682 -0.00247385 -0.013054 -0.0061237 -0.00182961 -0.00213242 -0.0166129 -0.0300873
internal_weight=326262 217972 108290 184677 33294.8 173612 93471.6 14818.8 28708.2 65225.2 108386 63812.8 11065 52013.6 13374.3 41458 9405.29 101216 90594.5 59659.2 5630.13 12320.4 7170.16 35208.5 23341.1 10621.8 33166.9 32723.2 10145.4 5413.52
internal_count=3063929 1596621 1467308 1408117 188504 1326087 1218298 249010 162996 509544 816543 505525 82030 608763 84570 609535 142539 812814 674243 489552 79699 79967 3729 425628 350793 138571 386061 383218 169904 106471
is_linear=0
shrinkage=0.03


Tree=13
num_leaves=31
num_cat=0
split_feature=16 16 87 9 3 5 19 13 5 9 3 79 78 78 22 13 15 18 87 61 17 9 14 18 85 27 12 9 3 63
split_gain=13539.1 5342.35 2536.72 2133.42 1127.28 1119.22 1020.01 942.81 817.379 643.758 621.056 449.258 421.543 616.041 420.228 343.771 342.418 341.695 325.556 313.101 297.99 295.598 277.891 262.497 243.386 233.504 232.268 229.764 229.653 208.307
threshold=1.0000000180025095e-35 0.42514967918396002 0.20159892737865451 0.17917595058679583 0.025830680504441265 1.1084876060485842 0.46715016663074499 0.37446653842926031 0.94641053676605236 1.0000000180025095e-35 0.021575570106506351 -0.0064675358589738599 0.026407526805996898 -0.025223406031727787 1.0000000180025095e-35 0.53458327054977428 0.58756005764007579 0.70072525739669811 0.081869672983884825 0.0015020980499684813 0.31061333417892462 0.42766661942005163 0.37446653842926031 0.65050083398818981 0.050188612192869193 1.0000000180025095e-35 0.42514967918396002 0.83943474292755138 0.025830680504441265 0.22706042230129245
decision_type=2 2 2 2 2 2 2 2 2 2 2 2 2 2 2 2 2 2 2 2 2 2 2 2 2 2 2 2 2 2
left_child=2 4 8 6 9 12 15 11 17 -2 27 19 13 -4 -7 28 -8 22 -10 20 -6 -11 29 -20 -21 -15 -12 -5 -3 -1
right_child=1 3 5 10 7 14 16 -9 18 21 26 -13 -14 25 -16 -17 -18 -19 23 24 -22 -23 -24 -25 -26 -27 -28 -29 -30 -31
leaf_value=-0.0047005410726891203 0.0035468483180567741 0.0099081433706230716 -0.0070266617783088297 0.025949781376650435 -0.0035151208692248037 -0.031561483378799153 0.015223604216516098 0.0082796468881208927 -0.0067712441574417194 0.01004127405752454 0.01094954344466725 -0.0041742942737509978 -0.0050327176891556847 -0.024927903241960491 -0.016670868219998424 0.019343463588673303 0.031410057354242113 -0.013536953534730972 -0.011009221867741016 0.01132319493481391 0.00093984797990923888 0.024296476586874619 0.0016078123703605755 -0.021689480831026911 -0.010188082898138039 -0.012548119907373525 0.026129932050601212 0.038509811169497803 0.0046699068670421028 0.007397887514415627
leaf_weight=31469.984749734314 33226.76020094048 10642.475564616616 4305.4073796278681 4940.6877847863361 18669.738686820405 5281.866909187258 9655.5483865017304 10640.289442542242 18733.607142598834 7871.0154623794369 3373.8204885798041 30170.36907787071 4466.7921993742057 4978.2600668788073 2544.9147966900782 1880.7399065389764 1341.9614928258816 2899.997337128676 16385.061865499039 3432.8551405370235 48891.751468338189 1571.371187934652 9540.2134578639234 2375.0016044266522 545.58375692367554 1913.3866638700711 1244.6442897375673 1823.4846779499203 25839.796319265908 1331.4016589298844
leaf_count=362992 144310 77867 69671 20478 162121 116853 62506 47101 226208 29666 21545 309187 70069 82581 51749 5927 9639 57868 255585 1758 457635 4655 97309 48068 600 27327 3340 2938 235348 1028
internal_value=0 0.00431639 -0.00876716 0.0118574 0.00136128 -0.0174671 0.00915597 -0.000215302 -0.00629626 0.00551224 0.0235641 -0.00110432 -0.0128321 -0.0159402 -0.0267313 0.0068455 0.0172099 -0.00358106 -0.00957169 0.000190465 -0.000291293 0.0124233 -0.00289785 -0.0123659 0.00836484 -0.0215007 0.0150606 0.0293571 0.00619903 -0.00420849
internal_weight=321989 215763 106226 60743.2 155020 23490.6 49360.5 112351 82735.3 42669.1 11382.6 101710 15663.8 11197.1 7826.78 38363 10997.5 45241.6 37493.7 71539.9 67561.5 9442.39 42341.6 18760.1 3978.44 6891.65 4618.46 6764.17 36482.3 32801.4
internal_count=3063929 1596621 1467308 439588 1157033 418250 391287 978402 1049058 178631 48301 931301 249648 179579 168602 319142 72145 519197 529861 622114 619756 34321 461329 303653 2358 109908 24885 23416 313215 364020
is_linear=0
shrinkage=0.03


Tree=14
num_leaves=31
num_cat=0
split_feature=16 17 86 16 5 87 87 9 86 24 12 26 7 87 18 86 66 6 14 9 7 7 62 15 6 67 70 21 14 3
split_gain=12994.1 4188.64 3868.64 1607.34 1235.34 1077.83 807.11 729.24 693.62 650.341 558.06 528.871 426.628 412.626 365.335 315.628 330.026 314.239 310.108 284.07 270.204 339.539 269.765 255.293 291.932 245.573 233.662 229.068 226.587 298.128
threshold=0.22396993637084964 1.0000000180025095e-35 0.025333665311336521 0.53458327054977428 1.0881147384643557 0.025188324041664604 0.26445010304450994 0.29957322776317602 0.012389151379466059 0.53458327054977428 0.31061333417892462 0.22396993637084964 -0.57484117150306691 0.021256404928863052 0.63123199343681347 0.028686613775789741 0.53876152634620678 0.23669897019863131 0.37446653842926031 1.0000000180025095e-35 0.37795858085155493 0.39143569767475134 0.19697608798742297 0.46720869839191442 0.37778031826019293 1.1111582517623904 1.3610217571258547 0.52258238196372997 0.42514967918396002 0.16936793178319934
decision_type=2 2 2 2 2 2 2 2 2 2 2 2 2 2 2 2 2 2 2 2 2 2 2 2 2 2 2 2 2 2
left_child=1 4 8 7 12 15 -6 10 -2 23 13 17 -1 22 18 -3 28 -7 19 -14 -13 -22 27 24 -5 -20 -8 -4 29 -17
right_child=2 5 3 9 6 11 26 -9 -10 -11 -12 20 14 -15 -16 16 -18 -19 25 -21 21 -23 -24 -25 -26 -27 -28 -29 -30 -31
leaf_value=-0.030559790314088058 0.031226180715816895 0.01519221746481573 0.0018998105610606381 0.012746477212462167 -0.015275426327884818 -0.0055819239982319215 -0.032048580949373115 0.014292678586656045 0.016943593012635857 0.024458424348375963 0.01157757559374461 -0.0040938092734003244 -0.0081629918462078326 -0.00041244632290444761 -0.021387751252916802 0.00071935589331242964 0.010928074568791978 -0.011331118956790294 -0.0012455539972449996 -0.018520186377094509 0.010349386672942695 -0.0019663052423320171 0.013842725798203986 0.01926835079095391 0.0043423948071406142 0.040306855263965442 -0.013631676927584706 0.0054931935253447221 0.0058864344717469881 -0.004297555370972787
leaf_weight=853.86918628186686 4716.7131832989398 1268.8274979538983 37210.157907570479 7993.5433887616964 10671.600428806909 23957.220378724625 4627.6907807280077 5472.4500534813851 8780.5904437852441 3515.6617289045826 6490.0272715531755 26387.699544057483 20558.707599991714 30308.029305932228 2014.2130423787894 29963.065782517195 2404.9153290241957 13326.920967463258 3208.5087320589228 2696.9791614615824 2902.9106051225681 6560.1008595509338 2321.5060311853886 2459.2616527316859 6970.5333804425318 129.31620728969574 726.64244703017175 27977.916687087156 4636.7847076752223 16542.084796471521
leaf_count=17460 26827 8309 224758 60856 174126 268684 127637 22948 67689 11846 20901 318299 300315 351837 44289 163773 1057 247010 44154 38288 27768 91672 785 17520 70719 30 1702 176409 25836 110425
internal_value=0 -0.00553283 0.00665388 0.00507457 -0.0133516 -0.00275282 -0.0200551 0.00362139 0.0219428 0.012691 0.00306096 -0.0051365 -0.00970279 0.0024954 -0.00907592 0.000427544 7.64927e-05 -0.00763804 -0.00814017 -0.0093673 -0.00253425 0.00181401 0.00380087 0.0103113 0.00883421 0.000409269 -0.0295621 0.00344236 -0.000434522 -0.0010653
internal_weight=317654 173438 144216 130719 45487.5 127951 16025.9 109780 13497.3 20939 104308 73134.9 29461.6 97817.6 28607.7 54815.7 53546.9 37284.1 26593.5 23255.7 35850.7 9463.01 67509.6 17423.3 14964.1 3337.82 5354.33 65188.1 51141.9 46505.2
internal_count=3063929 2010834 1053095 958579 748001 1262833 303465 797638 94516 160941 774690 953433 444536 753789 427076 309400 301091 515694 382787 338603 437739 119440 401952 149095 131575 44184 129339 401167 300034 274198
is_linear=0
shrinkage=0.03


Tree=15
num_leaves=31
num_cat=0
split_feature=16 17 86 16 87 87 9 86 13 85 26 26 9 26 13 61 18 70 86 67 6 85 7 19 64 86 19 7 18 7
split_gain=12218.4 3964.66 3660.28 1541.51 1167.37 1005.71 723.704 653.336 638.178 578.013 498.416 482.655 419.461 388.243 372.21 344.514 341.275 302.199 296.553 286.751 283.389 268.722 289.276 265.512 264.911 270.1 263.854 231.332 266.854 210.215
threshold=0.22396993637084964 1.0000000180025095e-35 0.025333665311336521 0.50316895544528972 0.33427049219608312 0.025188324041664604 0.2484906688332558 0.012389151379466059 0.50316895544528972 0.024881502613425258 0.22396993637084964 0.22396993637084964 0.47004804015159612 0.22396993637084964 0.56247621774673473 0.1658267676830292 0.58756005764007579 1.3163039088249209 0.034527631476521499 0.59665915369987499 0.23669897019863131 0.18646118044853213 -0.39434722065925593 0.49501426517963415 0.85555553436279308 0.44106309115886694 0.51129707694053661 0.37795858085155493 0.65050083398818981 0.27240583300590521
decision_type=2 2 2 2 2 2 2 2 2 2 2 2 2 2 2 2 2 2 2 2 2 2 2 2 2 2 2 2 2 2
left_child=1 4 7 8 11 18 14 -2 9 12 20 16 15 17 23 26 21 -6 -3 -20 -7 -1 -23 -5 25 -13 -4 -12 -29 -24
right_child=2 5 3 6 13 10 -8 -9 -10 -11 27 24 -14 -15 -16 -17 -18 -19 19 -21 -22 22 29 -25 -26 -27 -28 28 -30 -31
leaf_value=-0.0085232362672120997 0.030647039993760603 0.012375453836660137 0.0031723777451974191 0.0067559731214469863 -0.029434156223384505 -0.005514182548851684 0.023653262252477002 0.016628107563177726 0.013544714222448878 -6.6557669985316283e-05 -0.0039503361401356171 -0.0094279358133580442 0.020967420958292207 -0.010870843112879183 0.023581139143456057 0.018279839567940083 -0.024644945516806037 -0.0094956985515021221 -0.00075214282110503154 0.0066625142529290306 -0.011034308251614012 -0.006206977367359025 -0.020115153313036538 0.015057374220600127 0.022969086499557249 0.0008222171209796655 0.010534076643778419 0.0041220214469198189 -0.0080302879421757511 -0.010394206802773111
leaf_weight=10483.866315818828 4590.3823025968741 1794.3315185523243 48995.644811314647 18178.31385816267 5486.4485913379176 23743.456716837303 3655.2492324761115 8659.9387212729198 5129.2350365333259 40112.217114070896 25922.440434147953 7924.9384284582629 1377.8167643230408 1736.5212309546187 1539.8035284308717 1523.9763721525669 2125.9193207145436 787.8718222565949 47176.890787285054 5208.9011422693729 12944.608687215485 2648.3934466917126 7141.195829801145 4288.5281374383485 278.76907739043236 3265.073889590567 4810.1699473001063 7532.3278508733492 2069.7608962147497 2805.4497049358906
leaf_count=132577 26827 11850 277244 162513 140503 268684 14402 67689 15729 430131 318299 132058 4194 30960 4869 443 46845 1588 295082 2468 247010 53835 99283 29297 117 44600 19757 82192 37248 65635
internal_value=0 -0.00540832 0.00647646 0.00494066 -0.0130888 -0.00269262 0.0112212 0.0214929 0.00323614 0.00268944 -0.00501051 -0.0108202 0.00463884 -0.0234635 0.00932449 0.00423066 -0.0131419 -0.0269388 0.000396785 -1.43394e-05 -0.00746296 -0.012078 -0.015033 0.00834316 -0.00571454 -0.00643747 0.00383132 -0.00247706 0.00149983 -0.0173791
internal_weight=313938 171077 142861 129611 44684.4 126393 27661.9 13250.3 101949 96819.8 72212.6 36673.6 56707.6 8010.84 24006.6 55329.8 25204.8 6274.32 54180.1 52385.8 36688.1 23078.9 12595 22466.8 11468.8 11190 53805.8 35524.5 9602.09 9946.65
internal_count=3063929 2010834 1053095 958579 748001 1262833 211081 94516 747498 731769 953433 574950 301638 173051 196679 297444 398175 142091 309400 297550 515694 351330 218753 191810 176775 176658 297001 437739 119440 164918
is_linear=0
shrinkage=0.03


Tree=16
num_leaves=31
num_cat=0
split_feature=16 17 86 15 5 87 87 13 86 3 9 9 14 7 16 7 7 69 7 4 86 17 26 68 77 3 7 15 7 70
split_gain=11463 3710.43 3468.18 1501.2 1123.45 923.345 722.403 640.14 618.163 554.268 549.063 524.182 464.156 376.999 353.846 288.756 286.69 277.881 454.824 288.736 276.668 273.015 266.902 291.892 266.123 225.513 220.528 219.746 208.815 206.542
threshold=0.22396993637084964 1.0000000180025095e-35 0.025333665311336521 0.31061333417892462 1.0881147384643557 0.025666352361440662 0.26445010304450994 0.50316895544528972 0.0087381042540073412 0.032099913805723197 0.17917595058679583 0.2484906688332558 0.37446653842926031 -0.57484117150306691 0.53458327054977428 -0.4054999947547912 -0.4054999947547912 0.10748284682631494 0.27240583300590521 0.24964435398578647 0.028686613775789741 0.22396993637084964 0.22396993637084964 3.4120868444442753 -0.83894196152687062 0.15517720580101016 0.20742076635360721 0.50316895544528972 0.21682713925838473 1.3610217571258547
decision_type=2 2 2 2 2 2 2 2 2 2 2 2 2 2 2 2 2 2 2 2 2 2 2 2 2 2 2 2 2 2
left_child=1 4 8 7 13 20 -6 9 -2 10 -4 14 16 -1 -5 -15 -7 18 26 -19 -3 -18 25 -24 -11 -22 -17 -10 -23 -8
right_child=2 5 3 11 6 12 29 -9 27 24 -12 -13 -14 15 -16 17 21 19 -20 -21 22 28 23 -25 -26 -27 -28 -29 -30 -31
leaf_value=-0.029398138568918233 0.032650079659942662 0.014299947305752549 0.0044711086884056768 0.0065972345926181997 -0.014737818695244105 -0.00082606610759021557 -0.031024387819989462 0.014345007938657965 0.015245974304847261 0.0030347398059030486 0.015789443404979998 0.02283195419544962 1.9668648415703738e-05 -0.0019893278569692381 0.014685190442604698 -0.010702958059914331 -0.0099712425432097705 -0.008506510703779677 -0.0046702257561998728 0.010471525507757146 1.1969945039215871e-05 -0.0088174735129029069 0.0021375039620376503 0.040827621966500367 -0.00065666375904458309 -0.0054517691404613886 -0.018403571318346811 0.026947126100100808 -0.0036086502240739514 -0.01359300772409644
leaf_weight=808.65902281779563 3137.6859127138741 1239.240779863263 25380.821541838231 12115.814643299556 10330.135094638186 8008.9525552360865 4365.290595630795 4489.5750841777772 8120.4163551347447 37869.491697443766 4546.9235837347806 3250.6612109644338 13917.290090198047 4832.7020540460944 8153.0767431869172 6843.4003193912795 17378.676361412596 2031.87711436674 6211.6484447192634 1113.5473762080073 19743.359474314144 10232.748562662629 22504.495792188914 172.90517061948776 32793.131492379383 10364.426437043468 6606.2249771291681 1767.5154503744561 21473.682537313434 723.07218392007053
leaf_count=17460 15653 8311 153320 67736 174126 101934 127637 14612 65067 305422 18200 10598 144717 81664 56747 115354 227033 2574 115611 933 111300 169186 121131 26 331944 71644 110940 13796 307551 1702
internal_value=0 -0.00527798 0.0062945 0.00479997 -0.0127846 -0.00264406 -0.0193062 0.00326619 0.0210434 0.00277112 0.00619273 0.0116507 -0.00489259 -0.00924762 0.00985306 -0.00865374 -0.00609 -0.0100651 -0.0113895 -0.00178169 0.00031154 -0.00694866 -1.78403e-05 0.00243985 0.00132163 -0.00186921 -0.01449 0.0173481 -0.00529076 -0.0285608
internal_weight=310527 168902 141625 128599 43866.6 125036 15418.5 105080 13025.6 100590 29927.7 23519.6 71011.4 28448.1 20268.9 27639.4 57094.1 22806.7 19661.3 3145.42 54024.4 49085.1 52785.2 22677.4 70662.6 30107.8 13449.6 9887.93 31706.4 5088.36
internal_count=3063929 2010834 1053095 958579 748001 1262833 303465 823498 94516 808886 171520 135081 950421 444536 124483 427076 805704 345412 341905 3507 312412 703770 304101 121157 637366 182944 226294 78863 476737 129339
is_linear=0
shrinkage=0.03


Tree=17
num_leaves=31
num_cat=0
split_feature=16 17 15 87 87 24 16 14 5 5 5 85 18 60 13 57 27 14 77 78 17 69 69 65 64 5 78 78 15 13
split_gain=10902.5 4428.84 2263.91 1289.27 1063.83 677.135 612.907 552.385 517.727 489.003 488.819 383.056 352.168 345.988 316.546 286.673 216.209 214.857 200.826 199.224 198.924 230.165 229.189 201.781 197 193.863 188.906 208.581 183.788 169.476
threshold=0.31061333417892462 1.0000000180025095e-35 0.37446653842926031 0.025188324041664604 0.33427049219608312 0.37446653842926031 0.58756005764007579 0.22396993637084964 1.0881147384643557 1.1714407801628115 0.14931328594684604 0.022902389056980613 0.63123199343681347 6.2940691350377178e-05 0.53458327054977428 1.0000000180025095e-35 0.83676335215568554 0.37446653842926031 -0.52476555109024037 -0.0095320148393511755 0.37446653842926031 0.66024363040924083 0.75703594088554393 0.85951361060142528 0.8619636893272401 0.14931328594684604 0.024003338068723682 -0.0052058883011341086 0.22396993637084964 0.31061333417892462
decision_type=2 2 2 2 2 2 2 2 2 2 2 2 2 2 2 2 2 2 2 2 2 2 2 2 2 2 2 2 2 2
left_child=1 4 5 13 8 11 25 18 12 26 -7 28 17 15 -12 20 -8 -1 -5 -15 22 -22 23 -3 -19 -4 27 -6 -2 -9
right_child=2 3 6 7 9 10 16 29 -10 -11 14 -13 -14 19 -16 -17 -18 24 -20 -21 21 -23 -24 -25 -26 -27 -28 -29 -30 -31
leaf_value=-0.0078553722645746758 0.0048819459792717908 -0.0033212037611673271 0.018386287742179416 -0.0046183341866949355 -0.012516608774088007 0.020566495721295125 0.020831299261862939 -0.0024898389791869332 -0.015556853995894872 -0.032667051122316298 0.0032708871319715761 0.0021634305900726388 -0.019980165101501968 -0.0084654734630261273 0.016520757215776404 0.0023159802175111181 0.032509633728093686 -0.00045017277544540422 -0.0085848388024199595 0.0095875281578012561 0.0019883731769273672 -0.036340370269983949 0.0139043102807038 -0.055399163014186528 0.04433848005142816 0.0095099115164797542 -0.0075442999089675002 -0.027327560686083295 0.0088934812333116512 0.0029801364189729288
leaf_weight=19295.088476858597 23210.729271921678 24121.133955493671 3299.6184339863248 24037.368651047582 1579.6093715117313 4370.6238543677609 6913.9813473807881 29708.194501926424 11451.191764465126 2784.2657456239103 4714.2452236595564 28827.719998552435 1961.4328774802561 606.99778017401695 2473.6730531221256 36812.189132448315 1821.2328464300372 2745.7923207854619 22050.509822228385 5575.0928449034691 13093.555266180192 138.53600737452507 699.49621959030628 63.175615966320038 87.316236853599548 6798.5879058052669 1400.9374331427243 1899.0721963228279 18489.567711465992 6149.3089033819269
leaf_count=279586 149535 134602 11645 345898 35558 13020 54466 363592 211091 70841 30031 323203 46058 406 7349 246496 5541 38204 331241 2393 83382 117 309 59 11 45141 29490 37162 119940 47562
internal_value=0 -0.00395337 0.00807974 -0.00169036 -0.012493 0.00592687 0.0174597 -0.00434428 -0.0103046 -0.0226301 0.0126569 0.0048232 -0.00780558 0.000990913 0.00783802 0.000427851 0.0232804 -0.00672281 -0.00651677 0.00780991 -0.00139563 0.00157588 -0.00297593 -0.00346657 0.000989191 0.0124169 -0.0168801 -0.0206256 0.00666142 -0.00155142
internal_weight=307180 206260 100920 163056 43204.7 82086.6 18833.4 81945.4 35540.8 7663.88 11558.5 70528 24089.6 81110.2 7187.92 74928.1 8735.21 22128.2 46087.9 6182.09 38115.9 13232.1 24883.8 24184.3 2833.11 10098.2 4879.62 3478.68 41700.3 35857.5
internal_count=3063929 2304058 759871 1556057 748001 643078 116793 1088293 574950 173051 50400 592678 363859 467764 37380 464965 60007 317801 677139 2799 218469 83499 134970 134661 38215 56786 102210 72720 269475 411154
is_linear=0
shrinkage=0.03


Tree=18
num_leaves=31
num_cat=0
split_feature=16 87 86 18 16 25 3 14 7 9 25 6 7 86 14 14 70 82 63 7 19 39 87 62 88 67 18 19 9 9
split_gain=10337.7 4020.31 2511.53 1671.68 1169.59 809.934 760.834 768.822 564.684 534.587 502.585 391.488 386.28 380.038 342.463 336.174 378.593 335.279 320.183 300.771 297.145 290.017 251.508 248.568 246.205 245.681 234.245 233.101 232.409 218.922
threshold=0.31061333417892462 0.081869672983884825 0.01763224042952061 1.0000000180025095e-35 0.53458327054977428 0.22396993637084964 0.052106203511357314 0.31061333417892462 -0.40281943976879114 0.29957322776317602 0.66838845610618602 0.21410505473613742 0.27240583300590521 0.028686613775789741 0.80962154269218456 0.22396993637084964 1.3610217571258547 -0.59023538231849659 0.00043295236537233 -0.065206006169319139 0.46715016663074499 1.0000000180025095e-35 0.18254644423723224 0.78331017494201671 0.27273255586624151 0.49392363429069525 0.70072525739669811 0.52258238196372997 0.17917595058679583 0.37376695871353155
decision_type=2 2 2 2 2 2 2 2 2 2 2 2 2 2 2 2 2 2 2 2 2 2 2 2 2 2 2 2 2 2
left_child=1 6 28 15 9 8 13 17 11 14 19 -5 22 -1 20 16 21 -8 -9 -6 26 -3 -10 -18 -14 29 -4 -21 -2 -15
right_child=2 3 4 5 10 -7 7 18 12 -11 -12 -13 24 25 -16 -17 23 -19 -20 27 -22 -23 -24 -25 -26 -27 -28 -29 -30 -31
leaf_value=0.01505619935980626 0.02093824109278097 -0.028396724981249972 0.0042796241265965033 -0.0006909424226935445 0.024022775021800318 -0.00081129175135202141 -0.0023211741725511601 0.0010694482889363679 -0.011471378110544966 0.015276114022051786 0.022054302932388404 -0.020368819286462728 -0.013584952670007765 0.00084468458284224209 0.015315839216015991 -0.0082011889884519001 -0.00051393365777727324 -0.0065833574548779302 0.014725661668060495 0.0076905953783982283 0.0095680619354557555 -0.014108095569358861 -0.01819506200626567 -0.026081479366478401 -0.0042453322674284926 0.010375918823541176 0.0001875638427877187 0.016560669781124193 0.032357264896107359 0.016156901741621963
leaf_weight=2123.8176575734396 4006.3858498629415 6179.5297122353659 38555.653156976099 8052.1841888576164 1358.577979683876 11933.464278525877 42736.59212683294 27139.719136616564 16339.213971708494 4056.6981453569606 4085.7243105457164 1021.9800237530144 3589.2635813772795 31567.680005281058 2344.1401575729251 1696.3145508909365 1022.2108589224517 27180.287690973768 1634.637006804347 14109.022173429345 6818.0356707644532 1629.6224168551271 7253.9485425588064 510.8646770901978 8699.028556891164 2889.9671237617731 18697.817004124867 3291.9953311481513 2730.703036733903 859.39860227191821
leaf_count=16436 35565 162333 266919 125804 9831 151548 440215 228941 239324 16699 16807 20066 76321 188433 7625 29281 1684 302678 647 131858 35752 38237 113697 1170 162682 1159 201813 26097 10905 3402
internal_value=0 -0.00387306 0.00789887 -0.00983398 0.00662101 -0.00775974 -0.000898428 -0.00227984 -0.00960387 0.00470819 0.0125196 -0.00291566 -0.0112946 0.00274259 0.00406174 -0.0205168 -0.0227481 -0.00397845 0.00184734 0.0104385 0.003649 -0.0254243 -0.0135416 -0.0090824 -0.00697722 0.00200035 0.00294343 0.00937235 0.0255838 0.00125258
internal_weight=304114 204060 100055 67927.6 93317.7 56889.1 136132 98691.2 44955.6 70472.3 22845.3 9074.16 35881.5 37440.9 66415.6 11038.5 9342.23 69916.9 28774.4 18759.6 64071.5 7809.15 23593.2 1533.08 12288.3 35317 57253.5 17401 6737.09 32427.1
internal_count=3063929 2304058 759871 1122147 713401 889442 1181911 972481 737894 528808 184593 145870 592024 209430 512109 232705 203424 742893 229588 167786 504484 200570 353021 2854 239003 192994 468732 157955 46470 191835
is_linear=0
shrinkage=0.03


Tree=19
num_leaves=31
num_cat=0
split_feature=16 17 15 5 16 9 87 87 88 13 26 9 9 3 32 60 88 87 20 3 61 61 16 26 7 7 69 9 22 5
split_gain=9761.27 3117.43 2881.2 982.544 930.336 750.549 724.71 624.409 573.492 476.864 444.822 355.953 354.09 331.68 323.735 298.294 249.847 234.753 226.25 222.323 212.314 222.578 222.759 206.607 203.306 223.487 182.5 180.966 175.682 165.876
threshold=0.22396993637084964 1.0000000180025095e-35 0.31061333417892462 1.0881147384643557 0.58756005764007579 0.37376695871353155 0.043339714407920844 0.26445010304450994 0.031595343723893173 0.42514967918396002 0.22396993637084964 1.0000000180025095e-35 0.37376695871353155 0.032099913805723197 1.0000000180025095e-35 6.2940691350377178e-05 0.034801259636878974 0.18832121789455417 0.52967563271522533 0.012887756805866958 1.253012001514435 0.17017634212970736 0.42514967918396002 0.22396993637084964 0.37795858085155493 0.39143569767475134 0.46950504183769232 1.0000000180025095e-35 0.53974768519401561 0.86779105663299572
decision_type=2 2 2 2 2 2 2 2 2 2 2 2 2 2 2 2 2 2 2 2 2 2 2 2 2 2 2 2 2 2
left_child=1 3 5 14 12 8 15 -5 -2 13 -8 -6 18 27 17 16 -3 -1 -4 -7 21 22 -15 -18 -12 -26 -9 -10 -16 -19
right_child=2 6 4 7 11 19 10 26 9 -11 24 -13 -14 20 28 -17 23 29 -20 -21 -22 -23 -24 -25 25 -27 -28 -29 -30 -31
leaf_value=-0.0085604609256197343 0.012723665030579761 0.011491972648818734 0.0065735954350861926 -0.013964294828738731 0.016473353464750512 0.023571499764007717 -0.0076699151739487263 -0.029608336399213321 0.0034991686581755757 0.01037734220877762 -0.0039008240092313698 0.027671588816055578 0.023927966733541788 -0.00036133466473778429 -0.0042689412779006626 0.0063761628624024883 -0.0028210195754122271 -0.011092216007890308 0.01361667715040831 0.0087041694187512779 -0.050471027688288733 0.014650423684662918 0.0036371566206799084 0.00083111673006444338 0.0087488674847973329 -0.0018821109331929704 -0.012617385051098454 0.0093557452480222056 -0.012332850396345248 -0.021800721424389217
leaf_weight=6472.0564804937603 5303.6557186749706 1414.2039532862254 11741.229410708998 9834.7903183523158 5961.2269422032987 2022.7831993922591 27994.54701137892 4081.4799324445776 20858.227240537293 6615.4061304032803 21648.060323439597 4513.4535221007536 1561.282917776145 46752.697425941646 12647.517443122983 5473.9807592332363 32519.818073806236 2350.2550106989802 6325.87204404769 1651.1026864247397 68.384820610284805 1043.9106697738171 17130.593697321165 24394.390641748789 2682.9160105244955 5266.7182965995162 672.03177778422832 6150.418319251854 3010.4597144717991 2966.6056857196818
leaf_count=88953 50296 11207 72005 174126 51518 6592 428318 127702 129189 25962 284709 23882 4825 436572 187483 3112 263677 42471 36274 8883 53 540 175466 168262 24630 78918 1637 31038 64821 60808
internal_value=0 -0.00495786 0.00588422 -0.0119987 0.0140879 0.00358856 -0.00251948 -0.0182901 0.00311702 0.00259984 -0.00495908 0.0213077 0.0102312 0.00204014 -0.00865242 -0.000317091 -0.000945708 -0.0124076 0.00904232 0.0169078 0.000878788 0.000936048 0.000710969 -0.00125562 -0.00239424 0.00170776 -0.0272198 0.00483418 -0.00582238 -0.0170799
internal_weight=301130 163430 137700 42035.2 30103.1 107597 121395 14588.3 103923 98619.6 57592.2 10474.7 19628.4 92004.2 27446.9 63802.4 58328.4 11788.9 18067.1 3673.89 64995.6 64927.2 63883.3 56914.2 29597.7 7949.63 4753.51 27008.6 15658 5316.86
internal_count=3063929 2010834 1053095 748001 188504 864591 1262833 303465 849116 798820 816575 75400 113104 772858 444536 446258 443146 192232 108279 15475 612631 612578 612038 431939 388257 103548 129339 160227 252304 103279
is_linear=0
shrinkage=0.03


Tree=20
num_leaves=31
num_cat=0
split_feature=15 17 86 18 15 18 14 5 9 26 86 17 9 87 19 6 60 85 60 86 78 78 88 56 6 18 87 20 13 12
split_gain=9222.46 3270.76 3088.88 1368.43 1173.68 627.097 556.934 543.107 536.491 499.67 485.857 436.354 408.539 356.188 309.158 301.589 257.477 253.597 252.749 261.865 239.741 332.299 207.206 196.423 193.618 179.771 178.51 176.421 175.591 168.879
threshold=1.0000000180025095e-35 0.22396993637084964 0.025333665311336521 1.0000000180025095e-35 0.31061333417892462 0.65050083398818981 0.50316895544528972 1.1612396836280825 0.42766661942005163 0.22396993637084964 0.0087381042540073412 0.37446653842926031 0.44998097419738775 0.047559624537825591 0.53974768519401561 0.29009008407592779 0.01160073420032859 0.1839721500873566 8.780811455721961e-08 0.065261203795671477 0.0068837031722068795 -0.015830240212380883 0.33291116356849676 1.0000000180025095e-35 0.35366602241992956 0.70072525739669811 0.23434440046548846 0.3354459702968598 0.50316895544528972 0.42514967918396002
decision_type=2 2 2 2 2 2 2 2 2 2 2 2 2 2 2 2 2 2 2 2 2 2 2 2 2 2 2 2 2 2
left_child=1 3 10 7 8 9 13 20 11 17 -2 18 14 24 29 28 -11 -5 19 -4 21 -1 -19 -21 -3 -15 -9 -17 -13 -6
right_child=2 6 4 5 12 -7 -8 26 -10 16 -12 15 -14 25 -16 27 -18 22 -20 23 -22 -23 -24 -25 -26 -27 -28 -29 -30 -31
leaf_value=-0.0093705244920309783 0.030881757992326279 0.00094130970165537495 0.010959146968138727 -0.0067070793921886985 0.0066836606815760561 -0.018336559529052037 0.0056570325384314559 -0.015994476034807276 0.017567786689913236 -0.0034499043488094142 0.017007720196869816 0.0063355685565572887 0.026713712450099306 -0.0033400885321009217 0.015999241113360006 -0.00046054074158913776 0.017550358297866483 -0.018182395954600698 0.0085034218432809925 -0.0036195085142609737 -0.0066825726561042754 -0.024341845545936276 -0.0097568138543855133 0.0013572452219845546 -0.0027848053462009746 -0.0098384529469640603 -0.029939023618458144 0.0042091692837531308 0.019492510688652983 0.017865185697751463
leaf_weight=2504.2565603347321 3005.0305320909247 37997.207096919708 1617.8745046851691 21164.527407871385 14505.494617500808 4392.4546670417185 10257.659905715147 1110.8939891479677 2246.275247560814 20484.678382137499 9427.7305997572839 23655.459505868494 1354.4173055281863 27998.322386302782 5301.2263969948981 11957.40590663685 535.29913768172264 3557.5121067784494 2890.8346752971411 16205.789057485294 2911.9253584354883 2874.7461598030932 10146.706642242949 12748.017563600326 18736.090122743 4438.1564794229344 3434.84022750851 18606.288408267632 947.12225901521742 1325.7082524346188
leaf_count=42867 16555 325396 7875 256925 97074 89626 78288 13103 8302 270195 78362 131454 3623 396271 30370 97734 263 61243 967 92418 49304 50368 181033 78650 256012 99876 93368 149990 2403 4014
internal_value=0 -0.00450365 0.00617734 -0.00932001 0.00462005 -0.00742509 -0.000961469 -0.0182132 0.00310124 -0.00656619 0.0203703 0.00273376 0.0107561 -0.0017231 0.00972826 0.00437311 -0.00291166 -0.00876855 3.08071e-05 -0.000771217 -0.0136315 -0.0173848 -0.011949 -0.00142826 -0.000289265 -0.00423048 -0.0265493 0.00238227 0.00684534 0.00762456
internal_weight=298340 172545 125795 73117.8 113362 60281.2 99427.4 12836.7 90875.1 55888.7 12432.8 88628.8 22486.8 89169.8 21132.4 55166.3 21020 34868.7 33462.5 30571.7 8290.93 5379 13704.2 28953.8 56733.3 32436.5 4545.73 30563.7 24602.6 15831.2
internal_count=3063929 2264138 799791 1108295 704874 859285 1155843 249010 569793 769659 94917 561491 135081 1077555 131458 381581 270458 499201 179910 178943 142539 93235 242276 171068 581408 496147 106471 247724 133857 101088
is_linear=0
shrinkage=0.03


Tree=21
num_leaves=31
num_cat=0
split_feature=16 17 86 16 5 9 85 86 85 13 6 52 7 13 26 19 14 9 15 65 72 19 6 26 64 22 7 7 6 19
split_gain=8908.53 2792.1 2760.73 1344.67 891.278 630.481 615.149 503.09 455.868 419.925 390.35 380.387 304.495 299.35 270.34 234.052 232.124 254.081 232 258.736 231.949 223.726 220.703 218.803 205.557 191.007 171.798 169.832 246.981 168.149
threshold=0.22396993637084964 1.0000000180025095e-35 0.025333665311336521 0.46720869839191442 1.0881147384643557 0.17917595058679583 0.053999464958906181 0.012389151379466059 0.30480650067329412 0.22396993637084964 0.29371857643127447 0.4567199051380158 -0.57484117150306691 0.56247621774673473 0.22396993637084964 0.49501426517963415 0.37446653842926031 1.0000000180025095e-35 1.0000000180025095e-35 0.88959717750549328 -0.34108255803585047 0.2834331095218659 0.023902778513729576 1.0000000180025095e-35 0.8619636893272401 1.0000000180025095e-35 -0.4054999947547912 0.37795858085155493 0.20617117732763293 0.39170669019222265
decision_type=2 2 2 2 2 2 2 2 2 2 2 2 2 2 2 2 2 2 2 2 2 2 2 2 2 2 2 2 2 2
left_child=1 4 7 10 12 13 14 -2 -6 23 11 18 -1 15 -3 -5 17 26 -4 -20 -16 -12 -7 -8 -18 -10 -14 28 -25 -9
right_child=2 6 3 5 8 22 9 29 25 -11 21 -13 16 -15 20 -17 24 -19 19 -21 -22 -23 -24 27 -26 -27 -28 -29 -30 -31
leaf_value=-0.027351257502079385 0.02796396089411415 -0.0017703274519201857 0.00066460543046612712 0.0055549985324185739 -0.013377669628225983 0.029325828250336004 -0.008178057094551619 0.011201801489131712 -0.027245390929192339 0.0013398606753760075 -0.00076135848754772199 0.013049284681335295 -0.00219175819237496 0.020291333340343973 0.011488089364870713 0.012955579102515408 -0.0017812107603964692 -0.017314823326540062 0.0046192624471149942 0.017882284759019245 0.0015212258072557854 0.0039674815323546206 0.015229198874306956 -0.0030839804994450453 0.043451215490068369 -0.012903104320318831 -0.0091110308488223466 -0.00076845047721287431 -0.0085865293858778634 0.019995084399519164
leaf_weight=732.98678769345861 4057.8804550553323 30726.087703487341 15296.574841522903 22643.014229047782 8726.5676116587128 1303.8657254371792 16967.232304573059 4584.2521946436318 4361.2487757161725 10012.535785486689 34339.483395469026 4181.9358748216182 4067.7163608919946 1566.4582295985892 2370.1419664472342 4635.4811514409375 3398.8067353428341 2822.6735236925306 21144.295908598928 1409.2578340172768 18331.712764729047 12199.661936425022 4379.0147472282406 18789.211281507567 88.888465762138367 1049.0990380047006 15760.485182763427 10193.106812529964 12057.666006067448 3449.9363369678031
leaf_count=17460 26827 227276 133021 212907 162975 3106 258104 39016 112432 90684 339855 19919 72772 5285 877 32688 54014 46891 107310 430 127151 79110 24948 186972 11 28058 253388 153335 218434 28673
internal_value=0 -0.00478001 0.00567329 0.00432924 -0.0115337 0.00935079 -0.00246101 0.0193496 -0.0176314 -0.00433292 0.00237129 0.00446682 -0.00832334 0.00754922 1.48701e-05 0.00681447 -0.00778547 -0.00889465 0.00351718 0.00545123 0.00266454 0.000478386 0.0184826 -0.0053122 -0.000578659 -0.0244768 -0.00769251 -0.00412657 -0.00523584 0.0149863
internal_weight=295647 160456 135191 123099 41008.5 34527.8 119448 12092.1 14136.9 68019.8 88571.2 42032.1 26871.6 28845 51427.9 27278.5 26138.6 22650.9 37850.1 22553.6 20701.9 46539.1 5682.88 58007.2 3487.7 5410.35 19828.2 41040 30846.9 8034.19
internal_count=3063929 2010834 1053095 958579 748001 278934 1262833 94516 303465 907529 679645 260680 444536 250880 355304 245595 427076 373051 240761 107740 128028 418965 28054 816845 54025 140490 326160 558741 405406 67689
is_linear=0
shrinkage=0.03


Tree=22
num_leaves=31
num_cat=0
split_feature=16 17 86 16 85 18 14 9 15 86 18 13 85 6 14 82 6 18 6 26 61 53 9 26 17 61 79 69 64 61
split_gain=8522.51 3383.41 2075.95 1022.6 944.127 798.001 522.781 426.714 425.482 382.174 368.313 357.092 328.433 265.499 257.908 244.319 243.905 228.513 222.345 218.594 260.184 213.549 196.181 195.825 189.421 186.338 216.451 185.465 231.15 179.658
threshold=0.31061333417892462 1.0000000180025095e-35 0.01763224042952061 0.53458327054977428 0.024881502613425258 1.0000000180025095e-35 0.31061333417892462 0.48828019201755529 0.37446653842926031 0.028686613775789741 0.56247621774673473 0.53458327054977428 0.52344870567321788 0.05151516571640969 0.37446653842926031 -0.50893598794937123 0.021184517070651058 0.70072525739669811 0.28611345589160925 0.22396993637084964 0.11573373526334764 0.14931328594684604 0.17917595058679583 0.22396993637084964 0.50316895544528972 0.0015020980499684813 -0.14354147762060163 0.60109230875968944 0.4060607254505158 0.17017634212970736
decision_type=2 2 2 2 2 2 2 2 2 2 2 2 2 2 2 2 2 2 2 2 2 2 2 2 2 2 2 2 2 2
left_child=1 5 22 7 9 12 15 11 13 -3 14 17 21 16 -7 25 -5 18 -4 -11 -21 -1 -2 -14 -20 -6 -27 -23 -29 -16
right_child=2 4 3 8 6 10 -8 -9 -10 19 -12 -13 23 -15 29 -17 -18 -19 24 20 -22 27 -24 -25 -26 26 -28 28 -30 -31
leaf_value=-0.018013580966898472 0.019592247856732772 0.013747782994689912 0.0070154986459979949 0.0081627802226584764 -0.0038979516854984048 -0.0081361457635336174 -9.0124305056957688e-05 0.020227638489091718 0.017133230712002633 -0.00082756005215037047 -0.017039287048616264 0.013302456589060855 -0.028453852183340525 0.0066000622031734731 0.00043195225214193443 -0.0069503781502866374 0.027350431189643049 0.00079157691018904295 -0.00010391772946684651 0.0021890949838724795 0.014537228197717873 -0.012036716827461422 0.030480032981596142 -0.0088844708631529001 0.0052716815322117177 -0.0062008071022563015 0.010141959520074394 0.021776729332665858 -0.013463826756924351 0.038700215922753731
leaf_weight=5752.7856590516894 3791.2205152138195 2193.2824665360677 19800.432372662704 1220.7738225217909 36767.098026469437 21791.400336826773 30389.49939085904 1480.7217007074505 8262.7381652533659 28647.759561341023 3915.0504040939559 3490.1622195830569 2967.409870803167 11374.017505919095 2234.795216582017 28345.933196751488 1172.306134544313 19952.715624108561 11287.638343097875 24884.157504431903 1633.2020446658134 2514.6152400521096 2505.3403855573852 550.84250156505732 12351.012196012889 1188.5679608136415 1874.483663700521 363.13835158571601 304.2970472946763 112.17068189382553
leaf_count=108754 35565 17204 111219 12096 538583 371457 307818 4891 57983 155614 96623 10916 74912 111115 30893 414092 3399 215864 82826 118862 425 54197 10905 10403 103092 1462 1997 274 470 18
internal_value=0 -0.00358894 0.00729101 0.0061301 -0.001582 -0.0113133 -0.00336276 0.00431819 0.0117508 0.00147804 -0.00850545 0.00396471 -0.0176336 0.008516 -0.00711855 -0.00482139 0.0175941 0.00344972 0.00467039 0.000989174 0.00295186 -0.014563 0.0239417 -0.0254048 0.00270502 -0.00330559 0.00379913 -0.00830861 0.00571867 0.00232559
internal_weight=293120 196430 96689.1 90392.5 155924 40506.5 98565.6 68362.7 22029.8 57358.4 28053.4 66882 12453.1 13767.1 24138.4 68176.1 2393.08 63391.8 43439.1 55165.1 26517.4 8934.84 6296.56 3518.25 23638.7 39830.1 3063.05 3182.05 667.435 2346.97
internal_count=3063929 2304058 759871 713401 1556057 748001 1263952 528808 184593 292105 498991 523917 249010 126610 402368 956134 15495 513001 297137 274901 119287 163695 46470 85315 185918 542042 3459 54941 744 30911
is_linear=0
shrinkage=0.03


Tree=23
num_leaves=31
num_cat=0
split_feature=16 87 16 5 9 5 3 13 9 87 15 87 88 7 36 6 14 3 7 4 14 71 3 67 83 6 62 19 68 16
split_gain=8081.67 2473.19 2396.38 920.182 775.787 732.337 701.685 626.281 500.947 492.322 478.744 365.664 321.139 319.911 268.062 248.332 232.303 289.275 229.717 227.786 216.984 208.203 206.786 313.22 206.603 203.117 201.691 196.483 194.072 186.209
threshold=0.22396993637084964 0.16280075162649157 0.53458327054977428 0.88346850872039806 0.17917595058679583 0.83785986900329601 0.025830680504441265 0.37446653842926031 0.40253517031669622 0.45322629809379583 0.46720869839191442 0.049841184169054038 0.033260961994528777 -0.39434722065925593 0.71621036529541027 0.20617117732763293 0.37446653842926031 0.060384923592209823 0.27240583300590521 0.24964435398578647 0.83743754029273998 3.0956035852432255 0.15517720580101016 0.50072121620178234 -0.016863464377820488 0.32316519320011144 0.18975172936916354 0.51129707694053661 2.678248524665833 0.37446653842926031
decision_type=2 2 2 2 2 2 2 2 2 2 2 2 2 2 2 2 2 2 2 2 2 2 2 2 2 2 2 2 2 2
left_child=1 5 6 19 10 16 8 26 12 13 -4 22 -2 15 -6 -5 17 -1 21 -3 -9 -15 23 -7 -23 -13 29 -14 -28 -8
right_child=2 3 4 9 14 11 7 20 -10 -11 -12 25 27 18 -16 -17 -18 -19 -20 -21 -22 24 -24 -25 -26 -27 28 -29 -30 -31
leaf_value=0.0016282383785619593 0.015625759845298445 -0.011737173696315354 0.0083241520230435146 -0.0022649050456534149 0.028194231739026139 -0.0014864811837992471 -0.00076192596393985469 0.0061061528837847079 0.022021966369789051 -0.027769903926103144 0.019332573697032774 -0.0056218664716307775 0.0042775930420986367 -0.021225954934780852 0.014603725058661922 -0.026106227211719381 0.0023281774857132512 -0.0032654156497041883 -0.010235615546044814 -0.0029530038752968069 0.015800966834785643 0.012697104361942416 -0.0053858469621935919 0.013945839848281226 -0.016064555717083245 -0.010566235176031887 0.01486092597374088 0.012643495816267197 -0.012764904113656383 0.0025493777129169753
leaf_weight=16066.773728571876 2983.7773048812523 4012.6718433276401 15479.509062069905 2626.0389055950363 3695.6375278453343 12906.971491781645 38754.797816147562 8643.4953175345436 1952.9817557446659 3009.9145899538562 4619.1700563668273 22929.280206504132 22433.083990382031 7234.8099979343096 2046.1406510910019 458.77936649543699 17603.811100023915 33597.26941077708 3488.999873820605 7865.866708740301 2737.5086722094566 330.46700024604797 12288.777129194001 1299.1361862719059 682.70863981544971 11116.23946716424 1525.414124250412 2846.0895527070388 265.79512101411819 25231.027697728539
leaf_count=70652 29582 67451 148012 56853 14762 152943 375195 39167 6809 80786 37016 312955 117875 147564 13050 11699 163480 359040 93756 111448 8695 431 118908 1057 1387 260424 750 12365 197 249620
internal_value=0 -0.0045997 0.00543886 -0.0123959 0.0136403 -0.00278704 0.00346464 0.00194672 0.0073398 -0.0167047 0.0108577 -0.00518069 0.00632212 -0.0144505 0.0233654 -0.0058413 -0.000632537 -0.00168218 -0.0167101 -0.0059237 0.0084432 -0.0194421 -0.00253692 -7.13638e-05 -0.00666592 -0.00723744 0.000822158 0.00522151 0.0107398 0.000543802
internal_weight=290733 157519 133214 29710.3 25840.5 127808 107374 77158 30215.9 17831.7 20098.7 60540.4 28263 14821.8 5741.78 3084.82 67267.9 49664 11737 11878.5 11381 8247.99 26494.9 14206.1 1013.18 34045.5 65777 25279.2 1791.21 63985.8
internal_count=3063929 2010834 1053095 571375 212840 1439459 840255 673624 166631 392476 185028 846287 159822 311690 27812 68552 593172 429692 243138 178899 47862 149382 272908 154000 1818 573379 625762 130240 947 624815
is_linear=0
shrinkage=0.03


Tree=24
num_leaves=31
num_cat=0
split_feature=17 86 17 19 26 86 9 85 14 12 85 6 26 20 4 9 66 83 85 86 68 61 85 54 9 68 61 62 77 85
split_gain=7516.4 3014.2 1640.65 1473.45 695.456 628.75 571.557 520.571 514.374 426.409 423.364 400.945 334.122 305.008 253.499 228.6 213.748 213.003 201.61 197.788 218.823 241.645 197.191 194.189 187.339 166.736 163.345 164.615 149.109 148.778
threshold=0.31061333417892462 0.030240380205214027 1.0000000180025095e-35 0.20707555115222934 1.0000000180025095e-35 0.01524593820795417 0.37376695871353155 0.46098889410495764 0.50316895544528972 0.42514967918396002 0.043468233197927482 0.27632133662700659 0.42514967918396002 0.50335456430912029 0.20707555115222934 0.37376695871353155 0.50283199548721325 -0.017933025024831292 0.1839721500873566 0.13452053070068362 2.8730119466781621 0.68138480186462413 0.033407604321837432 1.0000000180025095e-35 0.29957322776317602 2.678248524665833 0.00028944523364771163 0.51146149635314953 -0.84405472874641407 0.0017751086270436647
decision_type=2 2 2 2 2 2 2 2 2 2 2 2 2 2 2 2 2 2 2 2 2 2 2 2 2 2 2 2 2 2
left_child=2 5 4 8 7 -2 9 17 11 13 19 22 23 -5 -6 -13 -16 26 -19 -4 21 -21 24 25 -3 28 -1 -28 -12 -10
right_child=1 3 10 6 14 -7 -8 -9 29 -11 12 15 -14 -15 16 -17 -18 18 -20 20 -22 -23 -24 -25 -26 -27 27 -29 -30 -31
leaf_value=-0.0083521364322332748 0.024758546824962591 0.0032043842787094845 0.0034517946287157108 0.003461633736166887 -0.011928385371363313 0.012132876401356095 0.020639073936037131 -0.025776940242764283 0.01194839263768634 0.018780371002460924 -0.005390356396413761 -0.0023601399978822506 -0.0011575228516877889 0.0085298790710734481 -0.0054428426343940267 0.013872828361072098 0.017696549253261445 -0.010287593271943854 -0.017743641476123374 -0.0022627457580648614 0.01598268095508135 -0.038166417007749073 -7.5522871315346398e-05 -0.0026190699385448559 0.017168070642015476 0.0076410990004190018 0.025232887734575948 -0.011086417750902831 -0.010334968150129239 0.0044802243651933188
leaf_weight=1789.7290406965185 5330.685966043704 23945.792842729017 7946.8832014605869 25724.662319484982 6695.5750884352747 10674.64436183701 2614.7713544107974 3363.7199931517534 3131.8542504850775 2311.5576288495213 8634.535975506762 44754.616092944401 13052.098500027671 18294.661657913297 13781.652519059571 790.62450989102945 365.00005039572716 6248.321444172514 6898.7020458649204 21638.848088525701 585.31458896398544 166.07437258958817 24700.906205961131 7458.7100204501767 893.58650169335306 583.86950754374266 291.21778801083565 178.11287624388933 15163.988563010294 10307.086812919239
leaf_count=42902 39621 151651 45167 176046 102041 93181 9016 90797 10808 7285 110684 607196 146787 120849 253566 5153 256 102730 155046 116133 205 112 281558 105022 3006 637 314 349 204130 81681
internal_value=0 0.00394111 -0.00595319 0.00268013 -0.0108945 0.0163434 0.00700103 -0.0150835 0.000731134 0.00622953 -0.00335087 -4.53838e-05 -0.00520078 0.00556871 -0.00711967 -0.00207706 -0.00484067 -0.0127423 -0.0142046 -0.000612873 -0.00205609 -0.00254336 0.00182238 -0.00685767 0.00370959 -0.00815346 -0.0042205 0.0114628 -0.00854237 0.006224
internal_weight=288318 173475 114842 157470 39612 16005.3 48945.7 18769.8 108524 46330.9 75230.3 95085.5 44893.2 44019.3 20842.2 45545.2 14146.7 15406.1 13147 30337.1 22390.2 21804.9 49540.3 31841.1 24839.4 24382.4 2259.06 469.331 23798.5 13438.9
internal_count=3063929 1587051 1476878 1454249 748001 132802 313196 392138 1141053 304180 728877 1048564 567260 296895 355863 612349 253822 301341 257776 161617 116450 116245 436215 420473 154657 315451 43565 663 314814 92489
is_linear=0
shrinkage=0.03


Tree=25
num_leaves=31
num_cat=0
split_feature=16 17 15 5 85 9 16 14 18 13 3 67 84 9 32 9 57 84 36 39 83 55 17 6 6 70 28 83 26 77
split_gain=7481.34 2901.15 1655.85 771.704 764.286 740.042 459.198 429.751 407.573 405.747 389.548 294.131 280.249 275.476 248.091 245.243 235.961 209.903 176.367 167.279 166.767 162.721 176.622 161.121 159.485 156.915 172.294 151.714 150.765 150.657
threshold=0.31061333417892462 1.0000000180025095e-35 0.37446653842926031 1.0881147384643557 0.053999464958906181 0.48828019201755529 0.53458327054977428 0.31061333417892462 1.0000000180025095e-35 0.56247621774673473 0.032099913805723197 0.59665915369987499 0.0097308517433702963 1.0000000180025095e-35 1.0000000180025095e-35 1.0000000180025095e-35 1.0000000180025095e-35 -0.32658724486827845 0.6168709695339204 1.0000000180025095e-35 0.014485830906778576 1.0000000180025095e-35 0.31061333417892462 0.3277577161788941 0.34958888590335851 1.2388066053390505 0.20707555115222934 -0.00386103568598628 0.31061333417892462 -0.90929651260375965
decision_type=2 2 2 2 2 2 2 2 2 2 2 2 2 2 2 2 2 2 2 2 2 2 2 2 2 2 2 2 2 2
left_child=1 3 5 14 11 9 -4 21 19 10 15 12 16 -8 29 -2 -3 -13 -15 25 27 22 -6 -23 -12 -5 -27 -16 -19 -1
right_child=2 4 6 8 7 -7 13 -9 -10 -11 24 17 -14 18 20 -17 -18 28 -20 -21 -22 23 -24 -25 -26 26 -28 -29 -30 -31
leaf_value=-0.0045005053974064959 0.0053336722117378905 -0.0010254569090380212 0.008850206330781164 -0.028153472759668858 -0.0079812706698066359 0.022440979104555538 0.014978167733166506 -0.00045736550875085264 -0.012212522782811768 0.015617251746674462 0.0043933227545811561 -0.011421879248236077 -0.0039641361595225142 0.029661019589969057 -0.0026461468706364217 0.012093058924053173 0.0028150272886778558 0.0053493901491788575 0.017619251353917349 -0.012023530966428397 0.0013741259736897852 0.00021478767473556189 -0.0037834317651812884 -0.0066890736776992685 0.00091784423150723582 -0.020203117542950087 0.014538640467509361 -0.0095256423043940316 0.01606701864212166 -0.012962186985327123
leaf_weight=2447.8641238245182 17683.187051392655 28709.202194123645 6319.9410709365329 3570.8954258283775 22272.267141096527 2132.5086732590571 6402.0953825667384 24857.781114367885 8033.9050554549322 2855.8588339111302 22056.775083094137 527.23081195354462 13076.128220805316 2658.6166664822958 4939.4762263770099 6653.331942115532 28875.146333830053 4365.6794863641262 1908.2218798338436 1046.2788101770566 2877.978426997608 8095.6226728059119 15189.58155932097 4868.6696501681872 25772.564507424104 643.3419149518013 157.04199085384607 6953.8471457725682 1620.5815097987652 8476.4594025654369
leaf_count=41295 139492 192661 37307 111908 309818 7680 54600 258319 167664 9206 170852 336 128578 12127 82866 40633 221006 2650 12759 21847 45237 113218 232444 96525 275215 1826 220 124201 502 150937
internal_value=0 -0.00340621 0.00691033 -0.0106908 -0.00153547 0.00502934 0.0153012 -0.00368599 -0.0165125 0.00453318 0.00409364 0.000562404 0 0.019013 -0.00764088 0.00718348 0.000900302 0.00666048 0.0246503 -0.0228745 -0.00510304 -0.00527731 -0.00627989 -0.00237884 0.00252091 -0.0254573 -0.0133425 -0.00667071 0.00826037 -0.0110689
internal_weight=286048 191605 94443.1 39147.1 152458 77154.2 17288.9 75283.9 13451.5 75021.7 72165.9 77174 70660.5 10968.9 25695.6 24336.5 57584.3 6513.49 4566.84 5417.56 14771.3 50426.1 37461.8 12964.3 47829.3 4371.28 800.384 11893.3 5986.26 10924.3
internal_count=3063929 2304058 759871 748001 1556057 643078 116793 1010324 303465 635398 626192 545733 542245 79486 444536 180125 413667 3488 24886 135801 252304 752005 542262 209743 446067 113954 2046 207067 3152 192232
is_linear=0
shrinkage=0.03


Tree=26
num_leaves=31
num_cat=0
split_feature=16 16 17 5 15 88 87 19 87 9 25 6 25 7 15 6 25 87 88 9 11 6 54 65 67 70 2 61 71 72
split_gain=7165.31 2187.09 2147.53 734.381 679.121 610.114 454.409 448.488 444.533 354.958 330.583 278.72 285.64 254.91 219.709 211.475 208.126 209.181 200.603 198.631 190.512 188.3 186.854 181.576 170.293 165.565 161.647 154.576 152.704 267.721
threshold=0.22396993637084964 0.53458327054977428 1.0000000180025095e-35 1.0881147384643557 0.31061333417892462 0.031595343723893173 0.27067247033119207 0.2834331095218659 0.025666352361440662 0.17917595058679583 0.22396993637084964 0.30833633244037634 0.46720869839191442 -0.57484117150306691 0.58756005764007579 0.32316519320011144 0.22396993637084964 0.20159892737865451 0.17352695018053058 1.0000000180025095e-35 0.31061333417892462 0.37778031826019293 1.0000000180025095e-35 2.7560548782348637 0.62299692630767833 1.3610217571258547 -0.11210887134075163 0.18027425557374957 3.537340641021729 -1.3168689012527464
decision_type=2 2 2 2 2 2 2 2 2 2 2 2 2 2 2 2 2 2 2 2 2 2 2 2 2 2 2 2 2 2
left_child=2 5 3 13 21 -2 -5 11 18 14 15 12 23 -1 -6 22 17 -15 -4 25 -9 -3 -10 27 -8 -19 -13 -7 29 -20
right_child=1 4 8 6 9 7 24 20 10 -11 -12 26 -14 16 -16 -17 -18 19 28 -21 -22 -23 -24 -25 -26 -27 -28 -29 -30 -31
leaf_value=-0.02571636409946684 0.014418542353302498 0.010935391823846882 0.0020358741062856916 -0.012518804794109037 0.012990029453557352 0.0021769876515515163 -0.02711361168666019 0.005692816734220796 -0.0050064643372370694 0.025457037355615535 2.9016418734234164e-05 -0.0058640939621290803 0.01109971254325116 -0.0057819401480290354 0.026457469175956198 -0.0079555798947560027 7.9259242885792257e-05 -0.011217977611698642 -0.02451215888464375 -0.022793008387475416 0.021102709380423811 0.0030245958129590787 0.00021478968306845624 -0.058143319013203194 -0.0095604217319192157 0.0060653280449527334 0.00043791973067389844 0.012430210717073021 0.0093440059873609784 -0.0018471300269543316
leaf_weight=670.67688328929944 4244.3076130982081 6434.2401149389334 20934.857908161153 9188.688567191828 8972.1044417090015 32355.790738184412 3471.458782293892 26284.09138295264 26346.096417339984 3743.7617177730426 14486.639604853292 4133.4674604269676 3889.6300438269973 13456.771133087233 1244.0270312358625 16052.5947229304 3235.0217330573068 6305.5649820118779 473.19426542520523 1266.64988236106 739.35088253207505 4684.2304551609559 8051.7287657059496 40.353381901979446 588.19713264890015 538.84104194119573 31943.837141281692 1376.2575035691261 1060.4526655375957 27725.184520778712
leaf_count=17460 41917 53729 143441 177766 77082 249402 124058 157187 320203 16669 180595 42507 12974 203181 10458 333104 60304 139278 335 23628 1990 54902 116519 40 1641 685 333566 672 416 168220
internal_value=0 0.00518272 -0.00438211 -0.0104934 0.0131419 0.0032814 -0.0162224 0.00281169 -0.00232637 0.0175478 -0.00396521 0.00159981 0.00340486 -0.00751162 0.0146401 -0.00511214 -0.0070151 -0.00807923 -0.000205923 -0.0118853 0.00611765 0.00760525 -0.00378428 0.00251729 -0.0245834 -0.00985391 -0.000284563 0.00259687 -0.00181015 -0.00223105
internal_weight=283938 130085 153853 38721.9 25078.4 105007 13248.3 100763 115131 13959.9 64937.1 73739.3 37662 25473.5 10216.1 50450.4 24802.8 21567.8 50193.7 8111.06 27023.4 11118.5 34397.8 33772.4 4059.66 6844.41 36077.3 33732 29258.8 28198.4
internal_count=3063929 1053095 2010834 748001 212840 840255 303465 798338 1262833 104209 950421 639161 263088 444536 87540 769826 427076 366772 312412 163591 159177 108631 436722 250114 125699 139963 376073 250074 168971 168555
is_linear=0
shrinkage=0.03


Tree=27
num_leaves=31
num_cat=0
split_feature=16 17 88 9 19 3 87 26 13 26 62 14 16 88 17 26 67 7 60 7 39 15 87 7 64 88 9 67 63 7
split_gain=6868.68 2605.32 1532.69 957.35 755.112 702.129 692.811 637.48 398.52 327.451 259.265 272.836 253.886 253.785 251.22 233.289 221.2 210.394 208.387 201.544 200.148 191.902 182.703 180.619 176 179.62 168.418 164.148 164.801 160.343
threshold=0.31061333417892462 1.0000000180025095e-35 0.023474368266761306 0.48828019201755529 0.46715016663074499 0.052106203511357314 0.33427049219608312 0.22396993637084964 0.53458327054977428 0.22396993637084964 0.12254064902663232 0.46720869839191442 0.50316895544528972 0.036271719262003906 0.31061333417892462 0.22396993637084964 1.0373880267143252 -0.39434722065925593 0.0090038231573998945 0.37795858085155493 1.0000000180025095e-35 0.53458327054977428 0.14982257038354876 -0.065206006169319139 0.85555553436279308 0.43846678733825689 0.40253517031669622 0.50072121620178234 0.0001883567310869694 0.24676749855279925
decision_type=2 2 2 2 2 2 2 2 2 2 2 2 2 2 2 2 2 2 2 2 2 2 2 2 2 2 2 2 2 2
left_child=1 6 -2 4 8 13 9 14 12 17 11 19 -4 -3 -7 16 20 -1 -18 -9 -8 -6 -19 -14 25 -11 27 28 -15 -29
right_child=2 5 3 -5 21 7 15 10 -10 24 -12 -13 23 26 -16 -17 18 22 -20 -21 -22 -23 -24 -25 -26 -27 -28 29 -30 -31
leaf_value=-0.0042141588723047145 0.021842881565656135 0.011886007894329278 0.0023254774767300238 0.023090357904801798 0.010457264409507918 -0.0069772691324969157 -0.027433824711283882 -0.0033845677389855475 0.013584948586584012 -0.0072001212902002704 0.0088060828796519032 0.0024902537615293756 0.017527026942981697 0.00074494363598275309 -0.0028538616483963922 -0.0087530362280001384 0.016763463965782648 -0.0090513251084410554 -0.021809955858166214 0.0011771602666877455 -0.011178586374613313 0.021504581748411654 -0.015153619649831005 0.0056504668201014518 0.020726248420026055 0.0017500976884416211 0.016253709953607472 0.010538691225138891 -0.027520322501277908 -0.014737524115022316
leaf_weight=3909.4788984233455 5620.4661428520631 2278.4568590475537 50405.839334263816 2751.562452789396 11006.567425155779 28354.739159694815 3665.2939892962313 32527.747982122179 3655.0932635604404 6959.8007353413122 2539.1088366806507 15227.549143115524 1234.2976318642031 29047.260035655869 25066.023498568393 1492.6163309288095 238.96793374419212 9478.8596403323754 257.97516046091914 11903.126644404838 848.15630654839333 1627.1411862141686 8323.4158701094566 16958.630849541776 249.23257583379745 2838.537241407088 681.31580649781972 2484.8773066401482 182.8399398624897 244.79428260028362
leaf_count=85688 51737 20757 431420 9024 68031 346330 117483 380635 12669 132288 1295 126610 10189 184728 346602 30960 393 135590 736 145155 23479 11282 176897 165519 117 44370 2676 982 113 174
internal_value=0 -0.00329027 0.00666087 0.00568621 0.00512096 -0.00151342 -0.01028 -0.00263939 0.00393728 -0.00845114 -0.000574754 -0.000974648 0.0034224 0.00221442 -0.00504293 -0.0192006 -0.0223026 -0.0105234 -0.0032662 -0.00216237 -0.0243928 0.0118868 -0.0119075 0.00646015 -0.00397032 -0.00460717 0.0015378 0.00122195 0.000564244 0.00825205
internal_weight=282060 188800 93259.6 87639.1 84887.6 150538 38262.3 115618 72253.9 31759.3 62197.5 59658.4 68598.8 34919.5 53420.8 6503.01 5010.39 21711.8 496.943 44430.9 4513.45 12633.7 17802.3 18192.9 10047.6 9798.34 32641.1 31959.8 29230.1 2729.67
internal_count=3063929 2304058 759871 708134 699110 1556057 748001 1346627 619797 574950 653695 652400 607128 209430 692932 173051 142091 398175 1129 525790 140962 79313 312487 175708 176775 176658 188673 185997 184841 1156
is_linear=0
shrinkage=0.03


Tree=28
num_leaves=31
num_cat=0
split_feature=16 87 86 15 5 16 16 22 86 14 62 88 7 5 6 14 4 9 60 27 9 52 27 61 61 72 6 77 18 20
split_gain=6551.91 2385.58 1684.31 817.878 804.18 775.265 526.029 503.033 399.342 368.851 289.975 283.439 271.426 229.875 223.203 217.676 213.394 210.844 208.833 208.303 199.892 181.655 179.013 178.661 265.008 160.05 169.864 149.276 127.087 125.141
threshold=0.31061333417892462 0.14982257038354876 0.019798989407718185 0.22396993637084964 0.87840479612350475 1.0000000180025095e-35 0.53458327054977428 1.0000000180025095e-35 0.040215341374278075 0.22396993637084964 0.11103794723749162 0.32994011044502264 0.0088888886384665983 1.1714407801628115 0.07248376309871675 0.68507987260818493 0.20707555115222934 1.0000000180025095e-35 0.013894867151975633 0.20707555115222934 1.0000000180025095e-35 1.0000000180025095e-35 0.82060289382934581 7.3844592407112955e-05 0.11573373526334764 -1.4358599781990049 0.27632133662700659 -0.938257336616516 0.70072525739669811 1.0421443581581118
decision_type=2 2 2 2 2 2 2 2 2 2 2 2 2 2 2 2 2 2 2 2 2 2 2 2 2 2 2 2 2 2
left_child=1 5 20 15 16 9 17 13 -7 27 19 -9 -8 21 -12 25 -3 -5 -11 28 -2 -6 -14 -23 -25 -4 -27 -1 -10 -21
right_child=2 4 3 6 7 8 12 11 10 18 14 -13 22 -15 -16 -17 -18 -19 -20 29 -22 23 -24 24 -26 26 -28 -29 -30 -31
leaf_value=-0.0030658034624292088 0.015898358084669668 -0.011620661107648429 -0.020829452891211242 0.004457396835114787 -0.021159289140249463 0.0093882486066939955 0.028738815757028094 -0.017998064791264631 -0.0015398512454358438 -0.0015647015960826732 -0.01114538786705452 -0.0073591791210222395 0.010868316744550681 -0.026193622223182236 0.0087026612727049233 0.011146050555928886 -0.0028614194774925399 0.010695312953842098 0.013895745191867804 0.00075954333370819574 0.026213865050550029 -0.013609175607926237 0.021683818224092384 0.030068449735713255 -0.01833325060063935 0.0044521524038878607 0.00074171892814263029 -0.0069970587483084495 -0.0065077882824048656 0.017465686672580548
leaf_weight=12245.750622770451 3569.4923437889665 3332.781410239455 264.28963154554367 18452.246281300788 2489.3426953499438 3946.4849522721779 976.11163335572928 3193.771215569257 42710.592197148886 19484.930425450322 569.47215475142002 7685.0331164046729 10509.114243377844 3500.1477360838326 4620.7982497811317 2630.1867277999409 10046.562185771007 6633.68747926387 815.35336355865002 35139.960663922189 3270.5482203943538 1481.2983566841285 1589.0654352902202 227.00908482074738 178.34102600812912 20183.258618714171 24692.226076038613 30082.001927350597 5196.2350436149281 404.27429387904704
leaf_count=168120 36576 59917 194 123224 58592 31646 5234 74338 393348 248955 334 162644 89983 97303 2526 12641 144671 33151 405 272085 20103 40367 6399 150 310 162698 269668 456896 91094 357
internal_value=0 -0.00322856 0.00651996 0.00537881 -0.0106681 -0.00168809 0.00865333 -0.0146762 5.56488e-05 -0.0042659 -0.000360211 -0.0104884 0.0135323 -0.0204518 0.00651718 0.00276241 -0.0050465 0.00610856 -0.000940902 -0.000788298 0.0208438 -0.0158385 0.012296 -0.00878561 0.00879121 0.00227287 0.00241088 -0.00586022 -0.00207929 0.000951627
internal_weight=280120 187350 92770.2 85930.2 32134.3 155216 38160.2 18754.9 92587.8 62628 88641.3 10878.8 13074.3 7876.14 5190.27 47770 13379.3 25085.9 20300.3 83451.1 6840.04 4375.99 12098.2 1886.65 405.35 45139.8 44875.5 42327.8 47906.8 35544.2
internal_count=3063929 2304058 759871 703192 638292 1665766 257991 433704 791390 874376 759744 236982 101616 196722 2860 445201 204588 156375 249360 756884 56679 99419 96382 40827 460 432560 432366 625016 484442 272442
is_linear=0
shrinkage=0.03


Tree=29
num_leaves=31
num_cat=0
split_feature=16 86 18 16 85 25 9 5 86 7 7 85 85 6 26 19 60 14 36 66 7 68 60 9 84 7 7 3 77 77
split_gain=6253.68 2076.8 1817.88 1073.12 798.017 579.324 432.385 395.901 351.672 338.715 287.796 365.075 286.352 268.427 268.277 267.938 242.31 212.607 201.932 192.023 191.818 185.978 181.01 180.595 179.812 177.852 181.295 169.153 166.284 157.016
threshold=0.22396993637084964 0.025333665311336521 1.0000000180025095e-35 0.46720869839191442 0.081354223191738143 0.22396993637084964 0.2484906688332558 1.1714407801628115 0.012389151379466059 -0.39876551926136011 0.27240583300590521 0.20007556676864627 0.022902389056980613 0.22100983560085299 0.22396993637084964 0.52258238196372997 0.0024861686397343878 0.68507987260818493 1.0000000180025095e-35 0.025139065459370617 -0.21006280183792111 1.4054087996482851 4.2428351662238135e-05 0.29957322776317602 -0.36045473814010615 0.37795858085155493 0.39656957983970648 0.055712645873427398 -0.13286319375038144 -0.98853281140327443
decision_type=2 2 2 2 2 2 2 2 2 2 2 2 2 2 2 2 2 2 2 2 2 2 2 2 2 2 2 2 2 2
left_child=2 8 7 12 14 9 15 18 -2 13 11 21 16 -6 27 20 23 -14 -1 -20 -5 -11 -21 -3 -13 -7 -27 -4 -23 -9
right_child=1 3 4 6 5 25 -8 29 -10 10 -12 24 17 -15 -16 -17 -18 -19 19 22 -22 28 -24 -25 -26 26 -28 -29 -30 -31
leaf_value=-0.01795533653766352 0.0251086743528951 0.0026383333233231344 8.7518105755107889e-05 0.016601919201383888 -0.00054873498563005733 -0.0021707304252487742 0.017838065181361863 -0.0038092481110859723 0.013618550715439822 -0.0085281082964230124 -0.0047032293179288713 -0.0080612354130868164 -0.0005688694417181376 -0.01645927303937237 0.0013486557002319022 0.013983838030752798 0.014613226056334553 0.0083010335600449403 -0.011105906295825195 0.022253138365773896 0.0051995076787079864 -0.0067458081805412962 -0.0048093360072595601 0.011098696269122639 -0.016810636037380984 0.011226028741707778 -0.0015001681767360577 -0.0039810201566736212 0.0075958291544746806 -0.025543693338690242
leaf_weight=2896.4870313800493 3567.6598131469218 41396.770328154555 14596.496601023566 1406.7032229751348 9883.2651997168578 11059.344538022677 3804.4945858854335 329.87659624154912 7383.8525813006854 16145.900481538803 15796.134405605262 2992.4686419546779 36169.060183716414 1052.4605691633187 28390.067158850085 4296.2928908868344 1706.987547069788 2603.4174824543297 3642.2091045141278 316.97644083946943 23026.230069619109 1618.9999896511436 720.82176897674799 2399.5717024402693 7318.3094625067024 2117.8781946784584 1915.6167352914345 24847.548850858439 1314.8249212652445 3434.8100601939223
leaf_count=64383 26827 242960 94839 10861 158287 148453 18041 6654 67689 276246 314483 43948 413129 22465 243922 29871 558 13220 81387 208 220161 2506 926 9778 120834 19326 25909 288889 1717 95452
internal_value=0 0.00488036 -0.00414603 0.00370881 -0.00320376 -0.00542178 0.00833649 -0.0156932 0.0173699 -0.00682487 -0.00797139 -0.00972685 0.00192198 -0.00208584 -0.000874934 0.00707577 0.00353608 2.7388e-05 -0.0117303 -0.00786456 0.00585879 -0.00726582 0.00350579 0.00310294 -0.0142759 -0.000203686 0.0051854 -0.00247546 -0.000315328 -0.0236465
internal_weight=278152 127761 150390 116810 139049 71215.2 32533.7 11341.2 10951.5 56122.4 45186.6 29390.5 84275.8 10935.7 67834.1 28729.2 45503.3 38772.5 7576.49 4680.01 24432.9 19079.7 1037.8 43796.3 10310.8 15092.8 4033.49 39444 2933.82 3764.69
internal_count=3063929 1053095 2010834 958579 1761824 1134174 278934 249010 94516 940486 759734 445251 679645 180752 627650 260893 253296 426349 146904 82521 231022 280469 1134 252738 164782 193688 45235 383728 4223 102106
is_linear=0
shrinkage=0.03


Tree=30
num_leaves=31
num_cat=0
split_feature=17 15 18 86 5 87 86 14 15 5 7 53 6 6 6 7 85 86 61 69 6 71 2 12 62 87 88 6 4 78
split_gain=5984.17 2198.93 1602.11 918.271 762.2 474.161 429.54 405.553 397.619 385.446 375.363 305.187 273.004 269.856 246.59 235.693 295.603 229.877 227.823 212.829 198.313 191.956 178.859 175.24 190.335 172.398 167.75 177.974 167.866 165.293
threshold=0.37446653842926031 0.22396993637084964 1.0000000180025095e-35 0.019798989407718185 0.79009422659873974 0.043339714407920844 0.031672205775976188 0.50316895544528972 0.50316895544528972 1.1714407801628115 -0.4054999947547912 0.24964435398578647 0.22100983560085299 0.029085938818752769 0.22100983560085299 0.27240583300590521 0.18646118044853213 0.063987761735916152 0.0020848145941272382 0.75703594088554393 0.021184517070651058 4.767287254333497 -1.1888568401336668 0.46720869839191442 0.64906552433967601 0.024751187302172187 0.27508865296840673 0.39818593859672552 0.48623421788215643 0.0068837031722068795
decision_type=2 2 2 2 2 2 2 2 2 2 2 2 2 2 2 2 2 2 2 2 2 2 2 2 2 2 2 2 2 2
left_child=2 6 9 -3 11 -6 -2 12 13 21 14 17 -8 20 -7 16 18 -4 -12 -19 -5 29 -13 24 -15 -14 -17 -28 -29 -1
right_child=1 3 4 8 5 10 7 -9 -10 -11 15 22 25 23 -16 26 -18 19 -20 -21 -22 -23 -24 -25 -26 -27 27 28 -30 -31
leaf_value=-0.015287517477850012 0.010175791229433817 0.021082434320460017 0.0099261253584548969 0.0097315138477693519 -0.0020988866092485747 0.00014008875498327681 0.0023619038782884943 0.0065318776511352761 0.018179597794125424 -0.023345272369017157 -0.0099495725088018412 0.03640466205761677 0.00064115990305854264 0.0056317182115934372 -0.018369032563261237 -0.010992699729736525 -0.015517472505567505 -0.0034934315629206896 0.00023716656529680109 0.0053969842628736704 0.023864769441923797 0.035913823582227784 0.0018381331347253895 0.017479718397344777 0.030016846929987264 -0.0032336581801017668 -0.0046441611419854372 -0.0088106286495276496 0.023072350199007635 -0.0059060470429532722
leaf_weight=4777.31106355667 5193.5975531710428 5703.6132429466525 1286.6191408636441 2597.9324171002954 20463.329084894736 6870.131162997066 38812.939752944512 11688.316333446768 3276.9647833555937 3687.3667665721732 11990.245583782038 131.758955208119 22530.295693345892 29826.531212495815 711.19334276590962 3799.2433701389818 7853.1378432488491 38413.263425242098 2364.3914949819446 2582.7026920542121 1368.3532101563178 72.332253679633141 18185.445453616208 1214.8184147686698 287.21516156196594 19082.313482315338 8302.4337019628147 228.19872120179934 412.2942196210206 2629.066469287558
leaf_count=95859 48402 48081 4824 18344 187651 114719 352490 81329 22915 102106 210365 495 205538 218531 16552 87757 145402 343000 3541 1417 3128 29 157612 4276 70 352488 171577 5271 9144 51016
internal_value=0 0.00430694 -0.00452498 0.00984924 -0.00354145 -0.00585204 0.00178481 0.00131124 0.00818606 -0.0154058 -0.00765735 -0.00113923 0.000552177 0.00725612 -0.0016044 -0.00896989 -0.0108365 -0.00254047 -0.00827177 -0.00293276 0.0146277 -0.0114803 0.00209492 0.00632097 0.0058684 -0.00113575 -0.00571385 -0.00346682 0.0117217 -0.0119629
internal_weight=276343 141583 134760 44275.4 123594 62994.6 97307.5 92113.9 38571.8 11166.1 42531.3 60599.8 80425.5 35294.9 7581.32 34949.9 22207.8 42282.6 14354.6 40996 3966.29 7478.71 18317.2 31328.6 30113.7 41612.6 12742.2 8942.93 640.493 7406.38
internal_count=3063929 1355592 1708337 315345 1459327 951979 1040247 991845 267264 249010 764328 507348 910516 244349 131271 633057 359308 349241 213906 344417 21472 146904 158107 222877 218601 558026 273749 185992 14415 146875
is_linear=0
shrinkage=0.03


Tree=31
num_leaves=31
num_cat=0
split_feature=16 17 86 16 5 3 14 87 15 13 82 86 9 86 7 7 67 14 9 13 73 67 77 85 6 9 17 67 26 72
split_gain=5793.42 2159.22 1471.47 722.27 636.267 577.737 543.216 370.927 308.829 289.632 276.108 261.243 247.926 225.189 213.551 188.725 187.452 172.716 181.754 168.788 168.131 167.071 165.572 163.473 153.639 147.805 146.31 142.505 140.41 136.798
threshold=0.31061333417892462 1.0000000180025095e-35 0.02173689287155867 0.53458327054977428 1.0881147384643557 0.052106203511357314 0.31061333417892462 0.31001767516136175 0.31061333417892462 0.63123199343681347 -0.49576716125011439 0.034527631476521499 0.48828019201755529 0.0087381042540073412 -0.57484117150306691 0.0088888886384665983 1.7657014131546023 0.37446653842926031 1.0000000180025095e-35 0.46720869839191442 -0.18406024575233457 1.1111582517623904 -0.51272365450859059 0.024881502613425258 0.37778031826019293 0.40253517031669622 0.22396993637084964 0.50072121620178234 0.98538365960121166 -1.4194067120552061
decision_type=2 2 2 2 2 2 2 2 2 2 2 2 2 2 2 2 2 2 2 2 2 2 2 2 2 2 2 2 2 2
left_child=1 4 13 9 14 11 10 -6 24 12 16 -3 23 -2 -1 -10 26 18 -16 28 -18 -19 29 -4 -5 27 -7 -13 -8 -12
right_child=2 5 3 8 7 6 19 -9 15 -11 22 25 -14 -15 17 -17 20 21 -20 -21 -22 -23 -24 -25 -26 -27 -28 -29 -30 -31
leaf_value=-0.024061165413047401 0.026821177001282507 0.011046490995855375 0.0041566441701542042 0.0096399740693194468 -0.012082116707652323 -0.0054041380542235928 0.00044823588980480238 -0.024075719617221977 0.029003799540721773 0.015343667318456496 0.011485668428619368 0.00030517257966688175 0.016857947616932482 0.015463264760066792 -0.0062425285582632826 0.012832234075606038 -0.02189350222483058 -0.001210572562124637 -0.014902062585782435 0.0084590490493132026 0.014134011008885939 0.034479335353092562 -0.0082453056195769016 0.00098230344041457798 0.0021337759473228708 0.015300360948147037 -0.0016815617539000436 0.007633566914871397 -0.0089361752613733875 -0.0043264945441784126
leaf_weight=619.96779825771227 2245.2048316728324 2641.4316922272847 36828.491798892326 5825.4018923010735 9433.9208026560664 13404.42693847308 32354.394203523989 3086.2552172257856 702.81746158143505 1803.7094705179334 507.93879908323288 28126.275267746008 1163.23952258192 5344.6225041405123 18051.391727944225 8571.3216878651292 128.9012635499239 3162.6255387547426 2481.9902528459206 2279.4547222624533 960.54432386159897 118.6161662042141 15958.640073607785 24202.750721739605 4246.5880704185984 653.81782582774758 32661.470010964113 2605.9167573750019 1497.4962599165738 12974.179980458634
leaf_count=17460 14699 22411 238535 50264 200092 171172 300407 103373 3724 5873 412 183266 4327 51822 326160 66635 159 53995 46891 12596 863 30 244831 271627 52365 2611 424725 1142 22478 168984
internal_value=0 -0.00306549 0.00619291 0.00504065 -0.00954645 -0.00143325 -0.00246742 -0.0150457 0.0101198 0.00350465 -0.00389768 0.00199253 0.00316027 0.0188361 -0.00672648 0.0140702 -0.00247398 -0.00627105 -0.00729217 0.000564611 0.00980269 0.00011865 -0.00617723 0.00289804 0.00647773 0.0012291 -0.00276524 0.000927638 3.19608e-05 -0.00372721
internal_weight=274644 183710 90934.1 83344.3 36954.8 146755 112727 12520.2 19346.1 63998.2 76596.1 34027.4 62194.5 7589.83 24434.6 9274.14 47155.3 23814.6 20533.4 36131.3 1089.45 3281.24 29440.8 61031.2 10072 31386 46065.9 30732.2 33851.9 13482.1
internal_count=3063929 2304058 759871 693350 748001 1556057 1346627 303465 172988 520362 1011146 209430 514489 66521 444536 70359 596919 427076 373051 335481 1022 54025 414227 510162 102629 187019 595897 184408 322885 169396
is_linear=0
shrinkage=0.03


Tree=32
num_leaves=31
num_cat=0
split_feature=16 17 86 26 87 15 24 5 86 15 6 70 6 26 30 24 4 86 62 61 69 7 7 77 77 13 79 7 7 22
split_gain=5548.88 2432.3 1127.15 887.733 602.067 515.554 504.769 377.615 339.911 301.202 249.879 249.566 219.595 228.068 215.082 214.503 204.165 200.844 194.309 217.993 181.518 193.097 368.461 163.562 161.779 158.78 156.581 142.628 163.921 141.728
threshold=0.37446653842926031 0.22396993637084964 0.02173689287155867 1.0000000180025095e-35 0.25265523791313177 1.0000000180025095e-35 0.37446653842926031 0.14931328594684604 0.034527631476521499 0.46720869839191442 0.22100983560085299 1.3163039088249209 0.48132444918155676 0.22396993637084964 1.0000000180025095e-35 1.0000000180025095e-35 0.20707555115222934 0.0087381042540073412 0.51891759037971508 0.00012318287554080601 1.1259234547615053 0.19601170718669894 0.27240583300590521 -0.019387163221836087 1.0000000180025095e-35 0.61035025119781505 0.0010520503856241705 0.56666824221611034 0.09099163115024568 0.54616108536720287
decision_type=2 2 2 2 2 2 2 2 2 2 2 2 2 2 2 2 2 2 2 2 2 2 2 2 2 2 2 2 2 2
left_child=1 3 17 4 29 12 9 -8 -7 26 14 27 13 -3 -10 16 23 -2 19 -13 21 -18 -23 -5 -25 -9 -4 28 -6 -1
right_child=2 5 6 15 11 8 7 25 10 -11 -12 18 -14 -15 -16 -17 20 -19 -20 -21 -22 22 -24 24 -26 -27 -28 -29 -30 -31
leaf_value=-0.0075887443183895991 0.026759108126579383 -0.0029142506098485048 0.0050639661741793893 -0.0060100174457343473 -0.013262820141412768 0.011955368907107187 0.017824914603517355 0.0049216684775940456 0.0031066451403871146 0.01510935894590327 -0.00026008674128436828 -0.037475580889261756 -0.011874345500338179 0.00036515225599054364 0.01305559195302239 -0.0016101634590010587 -0.001008747229945836 0.015594190993492086 -0.022905105385934137 0.014793032606042974 0.0118643713475527 -0.011655361825965991 -0.0012864797104742967 -0.020504543289100903 -0.0089030911197872237 0.015523679701543884 0.00050223281603245485 0.00052566042595235353 -0.026566183078088702 -0.014147211901546157
leaf_weight=17080.271853754675 2093.333046669839 37173.793254456337 36348.203730583569 6607.5188253968809 1106.032613711257 3133.4308865842177 5105.7011525616981 5848.5899256968405 20797.98874129774 2403.8300571892178 25773.919461774756 81.456101715564728 1781.5380436480045 39215.304803180101 2155.8467073249631 17176.949855134124 8424.7119009277667 4833.2038215071952 321.64707515016198 447.39690535701811 623.28608983010054 6713.6865726550459 5706.8525136081735 1767.7560902795522 2815.2614815826528 1624.1340127224103 8326.3859008174622 234.18743105890462 3573.8502702273108 3597.3849195588846
leaf_count=261527 13764 515570 335909 84813 44134 25767 17346 37160 100935 20999 203684 308 37484 428992 6801 157790 129140 47124 1051 771 519 110713 102045 27195 41902 5843 94106 8291 121570 80676
internal_value=0 -0.00243026 0.0075299 -0.0066831 -0.011126 6.46025e-05 0.00619892 0.0115374 0.00238371 0.00477163 0.00176718 -0.019699 -0.00147396 -0.00123074 0.00404337 -0.00432494 -0.00575226 0.0189826 -0.00466234 0.00651308 -0.00403811 -0.00451601 -0.00689349 -0.00903776 -0.0133929 0.0072336 0.00421398 -0.0222947 -0.0234371 -0.00873248
internal_weight=272893 206310 66583.4 76278.3 26442.2 130032 59656.8 12578.4 51861.2 47078.4 48727.8 5764.57 78170.6 76389.1 22953.8 49836 32659.1 6926.54 850.5 528.853 21468.5 20845.3 12420.5 11190.5 4583.02 7472.72 44674.6 4914.07 4679.88 20677.7
internal_count=3063929 2491678 572251 1172445 518328 1319233 511363 60349 337187 451014 311420 176125 982046 944562 107736 654117 496327 60888 2130 1079 342417 341898 212758 153910 69097 43003 430015 173995 165704 342203
is_linear=0
shrinkage=0.03


Tree=33
num_leaves=31
num_cat=0
split_feature=17 19 87 9 26 9 5 87 39 52 14 17 87 5 87 9 65 6 6 6 2 19 7 8 6 27 7 66 6 17
split_gain=5317.28 1766.7 1340.82 585.781 563.246 550.447 534.549 370.733 275.291 246.171 238.433 229.945 221.807 211.593 203.52 195.705 181.184 180.082 209.346 280.884 177.368 160.372 154.68 142.149 139.826 138.002 136.41 135.468 134.636 127.982
threshold=0.37446653842926031 0.3114724606275559 0.20159892737865451 0.29957322776317602 0.22396993637084964 0.17917595058679583 0.82420021295547496 0.022069753147661689 1.0000000180025095e-35 0.24964435398578647 0.75503185391426098 0.53458327054977428 0.043339714407920844 1.072022616863251 0.50066190958023082 0.82702690362930309 2.2223820686340336 0.35366602241992956 0.014005722478032114 0.029085938818752769 -1.1888568401336668 0.49501426517963415 0.56666824221611034 1.0000000180025095e-35 0.31944467127323156 1.0000000180025095e-35 0.22128008306026462 0.55005586147308361 0.29009008407592779 0.50316895544528972
decision_type=2 2 2 2 2 2 2 2 2 2 2 2 2 2 2 2 2 2 2 2 2 2 2 2 2 2 2 2 2 2
left_child=2 3 6 7 8 11 9 10 14 16 29 -3 -8 24 22 -7 -1 18 -9 -20 -11 -13 26 -5 -14 -6 27 -4 -10 -2
right_child=1 5 4 23 25 15 12 17 28 20 -12 21 13 -15 -16 -17 -18 -19 19 -21 -22 -23 -24 -25 -26 -27 -28 -29 -30 -31
leaf_value=-0.0025645223064298677 0.0011054723455949001 0.0045452539437667418 -0.015010985813541534 0.0083250829975028036 -0.0097310223162344594 0.015855065071126478 -0.0027302649525584857 -0.006011989109725213 -0.0046152743716403235 0.036165477777966436 0.013972334102835193 0.0078328652995267849 -0.0029811020776558898 -0.0095983911831520642 -0.027281049057942354 0.03059552622888536 0.012945066983464835 -0.0026153887543889347 0.013017112739087717 0.0012465220143696287 0.0016822853912276435 0.013533048170828222 0.0032103250739731969 0.018946819285417277 -0.0085176664547992123 -0.0015233796404479708 -0.022186006618009312 0.0056817149369760237 -0.017967993811837113 0.0040122302439295696
leaf_weight=41929.488600922632 22538.993733543059 9804.0295517592458 3698.1313805348909 3011.0694046490826 3221.2597824505647 5055.7345713519026 19703.534034482145 3001.8981821463967 2513.1997922181617 131.35334657039493 1790.4567115618847 10542.150426567619 13133.898277775501 13733.895060704788 1798.1490827091329 971.05529334675521 685.03351347148418 19330.094066760124 2039.1901214090176 17082.632411315339 16842.097525724326 7718.043381919415 358.65863285749219 1829.9928143215366 5976.3297978241462 4312.0518326392048 2703.8349751795904 306.10653852298856 930.60790094675031 34529.663435801922
leaf_count=352467 139322 56505 97732 22875 60423 27547 184019 53964 46818 423 7032 92032 183395 253059 58497 2392 336 346342 12037 217227 147060 63404 9519 6719 144294 62617 76423 594 30661 308194
internal_value=0 0.00408938 -0.00431455 0.00216508 -0.0115024 0.0100238 -0.00304229 0.00167287 -0.0154561 -0.00109698 0.00320335 0.00825483 -0.0052479 -0.0067576 -0.0182534 0.0182496 -0.00231391 -0.000500214 0.00134781 0.00250446 0.00195787 0.0102448 -0.0159415 0.0123535 -0.0047142 -0.00503688 -0.0169674 -0.0134239 -0.0082415 0.00286446
internal_weight=271223 139245 131978 105154 19842 34091 112136 100313 12308.7 59588 58859.1 28064.2 52547.7 32844.1 8864.88 6026.79 42614.5 41453.8 22123.7 19121.8 16973.5 18260.2 7066.73 4841.06 19110.2 7533.31 6708.07 4004.24 3443.81 57068.7
internal_count=3063929 1355592 1708337 1113712 443284 241880 1265053 1084118 320244 500286 454548 211941 764767 580748 242765 29939 352803 629570 283228 229264 147483 155436 184268 29594 327689 123040 174749 98326 77479 447516
is_linear=0
shrinkage=0.03


Tree=34
num_leaves=31
num_cat=0
split_feature=16 17 86 16 5 3 25 87 25 77 86 9 9 86 12 4 69 67 82 62 7 7 7 63 60 61 18 2 72 36
split_gain=5131.3 1885.89 1323.17 632.893 567.182 515.016 414.813 325.12 287.383 277.098 265.938 263.223 250.192 226.301 204.346 193.836 191.052 179.715 168.726 180.25 163.133 153.488 416.285 149.334 132.576 161.656 128.996 127.392 124.111 122.92
threshold=0.31061333417892462 1.0000000180025095e-35 0.025333665311336521 0.53458327054977428 1.0881147384643557 0.060384923592209823 0.22396993637084964 0.31001767516136175 0.63123199343681347 -0.84405472874641407 0.012389151379466059 0.40253517031669622 0.29957322776317602 0.041450999677181251 0.31061333417892462 0.14931328594684604 0.11435408517718317 0.50072121620178234 -0.69146859645843495 0.24486763030290606 0.24759954959154132 0.16147238016128543 0.27240583300590521 0.0001883567310869694 0.53708404302597057 0.17017634212970736 0.70072525739669811 -0.23682405799627301 -1.1215718388557432 0.72928956151008617
decision_type=2 2 2 2 2 2 2 2 2 2 2 2 2 2 2 2 2 2 2 2 2 2 2 2 2 2 2 2 2 2
left_child=1 4 10 12 15 11 9 -6 26 28 -2 13 14 -3 -4 -1 21 23 19 -11 -19 -17 -23 -15 25 -8 -5 -18 -7 -10
right_child=2 5 3 8 7 6 24 -9 29 18 -12 -13 -14 17 -16 16 27 20 -20 -21 -22 22 -24 -25 -26 -27 -28 -29 -30 -31
leaf_value=-0.011189782137133859 0.023651758270398882 0.0083291919634543108 0.0022068250880838071 0.011608161050619204 -0.011553820893367237 0.0050917014242440302 0.00027266327646919349 -0.023048229847337412 0.022840435395931256 -0.0039640893166691862 0.01294274519787965 0.017816219841080141 0.011103727843141569 -3.9311659719389256e-05 0.0087474038597528652 -0.0022364995105663521 -0.017666314324258432 0.0096443060996870712 -0.007111344785912215 0.0085602142194546819 -0.01909117531844284 -0.013567838609805687 -0.0012950101430337024 -0.026552285144796423 -0.039004462634289874 0.015189722387289951 0.0056480357957772384 0.0084891799349350559 -0.0021433667167434149 0.011298898933256425
leaf_weight=5714.1652649967655 3097.7392072617076 3673.1335106284823 53986.028809096373 5067.1199278369313 9196.3061419457954 2276.4303099438548 30215.873920996732 2925.3187054216542 1804.8096239888109 18029.278499752858 6476.274566195847 883.20690464461222 3392.691899321042 29473.480193305004 4668.524542161962 6622.5581418954607 187.41587306559086 2630.3915688991547 21738.434132426526 1093.2279811426997 186.91034799814224 5599.256319174543 4476.3024831637158 188.45026090741158 72.27365842461586 664.32581984996796 9257.9788348885486 1348.6520795300603 33181.657949019449 1567.3133684238419
leaf_count=89545 24948 31736 478448 41179 200092 2038 291261 103373 6761 254386 62367 4318 16218 222049 16949 134423 301 1222 329757 1047 155 119605 99184 134 46 223 102911 1478 417685 10090
internal_value=0 -0.0029119 0.0058804 0.00461461 -0.00904716 -0.00137813 -0.0024312 -0.0143348 0.00961854 -0.00361921 0.0164166 0.00167181 0.00318678 0.00127535 0.00272805 -0.00636863 -0.00485542 0.00047655 -0.0053031 -0.0032462 0.00771193 -0.00578702 -0.00811847 -0.000211465 0.000498006 0.000595645 0.00775924 0.00525743 -0.00167822 0.0174972
internal_weight=269696 180377 89318.5 79744.5 36070 144307 107272 12121.6 17697.2 76319 9574.01 37035.6 62047.2 36152.4 58654.6 23948.4 18234.2 32479.2 40860.9 19122.5 2817.3 16698.1 10075.6 29661.9 30952.5 30880.2 14325.1 1536.07 35458.1 3372.12
internal_count=3063929 2304058 759871 672556 748001 1556057 1296443 303465 160941 1004913 87315 259614 511615 255296 495397 444536 354991 223560 585190 255433 1377 353212 218789 222183 291530 291484 144090 1779 419723 16851
is_linear=0
shrinkage=0.03


Tree=35
num_leaves=31
num_cat=0
split_feature=16 16 86 18 9 26 86 5 62 15 21 4 78 86 26 31 36 24 18 66 65 61 79 70 3 87 77 70 12 69
split_gain=4905.85 1979.95 1016.2 999.355 456.007 435.543 430.115 329.521 305.751 298.931 249.023 217.193 211.939 209.174 204.792 173.21 171.819 166.599 164.692 164.079 163.683 158.436 158.93 157.855 155.899 154.571 138.465 191.879 133.837 133.219
threshold=0.37446653842926031 1.0000000180025095e-35 0.023513283580541614 1.0000000180025095e-35 0.17917595058679583 1.0000000180025095e-35 0.046530796214938171 1.1714407801628115 0.13707285374403003 0.42514967918396002 0.3114724606275559 0.14931328594684604 -0.0030286395922303195 0.0087381042540073412 0.31061333417892462 1.0000000180025095e-35 1.0000000180025095e-35 0.53458327054977428 0.66838845610618602 0.025139065459370617 1.9700765013694765 0.11573373526334764 -0.79422238469123829 2.0052185058593754 0.025830680504441265 0.081869672983884825 -0.98853281140327443 1.3721346855163576 0.31061333417892462 1.7085258960723879
decision_type=2 2 2 2 2 2 2 2 2 2 2 2 2 2 2 2 2 2 2 2 2 2 2 2 2 2 2 2 2 2
left_child=1 3 13 7 9 25 24 16 10 28 18 -7 23 -2 -14 -12 -1 -6 -8 -18 -13 -21 -23 -10 -3 -5 27 -9 -4 -24
right_child=2 6 4 5 17 11 8 26 12 -11 15 20 14 -15 -16 -17 19 -19 -20 21 -22 22 29 -25 -26 -27 -28 -29 -30 -31
leaf_value=-0.01666484299312632 0.025794661441651753 0.010457065143097648 0.0034060920228128045 -0.0051269826264073916 0.0095957229817410349 -0.0068389394516423212 -0.002024018412066082 -0.017715989589936899 -0.021108131878889401 0.011255092970452832 -0.00030141883706731349 -0.0021452313464684299 0.0044599612399126186 0.014443037653398834 0.017450485695353953 0.0035195216742360657 -0.010200017329121154 0.019108064206242312 -0.0094514468965888124 0.014638778370229718 0.01440415135511517 0.031921236444671715 -0.030521581648367345 0.0045333378769263312 0.0020380599947515308 -0.0098042708220023606 -0.023920441435790384 0.033482224844781638 0.0096011350050363951 0.0035837029251075295
leaf_weight=2703.5032100662502 1973.6628797671292 4699.8136319070181 40902.866128939 11558.304440299275 5552.4794805422425 10113.598493427009 33147.316319761565 223.47431013901951 391.92342211306095 5570.7307558082975 52729.204740669025 39694.345278498615 3152.3022378534079 5745.5118897531065 1671.7143702507019 13384.259476774023 3448.4803163551842 2373.6951309314463 2920.8875709732529 537.43536071665585 541.25426937639713 69.334978580474854 237.29387238621712 472.71988213062286 3424.5800425550551 14195.375582617438 3116.7637053794606 88.746027879416943 3398.2754010512726 178.24257462471724
leaf_count=64383 13764 35570 400807 169012 37128 133196 271899 6561 388 42460 523361 609206 1888 56625 492 117868 81387 8273 39906 448 419 53 447 345 32653 306465 95452 93 13194 186
internal_value=0 -0.00230668 0.00713623 -0.00573594 0.0057699 -0.00453317 0.000256773 -0.0143632 -0.00024464 0.00470671 -0.000621636 -0.00290948 0.00652199 0.0173579 0.00897336 0.000472205 -0.0106955 0.0124532 -0.00262662 -0.00707319 -0.00192109 0.00346858 -0.00892182 -0.00712786 0.0069116 -0.00770639 -0.0220143 -0.00290965 0.00388223 -0.0159869
internal_weight=268218 202701 65517.2 86706.2 57798 76102.9 115995 10603.3 107870 49871.9 102182 50349.2 5688.66 7719.17 4824.02 66113.5 7174.29 7926.17 36068.2 4470.79 40235.6 1022.31 484.871 864.643 8124.39 25753.7 3428.98 312.22 44301.1 415.536
internal_count=3063929 2491678 572251 1467308 501862 1218298 1024370 249010 956147 456461 953034 742821 3113 70389 2380 641229 146904 45401 311805 82521 609625 1134 686 733 68223 475477 102106 6654 414001 633
is_linear=0
shrinkage=0.03


Tree=36
num_leaves=31
num_cat=0
split_feature=17 16 18 3 24 85 18 85 13 7 7 14 85 24 25 28 60 57 3 26 85 79 63 3 6 66 62 13 4 6
split_gain=4726.17 1802.24 1245.94 588.722 563.355 481.192 361.692 303.525 275.441 238.006 262.521 237.505 225.477 216.53 196.255 171.155 170.498 177.805 156.504 160.393 146.471 144.81 144.427 135.543 131.189 130.412 265.622 129.612 127.381 284.197
threshold=0.37446653842926031 0.50316895544528972 1.0000000180025095e-35 0.02362634148448706 1.0000000180025095e-35 0.024881502613425258 0.66838845610618602 0.1839721500873566 0.56247621774673473 -0.39434722065925593 0.27240583300590521 0.37446653842926031 0.52344870567321788 0.46720869839191442 0.37446653842926031 0.14931328594684604 8.0422807968716381e-07 1.0000000180025095e-35 0.07772355899214746 0.22396993637084964 0.20007556676864627 0.010852317791432144 0.15309635549783709 1.0000000180025095e-35 0.07248376309871675 0.053979724645614631 1.0364890694618227 0.37446653842926031 0.4769654124975205 0.3775490671396256
decision_type=2 2 2 2 2 2 2 2 2 2 2 2 2 2 2 2 2 2 2 2 2 2 2 2 2 2 2 2 2 2
left_child=2 5 12 13 6 14 7 18 -5 -9 -11 -7 15 -3 21 -1 17 -6 -4 -20 -8 -2 -21 -16 -18 -17 -27 -25 -12 -30
right_child=1 3 4 8 16 11 20 9 -10 10 28 -13 -14 -15 23 25 24 -19 19 22 -22 -23 -24 27 -26 26 -28 -29 29 -31
leaf_value=-0.01431876227010697 0.0036534393814900978 0.01324512766895585 0.0006194398664436453 0.0058855130751842462 -0.0027739443735564362 -0.0012312741138982958 -0.010697522256963568 -0.0020261142283422079 0.018510378891459334 -0.011906340875758634 -0.0068113175382821609 0.0031946682500869931 -0.021278087290814398 0.022553647217943337 0.012444654033222351 -0.0091508412584010226 -0.0086397996388307748 0.0013303926561603889 -0.0050980259615193814 -0.0017488021671526769 -0.027794128061013931 -0.0023300632146364734 0.013612457323958061 0.00142293321285904 0.0088517388354735459 0.016647502062081265 -0.027037351831635002 0.0087017146363936766 -0.0080121297019036808 0.015956738943192314
leaf_weight=5297.8193792186648 38278.554458576633 8274.5008871011378 9336.4799206583994 16399.0477280794 21639.052937505592 37788.701871473109 4793.3021252052276 6144.7394726096682 1716.259567485773 10242.444463446765 4501.9255143317278 15337.545013033203 2830.4211742780026 3108.8297519491171 3437.7480292227119 1629.5275114070828 447.66633787751198 16925.706578671641 25875.961912084167 13603.438273683074 496.78799838363193 4019.1061863331706 570.07102674245834 4008.0331025295891 2662.5559211671352 528.17233232781291 159.92944755777717 4891.157838756917 998.89090974727878 796.6601544599398
leaf_count=122213 263550 79055 88138 168694 174839 582096 104738 107166 6747 169725 93220 144962 85315 13950 13392 40679 259 141677 360256 172453 10020 37383 302 26408 1052 476 327 19355 21953 13529
internal_value=0 0.00387844 -0.00411141 0.0104483 -0.00323932 0.00207964 -0.00475405 -0.00419771 0.00708567 -0.00707029 -0.00894303 4.65549e-05 -0.0140439 0.0157947 0.00405637 -0.0113448 -0.000427257 -0.000972522 -0.00287768 -0.00369304 -0.0123237 0.00308462 -0.00112698 0.00738562 0.00632481 -0.00453174 0.00639013 0.0054261 -0.00411819 0.00263184
internal_weight=266741 137259 129482 29498.6 119036 107761 77360.7 72070.6 18115.3 22684.7 16539.9 53126.2 10445.9 11383.3 54634.6 7615.45 41675 38564.8 49386 40049.5 5290.09 42297.7 14173.5 12336.9 3110.22 2317.63 688.102 8899.19 6297.48 1795.55
internal_count=3063929 1355592 1708337 268446 1459327 1087146 1141500 1026742 175441 405593 298427 727058 249010 93005 360088 163695 317827 316516 621149 533011 114758 300933 172755 59155 1311 41482 803 45763 128702 35482
is_linear=0
shrinkage=0.03


Tree=37
num_leaves=31
num_cat=0
split_feature=16 87 86 26 16 26 3 61 86 87 88 25 13 4 9 13 77 86 19 9 53 19 79 36 6 88 84 15 6 4
split_gain=4569.85 1556.91 1185.15 594.671 577.322 536.904 458.622 282.773 259.327 257.007 247.485 245.914 238.754 235.807 191.123 174.12 168.772 166.608 155.148 155.068 130.667 130.164 128.735 128.116 170.384 155.88 127.996 127.449 120.78 120.719
threshold=0.31061333417892462 0.14982257038354876 0.025333665311336521 1.0000000180025095e-35 0.53458327054977428 0.22396993637084964 0.082645691931247725 0.13315772265195849 0.063987761735916152 0.50066190958023082 0.015796643681824211 0.66838845610618602 0.63123199343681347 0.24964435398578647 0.48828019201755529 1.0000000180025095e-35 -0.90929651260375965 0.019798989407718185 0.48623421788215643 1.0000000180025095e-35 0.24964435398578647 0.39170669019222265 -0.037038201466202729 0.86779105663299572 0.3810447901487351 0.31634049117565161 0.0083751077763736265 0.31061333417892462 0.31484772264957434 0.44559228420257574
decision_type=2 2 2 2 2 2 2 2 2 2 2 2 2 2 2 2 2 2 2 2 2 2 2 2 2 2 2 2 2 2
left_child=1 5 10 9 12 6 17 8 -7 22 -2 27 14 19 18 -10 -8 -1 -4 -5 -17 -12 -3 24 28 -26 -19 -6 -15 -27
right_child=2 3 4 13 11 7 16 -9 15 -11 21 -13 -14 23 -16 20 -18 26 -20 -21 -22 -23 -24 -25 25 29 -28 -29 -30 -31
leaf_value=0.016159419864034352 0.024507843766988814 -0.0094217932455643392 0.0019857808386279955 -0.0087229494412117692 0.0053265455439927833 0.0073732100628365726 -0.0029208790503202284 0.010261969435646169 -0.0026126635979187626 -0.02581152687519846 0.0091455159634042278 0.017089604132440438 0.014090637380110883 -0.0024447839008673259 0.015203574067917476 -0.00069299970568908759 -0.0064872761601374087 0.0005358122624282138 0.0073472709268680306 -0.022999627994546072 0.0026968623000383531 0.017329361093992652 -0.016359328969964324 -0.013467217080909951 -0.00802766687740104 -0.0034938507408004103 -0.0047262172936754741 0.011107484517280285 -0.010935913111731104 0.015663413946045691
leaf_weight=548.85331699805101 2209.0360569651821 5213.090809727204 53022.774001730373 5094.9073127705778 8754.6485507641628 4034.4086883306154 20565.925020996809 2498.9218877702951 22257.374359358742 1550.840863488469 3759.4584152731404 2965.5602517107036 1702.9627755386755 7458.7281803049846 1078.1020241193473 25628.800354425999 28532.86329232109 21568.011646584724 5345.386980818992 790.52992287080269 17030.305997304269 3305.3915369773167 4519.9849558887654 1032.1493755570846 562.82714591437252 404.52912005916005 5150.2968030018383 5664.2516642009141 1887.7010578801273 1083.5616027101059
leaf_count=5882 22376 134487 471335 99173 95029 27831 254740 1094 331168 55282 35113 14957 5851 112087 4245 225847 426833 170401 30184 15798 151032 29826 118377 25304 12568 9359 70938 50955 41582 14275
internal_value=0 -0.00277037 0.00559738 -0.00905024 0.00439911 -0.00151263 -0.00326145 0.000356526 -2.9772e-06 -0.0144673 0.0157379 0.00922284 0.00302716 -0.0057101 0.00270922 -0.000461885 -0.00499388 -0.000141504 0.00247734 -0.0106557 0.000660317 0.0129827 -0.0126494 -0.0033653 -0.00244567 0.00537651 -0.000478899 0.00760026 -0.00416417 0.0104572
internal_weight=265222 177415 87807.6 29598.9 78533.7 147816 76366 71449.8 68950.9 11283.9 9273.89 17384.5 61149.2 18314.9 59446.3 64916.5 49098.8 27267.2 58368.2 5885.44 42659.1 7064.85 9733.08 12429.5 11397.3 2050.92 26718.3 14418.9 9346.43 1488.09
internal_count=3063929 2304058 759871 638292 672556 1665766 928794 736972 735878 308146 87315 160941 511615 330146 505764 708047 681573 247221 501519 114971 376879 64939 252864 215175 189871 36202 241339 145984 153669 23634
is_linear=0
shrinkage=0.03


Tree=38
num_leaves=31
num_cat=0
split_feature=16 16 18 17 86 15 18 5 13 26 3 85 9 9 18 61 68 7 7 7 25 71 21 7 52 77 70 65 87 3
split_gain=4408.34 1498.93 1229.86 559.158 528.696 465.469 336.575 317.904 299.728 277.599 241.846 234.366 224.217 201.247 198.791 193.137 189.037 187.188 167.168 162.863 157.652 154.994 139.031 133.199 132.244 131.22 176.19 129.571 127.563 127.449
threshold=0.22396993637084964 0.53458327054977428 1.0000000180025095e-35 0.22396993637084964 0.028686613775789741 0.31061333417892462 0.65050083398818981 1.1714407801628115 0.63123199343681347 0.22396993637084964 0.07772355899214746 0.024881502613425258 1.0000000180025095e-35 0.29957322776317602 0.70072525739669811 0.21135572344064715 3.0294415950775151 0.37795858085155493 0.22727322578430179 -0.39876551926136011 0.22396993637084964 4.767287254333497 0.52258238196372997 0.39656957983970648 1.0000000180025095e-35 -0.98853281140327443 1.3721346855163576 1.3257399797439577 0.14982257038354876 0.19971276074647906
decision_type=2 2 2 2 2 2 2 2 2 2 2 2 2 2 2 2 2 2 2 2 2 2 2 2 2 2 2 2 2 2
left_child=2 4 7 6 -2 -3 9 21 11 10 -4 13 -7 15 20 22 17 18 -11 -12 29 24 -6 -19 -1 26 -9 -17 -21 -5
right_child=1 5 3 14 8 12 -8 25 -10 16 19 -13 -14 -15 -16 27 -18 23 -20 28 -22 -23 -24 -25 -26 -27 -28 -29 -30 -31
leaf_value=-0.014190245343988281 0.011557258268309525 0.0064456302170561169 -0.00066422422272217896 -7.8502324528464121e-05 0.00099892300309319289 0.011839714601440388 -0.013217537058170314 -0.017120654231423948 0.013749651340307227 -0.00090747328717863244 -0.0026580450998388129 5.1199158281476551e-05 0.020131423996828234 0.010892361952952064 -0.0059609141169119492 0.022690620042347572 0.025947932709723495 0.0090868257224209787 -0.0067395398811897359 -0.0067426599977107819 0.0021412437349963491 0.03262052912285384 0.0042680553692415581 -0.0013131874808883586 -0.0058003484290217429 -0.023188044164840139 0.031990775606608367 0.0020957920655544676 -0.011570947493243573 -0.0032895240262581157
leaf_weight=3755.3010404764209 5594.2911829793011 10357.295341789839 6475.6880649797531 29132.046317814442 27549.636471844744 7595.980144126137 4042.2785434168181 216.99818719070754 1930.150342294015 10778.08374090663 6010.9548810599808 38838.491473447648 4818.238949926279 2839.9561969591305 6445.6806071249885 711.05573403835297 216.56018233299255 2081.0882347002625 7502.5603459898557 16429.327997065106 15999.212891572621 72.354374453425407 20367.899048011284 2362.8100303534884 3093.8226899834699 2987.0997655026731 89.587384685873985 448.95168337225914 7058.0461707812792 17996.829042518249
leaf_count=85830 53601 108631 35223 329963 174176 72794 95201 6561 6859 136473 110929 456433 31415 12354 138996 188 88 22962 108858 217869 137305 29 136446 33150 61045 95452 93 198 162682 232125
internal_value=0 0.00421126 -0.00357125 -0.00279789 0.00260407 0.0111459 -0.00484628 -0.0135995 0.00206315 -0.00427098 -0.0059154 0.00181396 0.0150637 0.00313246 -0.000944053 0.00268248 -0.00169158 -0.00195969 -0.00330221 -0.00706778 -0.000431391 -0.00993767 0.00238884 0.00355994 -0.0104067 -0.0212717 -0.00252813 0.0147584 -0.00819549 -0.00130495
internal_weight=263798 121052 142746 132531 98280.4 22771.5 62957.4 10215.2 92686.1 58915.1 35974 90756 12414.2 51917.5 69573.8 49077.5 22941.1 22724.5 18280.6 29498.3 63128.1 6921.48 47917.5 4443.9 6849.12 3293.69 306.586 1160.01 23487.4 47128.9
internal_count=3063929 1053095 2010834 1761824 840255 212840 923435 249010 786654 828234 526703 779795 104209 323362 838389 311008 301531 301443 245331 491480 699393 146904 310622 56112 146875 102106 6654 386 380551 562088
is_linear=0
shrinkage=0.03


Tree=39
num_leaves=31
num_cat=0
split_feature=20 87 86 26 26 24 86 5 85 62 86 87 88 85 2 88 78 87 5 14 6 88 61 1 7 7 2 61 61 14
split_gain=3829.94 1352.01 1245.86 534.115 512.758 508.65 376.331 323.967 283.352 250.642 250.613 226.655 218.574 214.72 209.812 195.789 185.601 185.205 168.925 160.785 153.802 144.619 143.131 206.375 140.938 161.995 145.761 214.556 161.17 132.888
threshold=0.3114724606275559 0.16280075162649157 0.027034342288970951 1.0000000180025095e-35 0.22396993637084964 0.37446653842926031 0.045217504724860198 0.14931328594684604 0.03214711323380471 0.13707285374403003 0.01524593820795417 0.50066190958023082 0.36828230321407324 0.081354223191738143 0.14339663088321689 0.048832373693585403 -0.0095320148393511755 0.37681232392787939 0.66635978221893322 0.84606164693832409 0.3810447901487351 0.031595343723893173 0.00076397421071305882 -0.33509068191051478 -0.39434722065925593 0.56666824221611034 -0.152137316763401 0.00012318287554080601 0.0015020980499684813 0.70072525739669811
decision_type=2 2 2 2 2 2 2 2 2 2 2 2 2 2 2 2 2 2 2 2 2 2 2 2 2 2 2 2 2 2
left_child=1 4 10 11 6 8 -1 -7 21 15 -2 24 -5 22 16 -6 -11 20 29 -9 -14 -4 -8 -24 -3 26 -26 -28 -29 -17
right_child=2 3 5 12 9 7 13 19 -10 14 -12 -13 17 -15 -16 18 -18 -19 -20 -21 -22 -23 23 -25 25 -27 27 28 -30 -31
leaf_value=0.0058646540659942625 0.020979902018826574 -0.0041913096854147526 0.01177300327296809 -0.011023417792410535 0.0092340258782539885 0.01527396186986844 -0.0032106347932512377 0.0034855648818335051 -1.0967753655613742e-05 -0.014964259599144504 0.011074613795100031 -0.025367575547080336 -0.0027870544699197873 -0.0059617878777178876 0.022253097665248234 0.00048331463371896938 0.0067441915846070842 -0.010331235418602813 -0.0021036517638678628 0.014318363298005806 0.0086506464353045525 0.0036289093233122138 -0.030723256599834759 0.0030081722150612335 -0.021900351881218614 0.0031836952452801133 -0.015792852945732416 0.026591343082598549 -0.0055136311599082574 0.0080912890477725184
leaf_weight=3763.2929782119463 3823.0572554086393 1471.2493010552571 2045.6135080204403 4671.7102830071526 1909.485193636734 4813.7774672540836 36260.665739687945 6730.8731144656194 23958.210743142408 395.13468194007874 5819.6638349695422 1486.234973503786 6823.3272523043561 26945.537402571063 700.25959150493145 30096.419015911728 3168.7613705024123 2516.7646106044413 30617.957498782023 1507.6619334719144 1248.1058138739318 46938.162169719057 164.38073539733887 5341.9704818129539 2204.8203472711903 438.7933066021651 3438.6107615915244 170.47083763033152 723.54872411116958 2214.8379796193913
leaf_count=39444 34360 42896 21876 90657 14130 18239 424024 47617 302253 272 58664 55230 116989 455607 264 254353 1412 55914 441942 5663 21130 355641 175 4714 64489 12276 108109 243 1698 13648
internal_value=0 -0.00274458 0.00478592 -0.00914734 -0.00160496 0.00363886 -0.0033678 0.00909253 0.00266247 0.000243947 0.0150093 -0.0145607 -0.00562019 -0.00387383 0.0072858 -0.000219516 0.004322 -0.00323249 -0.000507009 0.00547451 -0.00101445 0.00397004 -0.00252625 0.0019788 -0.0126478 -0.0144271 -0.0156111 -0.0123923 0.000694282 0.00100589
internal_weight=262409 166772 95637 25193.6 141579 85994.3 72475.8 13052.3 72942 69102.9 9642.72 9933.73 15259.9 68712.6 4264.16 64838.7 3563.9 10588.2 62929.2 8238.54 8071.43 48983.8 41767 5506.35 8447.49 6976.24 6537.45 4332.63 894.02 32311.3
internal_count=3063929 2219616 844313 569631 1649985 751289 923964 71519 679770 726021 93024 284941 284690 884520 1948 724073 1684 194033 709943 53280 138119 377517 428913 4889 229711 186815 174539 110050 1941 268001
is_linear=0
shrinkage=0.03


Tree=40
num_leaves=31
num_cat=0
split_feature=17 15 18 86 5 9 86 5 14 87 7 52 19 6 86 6 74 7 71 85 88 36 66 74 13 17 60 88 6 18
split_gain=4135.46 1521.33 1043.42 641.951 493.84 313.191 311.254 296.915 292.956 276.97 249.876 242.715 233.282 203.048 186.85 180.453 169.328 165.979 241.75 199.294 164.333 155.027 159.566 144.905 136.253 129.473 129.399 126.029 157.288 125.665
threshold=0.37446653842926031 0.22396993637084964 1.0000000180025095e-35 0.025333665311336521 0.82420021295547496 0.48828019201755529 0.031672205775976188 1.1714407801628115 0.53458327054977428 0.043339714407920844 -0.4054999947547912 0.24964435398578647 0.52258238196372997 0.30561105906963354 0.12969312071800235 0.22867494821548465 -1.1888568401336668 0.27240583300590521 3.1310651302337651 0.20007556676864627 0.015796643681824211 1.0000000180025095e-35 0.025139065459370617 0.51402205228805553 0.68507987260818493 0.53458327054977428 4.2428351662238135e-05 0.27508865296840673 0.39818593859672552 0.56247621774673473
decision_type=2 2 2 2 2 2 2 2 2 2 2 2 2 2 2 2 2 2 2 2 2 2 2 2 2 2 2 2 2 2
left_child=2 6 7 20 11 12 -2 21 13 -6 15 14 24 -8 29 -11 -13 18 19 -12 -3 -1 -23 -20 -5 -15 -24 -19 -29 -4
right_child=1 3 4 5 9 -7 8 -9 -10 10 17 16 -14 25 -16 -17 -18 27 23 -21 -22 22 26 -25 -26 -27 -28 28 -30 -31
leaf_value=-0.015522184328397951 0.0089460934386759883 0.024224316134681942 0.0050787008403634657 0.0045063535108100126 -0.0021035374606125055 0.02075843717149509 0.0019602854627613713 -0.020723963832425592 0.0061620872438517384 0.00015972139059424324 -0.0084080066691364364 0.032990821397317217 0.011316323739939828 -0.0028849324632611363 -0.0032264534380913308 -0.017459413309628503 0.0014065074783013343 -0.0098461075338863533 -0.00091372406271603666 -0.015348221066736207 0.013871150864964626 -0.0093174653159232793 0.020040896251497731 0.037214315098783216 0.017102117345561642 0.00067332483535783195 -0.0030726967604412406 -0.004040103627611296 0.012057947808754068 -0.0047969728676274291
leaf_weight=2524.3732659111556 4837.447907082882 1867.3088494161202 4397.6097777250689 25529.007103842305 17725.414795776946 1370.2181782359257 42190.882380854397 3201.7616091996606 9321.9936769260094 6006.629375506498 11852.108836448708 150.11955260764807 6301.819197907811 18224.613440046873 38400.836751872703 569.02395352965686 17752.224939952663 3259.3382783053094 1634.539618730545 5449.088012226799 5421.5516563816054 3279.0096053888265 318.2430811598897 90.901489324867725 793.9936903975904 18582.732617285568 670.48544263094664 7172.2405929574743 587.28334195096977 1570.490514387202
leaf_count=64383 48402 19310 16056 196300 174029 4776 402021 102106 64855 107247 212330 539 41434 250764 374107 14666 164511 82556 2759 120437 50769 81387 208 73 2756 274205 926 161265 13931 14821
internal_value=0 0.00366423 -0.00389082 0.00845782 -0.00309325 0.00672392 0.00153957 -0.0131923 0.00113347 -0.0051829 -0.00667287 -0.00126923 0.00613187 0.000539739 -0.00245893 -0.00137395 0.00167892 -0.00783208 -0.00952945 -0.0105972 0.0165359 -0.00963112 -0.00613422 0.0011738 0.004889 -0.00108849 0.00441314 -0.00489839 -0.00281555 0.00247772
internal_weight=261053 134442 126612 41283.9 116618 33995 93157.7 9993.87 88320.2 54346.6 36621.2 62271.3 32624.8 78998.2 44368.9 6575.65 17902.3 30045.5 19026.6 17301.2 7288.86 6792.11 4267.74 1725.44 26323 36807.3 988.729 11018.9 7759.52 5968.1
internal_count=3063929 1355592 1708337 315345 1459327 245266 1040247 249010 991845 889293 715264 570034 240490 926990 404984 121913 165050 593351 335599 332767 70079 146904 82521 2832 199056 524969 1134 257752 175196 30877
is_linear=0
shrinkage=0.03


Tree=41
num_leaves=31
num_cat=0
split_feature=16 17 88 26 15 9 87 88 19 65 4 36 9 2 7 2 70 7 66 61 5 65 71 31 61 2 4 5 9 78
split_gain=4011.21 1925.34 650.785 620.926 471.952 425.744 423.469 314.843 247.792 201.407 190.225 175.362 167.508 156.078 152.009 148.732 147.343 146.406 140.481 184.353 137.175 131.466 343.986 151.427 131.341 125.466 125.155 124.865 124.744 121.962
threshold=0.42514967918396002 0.22396993637084964 0.023474368266761306 1.0000000180025095e-35 1.0000000180025095e-35 0.17917595058679583 0.32539840042591101 0.036271719262003906 0.51887804269790661 0.56957486271858226 0.3354459702968598 0.20707555115222934 0.83943474292755138 -0.084948461502790437 -0.39434722065925593 0.01822764798998833 1.3163039088249209 -0.065206006169319139 0.53256890177726757 0.14949958026409152 1.0369305014610293 0.96640786528587352 3.1310651302337651 1.0000000180025095e-35 0.00099460000637918732 0.41800002753734594 0.3354459702968598 0.3114724606275559 0.52040067315101635 0.013166931457817556
decision_type=2 2 2 2 2 2 2 2 2 2 2 2 2 2 2 2 2 2 2 2 2 2 2 2 2 2 2 2 2 2
left_child=1 3 -2 6 10 8 13 -6 17 28 -3 18 -7 14 -1 21 -8 -4 19 -5 -12 23 -23 27 -15 -18 -26 -11 -9 -20
right_child=2 4 5 11 7 12 16 9 -10 15 20 -13 -14 24 -16 -17 25 -19 29 -21 -22 22 -24 -25 26 -27 -28 -29 -30 -31
leaf_value=-0.0022643795894541963 0.019337684717036958 -0.0025569418518456921 0.012720625872531177 -0.0057758418733087034 0.012185811664506208 0.012011452869664192 -0.022109462902777783 0.0012321713423484744 0.011552824606585492 -0.0041727532653286232 0.0012294757547507834 -0.0019880064543404603 0.027027169829702703 -0.0073813192236324085 -0.013714411080486148 0.021731241038957825 0.0018391421616985946 0.0040117581719103235 -0.00091299797468524368 -0.028047936990891909 -0.0036533026275849482 -0.029212209562274181 0.0083778958599171182 0.032794151969323296 -0.0019798169395999544 -0.038624200710989681 0.020234753422707707 0.023026217875796218 0.0132134397341946 0.023423901077098411
leaf_weight=1272.9130032780813 4051.4650140817103 44029.940714151307 1841.7671217268799 21775.511176858927 2753.7670707910729 5997.4053687386913 2885.6953406862594 53735.277509134845 5246.2770975405874 399.43880406022072 29809.012802664714 24322.80149872214 753.37719004787505 11937.584632755228 5856.6561050798919 690.38248747587204 432.86139124445617 30037.775833371939 668.35350729525089 336.12236806750298 6262.5319626218406 288.37796531617641 870.09660756587982 271.02106326818466 1674.5718499533832 77.933368369936943 260.16159527748823 239.97263327240944 789.78908889368176 252.11435589194298
leaf_count=27935 43003 559493 14956 314982 28506 37803 120538 381641 40665 160 359028 337955 1890 246305 118922 214 1165 301271 548 436 118823 154 352 48 2891 336 236 103 3374 196
internal_value=0 -0.00177283 0.00783727 -0.00576915 0.000273417 0.00677357 -0.009657 0.00228429 0.00551212 0.00180741 -0.00123377 -0.0037653 0.0137029 -0.00806434 -0.0116732 0.00970936 -0.0194827 0.00451657 -0.00564131 -0.00611962 0.00038132 0.00566136 -0.00104382 0.0141655 -0.00620645 -0.00457786 0.00104062 0.00610778 0.00140676 0.00582047
internal_weight=259821 211893 47928.1 71753.3 140140 43876.6 24398.4 60038.1 37125.8 57284.4 80101.5 47354.9 6750.78 21001.9 7129.57 2759.29 3396.49 31879.5 23032.1 22111.6 36071.5 2068.91 1158.47 910.433 13872.3 510.795 1934.73 639.411 54525.1 920.468
internal_count=3063929 2624341 439588 1172445 1451896 396585 518328 414552 356892 386046 1037344 654117 39693 396289 146857 1031 122039 316227 316162 315418 477851 817 506 311 249432 1501 3127 263 385015 744
is_linear=0
shrinkage=0.03


Tree=42
num_leaves=31
num_cat=0
split_feature=16 17 18 86 86 19 25 18 5 26 7 9 84 5 60 70 7 2 78 78 60 13 7 40 39 15 77 70 86 85
split_gain=3839.26 1824.08 649.197 640.065 466.896 378.727 365.207 280.406 279.485 244.685 212.383 190.069 170.158 168.946 176.699 155.39 159.632 153.392 150.231 231.388 142.115 148.173 139.744 149.478 138.69 136.47 128.263 161.621 125.156 124.16
threshold=0.42514967918396002 0.22396993637084964 1.0000000180025095e-35 0.01524593820795417 0.038899652659893043 0.4769654124975205 0.22396993637084964 0.65050083398818981 1.1714407801628115 0.22396993637084964 -0.21006280183792111 0.54806390404701244 0.0097308517433702963 0.3114724606275559 0.0024861686397343878 2.7115187644958501 0.37795858085155493 -0.0782465524971485 0.0068837031722068795 -0.015830240212380883 0.00035534023481886839 0.56247621774673473 0.2065883204340935 0.80670574307441723 1.0000000180025095e-35 0.53458327054977428 -0.98853281140327443 1.3721346855163576 0.01763224042952061 0.20007556676864627
decision_type=2 2 2 2 2 2 2 2 2 2 2 2 2 2 2 2 2 2 2 2 2 2 2 2 2 2 2 2 2 2
left_child=1 2 8 -2 28 10 12 9 18 17 -5 -12 -6 14 20 16 22 24 19 -1 21 -8 23 -11 -4 -7 27 -10 -3 -9
right_child=3 4 7 5 6 25 13 29 26 15 11 -13 -14 -15 -16 -17 -18 -19 -20 -21 -22 -23 -24 -25 -26 -27 -28 -29 -30 -31
leaf_value=-0.0055687693859213031 0.020632339656141856 0.015741468319854061 -0.011153742512846057 0.014145317916080671 -0.00063323873701787029 0.010451022709146562 0.0031607557351052322 -0.010182313235890746 -0.016324778079907329 -0.00094352116163597469 0.004433177137814351 0.019380534633894896 -0.0039348715849010871 0.000763239543260291 0.017953027247549706 0.017577910333566243 0.0032172795428505093 -0.0042091058201472985 -0.003377506651231306 -0.019560793059978907 -0.039735999018830938 0.015153251279020265 -0.0058169833397705307 0.032660752102597564 -0.0041665368619399363 0.019780351349639694 -0.022214760571933397 0.030408666077122545 0.0057638824748702557 -0.025996993334562898
leaf_weight=2084.3882623792742 3200.7012605864584 1417.6350463141571 6743.9987522817391 2330.0254628029652 67440.221234896802 6838.3572792048217 12797.933468717383 3357.9104215662665 206.44860678596888 8804.9843660105253 32825.144938624508 780.55544347316027 17743.764360771951 32753.740503179841 841.4676821231842 372.40361216664314 4449.9086342107039 24137.029707670423 2427.7918239052815 2180.1703340667227 63.107032269239426 996.46181059535593 8801.0818939642049 116.7630492374301 4131.7585781154048 1787.0772345597507 2817.0316661344405 93.43388244509697 5615.5949033944344 515.08015117567265
leaf_count=44299 29680 14222 122095 18208 769196 50596 62241 83197 6561 113834 323630 2790 254232 298425 198 168 56112 332143 51028 51577 35 3720 130631 786 72465 14684 95452 93 49627 12004
internal_value=0 -0.00173928 -0.0056456 0.00767994 0.000253254 0.00674773 -0.000146232 -0.00450053 -0.0128114 -0.00397406 0.00539144 0.00478276 -0.00132117 0.00196278 0.00463448 -0.00153582 -0.00186016 -0.00554358 -0.00934483 -0.0127346 0.00382047 0.00403152 -0.00313571 -0.000488783 -0.00850219 0.0123927 -0.0202316 -0.0015407 0.00778343 -0.0123114
internal_weight=258672 210910 71240.2 47761.9 139670 44561.2 132637 61430.9 9809.26 57557.9 35935.7 33605.7 85184 47452.7 14699 22545.1 22172.7 35012.8 6692.35 4264.56 13857.5 13794.4 17722.8 8921.75 10875.8 8625.43 3116.91 299.882 7033.23 3872.99
internal_count=3063929 2624341 1172445 439588 1451896 409908 1388047 923435 249010 828234 344628 326420 1023428 364619 66194 301531 301363 526703 146904 95876 65996 65961 245251 114620 194560 65280 102106 6654 63849 95201
is_linear=0
shrinkage=0.03


Tree=43
num_leaves=31
num_cat=0
split_feature=16 17 16 5 3 14 9 86 3 13 87 9 17 86 68 9 4 19 6 67 68 77 71 25 77 13 71 83 55 26
split_gain=3715.81 1268.04 989.065 438.597 383.456 378.765 370.493 287.557 286.43 260.337 234.76 223.989 207.599 177.051 173.161 170.648 159.897 144.914 137.087 127.872 138.356 117.331 116.619 119.925 115.262 111.153 109.539 107.728 106.797 101.004
threshold=0.31061333417892462 1.0000000180025095e-35 0.58756005764007579 1.0881147384643557 0.060384923592209823 0.37446653842926031 0.48828019201755529 0.031672205775976188 0.02362634148448706 0.53458327054977428 0.31001767516136175 0.40253517031669622 0.31061333417892462 0.041450999677181251 2.5294697284698491 1.0000000180025095e-35 0.14931328594684604 0.2834331095218659 0.35213264822959905 0.50072121620178234 1.3480502963066103 -0.81186735630035389 1.2406429052352907 0.22396993637084964 -0.23627700656652448 0.46720869839191442 2.1504876613616948 0.0044382521882653245 0.22396993637084964 0.99019193649292003
decision_type=2 2 2 2 2 2 2 2 2 2 2 2 2 2 2 2 2 2 2 2 2 2 2 2 2 2 2 2 2 2
left_child=1 3 6 16 11 12 7 -2 15 17 -5 13 14 -3 21 -4 -1 -9 -14 28 -21 -6 23 24 -18 29 -12 -23 -15 -7
right_child=2 4 8 10 5 25 -8 9 -10 -11 26 -13 18 19 -16 -17 22 -19 -20 20 -22 27 -24 -25 -26 -27 -28 -29 -30 -31
leaf_value=-0.0099053222095746955 0.009339820060906015 0.00745281941895922 0.012508131597794145 -0.010208635662718979 -0.0032609549701093006 0.00092247482542505367 0.017277593593651955 0.0013509408177766803 0.0086385014262496951 0.010801403079684456 -0.023271800353880972 0.016754076547001194 -0.0003127248626045973 -0.0012345665460354452 0.0065154818125464243 0.022703357652787262 -0.0033580071319748361 0.0045376384182005862 -0.004138301831565416 0.022546958150505798 0.0036818668276653978 -0.0077743452472968612 0.003795175280120168 0.00070760502676743195 -0.009060244918434289 0.0076452490172081323 -0.0063918020050781768 -0.0028584833572472936 0.0031931966289940302 -0.0083110289266823539
leaf_weight=5281.4149516398757 6673.91986100754 3503.1540765149985 2989.9465205310262 8621.9658655492967 18403.81035166634 21172.637111570511 1775.9989019222558 41610.662581203505 7004.3919581657683 3453.2957672253251 2154.2443021696381 834.72515415819362 25188.389295448142 22084.791567886132 1203.8195553794503 2966.1832551231491 6961.4148858706176 18580.989059449988 12670.112195060938 409.78408607840538 2289.2222015932202 15911.931699055436 1588.4955842196941 2971.2706116046174 5903.1541535803844 2116.7950049419887 417.39465605467558 5377.3153570430586 6297.0895264438586 1118.7078324137256
leaf_count=89545 66185 31736 35044 200092 226043 194427 7572 409483 78617 13026 101922 4318 284734 167133 1119 20969 155455 128975 245106 148 1229 238498 1928 60971 136637 12215 1451 76750 55050 17551
internal_value=0 -0.0025305 0.00513141 -0.00773101 -0.00125815 -0.0021828 0.00375924 0.00341679 0.0127604 0.00279507 -0.0125909 0.00143487 -0.00319476 0.0010631 -0.00467668 0.017598 -0.00533316 0.00233498 -0.00159345 0.000341901 0.0065769 -0.00501686 -0.0039451 -0.00472258 -0.00597694 0.00108217 -0.020548 -0.00653366 -0.000251708 0.000457475
internal_weight=257537 172482 85055.4 33899.4 138582 103164 72094.9 70318.9 12960.5 63644.9 11193.6 35418.8 78755.4 34584 40896.9 5956.13 22705.8 60191.7 37858.5 31080.9 2699.01 39693.1 17424.3 15835.8 12864.6 24408.1 2571.64 21289.2 28381.9 22291.3
internal_count=3063929 2304058 759871 748001 1556057 1296443 625241 617669 134630 551484 303465 259614 1072250 255296 542410 56013 444536 538458 529840 223560 1377 541291 354991 353063 292092 224193 103373 315248 222183 211978
is_linear=0
shrinkage=0.03


Tree=44
num_leaves=31
num_cat=0
split_feature=17 16 18 15 15 86 26 86 13 62 9 87 82 7 15 7 24 40 79 85 9 88 3 12 52 7 62 70 69 3
split_gain=3590.4 1398.07 887.298 439.11 421.29 381.638 326.251 285.988 252.835 225.198 217.306 209.966 208.271 197.351 179.293 175.642 174.143 149.674 146.932 146.013 143.754 143.65 142.115 142.076 130.387 123.781 121.87 113.003 167.271 110.722
threshold=0.37446653842926031 0.50316895544528972 1.0000000180025095e-35 0.37446653842926031 1.0000000180025095e-35 0.031672205775976188 0.31061333417892462 0.058808578178286559 0.37446653842926031 0.13707285374403003 0.29957322776317602 0.50066190958023082 -0.29232887923717493 0.36668710410594946 0.58756005764007579 0.0870802477002144 0.50316895544528972 0.80670574307441723 0.0021996744908392434 0.17661718279123309 1.0000000180025095e-35 0.34731987118721014 0.052106203511357314 0.31061333417892462 1.0000000180025095e-35 0.39656957983970648 1.2161554694175722 3.3801761865615849 0.71087652444839489 0.15887334942817691
decision_type=2 2 2 2 2 2 2 2 2 2 2 2 2 2 2 2 2 2 2 2 2 2 2 2 2 2 2 2 2 2
left_child=2 5 11 16 6 -2 12 -6 10 13 18 24 29 15 20 17 -3 -8 22 27 -5 -21 -7 -9 -1 -15 -20 28 -14 -4
right_child=1 3 4 14 7 8 9 23 -10 -11 -12 -13 19 25 -16 -17 -18 -19 26 21 -22 -23 -24 -25 -26 -27 -28 -29 -30 -31
leaf_value=-0.013774444944569059 0.009271974681725529 0.0055722959030687766 -0.00096697846269194429 0.0097373892137068655 0.011749469281462812 0.0033225963294779407 0.00020548547273758466 -0.0010453741872437274 0.0062309020724544018 0.012655405403436621 0.0088259319286458585 -0.021445443568148984 -0.0067635443499420812 0.0059925606678523733 0.02392562383449431 -0.0054661260469928939 0.016541618808903147 0.040202315287365051 -0.0020765635668858837 -0.017412274854737501 0.017584999590211408 -0.0081528202537382161 0.00036404071471063875 0.010068246386456097 -0.0059527389783352817 -0.0015987598083573975 0.025831127487691879 -0.038957887035148082 0.0047691273217750699 -0.0048739415913785708
leaf_weight=4236.4531885175384 5866.8368529802829 16013.984935705608 8635.0230477599034 5729.8745640271227 1781.2712346373592 20928.037940867856 5771.2786965152482 27505.515725358389 8860.0416066793259 992.35872562229633 3018.6731718140654 1866.1935381765215 13035.263844246147 3830.6144832199207 1477.0333648929955 13013.219611139211 1416.0427114530466 81.456757842563093 16988.717971293663 2306.2702703920077 3342.1245445785171 4398.0420304432337 48417.889304682962 1071.7125492482446 3526.2341888116644 3894.3797144143609 138.00226981192827 89.08005228638649 1236.2084252983332 26821.953120229977
leaf_count=103962 56963 171582 109909 54423 11927 157650 73157 174070 45322 469 20259 69630 213574 46352 13194 197446 6904 250 232409 50459 22343 93264 574453 4826 75418 54458 90 141 1558 427467
internal_value=0 0.00344019 -0.00366487 0.00939404 -0.0029288 0.00184144 -0.00402222 0.000100413 0.00139779 -0.00134707 0.000918984 -0.0124096 -0.00532746 -0.00187163 0.0142251 -0.00352531 0.00646731 0.000789996 0.000642513 -0.00769041 0.0126354 -0.0113472 0.00125711 -0.000627079 -0.0102269 0.00216614 -0.00184545 -0.00598022 -0.0057632 -0.0039228
internal_weight=256290 132197 124093 27979.1 114464 104218 84105.1 30358.5 98351.4 27583.3 89491.3 9628.88 56521.8 26590.9 10549 18866 17430 5852.74 86472.6 21064.9 9072 6704.31 69345.9 28577.2 7762.69 7724.99 17126.7 14360.6 14271.5 35457
internal_count=3063929 1355592 1708337 268446 1459327 1087146 1268504 190823 1030183 372132 984861 249010 896372 371663 89960 270853 178486 73407 964602 358996 76766 143723 732103 178896 179380 100810 232499 215273 215132 537376
is_linear=0
shrinkage=0.03


Tree=45
num_leaves=31
num_cat=0
split_feature=16 16 88 18 19 26 88 13 87 6 6 3 6 4 7 7 31 82 52 16 4 87 6 25 66 64 77 26 6 71
split_gain=3476.85 1304.74 736.988 647.739 405.756 325.933 321.764 218.035 198.526 197.161 337.67 177.299 168.157 165.65 157.883 157.4 140.955 123.762 121.969 116.848 112.004 110.305 109.967 101.817 100.841 187.627 118.58 111.851 99.6695 90.972
threshold=0.37446653842926031 1.0000000180025095e-35 0.023474368266761306 1.0000000180025095e-35 0.46715016663074499 1.0000000180025095e-35 0.048832373693585403 0.46720869839191442 0.50066190958023082 0.029085938818752769 0.021184517070651058 0.20436391979455951 0.22100983560085299 0.20707555115222934 0.13759287446737292 -0.56604987382888783 1.0000000180025095e-35 -0.5205862522125243 1.0000000180025095e-35 0.58756005764007579 0.24964435398578647 0.020451797172427181 0.30561105906963354 0.31061333417892462 0.053979724645614631 0.45041489601135259 -0.61266857385635365 0.22396993637084964 0.48132444918155676 3.1422135829925542
decision_type=2 2 2 2 2 2 2 2 2 2 2 2 2 2 2 2 2 2 2 2 2 2 2 2 2 2 2 2 2 2
left_child=1 3 -2 8 9 17 -3 11 18 10 14 12 16 -7 -4 -11 -8 29 -1 -6 -13 -17 -9 -18 27 -26 -27 -20 -15 -5
right_child=2 6 4 5 19 13 7 22 -10 15 -12 20 -14 28 -16 21 23 -19 24 -21 -22 -23 -24 -25 25 26 -28 -29 -30 -31
leaf_value=-0.013543904904195716 0.018336549995966376 0.0070004561713196646 0.017316931472216527 -0.005416891327318288 0.0085288586627756454 -0.0051453631983378106 0.0010984021733385918 0.014564838053024489 -0.02109102849205419 0.014461606509396156 0.018202029352541171 -0.004794224258137446 -0.0011347587468352686 -0.0011351409845296169 0.0010649902049806987 0.0040509499043128415 0.0044873633674170467 -0.0090929302195865338 -0.012405008772143906 0.015459029211563015 -0.0011000480069281178 0.00052365131474017422 0.0031149980427097913 0.01549145485316622 0.015496535138912883 0.0023144915204351677 -0.032237312523585734 0.001501116251689714 -0.015815772474788534 0.0048482392515264696
leaf_weight=4180.598295540447 4185.2005616499955 5827.6116671191121 640.33257105667144 12505.357311308784 6735.9284293578239 14513.256231277075 29470.495542653662 1212.5383931454271 1827.0128787674475 1123.6976164132357 2314.5554581705946 10507.747204714571 31981.659057560348 33612.281270064123 3267.9397300478304 29450.41516625139 4026.470630737138 10907.804220616417 1985.2654897130415 3265.1588734721881 24873.357105969219 10949.686791479369 2000.9417644618079 930.58329877397045 473.54381265863776 198.02732383087277 157.89159107208252 703.23215221351711 417.51987801864743 824.98031449317932
leaf_count=103962 47116 58636 4953 247595 44062 207504 203207 3488 69630 8266 7766 96363 373971 523977 34862 243820 26457 226578 59982 28259 247353 153147 11936 2959 410 287 387 14352 11340 1304
internal_value=0 -0.00198341 0.00618502 -0.00484461 0.00530306 -0.00388127 0.000141454 -0.000239423 -0.0121999 0.00415136 0.00913047 -0.000482486 0.000431354 -0.00246218 0.00374385 0.00340426 0.0018863 -0.0067223 -0.0100795 0.0107971 -0.00219772 0.0030952 0.00744949 0.00656488 -0.00595047 0.0031782 -0.0131887 -0.00876908 -0.00131723 -0.00478001
internal_weight=255071 193138 61932.9 82306.8 57747.7 72781.2 110831 105004 9525.57 47746.6 6222.83 101790 66409.2 48543.1 3908.27 41523.8 34427.5 24238.1 7698.56 10001.1 35381.1 40400.1 3213.48 4957.05 3517.96 829.463 355.919 2688.5 34029.8 13330.3
internal_count=3063929 2491678 572251 1467308 525135 1218298 1024370 965734 249010 452814 47581 950310 606594 742821 39815 405233 232623 475477 179380 72321 343716 396967 15424 29416 75418 1084 674 74334 535317 248899
is_linear=0
shrinkage=0.03


Tree=46
num_leaves=31
num_cat=0
split_feature=16 85 16 26 26 9 59 86 86 19 13 18 70 70 6 52 70 54 6 4 5 61 2 83 83 19 84 86 27 79
split_gain=3360.37 1076.46 896.522 555.654 337.312 333.014 300.998 259.705 258.711 241.999 238.127 233.989 232.865 210.186 177.536 175.169 166.374 171.013 151.082 148.3 137.49 133.948 132.053 129.103 135.89 128.516 117.368 115.999 111.716 109.886
threshold=0.31061333417892462 0.16253986954689029 0.58756005764007579 0.37446653842926031 0.22396993637084964 0.48828019201755529 1.0000000180025095e-35 0.036023300141096122 0.050230883061885841 0.37498413026332861 0.53458327054977428 1.0000000180025095e-35 1.3721346855163576 1.6952736377716067 0.30833633244037634 0.42082132399082189 2.2298113107681279 1.0000000180025095e-35 0.3277577161788941 0.20707555115222934 1.1449223160743716 0.13315772265195849 0.34971562027931219 -0.0040545808151364318 -0.073074351996183382 0.35638883709907537 -0.33312882483005518 0.063987761735916152 0.91028478741645824 -0.30485954880714411
decision_type=2 2 2 2 2 2 2 2 2 2 2 2 2 2 2 2 2 2 2 2 2 2 2 2 2 2 2 2 2 2
left_child=1 4 5 6 8 7 11 -2 -1 -4 25 12 20 29 15 21 17 -10 -8 -13 -3 -6 -18 24 -15 -9 -23 -16 -11 -14
right_child=2 3 9 -5 14 -7 18 10 16 28 -12 19 13 23 27 -17 22 -19 -20 -21 -22 26 -24 -25 -26 -27 -28 -29 -30 -31
leaf_value=0.0049310954496674265 0.0081868993020818692 -0.014030959284940529 0.0079936329662917242 -0.0011738479297304261 0.00058233840915392868 0.016582946152238268 -0.0016919343905388178 0.0014064441976949407 -0.0043494174759781895 0.014661825666731267 0.010372333722708918 -0.012525297916841018 0.036629062435917868 -0.044362193560816998 0.0069828449614251767 0.0074159690133970332 0.0043581159233842433 -0.00065974161576370309 -0.010596300989011554 -0.0065056300575262807 -0.024279806615370214 -0.014358916327161839 -0.028506380525343371 -0.020448026924117409 0.0062073251480147191 0.0048841235918518806 0.010418888281153199 -0.0015263640643619547 0.025912420542985422 -0.002174741313275975
leaf_weight=3965.0381768797379 8515.1238317935931 2817.7723912762522 6177.6525618982996 12939.472182500642 24351.536738359311 1732.675694219768 6812.3976525590697 45361.608928870468 42220.706167015727 5589.0006231378065 3343.2685801386833 5561.4874600337353 146.80744617432356 49.50536672770977 1518.0909441813128 4861.1014360407135 3454.0219547636807 15445.934124520514 2289.6372784588311 10976.521004704227 2061.2497396406688 184.50559687614441 109.66726016253233 526.03551339358091 446.29203913733363 12119.216189984232 2011.4049881249666 27317.871201918722 934.81025999225676 115.23323633521795
leaf_count=41842 85124 85776 71538 179768 194389 7572 115968 437480 550547 58973 12804 93854 174 194 13749 33900 3734 212589 63871 225336 94850 85 141 1352 869 82261 880 389905 4119 285
internal_value=0 -0.0024212 0.00491845 -0.00641604 -0.000996106 0.00360596 -0.00854834 0.00328068 -0.0024915 0.0122588 0.00259327 -0.0103965 -0.0153881 -0.00400043 0.000622157 0.00218252 -0.00297252 -0.00336133 -0.00393601 -0.00853277 -0.0183781 0.00122309 0.00331467 -0.0101544 0.000834325 0.00214004 0.00831263 -0.00107733 0.0162895 0.0197719
internal_weight=253956 170182 83773.4 44742.4 125440 71071.9 31802.9 69339.2 65195.4 12701.5 60824.1 22700.9 6162.9 1283.87 60244.5 31408.5 61230.3 57666.6 9102.03 16538 4879.02 26547.4 3563.69 1021.83 495.797 57480.8 2195.91 28836 6523.81 262.041
internal_count=3063929 2304058 759871 862297 1441761 625241 682529 617669 808853 134630 532545 502690 183500 2874 632908 229254 767011 763136 179839 319190 180626 195354 3875 2415 1063 519741 965 403654 63092 459
is_linear=0
shrinkage=0.03


Tree=47
num_leaves=31
num_cat=0
split_feature=17 16 18 3 15 86 9 77 69 86 9 14 87 25 15 85 14 62 36 63 60 78 78 3 88 28 62 66 56 14
split_gain=3260.49 1270.72 755.516 410.114 371.8 343.704 267.599 260.311 283.188 252.263 224.233 196.081 186.074 185.467 179.727 154.852 154.309 149.758 144.502 131.059 198.692 128.374 180.435 233.55 127.183 117.831 118.423 211.305 114.476 113.51
threshold=0.37446653842926031 0.50316895544528972 1.0000000180025095e-35 0.02362634148448706 1.0000000180025095e-35 0.027034342288970951 1.0000000180025095e-35 -0.52476555109024037 0.72494885325431835 0.063987761735916152 0.29957322776317602 0.50316895544528972 0.50066190958023082 0.22396993637084964 1.0000000180025095e-35 0.32451418042182928 0.63123199343681347 0.19697608798742297 0.64691844582557689 6.2992785387905328e-05 4.5155917647123941e-14 0.0062690330669283876 -0.0078883590176701528 0.20436391979455951 0.26069554686546331 0.14931328594684604 1.0364890694618227 0.053979724645614631 1.0000000180025095e-35 0.37446653842926031
decision_type=2 2 2 2 2 2 2 2 2 2 2 2 2 2 2 2 2 2 2 2 2 2 2 2 2 2 2 2 2 2
left_child=2 5 12 6 7 -2 -3 29 13 -6 11 14 25 21 -7 24 -5 -16 -8 20 28 22 -9 -24 -10 -1 27 -27 -11 -4
right_child=1 3 4 16 9 10 18 8 15 19 -12 -13 -14 -15 17 -17 -18 -19 -20 -21 -22 -23 23 -25 -26 26 -28 -29 -30 -31
leaf_value=-0.012212151648246678 0.010179624595153421 0.0094089919758738906 -0.0029683237006840626 0.0049170629776736849 0.01035680822928565 -0.000747970547026414 0.023664154706860122 -0.0051677093176436999 -0.00028175223848076939 -0.0030357378349031329 0.008343029553892085 0.0045371813142214201 -0.020499509042693365 -0.0018767424923827635 0.0017011620879064985 -0.038357095512002254 0.012705457360328298 0.011620048569939548 0.012881540343632449 0.0056019813668574947 -0.038431087383004069 -0.0043086355468513315 -0.0072972407339367855 -0.015548329882515276 0.014146902200233355 -0.0077342065092632535 -0.02810652150803877 0.01334939670286992 0.0010280906086219499 0.0011314998364966606
leaf_weight=5172.5696228120942 4191.2115078836505 5790.6699716422299 36784.122201073907 14347.943802114576 1982.4953759377822 43451.230172787633 2661.3485295815626 8290.566335507523 1274.9250123202801 13692.054390699719 4026.0565621228889 13015.15278498386 1763.0324396485958 6944.0078713015537 36957.131736713694 69.390923473984003 2724.8832387455041 1419.0801281929016 1965.5135229430743 2675.0401565283537 125.5792690217495 8932.9473886160049 7150.2722514722991 5453.3746618576115 961.72970671206713 1650.5233905232744 168.38613771274686 573.02843654900789 11452.443868421018 7276.6495266854472
leaf_count=133092 42371 60637 556941 160191 12912 628017 16644 150661 1769 94900 25876 88690 69630 90876 301654 189 15250 538 15724 1059 70 161027 124428 103456 1075 45330 404 554 81882 78082
internal_value=0 0.00329787 -0.00351766 0.00902821 -0.00284037 0.00176902 0.0137192 -0.00387248 -0.00565502 2.68093e-05 0.00141204 0.00111743 -0.0117224 -0.00629466 0.00057325 0.0045357 0.00616307 0.00206923 0.0190997 -0.000707243 -0.00137608 -0.00732264 -0.00860994 -0.0108715 0.00593453 -0.00966639 -0.00414811 -0.00228455 -0.00118476 -0.00229109
internal_weight=252943 130550 122393 27490.4 113066 103060 10417.5 83138 39077.2 29927.6 98868.7 94842.6 9327.54 36771.2 81827.4 2306.05 17072.8 38376.2 4626.86 27945.1 25270.1 29827.2 20894.2 12603.6 2236.65 7564.51 2391.94 2223.55 25144.5 44060.8
internal_count=3063929 1355592 1708337 268446 1459327 1087146 93005 1268504 633481 190823 1044775 1018899 249010 630448 930209 3033 175441 302192 32368 177911 176852 539572 378545 227884 2844 179380 46288 45884 176782 635023
is_linear=0
shrinkage=0.03


Tree=48
num_leaves=31
num_cat=0
split_feature=16 17 88 5 88 9 25 87 19 14 5 3 78 78 77 7 61 65 3 14 61 61 2 73 78 2 52 72 60 69
split_gain=3137.33 1484.68 536.304 521.726 362.89 331.547 293.342 285.024 269.988 204.09 181.784 181.409 179.701 288.74 172.927 163.491 147.278 147.079 146.869 141.294 138.767 132.563 122.668 120.485 118.43 117.842 116.415 118.577 114.672 113.547
threshold=0.42514967918396002 0.22396993637084964 0.023474368266761306 1.1084876060485842 0.036271719262003906 0.53471076488494884 0.22396993637084964 0.27067247033119207 0.52258238196372997 0.37446653842926031 0.14931328594684604 0.17349133640527728 0.010422103572636844 -0.0010119960643351076 -0.95746275782585133 -0.21006280183792111 0.079756833612918868 0.4542029350996018 0.050006855279207237 0.65050083398818981 0.17017634212970736 1.7002192735671999 -0.071846649050712572 -0.33509068191051478 -0.0040951389819383613 -1.1888568401336668 1.0000000180025095e-35 -1.4923812747001646 0.006477941060438753 0.47610649466514593
decision_type=2 2 2 2 2 2 2 2 2 2 2 2 2 2 2 2 2 2 2 2 2 2 2 2 2 2 2 2 2 2
left_child=1 3 -2 9 -3 8 18 22 15 11 28 16 13 -13 -15 -4 -1 25 -6 -12 -20 -14 -5 29 -18 -11 -26 -28 -8 -9
right_child=2 4 5 7 6 -7 10 23 -10 17 19 12 21 14 -16 -17 24 -19 20 -21 -22 -23 -24 -25 26 -27 27 -29 -30 -31
leaf_value=-0.0026414122109193233 0.017869088677188748 0.0093833185100727374 0.012741731686016744 -0.012173115879186408 0.0009541170715853598 0.020317558344422195 0.0046546856985885763 -0.014819625819931974 0.011645122622226865 0.028686082655848266 0.00017174070658232808 -0.0048101326188367457 -0.0030283558339840389 -0.0053687344319949242 -0.015264937294040508 0.0041039863901904845 -0.013539444571048971 0.021086146601936504 -0.0021017583201639019 0.0056082917724933345 0.0060161847747738362 0.034719602974480721 -0.0058578998732699292 -0.021730669461094608 0.018952257444289348 -0.00071797562650793584 -0.029313261043977228 0.011192226377056422 0.018567417250138277 0.012048418389852425
leaf_weight=12491.029061148845 3789.2668055302784 3782.5384204678121 2094.4538817442954 4236.5451317368861 23118.271338337145 1421.9651110623963 9468.4665451294277 510.79032741002447 5717.1709670803684 120.55552330380306 32414.429475108744 13178.003065528959 10986.422688414808 2310.5275552303647 5140.799244796799 33230.65206054876 181.3554978966713 296.83914610743523 60213.388180076276 4957.3695664380211 1952.6531554684043 80.375823944807053 8038.0410670636047 2280.1840003395337 711.78246566653252 8076.304825745814 100.47839090228081 168.4697140455246 561.95140114426613 191.66178628616035
leaf_count=140121 43003 41930 17094 88637 183048 5527 40627 27393 43635 699 297572 235993 192173 27226 104690 330329 222 111 856220 30474 1887 38 149029 94735 382 110239 86 114 138 557
internal_value=0 -0.00158838 0.00705893 -0.00517116 0.000225798 0.0060926 -3.54997e-05 -0.0100678 0.00559771 -0.00378288 0.00185641 -0.00458216 -0.00582744 -0.00748194 -0.0122014 0.00461764 -0.00169001 0.000484259 -0.00108714 0.000893543 -0.00184633 -0.00274135 -0.0080412 -0.0183847 0.00850649 -0.000271185 0.0126262 -0.00413186 0.00544168 -0.00745569
internal_weight=251823 205569 46253.5 69100.2 136469 42464.2 132687 15257.2 41042.3 53842.9 47402.2 45349.2 31696.1 20629.3 7451.33 35325.1 13653.1 8493.7 85284.3 37371.8 62166 11066.8 12274.6 2982.64 1162.09 8196.86 980.731 268.948 10030.4 702.452
internal_count=3063929 2624341 439588 1172445 1451896 396585 1409966 360351 391058 812094 368811 701045 560120 367909 131916 347423 140925 111049 1041155 328046 858107 192211 237666 122685 804 110938 582 200 40765 27950
is_linear=0
shrinkage=0.03


Tree=49
num_leaves=31
num_cat=0
split_feature=16 18 16 16 26 9 5 86 86 19 13 63 54 69 4 6 36 66 19 22 86 18 6 60 14 71 33 35 9 84
split_gain=3043.21 885.786 822.137 512.612 299.356 295.632 238.342 231.16 228.256 221.311 219.628 158.116 189.629 170.723 147.94 128.289 119.785 122.141 115.752 115.562 113.688 134.793 113.244 112.824 111.629 108.99 108.426 105.985 102.775 100.159
threshold=0.31061333417892462 1.0000000180025095e-35 0.58756005764007579 1.0000000180025095e-35 1.0000000180025095e-35 0.48828019201755529 1.1714407801628115 0.036023300141096122 0.028686613775789741 0.37498413026332861 0.53458327054977428 0.0017954551731236281 0.22396993637084964 0.99658480286598217 0.20707555115222934 0.073521606624126448 1.0000000180025095e-35 0.025139065459370617 0.2834331095218659 1.2780928611755373 0.3766628503799439 0.31061333417892462 0.30561105906963354 1.9142926248605366e-05 0.42514967918396002 3.1048967838287358 0.56247621774673473 0.22396993637084964 0.82702690362930309 -0.024586386047303673
decision_type=2 2 2 2 2 2 2 2 2 2 2 2 2 2 2 2 2 2 2 2 2 2 2 2 2 2 2 2 2 2
left_child=1 6 5 4 25 7 16 -2 -5 -4 18 12 13 19 -6 20 -1 -18 -9 24 21 -13 26 -19 -10 -3 -14 -25 -11 -23
right_child=2 3 9 8 14 -7 -8 10 11 28 -12 15 22 -15 -16 -17 17 23 -20 -21 -22 29 -24 27 -26 -27 -28 -29 -30 -31
leaf_value=-0.01358291337778043 0.0078059221242904753 -0.0069540084829306723 0.0077129028687007977 0.010358241753862289 -0.0048651575783658857 0.015900771663528379 -0.018532926433900154 0.0011561347371838585 -0.0022675614081747999 0.014657608991484689 0.010029455492988148 0.018949702215690881 0.0037065551705768168 -0.046588393917957022 -0.0012214358275704348 0.0059923563021732976 -0.0079321156525220433 0.019779149326463102 0.0040951316168762984 0.010648853590767818 -0.033634788773450643 0.0025638731625979086 -0.00033695972601824168 0.0019192582409035634 0.0012345939744596252 0.0013077580666888554 0.02153730568398067 -0.034272468121278002 0.029648788963192362 -0.028367990554197559
leaf_weight=2284.0665974593139 8409.3853132809163 22261.113114394073 6088.3834461783699 1785.0778731560276 14274.323673046718 1672.698563686572 2875.5939768856333 39329.626839961857 50701.754092433112 5935.6956781765621 3287.8290550783277 180.99130603671074 8257.5091065990273 71.896771624684334 33725.473731702165 5043.5158759430051 3040.7177167137852 290.57524719834328 17398.821838584263 685.56884603761137 121.90487731993198 194.24926221370697 9895.9735692469403 605.99635757505894 9764.9998178775422 1534.0296124257147 315.16507608443499 78.696463167667389 444.03196557797492 177.4162664860487
leaf_count=64383 85124 472883 71538 16874 207504 7572 102106 395994 532710 61635 12804 57 73826 56 535317 3184 81387 168 123747 701 97 168 127020 811 80564 2594 1345 155 1457 148
internal_value=0 -0.00231586 0.00471668 -0.00179261 -0.00366983 0.00345367 -0.0113772 0.00314841 -0.00024681 0.0118139 0.00249526 -0.000468981 -0.000814858 -0.00161863 -0.00230543 0.00434792 -0.00810061 -0.00497106 0.00205784 -0.00156264 -0.00790331 -0.00201848 0.00184921 0.00425111 -0.00170187 -0.00642107 0.00437235 -0.00240887 0.0157196 -0.0123345
internal_weight=250733 168167 82566.5 158991 71794.9 70098.4 9175.65 68425.7 87196 12468.1 60016.3 85410.9 79692.9 61224.2 47999.8 5718.08 6300.05 4015.99 56728.4 61152.3 674.562 552.657 18468.6 975.268 60466.8 23795.1 8572.67 684.693 6379.73 371.666
internal_count=3063929 2304058 759871 2055048 1218298 625241 249010 617669 836750 134630 532545 819876 816222 614031 742821 3654 146904 82521 519741 613975 470 373 202191 1134 613274 475477 75171 966 63092 316
is_linear=0
shrinkage=0.03


Tree=50
num_leaves=31
num_cat=0
split_feature=17 15 17 16 5 15 88 9 9 18 14 87 18 15 88 22 24 9 14 68 77 60 22 7 6 20 70 78 65 72
split_gain=2985.66 1018.67 786.806 511.214 370.722 291.478 236.292 207.905 197.989 189.016 173.96 173.402 153.5 144.13 139.053 135.486 135.295 130.194 129.433 133.763 140.694 128.314 123.67 118.534 116.848 108.97 108.292 108.289 106.378 105.363
threshold=0.42514967918396002 0.22396993637084964 1.0000000180025095e-35 0.58756005764007579 1.0881147384643557 1.0000000180025095e-35 0.20225226134061816 0.17917595058679583 0.29957322776317602 0.42514967918396002 0.50316895544528972 0.31001767516136175 0.68507987260818493 0.56247621774673473 0.033260961994528777 1.1191294789314272 1.0000000180025095e-35 0.85945245623588573 0.42514967918396002 2.7240622043609624 -0.59278589487075795 0.0020138612017035489 1.2780928611755373 -0.57484117150306691 0.38169310986995703 0.52967563271522533 1.2692833542823794 0.0082908738404512423 1.0336621999740603 -1.7425839900970457
decision_type=2 2 2 2 2 2 2 2 2 2 2 2 2 2 2 2 2 2 2 2 2 2 2 2 2 2 2 2 2 2
left_child=2 7 4 8 16 12 9 10 25 -7 14 -6 18 17 -2 -8 23 -5 19 20 -4 22 -11 -1 29 -3 -13 -21 -23 -16
right_child=1 3 5 13 11 6 15 -9 -10 21 -12 26 -14 -15 24 -17 -18 -19 -20 27 -22 28 -24 -25 -26 -27 -28 -29 -30 -31
leaf_value=-0.021028911343116605 0.00716173609221522 0.0036240190322384736 -0.0018436879988630312 0.011135405397427221 -0.0095102119871918345 0.0085837499288572185 -0.0012541842385500738 0.0068290000312830204 0.014206509389073103 -0.00031816683435924656 0.0055853827633912572 -0.021660329017478532 -0.0084694277538225841 0.02151339783694162 -0.019142231634681425 -0.042324674219401358 0.0020823546719349706 0.02912527537942244 0.00083694456699731894 8.9362797000727381e-06 -0.0048964449160710166 0.026692302011335663 0.025426880026278593 -0.0051962823385430425 -0.002033139878678964 0.0079551146604105658 -0.0044784389097299098 0.017841273893646079 0.0040367244411713627 0.0012308916079862662
leaf_weight=431.92566458811052 2819.3018976622989 16807.188951625547 29901.990159441106 6950.4785971930251 8335.644846320909 4485.3231620257138 24074.440596565488 6470.2869223016314 2284.823229580652 8985.3050690527307 7247.0202012583031 1951.1285406628886 4065.8008956903941 1833.418171259982 225.68612784147263 68.519411555491388 2336.9062844192958 380.32298320066184 9187.9166616154835 859.42887306213379 24921.918265192158 299.81949242949486 167.12054368667305 19238.612568808589 14043.707236008879 7600.2679082161631 400.94364618882537 472.80218914151192 489.23232954740524 42445.674218679662
leaf_count=15369 35420 136470 374297 73630 200092 24792 152261 57853 11205 69350 55027 101948 87020 17493 255 167 49152 1154 80897 882 354680 85 81 380015 223269 56862 1425 399 199 502180
internal_value=0 0.00372418 -0.00288852 0.00786713 -0.00696562 -0.00165376 0.000437051 0.00169584 0.00576642 0.00347423 0.00119806 -0.0115494 -0.00281561 0.0139801 0.000663581 -0.00137792 -0.00473765 0.0120847 -0.00246326 -0.00300332 -0.00323175 0.00116597 0.000162341 -0.00554837 0.000339997 0.00497395 -0.0187459 0.00637538 0.0127421 0.00112125
internal_weight=249783 109108 140675 35856.5 32695.2 107980 38569.8 73251.7 26692.3 14426.8 66781.4 10687.7 69409.9 9164.22 59534.4 24143 22007.4 7330.8 65344.1 56156.1 54823.9 9941.48 9152.43 19670.5 56715.1 24407.5 2352.07 1332.23 789.052 42671.4
internal_count=3063929 1170818 1893111 296814 748001 1145110 246935 874004 204537 94507 816151 303465 898175 92277 761124 152428 444536 74784 811155 730258 728977 69715 69431 395384 725704 193332 103373 1281 284 502435
is_linear=0
shrinkage=0.03


Tree=51
num_leaves=31
num_cat=0
split_feature=17 17 16 86 9 26 25 87 3 87 67 55 38 13 73 7 7 7 85 6 70 70 7 9 64 88 87 25 64 32
split_gain=2901.14 958.695 738.207 451.228 347.967 312.715 306.07 273.167 220.287 214.868 198.754 208.408 186.607 184.96 179.075 156.654 143.526 160.975 160.747 139.974 137.778 154.878 137.504 134.96 129.195 124.809 115.807 115.725 114.299 112.506
threshold=0.50316895544528972 1.0000000180025095e-35 0.58756005764007579 0.054965861141681678 0.17917595058679583 0.22396993637084964 0.22396993637084964 0.50066190958023082 0.02362634148448706 0.025188324041664604 0.60425361990928661 1.0000000180025095e-35 1.0000000180025095e-35 0.53458327054977428 -0.18980977684259412 0.39143569767475134 0.58516743779182445 0.043919352814555175 0.20007556676864627 0.31687574088573461 1.3163039088249209 1.7193669676780703 0.24676749855279925 1.0000000180025095e-35 1.3967686295509341 0.021251542493700985 0.41761878132820135 1.0000000180025095e-35 0.85555553436279308 0.3114724606275559
decision_type=2 2 2 2 2 2 2 2 2 2 2 2 2 2 2 2 2 2 2 2 2 2 2 2 2 2 2 2 2 2
left_child=1 5 4 -3 9 7 10 12 23 24 11 -5 16 -8 -12 -6 17 -1 -19 -13 -20 -22 -16 -4 25 -2 -23 -11 -7 -24
right_child=2 3 8 6 15 28 13 -9 -10 27 14 19 -14 -15 22 -17 -18 18 20 -21 21 26 29 -25 -26 -27 -28 -29 -30 -31
leaf_value=-0.0045365187963326984 0.013849136600006001 0.0064113115231491198 0.011332541759429961 -0.0039530809281931338 0.01245768829441357 -0.003012776911514269 8.4134585935193083e-05 -0.021196832163274698 0.007840390307150516 -0.0025202104288543159 -0.013821276207431354 0.0011301946072279842 -0.0019328066152693234 0.0086474667690136977 0.0055348534092113117 0.0029077417694080639 0.0040602910689732903 -0.0080671751945550381 -0.017429467364853686 -0.0036833939440500422 0.0099334026701009895 -0.015904606141917455 -0.0076845234188762743 0.020704066566735922 -0.053922471582476296 0.0036307069266279753 0.014326863040764604 0.0025707230854784173 0.017832180569329757 0.032749251804741315
leaf_weight=3883.487209751067 1101.1554763226886 6816.1549069230678 2861.9455577697954 56323.296349606477 5219.1032889222261 10077.90943722779 40827.74565985112 1500.7758543868113 6736.9332989919349 8839.7887404662615 576.16035193949938 15156.327607236279 3795.4103730293864 2399.7695050369948 5590.3557724952698 2201.9266675442923 691.64577774345526 6075.4067595393863 4751.0756879276159 8472.5489204376936 365.87697128020227 991.4240624178201 1162.7688246592879 2718.3989919683663 30.819513142108917 41788.849246533413 125.50435035303235 7361.2059106117813 238.44584159553051 61.455966055393219
leaf_count=111586 14633 57545 35044 716137 36473 207616 344316 65766 78617 180359 710 161240 85166 9837 4669 20900 19666 97619 157023 133005 752 2419 1602 20969 23 382673 269 117148 119 28
internal_value=0 -0.0022074 0.00475515 -0.00111121 0.00350583 -0.0068409 -0.00150413 -0.00884778 0.0115007 0.00273673 -0.00252593 -0.00296106 -0.00794744 0.000560387 0.00217972 0.00962778 -0.00929841 -0.00987015 -0.0115505 -0.000595943 -0.0149372 -0.0069231 0.00354055 0.0159101 0.00384778 0.00389443 -0.0124646 -0.000206714 -0.00252382 -0.00555104
internal_weight=248744 169884 78860.1 137387 66542.8 32497 130570 22180.6 12317.3 59121.8 87342.9 79952.2 20679.8 43227.5 7390.74 7421.03 16884.4 16192.8 12309.3 23628.9 6233.88 1482.81 6814.58 5580.34 42920.8 42890 1116.93 16201 10316.4 1224.22
internal_count=3063929 2177090 886839 1429089 752209 748001 1371544 540266 134630 694836 1017391 1010382 474500 354153 7009 57373 389334 369668 258082 294245 160463 3440 6299 56013 397329 397306 2688 297507 207735 1630
is_linear=0
shrinkage=0.03


Tree=52
num_leaves=31
num_cat=0
split_feature=16 16 88 5 15 18 88 9 13 87 88 13 88 18 26 6 87 28 66 61 20 6 53 66 63 78 88 14 67 2
split_gain=2770.83 989.44 612.608 541.998 331.716 289.562 269.323 217.654 188.667 164.292 223.107 146.937 125.794 149.346 127.537 125.454 121.122 120.329 138.106 180.598 113.396 103.116 102.737 115.643 160.783 125.168 102.297 100.637 108.804 99.5244
threshold=0.37446653842926031 1.0000000180025095e-35 0.025800288654863838 1.074682950973511 0.42514967918396002 1.0000000180025095e-35 0.047472711652517326 0.29957322776317602 0.46720869839191442 0.20159892737865451 0.36507885158061987 0.61035025119781505 0.18745496869087222 0.58756005764007579 0.31061333417892462 0.48132444918155676 0.37681232392787939 0.20707555115222934 0.058936867862939842 0.26388889551162725 0.83840635418891918 0.30561105906963354 0.24964435398578647 0.13177923858165744 0.011744260322302582 0.013769337441772224 0.015796643681824211 0.50316895544528972 1.07230681180954 -0.071846649050712572
decision_type=2 2 2 2 2 2 2 2 2 2 2 2 2 2 2 2 2 2 2 2 2 2 2 2 2 2 2 2 2 2
left_child=1 3 26 9 7 17 -3 11 12 15 -11 -4 13 14 -8 27 -12 -5 -19 -20 -15 -10 23 -14 -25 -26 -2 -1 -29 -7
right_child=2 6 4 5 -6 29 8 -9 21 10 16 -13 22 20 -16 -17 -18 18 19 -21 -22 -23 -24 24 25 -27 -28 28 -30 -31
leaf_value=-0.0022924671083240258 0.02171880095350058 0.0066538461501679568 0.0030245808392399308 -0.01840454732948878 0.01091502999381742 -0.0098407961936862395 0.0015949986539605936 0.011388840414301247 0.01394182845899305 -0.014888625445104641 -0.0015138896732560911 0.013519638808164206 -0.0027066872254465717 -0.00073936626223960176 0.0081636296706019459 -0.01430765284317995 -0.0095876381375884934 -0.013488339227864818 0.026858360802022446 -0.025761191157217454 0.013561217854207195 0.002724364108761037 0.00054085581406247381 0.024311430552103691 -0.0026052187349847053 0.02279899440794244 0.012549877666567344 0.0021448356814076875 0.039722904862800321 -0.0050781399566353557
leaf_weight=43746.876849918488 1751.2734454854508 5330.4555672337883 43906.847492792964 3129.813830830768 6824.799753466621 5990.6572058681195 11195.140954355709 3214.5027400127146 1185.9633554625325 2139.3594772877404 5502.6820653230534 1231.0708442889154 35756.254629705742 30862.505136840395 3487.8252442630474 740.13964864402078 2400.7715610517989 671.16826904912887 196.77375553175807 79.266650296747684 503.22159658349119 1950.0304863415658 15919.137565770885 317.95441737771034 1264.9950617551804 198.38056115806103 3007.496277513419 3614.1249856256763 66.743802905082703 11658.370953718928
leaf_count=667923 20754 55572 439857 111317 53045 131781 77020 17630 3495 50297 110937 4783 326287 390450 16769 20592 66457 29378 176 297 1922 11939 139902 143 748 123 36182 42370 12 235771
internal_value=0 -0.00179147 0.00561628 -0.00432141 0.0047247 -0.00836467 8.161e-05 0.00385003 -0.000259907 -0.00281178 -0.00630183 0.00331209 -0.000488406 0.000660764 0.00315743 -0.00208357 -0.00397057 -0.0155697 -0.00616005 0.0115801 -0.000508089 0.00698035 -0.00147838 -0.0023348 0.00511683 0.000888364 0.0159405 -0.00189152 0.00286983 -0.00669686
internal_weight=247845 187909 59936 79936.7 55177.2 21726.1 107972 48352.4 102641 58210.7 10042.8 45137.9 99505.4 46048.7 14683 48167.9 7903.45 4077.02 947.209 276.04 31365.7 3135.99 53456.7 37537.6 1781.33 1463.38 4758.77 47427.7 3680.87 17649
internal_count=3063929 2491678 572251 1467308 515315 508720 1024370 462270 968798 958588 227691 444640 953364 486161 93789 730897 177394 141168 29851 473 392372 15434 467203 327301 1014 871 56936 710305 42382 367552
is_linear=0
shrinkage=0.03


Tree=53
num_leaves=31
num_cat=0
split_feature=17 17 15 18 86 16 25 62 1 56 18 65 69 6 87 69 74 55 74 69 4 6 7 6 74 86 18 18 72 62
split_gain=2725.02 896.053 808.674 391.711 312.032 249.877 199.358 192.288 191.41 185.856 180.014 163.369 212.188 158.783 154.428 151.051 157.104 137.562 150.339 168.601 177.864 144.059 132.463 131.365 130.908 130.624 132.407 127.244 162.765 148.919
threshold=0.50316895544528972 0.22396993637084964 0.31061333417892462 1.0000000180025095e-35 0.054965861141681678 0.61035025119781505 0.37446653842926031 0.19697608798742297 -0.36637654900550837 1.0000000180025095e-35 0.65050083398818981 1.0557069182395937 0.97242873907089245 0.099848181009292616 0.50066190958023082 0.64395675063133251 0.050758913159370429 1.0000000180025095e-35 -0.0782465524971485 0.15101174265146258 0.51887804269790661 0.3810447901487351 -0.0072711000684648744 0.0696280673146248 -0.067279249429702745 0.033174671232700355 0.70072525739669811 0.31061333417892462 -1.4028551578521726 3.034684323210968e-05
decision_type=2 2 2 2 2 2 2 2 2 2 2 2 2 2 2 2 2 2 2 2 2 2 2 2 2 2 2 2 2 2
left_child=1 3 6 14 -3 22 25 9 -9 -6 17 -10 13 15 -1 24 -17 18 -5 20 -20 -22 -4 -11 -13 -2 -27 -21 -29 -30
right_child=2 4 5 10 7 -7 -8 8 11 23 -12 12 -14 -15 -16 16 -18 -19 19 27 21 -23 -24 -25 -26 26 -28 28 29 -31
leaf_value=-0.0088213935400444175 0.0066804209328052075 0.0061993725914282092 0.021817999485640518 -0.0068433104261750163 -0.0024643058845281924 0.015174418703521065 0.0067769018526707319 -0.032546591292177705 0.011823744807448236 0.00334129349975293 -0.010453914933166697 0.024609896377045186 0.0067789261297272179 -0.042846560959311733 -0.019081681615909812 -0.036546411642037147 0.006687153505876074 -0.00070339564621254625 -0.0050382778140789291 0.0072403842279569718 -0.0037896948954727317 0.0084944753802340418 0.0070127886311472922 -0.00060193518755730958 -0.0056717667024128579 0.0030682581188872606 -0.00022415921593515827 0.0090116767574822797 0.014344492338694703 -0.014255624581385551
leaf_weight=7243.1888795159393 5147.3636826342699 6124.8029363253736 567.60613772505894 14148.030411837855 45397.109439800319 5968.3201464080194 10107.317130893411 117.37838038057089 2190.2547386437654 9754.370547432045 3578.2930186207232 177.16041581332684 2036.8647055774927 112.34619407355785 1618.194179218699 217.89449016749859 112.87741217017174 12221.358877973646 21101.032413522531 2296.9980742149055 1722.3419984363718 1706.5195177965506 11836.024901617071 34427.300852453103 438.01325209438801 25242.822805127624 19466.62632744087 630.08771536499262 191.35711367428303 1025.8680937960744
leaf_count=179380 60154 52119 3745 249596 473401 62640 79529 119 1234 83576 95201 127 1514 116 69630 239 80 184723 330069 2084 30757 28344 94444 391721 399 276008 310319 782 220 1659
internal_value=0 -0.00214826 0.00462322 -0.00482525 -0.000361344 0.0101295 0.00293557 -0.000784697 0.00470939 -0.00111631 -0.00393597 0.00556161 0.00111928 -0.00975397 -0.0107033 -0.00565509 -0.0218757 -0.00351144 -0.0043126 -0.00306299 -0.00400855 0.00232551 0.00769747 0.000268767 0.00314426 0.00215625 0.00163474 0.00253108 -0.00332516 -0.00972353
internal_weight=246926 168590 78336.1 67483.3 101106 18372 59964.1 94981.6 5402.79 89578.8 58621.9 5285.41 3095.16 1058.29 8861.38 945.946 330.772 55043.6 42822.2 28674.2 24529.9 3428.86 12403.6 44181.7 615.174 49856.8 44709.4 4144.31 1847.31 1217.23
internal_count=3063929 2177090 886839 1172445 1004645 160829 726010 952526 3828 948698 923435 3709 2475 961 249010 845 319 828234 643511 393915 389170 59101 98189 475297 526 646481 586327 4745 2661 1879
is_linear=0
shrinkage=0.03


Tree=54
num_leaves=31
num_cat=0
split_feature=17 17 19 5 88 86 87 9 13 62 26 3 78 78 9 20 56 85 7 12 62 64 87 64 39 74 64 65 74 4
split_gain=2616.18 846.078 712.941 445.303 320.743 293.895 248.778 248.614 195.953 169.518 166.396 174.988 178.502 234.882 162.522 155.918 164.245 151.46 137.521 135.441 133.18 133.115 127.195 121.418 113.957 113.617 112.732 109.772 109.219 112.689
threshold=0.50316895544528972 0.22396993637084964 0.2834331095218659 1.1383889913558962 0.023474368266761306 0.054965861141681678 0.31001767516136175 0.17917595058679583 0.50316895544528972 0.19697608798742297 0.37446653842926031 0.17349133640527728 0.010422103572636844 -1.0000000180025095e-35 0.48828019201755529 0.88635334372520458 1.0000000180025095e-35 0.20291770994663241 0.37795858085155493 0.37446653842926031 0.5563415288925172 2.0331231355667119 0.031655387952923782 0.8619636893272401 0.42514967918396002 -1.1888568401336668 1.5011783838272097 2.7560548782348637 -0.027253863401710984 0.55233678221702587
decision_type=2 2 2 2 2 2 2 2 2 2 2 2 2 2 2 2 2 2 2 2 2 2 2 2 2 2 2 2 2 2
left_child=1 3 7 10 -4 -3 28 22 9 15 11 20 13 -13 19 16 -7 27 23 -6 -1 -14 26 25 -11 -12 -2 -15 -5 -30
right_child=2 5 4 6 14 8 -8 -9 -10 24 18 12 21 17 -16 -17 -18 -19 -20 -21 -22 -23 -24 -25 -26 -27 -28 -29 29 -31
leaf_value=-0.0024253990360333885 0.0028200444574160055 0.0059965377856689489 0.017993386792562988 -0.011538090589125688 0.0061929899935891947 -0.0027358632138575335 -0.019436513422316073 0.0084798673187583377 0.0070960124575268797 0.0031165158946239689 0.024422676335032818 -0.0052068144948895535 -0.0029259051980689414 -0.0084767752831369208 0.019878786166769469 0.012091727514030188 -0.00011507591716729946 -0.017140256113798848 0.0048739661578901311 0.014824072226551856 0.0096313352288192704 0.031233574586650981 -0.00079762531669839369 0.023503605536037336 0.021450899153193155 -0.0030068402172483823 -0.055249939764593615 0.02915086359558608 -0.0063744829616677939 0.010892996648483153
leaf_weight=11445.24472074092 35590.117165193064 6119.6093701016507 2966.2066499053035 4450.0643832711939 19110.093577384279 43974.633198012802 2016.7478246141545 5737.0088959797285 2752.9367101085372 4779.8365639299154 133.61477887397632 12087.247902407646 9555.7067792636153 2840.4881795818073 908.97295959759504 767.6843031225726 42154.284168920189 3061.9871062762541 3057.1620331699378 1789.5796234055888 884.51917009055614 99.788455665111542 12017.470941841908 157.84750890731812 322.27217927575111 11003.169260477182 26.114688605070114 67.652395352721214 5881.8297466828226 357.26441782910842
leaf_count=127700 382520 52119 35550 98469 170053 469002 91026 49520 11385 3622 961 220161 172560 40860 3807 2041 466339 74705 39385 8023 633 55 237345 49 137 183231 21 27 111980 10643
internal_value=0 -0.00210968 0.00453458 -0.00472012 0.00874003 -0.00037304 -0.00977632 0.0025818 -0.000784707 -0.00102087 -0.00353834 -0.00453164 -0.0058544 -0.00761495 0.0074782 -0.00133302 -0.00145328 -0.012483 -0.000766128 0.00693496 -0.00155726 -0.00255962 0.00187069 -0.00229434 0.00429138 -0.0026687 0.00277114 -0.00756106 -0.00794669 -0.00537864
internal_weight=246117 167972 78145.6 67100.3 24774.9 100871 12705.9 53370.7 94751.6 91998.7 54394.4 40042.6 27712.9 18057.4 21808.6 86896.6 86128.9 5970.13 14351.8 20899.7 12329.8 9655.5 47633.7 11294.6 5102.11 11136.8 35616.2 2908.14 10689.2 6239.09
internal_count=3063929 2177090 886839 1172445 217433 1004645 312118 669406 952526 941141 860327 636701 508368 335753 181883 937382 935341 115592 223626 178076 128333 172615 619886 184241 3759 184192 382541 40887 221092 122623
is_linear=0
shrinkage=0.03


Tree=55
num_leaves=31
num_cat=0
split_feature=15 86 87 20 5 5 4 88 15 88 12 6 88 62 6 87 65 87 69 65 2 3 62 63 6 6 86 62 72 86
split_gain=2389.35 963.003 682.852 435.042 349.884 285.92 280.217 239.67 214.758 182.228 163.469 140.539 146.38 140.091 138.446 126.236 125.72 115.739 135.079 112.889 113.624 111.687 120.165 111.137 113.104 152.098 99.0741 100.349 98.8755 97.3438
threshold=1.0000000180025095e-35 0.027034342288970951 0.20159892737865451 0.3354459702968598 1.072022616863251 1.1383889913558962 0.20707555115222934 0.37513288855552679 0.46720869839191442 0.015796643681824211 0.37446653842926031 0.48132444918155676 0.15167871117591861 0.19697608798742297 0.073521606624126448 0.043339714407920844 1.8615338802337649 0.36453895270824438 1.4550343155860903 0.7675302028656007 0.01822764798998833 0.18709821254014972 0.0088557298295199888 0.28588481247425085 0.029085938818752769 0.021184517070651058 0.18998968601226809 0.00046738103264942771 -0.29518494009971613 0.10325878858566286
decision_type=2 2 2 2 2 2 2 2 2 2 2 2 2 2 2 2 2 2 2 2 2 2 2 2 2 2 2 2 2 2
left_child=2 9 4 13 6 7 21 -4 10 -2 23 12 -8 29 16 -6 -15 -9 -19 -16 -21 22 -1 24 25 -5 -26 -28 -12 -3
right_child=1 3 5 8 15 -7 11 17 -10 -11 28 -13 -14 14 19 -17 -18 18 -20 20 -22 -23 -24 -25 26 -27 27 -29 -30 -31
leaf_value=-0.0024293722324501741 0.020428377557274575 0.0021963962017168856 -0.013536930258071123 0.0046236881436235808 -0.0023291999893135626 -0.015344653769936645 0.0024929053884018559 -0.0013476243139984238 0.011641243417682062 0.010363130452532896 -0.032532275555702525 -0.0092482252286875191 -0.00057906490601957546 -0.031073551675054392 0.019384014661443912 -0.0066193843110529662 0.0068516873774855857 -0.0094653232145934796 0.025029719972532369 0.00089796258547710102 0.016662390960301074 -0.005292688696153373 0.0067809676772863621 0.023970928217611615 0.0036747042707499294 0.017016000752788387 0.00026085328248183314 -0.045173556383908492 0.011978933929334119 -0.001078925665370602
leaf_weight=16290.777954843536 2061.5918868626613 11518.609201158048 2926.477440039147 3525.8395832951646 10391.230233616836 3903.1945516834385 19496.24248739949 6285.1574352788739 3510.5620312488754 7639.5204925917205 41.920461535453796 1413.9098083537538 49131.068924699066 155.2594203799963 668.44824069738388 15238.174058301884 152.80745124816895 3116.1940800734155 101.80930855870247 1506.2543224096298 562.7712469547987 14061.192697633611 1379.0366447269917 233.56128886342049 29460.209318508962 1192.1479049450718 8662.1460742003983 39.972467511892319 2577.3284322777763 28034.624359870213
leaf_count=241439 25432 97893 69903 27271 140350 151016 264251 126683 27417 79283 17 33118 659564 106 178 318216 55 90614 87 624 195 167401 1496 70 255090 3925 59547 38 10794 211856
internal_value=0 0.0035227 -0.0024887 0.00257283 -0.00174815 -0.00826316 -0.000959047 -0.00603483 0.00449311 0.0125101 0.00394333 0.000100474 0.000293676 0.000352698 0.0065483 -0.00488077 -0.0124007 -0.00371937 -0.00834287 0.00869739 0.00521191 -0.00329763 -0.00170893 0.00350038 0.00338655 0.00776771 0.00284404 3.09782e-05 0.0112163 -0.000124854
internal_weight=245278 101544 143734 91842.5 127402 16332.8 101772 12429.6 49243.7 9701.11 45733.1 70041.2 68627.3 42598.8 3045.54 25629.4 308.067 9503.16 3218 2737.47 2069.03 31731 17669.8 43113.9 42880.3 4717.99 38162.3 8702.12 2619.25 39553.2
internal_count=3063929 799791 2264138 695076 1825835 438303 1367269 287287 384169 104715 356752 956933 923815 310907 1158 458566 161 217384 90701 997 819 410336 242935 345941 345871 31196 314675 59585 10811 309749
is_linear=0
shrinkage=0.03


Tree=56
num_leaves=31
num_cat=0
split_feature=17 16 26 85 86 15 13 86 9 69 3 13 54 9 82 4 85 86 2 79 3 62 22 64 22 3 69 83 69 13
split_gain=2483.39 1017.92 565.683 306.519 305.396 287.824 192.481 196.814 190.808 182.272 170.157 159.356 148.323 146.02 129.577 127.685 149.515 130.642 123.494 122.292 132.459 107.202 106.463 101.217 209.099 110.499 176.935 130.069 105.478 99.0739
threshold=0.37446653842926031 0.53458327054977428 1.0000000180025095e-35 0.46098889410495764 0.027034342288970951 0.46720869839191442 0.31061333417892462 0.070266589522361769 0.29957322776317602 0.75038745999336254 0.025830680504441265 0.37446653842926031 1.0000000180025095e-35 0.83943474292755138 -0.57968145608901966 0.3354459702968598 0.18646118044853213 0.40279498696327215 -1.1888568401336668 0.0010520503856241705 0.052106203511357314 1.2645265460014345 1.0000000180025095e-35 0.3595928698778153 0.35638883709907537 0.20436391979455951 1.6056761145591738 0.0010315852123312654 1.47599333524704 0.53458327054977428
decision_type=2 2 2 2 2 2 2 2 2 2 2 2 2 2 2 2 2 2 2 2 2 2 2 2 2 2 2 2 2 2
left_child=2 4 3 10 -2 13 7 -4 11 12 -1 19 15 29 -12 16 -9 -18 -8 20 -6 -21 -5 24 28 27 -27 -25 -11 -3
right_child=1 5 6 22 8 -7 18 9 -10 23 14 -13 -14 -15 -16 -17 17 -19 -20 21 -22 -23 -24 25 -26 26 -28 -29 -30 -31
leaf_value=0.0041676535286701288 0.0093010229629907609 0.0059681995077717834 0.00586174659753205 -0.020284740825369518 0.0032270486379618892 0.015516019862112497 0.033247741190104575 -0.0038198174382073516 0.0075957905539004739 0.016356002997442984 -0.0042583517185968414 0.0050891871473663216 -0.00073334140591006596 0.025384322288673822 -0.0084190555454142259 -0.0020842719543918867 -0.013674370329193723 -0.0056014137348436611 0.0023055361890020705 -0.0016843904042161345 0.00043681023618646279 0.024375500913450886 -0.0073655896833515139 0.0003027889100364079 -0.031226274790067256 -0.01961789038902392 0.002944427454121633 0.019577048492201661 -0.003152900733666069 0.015659539401068706
leaf_weight=1495.1762996504476 4603.8433482458204 14064.303899446808 2565.4216938198661 1849.6819267037354 22318.227582699823 4786.2631043660804 114.08177679870278 22215.573528569032 4286.0013386285864 1170.508799649775 14333.528075973198 8359.8977582764346 19816.428583775909 379.7527717705816 12746.284381925951 22745.402391510783 2918.4967916378228 4750.2891810364381 7085.9023304069415 17559.592789188697 48780.771841881506 139.22157722711563 842.83262227220985 1324.5828783065081 103.0046036913991 543.54473999887705 726.98272885382175 409.73004955798388 314.73601225018501 1016.9495658659143
leaf_count=12359 48578 160882 14961 78233 179956 45433 332 211046 27900 862 264001 44427 266004 1304 273751 354819 55556 94425 57067 248473 593333 85 21987 815 171 680 669 309 290 5221
internal_value=0 0.00292413 -0.00312776 -0.00658745 0.00174706 0.00908736 -0.00188126 -0.00230617 0.00140384 -0.00257851 -0.0056738 0.00113034 -0.00294599 0.00709346 -0.00621789 -0.00377891 -0.00506812 -0.00867984 0.00281462 0.000757375 0.00131287 -0.00147368 -0.0162593 0.00321432 0.00932955 -2.45788e-05 -0.00673571 0.00489348 0.0122215 0.00662598
internal_weight=244367 126295 118072 31267.5 106048 20247.3 86804.7 79604.7 101444 77039.3 28575 97157.7 72446.2 15461 27079.8 52629.8 29884.4 7668.79 7199.98 88797.8 71099 17698.8 2692.51 4593.09 1588.25 3004.84 1270.53 1734.31 1485.24 15081.3
internal_count=3063929 1355592 1708337 650331 1142752 212840 1058006 1000607 1094174 985646 550111 1066274 981850 167407 537752 715846 361027 149981 57399 1021847 773289 248558 100220 3796 1323 2473 1349 1124 1152 166103
is_linear=0
shrinkage=0.03


Tree=57
num_leaves=31
num_cat=0
split_feature=16 16 26 15 86 87 9 25 4 85 6 6 52 19 62 6 21 69 70 2 7 7 86 52 85 83 7 86 26 79
split_gain=2401.94 980.761 459.167 409.345 313.068 274.348 234.765 196.444 171.669 167.397 153.348 173.327 152.551 130.713 118.796 153.242 133.685 111.825 111.549 110.167 108.191 176.019 139.257 118.628 107.441 102.612 101.532 99.2859 98.8197 97.6054
threshold=0.42514967918396002 1.0000000180025095e-35 1.0000000180025095e-35 0.50316895544528972 0.038899652659893043 0.32539840042591101 0.37376695871353155 0.31061333417892462 0.20707555115222934 0.09985127300024034 0.30561105906963354 0.36945612728595739 0.63989907503128063 0.51887804269790661 0.13707285374403003 0.07248376309871675 0.3114724606275559 0.78806787729263317 1.3163039088249209 0.41800002753734594 0.37049600481987005 0.096961159259080901 0.063987761735916152 0.78265234827995311 0.20846166461706164 0.017380211502313617 -0.065206006169319139 0.01524593820795417 0.31061333417892462 -0.15513607114553449
decision_type=2 2 2 2 2 2 2 2 2 2 2 2 2 2 2 2 2 2 2 2 2 2 2 2 2 2 2 2 2 2
left_child=1 2 5 6 27 -1 13 9 24 14 12 -12 -9 26 16 -16 -6 20 -7 -20 21 23 -23 -10 -4 -26 -2 -3 -17 -19
right_child=3 4 8 -5 7 18 -8 10 17 -11 11 -13 -14 -15 15 28 -18 29 19 -21 -22 22 -24 -25 25 -27 -28 -29 -30 -31
leaf_value=-0.0061018994130861261 0.010774976434292561 0.015069492058803998 -0.0034510649059497959 0.015626134083916707 -0.002597679705630327 -0.018585487246634912 0.014356877141502461 0.0038712559573281439 0.00043481835252585471 -0.0039896439935774202 -0.003906691523315511 0.0023606039913595324 0.017465409891174434 0.0096821170652533622 -0.011455948514245841 0.0039698639090666931 0.00031196416982171292 -0.0038496241970750614 0.0034968749215586003 -0.036458093698807904 0.0012863630019756078 0.018841407340485433 -0.004771024442079606 0.029953337507291261 -0.011387752113089677 0.00091731813717018209 0.0037807755239322419 0.0050054765902243356 0.015530832435186289 0.012438898639560774
leaf_weight=25019.185668688173 1984.0043018122669 1042.6030298498226 11362.960318922036 3876.1900407343637 20289.149415452965 2370.5639675608181 2481.8302717008628 9973.3244986813515 8719.7132586052467 12666.306187158276 5804.7032113564201 12551.501927067526 799.59270117990673 4426.0781776403601 476.16673155128956 3043.9362340867519 47413.475806883449 497.87844010442495 403.93418032303452 69.266362734138966 9092.0973413414031 224.14247481175698 15626.064367912913 120.28789168875664 3323.5487489118241 745.28978275100235 31550.151652858884 5707.8413692948379 850.06235831975937 973.20432958751917
leaf_count=519007 17861 11359 156845 36694 161939 121099 13191 51366 148054 179346 53266 121931 2410 37728 299 1987 518710 478 1164 336 151597 1490 281272 727 69804 14665 334114 54137 283 770
internal_value=0 -0.00140559 -0.00401425 0.00631627 0.000293247 -0.00710772 0.0054224 -7.89484e-05 -0.00231318 -0.00080956 0.00204613 0.00037806 0.00488677 0.00483669 -0.000250429 0.00454108 -0.000560035 -0.00115762 -0.0159343 -0.00259882 -0.00151061 -0.00254081 -0.00443216 0.000850358 -0.00495174 -0.00913404 0.00419595 0.00656853 0.00650813 0.00692761
internal_weight=243485 199167 78548.1 44318.3 120619 27863 40442.1 113868 50685.2 84739.1 29129.1 18356.2 10772.9 37960.2 72072.8 4370.17 67702.6 35253.4 2843.76 473.201 33782.3 24690.2 15850.2 8840 15431.8 4068.84 33534.2 6750.44 3894 1471.08
internal_count=3063929 2624341 1467308 439588 1157033 641606 402894 1091537 825702 862564 228973 175197 53776 389703 683218 2569 680649 584388 122599 1500 583140 431543 282762 148781 241314 84469 351975 65496 2270 1248
is_linear=0
shrinkage=0.03


Tree=58
num_leaves=31
num_cat=0
split_feature=17 17 15 86 5 25 16 9 87 71 55 88 7 13 1 88 6 7 2 62 64 7 87 4 5 6 7 63 6 85
split_gain=2360.9 742.271 688.787 345.886 307.284 248.275 230.014 206.073 205.623 203.039 190.19 136.626 135.654 133.241 129.185 154.081 124.245 118.867 142.713 120.915 143.734 126.965 125.493 120.931 177.983 136.091 110.463 109.106 108.801 106.503
threshold=0.50316895544528972 1.0000000180025095e-35 0.31061333417892462 0.056140815839171417 0.91856807470321666 0.31061333417892462 0.63123199343681347 0.17917595058679583 0.45322629809379583 2.8220834732055669 1.0000000180025095e-35 0.036271719262003906 -0.0072711000684648744 0.50316895544528972 -0.18980977684259412 0.24275521934032443 0.31687574088573461 0.05169916711747647 -0.15642496943473813 0.00030536860867869114 1.111910939216614 0.27240583300590521 0.22950467467308047 0.51887804269790661 1.3411182165145876 0.38169310986995703 0.27240583300590521 0.27756822109222418 0.032655861228704459 0.076537519693374648
decision_type=2 2 2 2 2 2 2 2 2 2 2 2 2 2 2 2 2 2 2 2 2 2 2 2 2 2 2 2 2 2
left_child=1 4 7 -3 27 9 12 11 17 10 29 -2 -4 -7 15 -11 -12 -6 26 21 22 -20 -21 25 -25 -23 -19 -1 -9 -5
right_child=2 3 6 5 8 13 -8 28 -10 14 16 -13 -14 -15 -16 -17 -18 18 19 20 -22 23 -24 24 -26 -27 -28 -29 -30 -31
leaf_value=-0.0030671055088566158 0.0071073873984562599 0.0055173713205815796 0.020974845189627885 -0.0023500759846164011 -0.0030659099069857386 0.00036562012413803908 0.015343809409190197 0.01598165414174502 -0.019079606496236287 -0.030559187070889723 0.0011094064259402482 0.0017021131167307693 0.0068295372179376628 0.0071322424048184778 0.0042940107103052617 0.0023058136674607948 -0.0031059343701449211 -0.017504480224320381 -0.01208400674902382 -0.0021480191753310111 -0.018426556216446701 -0.0032729622447698328 0.01577891469728333 -0.00098727963313818574 0.040530747064683167 -0.020266756125980171 -0.0058064010866750769 0.012216100033002561 0.0059777407448315025 -0.0048287812123924663
leaf_weight=12184.589461663723 4607.7687659831136 6854.5916991968697 638.59187207184732 38097.568862907996 3938.609785603745 25921.177195351222 4530.1128603910329 1217.8587507253978 1542.8537111946207 213.48486387729645 17734.416725677904 48314.444805396386 12692.30613930065 2909.6943686371669 5925.8875393420458 311.59095768630505 9748.6101579766255 2536.4224091442302 4547.6753361084193 1338.6515766009688 346.90594968572259 2068.2118360458699 472.0589040890336 369.2874772225332 120.00694882698008 530.60099017556058 1026.792338915533 431.43193412572145 4990.1824399825418 26449.55287459126
leaf_count=247422 58763 59373 4479 351941 114092 229156 51198 6239 74105 325 179481 613572 105152 12838 5132 302 150769 57637 114223 2550 835 61067 766 13572 3303 21429 36614 386 47436 439772
internal_value=0 -0.00201774 0.00434037 -0.00104518 -0.00616538 -0.00139871 0.00950281 0.00278038 -0.00859176 -0.00211552 -0.00247622 0.00217332 0.00751357 0.00104958 0.00302783 -0.0111779 -0.000385904 -0.00765172 -0.00900233 -0.00712573 -0.000850445 -0.00889696 0.0025476 -0.00419256 0.00943261 -0.00677014 -0.0141451 -0.0025404 0.00795 -0.00336608
internal_weight=242612 165621 76991.3 134167 31454.1 127312 17861 59130.3 18838.1 98481.1 92030.1 52922.2 13330.9 28830.9 6450.96 525.076 27483 17295.2 13356.6 9793.4 2157.62 7635.78 1810.71 3088.11 489.294 2598.81 3563.21 12616 6208.04 64547.1
internal_count=3063929 2177090 886839 1429089 748001 1369716 160829 726010 500193 1127722 1121963 672335 109631 241994 5759 627 330250 426088 311996 217745 4151 213594 3316 99371 16875 82496 94251 247808 53675 791713
is_linear=0
shrinkage=0.03


Tree=59
num_leaves=31
num_cat=0
split_feature=15 88 18 15 14 88 5 85 13 7 88 85 52 7 19 88 6 6 61 85 67 9 82 82 70 15 7 82 3 9
split_gain=2077.33 868.213 650.224 357.426 275.229 253.986 236.657 215.948 170.288 170.107 162.013 141.28 140.767 136.742 131.334 129.358 156.474 129.275 117.666 116.009 101.368 100.983 100.255 135.053 100.104 96.4201 96.2675 94.3326 94.2874 91.9221
threshold=1.0000000180025095e-35 0.042061204090714462 0.22396993637084964 0.31061333417892462 0.37446653842926031 0.01872641779482365 1.1513758301734927 0.098687347024679198 0.50316895544528972 -0.4054999947547912 0.20608024299144748 0.25947627425193792 0.20707555115222934 0.37261606752872473 0.52258238196372997 0.2775187641382218 0.39818593859672552 0.22100983560085299 0.1241879388689995 0.20007556676864627 1.9979435205459597 0.37376695871353155 1.0000000180025095e-35 -1.0000000180025095e-35 2.0812616348266606 0.56247621774673473 0.077952444553375258 -0.59023538231849659 0.10147120803594591 0.52040067315101635
decision_type=2 2 2 2 2 2 2 2 2 2 2 2 2 2 2 2 2 2 2 2 2 2 2 2 2 2 2 2 2 2
left_child=2 5 6 8 7 -2 12 22 10 17 18 -8 -1 19 21 -15 -17 -9 29 -11 -6 -5 23 24 28 -7 -13 -20 -4 -3
right_child=1 3 4 14 20 25 11 9 -10 13 -12 26 -14 15 -16 16 -18 -19 27 -21 -22 -23 -24 -25 -26 -27 -28 -29 -30 -31
leaf_value=-0.007293072479961131 0.018439896403910111 0.0016961961849372899 0.00076410981369431214 0.0038775695368132067 0.0013825306985305735 0.0075224259276846462 -0.0075266999315405734 0.0013326706618228483 0.0088037396751388629 -0.004675367359961425 -0.00082825646952576449 -0.0029944152824851506 -0.00071453126686562153 -0.006608441817256218 0.010833019123805548 -0.00066919565938648262 0.018506349419833461 -0.012110462702383713 0.019870069968096461 -0.0093112492064208116 -0.034561307658379545 0.014713259084838903 -0.0031635748943739184 0.012709023586174158 0.0059000009839497453 0.019098365432518329 -0.019250095286042299 0.0041203038265658588 -0.0021580432131719065 0.013593862198959604
leaf_weight=9858.7744046842708 2802.2178277546191 39320.811712442664 17442.383833015308 11042.121425089426 25000.453611162084 9946.0557490979263 2577.9400091755233 6792.5877730303037 2610.2412990063895 13716.282120229836 26541.334785546758 378.50157137600763 4166.6544502025354 3506.5949128021603 4167.8367730234168 5739.3318929062225 406.34324046611437 707.17208005895372 583.95035049319267 7541.4647439000692 66.810550689697266 829.65100446343422 15599.43416231779 696.27515792450868 2042.5012648254633 691.64641113614198 2564.1569299999974 827.86804786324501 23083.656418723171 589.48057925049216
leaf_count=185060 36523 339030 269339 84661 265972 108615 37072 117221 11620 249626 176504 19910 72177 87367 29067 117601 8829 18306 217 150708 57 3598 246834 8365 2039 6849 100944 344 306711 2763
internal_value=0 0.00331263 -0.00233363 0.00221028 -0.0015217 0.0104054 -0.00741401 -0.00224403 0.00129009 -0.00399383 0.00100053 -0.0126752 -0.00533981 -0.00497713 0.00625174 -0.00201413 0.000609145 5.87026e-05 0.00217523 -0.00632166 0.00128105 0.00463989 -0.001102 -0.000358354 -0.000573371 0.00828239 -0.0171676 0.0106756 -0.000900288 0.00187338
internal_weight=241841 99953.2 141887 86513.3 122341 13439.9 19546 97274 70473.7 38409.8 67863.4 5520.6 14025.4 30910 16039.6 9652.27 6145.68 7499.76 41322.1 21257.7 25067.3 11871.8 58864.3 43264.8 42568.5 10637.7 2942.66 1411.82 40526 39910.3
internal_count=3063929 799791 2264138 647804 1848975 151987 415163 1582946 530478 749658 518858 157926 257237 614131 117326 213797 126430 135527 342354 400334 266029 88259 833288 586454 578089 115464 120854 561 576050 341793
is_linear=0
shrinkage=0.03


Tree=60
num_leaves=31
num_cat=0
split_feature=16 16 26 88 88 85 9 15 25 85 6 6 52 13 84 20 7 6 33 2 7 1 63 7 52 52 83 38 2 62
split_gain=2207.98 869.808 417.556 389.698 285.163 239.664 220.153 171.985 171.927 150.589 142.871 151.026 142.016 139.295 113.613 128.385 112.309 137.051 186.64 169.975 139.052 169.277 143.869 113.176 99.2169 99.1256 99.1029 98.8534 130.579 126.048
threshold=0.42514967918396002 1.0000000180025095e-35 1.0000000180025095e-35 0.023474368266761306 0.036271719262003906 0.46098889410495764 0.53471076488494884 0.53458327054977428 0.31061333417892462 0.09985127300024034 0.30561105906963354 0.37039434909820562 0.43366721272468572 0.56247621774673473 0.0097308517433702963 1.0456365942955019 0.37795858085155493 0.18080599606037143 1.0000000180025095e-35 -0.19545209407806394 -0.41109667718410486 -0.14276687055826184 0.25809295475482946 0.38474597036838537 0.14931328594684604 0.80801811814308178 -4.8352369049098336e-05 1.0000000180025095e-35 -0.071846649050712572 0.00046738103264942771
decision_type=2 2 2 2 2 2 2 2 2 2 2 2 2 2 2 2 2 2 2 2 2 2 2 2 2 2 2 2 2 2
left_child=1 2 5 -2 -3 27 7 13 9 14 12 -12 -10 -5 15 -6 17 18 20 -19 -4 24 -23 -18 -22 -20 -17 28 -1 -30
right_child=3 4 16 6 8 -7 -8 -9 10 -11 11 -13 -14 -15 -16 26 23 19 25 -21 21 22 -24 -25 -26 -27 -28 -29 29 -31
leaf_value=-0.010313231445502105 0.015809584156563788 0.0084187833132038318 0.0020954696825203878 0.0040276817906448308 0.00025191069863559099 -0.015674855703550969 0.017633159392706103 0.014809039266719485 0.002729274903409142 -0.0037423437955229938 -0.0034678293218182118 0.0022814417476370989 0.010650786416195695 0.012000702009105798 -0.002660397659791122 0.031068706289317578 0.0073744246644352508 -0.011385965627103147 0.0053861002544377473 -0.0035188582707811498 -0.010998032201724298 -0.0027647305947560946 0.0084507779034646707 -0.00086251351401981518 -0.0013302903225018349 0.029856040124108106 0.0047609080999026143 -0.0023663384195329379 -0.0065339497528355325 0.0012225114344407858
leaf_weight=6692.1562670790445 3421.7842595724651 3725.4373911164294 4972.1142861004919 35533.229558554813 59857.756219134229 2488.4688080519481 1252.4080504830927 1503.7285443720757 8317.4510764803272 12409.011280483188 6180.9439040466677 12265.37864070246 2696.6405213740654 2086.1124241484795 13486.131748346932 205.32208505645394 1785.602585655346 3223.8359550267851 1657.9523171987385 10595.613643705474 3522.7056665918208 12639.219140461006 1116.5755674093962 9312.8238265863329 1313.5306906846818 160.26739217620343 341.30006396770477 5518.8325163271802 10429.020008426269 2299.0494634769857
leaf_count=159242 43003 43088 77455 367988 536305 98855 5527 13696 44120 179346 57163 119325 10682 9374 166204 270 17740 82138 19671 246577 44339 151899 986 170592 13771 534 530 122551 256855 4103
internal_value=0 -0.00135321 -0.00382334 0.00609289 0.000253697 -0.00680091 0.00526781 0.00487009 -9.31836e-06 -0.000684871 0.00196927 0.000354413 0.00467231 0.00447116 -0.00017117 0.000384651 -0.00219924 -0.00295345 -0.0016439 -0.00535721 -0.00235901 -0.00355072 -0.00185183 0.000464484 -0.00837645 0.00760628 0.0148047 -0.0059129 -0.00691983 -0.00513262
internal_weight=241010 197213 77727.8 43797.3 119485 27427.5 40375.5 39123.1 115760 86299.5 29460.4 18446.3 11014.1 37619.3 73890.5 60404.4 50300.2 39201.8 25382.4 13819.4 23564.1 18592 13755.8 11098.4 4836.24 1818.22 546.622 24939.1 19420.2 12728.1
internal_count=3063929 2624341 1467308 439588 1157033 641606 396585 391058 1113945 882655 231290 176488 54802 377362 703309 537105 825702 637370 308655 328715 288450 210995 152885 188332 58110 20205 800 542751 420200 260958
is_linear=0
shrinkage=0.03


Tree=61
num_leaves=31
num_cat=0
split_feature=20 15 85 5 15 88 86 25 86 69 6 28 32 87 55 78 74 85 85 27 6 88 6 6 62 36 31 20 36 74
split_gain=1914.81 660.731 590.936 327.238 256.94 249.098 197.055 183.994 181.189 162.629 153.771 144.123 138.964 135.577 118.274 108.984 133.541 106.927 106.057 100.334 99.6607 174.326 131.865 96.398 90.9176 127.668 90.5827 87.0964 85.7056 85.085
threshold=0.3114724606275559 0.31061333417892462 0.16253986954689029 1.1383889913558962 0.53458327054977428 0.05392864719033242 0.034527631476521499 0.22396993637084964 0.34590496122837072 1.0368067026138308 0.029085938818752769 0.24964435398578647 0.20707555115222934 0.31001767516136175 0.22396993637084964 -0.0031935109291225667 -0.50406703352928151 0.097656425088644042 0.20551018416881564 1.0916077494621279 0.38000001013278967 0.70516321063041698 0.3381717205047608 0.29371857643127447 0.19697608798742297 0.39170669019222265 0.93735873699188244 0.58523899316787731 0.4567199051380158 0.16141416877508166
decision_type=2 2 2 2 2 2 2 2 2 2 2 2 2 2 2 2 2 2 2 2 2 2 2 2 2 2 2 2 2 2
left_child=2 6 5 8 10 -1 -2 9 18 14 -3 17 -10 29 -7 16 -11 19 -4 -8 22 28 -14 -13 26 -26 -9 -12 -22 -5
right_child=1 4 3 13 -6 7 11 24 12 15 27 23 20 -15 -16 -17 -18 -19 -20 -21 21 -23 -24 -25 25 -27 -28 -29 -30 -31
leaf_value=0.0050885772661752151 0.0072045647979477679 0.015027646631528616 -0.0040845710628740189 -0.011459622099109935 0.017225961133537467 -0.0028952527625253311 0.0012098275914966367 0.00010306873982925821 -0.0043930645433262238 0.03669442915081008 0.004440165313153931 0.0079370967767539921 0.00044568645131372965 -0.017865272913692859 0.00012132976574066623 0.0060820870155946687 -0.0068137387671019954 -0.0030371955691866374 -0.010241868840787729 0.01565155860306695 0.017646048696287494 -0.014905831884836128 -0.010734761866689405 0.0024788291838428005 0.00293995127587278 0.021958564778376911 0.0103911580721872 0.0091623106815505399 0.0039697340084975915 -0.0035967141444198294
leaf_weight=5899.2075988470169 6211.9649105137069 1923.2336001894437 4948.387151617404 3273.9918903210928 2541.8893515833188 60526.744225500064 41764.172692414169 25143.348166486539 13148.719043782337 63.275080144405365 10403.258656459686 4545.4527607323835 6451.7122719168547 1887.0511733763851 14495.957250345265 3522.8826495483518 1131.1760752126575 5638.8912826402229 5147.1292541576695 433.59643055917695 747.51152952597477 290.83029367460404 1109.0582081225584 8117.9621069904097 1337.6703030467033 413.58467777073383 790.60745691601187 5324.8498475775705 923.12102712946944 2002.0817117064435
leaf_count=66860 70688 13322 91537 84107 25754 837671 418839 256261 257371 27 86325 27699 93079 91823 208847 3077 1516 65601 106977 720 9018 8892 30659 85776 538 112 5672 49589 14575 50997
internal_value=0 0.00355718 -0.0020172 -0.00515537 0.0083113 -0.000911286 0.00211766 -0.00124099 -0.00388444 -0.00197255 0.00702367 0.00159484 -0.00239473 -0.010963 -0.00231235 0.00342798 -0.00439039 0.000841184 -0.00722709 0.0013598 0.000364861 0.00638371 -0.00119854 0.00444028 0.000865908 0.00747385 0.000418433 0.00604109 0.0101193 -0.00848177
internal_weight=240159 86905.3 153254 39929.6 20193.2 113324 66712 107425 32766.5 79740 17651.3 60500.1 22671 7163.12 75022.7 4717.33 1194.45 47836.7 10095.5 42197.8 9522.23 1961.46 7560.77 12663.4 27685.2 1751.25 25934 15728.1 1670.63 5276.07
internal_count=3063929 844313 2219616 839035 174990 1380581 669323 1313721 612108 1051138 149236 598635 413594 226927 1046518 4620 1543 485160 198514 419559 156223 32485 123738 113475 262583 650 261933 135914 23593 135104
is_linear=0
shrinkage=0.03


Tree=62
num_leaves=31
num_cat=0
split_feature=15 85 88 26 20 7 20 6 7 86 26 5 71 13 6 87 61 7 7 61 6 57 20 36 78 65 88 71 83 7
split_gain=1841.75 823.907 418.597 367.771 361.363 252.772 248.755 231.245 197.543 190.309 183.717 177.047 137.509 134.358 127.779 139.612 127.295 122.95 120.089 118.059 121.215 115.982 121.562 101.712 125.484 99.9275 98.6705 111.694 121.492 97.9093
threshold=0.22396993637084964 0.16253986954689029 0.027925742790102962 0.37446653842926031 0.14931328594684604 -0.39434722065925593 0.53307747840881359 0.20617117732763293 0.27240583300590521 0.040215341374278075 0.22396993637084964 1.2497654557228091 1.7700929641723635 0.53458327054977428 -0.093217499554157243 0.20159892737865451 0.13315772265195849 -0.56604987382888783 0.37049600481987005 0.0015020980499684813 0.068646788597106947 1.0000000180025095e-35 1.05028373003006 1.0000000180025095e-35 -0.16517163813114163 0.038385638967156417 0.64986127614974987 2.1692804098129277 -0.016863464377820488 0.23486295342445376
decision_type=2 2 2 2 2 2 2 2 2 2 2 2 2 2 2 2 2 2 2 2 2 2 2 2 2 2 2 2 2 2
left_child=1 4 -2 5 10 7 17 -3 11 -6 19 12 14 21 -7 -16 -12 -4 -5 -1 29 22 -11 -14 -25 -26 27 -27 -29 -21
right_child=2 3 6 18 9 8 -8 -9 -10 13 16 -13 23 -15 15 -17 -18 -19 -20 20 -22 -23 -24 24 25 26 -28 28 -30 -31
leaf_value=-0.0037410463851685252 0.014565266638160683 0.00037574880386410925 0.015774173743034164 -0.0024137173548192522 0.005588720164900569 0.0009162493017920943 0.0082843258494056972 -0.015420739376425671 -0.0040790064117549847 -0.0010230536046091148 -0.00050376292190498556 -0.018136123786097868 -0.011911227325814708 0.0096722073758120485 -0.0082927208811612706 -0.015481366709278266 0.0072165864958028281 0.0026732144466814502 0.0041293939513363728 -0.0028817377355223389 0.0020825862310735899 0.0015948263124903896 0.013887384293855104 -0.029104799205386087 0.031271893668319083 0.023600700967573791 0.0208343858213853 0.012106846289351174 -0.0094943316551646516 -0.02574209022526075
leaf_weight=34818.349835005429 4349.1809535988286 6096.6547875505348 658.6656349003315 9542.6374366594246 7909.0871748514764 834.74111325420381 11959.146530040263 962.12057951031602 6950.9667668879265 32645.495078453212 29104.392673115304 2160.6234156020655 749.79568726196885 1467.8108117813244 5866.2038073834847 4181.3353992956982 2054.006998360157 24305.431578413001 3427.90249566696 495.82784028351307 5868.1519267559052 40487.890730105297 495.618098763749 111.36900776997209 103.14841471612453 139.76497143134475 200.27365010604262 304.97438269108534 967.30958581343293 252.86999394744635
leaf_count=577310 55605 125930 4033 142389 92247 22710 95428 33508 192554 334852 376239 62770 1874 6783 112471 132473 979 188169 41342 464 6710 452952 645 242 101 170 266 401 1854 458
internal_value=0 -0.0012006 0.0057651 -0.00489705 -0.00018846 -0.00674113 0.00472694 -0.00178421 -0.00829059 0.0011635 -0.00173438 -0.010163 -0.0088777 0.000697115 -0.010353 -0.0112897 5.89032e-06 0.00302153 -0.000683393 -0.00304301 0.000629454 0.000517618 -0.000798286 -0.00263852 0.00118256 0.00321458 0.00134388 -0.00146836 -0.00429115 -0.0107045
internal_weight=239472 198199 41272.4 42599.8 155600 29629.3 36923.2 7058.78 22570.5 83005.9 72593.6 15619.5 13458.9 75096.8 10882.3 10047.5 31158.4 24964.1 12970.5 41435.2 6616.85 73629 33141.1 2576.64 1826.84 1715.47 1612.32 1412.05 1272.28 748.698
internal_count=3063929 2720694 343235 871055 1849639 687324 287630 159438 527886 887479 962160 335332 272562 795232 267654 244944 377218 192202 183731 584942 7632 788449 335497 4908 3034 2792 2691 2425 2255 922
is_linear=0
shrinkage=0.03


Tree=63
num_leaves=31
num_cat=0
split_feature=17 17 15 5 9 86 22 88 31 14 6 86 60 6 13 15 85 72 6 20 72 86 18 84 79 36 3 60 12 1
split_gain=2102.16 620.5 566.4 323.5 268.925 218.421 184.07 182.344 165.198 151.611 145.656 125.93 125.014 124.229 121.474 121.132 117.606 115.036 110.721 105.075 106.51 123.618 104.926 101.682 156.007 101.441 109.493 130.586 97.0772 91.2623
threshold=0.50316895544528972 0.22396993637084964 0.42514967918396002 1.1383889913558962 0.17917595058679583 0.054965861141681678 1.0000000180025095e-35 0.033260961994528777 1.0000000180025095e-35 0.37446653842926031 0.02682175021618605 1.2476280927658083 3.2345282079404573e-06 0.30833633244037634 0.37446653842926031 0.61035025119781505 0.15671031177043918 -1.6154717206954954 0.38217790424823767 0.88635334372520458 -1.1215718388557432 0.37317703664302831 0.65050083398818981 -0.22870808094739911 -0.64376157522201527 0.14931328594684604 0.20209552347660067 0.021433709189295772 0.53458327054977428 -0.31563776731491083
decision_type=2 2 2 2 2 2 2 2 2 2 2 2 2 2 2 2 2 2 2 2 2 2 2 2 2 2 2 2 2 2
left_child=1 3 4 9 7 17 16 -2 19 11 -6 22 -11 -10 -9 -4 -5 -3 -15 20 21 23 25 24 -7 26 27 -1 -22 -18
right_child=2 5 15 6 10 8 -8 14 13 12 -12 -13 -14 18 -16 -17 29 -19 -20 -21 28 -23 -24 -25 -26 -27 -28 -29 -30 -31
leaf_value=-0.0031063484531827319 0.0081679129497341761 -0.057914557420216249 0.01046793733718877 -0.0059478257240182649 0.017513195165666514 0.025840011832415605 -0.0058523938478908912 0.0016785512152503556 0.0039746528181321414 -0.00017652249809518966 0.006626080713091809 -0.016002512600995573 0.019271592241229235 -0.0035759441502164215 0.0069125345244465258 0.022344002902139361 -0.0072507324024495071 0.0054594416445045771 0.0024971652618428074 0.010375611934880791 -0.0019173357352787663 -0.024176716468479881 -0.010053750270004189 0.0056448807403688822 -0.019197992827903486 -0.0020525971297623725 -0.0067633172112867611 0.012899062097164167 0.021674152048710878 -0.019674420862115842
leaf_weight=5673.1512480508391 4824.8836603317177 21.907056093215942 6869.4640925364802 1280.6504995253053 1335.7495015705936 83.459272772073746 7703.1747384297632 51014.927754393895 10065.495518845681 7955.8669952234195 6436.9027069566073 753.88922165872646 305.00949493050575 5614.3174728339072 4327.0110916292761 872.87934501445852 699.28336286102422 5873.9031524791499 5200.2466182182543 665.06771702412516 66321.459010199702 140.76874589920044 2194.5685864933766 3636.6048043444753 331.38495561480522 23973.71744923103 11590.145631065025 495.09928794205189 153.34901130199432 2330.2536650167895
leaf_count=59684 63356 23 63659 9954 6343 35 185162 659522 70298 110933 58088 26381 116 73954 26343 9528 27622 52096 60426 1745 741801 157 63885 3195 389 369302 229636 390 526 89380
internal_value=0 -0.0019178 0.00413195 -0.00419209 0.00325531 -0.000411905 -0.00863619 0.00257645 -0.000769957 -0.00318298 0.00850568 -0.00387324 0.000549979 0.0015767 0.00208833 0.0118183 -0.0136003 0.00518409 -0.000655394 -0.00145697 -0.00156898 0.00306645 -0.00366354 0.00403704 -0.00996616 -0.00332645 -0.00504505 -0.00181341 -0.00186154 -0.0168216
internal_weight=238745 163063 75681.8 64954.8 67939.5 98108 12013.4 60166.8 92212.2 52941.4 7772.65 44680.6 8260.88 20880.1 55341.9 7742.34 4310.19 5895.81 10814.6 71332.1 70667 4192.22 43926.7 4051.45 414.844 41732.1 17758.4 6168.25 66474.8 3029.54
internal_count=3063929 2177090 886839 1172445 813652 1004645 312118 749221 952526 860327 64431 749278 111049 204678 685865 73187 126956 52119 134380 747848 746103 3776 722897 3619 424 659012 289710 60074 742327 117002
is_linear=0
shrinkage=0.03


Tree=64
num_leaves=31
num_cat=0
split_feature=17 17 16 5 86 3 87 14 15 30 72 14 88 86 62 78 3 78 77 66 71 68 3 71 18 65 58 4 63 64
split_gain=2022.84 592.399 565.209 307.718 200.381 184.046 173.385 169.888 161.784 154.103 137.216 133.297 119.414 115.562 112.746 103.836 150.517 156.084 223.446 133.096 122.579 136.965 110.765 101.907 101.5 101.181 100.142 96.6679 120.67 119.41
threshold=0.50316895544528972 0.22396993637084964 0.58756005764007579 1.1383889913558962 0.052603647112846381 0.025830680504441265 0.31001767516136175 0.37446653842926031 0.56247621774673473 1.0000000180025095e-35 -1.6154717206954954 0.37446653842926031 0.021251542493700985 1.2476280927658083 0.19697608798742297 0.010422103572636844 0.072635684162378325 -0.014443987514823673 -0.91265851259231556 0.63958203792572033 3.1649366617202763 2.3003178834915166 0.20209552347660067 4.2505438327789316 0.68507987260818493 0.4542029350996018 0.80962154269218456 0.14931328594684604 0.91966992616653453 1.4568218588829043
decision_type=2 2 2 2 2 2 2 2 2 2 2 2 2 2 2 2 2 2 2 2 2 2 2 2 2 2 2 2 2 2
left_child=1 3 5 11 10 12 23 -7 26 14 -3 13 -2 15 -6 16 -1 20 -19 -17 21 -18 -20 -5 -14 -13 -4 -16 29 -29
right_child=2 4 8 6 9 7 -8 -9 -10 -11 -12 25 24 -15 27 19 17 18 22 -21 -22 -23 -24 -25 -26 -27 -28 28 -30 -31
leaf_value=-0.00035458496766500815 0.015646007018704063 -0.057128989440110391 0.01054071919034056 -0.0072847106729306554 -0.0015257896356487002 0.00082622936552776522 -0.017107360234143765 0.0046808589977696876 0.018983843509661202 0.0022829624644946358 0.0055090566012271254 -0.00027668164813983486 0.0075835151617402209 -0.015499766514670617 -0.0033082811800497513 -0.0019766088447547249 -0.0024110603183899039 -0.0026184602541785866 -0.006326723695248118 0.012407197698267322 -0.016344634223829514 0.037696933484294051 -0.013202892846466878 0.019612951021419595 0.0026757594852298817 0.017436974946533644 0.0035592646205874776 0.0051838469809365609 -0.021172624851194009 0.023933946174297289
leaf_weight=6265.6344785802721 1020.7367975952511 27.67295241355896 7236.5533672109887 10011.50207679109 74630.241367941897 32971.920165687945 1776.8837187393656 14959.565911535057 1626.1156683714071 13004.024526196823 5466.2130587527936 7976.6688894160907 7369.0025449534878 741.01727145558107 1427.0256582275033 12031.981260908367 10241.790800968462 5054.0248427040133 3475.564112531305 604.20550694316626 571.23524864017963 73.205163225531578 5420.2165833568433 124.58034705370665 7832.1806750873802 297.16207554936409 2493.6176394871436 2879.8065363392234 137.06391908228397 338.89605043828487
leaf_count=32869 14445 16 79934 220923 832808 485974 91026 131200 17493 119370 48780 110938 51434 26381 1093 223516 201005 70355 68874 631 918 66 124663 169 69156 111 37203 2198 160 220
internal_value=0 -0.00188454 0.00405741 -0.00411278 -0.00041274 0.0029649 -0.00846729 0.00202966 0.0102256 -0.000743766 0.00515139 -0.00312876 0.00572683 -0.00377912 -0.00123955 -0.00357905 -0.00451075 -0.00555885 -0.00765976 -0.00128478 -0.00286448 -0.00211148 -0.0105209 -0.00694607 0.00505653 0.000367095 0.00875419 0.00322359 0.00600321 0.00718669
internal_weight=238086 162577 75509.7 64665.7 97910.9 64153.4 11913 47931.5 11356.3 92417.1 5493.89 52752.7 16221.9 44478.9 79413 43737.9 31101.7 24836 13949.8 12636.2 10886.2 10315 8895.78 10136.1 15201.2 8273.83 9730.17 4782.79 3355.77 3218.7
internal_count=3063929 2177090 886839 1172445 1004645 752209 312118 617174 134630 955849 48796 860327 135035 749278 836479 722897 498750 465881 263892 224147 201989 201071 193537 221092 120590 111049 117137 3671 2578 2418
is_linear=0
shrinkage=0.03


Tree=65
num_leaves=31
num_cat=0
split_feature=16 16 26 88 88 85 9 12 26 62 4 15 13 78 86 18 66 66 6 21 72 57 2 62 87 66 87 18 7 69
split_gain=1915.33 720.566 363.252 341.847 257.768 205.504 194.136 154.683 153.873 167.213 142.564 124.056 108.895 105.013 104.565 101.825 127.109 100.977 94.6083 93.7851 93.7341 92.9544 136.247 134.399 101.716 94.4121 95.0746 86.1871 85.4685 85.2425
threshold=0.42514967918396002 1.0000000180025095e-35 1.0000000180025095e-35 0.023474368266761306 0.036271719262003906 0.46098889410495764 0.64769724011421215 0.46720869839191442 0.31061333417892462 0.19697608798742297 0.20707555115222934 0.53458327054977428 0.61035025119781505 -0.0019249126780778167 0.38046370446681982 0.31061333417892462 0.11824767664074899 0.48669973015785223 0.35551603138446813 0.42082133889198309 -1.3355067968368528 1.0000000180025095e-35 -0.071846649050712572 0.00017113865760620686 0.28950721025466924 0.4280985295772553 0.41761878132820135 1.0000000180025095e-35 0.58516743779182445 1.881867587566376
decision_type=2 2 2 2 2 2 2 2 2 2 2 2 2 2 2 2 2 2 2 2 2 2 2 2 2 2 2 2 2 2
left_child=1 2 5 -2 -3 21 7 11 14 12 -4 18 19 -11 15 16 -6 -12 -5 -10 -16 22 28 -24 -25 -26 -27 -7 -1 -22
right_child=3 4 10 6 8 27 -8 -9 9 13 17 -13 -14 -15 20 -17 -18 -19 -20 -21 29 -23 23 24 25 26 -28 -29 -30 -31
leaf_value=-0.011467153186610542 0.01500103963983174 0.0080235870030948685 -0.0044583297075009316 0.0057828420127252842 0.0016072089218906543 -0.018869732107963801 0.018927419391318513 0.014704340557921101 -0.00069701303854181266 -0.0082611164990295249 -0.0012435985771159061 0.013341838391841573 0.0098368079587162795 0.01240863315722599 -0.024987733554584491 -0.0010442811151487427 0.015832769966193972 0.0082432074435105293 0.0026651038300568746 0.001881247192952332 -0.0040788365676140232 -0.002717294349981361 -0.0065100817688091917 -0.00058803870295141944 0.033827119848486339 -0.029439812109245331 0.029826233349820045 -0.0067332426832057207 0.0031118008641215348 0.035965370289557451
leaf_weight=5396.8123497717606 3303.0436598845117 3671.5130969989696 15014.956775983752 14950.649160289962 4486.6132482297253 1568.2294416076184 872.2927264701575 1325.041493976023 25543.882852346374 251.14233684539795 33633.829407618905 1310.5319531257264 1167.3323401557282 1698.9008870571852 189.45385190844536 47582.12055984122 643.20735017955303 1036.9634684771299 21201.290608382173 25238.134736299748 7440.8414112043101 7388.2882501157874 8880.143492960633 2110.2452526576817 153.02163291350007 53.127491630613804 38.50154909864068 803.38265957887052 385.7678890688403 44.167733758687973
leaf_count=132133 43003 43088 241314 137170 29348 76641 3733 5656 247539 138 583543 13010 5400 537 143 515929 236 845 237016 241223 73442 173106 224674 3766 153 189 30 22214 8700 10
internal_value=0 -0.00126678 -0.00353512 0.00573217 0.000203653 -0.00635161 0.00495867 0.00464249 -4.7801e-05 0.00111727 -0.00201672 0.00428495 0.000793051 0.00973285 -0.00108779 -0.000611197 0.00340272 -0.000958811 0.00395507 0.000584314 -0.00435867 -0.00553025 -0.00675032 -0.0048209 0.00154719 0.019696 -0.00428386 -0.0147787 -0.0104923 -0.00382286
internal_weight=237383 194421 76463.3 42962.8 117957 26777.5 39659.8 38787.5 114286 53899.4 49685.7 37462.5 51949.3 1950.04 60386.4 52711.9 5129.82 34670.8 36151.9 50782 7674.46 24405.9 17017.6 11235 2354.9 244.651 91.629 2371.61 5782.58 7485.01
internal_count=3063929 2624341 1467308 439588 1157033 641606 396585 392852 1113945 494837 825702 387196 494162 675 619108 545513 29584 584388 374186 488762 73595 542751 369645 228812 4138 372 219 98855 140833 73452
is_linear=0
shrinkage=0.03


Tree=66
num_leaves=31
num_cat=0
split_feature=17 17 15 26 16 86 85 88 18 31 65 13 69 7 14 72 7 69 18 69 7 7 7 67 72 57 74 69 83 69
split_gain=1920.5 540.276 534.951 286.546 201.664 198.304 184.851 149.702 149.143 145.64 126.636 112.968 105.274 102.378 99.5025 97.3951 107.175 118.981 100.068 96.5099 108.316 204.577 104.359 95.9467 138.733 95.2899 129.816 149.12 119.386 126.147
threshold=0.50316895544528972 0.22396993637084964 0.31061333417892462 1.0000000180025095e-35 0.61035025119781505 0.040215341374278075 0.46098889410495764 0.039253270253539092 0.70072525739669811 1.0000000180025095e-35 1.8981369733810427 0.37446653842926031 1.0299483537673952 -0.0072711000684648744 0.65050083398818981 -1.287307560443878 0.24602679163217547 1.3673965334892275 0.61035025119781505 0.75038745999336254 0.37795858085155493 0.20840832591056827 -0.57484117150306691 0.51249974966049205 -0.95306625962257374 1.0000000180025095e-35 -0.071846649050712572 0.15101174265146258 -0.017933025024831292 2.036590695381165
decision_type=2 2 2 2 2 2 2 2 2 2 2 2 2 2 2 2 2 2 2 2 2 2 2 2 2 2 2 2 2 2
left_child=1 3 7 6 13 -3 25 -2 10 12 -9 19 -7 -4 23 16 17 -14 -17 20 21 22 -5 -11 -25 26 -1 -28 -29 -30
right_child=2 5 4 11 -6 9 -8 8 -10 14 -12 -13 15 -15 -16 18 -18 -19 -20 -21 -22 -23 -24 24 -26 -27 27 28 29 -31
leaf_value=-0.011316268939008636 0.0069362533257099276 0.0065782392029509586 0.019480646978430299 -0.013860728242737161 0.013383677435872801 -0.0015734063391494365 -0.014983520675261654 0.0034927999103496333 0.00013756019057579259 0.00035068050064795384 -0.043197056789676162 0.006419539382108241 0.023686004163832704 0.0057909114173797282 0.007654566285224134 0.0040170666075247229 -0.0088862101291488447 0.0047838645171243716 -0.012325564773853595 0.0026084843283903912 -6.8505700564702206e-05 -0.0068606243781477718 -0.0015111796472420721 -0.00099918041995838633 0.023433449861138437 -0.0025312192880060456 -0.0072434671136302371 0.018649550312958681 0.00059855073513079 -0.039042793137569726
leaf_weight=4605.3280968234467 6334.32726026811 3495.0744831616466 511.45784822409041 634.49492297463439 5447.8703873252671 69617.3715385713 2243.633852043502 30042.926086530613 21445.088613374493 18397.835120102478 48.380555093288422 1216.5906122282613 544.43203197419643 11224.613590624445 2114.1417867401615 1092.0742452442646 229.82925875484943 668.21742476522923 483.00114375352859 2731.8948256671429 7851.4515940966085 13141.640370331006 17526.648093263015 434.3330894112587 398.29191030561924 5459.8684330111282 6714.1997264072488 322.44963367655873 1640.398639537394 71.564222857356071
leaf_count=119754 80289 33008 3745 18172 62640 761383 97324 311555 334113 195432 53 12923 280 94444 11886 920 315 494 572 2507 120913 226251 273351 247 108 123726 174021 399 2899 205
internal_value=0 -0.00184145 0.00396556 -0.0039792 0.00861304 -0.000434174 -0.00684749 0.00258497 0.00204957 -0.000695281 0.00341185 -0.00257732 -0.00133551 0.00639433 0.00148301 0.00414639 0.00976724 0.0133239 -0.00101012 -0.00283933 -0.00321978 -0.00400994 -0.00194584 0.000802844 0.0107391 -0.00587401 -0.00723924 -0.00508836 0.00202224 -0.00114308
internal_weight=236689 161635 75054.7 64160.2 17183.9 97474.6 21057.4 57870.7 51536.4 93979.5 30091.3 43102.7 72634.9 11736.1 21344.6 3017.55 1442.48 1212.65 1575.08 41886.1 39154.2 31302.8 18161.1 19230.5 832.625 18813.8 13353.9 8748.61 2034.41 1711.96
internal_count=3063929 2177090 886839 1172445 160829 1004645 518328 726010 645721 971637 311608 654117 763964 98189 207673 2581 1089 774 1492 641194 638687 517774 291523 195787 355 421004 297278 177524 3503 3104
is_linear=0
shrinkage=0.03


Tree=67
num_leaves=31
num_cat=0
split_feature=17 16 26 85 9 60 77 79 5 15 7 7 70 39 37 69 15 66 77 14 9 1 84 14 68 4 68 7 5 83
split_gain=1848.96 586.758 452.925 409.02 191.924 190.299 181.492 201.124 174.406 171.932 148.136 135.093 141.012 127.53 104.154 115.916 103.1 101.709 101.606 99.5087 96.7159 94.2172 156.05 90.8213 90.5861 161.937 177.058 89.8114 88.2199 87.6529
threshold=0.46720869839191442 0.56247621774673473 0.22396993637084964 0.1839721500873566 0.17917595058679583 0.00019989647989859807 -0.26849660277366633 0.0045678196474909791 0.6781650483608247 0.46720869839191442 0.37795858085155493 0.20585338771343234 2.3433465957641606 1.0000000180025095e-35 1.0000000180025095e-35 0.62997189164161693 0.22396993637084964 0.049665333703160293 -0.99933466315269459 0.50316895544528972 0.87261566519737255 0.13902067393064502 -0.46245802938938135 0.82850518822669994 1.4054087996482851 0.24964435398578647 2.4231494665145878 0.39143569767475134 0.83454847335815441 -0.019021786749362942
decision_type=2 2 2 2 2 2 2 2 2 2 2 2 2 2 2 2 2 2 2 2 2 2 2 2 2 2 2 2 2 2
left_child=2 4 3 13 16 8 14 29 23 20 11 12 -10 -1 -5 -16 19 -7 -19 -2 -3 24 -23 -4 -20 26 -26 -6 -27 -8
right_child=1 9 5 6 27 17 7 -9 10 -11 -12 -13 -14 -15 15 -17 -18 18 21 -21 -22 22 -24 -25 25 28 -28 -29 -30 -31
leaf_value=-0.0036337736258074721 0.0006609372177401935 0.0065345202064385393 0.00037049296221266462 -0.0059229539228453287 0.0089736391071838627 0.022084506728898546 -0.004511727568154226 -0.0067952037121886575 -0.0014838384931962659 0.014353564237235994 0.0011973263251755732 -0.0057390816149311841 0.047666052406996451 -0.00071022420918781667 0.00041095077596334321 0.032573123690359113 0.0038442654267747262 0.015289371874440882 0.018607329482316675 0.0050791783685979084 0.025470126360772182 0.017548807668523455 -0.022376508496244153 0.0085917335553624824 -0.032938970809074528 0.00353902150348193 0.00063457170339211561 0.0018322651341392908 0.023505574105752099 -0.01757861018165853
leaf_weight=31913.070960892335 43359.924255442587 10429.414387080673 37601.487460769509 7982.9994199526845 5365.8925417842111 339.0015314668417 541.79193210753147 5477.3884919819247 12118.653516668521 3889.1338098889682 7990.3656706468319 12200.594538665435 48.762007936835289 23194.06703760766 1318.5652808994346 105.24730185419321 16994.605521562145 649.63807332515717 342.9896027892828 5127.5868646171584 245.29886450106278 120.45375853776932 300.43841192126274 1245.6593159530312 199.73314140737057 649.44696377962828 460.56617544591427 2254.4963679406792 284.87769597768784 3312.193505651856
leaf_count=389630 596024 127378 329476 207922 40117 132 13756 156802 182656 41237 113947 215260 10 304599 30739 89 147762 201 129 41120 930 63 262 6856 176 360 258 22118 153 93767
internal_value=0 0.00345427 -0.00204065 -0.00370588 0.00235842 -0.000391048 -0.00753449 -0.0104991 -0.00071987 0.00895234 -0.00234655 -0.00350879 -0.0012709 -0.0024035 -0.00459 0.0028761 0.00183369 0.00659532 0.00482127 0.00112864 0.00697945 0.00191497 -0.0108822 0.000635086 0.00471381 0.00168354 -0.00965146 0.00686352 0.00970591 -0.0157494
internal_weight=236064 87666.4 148398 73845.3 73102.5 74552.7 18738.2 9331.37 71205.5 14563.8 32358.4 24368 12167.4 55107.1 9406.81 1423.81 65482.1 3347.15 3008.14 48487.5 10674.7 2358.51 420.892 38847.1 1937.61 1594.62 660.299 7620.39 934.325 3853.99
internal_count=3063929 1016686 2047243 1197304 847141 849939 503075 264325 848205 169545 511873 397926 182666 694229 238750 30828 784906 1734 1602 637144 128308 1401 325 336332 1076 947 434 62235 513 107523
is_linear=0
shrinkage=0.03


Tree=68
num_leaves=31
num_cat=0
split_feature=17 16 17 5 86 9 22 13 9 14 87 20 55 63 84 38 86 77 84 7 79 27 79 71 78 68 87 78 69 71
split_gain=1789.23 508.881 501.044 275.104 191.906 185.277 169.92 137.788 126.842 120.947 120.005 115.01 109.631 115.213 143.838 109.781 105.907 103.189 95.5348 162.541 94.2597 93.7172 97.4726 106.514 93.1153 132.57 107.652 174.498 104.602 155.445
threshold=0.50316895544528972 0.58756005764007579 0.22396993637084964 1.1449223160743716 0.042712608352303512 0.40253517031669622 1.0000000180025095e-35 0.46720869839191442 0.87005141377449047 0.37446653842926031 0.022428863681852821 1.05028373003006 0.31061333417892462 0.0042459240648895511 -0.22870808094739911 0.22396993637084964 1.2476280927658083 -0.98700854182243336 0.0027149503584951167 0.22128008306026462 -0.15217151492834088 0.20707555115222934 -0.019855634309351441 2.26177990436554 0.010422103572636844 2.7310564517974858 0.17674763500690463 -0.010447925888001917 1.9490596055984499 4.2717220783233651
decision_type=2 2 2 2 2 2 2 2 2 2 2 2 2 2 2 2 2 2 2 2 2 2 2 2 2 2 2 2 2 2
left_child=2 5 3 9 -4 10 17 11 -3 16 -2 12 13 -6 15 -15 24 -5 21 -20 -13 22 23 -16 26 -26 28 -28 29 -1
right_child=1 8 4 6 7 -7 -8 -9 -10 -11 -12 20 -14 14 18 -17 -18 -19 19 -21 -22 -23 -24 -25 25 -27 27 -29 -30 -31
leaf_value=-0.0032398773578809306 0.0034160641439805019 0.0091306272728449399 0.0061594904988239345 -0.0002855289546529814 -0.0018711399117761316 0.012087668751813337 -0.0053501627699386999 0.0051495658204467002 0.026518140011681887 0.00040643071875983192 0.00057232335139335443 0.033664769561594317 0.0011633464280221618 -0.011873033878016673 0.027316405330247907 0.023255713123931161 -0.014917658603993741 -0.014856974374461263 -0.034610971415055959 0.00094303546823042389 0.0048612779209363044 0.02214441205462923 -0.00088498211212165157 0.006767660697417811 -0.0017905715151747585 0.014681999397247847 -0.0032284537694969367 -0.012833483193141745 -0.019147303191511131 0.029258224991606442
leaf_weight=23512.972089564872 42169.71442723363 10755.108072609917 3821.0866193594702 500.20922493917169 66314.547019361329 1871.7564613856375 7221.1815156462253 3488.2216605786234 388.99602734390646 8207.4865783942514 19553.803079468227 143.26980811171234 16998.789307763975 818.4088666588068 253.98728469014168 84.909696787595749 723.1006735448027 3523.3286388197157 128.84800043702126 894.84502749145031 341.78590483125299 318.22214339673519 1421.8753888309002 1958.965068526566 12166.113035876631 452.16973824054003 3779.482679087494 3101.31659521439 365.6038471236825 129.22578858584166
leaf_count=320352 391413 132910 36007 9298 753604 11296 178138 16148 1720 111049 349500 165 193165 831 133 50 26836 114599 121 958 450 122 1066 1825 226578 441 92869 91809 420 56
internal_value=0 0.00383461 -0.00178381 -0.00385121 -0.000426207 0.00279789 -0.00810886 -0.00069661 0.00974726 -0.00293756 0.00251534 -0.000924278 -0.00100383 -0.00151421 0.00250895 -0.00847809 -0.00355817 -0.0130486 0.0045093 -0.00364492 0.0135839 0.00662362 0.00524072 0.00917316 -0.00336791 -0.00119546 -0.00425496 -0.00756323 -0.0033055 -0.00305714
internal_weight=235409 74739.4 160670 63682.2 96987.8 63595.3 11244.7 93166.7 11144.1 52437.5 61723.5 89678.5 89193.4 72194.6 5880.06 903.319 44230 4023.54 4976.74 1023.69 485.056 3953.05 3634.83 2212.95 43506.9 12618.3 30888.6 6880.8 24007.8 23642.2
internal_count=3063929 886839 2177090 1172445 1004645 752209 302035 968638 134630 870410 740913 952490 951875 758710 5106 881 759361 123897 4225 1079 615 3146 3024 1958 732525 227019 505506 184678 320828 320408
is_linear=0
shrinkage=0.03


Tree=69
num_leaves=31
num_cat=0
split_feature=16 16 18 55 26 3 61 88 5 15 19 9 6 88 35 6 6 5 4 58 72 62 6 7 9 69 88 77 72 72
split_gain=1723.85 499.189 449.572 280.852 246.001 191.267 182.635 178.636 153.495 146.496 127.891 125.999 125.767 175.236 128.951 117.706 168.041 169.27 156.592 109.941 100.496 128.152 97.8203 205.758 90.9109 88.5712 88.4574 87.5179 83.1564 154.337
threshold=0.31061333417892462 0.58756005764007579 1.0000000180025095e-35 0.22396993637084964 0.22396993637084964 0.10290265828371049 0.13315772265195849 0.021251542493700985 0.89549303054809581 0.50316895544528972 0.52258238196372997 0.66995003819465648 0.31122234463691717 1.4957563281059267 1.0603252053260805 0.30833633244037634 0.39159533381462103 1.3411182165145876 0.54616111516952526 1.0000000180025095e-35 -1.3713604211807249 0.20961493253707889 0.029085938818752769 0.25045758485794073 0.88011685013771068 1.0368067026138308 0.050164703279733665 -0.90929651260375965 -1.4252945780754087 -1.841772675514221
decision_type=2 2 2 2 2 2 2 2 2 2 2 2 2 2 2 2 2 2 2 2 2 2 2 2 2 2 2 2 2 2
left_child=2 7 8 4 5 -4 26 -2 -1 24 11 20 13 14 -5 27 -17 -18 -19 -10 25 22 23 -22 -3 -9 -6 -7 29 -8
right_child=1 9 3 12 6 15 28 10 19 -11 -12 -13 -14 -15 -16 16 17 18 -20 -21 21 -23 -24 -25 -26 -27 -28 -29 -30 -31
leaf_value=-0.0017384697415270226 0.013969072447635233 0.0071238084020067444 -0.0011550202479840605 0.0021650023661077462 0.0080571123668304271 -0.0018163660794745665 -0.0046655634393801817 -0.026698740212755881 -0.013082108342459903 0.015746525896317205 0.006959735824881047 0.015610330592215406 -0.00083677734038698057 0.029874041502591254 0.01720802495963179 -0.01144583021579822 -0.0047082705659933794 -0.0094744175395097257 0.039075508288029664 -0.0025227475844582571 0.0020039150547041928 0.012683310915591191 0.0013875025384034029 0.013652702194823537 0.026435051684758439 0.003350571535225192 -0.0011473977935085029 -0.005056938324781976 0.0024508263683460092 0.021425391372494763
leaf_weight=2115.3619151371677 1237.5413296056213 8251.70867598927 22504.153933829723 14688.580047304567 951.96192053670529 12593.804034105044 281.19766381382942 202.506238758564 4860.9932552261889 2638.730778830417 5259.1264252518304 608.99454895500094 14218.015415626345 212.56968042696826 527.65798183623701 4815.8940591328137 3710.6766640684509 94.139037712127902 153.27488005592022 1089.4269087832363 4963.1704777091509 995.6791305989027 50181.281230130466 1879.8643840634031 222.24613953195512 152.37541747093201 54929.674005286899 18586.241588475037 1201.5148492455482 725.43063239753246
leaf_count=48790 17811 104791 245098 167906 6255 161171 142 179 168148 28943 35566 2544 240070 1079 2091 138928 97867 2370 3551 32072 51831 393 509323 7507 896 87 678862 308745 639 274
internal_value=0 0.00369446 -0.00178805 -0.00141735 -0.00206069 -0.00336762 -0.000655272 0.00269628 -0.00868626 0.00957261 0.0024782 0.0020781 0.00119834 0.00307378 0.00269133 -0.00461352 -0.00768355 -0.00309784 0.0207279 -0.0111526 0.00193579 0.00203362 0.00184671 0.00521074 0.00764305 -0.0138904 -0.00098995 -0.0037486 0.00779888 0.0141429
internal_weight=234854 76593.2 158261 150195 120548 62458.2 58089.8 65480.5 8065.78 11112.7 64243 58983.9 29646.8 15428.8 15216.2 39954 8773.98 3958.09 247.414 5950.42 58374.9 58020 57024.3 6843.03 8473.95 354.882 55881.6 31180 2208.14 1006.63
internal_count=3063929 759871 2304058 2055048 1643902 957730 686172 625241 249010 134630 607430 571864 411146 171076 169997 712632 242716 103788 5921 200220 569320 569054 568661 59338 105687 266 685117 469916 1055 416
is_linear=0
shrinkage=0.03


Tree=70
num_leaves=31
num_cat=0
split_feature=17 17 88 5 19 22 19 64 61 36 62 6 7 6 88 27 6 9 7 88 62 2 14 6 64 12 88 69 6 71
split_gain=1695.02 467.935 467.759 257.432 251.841 161.983 153.665 128.339 116.617 112.19 112.534 127.122 202.499 196.017 121.091 120.099 119.796 110.395 107.43 105.622 104.065 102.864 102.789 101.748 101.45 100.448 97.8158 91.5752 91.1714 101.563
threshold=0.50316895544528972 0.22396993637084964 0.029807321727275852 1.1449223160743716 0.2834331095218659 1.0000000180025095e-35 0.14931328594684604 2.2995947599411015 0.18027425557374957 0.20707555115222934 0.0021800396498292689 0.070844147354364409 0.27240583300590521 0.37066997587680822 0.27273255586624151 0.68918907642364513 0.20617117732763293 0.17917595058679583 -0.065206006169319139 0.09268635138869287 0.0070810369215905675 -0.15642496943473813 0.75503185391426098 0.38169310986995703 1.4817933440208437 0.56247621774673473 0.015796643681824211 1.7876117229461672 0.073521606624126448 4.3768186569213876
decision_type=2 2 2 2 2 2 2 2 2 2 2 2 2 2 2 2 2 2 2 2 2 2 2 2 2 2 2 2 2 2
left_child=1 3 26 9 17 28 7 8 22 -1 11 -11 15 -14 -15 16 -13 23 -6 -8 -12 -18 -3 24 -4 -20 -2 -7 29 -5
right_child=2 6 4 5 18 27 19 -9 -10 10 20 12 13 14 -16 -17 21 -19 25 -21 -22 -23 -24 -25 -26 -27 -28 -29 -30 -31
leaf_value=-0.0043352984043670611 0.017897932926721836 -0.0015404728800430072 0.0023311529262651041 -0.020166584752148262 0.018013743732266132 -0.0055875446060890694 0.0069381866297189123 -0.059527033615103468 0.0046494868699905713 0.0017645932945300311 0.029245214017069143 -0.0040254595757087414 -0.0030615534057867547 -0.0075415033276497812 0.009431668203496996 0.0078277482661012875 -0.019028411194519895 0.006073407975430007 0.0051853176943589419 0.00085621374465764857 0.0028341254190885406 -0.0080482005977511768 0.0080311709287569453 -0.00095641378619833347 -0.05093668592878161 0.020836608384249781 0.0093314913088033465 0.024082766490298942 -0.009528743007608944 0.052762940141114274
leaf_weight=24583.320123190439 1617.5586286198086 65993.613714276406 31664.673041672781 1295.9655219681008 636.47952685505152 7085.1239704597247 2880.0668490001117 29.897095263004303 2998.1604654714465 5652.8488219624269 137.66975488513708 5839.1442567361373 5723.2174839903018 448.71101238456322 2312.4291001665697 525.84115147375269 1004.2633098155493 5035.0937279884238 18199.00796146004 23635.455432840216 2623.9628742299974 3297.8553140034201 1021.394207008183 12096.731787678422 28.211244061589241 373.41222888464108 4736.9226807298401 90.946070201694965 2639.2114736796211 13.66793969273567
leaf_count=418263 22063 809225 402570 41499 4389 178012 22321 48 2271 77783 78 90980 113462 9867 27375 9052 33559 45717 159907 164545 2773 87218 6235 190102 32 1503 60556 126 82389 9
internal_value=0 -0.00174106 0.00374079 -0.00374621 0.00301324 -0.00788885 -0.000426952 -0.00116332 -0.00113493 -0.00286184 -0.00154721 -0.00218703 -0.00335377 0.000104907 0.00666482 -0.00610415 -0.00682979 0.00186797 0.00592304 0.00151794 0.00419276 -0.0106277 -0.00139405 0.0013838 0.00227717 0.00550466 0.0115227 -0.00519768 -0.0127681 -0.0192437
internal_weight=234221 159833 74388.1 63274.2 68033.6 11124.9 96558.6 70043.1 70013.2 52149.3 27565.9 24804.3 19151.5 8484.36 2761.14 10667.1 10141.3 48824.7 19208.9 26515.5 2761.63 4302.12 67015 43789.6 31692.9 18572.4 6354.48 7176.07 3948.84 1309.63
internal_count=3063929 2177090 886839 1172445 804220 302035 1004645 817779 817731 870410 452147 449296 371513 150704 37242 220809 211757 638421 165799 186866 2851 120777 815460 592704 402602 161410 82619 178138 123897 41508
is_linear=0
shrinkage=0.03


Tree=71
num_leaves=31
num_cat=0
split_feature=15 88 18 20 4 88 26 12 54 9 26 69 60 58 3 3 79 62 62 65 53 9 84 20 6 7 77 70 83 77
split_gain=1481.28 692.154 453.32 273.479 197.788 196.407 172.689 146.74 134.197 131.675 131.457 122.695 122.31 120.926 126.906 119.272 146.133 103.241 95.5188 108.788 141.791 96.091 94.2668 96.9618 92.9133 140.669 88.9417 84.6174 92.8062 83.6412
threshold=1.0000000180025095e-35 0.042061204090714462 0.22396993637084964 0.3354459702968598 0.3114724606275559 0.01872641779482365 0.22396993637084964 0.56247621774673473 0.31061333417892462 0.53471076488494884 1.0000000180025095e-35 1.1099893450737002 0.312484160065651 1.0000000180025095e-35 0.18251406401395801 0.20209552347660067 -0.20854646712541577 0.93060132861137401 0.19697608798742297 1.0854839086532595 0.14931328594684604 0.37376695871353155 0.0016968870768323543 1.0917275547981264 0.023902778513729576 0.25045758485794073 -0.87604567408561695 2.0411612987518315 -0.0014532807981595395 1.0000000180025095e-35
decision_type=2 2 2 2 2 2 2 2 2 2 2 2 2 2 2 2 2 2 2 2 2 2 2 2 2 2 2 2 2 2
left_child=2 5 6 18 8 -2 13 9 15 12 -6 17 24 14 -1 22 -17 -8 21 -20 -21 -3 23 27 25 -5 -16 -4 -29 -18
right_child=1 3 4 7 10 -7 11 -9 -10 -11 -12 -13 -14 -15 26 16 29 -19 19 20 -22 -23 -24 -25 -26 -27 -28 28 -30 -31
leaf_value=-0.0012720900085991969 0.016767621621642387 -0.00059489457557381647 -0.0015424956047667281 0.0040790089627435397 -0.0029877442931962621 0.0074920815976288946 -0.0019896678460222311 0.01982365299440763 0.00065603916251057615 0.013901454720390337 0.00059377364706933737 0.019019798080110863 0.030370240828471132 -0.003046319725115299 -0.0064099598473747145 -0.0027509293904481708 -0.010248865970151998 -0.040447288191520429 0.011617484602428188 0.0036257532642563158 -0.022524540242941947 0.0087807347840704892 -0.0045108411321727708 0.019630032449635126 0.0025021501959009498 0.017071923036077873 -0.012880378500162683 -0.0077089880397228682 0.0098220765240800822 -0.0043788859345488575
leaf_weight=1420.1859800067687 2581.9323765614972 35975.093650654424 17920.250830225414 3046.9846965665929 11406.23714283458 10116.186052772173 4409.6515772836283 486.83271863963455 9870.055000796594 1029.9689682144672 48119.045950876898 246.85979314148426 143.16842433810234 3319.4431235769007 2761.0674422273296 12403.646600741704 5195.871955233466 59.765738684684038 1328.0450084209442 1281.9818746000528 214.28407768905163 1007.4682653062046 8607.8792045319569 203.94773295801133 37816.112767402083 993.25836597580928 6339.8749786753688 349.28593081980944 1178.8960066847503 3790.6164916637499
leaf_count=14319 36523 297277 275733 21872 270072 115464 79933 1873 157241 4888 683435 134 44 68613 58286 169659 84818 56 496 549 116 5321 141711 278 311596 3772 193822 546 1377 64105
internal_value=0 0.00285957 -0.00199548 0.00186494 -0.00131548 0.00938314 -0.00635634 0.00350865 -0.0025383 0.00332213 -9.2596e-05 -0.00139601 0.00306128 -0.00804539 -0.00962042 -0.00317339 -0.00486351 -0.00254064 6.77851e-05 0.00538163 -0.000166368 -0.000338443 -0.00189348 -0.000746146 0.00296487 0.00728804 -0.0109215 -0.000964047 0.00580252 -0.00777638
internal_weight=233624 96021.3 137603 83323.2 119046 12698.1 18556.8 43516.3 59520.4 43029.5 59525.3 4716.28 41999.5 13840.6 10521.1 49650.4 21390.1 4469.42 39806.9 2824.31 1496.27 36982.6 28260.3 19652.4 41856.4 4040.24 9100.94 19448.4 1528.18 8986.49
internal_count=3063929 799791 2264138 647804 1848975 151987 415163 344045 895468 342172 953507 80123 337284 335040 266427 738227 318582 79989 303759 1161 665 302598 419645 277934 337240 25644 252108 277656 1923 148923
is_linear=0
shrinkage=0.03


Tree=72
num_leaves=31
num_cat=0
split_feature=17 15 17 5 88 86 22 15 9 13 20 12 7 56 72 86 14 36 72 6 7 6 7 88 85 7 1 64 7 88
split_gain=1627.65 455.314 428.21 243.507 185.425 179.082 149.165 134.051 132.48 130.278 109.544 106.126 99.0414 98.1627 107.757 99.8165 98.0655 95.96 104.503 122.993 205.748 171.308 108.324 106.721 95.7106 106.782 92.9883 91.508 89.6227 87.2427
threshold=0.50316895544528972 0.37446653842926031 0.22396993637084964 1.1383889913558962 0.033260961994528777 0.052603647112846381 1.0000000180025095e-35 0.58756005764007579 0.17917595058679583 0.46720869839191442 0.88635334372520458 0.22396993637084964 0.39009414613246923 1.0000000180025095e-35 -1.1215718388557432 0.37317703664302831 0.37446653842926031 0.20707555115222934 -0.34108255803585047 0.070844147354364409 0.27240583300590521 0.37066997587680822 0.20742076635360721 0.27273255586624151 0.15671031177043918 0.077952444553375258 -0.31563776731491083 0.056711856275796897 0.37049600481987005 1.9602617621421816
decision_type=2 2 2 2 2 2 2 2 2 2 2 2 2 2 2 2 2 2 2 2 2 2 2 2 2 2 2 2 2 2
left_child=2 4 3 11 -2 -4 24 -3 16 10 13 17 -10 14 15 -7 -6 -1 27 -20 22 28 29 -23 -5 -26 -27 -19 -22 -21
right_child=1 7 5 6 8 9 -8 -9 12 -11 -12 -13 -14 -15 -16 -17 -18 18 19 20 21 23 -24 -25 25 26 -28 -29 -30 -31
leaf_value=-0.0043312002379893898 0.0082924407516260807 0.0081850476437941334 0.0048884888205341752 -0.0052186542930145133 0.00099131810035458568 0.0036338453021837799 -0.0050650437884786721 0.018997223486952992 0.0090497657679825209 0.004943708042383056 0.010322120263426977 0.0068960002617990184 0.00091998379096477488 -2.7612143864882957e-05 -0.0024962848964019714 -0.022668159726140478 0.0040242169213873594 0.015632462998789797 0.0015173849353276865 -0.0046454070467548108 -0.010084856420137718 -0.0078017082189830072 -0.010666251461561995 0.0087609363126584846 0.00090465807851546846 -0.0064871879170768096 -0.020544200799932189 0.0012842309837249205 -0.00099109750110325592 0.019687541273764823
leaf_weight=23850.121501424044 4912.9918074297602 9746.8713582820783 5334.983882463217 1219.8800097844796 39305.149174305756 3752.9752001427114 7364.6675135066471 1154.8011268467817 4126.5525948132854 3456.5468073496595 759.52110425452702 1001.1307418937213 2005.8602957928088 41082.710946863575 41634.169401717489 130.51469960808754 12694.495732561132 471.3024320229888 5563.1916365550715 6173.3342448079493 1261.667197549541 411.14026686060242 3575.1365627851628 2246.5033714289893 322.16179006220773 550.38279547503043 1921.8083304861648 2538.4230235144496 4263.7746503526869 131.57568080059718
leaf_count=409606 63387 93118 48796 9954 544723 3350 185162 13194 32425 16114 2049 11017 20477 465912 468274 150 119515 410 76371 113263 31266 9390 98488 26541 19663 20183 77156 2767 79270 1938
internal_value=0 0.00367711 -0.00170999 -0.00363521 0.00269775 -0.000451087 -0.00760651 0.00933733 0.00222431 -0.00076501 -0.000991153 -0.00275692 0.00639365 -0.0010909 -0.0020504 0.00272633 0.00173207 -0.00294896 -0.00171065 -0.00238152 -0.00358265 -6.35927e-05 -0.00649562 0.00618911 -0.0122584 -0.0153181 -0.017432 0.00355033 -0.00307415 -0.00412473
internal_weight=232964 73946.7 159018 62866.2 63045 96151.4 11378.9 10901.7 58132.1 90816.4 87359.9 51487.3 6132.41 86600.4 45517.7 3883.49 51999.6 50486.2 26636 23626.3 18063.1 8183.09 9880.05 2657.64 4014.23 2794.35 2472.19 3009.73 5525.44 6304.91
internal_count=3063929 886839 2177090 1172445 780527 1004645 312118 106312 717140 955849 939735 860327 52902 937686 471774 3500 664238 849310 439704 436527 360156 146467 213689 35931 126956 117002 97339 3177 110536 115201
is_linear=0
shrinkage=0.03


Tree=73
num_leaves=31
num_cat=0
split_feature=17 15 15 5 86 4 18 86 85 18 69 12 83 83 16 68 15 71 69 71 71 62 62 7 63 64 7 64 62 7
split_gain=1574.82 486.334 409.31 310.042 206.86 201.277 179.923 160.949 127.835 122.211 116.773 109.605 107.958 134.892 104.919 97.2308 93.3505 93.2508 187.01 107.606 103.78 99.9553 102.033 87.9695 87.5942 175.306 102.211 84.8817 103.469 82.8033
threshold=0.53458327054977428 1.0000000180025095e-35 0.42514967918396002 1.0938583016395571 0.056140815839171417 0.24964435398578647 1.0000000180025095e-35 0.01524593820795417 0.18646118044853213 0.70072525739669811 0.62184554338455211 0.31061333417892462 -0.014909662771970032 0.0040282311383634814 0.46720869839191442 3.0683161020278935 0.61035025119781505 2.0056114196777348 0.26460513472557073 2.4139916896820073 2.5624486207962041 0.29282929003238684 0.019178498536348346 0.56514829397201549 0.030823141336441044 0.44535858929157263 0.077952444553375258 0.38993255794048315 0.63143169879913341 0.45050148665905004
decision_type=2 2 2 2 2 2 2 2 2 2 2 2 2 2 2 2 2 2 2 2 2 2 2 2 2 2 2 2 2 2
left_child=1 3 7 5 -3 8 24 -2 -1 14 -7 17 -10 -14 -9 -8 -4 18 -6 21 -21 22 -19 -11 26 -26 -5 -12 -29 -28
right_child=2 4 16 6 11 10 15 9 12 23 27 -13 13 -15 -16 -17 -18 19 -20 20 -22 -23 -24 -25 25 -27 29 28 -30 -31
leaf_value=-0.0025989161643885919 0.013254900252687919 0.0065163415835074925 0.0096731186328261557 -0.0015090605248310911 -0.00045472924254287512 -0.0010335766652006615 -0.0049314112738363339 0.0031215731973318864 0.00011563155303742557 0.0017472805485643087 0.013397730450407087 0.0055658926884287223 -0.011730178287625596 -0.0031947661964679009 0.0071457683036255781 0.01507183012270265 0.020550273514094962 0.01556204331746343 -0.04998604239155905 -0.018525624580480054 0.003396583807919113 0.02568542080235129 -0.014676801723339081 -0.011580102302257894 0.022794351881043326 -0.014251090683914206 -0.019370871968598966 -0.01117779502778104 0.0061318250750425083 -0.0014414239376065222
leaf_weight=26564.707769988207 1395.4672701297095 5168.0397180842701 6075.2283988475101 449.02486244811735 43390.375736709451 54207.514865059638 18931.611463459529 18888.555659638412 1646.8783690846758 26771.48424210462 835.93415439873934 3220.1169936866499 4292.1267802677175 2731.5204580989375 8444.8719775904319 217.37154234945774 806.31030521809589 263.42615637183189 64.714619472622871 206.43150985240936 2538.053868368268 365.41659685969353 156.91482123732567 449.26380419149064 176.892743203789 311.42642969638109 1944.6289161586319 416.5054127573967 1187.0691370293498 264.51155615554308
leaf_count=329927 17152 41588 60625 25326 333085 858891 391659 211854 32245 391665 656 14545 93591 54738 75895 273 9528 126 46 130 1149 114 105 9555 318 1428 92478 430 926 13881
internal_value=0 -0.0015034 0.00405678 -0.00262229 0.000803665 -0.00185199 -0.0057957 0.00320698 -0.00363223 0.00294893 -0.000744399 0.000215052 -0.00679493 -0.00841508 0.00436591 -0.00470101 0.0109594 -0.000152012 -0.00053319 0.00453408 0.00172147 0.0142938 0.00423123 0.00152548 -0.0124419 -0.000746138 -0.0145845 0.00567066 0.00161648 -0.0172326
internal_weight=232382 169551 62831.2 114178 55373.5 91882.3 22295.5 55949.6 35235.2 54554.2 56647 50205.5 8670.53 7023.65 27333.4 19149 6881.54 46985.3 43455.1 3530.24 2744.49 785.758 420.341 27220.7 3146.48 488.319 2658.17 2439.51 1603.57 2209.14
internal_count=3063929 2287655 776274 1896767 390888 1371404 525363 706121 510501 688969 860903 349300 180574 148329 287749 391932 70153 334755 333131 1624 1279 345 231 401220 133431 1746 131685 2012 1356 106359
is_linear=0
shrinkage=0.03


Tree=74
num_leaves=31
num_cat=0
split_feature=17 16 26 3 88 79 79 15 61 67 52 2 86 9 58 7 7 86 4 71 1 2 54 48 62 62 9 82 61 69
split_gain=1530.59 582.575 323.807 290.799 199.696 199.303 274.93 170.118 161.146 149.073 130.001 141.872 129.841 116.877 116.57 113.307 142.551 119.287 105.666 99.5346 96.9544 105.734 96.0075 94.2706 99.9522 99.69 89.8985 88.6386 87.2096 115.988
threshold=0.42514967918396002 0.53458327054977428 0.22396993637084964 0.20436391979455951 0.039253270253539092 -0.014201013371348379 0.0045678196474909791 0.46720869839191442 0.13315772265195849 0.60996153950691234 0.24964435398578647 -0.95679354667663563 0.052603647112846381 1.0000000180025095e-35 1.0000000180025095e-35 0.37795858085155493 0.22727322578430179 0.1881595924496651 0.4769654124975205 3.5540453195571904 0.13902067393064502 -0.0043074719142168752 1.0000000180025095e-35 1.0000000180025095e-35 0.28637351095676428 0.1585546284914017 0.83943474292755138 -0.21202038973569867 0.29974193871021276 0.14151050895452502
decision_type=2 2 2 2 2 2 2 2 2 2 2 2 2 2 2 2 2 2 2 2 2 2 2 2 2 2 2 2 2 2
left_child=2 4 3 9 -2 14 27 26 10 12 15 -12 -1 -6 -5 16 -4 19 -17 -18 -10 -22 -14 24 25 -13 -3 -7 29 -8
right_child=1 7 8 5 13 6 28 -9 20 -11 11 23 22 -15 -16 18 17 -19 -20 -21 21 -23 -24 -25 -26 -27 -28 -29 -30 -31
leaf_value=0.0044530005228005003 0.0073803467260424088 0.0056540539214226431 -0.0008554486520787691 -0.0054347716194788117 0.0007227270644550852 -0.011367130696883589 -0.0061595478026247015 0.012853660607631483 0.010469877265574358 0.0040935052970819084 0.021771751720176698 0.0036146694205436217 -0.0040158746880443489 0.0036299485080122768 -0.00093880753622598262 -0.0015183760802152772 0.00081746334636629734 -0.0063696314115047762 0.0056450824203690938 -0.029087385342619128 -0.023583852482525345 0.0064267128815629548 9.0495058795035403e-05 -0.00057740625970724001 -0.04467198424363792 0.033099142073602698 0.022280085447922475 -0.020832328755444419 -0.022619570874995817 0.0065659021957800937
leaf_weight=2349.4665213567641 5193.5376554553513 14052.902575037151 17217.940268353166 15970.626051359868 62068.72724037568 2027.473389788036 6284.1129012571764 4228.7221540812752 1766.069607578218 3715.334203414619 286.73010829673149 5970.0393755947007 18949.357874631824 15566.112577272143 7694.770290128552 4652.4786142741359 3432.7015184126503 11312.964733338682 3074.1793181780668 99.175707668066025 168.83918642997742 268.30090440809727 7019.8670396652305 15404.630324211379 34.02068555355072 101.14625196158886 295.66827014926821 1621.0917280440917 254.49516819603741 714.64709535893053
leaf_count=25172 64479 166103 211853 319141 743785 42391 184032 45433 771 4254 1707 52966 271936 149714 136520 57225 33732 168927 33026 111 119 116 93039 204061 28 23 1304 49690 795 1476
internal_value=0 0.00276427 -0.00214981 -0.00361286 0.00168713 -0.0055211 -0.00887745 0.00756514 -0.000622064 -0.00155316 -0.00090752 0.0009545 -0.00229462 0.00130585 -0.00397351 -0.00192764 -0.00271351 -0.00486749 0.00133259 -5.29526e-05 0.00734239 -0.00526299 -0.00290585 0.000672796 0.00382635 0.00412809 0.00600308 -0.015592 -0.00549249 -0.00485649
internal_weight=231796 101406 130390 66601.2 82828.4 34567.2 10901.8 18577.3 63789.2 32034 61586 21796.6 28318.7 77634.8 23665.4 39789.4 32062.8 14844.8 7726.66 3531.88 2203.21 437.14 25969.2 21509.8 6105.21 6071.19 14348.6 3648.57 7253.26 6998.76
internal_count=3063929 1170818 1893111 1128446 957978 734045 278384 212840 764665 394401 763659 258785 390147 893499 455661 504874 414623 202770 90251 33843 1006 235 364975 257078 53017 52989 167407 92081 186303 185508
is_linear=0
shrinkage=0.03


Tree=75
num_leaves=31
num_cat=0
split_feature=17 15 15 26 86 87 4 16 82 9 12 70 77 82 2 84 14 69 69 84 35 72 63 77 77 72 60 3 77 71
split_gain=1485.1 449.646 393.205 301.113 193.158 176.037 157.598 156.06 114.281 113.502 102.239 97.0322 96.28 90.689 88.5335 83.6329 82.7556 83.9083 125.249 87.1159 82.1138 81.046 80.9036 97.9656 80.8459 79.8484 96.2869 78.3455 86.5127 77.9479
threshold=0.53458327054977428 1.0000000180025095e-35 0.31061333417892462 1.0000000180025095e-35 0.056140815839171417 0.32539840042591101 0.24964435398578647 0.63123199343681347 -0.5205862522125243 0.17917595058679583 0.31061333417892462 1.3163039088249209 -0.26849660277366633 -0.9081805646419524 0.41800002753734594 -0.11276330426335333 0.56247621774673473 1.0872102379798891 1.4248581528663637 -0.22052989900112149 1.0000000180025095e-35 -1.6154717206954954 0.25205411016941076 -0.43558606505393976 -0.9027595818042754 -0.72132718563079823 0.016930582001805309 0.19971276074647906 1.0000000180025095e-35 4.767287254333497
decision_type=2 2 2 2 2 2 2 2 2 2 2 2 2 2 2 2 2 2 2 2 2 2 2 2 2 2 2 2 2 2
left_child=1 3 9 5 21 8 12 -4 15 13 20 -7 29 -2 -13 -1 17 -8 19 -19 22 -3 -6 -24 -20 26 -22 -14 -29 -5
right_child=2 4 7 6 10 11 16 -9 -10 -11 -12 14 27 -15 -16 -17 -18 18 24 -21 25 -23 23 -25 -26 -27 -28 28 -30 -31
leaf_value=-0.0039420227777262591 0.0037784347448578787 -0.054407815083289797 0.0063109214903086502 -0.0020569390578751051 -0.0014282104865307502 -0.015466515166006292 -0.0012203944393334959 0.013197760864916931 -0.0064977581374567155 0.006833062685010648 0.0053598079827156201 0.005903350716001227 -0.0030678642992354129 0.00095004478697743736 -0.033363139177489898 0.00089697166423788669 0.0027660556499987232 -0.0037873950144107619 -0.016231252092864516 0.023128513911254454 0.022090987306133646 0.0065227462658857581 0.019377367035704342 -0.0012787552441725415 0.0050847740674016019 0.0010603924527045432 -0.002583714842163735 -0.012212947218348742 -0.0046540743857506148 0.03086189460649676
leaf_weight=13221.585710145111 17144.20472603642 15.750476121902464 11059.769114277151 17449.940582462164 28076.251073394029 2011.6753598355353 44695.235413221017 4053.1326697930781 12818.566727649108 5097.1769145845901 3215.9185683701653 363.5443321429193 5902.8122465967026 25214.364483500074 56.130425330251455 4243.0330787366256 5919.7109464742243 140.65944911539555 234.54793295264244 447.31956584751606 352.84377394616604 5126.7223913348862 372.89327401667833 455.60053908824921 483.11712893098593 17269.434015782317 235.00248266756535 2472.2866173727089 3055.1510955567355 60.976570099592209
leaf_count=262800 208882 18 99799 222365 198372 121997 702478 51198 279782 47360 14545 1167 84740 369035 336 64580 55793 109 218 240 108 41570 146 194 416 135818 117 46406 53313 27
internal_value=0 -0.0014641 0.00394732 -0.00254306 0.000759066 -0.00497151 -0.00156033 0.00816121 -0.00434653 0.00260468 0.000189093 -0.0127341 -0.00333413 0.00209516 0.000375532 -0.00276619 -0.000571318 -0.0010011 0.00648338 0.0166999 -0.000166839 0.00629311 -0.00115498 0.0080613 -0.00192686 0.00143227 0.0122684 -0.0054757 -0.00804217 -0.00193503
internal_weight=231265 168697 62568.6 113576 55120.4 32714.5 80861.8 15112.9 30283.2 47455.7 49977.9 2431.35 28941.2 42358.6 419.675 17464.6 51920.6 46000.9 1305.64 587.979 46762 5142.47 28904.7 828.494 717.665 17857.3 587.846 11430.2 5527.44 17510.9
internal_count=3063929 2287655 776274 1896767 390888 730662 1166105 150997 607162 625277 349300 123500 406851 577917 1503 327380 759254 703461 983 349 334755 41588 198712 340 634 136043 225 184459 99719 222392
is_linear=0
shrinkage=0.03


Tree=76
num_leaves=31
num_cat=0
split_feature=17 15 17 88 5 7 86 22 21 34 13 7 7 69 7 85 7 88 69 2 7 82 78 32 85 71 64 88 71 6
split_gain=1438.59 423.331 384.808 213.141 211.974 167.297 158.032 131.413 119.696 110.306 104.225 90.0104 106.21 106.924 153.268 178.397 98.1563 92.1816 92.6414 112.041 120.897 99.4096 107.332 87.8167 87.7659 100.948 87.6992 87.2191 86.2147 84.777
threshold=0.50316895544528972 0.22396993637084964 0.22396993637084964 0.023474368266761306 1.1383889913558962 -0.21006280183792111 0.040215341374278075 1.0000000180025095e-35 0.69052246212959301 1.0000000180025095e-35 0.37446653842926031 -0.57484117150306691 -0.4054999947547912 0.62184554338455211 0.27240583300590521 0.20007556676864627 0.16147238016128543 0.10411234200000764 2.036590695381165 0.12472281977534296 0.23763798177242282 0.22423473000526431 0.2043450474739075 0.24964435398578647 0.46098889410495764 4.1272017955780038 2.2995947599411015 0.031595343723893173 4.2505438327789316 0.029085938818752769
decision_type=2 2 2 2 2 2 2 2 2 2 2 2 2 2 2 2 2 2 2 2 2 2 2 2 2 2 2 2 2 2
left_child=2 27 4 -3 10 -5 -4 24 -7 26 11 -1 -13 14 15 -14 -17 -15 21 20 -20 22 -19 -16 25 -6 -8 -2 -9 -11
right_child=1 3 6 5 7 8 9 28 -10 29 -12 12 13 17 23 16 -18 18 19 -21 -22 -23 -24 -25 -26 -27 -28 -29 -30 -31
leaf_value=-0.013032518559488969 0.0074671611486581855 0.014352378280823908 0.0059594134039944076 0.017193046568395869 -0.010018832407126341 0.0037388972485636043 -0.00124629107632549 -0.0051044567809981909 0.0087342541464828886 0.0065796943511708637 0.006002484608829386 0.00030948897928279203 -0.0033636505557465557 0.033179518649066535 -0.0033799237570876668 -0.0046722527618596847 -0.011433957719388037 -0.0020260950953413246 -0.041790296317403997 0.004709548592488455 -0.0021132374397301794 0.011393877778488094 0.022348709951894967 0.0015914385545117674 -0.019310598800919267 0.020713340660101612 -0.052392027746403905 0.0014670315099491499 0.030737248651227494 0.00051712370659752482
leaf_weight=765.01339013887628 2289.335505732146 2788.2025953262928 3369.6483011878154 1063.4164013997652 2802.9061176502437 16718.445376289979 67866.764749153517 7196.7577359615971 5826.0997604049771 2292.4236800517829 1223.886316107586 8754.111563714323 14918.004293018428 75.822935283184052 7480.5674161656352 3127.5489917994564 5100.1332945680188 2535.7371600084007 150.65219820290804 214.21183376014233 126.22289825975895 827.45271565020084 169.70177756994963 5579.0413799943344 998.72538841227652 95.882243879139423 26.193303644657135 44590.794704051892 56.95112206786871 21657.070562871988
leaf_count=25699 29588 39522 33008 8202 70402 154396 717468 185112 55358 16749 12923 151567 214725 29 154164 84956 117667 3068 277 203 115 951 134 93849 56385 169 43 599773 50 237377
internal_value=0 0.00347216 -0.00161637 0.00651077 -0.00345147 0.00558218 -0.000417402 -0.00719831 0.00503135 -0.000651663 -0.00263241 -0.00284507 -0.00268507 -0.00333555 -0.00385551 -0.00532159 -0.00886773 0.00125438 0.000619357 -0.0115343 -0.0240059 0.00232117 -0.00046476 -0.00125599 -0.0116407 -0.00897362 -0.00126917 0.00176075 -0.00480565 0.00109862
internal_weight=230688 73276.3 157411 26396.2 62199.3 23608 95212.1 11151.2 22544.5 91842.5 51048.1 49824.2 49059.2 40305.1 36205.3 23145.7 8227.68 4099.8 4023.98 491.087 276.875 3532.89 2705.44 13059.6 3897.51 2898.79 67893 46880.1 7253.71 23949.5
internal_count=3063929 886839 2177090 257478 1172445 217956 1004645 312118 209754 971637 860327 847404 821705 670138 665361 417348 202623 4777 4748 595 392 4153 3202 248013 126956 70571 717511 629361 185162 254126
is_linear=0
shrinkage=0.03


Tree=77
num_leaves=31
num_cat=0
split_feature=16 17 88 26 88 9 85 19 24 26 7 2 6 7 2 3 22 79 79 77 2 67 64 52 68 61 83 62 7 7
split_gain=1413.55 567.336 264.585 258.243 171.018 148.936 143.761 142.009 115.096 105.183 99.9961 99.2353 94.7445 93.4832 90.4729 88.2717 139.668 118.901 139.041 130.011 92.8402 103.115 83.8262 83.5467 82.5793 82.1247 106.413 114.416 78.4307 77.4467
threshold=0.42514967918396002 0.31061333417892462 0.025800288654863838 1.0000000180025095e-35 0.036271719262003906 0.66995003819465648 0.46098889410495764 0.52258238196372997 0.22396993637084964 0.31061333417892462 -0.065206006169319139 -0.10616499185562132 0.30833633244037634 -0.39434722065925593 -0.21284222602844236 0.19760918617248538 1.0000000180025095e-35 -0.205024778842926 0.0021996744908392434 -0.019387163221836087 -0.054016916081309312 0.59665915369987499 2.2995947599411015 0.43366721272468572 3.1743148565292363 0.00022114279272500428 -0.017933025024831292 0.51146149635314953 0.43955877423286444 0.27240583300590521
decision_type=2 2 2 2 2 2 2 2 2 2 2 2 2 2 2 2 2 2 2 2 2 2 2 2 2 2 2 2 2 2
left_child=1 3 -2 6 -3 7 11 10 15 22 -4 13 23 -1 -14 16 20 -17 19 -19 21 -5 -6 -11 -20 -13 27 -27 -25 -8
right_child=2 4 5 8 9 -7 29 -9 -10 12 -12 25 14 -15 -16 17 -18 18 24 -21 -22 -23 -24 28 -26 26 -28 -29 -30 -31
leaf_value=-0.00018804124534997879 0.012681270059262085 0.0073936740894262011 0.010004959184492892 -0.008305438398056305 -0.00067779807970861055 0.017674707847994013 -0.015872829431262732 0.0087804589613323016 0.0016280115135930888 0.0018662297703951039 0.0028606542644523019 -0.0043850147232816043 -0.005587725096663612 -0.009587439827126263 0.00065230904462595669 -0.001647036090704342 -0.0017143619515287932 -0.0048616711580002992 -0.0020545277566281122 -0.012710344422381923 0.0028136443305311998 0.023711203697113305 -0.058250137369172464 0.010302179997766957 -0.04552018752509588 0.02835081177196248 -0.00087613458767297396 -0.011056530142781773 0.0017821042619496903 -0.0023013852956600155
leaf_weight=1164.4448724075337 3700.2495842584467 3095.764605424396 1870.5276105336379 113.24517957679927 50838.429660337744 728.52345685008913 1674.4352224379836 4867.9070872347947 7635.1949303039873 15300.836739230901 30097.714346661334 13901.294123208878 2285.7062589400448 5251.5526310284331 24108.674124911078 19083.18369132014 19188.876401672896 4850.1657857315586 7601.2179485301895 3130.7516416542785 2240.338337835623 412.2844909876585 18.773872449994087 2322.1181353596039 35.565423779189587 234.01751742511988 2198.8435148969293 89.219958037137985 1676.7336849269923 491.58961679016647
leaf_count=30404 51910 38640 17552 709 660387 3356 75326 41717 85639 106888 325053 327583 27524 134516 289562 276337 231115 84178 135731 62213 4212 305 40 10753 75 215 3911 196 13669 24213
internal_value=0 -0.00109863 0.00503 -0.00283514 0.000457517 0.00427493 -0.00542193 0.0040079 -0.00182869 0.000234776 0.00328002 -0.00471945 0.00127938 -0.00788342 0.000110998 -0.00229469 -0.000805485 -0.00323656 -0.00517759 -0.00794593 0.00549182 0.0167929 -0.000703719 0.00287669 -0.00228127 -0.00348151 0.00149572 0.0174577 0.00673616 -0.0128047
internal_weight=230208 188943 41264.9 89296.2 99647 37564.7 25005.4 36836.1 64290.8 96551.3 31968.2 22839.4 45694.1 6416 26394.4 56655.6 21954.7 34700.9 15617.7 7980.92 2765.87 525.53 50857.2 19299.7 7636.78 16423.4 2522.08 323.237 3998.85 2166.02
internal_count=3063929 2624341 439588 1476878 1147463 387678 596364 384322 880514 1108823 342605 496825 448396 164920 317086 794875 236341 558534 282197 146391 5226 1014 660427 131310 135806 331905 4322 411 24422 99539
is_linear=0
shrinkage=0.03


Tree=78
num_leaves=31
num_cat=0
split_feature=17 15 88 5 15 86 4 7 18 19 3 9 69 79 66 58 69 13 71 69 79 6 3 88 21 6 1 7 6 70
split_gain=1368.33 412.714 360.636 261.347 193.521 179.848 174.846 161.212 159.293 144.253 108.065 127.388 106.759 123.947 95.8924 92.0495 87.4405 85.7759 90.0858 181.244 107.058 123.45 105.938 91.2782 88.456 79.0051 78.3363 90.1306 78.0673 77.9756
threshold=0.53458327054977428 1.0000000180025095e-35 0.029807321727275852 1.1084876060485842 0.22396993637084964 0.056140815839171417 0.24964435398578647 -0.21006280183792111 1.0000000180025095e-35 0.55233678221702587 0.19760918617248538 1.0000000180025095e-35 1.0872102379798891 -0.15513607114553449 1.3346577882766726 0.22396993637084964 1.7239803671836855 0.65050083398818981 2.0056114196777348 0.26460513472557073 -0.016437258571386334 0.07248376309871675 0.36077904701232916 0.34139256179332739 0.40690016746521002 0.092057056725025191 -0.31563776731491083 0.073487251996994032 0.48132444918155676 1.2388066053390505
decision_type=2 2 2 2 2 2 2 2 2 2 2 2 2 2 2 2 2 2 2 2 2 2 2 2 2 2 2 2 2 2
left_child=1 3 -2 6 -4 -3 10 -6 26 -9 -1 15 28 25 -15 -12 -10 18 19 24 22 -22 -20 -23 -7 -14 29 -28 -8 -5
right_child=2 5 4 8 7 17 12 9 16 -11 11 -13 13 14 -16 -17 -18 -19 20 -21 21 23 -24 -25 -26 -27 27 -29 -30 -31
leaf_value=-0.0015901558046023494 0.010878059708643063 0.0060908774289913196 0.0017888862265463307 -0.010708706962070658 0.018068502686975425 -0.0014669124413462253 -0.00084120400601609682 0.0036396264858470743 -0.0047085452038655865 0.010498873551683559 -0.0055305862497157408 -0.013553680894586301 -0.016774655595841268 0.016016520869773072 -0.0097946957846764861 -0.00070613694301437601 0.013273067244185373 0.009734270494663997 0.013697911245209806 -0.048625710039891232 -0.021711990760809444 -0.0012767468538608759 -0.0069347063866918215 0.01374974812822421 0.0012123151966283224 0.0080544536184313561 0.0011913678430901479 -0.017242616291776414 -0.011321175294078265 0.0098143902163617871
leaf_weight=15913.815559814615 5865.5609249868285 5096.6769486584817 36939.818211393329 468.26878234143078 872.64858541125432 25144.146602210822 54905.214991705128 15111.476237938623 17019.814007090958 3376.0882121102477 13304.054838074295 1423.1576362306951 260.71410623937845 943.31651160866022 147.09291446208954 4863.6866115439334 243.0421952791512 826.69776531029493 1349.4584148228168 65.915059030056 207.04513338208199 1467.3239399790764 265.49529156088829 479.3620231449604 19835.079961398791 200.84842589870095 272.05310138798086 1889.9363706103468 643.37890871579293 253.53596778772771
leaf_count=211304 79431 41588 515704 29523 6876 201939 865029 145307 360264 28956 208676 29068 312 658 166 75705 380 3337 580 46 124 706 133 142 142293 156 14682 82649 17359 836
internal_value=0 -0.00141079 0.00380085 -0.00244837 0.00306272 0.000726451 -0.00177447 0.00549212 -0.0055448 0.00489446 -0.00342753 -0.00491918 -0.000746371 0.00700383 0.0125075 -0.00423972 -0.00445211 0.00017514 1.23723e-05 -0.000360464 0.00446554 8.17469e-05 0.0102944 0.00244176 -0.000285315 -0.00598426 -0.012069 -0.014923 -0.000963473 -0.00347935
internal_weight=229655 167489 62165.6 112752 56300 54737.2 92605.3 19360.2 20146.7 18487.6 35504.7 19590.9 57100.6 1551.97 1090.41 18167.7 17262.9 49640.5 48813.8 45045.1 3768.68 2153.73 1614.95 1946.69 44979.2 461.563 2883.79 2161.99 55548.6 721.805
internal_count=3063929 2287655 776274 1896767 696843 390888 1408433 181139 488334 174263 524753 313449 883680 1292 824 284381 360644 349300 345963 344278 1685 972 713 848 344232 468 127690 97331 882388 30359
is_linear=0
shrinkage=0.03


Tree=79
num_leaves=31
num_cat=0
split_feature=17 17 19 26 87 3 19 2 4 6 86 26 63 86 64 59 2 6 32 2 39 6 6 62 78 83 62 20 36 6
split_gain=1333.62 397.623 334.182 232.237 139.053 131.132 123.208 111.888 105.279 90.9912 90.3009 100.247 98.5343 90.1359 89.4268 92.8564 85.5843 82.8932 118.798 96.249 79.7686 84.252 77.0601 74.9004 98.6094 91.3904 103.058 74.7442 73.4241 103.115
threshold=0.53458327054977428 0.31061333417892462 0.48623421788215643 1.0000000180025095e-35 0.50066190958023082 0.025830680504441265 0.20707555115222934 -0.10616499185562132 0.37498413026332861 0.37981314957141882 0.13281143456697467 0.42514967918396002 0.17757806926965716 0.023513283580541614 2.0331231355667119 0.63123199343681347 -1.1888568401336668 0.30833633244037634 0.66012796759605419 -0.20653773099184033 1.0000000180025095e-35 0.23669897019863131 0.023902778513729576 0.0096708657220006006 -0.1509832292795181 -0.017933025024831292 0.51146149635314953 0.96345645189285289 0.88010984659194957 0.3775490671396256
decision_type=2 2 2 2 2 2 2 2 2 2 2 2 2 2 2 2 2 2 2 2 2 2 2 2 2 2 2 2 2 2
left_child=1 3 5 4 7 -2 17 20 9 -7 12 14 -5 -4 15 -12 -13 18 -3 -19 -1 -22 -8 -9 -25 26 -26 -24 29 -18
right_child=2 6 13 10 -6 8 22 23 -10 -11 11 16 -14 -15 -16 -17 28 19 -20 -21 21 -23 27 24 25 -27 -28 -29 -30 -31
leaf_value=-0.010407518208747734 0.005442943375136699 -0.00015484389376429922 0.015004002530927926 0.0007439021968993323 -0.016944431747718008 0.0019853758549620822 0.0079316691279070883 -0.0043187233949620049 0.0038198190337588806 -0.0020947824850469578 -0.0035899888361792245 0.021432511481946838 0.016748542299027783 0.0076372170193408978 0.012857954538888695 0.0015445049018882669 -0.0013069778238300959 -0.0081047727351377715 0.0058482008866972638 -0.0013011720996880941 0.0006431469992125953 -0.011067563912291658 0.0013096760970725983 -0.0315077783154942 0.028446209323763624 0.00015264212834073876 -0.0096051493271472384 0.01461249157083053 -0.0063014772771695735 0.004102841792494023
leaf_weight=4462.155670668697 13805.254052677017 31475.526814139797 2024.1211249616608 5367.2428242315073 876.94364192470675 15936.354037391444 1915.8567473580479 14594.091048809627 17362.515419012401 7110.1258180578006 36088.487315390797 157.11498387204483 366.18902872502804 5802.4511698085989 313.06079304218292 3471.7372258831747 12205.819466062676 2043.6131249801256 3271.5652732020826 21830.006981340528 1523.316822472465 863.00219833795563 17326.783211601374 75.737749256193638 218.95980469882488 2100.3425373919308 87.341929495334625 384.8011663374491 1784.6601046577562 4279.4475582218438
leaf_count=126570 134386 280118 26338 45918 55194 225687 10983 352544 209121 129169 518879 911 168 51573 175 54797 163997 32861 29449 330485 29405 28217 126278 230 201 3791 212 603 39610 56059
internal_value=0 -0.00139468 0.00375589 -0.00276815 -0.00523272 0.00291875 0.000164638 -0.00480049 0.00205582 0.000726256 -0.00181322 -0.00216655 0.00177785 0.00954969 -0.00301218 -0.00313917 -0.00033624 -0.000524147 0.000410843 -0.00188502 -0.00804015 -0.00360153 0.00222173 -0.00349939 0.00131491 0.00240028 0.0175974 0.00160218 -0.000528341 9.77511e-05
internal_weight=229125 167084 62040.8 88835.7 24801.9 54214.2 78248.2 23924.9 40409 23046.5 64033.8 58300.3 5733.43 7826.57 39873.3 39560.2 18427 58620.7 34747.1 23873.6 6848.47 2386.32 19627.4 17076.5 2482.38 2406.64 306.302 17711.6 18269.9 16485.3
internal_count=3063929 2287655 776274 1476878 596364 698363 810777 541170 563977 354856 880514 834428 46086 77911 573851 573676 260577 672913 309567 363346 184192 57622 137864 356978 4434 4204 413 126881 259666 220056
is_linear=0
shrinkage=0.03


Tree=80
num_leaves=31
num_cat=0
split_feature=16 16 16 5 88 4 25 18 66 86 84 67 33 6 88 66 52 36 65 18 69 12 6 6 52 2 73 7 32 5
split_gain=1302.57 447.818 250.394 230.945 207.674 132.361 125.628 120.229 106.438 100.157 87.4701 94.5331 84.7099 98.8384 84.6983 84.0246 83.0694 82.6273 82.0641 80.0226 78.9809 77.9708 77.9663 121.149 114.052 77.6644 76.9375 85.4221 75.5693 78.9663
threshold=0.42514967918396002 1.0000000180025095e-35 0.61035025119781505 1.1084876060485842 0.047472711652517326 0.14931328594684604 0.31061333417892462 1.0000000180025095e-35 0.48009127378463751 0.18456731736660006 0.0071035833097994336 1.9394485354423525 1.0000000180025095e-35 0.30833633244037634 0.021251542493700985 0.39175495505332952 0.80801811814308178 1.0312060713768008 2.4504190683364873 0.37446653842926031 1.7239803671836855 0.42514967918396002 0.30833633244037634 0.37278692424297338 0.63989907503128063 0.044419575482606895 -0.31563776731491083 0.073487251996994032 0.14931328594684604 1.3411182165145876
decision_type=2 2 2 2 2 2 2 2 2 2 2 2 2 2 2 2 2 2 2 2 2 2 2 2 2 2 2 2 2 2
left_child=1 3 14 5 -3 -1 9 26 12 10 19 15 17 16 -2 -12 -14 -7 -11 -6 25 -16 24 -24 -8 -9 -5 -28 29 -27
right_child=2 4 -4 7 6 8 22 20 -10 18 11 -13 13 -15 21 -17 -18 -19 -20 -21 -22 -23 23 -25 -26 28 27 -29 -30 -31
leaf_value=-0.0047554368905956259 0.013103884961758896 0.0055142063012615242 0.0096432529268558054 -0.0031515491799272871 0.0054667782932122143 -0.0018306824556316775 0.0027083618626663787 -0.0071697441753881654 0.0060785080588097867 -0.0020947112159287852 -0.0025890550898228638 -0.032194885640839173 0.0051013840058259487 -0.0013978484489766123 0.0031334576343037082 0.016395061020596912 0.026606823847418398 -0.011545670375175451 0.015434531000028387 0.00039779580514124203 0.013609731752288662 0.010287043476087766 -0.0028235275481867553 0.0023216167370535153 0.014832070817317114 -0.001520544709776826 0.001107123242463932 -0.016841920040193546 -0.0060905690821658059 0.011055048678480258
leaf_weight=12313.752162353259 836.89484940477996 6079.1565160585742 7910.7190031265782 718.37099505252263 3066.51652883715 37469.314143086238 9928.9729023404652 7364.8702398658788 1712.6911183446646 35288.668347140338 8837.5232702050998 91.224051311612129 2060.6708381522913 3228.9019544644398 30730.475004907872 210.92836195230484 172.01244828663766 801.22700583643746 238.00520157814026 32213.516562123987 201.30497130006552 1433.0096812197007 6776.0881576547399 10488.561880297435 747.81577673461288 2313.4886523623427 272.79202959773829 1850.5675354599953 2671.2487564444309 553.45419541769661
leaf_count=203431 12523 72365 106110 30359 16104 699892 53601 176170 1924 355880 128586 108 27671 73054 314658 165 657 26199 104 353712 334 6297 66543 107359 2506 52642 14682 82649 66338 11306
internal_value=0 -0.00105738 0.00485014 -0.00287959 0.000121103 -0.00199685 -0.000182934 -0.00607538 -0.00124893 -0.000788177 0.00016137 -0.00245341 -0.00153653 0.0019571 0.00369999 -0.00213897 0.00680486 -0.00203538 -0.00197543 0.000839086 -0.00485901 0.00345356 0.0015485 0.000301786 0.00356318 -0.00515163 -0.0116682 -0.0145361 -0.00246382 0.000917586
internal_weight=228583 187672 40911.1 73704.7 113967 57758.6 107888 15946.1 45444.8 79946.4 44419.7 9139.68 43732.1 5461.59 33000.4 9048.45 2232.68 38270.5 35526.7 35280 13104.4 32163.5 27941.4 17264.7 10676.8 12903.1 2841.73 2123.36 5538.19 2866.94
internal_count=3063929 2624341 439588 1467308 1157033 1032828 1084668 434480 829397 854659 498675 128859 827473 101382 333478 128751 28328 726091 355984 369816 306790 320955 230009 173902 56107 306456 127690 97331 130286 63948
is_linear=0
shrinkage=0.03


Tree=81
num_leaves=31
num_cat=0
split_feature=17 17 16 26 87 88 15 19 2 7 18 9 24 62 7 9 83 60 88 56 69 66 64 66 84 84 82 27 6 85
split_gain=1269.02 374.463 341.838 211.632 130.57 123.465 115.642 115.306 103.936 107.122 103.032 129.338 101.506 92.2848 86.3453 83.9296 83.6561 143.646 87.1216 80.2082 77.9535 82.7037 105.611 124.259 94.3709 103.908 84.7157 77.9045 78.0297 76.5287
threshold=0.53458327054977428 0.31061333417892462 0.58756005764007579 1.0000000180025095e-35 0.50066190958023082 0.029807321727275852 0.56247621774673473 0.20707555115222934 -0.15642496943473813 0.096961159259080901 0.70072525739669811 0.17917595058679583 0.22396993637084964 0.0096708657220006006 0.44669444859027868 0.88011685013771068 -0.015854743309319016 0.0054640816524624833 0.49970580637454992 1.0000000180025095e-35 0.75038745999336254 1.7566918134689333 2.0331231355667119 1.3346577882766726 -0.19350402802228925 -0.25875100493431086 -0.76452594995498646 0.98980897665023815 0.023902778513729576 0.11221621185541154
decision_type=2 2 2 2 2 2 2 2 2 2 2 2 2 2 2 2 2 2 2 2 2 2 2 2 2 2 2 2 2 2
left_child=1 3 5 4 8 -2 15 -3 9 -1 11 -7 20 19 -11 -4 17 -15 -19 -10 -5 22 23 24 25 -22 -26 28 -9 -25
right_child=2 7 6 12 -6 10 -8 27 13 14 -12 -13 -14 16 -16 -17 -18 18 -20 -21 21 -23 -24 29 26 -27 -28 -29 -30 -31
leaf_value=-0.0013145819273068687 0.0091398592207844759 -0.00051501434885784642 0.006862685404946123 -0.0025198237637237804 -0.016555972284056312 0.0028464603474786963 0.01649357386812661 0.0075902797063288514 -0.0059988863860954223 -0.013217258007153823 0.00085800328573951699 0.0094267243888945668 0.0014600212045208952 0.026690628004712717 -0.0018788263778502547 0.024997786175175365 -0.00075531446551527985 0.0094495336836703525 -0.035375624946343935 -0.0014787132746096664 -0.0004367652863836118 -0.022885610224038976 0.022102927041067547 -0.038113376010480822 0.018395719846614204 -0.027373552933635859 0.003448214240359669 0.012236533710525703 0.0011488563718082792 -0.002002705975277044
leaf_weight=1414.6070710824024 2514.2332868514204 58381.483846907911 8835.73213369718 52606.219922818185 855.60312787111616 22816.040159298398 1440.9544840882882 1876.4658207569737 10437.036238858778 3069.4893664651754 22855.614274716296 3045.8299600319006 7620.2790219302697 270.76554039493203 755.47110647303634 232.705700407736 2296.9001360926777 90.398930512368679 62.89807278290391 5349.4681439100241 747.74618272483349 111.72497349977493 235.83945702016354 105.84367483854294 425.39521650969982 151.85154185444117 1682.6777939721942 661.58919391967356 17002.402717886434 103.1795504540205
leaf_count=42634 33302 672913 116014 791700 55194 248175 17493 10877 267923 83918 338202 21965 85639 265 20269 1123 4247 120 229 121565 753 111 110 112 298 239 1415 2545 124442 137
internal_value=0 -0.0013635 0.00367279 -0.00269999 -0.00506362 0.00266122 0.00860073 0.000152591 -0.00464664 -0.00837672 0.00232606 0.00362295 -0.00178807 -0.00358881 -0.0109833 0.00733936 0.00151075 0.0136876 -0.0093456 -0.00446821 -0.00222887 0.00206223 0.0028964 0.00146113 0.0030269 -0.00508971 0.00649578 0.00214714 0.00179081 -0.0206816
internal_weight=228056 166315 61741.1 88393.4 24602.6 51231.7 10509.4 77921.9 23747 5239.57 48717.5 25861.9 63790.8 18507.5 3824.96 9068.44 2720.96 424.063 153.297 15786.5 56170.5 3564.26 3452.53 3216.69 3007.67 899.598 2108.07 19540.5 18878.9 209.023
internal_count=3063929 2287655 776274 1476878 596364 641644 134630 810777 541170 146821 608342 270140 880514 394349 104187 117137 4861 614 349 389488 794875 3175 3064 2954 2705 992 1713 137864 135319 249
is_linear=0
shrinkage=0.03


Tree=82
num_leaves=31
num_cat=0
split_feature=16 16 3 4 77 67 84 70 86 3 88 7 7 52 69 5 6 4 87 64 5 73 7 72 61 6 61 83 78 9
split_gain=1233.62 381.112 295.568 274.495 174.209 142.22 158.874 178.331 147.752 135.233 134.143 121.905 169.626 164.496 158.26 194.641 137.295 214.35 121.261 118.22 114.576 111.688 107.333 106.236 136.561 102.168 100.476 97.6692 121.847 97.6395
threshold=0.31061333417892462 0.53458327054977428 0.17349133640527728 0.24964435398578647 -0.8338893949985503 0.59665915369987499 0.01114639872685075 0.68646728992462169 0.028686613775789741 0.025830680504441265 0.025800288654863838 0.096961159259080901 0.37049600481987005 0.80270549654960643 0.15101174265146258 0.85645514726638805 0.39818593859672552 0.46715016663074499 0.14395587146282199 0.0090195909142494219 1.3222696185112002 -0.60064998269081105 0.27240583300590521 -1.4358599781990049 0.12602113187313083 0.38889351487159735 0.46944081783294683 0.0053954022005200395 -0.019852116703987118 1.0000000180025095e-35
decision_type=2 2 2 2 2 2 2 2 2 2 2 2 2 2 2 2 2 2 2 2 2 2 2 2 2 2 2 2 2 2
left_child=2 10 5 4 -4 6 8 -8 -1 29 -2 13 14 -5 15 -13 25 -18 -17 -16 -19 -21 -20 24 -12 -14 -25 28 -6 -3
right_child=1 9 3 11 27 -7 7 -9 -10 -11 23 12 16 -15 19 18 17 20 22 21 -22 -23 -24 26 -26 -27 -28 -29 -30 -31
leaf_value=0.0096128296850755308 0.010948815841482518 0.0071558930459939378 -0.002706560198142899 0.00058266229424685221 -0.0039285869764996055 0.0043061797512319207 -0.0027893706873638319 -0.027588409174439835 7.6911264006954742e-07 0.0048017170658135391 0.011024237118543383 -0.0024204315313439318 -0.00038399937949718167 0.026560007763818436 0.020199742067257751 -0.0053531307496666528 -0.016642236011248073 0.01105159922274275 -0.015083757777768079 -0.036206570327985667 0.038455820200764171 0.0017254327222563026 -0.00086365422189455053 0.0017223193424337317 -0.03168126071010028 -0.023748865328930894 0.019481981673387196 -0.0032832248686560737 -0.010843199508481078 0.01414959376465255
leaf_weight=1478.9273430956673 1451.8899852566101 4318.3938250757201 14091.151866020693 12992.301189377089 3264.8943847200135 5983.8723409548402 14791.375417361414 261.78108716756105 48920.707974007921 10615.561145006926 102.54003539681435 13246.541966267105 13876.575582783029 219.17334412096534 308.94907373841852 5246.4807719173841 224.71191109530628 867.0479601478728 2793.6629424396524 67.879025053232908 161.06222443238948 2480.9494855627418 577.51466048629663 53815.099298885296 183.16307571530342 166.51783751923358 284.33537475764751 3921.9767544449314 7775.8762301525094 3100.4521507358149
leaf_count=15730 21836 55706 189510 226617 58246 5445 269914 443 607399 127417 64 181717 232071 1628 406 111120 8452 10534 114672 176 3906 2986 22357 524849 167 5478 115 73098 162153 29717
internal_value=0 0.00318601 -0.00153111 -0.00275678 -0.00510201 -0.000119199 -0.000524086 -0.00322815 0.000283655 0.00697725 0.00196102 -0.00147633 -0.00230121 0.00102187 -0.00383736 -0.00470517 0.000181639 0.0096814 -0.00821385 0.00279778 0.0154815 0.000658336 -0.012653 0.00172021 -0.016398 -0.000668055 0.00181718 -0.00735629 -0.00880103 0.0100853
internal_weight=227591 73871.4 153720 82283.3 29053.9 71436.7 65452.8 15053.2 50399.6 18034.4 55837 53229.4 40017.9 13211.5 24722 21864.2 15295.9 1252.82 8617.66 2857.78 1028.11 2548.83 3371.18 54385.1 285.703 14043.1 54099.4 14962.7 11040.8 7418.85
internal_count=3063929 759871 2304058 1405127 483007 898931 893486 270357 623129 212840 547031 922120 693875 228245 433434 429866 260441 22892 248149 3568 14440 3162 137029 525195 231 237549 524964 293497 220399 85423
is_linear=0
shrinkage=0.03


Tree=83
num_leaves=31
num_cat=0
split_feature=17 17 3 26 9 58 18 12 3 13 20 7 65 65 9 20 77 70 1 77 60 2 82 64 64 82 2 69 83 64
split_gain=1201.07 349.578 249.865 167.987 165.744 154.271 157.452 148.442 128.188 135.618 114.252 111.156 106.295 98.5224 95.5355 90.7271 87.939 80.4848 102.41 76.7687 104.317 75.4813 75.0933 97.8222 73.6254 72.5641 69.8563 77.4726 89.7087 99.5941
threshold=0.53458327054977428 0.22396993637084964 0.025830680504441265 0.22396993637084964 1.0000000180025095e-35 1.0000000180025095e-35 1.0000000180025095e-35 0.42514967918396002 0.042379984632134444 0.46720869839191442 1.1216329932212832 -0.050064817070960992 0.5368175506591798 0.59798577427864086 1.0000000180025095e-35 0.6168709695339204 -0.7053525149822234 1.4645678400993349 -0.36637654900550837 -0.8490389585494994 0.65298902988433849 -0.74933218955993641 -0.9999926984310149 0.018468217924237255 1.4568218588829043 -0.92381247878074635 -0.03127357363700866 0.048989003524184234 -0.014059538487344979 0.047536589205265052
decision_type=2 2 2 2 2 2 2 2 2 2 2 2 2 2 2 2 2 2 2 2 2 2 2 2 2 2 2 2 2 2
left_child=1 3 4 5 -2 6 12 25 14 10 19 -6 -1 -14 16 -13 -3 -5 -19 20 22 -15 23 -10 -21 -4 -8 -28 29 -29
right_child=2 8 7 17 11 -7 26 -9 9 -11 -12 15 13 21 -16 -17 -18 18 -20 24 -22 -23 -24 -25 -26 -27 27 28 -30 -31
leaf_value=-0.012850257783285029 0.0045382169151624392 0.0046163417794483977 0.0033732052887242895 -0.0015637373931913327 0.021618803876555411 -0.0013298487006785926 -0.0067866007125725915 0.011826901214639786 0.0026319048893186886 0.0047322479665403185 0.018539050099161611 0.0063226528152836798 0.031414872338783838 0.037009997172678048 0.0050535379098672175 0.014801988249580554 -0.00046102242112826128 0.028793282391316302 0.0029606149094121483 -0.002258162696879075 -0.032612474453616577 -0.0062070717022058731 -0.00042969951332192568 0.021942113678593334 0.012091778859909133 0.00087766463732695576 -0.0043728338625494073 0.038829994558167408 -0.00070350014211689586 0.0035461910343310751
leaf_weight=3770.5516504418483 11948.186659160114 3875.2435256122262 19538.953805935977 22590.927700618791 732.00984491850249 10631.434540542614 7882.5721673711814 1437.0414657037472 1215.2538527077995 3727.310805156827 260.99691363796592 3462.4476005078905 70.177669756114483 33.910658093169332 5645.5496863891603 1697.8343054658035 14710.506362539178 155.49520649388433 1045.1159499138594 38122.128992585975 85.340397953987122 905.60153413005173 36229.977201440051 289.71828770637512 320.52216182649136 22651.443213326245 11208.078938268154 109.09140872955322 2511.2973293028772 201.57614270597696
leaf_count=172647 128319 32745 230695 387413 6403 208839 173029 7367 8276 17707 266 28603 101 36 32427 16521 104814 76 766 518338 96 2622 400145 114 282 358366 223034 89 3522 271
internal_value=0 -0.00132931 0.0035811 -0.00313147 0.00657203 -0.00438716 -0.0056043 0.00235744 -0.000275039 -0.000852489 -0.0011248 0.0106895 -0.0105371 -0.0018779 0.00163705 0.0091227 0.000598163 -0.00116094 0.00639453 -0.00119313 -0.000233318 -0.00449214 -0.000156522 0.00640056 -0.00213715 0.0020337 -0.00452628 -0.00325446 0.00118573 0.0162866
internal_weight=227066 165598 61467.9 61115.8 17840.5 37324.3 26692.9 43627.4 104483 80251.2 76523.9 5892.29 4780.24 1009.69 24231.3 5160.28 18585.7 23791.5 1200.61 76262.9 37820.3 939.512 37734.9 1504.97 38442.7 42190.4 21912.6 14030 2821.96 310.668
internal_count=3063929 2287655 776274 1172445 179846 784190 575351 596428 1115210 945224 927517 51527 175406 2759 169986 45124 137559 388255 842 927251 408631 2658 408535 8390 518620 589061 399945 226916 3882 360
is_linear=0
shrinkage=0.03


Tree=84
num_leaves=31
num_cat=0
split_feature=16 17 16 54 26 88 87 70 62 54 15 6 88 69 6 88 26 9 60 3 73 18 87 11 62 70 83 12 6 88
split_gain=1165.71 462.095 229.705 188.156 186.115 158.015 156.928 116.462 106.831 98.0791 95.8485 95.6996 113.221 90.1603 110.899 154.103 89.4482 88.6704 87.3083 86.8543 89.3386 85.3043 82.2025 74.2997 72.9723 87.1243 75.1641 72.1796 71.3683 70.7647
threshold=0.42514967918396002 0.31061333417892462 0.61035025119781505 1.0000000180025095e-35 0.22396993637084964 0.04612186178565026 0.20159892737865451 1.3163039088249209 0.50628879666328441 0.37446653842926031 0.56247621774673473 0.31687574088573461 1.9602617621421816 0.8487209975719453 0.3775490671396256 0.34731987118721014 0.31061333417892462 0.54806390404701244 0.87997454404830944 0.44989572465419775 0.13555138558149341 1.0000000180025095e-35 0.22488593310117724 0.31061333417892462 0.00030536860867869114 1.5089267492294314 0.014485830906778576 0.56247621774673473 0.30833633244037634 0.47195565700531011
decision_type=2 2 2 2 2 2 2 2 2 2 2 2 2 2 2 2 2 2 2 2 2 2 2 2 2 2 2 2 2 2
left_child=1 3 17 4 6 -3 -1 21 22 16 -4 12 -5 14 -6 -16 18 23 -7 20 -15 -8 -9 -2 25 -24 29 28 -18 -26
right_child=2 5 10 11 13 9 7 8 -10 -11 -12 -13 -14 19 15 -17 27 -19 -20 -21 -22 -23 24 -25 26 -27 -28 -29 -30 -31
leaf_value=-0.003822043812485135 0.0030593707314421669 0.0055220516236174451 0.0077480033434661078 0.0010543200044713038 -0.0029166482588760174 -0.0012115152444639834 -0.01433927516040936 -0.019434825994643277 -0.012986700061244597 0.0022832091802150725 0.016705588921399103 -0.0028148128803947405 0.02348692354708317 0.0055045860603114465 -0.002071029065579026 0.0078796569165188526 0.0021927501073116559 0.013339528901125637 -0.044322849215795698 0.021259696237280693 -0.020875441520285611 -0.0071195309961065928 0.030746821745729593 0.013762701642852737 -0.0021271558760286237 -0.034397224429932885 -0.0051333213577554673 0.024859256263930075 -0.00050763822234298022 0.029369013051585839
leaf_weight=31542.508457654789 31297.763671360444 5149.3028407242819 6501.8951738088217 13310.804442042689 20890.262420818181 41741.30095119802 2685.6454823303357 82.706133887171745 331.01603626273572 15749.799315656885 1291.5211702917877 7576.9046160804573 201.6615864278283 919.84507477283478 3660.9790590100019 2263.1140743796132 16083.23256526771 802.11586497817189 38.33042436093092 267.7545545771718 128.0543450191617 3301.2371257388222 23.266031753271818 591.44538378017023 80.752731608226895 54.85919176787138 112.0061947889626 107.7969813644886 19460.703297999949 295.17144844867289
leaf_count=479668 326688 63249 89872 170171 291666 546395 162178 265 1330 190479 16238 160737 1810 561 71497 25756 109501 4274 66 128 113 109676 52 2516 228 288 306 417 237356 448
internal_value=0 -0.00100385 0.00461313 -0.00258664 -0.00336819 0.000408282 -0.0047232 -0.00879814 0.000783175 0.000125416 0.00924084 -0.000116691 0.00139629 -0.00151265 -0.00188928 0.00173231 -0.000313524 0.00350878 -0.00125541 0.0061426 0.00220952 -0.0103664 0.00785236 0.00325973 0.0119556 -0.0143896 0.0162657 0.000790152 0.00071424 0.0226403
internal_weight=226544 186059 40484.7 87728.5 66639.2 98330.5 38509.2 6966.66 979.778 93181.2 7793.42 21089.4 13512.5 28130 26814.4 5924.09 77431.4 32691.3 41779.6 1315.65 1047.9 5986.88 648.762 31889.2 566.056 78.1252 487.93 35651.7 35543.9 375.924
internal_count=3063929 2624341 439588 1476878 1144160 1147463 754439 274771 2917 1084214 106110 332718 171981 389721 388919 97253 893735 333478 546461 802 674 271854 1587 329204 1322 340 982 347274 346857 676
is_linear=0
shrinkage=0.03


Tree=85
num_leaves=31
num_cat=0
split_feature=17 15 88 18 16 86 28 4 54 72 7 12 14 88 65 64 63 65 72 62 60 32 6 18 18 78 72 7 7 7
split_gain=1139.53 323.588 313.913 229.719 168.21 160.157 134.978 122.418 105.934 99.0994 106.339 88.396 86.9786 82.5439 89.0676 180.344 90.7444 82.3758 151.977 82.1861 121.448 82.0447 81.6596 78.999 78.7839 77.3197 95.251 75.1637 83.7999 79.6464
threshold=0.53458327054977428 1.0000000180025095e-35 0.029807321727275852 0.22396993637084964 0.53458327054977428 0.070266589522361769 0.20707555115222934 0.3114724606275559 0.31061333417892462 -1.3025036454200742 -0.41249345242977137 0.31061333417892462 0.56247621774673473 0.21186161041259768 2.4670413732528691 0.81353873014450084 0.38573461771011358 0.99727353453636181 -0.60657924413681019 0.12254064902663232 2.1377141834477701e-08 0.24964435398578647 0.16228194534778598 0.70072525739669811 0.70072525739669811 0.013166931457817556 -1.6943413615226743 0.022479261271655563 -0.57484117150306691 0.43955877423286444
decision_type=2 2 2 2 2 2 2 2 2 2 2 2 2 2 2 2 2 2 2 2 2 2 2 2 2 2 2 2 2 2
left_child=1 3 -2 6 17 -3 27 8 19 25 -11 13 -12 22 15 16 21 18 -4 -5 -21 -15 -7 -6 -20 26 -9 28 -1 -29
right_child=2 5 4 7 23 11 -8 9 -10 10 12 -13 -14 14 -16 -17 -18 -19 24 20 -22 -23 -24 -25 -26 -27 -28 29 -30 -31
leaf_value=-0.01598480403897222 0.010199862733052555 0.0048938716135083762 -0.021912554174649532 -0.0037756392588632389 0.0084585377976607902 0.0034081720109096765 -0.00076444193437520734 -0.012259957112382381 0.00076554482638522051 0.0042968475438307898 -0.0016709829151581516 0.0048832194662025655 0.0024539876056179607 -0.0030072223604917878 0.019711224821449966 -0.033114513303852407 0.02869768463742918 0.016065115655944102 0.0030674789563779658 0.023699678554895499 -0.00043310453987793567 0.00066722381123438196 -0.00049297858822390137 0.0038387608398389372 0.00042375229165868159 0.023786664347520969 0.010995723736849908 -0.0091860597147774056 -0.00087441580286850477 -0.0017418145021852948
leaf_weight=372.63180281786481 5697.0656306839082 6855.1228721159277 239.44116796553135 35535.056686786367 5481.9683889855514 7980.0446778165642 4347.57153591323 221.63183284550905 6688.1647342239157 3465.3087573348457 37459.52769346362 3094.6074169015046 5240.2500693541369 14445.829718248104 171.80264464020729 159.56902956962585 85.208355009555817 359.6320177167654 22231.891253429378 193.34673887491226 3824.3268046453595 8794.6842230788898 12214.492183753988 8532.5714049990056 18667.677187129942 233.26949625462294 529.45394935458899 8747.9395572140056 2698.1122263600264 1522.1401231013151
leaf_count=17774 79431 52965 294 587227 51242 38904 90155 210 104764 45394 688281 14305 49805 105045 49 105 22 221 243678 139 5248 61399 118094 107722 293686 146 390 189118 75968 42148
internal_value=0 -0.00129769 0.00349541 -0.00222262 0.0028066 0.000611855 -0.0053572 -0.00162867 -0.0027254 -0.000552827 -0.000754087 -1.36759e-05 -0.00116447 -0.000359766 -0.00156228 -0.00172143 -0.00150084 0.00184644 0.00172048 -0.00331584 0.000749561 -0.00161667 0.00104874 0.00564807 0.00186108 0.00884634 0.00409884 -0.0068529 -0.00272792 -0.00808429
internal_weight=226090 164880 61210.2 111079 55513.2 53801.4 17688.4 93390.3 46240.9 47149.4 46165.1 46946.2 42699.8 43851.6 23657.1 23485.3 23325.7 41498.6 41139 39552.7 4017.67 23240.5 20194.5 14014.5 40899.6 984.355 751.086 13340.8 3070.74 10270.1
internal_count=3063929 2287655 776274 1896767 696843 390888 415163 1481604 697378 784226 783480 337923 738086 323618 166620 166571 166466 537879 537658 592614 5387 166444 156998 158964 537364 746 600 325008 93742 231266
is_linear=0
shrinkage=0.03


Tree=86
num_leaves=31
num_cat=0
split_feature=17 16 54 17 5 6 52 2 9 15 86 71 20 70 7 7 68 4 5 4 71 61 65 15 63 66 7 70 6 4
split_gain=1110.17 343.201 295.593 222.165 127.983 114.151 164.573 123.232 113.018 104.989 103.689 111.129 110.869 109.44 102.226 125.215 101.166 102.27 211.97 95.1313 114.844 90.974 88.7918 86.3148 124.573 141.135 85.9074 81.7413 78.2679 77.1191
threshold=0.50316895544528972 0.58756005764007579 1.0000000180025095e-35 1.0000000180025095e-35 1.0881147384643557 0.30833633244037634 0.80801811814308178 -0.20118874311447141 0.37376695871353155 0.50316895544528972 0.11901078000664712 3.6002357006073002 1.05028373003006 2.615415215492249 0.58516743779182445 0.043919352814555175 2.7835141420364384 0.55233678221702587 1.3222696185112002 0.3114724606275559 3.3252782821655278 0.11573373526334764 2.0286765098571782 1.0000000180025095e-35 0.16193460673093799 0.0181890893727541 -0.065206006169319139 0.65595790743827831 0.38169310986995703 0.3354459702968598
decision_type=2 2 2 2 2 2 2 2 2 2 2 2 2 2 2 2 2 2 2 2 2 2 2 2 2 2 2 2 2 2
left_child=2 8 3 4 29 6 -4 -7 22 -3 -5 12 13 19 15 -6 17 -17 -19 -12 -21 -18 23 28 25 26 -25 -28 -2 -1
right_child=1 9 5 10 14 7 -8 -9 -10 -11 11 -13 -14 -15 -16 16 21 18 -20 20 -22 -23 -24 24 -26 -27 27 -29 -30 -31
leaf_value=-0.0051038173205129643 0.0016559745997092711 0.0064887324940849376 0.0015459828674298387 0.00064366437888388841 -0.00056604743909618646 -0.0080237588697630001 0.017239843121506161 -0.00030065524137564705 0.0090773706938395357 0.01369193894590537 -0.003449007277499709 0.0052686388256729302 0.01684131080418769 -0.023798914208878301 0.0058230848774487969 -0.012711575061437537 0.026181025887429245 -0.015473247998267452 0.031208941347868308 -0.0012783028419617569 0.031654388760992337 -0.0065779248263551819 -0.039061461781714317 0.010341494007717406 0.024425101038411737 -0.027680353991590634 0.0025951965200463971 0.033920634288858359 -0.0022064629699720829 -0.00085031398883409208
leaf_weight=9118.2352143157332 19061.250070844588 7937.1333444583142 24857.044884683724 15520.702307434025 1333.7041857933218 2069.8520414307131 612.415440512239 18003.474357071464 2094.2475009097252 2370.0085925197345 32219.833558691171 1805.5259957164526 268.24879241362214 209.34281089901924 448.79805205843877 5290.5880113269959 117.33955618366599 207.04118418283178 145.62943961468409 34824.966435561713 91.557575240731239 202.03172775730491 43.377876356244087 1366.6133130800445 238.9661537706852 131.64354574680328 32024.168670512998 71.200055539608002 6271.5946681752393 6628.6278734079388
leaf_count=196153 286303 105687 264868 144475 53715 40289 3728 288065 14076 28943 354017 1677 267 277 16717 180341 207 12570 4513 464080 44 726 51 11007 80 101 320179 25 120387 150361
internal_value=0 0.00308592 -0.00143523 -0.00228709 -0.0048691 0.000592863 0.00192617 -0.00109868 0.0022339 0.00815013 -0.00157273 -0.00206834 -0.00226463 -0.0023418 -0.00802635 -0.00888157 -0.0107392 -0.0116691 0.00392458 -0.00227341 -0.0011882 0.00561903 0.00199117 0.00202398 0.00301547 0.00286015 0.00298373 0.00266905 0.000699385 -0.00331427
internal_weight=225585 71610.2 153975 108432 23492 45542.8 25469.5 20073.3 61303.1 10307.1 84940.2 69419.5 67613.9 67345.7 7745.13 7296.33 5962.63 5643.26 352.671 67136.4 34916.5 319.371 59208.8 59165.4 33832.6 33593.6 33462 32095.4 25332.8 15746.9
internal_count=3063929 886839 2177090 1580140 615303 596950 268596 328354 752209 134630 964837 820362 818685 818418 268789 252072 198357 197424 17083 818141 464124 933 738133 738082 331392 331312 331211 320204 406690 346514
is_linear=0
shrinkage=0.03


Tree=87
num_leaves=31
num_cat=0
split_feature=17 17 15 5 9 2 24 7 4 5 19 68 60 38 6 7 85 15 6 15 6 68 7 6 6 2 66 66 84 64
split_gain=1079.41 306.43 301.186 176.531 122.604 109.909 104.519 100.368 100.149 132.374 98.467 86.2264 111.457 82.4082 141.606 92.9951 78.9928 76.9355 74.8575 73.8824 73.6186 69.6501 71.3009 87.9492 69.3525 68.8235 67.2046 96.8311 93.504 87.7395
threshold=0.53458327054977428 0.31061333417892462 0.42514967918396002 1.1383889913558962 0.17917595058679583 -0.027253863401710984 0.22396993637084964 0.39143569767475134 0.55233678221702587 1.3222696185112002 0.20707555115222934 2.6100980043411259 0.006477941060438753 1.0000000180025095e-35 0.31687574088573461 0.27240583300590521 0.044168958440423019 0.61035025119781505 0.40422330796718603 0.22396993637084964 0.36579710245132452 3.4120868444442753 -0.39434722065925593 0.073521606624126448 0.38169310986995703 0.01032810239121318 0.39175495505332952 1.3756811618804934 -0.20467246323823926 2.0331231355667119
decision_type=2 2 2 2 2 2 2 2 2 2 2 2 2 2 2 2 2 2 2 2 2 2 2 2 2 2 2 2 2 2
left_child=1 3 4 6 19 21 13 18 11 -10 -3 -7 -13 26 -15 16 -16 -4 -6 24 -17 22 -5 -24 -2 -14 -1 28 -28 -29
right_child=2 10 17 5 7 8 -8 -9 9 -11 -12 12 25 14 15 20 -18 -19 -20 -21 -22 -23 23 -25 -26 -27 27 29 -30 -31
leaf_value=-0.0032119247469053103 0.0022273333566359887 -0.00050720701110222512 0.0083522456068763785 0.00036317606561012112 0.011662434999063014 -0.0049828056722319904 0.0014368970617207168 0.0011195345965211152 -0.003397812624000881 0.029031862904412634 0.0019671957629554394 0.028918010293954147 0.023029952907637367 0.0014440109763984041 -0.00049789339407578027 -0.006294214816599932 -0.010726915527637639 0.018698082905900863 0.0026178580512953081 0.0040089144636598064 0.0036982892903084604 0.037525549333069889 -0.016516196788393219 -0.0076906842581595785 -0.00083487885509020594 -0.015625563127888459 -0.0053075235699080372 -0.024943657088557791 0.0071376258323057502 0.0011183905832894989
leaf_weight=45895.334479833837 25261.2770549868 57788.312318352575 5724.7396132530266 617.3309982160863 3103.8246124753496 7003.4111234870797 7524.8270140785608 2013.9152481190395 270.09809627925279 189.95220975123812 19306.168839359656 154.38086663559079 53.786427095532417 11407.941842771746 969.09350795857608 1085.4079239624552 2279.9895756873884 730.58663580828579 1126.1644327826798 13975.870729910865 1693.4251731032273 24.953899458050728 1485.7414790667244 3261.8566272272728 9032.3216238241585 143.05842429772019 758.86775705963373 217.5301503315568 1885.5966181047261 243.29557670652866
leaf_count=765554 345582 672913 60625 17674 23916 175863 84989 20664 10061 4476 137864 176 47 138354 10390 23239 75483 9528 12767 149278 22936 25 41857 101923 153914 512 967 323 1843 186
internal_value=0 -0.00126529 0.00340878 -0.00248385 0.00268263 -0.00567881 -0.0019131 0.00663767 -0.00340205 0.0101174 0.00011245 -0.00425338 0.010171 -0.00229266 -0.000520938 -0.00423888 -0.00768169 0.00953469 0.00926028 0.00217043 -0.000206587 -0.00897403 -0.00921895 -0.0104651 0.00142067 -0.00479252 -0.00292291 0.00134584 0.00356199 -0.0112832
internal_weight=225229 164260 60968.7 87165.9 54513.4 13204.6 73961.3 6243.9 7814.69 460.05 77094.5 7354.64 351.226 66436.5 17435.9 6027.92 3249.08 6455.33 4229.99 48269.5 2778.83 5389.88 5364.93 4747.6 34293.6 196.845 49000.6 3105.29 2644.46 460.826
internal_count=3063929 2287655 776274 1476878 706121 352614 1124264 57347 191135 14537 810777 176598 735 1039275 270402 132048 85873 70153 36683 648774 46175 161479 161454 143780 499496 559 768873 3319 2810 509
is_linear=0
shrinkage=0.03


Tree=88
num_leaves=31
num_cat=0
split_feature=16 3 26 88 79 88 62 19 54 67 26 87 7 71 7 7 72 84 69 88 84 88 71 14 63 59 7 72 70 79
split_gain=1050.83 357.131 285.694 217.869 182.261 179.69 133.548 132.14 128.577 139.391 119.01 114.433 105.054 92.2035 108.107 91.5949 89.9851 87.3409 84.5947 130.495 90.1058 110.579 96.1466 84.2931 88.266 101.063 95.595 81.6879 121.449 161.354
threshold=0.42514967918396002 0.19971276074647906 0.37446653842926031 0.021251542493700985 -0.19395992904901502 0.034801259636878974 2.4544165134429936 0.51129707694053661 0.22396993637084964 0.48558108508586889 0.22396993637084964 0.53284454345703136 0.043919352814555175 2.395248651504517 0.23651543259620669 -0.065206006169319139 -1.1215718388557432 0.022023465484380726 0.77342015504837047 0.37162485718727117 -0.067704990506172166 0.26309996843338018 3.964394330978394 0.68507987260818493 0.00043295236537233 1.0000000180025095e-35 0.37795858085155493 -1.8084247708320615 0.89781540632247936 -0.15217151492834088
decision_type=2 2 2 2 2 2 2 2 2 2 2 2 2 2 2 2 2 2 2 2 2 2 2 2 2 2 2 2 2 2
left_child=1 5 4 -2 6 -1 -3 15 9 10 17 12 -6 14 -11 -5 -16 -7 19 -15 -20 22 -22 24 26 -26 -4 -14 -29 -30
right_child=3 2 23 7 11 8 -8 -9 -10 13 -12 -13 27 18 16 -17 -18 -19 20 -21 21 -23 -24 -25 25 -27 -28 28 29 -31
leaf_value=0.0071705832814187289 0.013503622847813802 -0.0022032107212608416 -0.0019726174516224884 0.0094128098733663717 -0.0018412948248889617 -0.0015312819572654993 -0.040538324065269978 0.0080926302306324784 0.0019825236299728034 0.020404619048799765 0.00025827109186848588 -0.017469929444401556 -0.027567824902533278 -0.0016302790512405035 0.015896851775357053 0.0027129847046870638 -0.013365053354086331 -0.0054010677111090864 0.010022518466121452 -0.038792089553274366 0.00075043951416416338 0.00998383625625009 -0.014649400092247388 0.0051015835939154427 0.0010602077367361823 0.022395891697696717 0.0020543066339236788 -0.0076659332612544215 -0.025747989901633159 0.0021942768224818732
leaf_weight=3255.7106745860074 2232.7997903249779 32063.941051851682 19258.928618717531 1952.957691890304 5336.2790535292152 27905.318750350678 78.024883184581995 5658.1276215829275 22833.045144526521 557.05618435144424 33203.789519116835 737.72429540287703 164.10295301675797 1776.8841039091349 165.93096753954887 30226.497783620522 209.28863941133022 6465.1816025038715 1562.7041935622692 85.370069839060307 1925.2913173660636 937.79105280339718 445.97160328179598 2589.1457098622341 546.0432690680027 311.94770035147667 7317.7711431009811 12637.299111599859 199.63998493924737 2142.1792325852439
leaf_count=41063 34864 532366 263380 19190 123412 383697 220 51784 298740 267 390987 41566 480 1963 148 333750 298 137407 1519 105 1840 576 466 17292 310 108 73795 307868 477 3991
internal_value=0 -0.000955385 -0.00240951 0.00440369 -0.00372666 0.000241207 -0.00230144 0.00386521 1.08463e-05 -0.000587507 -0.00102253 -0.00588467 -0.00546379 0.00324495 0.0120679 0.00312085 -0.000381696 -0.00225987 0.00201637 -0.00341577 0.00409485 0.00128543 -0.00216376 -6.83028e-05 -0.000557047 0.00889057 -0.000863511 -0.0067392 -0.00650341 -0.000225725
internal_weight=224783 184712 83383 40070.4 53359.2 101329 32142 37837.6 98073.6 75240.6 67574.3 21217.2 20479.5 7666.29 932.276 32179.5 375.22 34370.5 6734.01 1862.25 4871.76 3309.05 2371.26 30023.8 27434.7 857.991 26576.7 15143.2 14979.1 2341.82
internal_count=3063929 2624341 1365265 439588 1010380 1259076 532586 404724 1218013 919273 912091 477794 436228 7182 713 352940 446 521104 6469 2068 4401 2882 2306 354885 337593 418 337175 312816 312336 4468
is_linear=0
shrinkage=0.03


Tree=89
num_leaves=31
num_cat=0
split_feature=16 54 88 85 86 6 4 7 16 7 7 71 6 65 4 13 3 79 68 88 5 5 68 3 6 18 68 5 7 6
split_gain=1016.95 308.076 278.944 242.041 161.988 170.713 184.765 151.041 147.641 113.262 112.241 165.559 146.809 118.172 119.633 108.137 117.166 104.564 119.997 102.13 101.859 95.1504 87.8793 81.8645 80.3853 78.409 82.3502 77.5258 74.0851 91.9339
threshold=0.37446653842926031 1.0000000180025095e-35 0.025800288654863838 0.20007556676864627 0.34590496122837072 0.3775490671396256 0.44559228420257574 -0.3564793318510055 0.53458327054977428 0.36333550512790685 0.37049600481987005 1.6493144631385805 1.0000000180025095e-35 0.68522775173187267 0.2834331095218659 0.46720869839191442 0.033294463530182845 -0.70721754431724537 2.6628530025482182 0.05392864719033242 1.1821648478507998 1.0499778985977175 3.1743148565292363 0.33729730546474462 0.28611345589160925 1.0000000180025095e-35 2.6501721143722539 1.3222696185112002 0.25045758485794073 0.17182042449712756
decision_type=2 2 2 2 2 2 2 2 2 2 2 2 2 2 2 2 2 2 2 2 2 2 2 2 2 2 2 2 2 2
left_child=1 3 -2 19 -5 7 9 24 -4 -7 11 12 -9 14 17 16 -3 -13 23 -1 -14 -21 -23 -19 -6 -15 -27 -8 29 -18
right_child=2 15 8 4 5 6 27 10 -10 -11 -12 13 20 25 -16 -17 28 18 -20 21 -22 22 -24 -25 -26 26 -28 -29 -30 -31
leaf_value=0.0039760205877741282 0.011461070126097749 0.0034993292837818481 0.0019440279584954194 -0.0096341844640915053 0.0011129151018048858 -0.00081674284962941649 0.0076487410266810885 -0.0015816054137494538 0.0055218168879320592 -0.025648711954736048 -0.0012114141858875318 0.031472179223062786 -0.010617652100147047 -0.001250911819121238 0.025603892453888638 0.0080789009529561532 0.00027290031428286386 0.013197829053093704 0.028883576340593697 -0.001006185340453008 -0.021586294356849514 -0.0036380040053973885 0.017167136581464262 -0.019701564673294175 -0.015528054962654655 -0.029502703306034987 0.0018961249920125998 0.034258201315107907 0.0014609022795271222 -0.0034290247930385009
leaf_weight=3185.6929483303247 3794.5002461154509 9698.6204259251099 34453.911874972167 4780.5414040510368 4216.9143415669387 558.31776504041045 1630.8402464298997 1395.4073518161167 14862.110470320666 231.25599004179821 2830.2359738062223 79.106163416057825 4488.0894862496352 767.53491562698036 250.79181901738048 1765.9240144467913 15528.810747653042 85.509066206403077 73.562808848917484 74052.92355159967 922.51642670837464 18016.466846979078 180.63038723543286 287.96347560361028 274.48740646892111 214.2388869561255 113.58037949353456 101.54555548320059 15589.593048693408 9871.615936300368
leaf_count=34661 56936 73915 343145 116264 97526 20510 25412 40310 172170 11415 79010 111 103332 2274 184 10440 195084 199 48 839957 53387 325947 205 1098 11928 595 232 2585 234373 210676
internal_value=0 -0.00112513 0.00362648 -0.00197099 -0.00471193 -0.00343944 0.00380944 -0.00458298 0.0030227 -0.008188 -0.00640336 -0.00809474 -0.0102669 -0.000191143 0.00873016 0.000789511 0.000534852 0.000546102 -0.00514709 -0.00130152 -0.0125032 -0.00148399 -0.00342751 -0.0120971 8.20064e-05 -0.00653185 -0.0187186 0.0092864 -0.000166734 -0.00116595
internal_weight=224303 171193 53110.5 118738 23302.4 18521.9 2521.96 15999.9 49316 789.574 11508.5 8678.3 6806.01 1872.29 776.933 52454.6 50688.6 526.142 447.035 95435.7 5410.61 92250 18197.1 373.473 4491.4 1095.35 327.819 1732.39 40990 25400.4
internal_count=3063929 2491678 572251 1767190 566420 450156 59922 390234 515315 31925 280780 201770 197029 4741 1640 724488 714048 1456 1345 1200770 156719 1166109 326152 1297 109454 3101 827 27997 640133 405760
is_linear=0
shrinkage=0.03


Tree=90
num_leaves=31
num_cat=0
split_feature=17 17 19 26 18 86 9 57 70 70 87 86 66 20 35 6 39 32 6 62 62 84 84 86 12 18 2 2 86 82
split_gain=1008.46 282.327 269.072 162.875 145.17 103.132 100.392 96.386 95.6132 131.086 92.9899 119.948 103.14 86.6966 87.4798 107.876 85.2589 84.7522 84.2399 83.765 104.089 97.5836 145.411 83.5496 82.5674 82.3392 80.8728 155.187 76.6341 76.0508
threshold=0.53458327054977428 0.31061333417892462 0.49501426517963415 0.22396993637084964 1.0000000180025095e-35 0.019798989407718185 0.17917595058679583 1.0000000180025095e-35 1.3163039088249209 1.6952736377716067 0.28286612033844 0.59321871399879467 0.26298929750919348 1.05028373003006 1.0000000180025095e-35 0.30561105906963354 1.0000000180025095e-35 0.66012796759605419 0.37566052377223974 0.51891759037971508 0.43306005001068121 -0.10400361195206641 -0.76884013414382923 0.10325878858566286 0.46720869839191442 0.70072525739669811 -0.59868201613426197 -0.17997188121080396 0.023513283580541614 -0.9081805646419524
decision_type=2 2 2 2 2 2 2 2 2 2 2 2 2 2 2 2 2 2 2 2 2 2 2 2 2 2 2 2 2 2
left_child=1 3 6 4 8 -3 29 -6 16 26 11 12 -11 14 24 17 -1 -16 -17 20 21 22 -12 -15 -7 -8 -10 -28 -4 -2
right_child=2 5 28 -5 7 13 25 -9 9 10 19 -13 -14 23 15 18 -18 -19 -20 -21 -22 -23 -24 -25 -26 -27 27 -29 -30 -31
leaf_value=-0.012822654303871759 0.003527698556340996 0.0097170678726473097 0.014081535373146468 -0.00093586835786448183 -0.0040264008700367756 -0.0010642076099215186 0.0095353822932116982 -0.0010582310914306612 0.055736352151096499 -0.031669633837974026 0.032902236386398311 -0.040310013585954478 0.0011657011229358858 -0.00047767664693249045 0.0017217378817099194 -0.0030435825512187802 -0.0033544734346955775 0.0071151840700676523 0.0013864366729578292 -0.011643065369542623 0.04625619824181499 0.021618104766875836 -0.034126687961734535 0.024228545604771477 0.015041735544676379 0.0026524495435750741 -0.025752114709627162 0.024518761308403105 0.0069434616571239548 0.0010831440935288963
leaf_weight=3146.190564086115 19630.835684235906 986.5697033424658 1827.2378329832864 38244.462918797231 27217.01327891001 44154.032428115344 3173.7759772159625 15439.683838787023 36.803817048668861 110.7815258204937 37.962894815020263 121.49798692762852 342.52223698794842 233.55839401483536 11845.03039112984 7100.617951131775 1182.0780919594399 3366.7776014665142 8462.539730375167 210.33360242843628 61.696750458329916 134.5692614428699 92.83140205591917 255.50786433927715 284.32113117352128 3093.5871151065221 74.206253655254841 185.82601764425635 5299.7159867146256 27520.447090213638
leaf_count=164956 236792 11802 25352 540111 462758 466740 24605 264946 66 304 46 396 574 280 99582 94896 40668 26076 109978 876 40 224 361 398 1025 33927 324 228 48654 406944
internal_value=0 -0.00122592 0.0033069 -0.00239937 -0.00355567 9.97673e-05 0.00257587 -0.00295237 -0.00803524 -0.00123937 -0.00597597 -0.0143226 -0.00705581 -2.60148e-05 -0.000108266 0.00112102 -0.0102434 0.0029173 -0.000634713 0.00298327 0.0124301 0.0039788 -0.0142392 0.0125126 -0.000959714 0.00614252 0.0163364 0.00998296 0.00878105 0.00210121
internal_weight=223873 163327 60545.6 86638.5 48394 76689 53418.6 42656.7 5737.3 1409.03 1112.2 574.802 453.304 75702.4 75213.3 30775 4328.27 15211.8 15563.2 537.394 327.06 265.364 130.794 489.066 44438.4 6267.36 296.836 260.032 7126.95 47151.3
internal_count=3063929 2287655 776274 1476878 936767 810777 702268 727704 209063 3439 2821 1274 878 798975 798297 330532 205624 125658 204874 1547 671 631 407 678 467765 58532 618 552 74006 643736
is_linear=0
shrinkage=0.03


Tree=91
num_leaves=31
num_cat=0
split_feature=17 88 26 86 16 39 6 62 18 70 70 86 88 84 52 2 7 86 67 51 67 36 83 67 15 7 62 69 71 36
split_gain=975.061 355.523 235.004 185.33 161.191 145.103 142.576 133.75 123.376 137.213 155.993 115.918 112.844 110.79 100.298 126.117 92.3458 82.0975 80.5253 79.8989 79.3344 78.5428 88.0293 140.654 76.9913 77.4313 73.9106 80.3944 82.1063 157.896
threshold=0.46720869839191442 0.039253270253539092 0.31061333417892462 0.13281143456697467 0.53458327054977428 1.0000000180025095e-35 0.3277577161788941 0.1585546284914017 1.0000000180025095e-35 1.3721346855163576 1.7193669676780703 0.081635411828756346 0.01872641779482365 0.0071035833097994336 0.24964435398578647 -0.95679354667663563 0.37795858085155493 0.025333665311336521 0.62299692630767833 0.22396993637084964 0.7454420030117036 0.39170669019222265 0.00015113089466467502 0.89277252554893505 0.22396993637084964 -0.21006280183792111 1.8248948454856875 1.4931904077529909 2.309752464294434 0.3354459702968598
decision_type=2 2 2 2 2 2 2 2 2 2 2 2 2 2 2 2 2 2 2 2 2 2 2 2 2 2 2 2 2 2
left_child=2 12 3 13 26 8 -7 11 9 -5 -11 -4 -2 17 16 -16 19 -1 -12 -13 -20 22 23 -9 -6 -26 27 28 -3 -30
right_child=1 4 7 5 24 6 -8 21 -10 10 18 14 -14 -15 15 -17 -18 -19 20 -21 -22 -23 -24 -25 25 -27 -28 -29 29 -31
leaf_value=0.010340038071303848 0.013860140355384222 0.0012903419356674612 0.0071648204292944877 -0.011979696609502516 0.0020692910938434131 -0.00026727881681939134 -0.0053808265544263382 -0.022398109132192791 -0.0037521070198252957 0.020082024244543858 -0.038618627515620278 -0.0031884833247120105 0.0061176315292240987 -0.0044838557542604615 0.020951452880231834 0.00079925407130969676 0.0016300673237166115 0.00084591942250490323 0.028427723001769743 0.0016538430334281904 -0.0063005649670812933 0.015823028382409638 0.012438613215983394 0.0040403099688513903 0.019482444443377253 0.0063248710194783253 -0.035605710011628489 0.013861199491452996 -0.0034974099358494938 -0.044292561646386307
leaf_weight=870.25292129736044 2093.2786384557839 59289.745266967249 1803.5499414311489 3413.1185275269527 4413.7024188885698 20432.931094986008 6455.4803047700261 227.35478042066097 36761.075733671634 264.73100202064961 59.643426135182381 20822.612014476283 8947.0424605269218 3561.7775084009336 279.54858537041582 19711.249284599849 6173.3621453365486 13196.852315877361 60.457121323794127 3592.4140632789349 724.31276652961969 653.80407816171646 628.15407826006413 829.65188502520323 428.25623045954853 6200.8888812713558 45.050352782011032 446.49954688549042 1012.4400900229812 89.402041226625443
leaf_count=9755 33115 743058 12132 173568 57025 283124 154567 144 593378 508 222 278250 116823 51858 1388 235476 69400 131131 80 49511 1940 183 279 349 3625 61572 49 346 962 111
internal_value=0 0.00257881 -0.00152259 -0.00250232 0.00180909 -0.00321131 -0.00149575 1.35496e-05 -0.00432832 -0.00900381 0.000159843 -0.000300007 0.00759053 0.000239225 -0.000566821 0.00108542 -0.00164678 0.00143636 -0.00614587 -0.00247565 -0.00348887 0.0070263 0.00358132 -0.00170517 0.00514328 0.00718679 0.00120397 0.00123364 0.00113929 -0.00695978
internal_weight=223489 82966.3 140522 85800.6 71926 68171.7 26888.4 54721.7 41283.3 4522.26 1109.14 52382.7 11040.3 17628.9 50579.2 19990.8 30588.4 14067.1 844.413 24415 784.77 2338.96 1685.16 1057.01 11042.8 6629.15 60883.1 60838.1 60391.6 1101.84
internal_count=3063929 1016686 2047243 1400131 866748 1207387 437691 647112 769696 176318 2750 646157 149938 192744 634025 236864 397161 140886 2242 327761 2020 955 772 493 122222 65197 744526 744477 744131 1073
is_linear=0
shrinkage=0.03


Tree=92
num_leaves=31
num_cat=0
split_feature=17 17 15 5 86 67 86 7 2 13 86 33 4 5 87 65 3 4 67 67 36 22 67 36 83 9 34 53 2 9
split_gain=952.999 306.338 246.814 155.797 109.979 104.474 102.725 98.9243 111.028 96.8561 91.6388 83.8291 83.3121 166.771 86.64 82.4856 79.3156 118.427 97.5303 93.4217 91.0858 89.8248 96.9036 122.664 95.3995 86.0009 84.0579 91.5814 77.9232 77.2749
threshold=0.56247621774673473 0.31061333417892462 0.46720869839191442 1.1142060756683352 0.01524593820795417 1.7994785904884341 0.01763224042952061 -0.39434722065925593 -0.10342095792293547 0.53458327054977428 0.67085793614387523 1.0000000180025095e-35 0.55233678221702587 1.3222696185112002 0.024334548041224483 0.99727353453636181 0.17349133640527728 0.20707555115222934 0.48558108508586889 0.27249762415885931 0.90082076191902172 0.14931328594684604 1.0522624254226687 0.35638883709907537 0.0018729711300693455 1.0000000180025095e-35 1.0000000180025095e-35 1.0000000180025095e-35 -0.054016916081309312 1.0000000180025095e-35
decision_type=2 2 2 2 2 2 2 2 2 2 2 2 2 2 2 2 2 2 2 2 2 2 2 2 2 2 2 2 2 2
left_child=1 3 4 11 -2 7 -3 -5 -9 -8 -7 16 14 -14 -10 29 18 25 19 -1 -19 22 23 -20 28 -18 27 -23 -24 -6
right_child=2 6 -4 5 15 10 9 8 12 -11 -12 -13 13 -15 -16 -17 17 20 21 -21 -22 26 24 -25 -26 -27 -28 -29 -30 -31
leaf_value=-0.0012268977181916633 0.01130795441389993 0.0098661780000707643 0.010654412317648135 0.00094789388936818825 0.001954150104579549 0.013127987468823928 -8.6442585913168552e-05 -0.011030447344376484 0.00072743589113837361 0.0059189582028941626 -0.029665710277966557 0.0010162930823842235 -0.0067911436061239682 0.026518636694318424 -0.0070078562337627026 0.018460559111171528 -0.0046527576010453693 -0.0015787292836286556 0.0075693478222923286 -0.022518142255823929 -0.011549886606633352 -0.00053011490564858123 0.015993505407343258 0.031627762053431936 0.016746683942774409 -0.01413500789164273 0.018038527432831322 -0.02626319029591425 -0.0058958878784950612 0.0049182637882821166
leaf_weight=18096.552070370213 1382.3965419603046 974.5073750638403 4100.7136377314164 1810.4151397959213 35052.369679489348 425.5100424438715 82289.953251103216 3559.1481759211892 1614.6144435772731 2486.1650830311701 46.463045962154865 8651.9151518558501 338.07346527578193 220.02804156893399 6715.0588226128311 294.18214659392834 11232.28511605454 28717.302479669896 642.07056773453951 183.4444579705596 845.21889650868252 321.51322723925114 172.00867988169193 270.13821545615792 305.93904000520706 930.40646880492568 108.76747187972069 199.65360262989998 865.06707678735256 10230.132393606822
leaf_count=227955 18702 11996 47381 50825 493420 815 887550 124259 18682 10869 305 127708 12986 4963 185457 168 188729 483373 616 208 26664 261 155 104 252 21581 46 216 718 116965
internal_value=0 -0.00106828 0.00359889 -0.0023304 0.00298181 -0.00513992 0.000201501 -0.00560043 -0.00655325 8.98911e-05 0.00869184 -0.00175165 -0.00475568 0.00642828 -0.00550829 0.0027282 -0.00213256 -0.00289132 -0.000636241 -0.00144569 -0.00186549 0.00448565 0.00728181 0.0148058 0.00213919 -0.0053829 -0.00550056 -0.0105217 -0.0022135 0.00262427
internal_weight=223082 172022 51059.8 86271.6 46959.1 14729.3 85750.6 14257.3 12446.9 84776.1 471.973 71542.3 8887.77 558.102 8329.67 45576.7 62890.4 41725.2 21165.2 18280 29562.5 2885.16 2255.22 912.209 1343.01 12162.7 629.934 521.167 1037.08 45282.5
internal_count=3063929 2387293 676636 1476878 629255 398292 910415 397172 346347 898419 1120 1078586 222088 17949 204139 610553 950878 720347 230531 228163 510037 2368 1845 720 1125 210310 523 477 873 610385
is_linear=0
shrinkage=0.03


Tree=93
num_leaves=31
num_cat=0
split_feature=16 3 4 16 88 77 77 54 67 14 71 7 7 71 87 20 63 4 5 7 65 71 78 14 28 67 7 7 5 15
split_gain=917.436 309.451 232.549 200.369 168.446 147.981 181.536 118.576 123.26 117.448 116.121 106.303 131.99 97.6536 95.18 93.0839 123.502 83.6452 145.988 83.3216 92.5 204.367 82.7186 86.8707 85.723 82.4338 82.4061 82.4017 94.5485 80.8468
threshold=0.42514967918396002 0.19971276074647906 0.20707555115222934 0.61035025119781505 0.036271719262003906 -0.038230052217841141 1.0000000180025095e-35 0.22396993637084964 0.48558108508586889 0.56247621774673473 2.6976190805435185 -0.41249345242977137 0.37049600481987005 4.3302881717681894 0.36453895270824438 0.14931328594684604 7.6173076053049221e-16 0.4769654124975205 1.4165727496147158 0.24803795665502551 1.6679560542106631 3.156685590744019 -0.0015104596386663614 0.31061333417892462 1.0000000180025095e-35 1.0373880267143252 0.15962340682744983 0.44669444859027868 1.1680088043212893 0.56247621774673473
decision_type=2 2 2 2 2 2 2 2 2 2 2 2 2 2 2 2 2 2 2 2 2 2 2 2 2 2 2 2 2 2
left_child=1 4 5 -2 -1 -3 -7 8 10 11 15 -4 13 14 -13 -6 -17 27 -19 20 -10 -22 23 -23 -24 26 -16 28 -14 -5
right_child=3 2 9 29 7 6 -8 -9 19 -11 -12 12 17 -15 25 16 -18 18 -20 -21 21 22 24 -25 -26 -27 -28 -29 -30 -31
leaf_value=0.0066677079005905086 0.0031053599875470374 -0.0033242469635739336 0.0017653891318493852 0.0071693689804409972 -0.0021892981248527281 -0.015064334610610125 -0.0046861956438056553 0.0018902157869917348 0.0060772497375511866 0.0024267846325634139 -0.027503919832885824 -0.0030615729588972639 -0.0033789665985576233 0.020581344806533956 -0.0017085040197308296 0.00014326714904639782 -0.038609261464170541 0.0022636301866401569 0.03696965647391072 -0.0079999747605281266 -0.036611492566438711 -0.0036803207750069778 0.0079507697500290353 -0.037183089315397946 -0.011504976014520423 0.019399634481336529 -0.015979889046958722 0.00014771313049413465 -0.017686234232354318 0.015623530907771936
leaf_weight=3516.6819211562106 32101.654457752069 14925.171050036704 6678.9728186610082 6302.483184751065 29832.787069216865 2509.4490866447959 3845.0506981738581 22609.746539482614 5050.0134275630116 6706.8948528090259 144.49636195600033 30889.920674213958 2289.3674068696273 148.90132809430361 529.02933493116143 36751.90538058622 70.163586437702179 5497.7393217364151 107.34051787049975 567.49373975396156 135.08397436514497 371.77810054272413 1184.7470654547215 82.160805881023407 242.16471648961306 77.377576373517513 1177.0745532370493 6644.1956651610089 505.17479172311141 1217.3605342039373
leaf_count=44578 333478 213911 104716 89872 514063 60470 76143 297080 4600 51964 149 514213 41437 127 25716 395960 66 80024 1722 859 160 451 867 47 196 293 54886 116685 22958 16238
internal_value=0 -0.000895733 -0.00225709 0.00413885 0.000221567 -0.00495864 -0.00879222 -1.22504e-05 -0.000590276 -0.0013182 -0.00100306 -0.00177891 -0.00227366 -0.00334008 -0.00345174 -0.000943897 6.51173e-05 5.30013e-05 0.00295496 0.00302001 0.00390973 -0.00151908 0.00107124 -0.0100258 0.00462281 -0.010185 -0.0115716 -0.00167034 -0.00598851 0.00854616
internal_weight=222712 183091 82531.7 39621.5 100559 21279.7 6354.5 97042.5 74432.8 61252 66799.4 54545.1 47866.1 32822.3 32673.4 66654.9 36822.1 15043.8 5605.08 7633.44 7065.95 2015.93 1880.85 453.939 1426.91 1783.48 1706.1 9438.74 2794.54 7519.84
internal_count=3063929 2624341 1365265 439588 1259076 350524 136613 1214498 917418 1014741 910238 962777 858061 595235 595108 910089 396026 262826 81746 7180 6321 1721 1561 498 1063 80895 80602 181080 64395 106110
is_linear=0
shrinkage=0.03


Tree=94
num_leaves=31
num_cat=0
split_feature=16 86 26 88 19 87 58 79 6 18 5 7 69 61 71 82 69 7 7 2 69 65 72 68 67 5 69 88 88 6
split_gain=890.045 336.384 254.86 165.378 164.415 151.336 122.414 116.202 113.995 92.7965 92.7113 91.8763 88.0372 115.631 95.7079 122.318 95.2119 103.676 87.5778 82.1864 80.8231 80.5257 82.5954 78.997 105.517 187.209 96.9406 140.982 81.2079 78.9347
threshold=0.46720869839191442 0.14783216267824176 0.37446653842926031 0.034801259636878974 0.49501426517963415 0.6293742060661317 0.22396993637084964 0.0010520503856241705 0.0696280673146248 0.22396993637084964 0.63257101178169262 -0.21006280183792111 1.0482846498489382 0.61852207779884349 3.2897051572799687 -0.88986855745315541 1.5701034665107729 0.21090603619813922 0.37795858085155493 -1.1888568401336668 2.036590695381165 0.56957486271858226 -0.99908834695816029 2.7310564517974858 1.0280433893203738 0.65365403890609752 1.9609938859939577 0.21567454189062121 0.17352695018053058 0.46734222769737249
decision_type=2 2 2 2 2 2 2 2 2 2 2 2 2 2 2 2 2 2 2 2 2 2 2 2 2 2 2 2 2 2
left_child=1 3 5 -1 11 6 9 29 -8 12 19 -2 13 -3 -14 20 17 -17 -12 -4 -16 22 -21 24 -11 -26 -25 28 -28 -5
right_child=4 2 10 7 -6 -7 8 -9 -10 23 18 -13 14 -15 15 16 -18 -19 -20 21 -22 -23 -24 26 25 -27 27 -29 -30 -31
leaf_value=0.0070481923803987906 0.010848385753528844 -0.0060702182891723914 0.02339425644346332 0.0014703341988825415 0.009223315745328909 -0.015732737224375789 0.0031840911159956263 -0.0021884556742872499 -0.0019618347209232403 -0.0025351995938967709 -0.0025047679293679448 0.0032061236006762465 0.013060140937488356 -0.032872691353334475 -0.010203145228722333 -0.043399974085054985 0.0090095444998452411 -0.0019975532435272153 0.0018813328290889801 -0.045080109563398391 -0.044665229993275761 0.011233060415477631 0.0010370647800841352 0.012239244441298282 -0.032964662276676951 -0.0054378700174988921 -0.01714929486150173 -0.028900282035201501 0.018698828894119585 -0.0031830813998887076
leaf_weight=3765.5637826989114 1510.3228793314192 11191.632544788197 148.20195132936351 50110.865438198176 6096.5828652126365 789.86966667418892 5501.5332853588043 11240.668025651568 13071.648923590197 44493.371492502134 15220.941937958298 22118.522849460394 429.75908207334578 143.08385070040822 256.7855915017426 65.767843671143055 630.96076966635883 250.83670684695244 5601.1599963433109 31.003227114677429 78.290954273194075 705.0540981143713 22876.765162281372 683.34429039433599 273.53690002858639 1133.7201064303517 79.638236299157143 150.02225080877542 174.85800946503878 3506.2480416141043
leaf_count=49083 16599 278669 621 553464 65662 48199 62509 185717 228041 729253 248691 260501 661 455 422 183 887 374 69475 17 188 282 198496 683 283 2068 118 274 160 61894
internal_value=0 -0.000745718 -0.00167845 0.00093939 0.00483131 -0.00269764 -0.00256581 0.000584238 -0.000436968 -0.00322427 0.000136611 0.00369655 -0.00546284 -0.00642043 0.000873229 -0.0032345 0.00228543 -0.0110462 -0.00132455 0.00141725 -0.0187004 0.00127518 0.000966594 -0.00260218 -0.00279175 -0.0108699 0.00537328 -0.0062205 0.00737186 0.00116573
internal_weight=222331 192605 123982 68623.3 29725.4 79398.7 78608.8 64857.8 18573.2 60035.6 44583.1 23628.8 13047.1 11334.7 1712.4 1282.64 947.565 316.605 20822.1 23761 335.077 23612.8 22907.8 46988.5 45900.6 1407.26 1087.86 404.518 254.496 53617.1
internal_count=3063929 2721167 1871009 850158 342762 1353427 1305228 801075 290550 1014678 517582 277100 281839 279124 2715 2054 1444 557 318166 199416 610 198795 198513 732839 731604 2351 1235 552 278 615358
is_linear=0
shrinkage=0.03


Tree=95
num_leaves=31
num_cat=0
split_feature=17 88 15 4 86 15 7 19 82 77 71 20 13 18 69 87 62 88 27 85 65 62 18 7 7 69 56 62 64 60
split_gain=892.225 268.42 251.744 166.324 137.486 129.281 126.714 109.091 107.507 101.956 101.467 93.3514 81.8264 78.7239 95.5991 126.981 101.289 74.4416 87.9005 73.169 79.2639 82.3159 72.7896 65.926 96.9564 64.5398 63.9932 62.8451 102.416 62.6144
threshold=0.53458327054977428 0.029807321727275852 1.0000000180025095e-35 0.14931328594684604 0.10325878858566286 0.22396993637084964 -0.21006280183792111 0.55233678221702587 -0.57968145608901966 -0.05724853835999965 4.4478356838226327 0.88998934626579296 0.31061333417892462 0.22396993637084964 1.0538702011108401 0.032208513468503959 0.94411477446556102 0.1787994205951691 1.1114771962165835 0.27263912558555609 0.97955897450447094 0.021035801619291309 0.58756005764007579 0.096961159259080901 0.27240583300590521 2.4200718402862553 1.0000000180025095e-35 2.3964208364486699 2.0331231355667119 3.9425262002623647e-05
decision_type=2 2 2 2 2 2 2 2 2 2 2 2 2 2 2 2 2 2 2 2 2 2 2 2 2 2 2 2 2 2
left_child=2 -2 3 9 22 -3 -7 -8 10 27 -5 12 26 14 16 -16 23 -13 -19 -11 21 -21 -4 -10 -25 29 -6 28 -1 -15
right_child=1 5 4 8 11 6 7 -9 13 19 -12 17 -14 25 15 -17 -18 18 -20 20 -22 -23 -24 24 -26 -27 -28 -29 -30 -31
leaf_value=-0.0028454585357500137 0.0094564979897991553 0.0014403188590791163 0.0052189273748070334 -0.00055558845075557911 -0.0023335597687345225 0.016219085514197474 0.0028974568626631437 0.0090402963344544396 -0.00086681576006446802 -0.0056224443066728389 0.025906534985582777 0.025242110898503492 0.0024620180111638145 -0.0022803043793502473 -0.031158816007607788 0.016215181019201393 -0.040369226241942675 0.0091553629857720788 -0.042850661494260298 -0.012674301165336351 -0.035062091215953543 0.016120244546056726 0.0005377300044190291 -0.01146450894162108 -0.0015343165442029676 -0.031389172742876136 0.00032148468392327909 -0.027672211743711997 0.026773827962775092 0.0033965342643041043
leaf_weight=13375.14802908455 5472.4065496526455 36014.606116222887 7328.6231310122675 49764.744694621506 17378.929992226826 794.64665366802365 14565.239307136493 3167.5344267879263 1495.6427346361888 6214.9196944200667 126.7492926158011 226.01903050392866 7117.1825663876953 30120.084080657878 56.589241944253445 319.18913514073938 75.664856750518084 162.08860859274864 31.502393930219114 1346.1956027632841 129.71245897933841 92.192524887621403 5052.8256490232307 2727.9197357089724 1312.5798725661589 63.206868894398212 15409.304864650825 86.76808013767004 101.90224062278867 1852.3345217034221
leaf_count=183089 79431 515704 52642 813693 127422 6876 145307 28956 50934 97308 88 450 42588 569805 69 615 316 511 55 45749 512 166 38551 85077 46528 137 128669 211 73 2397
internal_value=0 0.00312442 -0.00115775 -0.00197919 0.000545055 0.00248837 0.00452462 0.00399677 -0.00140222 -0.00435445 -0.0004862 -0.000303938 -0.000452712 -0.00260387 -0.0057609 0.00881615 -0.00674339 0.0137047 0 -0.00709134 -0.0128811 -0.010786 0.0033097 -0.00625419 -0.00824445 -0.00201302 -0.00108576 -0.00278204 -0.00261329 -0.00195089
internal_weight=221982 60014.4 161968 109262 52706.5 54542 18527.4 17732.8 87914.7 21346.8 49891.5 40325 39905.4 38023.2 5987.59 375.778 5611.81 419.61 193.591 7783.02 1568.1 1438.39 12381.4 5536.14 4040.5 32035.6 32788.2 13563.8 13477.1 31972.4
internal_count=3063929 776274 2287655 1896767 390888 696843 181139 174263 1569659 327108 813781 299695 298679 755878 183539 684 182855 1016 566 143735 46427 45915 91193 182539 131605 572339 256091 183373 183162 572202
is_linear=0
shrinkage=0.03


Tree=96
num_leaves=31
num_cat=0
split_feature=17 17 88 5 15 88 67 18 13 24 86 86 9 69 4 30 69 77 1 60 61 58 61 61 77 67 4 18 65 64
split_gain=869.203 271.954 237.814 146.672 125.245 107.737 98.4114 97.5012 92.4593 82.7864 83.3628 81.9557 73.2481 70.6187 105.063 71.7417 70.7559 95.5941 66.9676 78.7442 73.901 68.0214 66.112 68.2977 65.2673 74.9186 63.9931 63.3649 63.2309 62.9737
threshold=0.56247621774673473 0.31061333417892462 0.025800288654863838 1.1142060756683352 0.22396993637084964 0.061811018735170371 1.8339288234710696 1.0000000180025095e-35 0.53458327054977428 0.22396993637084964 0.070266589522361769 0.67085793614387523 0.48828019201755529 0.60109230875968944 0.24964435398578647 1.0000000180025095e-35 0.48713128268718725 -0.23627700656652448 -0.32448211312294001 1.6004572898964401e-05 0.041239427402615554 1.0000000180025095e-35 0.12984441220760348 0.00064358481904491793 -0.98782446980476368 1.9979435205459597 0.3354459702968598 0.31061333417892462 1.2872551083564761 2.2995947599411015
decision_type=2 2 2 2 2 2 2 2 2 2 2 2 2 2 2 2 2 2 2 2 2 2 2 2 2 2 2 2 2 2
left_child=1 3 -2 9 -4 22 7 18 29 10 -1 -8 -6 16 15 -15 -12 -18 19 -5 -21 -20 23 -3 28 -26 -27 -19 -16 -7
right_child=2 5 4 6 12 8 11 -9 -10 -11 13 -13 -14 14 24 -17 17 27 21 20 -22 -23 -24 -25 25 26 -28 -29 -30 -31
leaf_value=0.0051597241627047751 0.010755690554993511 0.0041422989858477394 0.0017063011935100057 -0.0081495138765064271 0.0045353796392130245 -0.00026409555074626315 0.013215454178735568 -0.0042626885085720479 0.0056185100776723253 0.0013402163760024284 -0.002383492965582888 -0.028641433955420167 0.01478271606675201 -0.0011335208615971322 -0.02083115497797345 -0.029859479890045532 -0.029237339340553992 -0.01918316557605737 -0.01647171807973849 0.035677111659923821 -0.0076136150145073873 -0.001174192746966147 -0.037893792829342729 0.0297110426594272 0.012595331002071499 0.0074026383215075398 -0.028811153983340394 0.013908981443702164 0.0067004491355498281 -0.053153766399558544
leaf_weight=1425.0064008040863 3713.0842120294255 5095.9332995645818 30010.019262492831 463.27041833959811 16312.123772743114 77540.922392537963 399.8673180770129 11741.135528724553 2465.5209158840589 7435.2131318582979 56607.817258162111 43.16728844307363 650.37499564699829 3420.6653547398746 129.64467567205429 76.112920880317688 203.11789111047983 87.304328858852386 1485.4166546501656 78.954479925334454 59.698957799002528 318.90414061627234 29.152224168181419 91.989339530467987 1228.37021356076 98.061839386820793 73.561375059187412 117.19837017357349 167.78065198659897 16.267270758748055
leaf_count=10954 56475 59888 446216 28025 170105 839577 764 272643 10854 84706 976698 300 3840 4110 106 91 321 126 84148 138 302 11972 23 32 1005 112 120 130 107 41
internal_value=0 -0.00102326 0.00345001 -0.00221702 0.00287155 0.000176378 -0.00495661 -0.00539348 -9.5987e-05 -0.00165428 -0.00200429 0.00890726 0.00493194 -0.00216879 0.00117867 -0.00179348 -0.00247389 -0.0148713 -0.010893 -0.00220066 0.0173154 -0.013779 0.00435181 0.00461908 0.00729394 0.0100022 -0.00839642 -0.00029381 -0.00540255 -0.000277988
internal_weight=221586 170900 50685.6 85660.3 46972.5 85239.8 14590.4 14147.4 80022.7 71069.9 63634.6 443.035 16962.5 62209.6 5194.2 3496.78 57015.4 407.621 2406.24 601.924 138.653 1804.32 5217.07 5187.92 1697.42 1399.99 171.623 204.503 297.425 77557.2
internal_count=3063929 2387293 676636 1476878 620161 910415 398292 397228 850472 1078586 993880 1064 173945 982926 5651 4201 977275 577 124585 28465 440 96120 59943 59920 1450 1237 232 256 213 839618
is_linear=0
shrinkage=0.03


Tree=97
num_leaves=31
num_cat=0
split_feature=17 88 57 16 87 72 19 88 67 28 3 62 36 7 7 5 5 2 68 6 2 54 28 69 6 6 84 68 62 59
split_gain=847.792 283.908 221.784 123.178 123.028 123.055 110.103 96.0174 93.312 90.5271 100.126 112.285 100.002 99.8733 95.4575 115.614 99.7789 94.0915 86.2122 84.6028 135.281 99.3402 83.9859 81.5632 76.5438 75.1119 71.6367 71.0663 91.5525 107.253
threshold=0.50316895544528972 0.039253270253539092 1.0000000180025095e-35 0.53458327054977428 0.43603442609310156 -0.95306625962257374 0.14931328594684604 0.015796643681824211 2.1557824611663823 0.20707555115222934 0.20920681953430179 0.045880019664764411 0.55829170346260082 0.043919352814555175 0.37049600481987005 0.84110677242279064 1.3938320875167849 -0.0091607454232871515 3.0903697013854985 0.31687574088573461 -0.20118874311447141 0.50316895544528972 1.0000000180025095e-35 1.755725681781769 0.023902778513729576 0.014005722478032114 -0.074679825454950319 3.1743148565292363 0.0064974669367074975 0.53458327054977428
decision_type=2 2 2 2 2 2 2 2 2 2 2 2 2 2 2 2 2 2 2 2 2 2 2 2 2 2 2 2 2 2
left_child=2 7 4 8 9 -6 19 -2 23 10 11 -1 17 25 15 18 -16 -11 -15 21 -21 27 -18 -3 -8 -12 -13 28 -4 -30
right_child=1 3 6 -5 5 -7 24 -9 -10 12 13 26 -14 14 16 -17 22 -19 -20 20 -22 -23 -24 -25 -26 -27 -28 -29 29 -31
leaf_value=-0.002042366228631025 0.014714136528596126 0.0012808396417783423 -0.0005959890936808169 0.0048147823685890543 0.017814311948196784 -0.012825011490804545 0.008595789587282297 0.0061683332002284499 -0.033283089418392191 -0.0022645313061155307 -0.0097060915856673965 0.0074661873260496951 -0.0031319448406057441 -0.0038761535293484594 -0.0024333891497259189 -0.00804825147957609 0.00018027292869042321 0.0061138491507998528 0.013731015439861717 -0.0096782101053250087 -0.0013736098998130735 0.0052568204304436232 0.029818821527349659 0.030157270263295663 0.0015721603266923279 0.00015081634045325883 0.00015099463746343214 -0.024082144501680374 0.0042818182273859804 0.032042462886654147
leaf_weight=31779.800385847419 1361.4175270091946 48667.178160786163 29260.676302448846 10869.658512987182 124.42227297648787 1502.8478185666172 1557.7667755797738 9084.8771267720149 66.180366545915604 1812.6274720012443 759.83056678295543 1827.3007037937641 3633.3479316507 10562.431364940974 8187.0771333059238 9123.0759098848648 185.06397157070751 3588.7106808066455 252.41234142333269 1995.3336487192428 15129.16634589879 3212.4813850962673 157.4041441786103 84.216410219669342 13266.322351729978 7799.6075808530222 3526.2972638681531 108.49869244545698 1640.7709129024297 131.91633892059326
leaf_count=414338 22063 619615 412926 122222 567 87443 9441 122821 77 29761 16367 1742 54477 119869 164176 171391 4943 35403 173 49448 302208 32324 2568 41 106606 155703 3203 154 1826 33
internal_value=0 0.00272588 -0.00126505 0.00192697 -0.0022811 -0.0104416 3.47805e-05 0.0072877 0.00128354 -0.00212093 -0.00246634 -0.00136518 0.000713656 -0.00357028 -0.00442457 -0.00556081 -0.00176669 0.00330173 -0.00345987 -0.000621207 -0.00234355 0.000237367 0.0140026 0.00133329 0.00231265 -0.000727792 0.00265238 -0.000280886 -0.000194434 0.00641768
internal_weight=221259 70133.5 151125 59687.2 84822.3 1627.27 66302.9 10446.3 48817.6 83195 74160.3 37133.4 9034.69 37026.9 28467.5 19937.9 8529.55 5401.34 10814.8 51478.8 17124.5 34354.3 342.468 48751.4 14824.1 8559.44 5353.6 31141.9 31033.4 1772.69
internal_count=3063929 886839 2177090 741955 1262124 88010 914966 144884 619733 1174114 1054473 419283 119641 635190 463120 291433 171687 65164 120042 798919 351656 447263 7511 619656 116047 172070 4945 414939 414785 1859
is_linear=0
shrinkage=0.03


Tree=98
num_leaves=31
num_cat=0
split_feature=17 17 88 5 16 88 71 22 14 5 86 26 63 66 65 50 6 77 3 69 20 79 20 84 7 74 7 7 7 69
split_gain=827.3 250.872 225.854 137.148 120.483 95.6527 93.8766 97.4736 91.658 89.0334 79.7699 83.8891 80.0038 86.5933 79.2243 77.6874 77.7476 73.0612 72.7309 159.036 71.8492 104.281 105.876 84.3314 71.4621 71.349 71.3547 85.8948 71.2797 68.8043
threshold=0.56247621774673473 0.31061333417892462 0.025800288654863838 1.1383889913558962 0.56247621774673473 0.061811018735170371 4.1943626403808603 1.0000000180025095e-35 0.81924167275428783 1.3750380873680117 0.12969312071800235 0.42514967918396002 0.22706042230129245 0.82366618514060985 0.99727353453636181 1.0000000180025095e-35 0.075221788138151183 -0.98700854182243336 0.040082329884171493 0.7802235782146455 1.05028373003006 -0.15217151492834088 1.2844802141189577 0.01114639872685075 -0.42511934041976923 -1.1888568401336668 0.36668710410594946 0.3548355251550675 0.077952444553375258 0.1755834296345711
decision_type=2 2 2 2 2 2 2 2 2 2 2 2 2 2 2 2 2 2 2 2 2 2 2 2 2 2 2 2 2 2
left_child=1 3 -2 10 14 -3 7 17 20 -8 12 15 18 -14 -4 -12 -17 -5 19 -1 -7 -22 23 -23 -18 -13 27 29 -19 -27
right_child=2 5 4 6 -6 8 9 -9 -10 -11 11 25 13 -15 -16 16 24 28 -20 -21 21 22 -24 -25 -26 26 -28 -29 -30 -31
leaf_value=0.0060653265737581107 0.010528638401933322 0.0040865578067020101 0.0018634015546164381 0.00092079124414598057 0.005633837717929269 -0.00033086805893105763 0.028671336503497544 -0.0036434087711424163 0.0064208118231675743 -0.013491182643850227 -0.0031293557459531026 0.019596703426624413 0.030652036933720841 0.00021541331386742694 0.017683516563137425 0.0036925801216091091 -0.014706636178327459 0.0010703968852778284 -0.001883773331801586 -0.04504563091593556 0.031886973108121219 0.019046673352056408 -0.033520109678760075 -0.026950325901308941 -0.0012363195009565981 -0.001132646427647075 0.0024790693929939724 -0.0076038518538892614 -0.01284104661853948 0.0103091533745819
leaf_weight=2313.6362653130636 3676.0211642867216 5219.0851655552397 36031.910828553577 522.37986958074907 10530.596754763406 77498.982719820109 135.83807922899723 8949.4401327450178 1887.7207954833284 63.469874186441302 40485.472586499382 158.35316895740107 168.39870876073837 164.99981194734573 283.30024135112762 3239.2879939009727 384.19070877041668 375.17918332744739 3653.1414773775614 52.138041138648987 148.47649092227221 186.35156432865188 58.487725611776114 40.448648203164339 4107.6130061816075 10012.146006747673 5442.7486906481208 1845.7910102513852 2767.5153034725518 492.42047663033009
leaf_count=14534 56475 59943 488238 9727 131764 840342 130 224351 9364 273 667809 911 78 101 159 44769 9375 20575 44446 42 174 398 64 130 83540 154799 66505 37094 97558 261
internal_value=0 -0.000999774 0.00337133 -0.00214894 0.00280874 0.000153364 -0.0050099 -0.00533463 -0.000103944 0.0152212 -0.00164311 -0.00195143 0.00156695 0.0157833 0.00198887 -0.00260318 0.000151886 -0.00945459 0.000768767 0.00486289 -0.000262369 0.011857 0.00112021 0.0104989 -0.00240152 -0.000200449 -0.000381256 -0.00164255 -0.0111796 -0.000592143
internal_weight=220896 170374 50521.8 85334.2 46845.8 85039.6 12813.8 12614.5 79820.5 199.308 72520.3 66168 6352.31 333.399 36315.2 48216.6 7731.09 3665.07 6018.92 2365.77 77932.7 433.764 285.288 226.8 4491.8 17951.5 17793.1 12350.4 3142.69 10504.6
internal_count=3063929 2387293 676636 1476878 620161 910415 352614 352211 850472 403 1124264 1065063 59201 179 488397 805493 137684 127860 59022 14576 841108 766 592 528 92915 259570 258659 192154 118133 155060
is_linear=0
shrinkage=0.03


Tree=99
num_leaves=31
num_cat=0
split_feature=17 55 16 26 3 88 6 57 5 6 78 78 77 88 18 9 61 60 13 15 86 67 6 85 65 68 85 87 69 69
split_gain=806.567 246.016 219.113 200.468 157.218 136.417 124.125 117.553 105.085 97.7402 88.5712 102.58 131.159 85.1569 86.4314 86.4977 80.7953 81.2957 78.3476 75.5493 71.7312 93.4582 111.046 134.874 100.997 103.701 85.0421 79.3132 72.85 134.116
threshold=0.56247621774673473 0.31061333417892462 0.61035025119781505 0.22396993637084964 0.20920681953430179 0.82176649570465099 0.29371857643127447 1.1646749377250674 0.24964435398578647 0.12465433403849603 0.027779328636825088 -0.019852116703987118 -0.9303552210330962 0.042061204090714462 0.70072525739669811 1.0000000180025095e-35 0.17017634212970736 0.028526125475764278 0.63123199343681347 0.58756005764007579 0.052603647112846381 0.60996153950691234 0.071403212845325484 0.021912790834903721 1.6679560542106631 2.8225555419921879 0.010852742940187456 0.024008990265429023 0.93658751249313366 0.75703594088554393
decision_type=2 2 2 2 2 2 2 2 2 2 2 2 2 2 2 2 2 2 2 2 2 2 2 2 2 2 2 2 2 2
left_child=1 3 13 4 20 10 7 -3 18 -9 11 -6 -13 -2 15 -15 17 -10 -5 -4 -1 28 23 -23 -24 26 -26 -25 29 -22
right_child=2 6 19 8 5 -7 -8 9 16 -11 -12 12 -14 14 -16 -17 -18 -19 -20 -21 21 22 24 27 25 -27 -28 -29 -30 -31
leaf_value=0.0028025349081245241 0.0057083085593002602 0.0023218790926395816 0.0069554299595449964 0.0017056946783010323 -0.0020724279884833229 -0.0131703088197714 1.3000942834000581e-05 0.0073476049844404638 -0.0010725548015047303 0.024646532234558923 -0.00097083438922303082 -0.0034396302572965499 -0.0092084341594975139 0.0023112595425875218 0.00055426035067473426 0.0072878799392383196 0.005576324830276951 -0.028201989233382956 0.016207550446278928 0.016172911915294456 -0.0024569243243791404 -0.036187970873578598 0.0066091853323583674 0.021538881855321532 -0.042962332568981194 0.0038982159379092472 -0.0088214365495882536 -0.01162379766206474 -0.034365991070559446 0.027349472508498195
leaf_weight=3387.2920784730522 6387.131506214806 8454.8346978116606 6463.4642114750313 12018.399996143184 8215.9044274001499 1464.4006403905951 19106.854326817789 2171.4589780801907 57226.56093585222 337.95307075534947 7474.8575131607649 7203.7176716250833 7005.1231226069503 13539.421828305582 19067.043351566448 4094.6578334043734 1664.8164556995034 95.603236228227615 341.09464766737074 914.45421731413808 29226.200821679988 138.14585928618908 2992.3639905415475 94.492539092898369 76.383243322372437 621.26098437979817 381.94151555001736 186.3230256177485 60.021279878914356 132.49894998967648
leaf_count=38087 82037 86982 93524 61144 174567 69112 281564 20503 751882 2143 156829 108035 186142 157480 294661 36348 904 94 1227 12586 442593 94 3552 51 56 591 573 369 99 100
internal_value=0 -0.000988264 0.00333041 -0.00151706 -0.0026742 -0.00423961 0.00147347 0.00401721 -0.000403324 0.00971463 -0.00380036 -0.00474298 -0.00628583 0.0025118 0.00195483 0.00346848 -0.000930414 -0.00111985 0.00211139 0.00810664 -0.00135737 -0.00177332 0.00225568 -0.0123766 0.00377297 -0.00407961 -0.0148435 -0.000303204 -0.00238874 -0.00231854
internal_weight=220545 170079 50466.2 140007 68660.9 31364 30071.1 10964.2 71346.5 2509.41 29899.6 22424.7 14208.8 43088.3 36701.1 17634.1 58987 57322.2 12359.5 7377.92 37296.9 33909.6 4490.91 418.961 4071.95 1079.59 458.325 280.816 29418.7 29358.7
internal_count=3063929 2387293 676636 1996101 1180850 694685 391192 109628 815251 22646 625573 468744 294177 570526 488489 193828 752880 751976 62371 106110 486165 448078 5286 514 4772 1220 629 420 442792 442693
is_linear=0
shrinkage=0.03


Tree=100
num_leaves=31
num_cat=0
split_feature=16 88 55 26 19 87 71 88 22 72 22 69 62 16 36 26 64 20 36 61 83 2 88 71 70 79 5 32 32 72
split_gain=780.604 271.379 196.432 170.395 140.624 111.397 113.972 110.004 109.217 102.623 90.9271 83.8625 82.2296 87.6524 74.2314 77.5599 72.569 71.7028 68.9805 101.353 74.5186 69.1275 68.0198 64.7445 71.4091 64.2834 77.5161 64.1668 61.5896 60.4929
threshold=0.31061333417892462 0.029807321727275852 0.37446653842926031 1.0000000180025095e-35 0.52258238196372997 0.025188324041664604 2.0206472873687749 0.17175550013780597 1.0000000180025095e-35 -1.3713604211807249 1.3399389982223513 1.0368067026138308 0.20961493253707889 0.50316895544528972 1.0108244419097903 0.50316895544528972 0.45041489601135259 1.05028373003006 0.55233678221702587 0.29974193871021276 0.01850173901766539 1.0000000180025095e-35 0.015796643681824211 2.309752464294434 2.0411612987518315 -0.42387244105339045 1.1975013613700869 0.2834331095218659 0.79860684275627147 -1.3168689012527464
decision_type=2 2 2 2 2 2 2 2 2 2 2 2 2 2 2 2 2 2 2 2 2 2 2 2 2 2 2 2 2 2
left_child=2 22 3 5 9 -1 8 17 -7 11 14 16 13 -11 15 -9 -3 29 20 27 -8 -21 -2 -14 -25 26 -22 -20 -10 -5
right_child=1 4 -4 7 -6 6 18 10 28 12 -12 -13 23 -15 -16 -17 -18 -19 19 21 25 -23 -24 24 -26 -27 -28 -29 -30 -31
leaf_value=-0.00022790732853766909 0.01486711234150416 -0.0072866111081961449 0.0015898778272976685 0.0052876771946137923 0.0063493673728947445 -0.010488751341857273 -0.0001781339014291321 -0.0021147235698261448 -0.0041187135428881446 0.00084998719438576136 -0.027460751848135515 0.0028150303920123267 0.022844630301204445 0.0034929365118381 -0.010970889607777411 0.00019671555463064718 -0.044214009613127762 0.014933859166981592 -0.0078884159459116348 -0.038226688124675237 0.017631789434061379 0.002874777689139052 0.007075789010120485 -0.0043886780941755884 0.01479935189628814 -0.026378652240411925 -0.032340025121298618 0.025192800527008164 -0.01363007842229438 -2.5184674249669458e-06
leaf_weight=7166.0354700415774 1334.6052730200754 90.575041472911835 19299.493010531747 2100.4482868015766 6190.720202247001 3184.3060173957492 3441.2750155059621 50621.950611859924 17289.53063165916 42739.942925459967 118.83043188974261 139.31851300597191 266.81922668218613 15351.099260994815 752.26799036527518 17604.235934435885 103.18583807349205 304.81978310458362 62.03762736544013 45.767055306583643 82.860652483999729 139.17745744809508 4195.8584244253871 336.72985580563545 354.72075635194778 186.25389390066266 37.179460555315018 291.21890995278955 632.65038368472597 25713.875819326204
leaf_count=84644 22531 71 290149 1601 50255 167022 7554 694834 461991 444916 298 87 89 180878 20292 211769 108 271 168 132 139 269 60620 158 158 719 176 275 22626 339129
internal_value=0 0.00258637 -0.00123365 -0.00165363 0.00204771 -0.00353199 -0.00446408 -0.00102439 -0.00536961 0.00159879 -0.00166814 -0.0149069 0.00169297 0.00154868 -0.00162205 -0.00151827 -0.0274713 0.000557361 -2.67267e-06 0.00999838 -0.00144929 -0.00786647 0.00896618 0.0103924 0.005477 -0.01553 0.0015742 0.0193473 -0.00445768 0.000397521
internal_weight=220178 71103.6 149074 129775 65573.1 32558.3 25392.3 97216.4 21106.5 59382.4 69097.3 333.079 59049.3 58091 68978.5 68226.2 193.761 28119.1 4285.77 538.201 3747.57 184.945 5530.46 958.27 691.451 306.294 120.04 353.257 17922.2 27814.3
internal_count=3063929 759871 2304058 2013909 676720 745715 661071 1268194 651639 626465 927193 266 626199 625794 926895 906603 179 341001 9432 844 8588 401 83151 405 316 1034 315 443 484617 340730
is_linear=0
shrinkage=0.03


Tree=101
num_leaves=31
num_cat=0
split_feature=17 17 88 15 26 38 7 85 88 20 3 56 6 7 20 84 6 3 7 7 4 6 67 4 67 62 72 73 3 87
split_gain=770.438 232.882 211.626 122.302 118.342 115.72 106.203 101.522 91.5161 80.2424 91.2202 90.0901 94.3701 154.993 77.1427 82.1828 72.9503 70.4676 98.9206 113.748 84.0854 136.456 79.7522 71.5947 69.7023 120.131 132.666 78.0673 116.515 87.5126
threshold=0.56247621774673473 0.31061333417892462 0.023474368266761306 0.22396993637084964 0.22396993637084964 1.0000000180025095e-35 -0.21006280183792111 0.78267052769660961 0.036271719262003906 1.05028373003006 0.15293506532907489 0.22396993637084964 0.02682175021618605 0.25045758485794073 1.2480892539024355 0.01114639872685075 0.3277577161788941 0.20436391979455951 0.58516743779182445 0.043919352814555175 0.55233678221702587 0.39818593859672552 0.50072121620178234 0.20707555115222934 0.56039363145828258 0.0054790242575109014 -0.34108255803585047 0.15536254644393924 0.51276838779449474 0.026502339169383052
decision_type=2 2 2 2 2 2 2 2 2 2 2 2 2 2 2 2 2 2 2 2 2 2 2 2 2 2 2 2 2 2
left_child=1 4 -2 -4 5 7 -5 17 -3 11 14 -10 13 -13 15 -11 -7 22 19 23 -21 -22 -1 -19 25 26 -6 -26 29 -29
right_child=2 8 3 6 24 16 -8 -9 9 10 -12 12 -14 -15 -16 -17 -18 18 -20 20 21 -23 -24 -25 27 -27 -28 28 -30 -31
leaf_value=-0.0031332121186159727 0.01106055108313971 0.0065264135864892209 0.0016193061779093503 0.015926294994006655 0.02334045802986099 0.001057202027825265 0.0042891210721845039 -0.015833927428383937 -0.00092175087585752349 0.023149837439267792 0.029456721899326462 0.00075525141061065623 0.00052488602642711876 0.012973778399318729 -0.014426656837812904 -0.026303472019719609 -0.0041274811315410278 -0.0058714822653879008 0.0029440320186656611 -0.0075070367690756217 -0.010754831203901185 0.013819632390305134 0.0027324770985628893 0.0011408408508447859 0.0071866304683491384 -0.025607192522428584 -0.0011496656795531239 -0.037922046950080543 0.01259827769136364 -0.00035342956436523526
leaf_weight=12232.166618840172 2944.5208950734668 1971.9908430885116 30069.726366759773 734.37268733326346 196.20166978240013 8203.0334149840346 16524.410835847506 629.72752826196665 47838.119078471413 165.30867700139061 170.4842975307256 2432.1494543662993 30405.629345562251 1514.6598126783501 136.69826405122876 33.243390154093504 3473.0502381616971 2224.0104099868768 1359.0957914415631 12621.045322196631 374.65769094711868 435.29224219147 2510.8881516084075 3177.2222131798044 1719.8992950618267 175.64866003394127 35167.817510301713 123.41999608278275 146.80140119045973 99.85469226539135
leaf_count=193482 46619 26943 449371 6756 105 118219 173890 37330 498747 386 253 28386 349854 5622 102 122 88311 61170 32506 284557 16088 12691 3068 89345 1049 228 538435 100 88 106
internal_value=0 -0.000967171 0.00326145 0.00277525 -0.00207769 -0.00307749 0.00478813 -0.0039282 0.000145982 -6.42074e-06 0.0118596 -8.00633e-05 0.00109188 0.00545386 0.00265595 0.0144918 -0.000485482 -0.00371167 -0.00486316 -0.00542734 -0.00690571 0.00244973 -0.00213345 -0.00174793 -0.000822222 -0.0011356 -0.00101104 0.00449653 -0.00793661 -0.021442
internal_weight=219811 169538 50273 47328.5 84869.8 47240.2 17258.8 35564.1 84668.3 82696.3 505.735 82190.6 34352.4 3946.81 335.25 198.552 11676.1 34934.4 20191.3 18832.2 13431 809.95 14743.1 5401.23 37629.6 35539.7 35364 2089.98 370.076 223.275
internal_count=3063929 2387293 676636 630017 1476878 936767 180646 730237 910415 883472 863 882609 383862 34008 610 508 206530 692907 496357 463851 313336 28779 196550 150515 540111 538768 538540 1343 294 206
is_linear=0
shrinkage=0.03


Tree=102
num_leaves=31
num_cat=0
split_feature=17 33 16 16 5 86 7 7 4 66 70 82 9 7 15 2 13 4 5 2 71 70 78 72 86 28 1 86 7 7
split_gain=748.374 228.268 207.981 201.338 134.44 99.6438 88.9209 102.309 87.2589 92.4801 76.7105 85.2701 74.6065 82.6033 72.4779 71.8319 69.5111 69.3103 112.124 67.1847 65.2131 91.802 72.0658 72.0111 63.2914 62.5452 68.9863 94.8231 61.4887 68.4173
threshold=0.56247621774673473 1.0000000180025095e-35 0.61035025119781505 1.0000000180025095e-35 1.1025659441947939 0.01763224042952061 -0.37151309847831721 0.58516743779182445 0.14931328594684604 0.48009127378463751 2.7404276132583623 -0.22850581258535382 1.0000000180025095e-35 0.39009414613246923 0.56247621774673473 -0.15642496943473813 0.63123199343681347 0.55233678221702587 1.3222696185112002 -1.1888568401336668 1.7700929641723635 1.5888543725013735 0.008675458841025831 -0.55147722363471974 0.058808578178286559 0.2834331095218659 0.13902067393064502 0.49969293177127844 -0.41109667718410486 0.27240583300590521
decision_type=2 2 2 2 2 2 2 2 2 2 2 2 2 2 2 2 2 2 2 2 2 2 2 2 2 2 2 2 2 2
left_child=1 3 12 4 8 -5 -6 10 -1 28 11 15 -2 -14 -4 -8 -7 20 -19 -3 -17 22 23 -22 -21 26 -11 -28 -10 -30
right_child=2 19 14 5 6 16 7 -9 9 25 -12 -13 13 -15 -16 17 -18 18 -20 24 21 -23 -24 -25 -26 -27 27 -29 29 -31
leaf_value=-0.004457245988964938 0.0017435583112360223 0.019546912357691043 0.0065864585726979931 0.010223757587104785 0.00095234040701813955 -0.00064676842436719171 -0.011271284314107642 0.0022905247068810554 0.0012972249857748665 0.0065727740321538334 0.0040245569798463545 -0.011230222945826906 0.006857633751119566 0.0011099208032250407 0.014766908671177279 -0.0067525262501173652 0.0084254863433993465 -0.0054976420394803648 0.026705156457607092 0.0062354701507849981 0.010384302947821724 -0.0069810303492781533 -0.0079026844468434512 0.042176116931210497 0.0010097116379293545 0.020563853589285672 -0.021818726521483037 0.015672356222218794 -0.0032722402549933338 -0.00030657674730298715
leaf_weight=9985.5485225669909 33229.260803180179 182.1369067276828 6144.4662746686954 774.49566791528196 1770.5093125848216 80014.0747099047 1546.5433234070806 1143.9119917368807 5487.7399097697125 1149.3325367793441 525.90499899722636 3863.6283723876841 6101.7841848786047 3569.8985043009743 1161.1612683646817 3680.5355619638285 763.33487924095243 226.74868923565373 164.8241974284756 2277.7925655443105 283.96240408718586 516.6269129998982 130.57089583575726 80.82387700676918 24397.524069318955 215.83245364576578 188.59828364104033 85.141036227345467 18614.066563759494 11227.420442876013
leaf_count=170113 462644 1250 89872 9908 54459 772945 55163 30817 101601 1285 1233 136570 63795 44087 16238 112427 3245 8830 3301 24849 507 1327 325 58 310937 148 314 60 359139 226482
internal_value=0 -0.000953934 0.0032165 -0.00143229 -0.00273757 -0.000457598 -0.00532512 -0.00623921 -0.00196917 -0.00129657 -0.00712552 -0.00768604 0.00241909 0.00473791 0.00789465 -0.00561467 -0.000560568 -0.00388558 0.00817903 0.00158271 -0.00489939 0.001836 0.0110229 0.0178215 0.00145697 0.00566101 0.00334629 -0.0100839 -0.00162006 -0.00215679
internal_weight=219504 169298 50206.6 142440 60888.3 81551.9 13934.6 12164.1 46953.7 36968.1 11020.2 10494.3 42900.9 9671.68 7305.63 6630.64 80777.4 5084.09 391.573 26857.5 4692.52 1011.98 495.357 364.786 26675.3 1638.9 1423.07 273.739 35329.2 29841.5
internal_count=3063929 2387293 676636 2050257 1264159 786098 405017 350558 859142 689029 319741 318508 570526 107882 106110 181938 776190 126775 12131 337036 114644 2217 890 565 335786 1807 1659 374 687222 585621
is_linear=0
shrinkage=0.03


Tree=103
num_leaves=31
num_cat=0
split_feature=17 16 33 26 3 18 61 2 6 40 66 5 38 36 69 62 86 67 6 85 12 69 5 3 86 12 69 69 69 85
split_gain=726.864 226.128 198.296 170.687 135.148 114.658 105.084 125.781 103.615 96.0588 94.4185 90.4693 86.9401 86.5002 82.169 156.815 79.2249 80.2002 86.8613 115.505 78.0034 73.3648 79.9464 70.8491 70.7716 70.6445 66.5961 74.1702 114.406 157.088
threshold=0.53458327054977428 0.61035025119781505 1.0000000180025095e-35 0.22396993637084964 0.20436391979455951 0.22396993637084964 0.14083283394575122 0.22092299908399585 0.029085938818752769 0.80670574307441723 0.048307834193110473 0.8442915976047517 0.91905513405799877 0.54616111516952526 0.27344919741153723 0.83380079269409191 0.01763224042952061 0.60996153950691234 0.071403212845325484 0.021912790834903721 0.46720869839191442 0.93658751249313366 0.51129707694053661 0.025830680504441265 0.01524593820795417 0.42514967918396002 0.93658751249313366 0.75703594088554393 0.29623746871948248 0.045581614598631866
decision_type=2 2 2 2 2 2 2 2 2 2 2 2 2 2 2 2 2 2 2 2 2 2 2 2 2 2 2 2 2 2
left_child=2 24 3 4 16 13 11 10 -4 -10 -8 20 -11 -6 -15 -16 -1 26 19 -19 -5 22 -12 -3 -2 -26 27 28 -18 -30
right_child=1 23 8 6 5 -7 7 -9 9 12 21 -13 -14 14 15 -17 17 18 -20 -21 -22 -23 -24 -25 25 -27 -28 -29 29 -31
leaf_value=0.01296954795582228 0.0095376196198467302 0.010838139757637075 0.0070661987115713211 -0.00023821661708938889 -0.0080793235430623445 -0.0028009089481595404 0.019930756807056867 0.024316787727721216 0.00050101671244303801 0.026982157468096044 -0.020547238636924918 -0.0028775947490601054 -0.0050634600307816451 -0.0046528957209170923 0.020321816950205077 -0.017253696904217193 -0.0018225651148333257 -0.034865816602931678 0.0036778841430431331 -9.1763734803924774e-05 0.012284452882079303 0.0049198137134892862 0.0012132555731678375 0.0049083402134792861 0.0018132278511304421 0.0095961548926292977 -0.032919506890724717 0.020630272104381141 -0.040325501765627304 -0.0020120959632173837
leaf_weight=342.32519431885885 1136.1620255430025 3530.9048119547515 2608.0858850820659 52856.833348787244 7935.2583582594016 21451.886730806713 261.1581966355443 282.4601879119873 21852.130563558036 227.70681395020802 250.60324811935425 13544.575044683428 111.5476368884556 1347.8124673065904 348.21645837090909 135.9641072973609 29333.458021626604 121.2284200489521 3979.8608564250171 275.10521452501416 447.49094038642943 1286.1556305587292 374.96512442827225 3757.3063283180963 49747.094431019374 1068.8248133079614 58.62065314501524 126.45488701015711 161.80073896050453 231.50473133474588
leaf_count=4891 15670 50537 22378 565355 247505 409845 96 93 289625 1416 119 246462 1872 45709 385 308 442935 92 4562 401 1918 654 241 55573 648876 5618 96 97 162 438
internal_value=0 0.0028386 -0.00105135 -0.00150383 -0.00259753 -0.00402893 -0.000464498 0.00562561 0.00141429 0.000748677 0.0031536 -0.000688576 0.0164962 -0.00672334 -0.00084263 0.009706 -0.00130669 -0.00145085 0.00234039 -0.0109816 -0.00013209 0.000822516 -0.00757203 0.00778612 0.0021439 0.00197776 -0.00200591 -0.00194065 -0.00203958 -0.0180324
internal_weight=219194 59240.3 159953 135154 65849.5 31219.1 69304.2 2455.34 24799.5 22191.4 2172.88 66848.9 339.254 9767.25 1831.99 484.181 34630.4 34288 4376.19 396.334 53304.3 1911.72 625.568 7288.21 51952.1 50815.9 29911.8 29853.2 29726.8 393.305
internal_count=3063929 776274 2287655 1972364 1157426 703752 814938 1203 315291 292913 1110 813735 3288 293907 46402 693 453674 448783 5055 493 567273 1014 360 106110 670164 654494 443728 443632 443535 600
is_linear=0
shrinkage=0.03


Tree=104
num_leaves=31
num_cat=0
split_feature=88 20 26 88 11 87 3 19 72 3 2 72 50 9 69 62 69 69 64 18 69 84 64 64 72 71 56 69 22 3
split_gain=710.516 376.111 164.659 153.808 134.479 124.505 110.98 107.212 102.815 98.704 93.6563 108.466 84.1011 82.1003 82.6786 77.8525 91.7108 87.489 118.021 76.2073 76.0829 75.7088 177.805 78.064 75.3381 69.5245 68.3686 94.5557 80.3354 101.046
threshold=0.047472711652517326 0.2834331095218659 0.31061333417892462 0.01872641779482365 0.31061333417892462 0.6293742060661317 0.02362634148448706 1.2459200620651247 -0.72132718563079823 0.17349133640527728 0.1477521434426308 -1.8084247708320615 1.0000000180025095e-35 1.0000000180025095e-35 1.8327026367187502 2.4544165134429936 2.716545939445496 2.4200718402862553 2.0331231355667119 0.22396993637084964 0.75703594088554393 -0.069461639970540986 0.87655732035636913 0.90188461542129528 -0.94618728756904591 3.9390617609024052 0.22396993637084964 0.79914483428001415 1.2780928611755373 0.11779224127531053
decision_type=2 2 2 2 2 2 2 2 2 2 2 2 2 2 2 2 2 2 2 2 2 2 2 2 2 2 2 2 2 2
left_child=3 2 5 -1 6 9 7 13 10 20 11 -4 15 14 -3 16 17 18 19 -11 -2 23 25 -22 -15 -23 28 -28 -8 -30
right_child=1 4 8 -5 -6 -7 26 -9 -10 12 -12 -13 -14 24 -16 -17 -18 -19 -20 -21 21 22 -24 -25 -26 -27 27 -29 29 -31
leaf_value=0.012981472588284774 -0.0014842176287272041 0.0018327632264413109 -0.018849034703673169 0.004659304573862301 0.013559543357503791 -0.014951910122622245 -0.00078596343698677823 -0.041890552512006671 -0.00040947142940062542 -0.0059452826002931508 0.017854174091710473 0.0049880846796143963 -0.00012505659910523771 -0.047720129764600376 0.033575916885558929 -0.025565060447834305 0.02537516277121914 -0.027857527223297238 0.026339378763723581 -0.0028657915773401227 0.0034067820318933167 0.0076891807163229084 -0.010442565907746995 0.020919835123377743 0.0069822695327740143 -0.01924353717842538 0.0016463751508112093 -0.046463741574335228 -0.0052457484464770677 0.02111692432902838
leaf_weight=2291.8294991532457 34691.52899086359 11539.123786894372 182.92562142759562 15598.605281897268 785.22361243190244 688.23415446828585 27894.903996354493 43.18889032676816 44658.743559944574 10014.768392634986 459.73185297846794 2122.0488144382834 6960.7598607987165 18.808992266654968 70.358061373233795 142.46125555224717 93.839318208396435 130.7111544162035 113.96178399771452 26122.337079066332 585.42023196071386 1567.7462000586092 878.992327734828 375.20936128497124 4718.8541049498599 87.42343907058239 25443.329929964908 32.818284243345261 212.46282121120021 330.26723214611411
leaf_count=38049 528540 83503 119 205438 3354 46917 314050 48 623122 266670 173 1087 135887 13 20 376 71 286 78 487655 727 1449 884 321 29641 136 294702 35 310 268
internal_value=0 -0.000510051 -0.00147023 0.00572832 0.00124408 -0.00228031 0.0011057 0.00326719 -6.16209e-05 -0.00217287 0.00554811 0.00306502 -0.00314859 0.00339699 0.00203703 -0.00372313 -0.00363491 -0.00371264 -0.00362239 -0.00371991 -0.00105903 0.00315722 0.000431976 0.0103102 0.00672407 0.00622096 0.000448309 0.00157694 -0.000562708 0.0108256
internal_weight=218857 200966 129877 17890.4 71089.3 82453.4 70304.1 16390.3 47423.4 81765.2 2764.71 2304.97 43578.8 16347.1 11609.5 36618.1 36475.6 36381.8 36251.1 36137.1 38186.3 3494.79 2534.16 960.63 4737.66 1655.17 53913.8 25476.1 28437.6 542.73
internal_count=3063929 2820442 2094498 243487 725944 1469997 722590 113225 624501 1423080 1379 1206 891023 113177 83523 755136 754760 754689 754403 754325 532057 3517 2469 1048 29654 1585 609365 294737 314628 578
is_linear=0
shrinkage=0.03


Tree=105
num_leaves=31
num_cat=0
split_feature=17 56 88 26 6 7 7 18 86 71 7 13 28 16 2 7 7 64 64 36 66 82 69 71 2 3 2 36 87 71
split_gain=703.131 219.295 199.523 128.103 114.942 192.881 120.026 110.764 101.729 96.0149 95.3674 105.97 95.1602 93.9505 93.5122 91.6163 99.4033 91.1284 90.1541 127.295 97.2336 114.191 88.5021 95.8767 84.1485 96.023 78.8924 78.5368 75.699 75.5677
threshold=0.56247621774673473 1.0000000180025095e-35 0.029807321727275852 0.22396993637084964 0.038208844140172012 0.25045758485794073 -0.42036959528923029 0.22396993637084964 0.18274933844804767 2.0206472873687749 0.37049600481987005 0.31061333417892462 0.24964435398578647 0.56247621774673473 -0.5323810577392577 0.20742076635360721 -0.42511934041976923 1.0000000180025095e-35 0.83729436993598949 0.20707555115222934 0.53876152634620678 -0.41505497694015497 1.6371783018112185 2.6846050024032597 0.027131077833473686 0.653162181377411 -0.13939318060874936 0.51887804269790661 0.35340254008769995 3.2897051572799687
decision_type=2 2 2 2 2 2 2 2 2 2 2 2 2 2 2 2 2 2 2 2 2 2 2 2 2 2 2 2 2 2
left_child=1 3 -2 7 5 6 -3 9 -6 28 11 15 -5 -4 -13 16 -10 -7 19 20 24 -22 23 -18 25 -11 -17 -14 -1 -26
right_child=2 4 13 12 8 17 -8 -9 10 18 -12 14 27 -15 -16 26 22 -19 -20 -21 21 -23 -24 -25 29 -27 -28 -29 -30 -31
leaf_value=-0.0060754605868286703 0.0088083411030775941 0.0091413536633386007 0.0017819235931675328 -0.0012515817608428543 0.0011068342308316193 0.011920523075414425 -0.00028615830543991306 -0.0022548166366646817 -0.0095799452888566793 -0.02795189402066529 0.00094020352929093825 0.024038038443971923 0.006717350664969147 0.005140801890558642 0.0014808352123961296 -0.011226417569643477 -0.00085811017973538351 -0.045277222504462596 -0.0093652498949191292 0.010559716462059448 -0.017373179444341191 0.030342105738178207 0.035552953415044816 -0.045456512731801596 0.010102397810817945 0.0076774723190140897 -0.0040361149226430023 -0.0010003048350428498 -0.01383989715663253 -0.026655959902894023
leaf_weight=6080.851044873496 5000.1681593612302 1434.5820773819578 35466.660156336875 40089.095319673521 28786.622931257094 2075.2076538713882 7828.5570555102895 36659.599484090897 1286.4225254141784 296.61785047873855 11863.060269167763 170.72819146048278 2616.7319732800825 9505.21298524749 3131.5123939684127 1795.9632515886915 12613.988360765943 21.501534233801067 764.901945784688 931.49889189377427 67.134896956384182 121.44445626065135 55.852922722697258 39.539104118943214 215.59072815254331 85.855341297574341 5854.0113947556238 2165.4635015652748 1391.211252798028 61.298727758228779
leaf_count=147899 75688 15263 481218 471197 362036 9027 103878 572288 27996 930 163659 576 22704 119730 23665 39925 188988 147 1812 1151 171 124 19 130 417 214 105603 21418 105870 186
internal_value=0 -0.000926826 0.00312507 -0.00191907 0.000253514 0.00303905 0.00117671 -0.00301936 -0.000228958 -0.00581508 -0.00127369 -0.00232658 -0.000774269 0.00249235 0.00267609 -0.00309034 -0.00164613 0.0112467 -0.000778008 0.00292347 -0.00547018 0.0133239 -0.000839966 -0.00101215 -0.0109 -0.0199457 -0.00572973 0.0032238 -0.00752834 0.00168498
internal_weight=218477 168505 49972 91547.3 76957.5 11359.8 9263.14 46676 65597.7 10016.4 36811.1 24948 44871.3 44971.9 3302.24 21645.8 13995.8 2096.71 2544.34 1779.44 847.942 188.579 12709.4 12653.5 659.363 382.473 7649.97 4782.2 7472.06 276.889
internal_count=3063929 2387293 676636 1346381 1040912 128315 119141 831062 912597 258774 550561 386902 515319 600948 24241 362661 217133 9174 5005 3193 2042 295 189137 189118 1747 1144 145528 44122 253769 603
is_linear=0
shrinkage=0.03


Tree=106
num_leaves=31
num_cat=0
split_feature=88 16 88 26 12 16 87 72 66 86 58 3 20 62 7 7 36 65 72 72 13 52 4 6 6 1 4 6 60 69
split_gain=685.741 363.315 145.252 141.042 121.839 105.252 102.155 86.4281 125.442 90.2376 81.0513 84.7751 98.3992 87.2839 78.7334 108.494 77.7839 75.6419 74.8696 113.972 73.3529 74.8061 72.6759 132.602 71.5849 71.4952 71.3437 70.4232 69.6483 65.6061
threshold=0.047472711652517326 0.22396993637084964 0.01872641779482365 0.22396993637084964 0.53458327054977428 0.46720869839191442 0.6293742060661317 -1.4252945780754087 0.81935313344001781 0.3151144683361054 1.0000000180025095e-35 0.20436391979455951 0.84164264798164379 0.017965273931622509 0.58516743779182445 0.043919352814555175 0.56404110789299022 2.7560548782348637 -1.3293486237525938 -1.3025036454200742 0.37446653842926031 0.46715016663074499 0.55233678221702587 0.39818593859672552 0.10889055579900743 -0.022105008363723751 0.2834331095218659 0.13883128017187121 7.2631871628203734e-09 0.78510695695877086
decision_type=2 2 2 2 2 2 2 2 2 2 2 2 2 2 2 2 2 2 2 2 2 2 2 2 2 2 2 2 2 2
left_child=2 3 -1 6 5 17 10 8 9 -5 11 13 14 -2 15 26 28 -3 -9 -20 -21 -22 -17 -24 -16 -18 -13 -23 -15 -12
right_child=1 4 -4 7 -6 -7 -8 18 -10 -11 29 12 -14 16 24 22 25 -19 19 20 21 27 23 -25 -26 -27 -28 -29 -30 -31
leaf_value=0.012720456761840311 -0.0027022184973457476 0.00037441940129429968 0.0046006560515975126 0.0050844444539117194 0.01397724479923312 0.0029386804770667736 -0.014760591684326276 -0.017596167160395203 0.022023092237887797 -0.021653901473704204 -0.0012319384613854159 -0.0046223939533613775 0.026581252364834055 0.020632881127369853 -0.0047319711743384636 -0.0070648701100687068 0.0062116591519745679 -0.038538934819036447 0.026642790821996703 -0.00092241800452588416 0.00028881559282391836 0.022967386869741768 -0.011269312438086095 0.011639280431425996 0.0077944109317119826 -0.032061985848409365 0.0025402784212641546 0.0056577915035184289 0.0024465458419232937 0.0080431402252098654
leaf_weight=2272.0286067235866 16623.027814110807 64157.476126582595 15548.901859222242 804.94833023101091 643.97767045907676 18073.742942721583 605.16009101754753 229.18077562749386 364.14488685131073 128.14360074698925 21020.65701453283 2774.0465431023113 87.216506629716605 198.09320217370987 800.10224516427843 13489.172972828412 71.628329113125801 40.987813636660576 134.2620217949152 48891.756342073975 2101.2392876287922 273.04643220780417 399.17213824982173 517.56854113604641 834.9129063016444 104.5229583196342 2273.3674886211811 918.79281234438531 3108.983936149627 705.46136504411697
leaf_count=38049 280138 639043 205438 489 2926 190326 44444 195 156 129 395561 75728 165 155 18307 292456 62 47 52 732162 20738 601 16735 14318 18669 134 63555 8402 3864 885
internal_value=0 -0.000501601 0.00563874 -0.00157489 0.00101876 0.000916598 -0.00253129 -0.000444802 0.00719263 0.00133085 -0.00241284 -0.00319341 -0.0045182 -0.00179733 -0.00465205 -0.00518347 0.00251794 0.000347105 -0.000633963 -0.000558236 -0.000630342 0.00370056 -0.00650943 0.00165379 0.00166523 -0.0166814 -0.00139596 0.00969069 0.00356087 -0.000929138
internal_weight=218196 200375 17820.9 117459 82916.2 82272.2 63613.1 53845.5 1297.24 933.092 63007.9 41281.8 21175.6 20106.3 21088.3 19453.3 3483.23 64198.5 52548.3 52319.1 52184.8 3293.08 14405.9 916.741 1635.02 176.151 5047.41 1191.84 3307.08 21726.1
internal_count=3063929 2820442 243487 1988100 832342 829416 1225176 762924 774 618 1180732 784286 499933 284353 499768 462792 4215 639090 762150 761955 761903 29741 323509 31053 36976 196 139283 9003 4019 396446
is_linear=0
shrinkage=0.03


Tree=107
num_leaves=31
num_cat=0
split_feature=88 16 26 88 72 61 85 86 88 12 5 55 78 7 7 70 71 69 78 83 69 62 82 62 16 7 78 63 44 60
split_gain=666.15 348.035 155.004 140.833 123.608 131.035 121.225 147.838 100.788 99.3164 84.4377 77.0256 75.9657 77.4322 89.5679 112.402 98.5324 122.664 105.34 124.633 80.9864 153.055 87.7996 73.4745 77.951 72.4751 72.1734 74.8232 69.3209 66.883
threshold=0.047472711652517326 0.31061333417892462 0.37446653842926031 0.01872641779482365 -1.4358599781990049 0.12602113187313083 0.20291770994663241 0.34590496122837072 0.86347821354866039 0.56247621774673473 0.63989907503128063 0.31061333417892462 0.12899706512689593 0.03434919752180577 0.27240583300590521 1.3610217571258547 3.1741927862167363 1.5956420898437502 -0.018148559145629403 -0.035466115921735757 1.8216784596443178 0.51146149635314953 -0.043325627222657197 0.20961493253707889 0.46720869839191442 0.37795858085155493 -0.16517163813114163 0.2017435431480408 0.88676083087921154 2.0757895981660116e-05
decision_type=2 2 2 2 2 2 2 2 2 2 2 2 2 2 2 2 2 2 2 2 2 2 2 2 2 2 2 2 2 2
left_child=3 2 6 -1 5 -3 11 -8 12 23 -4 -2 13 -9 15 -15 18 -18 26 -20 -19 22 -22 24 29 -12 27 -17 -10 -6
right_child=1 4 10 -5 9 -7 7 8 28 -11 25 -13 -14 14 -16 16 17 20 19 -21 21 -23 -24 -25 -26 -27 -28 -29 -30 -31
leaf_value=0.012560645332590943 -0.0017838696353714436 0.0092580869560915172 0.0015412266290893994 0.0045425959604946864 0.00061470693916209696 -0.03354781435516286 -0.0094229994070228647 0.00045125857680717598 -0.012145810790058196 0.016005714223529206 -0.0021995821592619594 0.00087181905885949781 0.0033197005613331602 -0.0095147141776649735 -0.00055206276063527924 -0.034347682777087024 -0.022606906957212201 0.021247895788587545 0.027537385488258979 -0.014028043983605984 -0.01283068640971489 -0.033544339212954938 0.032948479945903796 0.0095763069139425134 0.0029590962449042844 0.0016750110016145816 0.026025798222647348 0.028897348503825439 0.026848336338526946 -0.02438857892857187
leaf_weight=2257.7621783942886 69759.352045534499 97.405132308602333 21802.993355203798 15527.20989261799 36173.054979212204 177.07167644798756 3717.6562731246922 4085.5524232591124 1230.0657789926772 424.14108757767826 15429.791481308988 11436.441679821262 2024.8342446852221 3944.7973032944865 3131.5230422249879 37.497299736365676 281.75639483425766 139.32033197209239 82.869711384177208 253.17683416046202 64.180842332541943 106.90770174004138 81.657862782478333 991.59196163713932 18091.415915280435 6042.6714902281528 290.27473773248494 24.492963014170527 38.704762410838157 92.537198305130005
leaf_count=38049 978048 63 209384 205438 365010 166 108055 108866 66056 1909 268544 164430 45661 124698 99539 142 906 235 96 849 126 365 61 437 190769 84391 486 57 1009 84
internal_value=0 -0.000494686 -0.00127533 0.00556332 0.00151094 -0.0184261 -0.00192043 -0.00404211 -0.00277508 0.00161045 0.000226201 -0.00140974 -0.00206585 -0.00293771 -0.00457848 -0.00695134 0.000475135 -0.0076534 0.00843731 -0.00356135 0.00320128 -0.00690501 0.0129672 0.00149891 0.00135078 -0.0011089 0.0198076 -0.00905384 -0.0108721 0.000548101
internal_weight=217839 200054 144007 17785 56047.2 274.477 100731 19535.3 15817.6 55772.7 43275.5 81195.8 14548.8 12524 8438.46 5306.93 1362.13 673.823 688.312 336.047 392.067 252.746 145.839 55348.6 54357 21472.5 352.265 61.9903 1268.77 36265.6
internal_count=3063929 2820442 2262004 243487 558438 229 1699685 557207 449152 558209 562319 1142478 382087 336426 227560 128021 3323 1693 1630 945 787 552 187 556300 555863 352935 685 199 67065 365094
is_linear=0
shrinkage=0.03


Tree=108
num_leaves=31
num_cat=0
split_feature=17 17 15 33 88 5 40 13 2 6 32 72 32 4 5 6 32 7 7 6 6 6 6 2 7 15 69 70 79 78
split_gain=662.05 200.54 189.652 124.847 105.497 105.277 90.3671 88.1265 84.7274 84.3693 114.382 73.2913 72.8164 68.6577 101.4 68.5482 101.852 80.1001 190.625 129.894 81.4669 73.7568 69.9223 65.7505 65.7479 72.0989 65.1966 117.407 112.455 173.446
threshold=0.56247621774673473 0.37446653842926031 0.46720869839191442 1.0000000180025095e-35 0.039253270253539092 1.1056626439094546 0.80670574307441723 0.53458327054977428 -0.027253863401710984 0.29371857643127447 0.66012796759605419 -1.7728959321975706 1.0000000180025095e-35 0.55233678221702587 1.4165727496147158 0.40833660960197454 0.7184627652168275 0.39009414613246923 0.23264062404632571 0.39380566775798803 0.057615961879491813 0.38169310986995703 0.069310557097196593 -0.17514827102422711 -0.065206006169319139 1.0000000180025095e-35 0.92298749089241039 2.5774191617965703 -0.20854646712541577 0.0002332847652724013
decision_type=2 2 2 2 2 2 2 2 2 2 2 2 2 2 2 2 2 2 2 2 2 2 2 2 2 2 2 2 2 2
left_child=1 3 4 5 -2 7 -5 26 -7 10 11 12 -3 -10 -15 17 -17 18 24 20 -20 22 -19 -11 25 -6 -1 28 29 -28
right_child=2 9 -4 6 15 8 -8 -9 13 23 -12 -13 -14 14 -16 16 -18 21 19 -21 -22 -23 -24 -25 -26 -27 27 -29 -30 -31
leaf_value=-0.0019600915852728473 0.0057717954180723646 -0.029600804476006628 0.0094262521364499984 0.00065495252782935985 0.0015708695197615764 -0.007075735289196361 0.018431884409435779 0.0094296684209573059 -0.0032175131879624815 -0.0047121763880389293 0.0068852964922246993 0.0010840585166279684 0.00031318307739690358 0.0010652530078091955 0.031847607795805935 -0.003691282351024559 0.0050521553952723583 -0.0059020554214101921 0.013173067505795052 0.022970807850024654 0.0038951274555464018 -0.0063882493625921303 0.0020330451813820091 -0.00019302415994912654 0.0011984030901018912 0.012847537790195243 -0.030234042179715585 -0.0027806426390663296 0.010311029341029529 0.0077166004290818747
leaf_weight=70824.850958752781 7440.6473012145725 136.30825246870518 3858.2689486141171 13100.943940313649 1061.1342208330752 6185.0991998062382 258.55722387437709 637.70418509142473 8669.1549770365964 3223.0617419625632 3230.2796839288203 27767.262018035864 152.41269087791443 478.88468381972052 116.76054442045279 4101.5576322118868 1689.6328751443652 1086.9079215711681 1335.5376925026067 541.48849486513063 2359.4927710993215 1201.9996846580907 11903.999723950983 28406.836092428377 12138.930936974095 983.10844721598551 168.25462007522583 2452.1201116964221 1714.4853774532676 288.83832510560751
leaf_count=1089253 105763 197 47381 193172 16663 189657 2625 3193 208332 41430 27251 241384 130 15845 1517 72399 23351 19374 6777 3224 25227 18893 169686 368564 159032 8866 286 2637 1527 293
internal_value=0 -0.000900753 0.00304105 -0.00170392 0.0025028 -0.00209932 0.00100475 -0.0016406 -0.00435706 0.000438261 0.00154281 0.000926637 -0.0140057 -0.00253934 0.00727902 0.00186878 -0.0011378 0.00240289 0.00370783 0.00928925 0.0072604 0.000708441 0.00136718 -0.000654202 0.00203819 0.00701069 -0.00173473 0.00171511 0.00678951 -0.00638426
internal_weight=217515 167812 49702.7 104896 45844.4 91536.2 13359.5 76086.3 15449.9 62916.2 31286.3 28056 288.721 9264.8 595.645 38403.8 5791.19 32612.6 18419.7 4236.52 3695.03 14192.9 12990.9 31629.9 14183.2 2044.24 75448.5 4623.7 2171.58 457.093
internal_count=3063929 2387293 676636 1708337 629255 1512540 195797 1097189 415351 678956 268962 241711 327 225694 17362 523492 95750 427742 219789 35228 32004 207953 189060 409994 184561 25529 1093996 4743 2106 579
is_linear=0
shrinkage=0.03


Tree=109
num_leaves=31
num_cat=0
split_feature=17 17 88 33 5 15 2 7 40 19 3 72 86 14 26 72 63 64 1 83 79 63 67 83 69 84 88 1 67 82
split_gain=645.484 192.517 184.166 116.489 101.174 98.9267 96.8109 94.675 82.5327 76.8792 66.6955 87.9039 92.7012 66.5121 65.3884 71.6634 64.6311 118.533 112.998 99.7251 99.6279 134.183 127.12 82.959 103.691 79.6431 76.7366 70.2709 101.232 98.9987
threshold=0.56247621774673473 0.37446653842926031 0.025800288654863838 1.0000000180025095e-35 1.072022616863251 0.22396993637084964 -0.025974907912313935 -0.21006280183792111 0.80670574307441723 0.55233678221702587 0.033294463530182845 -1.7195444107055662 0.14265165477991107 0.81924167275428783 1.0000000180025095e-35 -0.68726330995559681 6.2992785387905328e-05 0.036629524081945426 0.20694658905267718 -0.042353186756372445 -1.0000000180025095e-35 0.035916017368435867 2.1932451725006108 -0.015854743309319016 1.9743945002555849 0.033449709415435798 0.32711504399776464 -0.15600165724754331 1.2682034969329836 0.8825708031654359
decision_type=2 2 2 2 2 2 2 2 2 2 2 2 2 2 2 2 2 2 2 2 2 2 2 2 2 2 2 2 2 2
left_child=1 3 -2 4 16 -4 -6 -7 -5 -9 -3 12 -12 -13 -8 -16 17 -1 19 -18 22 -22 25 -21 27 -20 -26 28 29 -25
right_child=2 10 5 8 6 7 14 9 -10 -11 11 13 -14 -15 15 -17 18 -19 20 23 21 -23 -24 24 26 -27 -28 -29 -30 -31
leaf_value=-0.0018134143178827455 0.0096348848923300968 0.0022243231660956692 0.0014606371550422602 0.00060162491466124901 -0.0066971066665928941 0.015237179228994506 -0.0029229167651980059 0.0028950548608330374 0.017538958009704005 0.0083036645361020834 -0.031230829149190502 -0.00020170184138108436 0.0016452603143164185 0.0062989569721397061 0.029208627246288036 0.002488927268735557 -0.027808725677408073 -0.031873165036127894 -0.023186490659071357 0.017668064402085074 0.023202298029614675 -0.012809760224810219 0.013233401889085394 -0.0020105642853781693 -0.0042165555437743921 0.003155594036665898 -0.031047012855333827 0.0051979145942267855 -0.018101854671721523 0.028200338542385898
leaf_weight=65150.206497220526 3502.537949073434 14283.17874924971 29540.891327360616 13118.832721726576 7418.4618810870743 686.65949491923675 10061.945603650995 12976.746092843299 260.18279252864886 2893.1489267888392 162.81509317457676 46838.067260114476 142.50258535146713 1456.7108928142115 99.235944390296936 736.14103607519064 91.887993030250072 114.3108823876828 564.65734274312854 326.06835925579071 185.30757224559784 179.48380369693041 133.50937613844872 673.42919709160924 511.15485593676567 124.78579122200608 114.79140989482403 4457.6793680265546 297.19918221235275 110.05902399122715
leaf_count=1020677 56475 108381 446216 193172 222995 6467 243576 138347 2625 29131 232 563022 147 7174 76 17207 140 198 805 241 155 234 104 910 595 140 135 3763 493 96
internal_value=0 -0.000889638 0.00300617 -0.00167746 -0.00206037 0.00250162 -0.00405403 0.00435792 0.000936487 0.00388319 0.000422397 -0.000107222 -0.016049 -5.02448e-06 -0.00225251 0.00579244 -0.00156014 -0.00186808 0.00102552 0.00256367 -0.00747482 0.00552477 -0.0132415 0.00301122 0.00222425 -0.0184215 -0.00931 0.00353444 -0.00331688 0.00234923
internal_weight=217213 167613 49600 104729 91350.3 46097.4 18315.8 16556.6 13379 15869.9 62883.3 48600.1 305.318 48294.8 10897.3 835.377 73034.5 65264.5 7770.01 6582.27 1187.74 364.791 822.953 6490.38 6164.31 689.443 625.946 5538.37 1080.69 783.488
internal_count=3063929 2387293 676636 1708337 1512540 620161 483854 173945 195797 167478 678956 570575 379 570196 260859 17283 1028686 1020875 7811 6373 1438 389 1049 6233 5992 945 730 5262 1499 1006
is_linear=0
shrinkage=0.03


Tree=110
num_leaves=31
num_cat=0
split_feature=88 16 47 88 5 3 4 63 70 6 7 2 61 70 6 6 6 88 1 7 7 2 68 9 70 7 19 22 4 22
split_gain=627.496 324.065 148.438 132.522 115.483 94.9713 129.054 100.996 113.836 91.9232 165.729 90.0714 95.3443 90.13 85.5295 95.5251 85.0843 83.077 81.6794 80.5273 77.293 76.582 75.9559 74.553 72.7007 70.5123 70.1323 67.3831 65.7316 64.2464
threshold=0.047472711652517326 0.31061333417892462 0.22396993637084964 0.01872641779482365 1.1084876060485842 0.20436391979455951 0.20707555115222934 0.0021319426596164708 1.8346306681632998 0.029085938818752769 0.25045758485794073 -0.052245315164327615 0.18027425557374957 3.3801761865615849 0.3810447901487351 0.38169310986995703 0.3381717205047608 0.19279803335666659 -1.5375244617462156 0.34556056559085851 0.39656957983970648 -0.021214363165199753 3.4120868444442753 1.0000000180025095e-35 1.5247015357017519 0.14455556124448779 0.52258238196372997 1.0000000180025095e-35 0.55233678221702587 1.2171949148178103
decision_type=2 2 2 2 2 2 2 2 2 2 2 2 2 2 2 2 2 2 2 2 2 2 2 2 2 2 2 2 2 2
left_child=3 2 4 -1 5 7 23 8 -2 10 25 12 24 22 16 -16 -8 -15 -4 -18 -17 -6 -13 -7 -9 -3 29 -26 -21 -11
right_child=1 9 18 -5 21 6 14 11 -10 26 -12 13 -14 17 15 20 19 -19 -20 28 -22 -23 -24 -25 27 -27 -28 -29 -30 -31
leaf_value=0.012249390643208022 -0.00072024957897037561 0.0096407240716140218 0.021797921807191357 0.0044277110309140508 -0.0059979008533043608 -0.0041190725511410899 -0.0011332151704737412 0.020691117747337083 -0.022906978486550197 0.00060406298614360508 0.011680057683873465 0.001806237516612827 0.018236068168272394 -0.0038494165065316339 0.01536370665153974 0.0011469358878144567 -0.010620298590916439 -0.038984706497983447 0.00080082619330680907 3.9320592490431212e-05 -0.019097961951912292 -0.0021679431812538469 0.026678160457522616 -0.013070072462301028 0.0022993991761416565 -0.00050892572062180086 0.0046168960131569127 -0.024540199942369834 -0.0069517651690736773 0.019297018768083981
leaf_weight=2230.8218268476485 45459.662874482354 751.04276350910368 163.97264667996205 15435.728207808628 8147.2370567662147 12310.340147109833 21552.566608563633 138.42480705678463 205.10744640231133 44949.153438750756 2127.5530556801241 4066.461900215596 665.38314951211214 192.82623739540577 417.23202951293206 7489.5855141084176 1711.4128384248179 85.232010275125504 23217.475077029725 2727.6155476288695 169.64957811083877 11124.379804877681 109.66994307935238 896.46809482271783 373.94623669981956 3340.6977250147611 4456.2065523075871 104.36143995076418 2170.1329281344661 162.11029803194106
leaf_count=38049 623455 5722 1531 205438 230357 196607 286211 126 236 472728 9265 3388 492 164 6171 128551 48224 94 363351 47467 4983 257180 44 21166 466 35754 34734 175 41565 235
internal_value=0 -0.000480418 -0.00123472 0.00541819 -0.00166043 -0.00125362 -0.00219226 -0.000350523 -0.000821999 0.00145973 0.0048967 0.00339992 0.0103942 0.00137811 -0.00126656 0.00145412 -0.00204708 -0.0150354 0.000951973 -0.00502405 0.000688196 -0.00378823 0.00248538 -0.00473077 0.00186355 0.00136055 0.00102804 -0.00370233 -0.00306057 0.000673042
internal_weight=216952 199286 143499 17666.6 120118 100846 49445 51401.1 45664.8 55786.8 6219.29 5736.31 1282.12 4454.19 36238.2 8076.47 28161.7 278.058 23381.4 6609.16 7659.24 19271.6 4176.13 13206.8 616.732 4091.74 49567.5 478.308 4897.75 45111.3
internal_count=3063929 2820442 2262004 243487 1897122 1409585 780945 628640 623691 558438 50741 4949 1259 3690 563172 139705 423467 258 364882 137256 133534 487537 3432 217773 767 41476 507697 641 89032 472963
is_linear=0
shrinkage=0.03


Tree=111
num_leaves=31
num_cat=0
split_feature=17 88 86 26 39 6 2 12 88 87 2 6 6 7 77 62 62 65 63 62 72 6 63 2 72 69 61 61 88 78
split_gain=621.699 200.2 174.16 168.054 98.9048 114.363 88.6488 84.763 83.7753 83.0533 76.0115 72.5473 121.022 91.5234 72.2599 97.6546 106.358 83.6183 116.493 99.3396 70.6246 97.0704 73.3873 68.901 87.467 76.9853 82.2232 100.208 72.2199 72.155
threshold=0.53458327054977428 0.039253270253539092 0.13929654657840732 0.46720869839191442 1.0000000180025095e-35 0.32316519320011144 -0.20118874311447141 0.42514967918396002 0.021251542493700985 0.53284454345703136 -1.1888568401336668 0.088518537580966963 0.11130322515964509 0.17804174870252612 1.0000000180025095e-35 2.1140308380126958 0.37690863013267523 1.135979235172272 0.22706042230129245 1.0057124495506289 -1.2351206541061399 0.052634976804256446 0.00074446501093916606 -0.0034539256012067194 -1.4194067120552061 1.2369899153709414 0.012416185811161997 0.0020848145941272382 0.28989900648593908 0.033856565132737167
decision_type=2 2 2 2 2 2 2 2 2 2 2 2 2 2 2 2 2 2 2 2 2 2 2 2 2 2 2 2 2 2
left_child=2 -2 8 4 9 -6 -7 -3 -1 11 -5 13 23 -4 15 16 -10 -18 19 -19 21 -15 -23 24 28 26 27 -26 -13 -25
right_child=1 7 3 10 5 6 -8 -9 14 -11 -12 12 -14 20 -16 -17 17 18 -20 -21 -22 22 -24 29 25 -27 -28 -29 -30 -31
leaf_value=0.01133710163792993 0.0065853021368233716 0.0016646604602478605 -0.0022337293856631319 0.019561735496778723 -2.8332558358120494e-05 -0.01043520499727674 -0.0025683897783113688 0.0098122600500289495 0.00083057400906851877 -0.0125790073635391 0.00018338398130741368 -0.0012839355988199168 -0.0029538675084256985 -0.016751974276409998 -0.0023760622726449352 -0.026553033112458505 0.01581070348518978 0.0030209363692910145 0.010869180755429394 -0.022934768037560348 -0.0077421746294808053 0.020516757499218736 -0.00048022526711765799 0.0018066579770015792 -0.0033184696087768251 0.015771330178100722 -0.019979897934022387 0.025246474306704774 -0.039533816010544003 0.01145259867302084
leaf_weight=663.50921408682188 9679.9771496331959 47544.634761441586 8985.0169938098406 179.19930327124894 26838.049658493634 1559.6838008998311 7391.5619627020496 1174.1303349130321 28784.907849829528 808.57194415145204 32823.871419914474 79.014229200780392 26105.495196281525 300.8005704600364 6078.7373086130538 109.67859348654747 753.96620485931635 334.42355152964592 757.97242338955402 214.89282588660717 7627.35489215696 163.44676738232374 1417.867651777342 3651.3371187123703 1082.3230172090407 208.88224861770868 226.41214620694518 119.04429423436522 99.057243086397648 860.07386288935959
leaf_count=10037 139733 630045 167153 802 348959 43293 162718 6496 313737 56138 380743 83 552530 703 94815 124 402 271 502 194 100129 269 2313 23053 20793 190 329 121 188 7066
internal_value=0 0.00264531 -0.00097639 -0.00153303 -0.0022209 -0.00100805 -0.00394367 0.0018619 0.00080314 -0.0030597 0.000291098 -0.00290749 -0.00205174 -0.0044071 0.000613089 0.00120044 0.0013027 0.00787922 0.0032671 -0.00721721 -0.00645833 -0.00124773 0.0017335 0.00166976 -0.00326051 -0.00106065 -0.00356347 -0.00040983 -0.0229873 0.00365511
internal_weight=216624 58398.7 158225 120527 87524 35789.3 8951.25 48718.8 37698.1 51734.7 33003.1 50926.1 32431.6 18494.5 37034.6 30955.8 30846.2 2061.26 1307.29 549.316 9509.47 1882.11 1581.31 6326.14 1814.73 1636.66 1427.78 1201.37 178.071 4511.41
internal_count=3063929 776274 2287655 1867573 1486028 554970 206011 636541 420082 931058 381545 874920 604353 270567 410045 315230 315106 1369 967 465 103414 3285 2582 51823 21704 21433 21243 20914 271 30119
is_linear=0
shrinkage=0.03


Tree=112
num_leaves=31
num_cat=0
split_feature=17 19 88 14 77 6 2 1 6 69 69 19 62 88 22 18 72 70 28 66 36 62 64 68 60 85 72 32 61 24
split_gain=607.095 183.994 175.067 145.411 124.853 116.717 106.657 96.0077 107.84 92.7754 150.868 82.0237 78.4971 73.7841 100.227 84.421 78.1693 73.4293 70.6022 102.017 70.5686 69.7678 137.942 94.0615 72.3991 72.3459 73.7496 89.7346 94.4637 98.4343
threshold=0.56247621774673473 0.14931328594684604 0.029807321727275852 0.56247621774673473 -0.83894196152687062 0.023902778513729576 -0.16564472019672391 0.4661774635314942 0.28342144191265112 1.7876117229461672 1.5701034665107729 0.4567199051380158 2.2978694438934331 0.20608024299144748 1.1191294789314272 0.56247621774673473 -0.83502694964408863 3.6367812156677251 0.20707555115222934 0.037353789433836944 0.60404199361801159 0.045880019664764411 0.022533439099788669 1.0234926342964175 1.3268500881347125e-10 0.018548780120909217 -0.99089092016220082 0.20707555115222934 0.8551059663295747 1.0000000180025095e-35
decision_type=2 2 2 2 2 2 2 2 2 2 2 2 2 2 2 2 2 2 2 2 2 2 2 2 2 2 2 2 2 2
left_child=1 3 -2 4 12 20 7 8 -6 10 13 -4 17 15 18 -7 -17 -1 19 -15 -3 -8 24 -24 -23 26 27 28 29 -25
right_child=2 5 11 -5 6 9 21 -9 -10 -11 -12 -13 -14 14 -16 16 -18 -19 -20 -21 -22 22 23 25 -26 -27 -28 -29 -30 -31
leaf_value=-0.00045994335846866793 0.0083147219508116054 0.0031480311014527324 0.0018473371775166981 0.0026332527921490625 -0.0022782699975452581 0.0050134926402885535 -0.0022606185178761064 -0.015296868295159086 -0.008767434385994052 0.026584446187146789 -0.060871864845795445 0.0057696528870627281 -0.022770492857139939 -0.0019918927256776043 -0.043638653527193712 -0.066072649069387729 0.00050186850678846106 0.023830070507790794 0.0024678675414660672 -0.028408647308979681 0.011871319959209006 0.0036874137000363879 -0.022226700375666729 -0.029946535038105893 0.031587474629264901 0.0027728768863466186 0.007469100143059979 -0.030502601221398251 0.012266478607618361 -0.0046295205258696445
leaf_weight=49174.485494822831 4880.2014567332371 2562.8411082066013 39018.695583708046 7620.1003832659626 7267.6747151407762 4971.6086139812105 56270.128690399084 769.28281778335804 3376.2778913923539 117.75580349564552 32.188829958438873 5470.7674057818949 137.64457158744335 10217.565843317308 45.929092094302177 11.89176833629608 13047.454539271654 108.2605582177639 3752.4612912840676 129.3483360260725 1238.4954315127106 149.33844695240259 162.29486585408449 169.23256344348192 191.17258598655462 4073.052392475307 340.68421775102615 140.11617517471313 217.29994249343872 697.78689032793045
leaf_count=723282 75688 16180 546602 69635 142253 35114 1027715 26539 107267 37 25 54346 217 79153 111 13 118246 86 25565 100 8563 145 276 155 104 5823 140 99 93 357
internal_value=0 -0.000864063 0.00292252 -0.00138729 -0.00163599 0.00103103 -0.00241722 -0.00508363 -0.00433959 0.000445816 0.000346822 0.00233023 -0.000468786 0.000415764 -0.00120581 0.00168813 0.000420689 -0.000404564 -0.00105493 -0.00233342 0.0060008 -0.00192924 0.00110593 9.727e-06 0.0195492 0.000665904 -0.00480748 -0.00824015 -0.00525772 -0.00969112
internal_weight=216362 166992 49369.7 130865 123245 36127.5 73824.3 11413.2 10644 32326.2 32208.4 44489.5 49420.4 32176.3 14145.3 18031 13059.3 49282.7 14099.4 10346.9 3801.34 62411.1 6140.98 5800.47 340.511 5638.17 1565.12 1224.44 1084.32 867.019
internal_count=3063929 2387293 676636 2104186 2034551 283107 1310966 276059 249520 258364 258327 600948 723585 258302 104929 153373 118259 723368 104818 79253 24743 1034907 7192 6943 249 6667 844 704 605 512
is_linear=0
shrinkage=0.03


Tree=113
num_leaves=31
num_cat=0
split_feature=17 56 16 6 26 86 6 6 52 33 87 2 28 69 36 7 20 21 15 48 63 77 65 71 6 21 64 7 7 7
split_gain=589.407 182.907 173.487 104.505 103.668 91.2945 108.494 117.724 119.506 88.0541 87.6748 84.9738 80.1234 74.7815 69.1804 68.5106 68.3992 97.5827 65.2316 64.5431 64.3067 76.3579 103.206 60.5268 122.372 105.69 104.882 101.753 91.8063 85.4607
threshold=0.56247621774673473 1.0000000180025095e-35 0.61035025119781505 0.0696280673146248 0.22396993637084964 0.1977399289608002 0.099848181009292616 0.30833633244037634 0.8013504445552827 0.46720869839191442 0.50066190958023082 -0.27854779362678522 0.24964435398578647 2.036590695381165 0.55829170346260082 -0.42511934041976923 1.1285604238510134 0.99920111894607555 0.58756005764007579 1.1423044800758364 0.16684466600418094 -0.43558606505393976 1.5151332616806032 1.7700929641723635 0.073521606624126448 0.14931328594684604 0.27832573652267462 0.6722283959388734 0.20840832591056827 -0.3564793318510055
decision_type=2 2 2 2 2 2 2 2 2 2 2 2 2 2 2 2 2 2 2 2 2 2 2 2 2 2 2 2 2 2
left_child=1 4 -2 9 10 -5 15 8 13 -3 23 -9 16 -8 -14 -7 17 20 -4 -13 -6 -22 -23 25 26 27 -25 29 -28 -1
right_child=2 3 18 5 12 6 7 11 -10 -11 -12 19 14 -15 -16 -17 -18 -19 -20 -21 21 22 -24 24 -26 -27 28 -29 -30 -31
leaf_value=-0.0014184588364684865 0.0021523434129706938 0.0017978061230468048 0.006151581334774594 0.00081382621853360454 -0.0013407863397997932 -0.016837408981361213 0.001299497324922834 -0.0096338994590187844 0.023095937357277899 0.012756333709422994 -0.013117157447825774 -0.001506775248967356 0.0057849302081817971 -0.045443799344253084 -0.0016403133008448343 -0.0045502429912587716 0.019139834362063332 -0.017924061617188573 0.014991837574432858 -0.01786315367024922 0.011437021953526917 -0.025433083125683955 0.0044112517077905221 -0.022445164650642939 0.0010268018234071256 -0.001892780791413611 0.036214419320281042 0.0054075016795147269 -0.0056631332834149997 -0.0072324795731523251
leaf_weight=2968.6811109444534 42250.121399425756 17562.965022900811 6217.4814400971809 28607.646811183658 37859.122943965558 449.09937232657103 10252.612205912606 1373.4602524940274 224.52546940138564 682.02674059546553 720.51200686555239 12589.104403776 2944.3699167832965 26.893818981945515 1826.7347558507463 4264.9458177668275 144.64706623181701 309.35150521318428 854.92838070724974 217.05035438505001 771.94251051545143 136.07019733637571 404.41226834058762 358.8505846504122 7887.4554970599711 22551.952845156018 45.385017309337854 757.91430398254306 1026.7747186049819 9800.0795169540797
leaf_count=82917 570526 201532 93524 373782 469397 11473 122360 32264 1360 3854 56690 224663 24778 61 19344 63889 105 943 12586 5674 439 118 195 1136 11166 349821 56 19862 2171 307243
internal_value=0 -0.000852098 0.00288087 0.000230333 -0.00176397 -0.000392511 -0.00156653 -0.000769451 0.00163708 0.00221041 -0.00276011 -0.00255245 -0.000728965 0.00115914 0.00294206 -0.00573506 -0.00117134 -0.0012478 0.00722872 -0.00178984 -0.00111417 0.00540377 -0.00322565 -0.00259449 -0.000438269 -0.00315117 -0.00849695 -0.00524766 -0.00375824 -0.00588196
internal_weight=216087 166765 49322.5 76250.3 90514.3 58005.3 29397.7 24683.6 10504 18245 46117.6 14179.6 44396.7 10279.5 4771.1 4714.05 39625.5 39480.9 7072.41 12806.2 39171.5 1312.42 540.482 45397.1 9318.47 36078.6 1431.01 13526.7 1072.16 12768.8
internal_count=3063929 2387293 676636 1040912 1346381 835526 461744 386382 123781 205386 831062 262601 515319 122421 44122 75362 471197 471092 106110 230337 470149 752 313 774372 14529 759843 3363 410022 2227 390160
is_linear=0
shrinkage=0.03


Tree=114
num_leaves=31
num_cat=0
split_feature=88 17 88 25 12 16 50 71 6 87 87 61 65 6 7 67 87 83 70 70 3 70 2 72 64 35 4 79 5 79
split_gain=589.385 336.862 121.601 110.603 109.364 89.7074 85.9811 98.5665 115.25 105.802 97.1443 75.1974 91.4484 71.2092 71.9531 70.9362 100.53 100.369 99.9129 75.7366 74.8451 90.6572 70.6156 69.8825 69.503 67.6655 82.2077 121.034 231.153 82.7027
threshold=0.047472711652517326 0.37446653842926031 0.01872641779482365 0.31061333417892462 0.56247621774673473 0.46720869839191442 1.0000000180025095e-35 1.9226946234703066 0.07248376309871675 0.41761878132820135 0.45322629809379583 0.13680776208639148 0.78054827451705944 0.070844147354364409 -0.42511934041976923 1.1814121603965761 0.11171270161867143 0.015351857990026476 0.97087219357490551 3.3801761865615849 0.11288284137845041 3.2260429859161381 -1.1888568401336668 -0.23221001029014585 0.018468217924237255 0.37446653842926031 0.3114724606275559 -0.36097612977027888 0.95420274138450634 0.42373721301555639
decision_type=2 2 2 2 2 2 2 2 2 2 2 2 2 2 2 2 2 2 2 2 2 2 2 2 2 2 2 2 2 2
left_child=2 3 -1 6 5 -3 7 9 10 24 15 12 22 -8 -15 18 17 19 -9 20 -17 -22 -5 25 -2 26 29 28 -28 -10
right_child=1 4 -4 11 -6 -7 13 8 23 -11 -12 -13 -14 14 -16 16 -18 -19 -20 -21 21 -23 -24 -25 -26 -27 27 -29 -30 -31
leaf_value=0.011863931264377256 -0.0026686535178309192 0.00030285618208301593 0.0043232787259427866 0.022974034971589924 0.01587017011997988 0.0026565285148395508 0.0029429541358346272 0.013228335898710648 0.00045765675528750807 -0.010155846360032864 0.027613343832653927 0.014835362051670777 -0.032144078149213128 -0.012344597992058207 -0.00085671917895467913 0.0058776168158642776 0.012267387125846026 0.01574784974639009 -0.020064104240930504 -0.042642696076486096 -0.027273261178418263 0.015106407040355738 0.00033772368680162415 0.03114188643753301 -0.01702025396241413 -0.015497703604335203 -0.050242509036575435 0.0098998643536754947 0.011809013398607314 -0.032846079016928729
leaf_weight=2200.7205017424567 59851.226475406678 77176.644843085771 15323.936105096989 121.06863875174895 428.38535356149077 17965.086489305002 4981.543169801691 90.478922395035625 6901.6293271128088 1780.8657643318948 65.788455875590444 325.90713289380074 73.511200487613678 515.61079033772694 8869.0444049914659 163.90190373361111 268.81117593869567 113.07523060590029 610.41665440797806 72.804562509059906 234.61230211704969 53.221323311328888 15120.029493253853 66.927118513733149 301.51757557410747 208.22422319278121 87.614396847784519 1679.5088105984032 128.66798927634954 63.765822783112526
leaf_count=38049 1133310 935015 205438 503 2028 190817 66505 143 9813 108936 283 99 50 13204 169794 122 634 96 1720 82 419 44 183937 47 700 313 93 1331 153 251
internal_value=0 -0.000466046 0.00527297 -0.00165847 0.000815922 0.000747427 -0.00207553 -0.00249437 0.000148523 -0.00295569 -0.00708008 0.000664024 0.000358358 4.50329e-05 -0.00149335 -0.00856792 -0.00299613 -0.00947442 -0.0157093 -0.0149981 -0.0101977 -0.0193221 0.000523813 0.00147529 -0.00274179 0.00124224 0.00164292 0.0071746 -0.0137631 0.00013345
internal_weight=215845 198320 17524.7 102750 95570.1 95141.7 87109.3 72743.1 10809.4 61933.6 1673.11 15640.5 15314.6 14366.2 9384.66 1607.32 906.426 637.615 700.896 524.54 451.736 287.834 15241.1 9136.34 60152.7 9069.41 8861.19 1895.79 216.282 6965.4
internal_count=3063929 2820442 243487 1692582 1127860 1125832 1507993 1258490 15544 1242946 3543 184589 184490 249503 182998 3260 1397 763 1863 667 585 463 184440 12001 1134010 11954 11641 1577 246 10064
is_linear=0
shrinkage=0.03


Tree=115
num_leaves=31
num_cat=0
split_feature=88 17 88 25 11 72 9 66 78 1 87 1 3 79 65 68 83 50 65 72 69 3 20 2 61 63 66 71 65 6
split_gain=575.484 323.15 117.873 104.624 104.297 94.5592 88.6867 87.6301 128.717 101.645 91.9982 86.2661 98.9474 86.6912 76.5602 90.3738 96.5929 74.0986 73.9245 115.789 90.1236 88.5343 73.1925 68.0946 64.7387 111.788 67.265 77.2903 64.266 62.9015
threshold=0.047472711652517326 0.37446653842926031 0.021251542493700985 0.31061333417892462 0.31061333417892462 -0.29518494009971613 0.66995003819465648 0.59090533852577221 0.013166931457817556 0.50520503520965587 0.36453895270824438 -0.18980977684259412 0.47372759878635412 -0.62470749020576466 0.44112588465213781 2.6970523595809941 0.0017837882041931155 1.0000000180025095e-35 1.6679560542106631 -1.5705413818359373 2.5756206512451176 0.21617256850004199 0.50335456430912029 -1.1888568401336668 0.13680776208639148 0.10948432236909868 0.13177923858165744 2.5624486207962041 2.9174579381942753 0.070844147354364409
decision_type=2 2 2 2 2 2 2 2 2 2 2 2 2 2 2 2 2 2 2 2 2 2 2 2 2 2 2 2 2 2
left_child=2 3 -1 7 6 -6 22 10 9 11 17 12 -9 -14 -10 16 -16 -2 -13 -20 21 -21 -3 -5 25 26 27 -25 -17 -19
right_child=1 4 -4 23 5 -7 -8 8 14 -11 -12 18 13 -15 15 28 -18 29 19 20 -22 -23 -24 24 -26 -27 -28 -29 -30 -31
leaf_value=0.010729700752762911 -0.0024623952949567006 0.00019336372639054022 0.0041131543956383961 0.022749275571190088 -0.049866698128548416 0.013602680462479739 0.011403823175315984 -0.031225624684640813 0.035521057916225764 -0.036936078943463076 -0.0073331951941713186 0.0080253168596901448 -0.031497539098681228 0.012107561246486237 0.011179168294556131 0.018519902783501182 -0.022081161175587553 0.0026812900277245811 0.0077062948721263137 -0.021982591293422723 0.015878467057348064 0.0025064973623659327 0.0022417940586833092 0.00025669223358314077 0.013594146188219991 -0.043168944483840524 0.024065687979680891 -0.042871606310913489 -0.012536487134869401 -0.0015373061348189919
leaf_weight=2906.9122589362523 66139.909422470577 74136.765966420382 14587.33205553169 120.25171279301867 17.862065076828003 740.43473589606583 688.41814639465883 156.53969687968493 103.30122582986951 64.929518975317478 3069.8598291887611 1036.3682292476296 52.155292417854071 148.3652244694531 162.12673817574978 553.16297914087772 145.26571562886238 4896.8317810662556 541.64073292538524 442.18226979672909 96.934124976396561 187.67923498153687 19914.610383088002 15016.975879468548 326.10584658384323 49.388525545597076 102.59061945974827 33.490178883075714 64.224759265780449 9060.5984697242675
leaf_count=49667 1108036 921128 193820 503 8 3442 3627 361 72 163 158087 1144 139 269 236 633 324 63458 529 494 78 327 199655 183858 99 33 52 44 133 173510
internal_value=0 -0.00046071 0.00521504 -0.00162993 0.00079507 0.0118479 0.00070606 -0.00203646 0.00244397 -0.000968541 -0.00223891 -3.54111e-05 -0.0136734 0.000349685 0.011468 0.00863499 -0.00460609 -0.00204325 0.00209547 -0.00275593 -0.0105585 -0.0147087 0.000627227 0.000627849 0.000450439 0.000164697 0.000317587 0.000149059 0.0152221 -5.65853e-05
internal_weight=215563 198069 17494.2 102571 95498.1 758.297 94739.8 86922.1 3754.88 2726.79 83167.2 2661.86 357.06 200.521 1028.08 924.78 307.392 80097.3 2304.8 1268.44 726.796 629.862 94051.4 15648.8 15528.6 15202.4 15153.1 15050.5 617.388 13957.4
internal_count=3063929 2820442 243487 1692582 1127860 3450 1124410 1507993 4902 3504 1503091 3341 769 408 1398 1326 560 1345004 2572 1428 899 821 1120783 184589 184086 183987 183954 183902 766 236968
is_linear=0
shrinkage=0.03


Tree=116
num_leaves=31
num_cat=0
split_feature=88 20 26 88 11 3 18 19 9 72 21 69 85 13 27 56 67 69 78 82 3 72 1 77 70 70 82 68 69 5
split_gain=561.291 284.511 117.003 113.922 107.124 93.6823 91.8212 89.7519 68.8965 70.4049 68.6006 68.4064 68.3178 67.5886 67.39 69.5871 84.6821 55.547 69.8176 102.413 71.5017 63.4958 56.3857 54.1021 54.038 135.114 101.272 104.071 92.6295 78.2541
threshold=0.047472711652517326 0.2834331095218659 0.22396993637084964 0.01872641779482365 0.31061333417892462 0.02362634148448706 0.22396993637084964 1.2459200620651247 1.0000000180025095e-35 -0.94618728756904591 0.98670601844787609 1.8327026367187502 0.67028540372848522 0.50316895544528972 1.0440582633018496 0.22396993637084964 0.9211329221725465 1.0965877175331118 -0.011479956563562153 -0.79850623011589039 0.13425812870264056 -1.3168689012527464 0.13150769472122195 -0.99057635664939869 2.2414278984069829 2.5774191617965703 -0.30848108232021326 2.4558317661285405 1.7017838358879092 1.0073031783103945
decision_type=2 2 2 2 2 2 2 2 2 2 2 2 2 2 2 2 2 2 2 2 2 2 2 2 2 2 2 2 2 2
left_child=3 2 6 -1 5 7 12 8 11 -10 13 -3 -2 17 15 -7 -17 -4 19 -19 21 -20 23 -22 -8 28 27 -27 -26 -28
right_child=1 4 10 -5 -6 14 24 -9 9 -11 -12 -13 -14 -15 -16 16 -18 18 20 -21 22 -23 -24 -25 25 26 29 -29 -30 -31
leaf_value=0.011571281557946792 -0.003851625915525893 0.0016438222572835194 -0.00061359794670704057 0.0042378528786247609 0.012324686644017719 -0.00080613657767312813 -0.0018540791027047013 -0.040074524811110054 -0.045320709827523918 0.0064311213191828769 -0.014122831725278255 0.031289634195008589 -0.012667778351654316 0.0061969281296526792 0.009617419856242369 0.0014524914600177938 -0.042898294676903176 0.0070553111993059796 0.0078555972844736848 -0.030473673166439438 0.025706345900337026 -0.0092025206245429699 -0.00025976255353890359 0.0092156662167731749 0.00723259907257413 -0.016508644684533211 -0.021528958946676519 0.00686306678643575 0.034593080971217202 -0.00098052461468778394
leaf_weight=2177.817002435404 12304.621140912597 11307.263886534376 58449.37467453815 15284.833805200833 750.90156108513474 27585.774210668227 49570.669800321601 39.484128601849079 19.817218452692032 4611.6398566919379 320.44042502553202 66.521569401025772 843.14331179922738 1407.9038987476379 693.54164430918172 24780.607118401356 34.804630488157272 140.63490675389767 403.66412773728371 116.26857858896255 299.10162889957428 374.92012197524309 263.1537683904171 459.35550078749657 1067.6501217260957 206.03621149808168 359.88293427973986 930.04505930840969 121.11104264110327 309.58183755353093
leaf_count=38049 282998 83503 824813 205438 3354 313749 915836 48 13 29641 2154 20 54645 8827 2782 292791 43 96 188 135 99 244 187 321 1325 379 491 1159 98 503
internal_value=0 -0.000455125 -0.00129596 0.00515512 0.0010841 0.000961251 -0.0021788 0.00296983 0.00308629 0.0061698 -0.000363627 0.00182855 -0.00442101 -0.000291435 0.000354014 0.0002306 0.0013832 -0.000442885 0.00439727 -0.010119 0.00648921 -0.000357885 0.0116929 0.0158255 -0.00161759 0.00229323 -0.0028753 0.00257745 0.0101305 -0.0120957
internal_weight=215301 197838 127948 17462.7 69890.4 69139.5 65712.7 16044.7 16005.2 4631.46 62234.8 11373.8 13147.8 61914.4 53094.7 52401.2 24815.4 60506.5 2057.1 256.903 1800.2 778.584 1021.61 758.457 52565 2994.31 1805.55 1136.08 1188.76 669.465
internal_count=3063929 2820442 2094498 243487 725944 722590 1257434 113225 113177 29654 837064 83523 337643 834910 609365 606583 292834 826083 1270 231 1039 432 607 420 919791 3955 2532 1538 1423 994
is_linear=0
shrinkage=0.03


Tree=117
num_leaves=31
num_cat=0
split_feature=88 20 26 88 12 3 7 7 7 3 19 27 62 73 82 21 67 82 70 78 69 70 7 9 71 36 14 7 67 71
split_gain=544.026 278.734 114.011 106.411 103.121 91.6406 99.369 114.357 109.15 83.2489 77.1694 70.5571 69.1015 71.9806 68.0123 74.0832 70.1876 238.797 105.689 94.7868 74.6817 74.3075 67.5596 72.588 67.2322 67.0979 69.42 65.9226 62.2655 106.594
threshold=0.04612186178565026 0.2834331095218659 0.31061333417892462 0.021251542493700985 0.56247621774673473 0.17349133640527728 -0.4054999947547912 0.43955877423286444 -0.56604987382888783 0.02362634148448706 1.2459200620651247 1.0377557873725893 0.13707285374403003 -0.084936104714870439 -0.19470949470996854 1.1550007462501528 1.8042750954627993 -0.88986855745315541 2.4959869384765629 0.013769337441772224 1.881867587566376 2.3433465957641606 0.39364889264106756 1.0000000180025095e-35 3.1422135829925542 0.65692242980003368 0.50316895544528972 0.23264062404632571 0.60425361990928661 2.3529926538467412
decision_type=2 2 2 2 2 2 2 2 2 2 2 2 2 2 2 2 2 2 2 2 2 2 2 2 2 2 2 2 2 2
left_child=3 2 5 -1 9 28 8 14 -7 10 22 25 24 -14 15 16 18 19 21 -18 -21 -8 23 -3 -4 26 -11 -23 -2 -30
right_child=1 4 12 -5 -6 6 7 -9 -10 11 -12 -13 13 -15 -16 -17 17 -19 -20 20 -22 27 -24 -25 -26 -27 -28 -29 29 -31
leaf_value=0.010476747447459125 -0.0013310471550225737 0.0025409377503026673 -0.00031960717784280409 0.0041239636004973346 0.01594286877291947 -0.010933231887401454 -0.0036656997831623203 -0.00019538511066655466 0.0012095142985465573 -0.0011129587224688563 -0.037840494421000508 0.0096091084818793662 0.013691995542706573 0.0018453916661813124 -0.0067715149911386843 -0.033404558251112215 -0.021648071402960455 0.016357579693849919 -0.016882267309932728 0.022073038899391991 -0.017506256015926046 0.023146006742060715 -0.00059711121210239348 0.007540754612054828 -0.03153595454188092 0.0017664080910614946 0.0023489327573808058 -0.0073788752945726961 0.016036517422187105 0.00086596981877932208
leaf_weight=2874.9589941513987 32958.747732350777 8825.5696708884789 44285.374127446194 13625.821077813525 413.67306735087186 728.52236910353531 18166.548057125328 7182.0642402693047 7358.7499684590584 28442.603035099804 37.799416085705161 738.08405570988543 610.03047677129507 1871.1213062554598 8033.0203246399906 70.386844558641315 308.37801771238446 612.38680372200906 537.84332169219851 101.43921132013202 68.50945470482111 171.15943406149745 3678.4829115495086 3716.2007440446177 58.185980051755905 18263.795882243969 6378.453703744919 97.298229798674583 457.71480669826269 4304.8015486262739
leaf_count=49667 529294 62826 623709 181967 1947 28268 381756 163372 146354 342317 49 2974 236 886 214861 233 569 840 1063 117 118 191 29548 23128 66 227310 45075 208 348 4632
internal_value=0 -0.000435183 -0.00126957 0.00523336 0.00107955 -0.00194967 -0.0028891 -0.00357537 0.000110244 0.000990849 0.00287193 0.000422385 -9.06316e-05 0.00477723 -0.00443689 -0.00350404 -0.00339228 0.0039953 -0.00381797 -0.0118268 0.00605635 -0.00343299 0.00297639 0.0040247 -0.00036351 0.000293855 -0.00047849 0.0121203 -0.000867598 0.00233716
internal_weight=214978 198477 127982 16500.8 70494.7 81157.6 43436.3 35349 8087.27 70081 16258.1 53822.9 46824.7 2481.15 28167 20133.9 20063.6 1090.71 18972.8 478.327 169.949 18435 16220.3 12541.8 44343.6 53084.9 34821.1 268.458 37721.3 4762.52
internal_count=3063929 2832295 2097121 231634 735174 1472224 937950 763328 174622 733227 115551 617676 624897 1122 599956 385095 384862 1644 383218 804 235 382155 115502 85954 623775 614702 387392 399 534274 4980
is_linear=0
shrinkage=0.03


Tree=118
num_leaves=31
num_cat=0
split_feature=17 33 19 16 5 12 40 86 26 7 7 82 16 83 69 3 61 74 67 69 22 78 78 77 64 69 83 20 83 82
split_gain=549.115 181.545 152.804 143.575 98.6992 80.685 78.0984 77.8475 73.6891 73.1998 79.2413 73.1471 71.6151 71.3438 66.813 62.7945 141.208 119.271 88.4393 72.8718 72.3953 65.0397 104.755 78.4382 64.7215 83.6064 61.9606 61.7357 81.802 77.301
threshold=0.58756005764007579 1.0000000180025095e-35 0.39170669019222265 1.0000000180025095e-35 1.072022616863251 0.53458327054977428 0.68376818299293529 0.01763224042952061 1.0000000180025095e-35 0.58516743779182445 0.043919352814555175 -0.21202038973569867 0.63123199343681347 0.012944115791469814 0.95399883389472973 0.20209552347660067 0.18027425557374957 -0.13201255351305005 1.9979435205459597 2.3697669506073002 1.0365991592407229 -0.023927947506308552 2.4025206585065465e-05 -0.9535999298095702 0.34536741673946386 0.26460513472557073 -0.0044602144043892613 0.88998934626579296 -1.0000000180025095e-35 -0.88986855745315541
decision_type=2 2 2 2 2 2 2 2 2 2 2 2 2 2 2 2 2 2 2 2 2 2 2 2 2 2 2 2 2 2
left_child=1 3 -2 4 13 7 -3 -5 9 10 -6 -12 -4 15 -10 16 -1 -18 -19 20 21 -17 23 -23 25 -25 -27 -9 29 -29
right_child=2 6 12 5 8 -7 -8 27 14 -11 11 -13 -14 -15 -16 19 17 18 -20 -21 -22 22 -24 24 -26 26 -28 28 -30 -31
leaf_value=-0.0013602398229166153 0.0021755642709780326 0.0012102618125950342 0.0047943358802365081 0.008640469056737007 -0.00089096065942192732 0.017187686528729724 0.011492395658502044 -0.00060811347560122092 0.0017277295248898092 0.0022212089408876856 -0.0047716702437930513 -0.0098863809922597468 0.010660604722906707 0.0013113185885649625 0.03824855031861131 -0.00032095111286634885 0.031747778085605936 0.011795554993969289 -0.0087558580485889281 -0.030443865962370403 -0.017458905056746733 -0.001929599900386759 -0.001836281339345153 -0.009559442246784915 -0.027759215145898263 0.025166317188975537 -0.005838719086588862 0.026284577098820618 -0.00070606084682492106 0.0027273927764233548
leaf_weight=14082.753111877959 32276.285583928082 27713.737750308326 5905.4765185950964 840.6898579022818 2719.5956966337253 230.82705959677696 677.39529766165651 82945.271818346126 997.77981784718577 1206.7197703161801 7012.1453377664438 3941.7439780385903 2752.7915940293169 6626.5727183948329 43.271214284002781 6809.4253136474872 183.45776751637459 590.69484221190214 272.20256838202477 83.26323139667511 302.05278976587579 1934.7402500908938 9238.0994752498373 3720.1447751112282 160.47658516466618 107.64997327327728 117.85669818520546 268.19699810585007 642.95582402078435 235.17209970671684
leaf_count=256130 480645 350864 62767 11394 90491 945 6334 829934 29140 32810 180070 133641 42384 118021 29 125497 103 515 291 151 2151 31576 172219 101286 312 83 204 670 2133 1139
internal_value=0 -0.000736623 0.00312561 -0.00116533 -0.00228735 -0.00037273 0.00145733 -0.000421315 -0.00431276 -0.00485278 -0.00547787 -0.00661554 0.00666403 -0.00155784 0.00339061 -0.00206366 -0.000568894 0.0100421 0.0052969 -0.00306944 -0.00296202 -0.00276045 -0.00384701 -0.00691796 -0.00926313 -0.00848237 0.00912318 -0.000512369 0.00638959 0.0153959
internal_weight=214639 173705 40934.6 145314 60150.6 85163.1 28391.1 84932.3 15921.3 14880.2 13673.5 10953.9 8658.27 44229.4 1041.05 37602.8 15129.1 1046.36 862.897 22473.7 22390.4 22088.4 15279 6040.87 4106.13 3945.65 225.507 84091.6 1146.32 503.369
internal_count=3063929 2478133 585796 2120935 1274720 846215 357198 845270 466181 437012 404202 313711 105151 808539 29169 690518 257039 909 806 433479 433328 431177 305680 133461 101885 101573 287 833876 3942 1809
is_linear=0
shrinkage=0.03


Tree=119
num_leaves=31
num_cat=0
split_feature=17 56 15 26 3 13 87 88 52 2 4 48 9 88 69 69 67 63 26 63 70 85 79 77 70 88 79 77 60 65
split_gain=533.077 175.628 147.761 93.7392 90.6099 88.0581 74.3015 71.4988 68.3061 66.2816 62.4006 60.6761 59.4757 58.9898 57.2978 132.266 60.1108 56.3382 69.7895 72.8046 67.1051 57.1073 66.9038 55.2391 56.0071 52.8732 50.982 49.9008 71.6705 119.653
threshold=0.58756005764007579 1.0000000180025095e-35 0.46720869839191442 0.22396993637084964 0.050006855279207237 0.42514967918396002 0.53284454345703136 0.021251542493700985 0.24964435398578647 -0.95679354667663563 0.73137298226356517 1.2031514048576357 0.29957322776317602 0.17352695018053058 1.1637988686561587 0.35190284252166754 0.62299692630767833 0.16193460673093799 0.50316895544528972 0.66555422544479381 2.483121514320374 0.019738129340112213 -0.035770766437053673 -0.43558606505393976 2.5312846899032597 0.021251542493700985 0.010852317791432144 -0.18549010902643201 0.030517508275806907 0.51335844397544872
decision_type=2 2 2 2 2 2 2 2 2 2 2 2 2 2 2 2 2 2 2 2 2 2 2 2 2 2 2 2 2 2
left_child=1 3 7 6 12 11 13 -2 10 -7 17 27 14 -1 15 16 25 20 19 23 -5 -22 -23 -19 -25 -3 -9 28 29 -6
right_child=2 4 -4 8 5 9 -8 26 -10 -11 -12 -13 -14 -15 -16 -17 -18 18 -20 -21 21 22 -24 24 -26 -27 -28 -29 -30 -31
leaf_value=-0.00082312615823495951 0.0095833017809534432 0.010174599095571444 0.0090143711341574128 -0.0010549668972492576 2.0182019966280583e-05 0.025202889195360373 -0.013063123595589194 0.0027203400787860518 0.002154570361482408 0.0032699689906932239 -0.0089409691724041656 -0.015476262207777723 0.0083602501432241509 -0.003140449397852386 -0.017838855274996887 0.024475473978780787 -0.032402601581644853 0.017027288554935394 -0.014719016779734518 -0.0059876535058764058 -0.031023042005346866 -0.023532324869647205 0.014646886410970473 -0.011972307242053944 0.011794299915821784 0.001277069428195521 -0.00064043221677696695 -0.0017947311436186781 -0.012222930832992805 0.01303856212962351
leaf_weight=14325.651747448741 1247.7457524001802 619.70478225957777 3454.5400735760486 36737.028512422607 37767.006965195964 124.14773061778396 594.82130925578531 31551.398899183871 6663.5001029520063 4037.4235990208108 895.47532203665469 240.6898365287343 1272.1579506222624 31969.914532906412 130.68543642759323 224.60817760229111 42.92527674138546 581.17957733571529 140.33183693885803 280.83731041103601 119.81081208586693 75.119007654488087 82.498234182596207 147.21088556200266 213.72113081812859 16812.4033650161 4658.6880675572902 18321.755144478506 415.85970754921436 642.29542065411806
leaf_count=181215 21728 10107 44743 454236 562270 306 49774 434210 65313 24532 12705 6417 6918 616984 89 71 29 307 78 190 68 103 74 93 115 148720 85115 336279 523 617
internal_value=0 -0.000726483 0.00308024 -0.0016162 0.000297528 -0.000262627 -0.00255977 0.00253194 -0.000652808 0.00394892 -0.00112942 -0.000568368 0.00210229 -0.00242361 0.00165377 0.00180194 0.00150473 -0.000946124 0.0050338 0.00734467 -0.00116701 -0.0157622 -0.00365323 0.0113322 0.00206347 0.00159589 0.00228781 -0.000504422 0.000104487 0.000239333
internal_weight=214391 173479 40912.4 92827.1 80651.7 61549.2 46890.4 37457.8 45936.7 4161.57 39273.2 57387.6 19102.5 46295.6 17830.3 17699.6 17475 38377.7 1363.28 1222.95 37014.5 277.428 157.617 942.112 360.932 17432.1 36210.1 57146.9 38825.2 38409.3
internal_count=3063929 2478133 585796 1381255 1096878 930944 847973 541053 533282 24838 467969 906106 165934 798199 159016 158927 158856 455264 783 705 454481 245 177 515 208 158827 519325 899689 563410 562887
is_linear=0
shrinkage=0.03


Tree=120
num_leaves=31
num_cat=0
split_feature=17 88 86 26 59 68 78 69 5 7 71 4 5 64 3 3 7 15 74 86 74 11 7 70 17 63 71 88 27 84
split_gain=520.999 174.766 147.419 135.087 84.7586 75.9455 93.7877 141.318 112.604 83.0778 171.668 79.3566 76.142 74.1719 140.812 77.6918 72.6759 73.8046 70.6731 70.2173 69.4989 67.123 65.5568 67.4445 63.733 62.8901 83.9786 62.2281 61.0138 64.0994
threshold=0.53458327054977428 0.039253270253539092 0.13929654657840732 0.42514967918396002 0.37446653842926031 2.8730119466781621 -0.0062803719192743293 2.036590695381165 1.141775965690613 0.23763798177242282 4.767287254333497 0.20707555115222934 1.3411182165145876 0.81353873014450084 0.057981379330158241 0.20209552347660067 -0.065206006169319139 1.0000000180025095e-35 -1.1888568401336668 0.01763224042952061 0.31226071715354925 0.31061333417892462 0.05169916711747647 3.6859542131423955 0.42514967918396002 0.38573461771011358 3.9899277687072758 0.51257622241973888 1.1000917553901675 0.0071035833097994336
decision_type=2 2 2 2 2 2 2 2 2 2 2 2 2 2 2 2 2 2 2 2 2 2 2 2 2 2 2 2 2 2
left_child=2 -2 19 4 5 11 8 -8 27 10 -9 13 -10 15 -15 25 17 -3 -5 -1 -16 -18 -13 24 -24 26 -4 -7 29 -21
right_child=1 16 3 18 -6 6 7 9 12 -11 -12 22 -14 14 20 -17 21 -19 -20 28 -22 -23 23 -25 -26 -27 -28 -29 -30 -31
leaf_value=0.0091265656624064974 0.0061610593404007727 0.0015487457511338862 -0.002052027382148696 0.017301004007523314 3.0290106662177566e-06 -0.025601341858995052 0.01551995865827214 -0.039463081960067481 0.021756146036375299 0.0058654358501372943 0.014812114243862145 0.00021294606619861738 -0.023824109471482131 -0.050734302819123743 -0.0050395293892962776 -0.0052460667889732641 0.0013164739245575083 0.011834527376521357 -1.4406213685493945e-05 0.0010909209206198191 -0.039526327570703429 0.013009669980033011 -0.0032208557116348165 0.038018434127443927 0.00078825892648233715 0.021447915408290125 -0.04817022742124747 0.0050326552327559868 0.015117393283187053 -0.0020273716561881993
leaf_weight=875.59830494881317 9479.1286907813919 1264.8262946513714 12499.018634369073 209.36186621664092 14325.858771012849 240.02261319756508 803.63026771694422 132.00068869441748 138.84709246084094 283.51131795346737 82.460646253079176 10352.816807752359 39.220012500882149 78.030539736151695 519.9824675116688 13893.377721235171 45207.81380319639 1247.6466322913766 37090.297533755918 28586.929413520265 54.843157827854156 442.3395500248298 24135.321552464506 32.789589032530785 4184.1528080480639 98.171213075518608 31.65542571246624 77.146378971636295 252.87908635800704 7481.7793385579571
leaf_count=11466 139733 19624 123695 1164 233898 453 774 252 191 244 124 208484 198 73 1124 271109 603179 11436 439406 296404 164 2302 532027 15 53967 57 53 101 590 111622
internal_value=0 0.00243815 -0.000898054 -0.00141218 -0.00209299 -0.00253672 0.00354175 0.0077657 -0.0075241 -0.00476313 -0.0186845 -0.00270278 0.0113893 -0.00394552 -0.0139106 -0.00369799 0.00170488 0.00666895 8.45088e-05 0.00075077 -0.00858804 0.00143101 -0.00182981 -0.00257581 -0.00262833 -0.00199343 -0.00218423 -0.0181662 0.00054775 0.000443812
internal_weight=214141 57641.8 156500 119303 82002.9 67677 1796.84 1301.6 495.236 497.973 214.461 65880.2 178.067 27175.1 652.856 26522.2 48162.6 2512.47 37299.7 37197.2 574.826 45650.2 38705.1 28352.3 28319.5 12628.8 12530.7 317.169 36321.6 36068.7
internal_count=3063929 776274 2287655 1867573 1427003 1193105 2337 1394 943 620 376 1190768 389 396275 1361 394914 636541 31060 440570 420082 1288 605481 794493 586009 585994 123805 123748 554 408616 408026
is_linear=0
shrinkage=0.03


Tree=121
num_leaves=31
num_cat=0
split_feature=88 16 26 88 12 19 65 9 82 12 87 66 64 82 7 6 7 1 88 7 19 2 83 69 87 18 2 65 21 88
split_gain=508.683 250.851 106.01 105.94 94.1409 80.1489 73.1012 67.2888 66.8781 64.8046 59.6396 55.3495 85.074 83.4763 57.2791 55.1505 196.405 51.5578 50.4732 50.1535 49.7921 49.7553 51.1362 55.8216 55.9744 49.7382 49.6215 54.2719 49.6094 48.4279
threshold=0.048832373693585403 0.22396993637084964 1.0000000180025095e-35 0.01872641779482365 0.56247621774673473 0.52258238196372997 2.7560548782348637 0.66995003819465648 -0.57968145608901966 0.22396993637084964 0.6293742060661317 0.48009127378463751 0.927198886871338 0.81461644172668468 -0.37151309847831721 0.029085938818752769 0.25045758485794073 0.12791126221418384 0.91400015354156505 0.44669444859027868 0.39170669019222265 -0.24295600503683087 -0.019021786749362942 0.24787107110023501 0.24780060350894931 0.22396993637084964 0.07721389085054399 0.0016875648871064188 1.4237452149391177 0.17352695018053058
decision_type=2 2 2 2 2 2 2 2 2 2 2 2 2 2 2 2 2 2 2 2 2 2 2 2 2 2 2 2 2 2
left_child=3 2 8 -1 5 6 7 15 17 29 11 14 13 -13 -10 16 18 -2 -3 21 28 -16 23 -23 -25 26 -24 -28 -5 -4
right_child=1 4 9 20 -6 -7 -8 -9 10 -11 -12 12 -14 -15 19 -17 -18 -19 -20 -21 -22 22 25 24 -26 -27 27 -29 -30 -31
leaf_value=0.011081185127379524 -0.00044423398485369094 -0.00036549937407616651 0.00030992719987411389 0.0029014565521219659 0.014933066656254242 0.004216095269693021 -0.037619027793189957 0.010574496572356384 0.00043695078716500388 0.0040844703001808062 -0.01849703409371771 0.0031842941137967492 -0.0070818612103793485 0.029914146776022162 -0.01382420679905041 0.00016216703108833274 0.010933229105449836 -0.0041396448624497692 0.018647764545448559 -0.0015326791126776408 0.0068959372185389053 -0.0027732228122272313 -0.006777506168965026 -0.00086031530512003021 0.034335810115354082 -0.0051970937993062591 -0.01362384299735628 -0.037332007738867627 0.037995280041441835 -0.0013626210894464653
leaf_weight=2131.3154952527548 11289.734376267297 5740.7242915866664 20806.260122951135 12076.989061440647 420.36307434272021 5626.2782810584758 41.239142239093781 591.10702931508422 1737.2471458607615 2370.34768056951 261.23456515456201 345.96852304972708 405.23350424692035 148.08039812743664 754.91518862145313 65908.534205985605 1997.9461444831686 4859.7215530672111 124.46664890926331 2358.6700410300982 3933.4142229371791 470.78863947861828 904.43517284467816 76.84481342881918 81.355696590617299 5805.9218764160469 510.32488640195515 104.27070267498493 32.413883694447577 61965.57356025849
leaf_count=38049 237949 61278 290570 166922 2016 41820 47 3060 50192 24424 24603 696 1067 170 32171 703565 9249 121021 713 63033 50550 18278 27393 108 96 143417 23535 360 94 927483
internal_value=0 -0.000445878 -0.00134321 0.00480047 0.000839627 0.000764802 0.000503549 0.000526774 -0.002873 -0.000801967 -0.00439327 -0.00411877 0.00306175 0.0113809 -0.00462421 0.000445635 0.00281979 -0.00155729 4.9653e-05 -0.00541893 0.00396323 -0.00646976 -0.00576458 0.00242581 0.0176122 -0.00646943 -0.0113031 -0.0178688 0.00300828 -0.000942146
internal_weight=213882 195708 115257 18174.1 80450.7 80030.3 74404 74362.8 30114.7 85142.2 13965.3 13704.1 899.282 494.049 12804.8 73771.7 7863.14 16149.5 5865.19 11067.5 16042.8 8708.86 7953.94 628.989 158.201 7324.95 1519.03 614.596 12109.4 82771.8
internal_count=3063929 2808314 1986566 255615 821748 819732 777912 777865 744089 1242477 385119 360516 1933 866 358583 774805 71240 358970 61991 308391 217566 245358 213187 18482 204 194705 51288 23895 167016 1218053
is_linear=0
shrinkage=0.03


Tree=122
num_leaves=31
num_cat=0
split_feature=17 17 19 55 71 60 72 4 82 87 79 5 71 2 26 86 7 85 7 7 82 63 22 86 2 79 67 69 69 5
split_gain=507.327 180.231 124.283 94.4233 85.503 115.331 93.8909 95.7358 105.42 87.4305 176.64 109.903 119.673 83.5239 80.7315 85.2038 75.2886 79.0278 153.046 112.702 74.2272 74.0295 130.939 82.1451 90.9234 73.8894 73.119 71.0245 80.2474 70.9417
threshold=0.61035025119781505 0.37446653842926031 0.40690016746521002 0.50316895544528972 1.9226946234703066 9.1074420227599272e-10 -0.23221001029014585 0.3114724606275559 -0.99999728798866261 0.13617445528507235 -0.2724777609109878 1.0369305014610293 2.6976190805435185 0.16675524413585666 0.50316895544528972 0.070266589522361769 -0.4054999947547912 0.20007556676864627 0.27240583300590521 0.16147238016128543 -0.99761614203453053 0.0056000850163400182 0.24964435398578647 0.20364195108413699 -1.0000000180025095e-35 -0.04391533508896827 2.0298625230789189 1.1259234547615053 0.2270840182900429 1.025986433029175
decision_type=2 2 2 2 2 2 2 2 2 2 2 2 2 2 2 2 2 2 2 2 2 2 2 2 2 2 2 2 2 2
left_child=1 3 -2 4 5 14 7 8 -6 10 -9 12 -11 26 15 -1 -17 -18 19 -19 -7 22 23 -10 -25 -14 27 28 -12 -21
right_child=2 -3 -4 -5 6 20 -8 9 21 11 13 -13 25 -15 -16 16 17 18 -20 29 -22 -23 -24 24 -26 -27 -28 -29 -30 -31
leaf_value=0.0027712188040633361 0.0024379739356498657 0.00046607353835532284 0.0069309970304816263 0.0016055560004844601 0.016685981819641524 0.013889156316256123 0.032561206534580514 -0.019063711376783053 -0.011795576964236471 0.030337775461078187 0.01689830733460965 0.031562539816292236 -0.03221662711278156 0.021984543557501134 -8.1010041009444862e-05 -0.00064220568188406264 -0.0024756296948943149 -0.0035756923732825742 -0.00089579037084426408 -0.0079149931354875053 -0.024190619750384137 -3.4316484169666126e-05 -0.027032587937230526 -0.010856102003555804 0.0075950401852939702 0.0062874398299964749 -0.016270494021718547 0.016223263543961287 -0.0043437959773313991 -0.015522806344635834
leaf_weight=2700.79325564186 27028.933236919227 76571.439212435012 6971.2748962836049 8330.8562922652927 290.34981136023998 51.011071801185608 78.698224240913987 279.58170536160469 687.27447003498673 92.887088105082512 209.56940233707428 236.12408056668937 77.315592296421528 261.58811254054308 16159.876212464907 13168.603981073167 37352.043033610469 3701.0962769694816 4870.2678237304499 3280.9352315811848 314.85401671379805 6591.757424489595 243.93447354435921 356.27918317914009 718.05024746805429 97.328382387757301 145.0397010743618 404.9158998504281 634.6377668865025 1677.9124133903097
leaf_count=27575 415059 851531 89002 132278 187 71 72 307 1060 77 199 257 136 125 217003 241122 620338 127797 158660 74246 1165 9734 493 1115 1100 84 160 211 581 92184
internal_value=0 -0.000636206 0.00336005 -0.00145558 -0.00172502 -0.00205866 0.000710525 0.000477411 -0.00096752 0.00573753 0.00282162 0.0168227 0.00352343 0.00655682 -0.00198393 -0.0024445 -0.00266466 -0.00318791 -0.0051526 -0.00754455 -0.0187764 -0.00157172 -0.00661247 -0.00372745 0.00145435 -0.011073 0.00360427 0.00596015 0.000978946 -0.0105006
internal_weight=213585 179585 34000.2 103014 94682.7 83277.4 11405.3 11326.6 8887.65 2438.99 1935.33 503.655 267.531 1655.75 82911.5 66751.7 64050.9 50882.3 13530.2 8659.94 365.865 8597.3 2005.54 1761.6 1074.33 174.644 1394.16 1249.12 844.207 4958.85
internal_count=3063929 2559868 504061 1708337 1576059 1560161 15898 15826 13689 2137 1583 554 297 1276 1558925 1341922 1314347 1073225 452887 294227 1236 13502 3768 3275 2215 220 1151 991 780 166430
is_linear=0
shrinkage=0.03


Tree=123
num_leaves=31
num_cat=0
split_feature=17 33 16 15 6 4 36 12 66 60 7 88 32 40 58 88 1 5 61 78 88 83 84 77 5 74 7 74 7 6
split_gain=493.414 174.616 136.721 125.768 110.784 102.427 88.0541 84.2933 79.0516 116.124 74.4763 67.6261 60.644 60.3437 79.5912 58.512 58.3127 66.8794 67.2926 68.3935 96.0151 104.469 101.975 125.404 83.1994 67.4452 64.2168 84.4652 58.0008 79.5701
threshold=0.61035025119781505 1.0000000180025095e-35 1.0000000180025095e-35 0.46720869839191442 0.02682175021618605 0.20707555115222934 0.90452465415000927 0.37446653842926031 0.48009127378463751 0.044438350945711143 0.25045758485794073 0.036271719262003906 0.75453233718872081 0.80670574307441723 0.91905513405799877 0.021251542493700985 -0.17454560846090314 1.2656883001327517 0.00036686476960312581 -0.18235000222921369 0.49381861090660101 -0.0013840519823133943 -0.2632549107074737 -0.89922618865966786 0.6084289848804475 0.2282061651349068 0.22899880260229113 -0.17997188121080396 -0.4054999947547912 0.087592232972383513
decision_type=2 2 2 2 2 2 2 2 2 2 2 2 2 2 2 2 2 2 2 2 2 2 2 2 2 2 2 2 2 2
left_child=1 2 5 15 10 16 8 11 9 28 -3 -4 -9 -6 -15 -2 -1 18 -18 -20 21 -21 23 -22 -23 26 -26 -28 -7 -30
right_child=3 4 7 -5 13 6 -8 12 -10 -11 -12 -13 -14 14 -16 -17 17 -19 19 20 22 24 -24 -25 25 -27 27 -29 29 -31
leaf_value=-0.00703871775389712 0.0093531418966593689 0.0032707021472445827 0.0051018126130898313 0.0090165237817158485 0.00065396525645053307 0.0013943370422201606 -0.0083399382364000747 0.0079308615798115243 0.0055108599843537304 -0.024371550435729687 0.012694407385291134 -0.00056130508784305077 -0.0094357325568755618 0.022743444690592043 -0.006738896929833202 0.0024707507049239763 -0.0034545462093059998 -0.0094182012671064855 -0.02949581515827843 -0.010381606600789121 0.023378563627191821 0.027725958733469065 0.024303458471306168 -0.027720201787774169 0.013681069946151529 -0.022249408766627239 -0.026084685761744511 0.0026288192733295735 -0.0043222741368156318 -0.00081642251781335288
leaf_weight=4243.2305666968459 1152.2456743872608 2107.1286445075093 1936.7115562081162 3154.8001570911583 26205.137020177746 6548.414828899884 1528.604786646727 1646.8059817225439 1601.0427352339029 191.1476518586278 1177.2693343983265 85584.5836084248 199.62993200588971 241.62594094220549 121.44405424455181 29683.341865437091 11470.075982793584 1358.4250796065317 57.316708702594042 632.85277770832181 75.55987885966897 119.35698792338371 320.79115307144821 90.716277558356524 401.8545031324029 92.126879226416349 100.37838672846556 786.09829106926918 7835.1564360476041 22722.992830251256
leaf_count=92700 20393 25273 27583 41943 341945 130123 58042 7001 2044 429 4384 865689 1384 1524 1929 441725 252541 31793 147 1231 88 78 363 267 414 207 265 1225 152235 558964
internal_value=0 -0.000627952 -0.00104615 0.00331393 0.00146669 -0.00215155 -0.0012861 -0.000301714 -0.00100796 -0.00128847 0.00666126 -0.00043571 0.00603448 0.00082345 0.0129036 0.00272925 -0.00392235 -0.00306764 -0.00245504 0.00182452 0.00255541 -0.000195987 0.0145153 -0.00446955 0.00411506 0.00199616 0.00379692 -0.00072001 -0.00116683 -0.00171592
internal_weight=213387 179396 149544 33990.4 29852.6 60176.1 40427.4 89367.7 38898.8 37297.7 3284.4 87521.3 1846.44 26568.2 363.07 30835.6 19748.8 15505.6 14147.1 2677.05 2619.74 2132.67 487.067 166.276 1499.82 1380.46 1288.33 886.477 37106.6 30558.1
internal_count=3063929 2559868 2184813 504061 375055 1283156 901837 901657 843795 841751 29657 893272 8385 345398 3453 462118 381319 288619 256826 4285 4138 3420 718 355 2189 2111 1904 1490 841322 711199
is_linear=0
shrinkage=0.03


Tree=124
num_leaves=31
num_cat=0
split_feature=17 56 16 6 7 7 20 86 7 13 2 36 26 21 6 18 70 82 7 7 64 28 2 64 65 36 7 86 6 62
split_gain=482.171 164.147 132.976 88.8411 171.416 106.59 83.1086 76.9901 81.2431 82.2405 87.4126 80.9523 76.2464 101.398 74.1679 71.5153 98.2051 76.1765 71.2144 77.7344 68.75 66.1593 64.876 61.4723 69.72 56.8029 56.3778 54.8506 53.2203 52.0592
threshold=0.58756005764007579 1.0000000180025095e-35 0.61035025119781505 0.038208844140172012 0.25045758485794073 0.16414991766214374 1.0456365942955019 0.18274933844804767 0.37795858085155493 0.31061333417892462 -0.5323810577392577 1.0919656753540041 0.22396993637084964 0.99920111894607555 0.40730699896812445 0.22396993637084964 3.2469646930694585 -0.89371076226234425 0.22727322578430179 -0.42511934041976923 1.0000000180025095e-35 0.24964435398578647 -0.1357171684503555 2.0331231355667119 1.3674339056015017 0.55829170346260082 -0.42511934041976923 0.13929654657840732 0.23669897019863131 0.86363145709037792
decision_type=2 2 2 2 2 2 2 2 2 2 2 2 2 2 2 2 2 2 2 2 2 2 2 2 2 2 2 2 2 2
left_child=1 6 -2 4 5 26 12 -5 9 11 -11 18 15 21 -10 16 27 -18 19 28 -6 29 -20 24 -21 -23 -3 -1 -9 -14
right_child=2 3 -4 7 20 -7 -8 8 14 10 -12 -13 13 -15 -16 -17 17 -19 22 23 -22 25 -24 -25 -26 -27 -28 -29 -30 -31
leaf_value=0.0027480911874419259 0.0021652609208079707 0.0099091064554128645 0.0067479871609501555 0.00096591058219259486 0.010600114491178678 -0.0033986596462327614 0.011167652891416325 -0.013647730267467186 0.00058232672164456635 0.021006017499942395 0.001093372646333227 -0.008278267409113289 -0.0012093769578161227 -0.018177878570187194 0.013834851159877199 -0.0018711451886117116 -0.016585914865838835 0.016901761392894118 -0.01076068307102233 -0.00036864209751949728 -0.043278125411088469 0.005239917367551819 -0.0030352550588871128 0.031213766320993652 -0.026991531837453935 -0.0013682095901316556 0.002026461313223833 -0.006035785879715783 -0.0010196880305496324 0.0055516017204558909
leaf_weight=688.29067313071573 33815.768887478305 959.83226074071717 6853.554340325034 31632.436444554871 2249.4237356137019 3330.8474721063394 455.70240858988836 704.05311046430143 11079.996728059545 207.74164133658633 3174.2384492410347 2100.4532066353568 39276.129535469081 294.43316628085449 389.64661088291905 36618.581223101035 72.961715627461672 300.2468720395118 1377.4773076175479 13553.302370446836 17.629934865050018 2987.4313384457491 3379.8409169098595 51.077649861574173 85.120412975549698 1919.7816945206141 5390.5585136729351 8590.716451546803 524.27061872198828 1048.3395746275783
leaf_count=6749 479686 9497 106110 403741 10199 45334 577 18080 155098 730 24279 56594 485713 1039 2814 588904 154 409 32686 201974 147 25098 53177 20 198 20617 72321 251458 9989 537
internal_value=0 -0.000692941 0.00293824 0.000299607 0.0026856 0.000944589 -0.00155593 -0.000118107 -0.00105443 -0.0020084 0.00234123 -0.00268445 -0.00161962 -0.000747735 0.0010376 -0.00247724 -0.00477444 0.0102366 -0.00208549 -0.00106522 0.0101037 -0.000632578 -0.00528025 -0.000415095 -0.000542997 0.00265479 0.00322408 -0.00538283 -0.00828231 -0.00103296
internal_weight=213130 172461 40669.3 80207.9 11948.3 9681.24 92252.6 68259.7 36627.2 25157.6 3381.98 21775.6 91796.9 45526.1 11469.6 46270.8 9652.22 373.209 19675.1 14917.8 2267.05 45231.7 4757.32 13689.5 13638.4 4907.21 6350.39 9279.01 1228.32 40324.5
internal_count=3063929 2478133 585796 1096878 137498 127152 1381255 959380 555639 397727 25009 372718 1380678 533004 157912 847674 258770 563 316124 230261 10346 531965 85863 202192 202172 45715 81818 258207 28069 486250
is_linear=0
shrinkage=0.03


Tree=125
num_leaves=31
num_cat=0
split_feature=88 20 4 70 87 79 68 3 39 88 13 3 67 68 1 79 68 68 77 83 83 36 27 83 3 60 9 69 70 63
split_gain=476.37 225.717 102.734 104.916 101.975 121.781 94.2797 93.1505 102.276 91.7739 86.4625 79.9536 71.4527 88.725 70.4287 103.829 80.1647 75.3752 68.7911 73.1263 94.891 64.3509 66.8481 104.232 74.0576 62.9116 61.831 61.6287 64.2603 60.8785
threshold=0.04612186178565026 0.2834331095218659 0.3114724606275559 0.49554401636123663 0.13617445528507235 -0.35366845130920405 0.74058586359024059 0.17349133640527728 0.50316895544528972 0.01872641779482365 0.63123199343681347 0.02362634148448706 1.2480369210243227 2.6044566631317143 0.13902067393064502 -0.21630458533763883 2.3003178834915166 1.4524181485176089 -0.9303552210330962 -0.016863464377820488 0.0040282311383634814 0.65692242980003368 1.1258637309074404 -6.9725444973300899e-07 0.14920693635940555 0.33167733252048498 1.0000000180025095e-35 1.8327026367187502 1.7960407733917239 0.9807710349559785
decision_type=2 2 2 2 2 2 2 2 2 2 2 2 2 2 2 2 2 2 2 2 2 2 2 2 2 2 2 2 2 2
left_child=9 2 7 -4 5 -5 -7 -2 18 -1 11 26 -6 -14 15 -8 17 -16 -9 -20 29 22 -13 -24 -25 -22 27 28 -3 -21
right_child=1 10 3 4 12 6 14 8 -10 -11 -12 21 13 -15 16 -17 -18 -19 19 20 25 -23 23 24 -26 -27 -28 -29 -30 -31
leaf_value=0.010774247209957866 -0.00085792185765590603 0.0014798805570067472 -0.00056431340904824535 -0.019023092044518752 0.022802664823873608 0.025214073584948257 0.022268419418777829 -0.001963466320306132 0.00027248054384868334 0.0040620577622304862 0.0077847326650660152 -0.00063949148949939128 -0.028452857559468903 0.019055304365130567 -0.018729395209485022 0.0026475018889154725 -0.031717447903753748 0.0083093054502240277 -0.00052846240676006329 -0.0076088274750300494 -0.0033579302299966115 0.0016959111448172309 0.030440506413889314 -0.039777263224859929 0.011837963390391677 0.014447827059786615 0.0055969414501600197 0.030341802673433949 -0.027171429125827113 -0.038356908764261004
leaf_weight=2106.1399241938052 35123.041051825203 11281.799731520237 53908.646686263179 214.94311141967773 408.32701458223164 175.95512145757675 271.85189900547266 10498.927274788028 6661.002775274028 14154.738335563525 1628.5010495926253 34211.557924719091 60.05905643850565 75.023917181417346 140.98809685558081 2043.8456902801991 94.465642817318439 253.68539368361235 2697.784911137016 8822.0706729568483 5116.0964345939319 17765.036139146425 148.49405370280147 37.750799662433565 58.979456297121942 181.06023795157671 4580.554531579488 62.176916539669037 66.888981372117996 54.672420861199498
leaf_count=38049 422870 85004 1032177 232 413 127 139 150095 117008 193585 8251 385985 117 113 166 1476 120 189 58046 201883 111425 225509 216 154 98 348 29887 20 50 177
internal_value=0 -0.000408106 -0.00116243 -0.00022705 0.0046296 0.00257504 0.00415739 -0.00194205 -0.00306058 0.00493415 0.000961346 0.000797934 0.0165969 -0.0022457 0.00280081 0.00498727 -0.00749775 -0.00142937 -0.00387181 -0.00505832 -0.00591979 0.000229407 -0.000526664 0.0149536 -0.00904082 -0.00273803 0.00265372 0.00147031 0.0013011 -0.0078159
internal_weight=212905 196644 126802 57647.8 3739.14 3195.73 2980.79 69154.7 34031.6 16260.9 69841.7 68213.2 543.41 135.083 2804.84 2315.7 489.139 394.673 27370.6 16871.7 14173.9 52221.8 34456.8 245.224 96.7303 5297.16 15991.4 11410.9 11348.7 8876.74
internal_count=3063929 2832295 2097121 1035269 3092 2449 2217 1061852 638982 231634 735174 726923 643 230 2090 1615 475 355 521974 371879 313833 611962 386453 468 252 111773 114961 85074 85054 202060
is_linear=0
shrinkage=0.03


Tree=126
num_leaves=31
num_cat=0
split_feature=88 17 88 12 12 53 6 4 66 71 63 69 86 86 86 20 86 85 6 2 39 69 66 63 84 26 87 1 71 70
split_gain=466.761 242.57 100.53 86.6817 81.5136 73.2928 80.6905 107.673 77.2497 95.61 78.4834 90.7835 72.8553 92.1322 79.4508 67.05 64.0501 62.5348 62.4077 86.8884 65.9729 72.3699 79.1179 82.5361 61.5893 58.1996 76.1634 56.9804 80.0739 121.459
threshold=0.050164703279733665 0.37446653842926031 0.021251542493700985 0.31061333417892462 0.56247621774673473 0.20707555115222934 0.39159533381462103 0.54616111516952526 0.59910815954208385 3.9499940872192387 0.6235448718070985 1.694644629955292 0.53349027037620556 0.35952471196651464 0.67085793614387523 0.50335456430912029 0.29837384819984442 0.19169148802757266 0.28611345589160925 -0.24295600503683087 1.0000000180025095e-35 1.0965877175331118 0.24335469305515292 0.044026156887412078 0.082480873912572875 0.46720869839191442 0.060437729582190521 0.50520503520965587 1.7281509041786196 1.0619482398033144
decision_type=2 2 2 2 2 2 2 2 2 2 2 2 2 2 2 2 2 2 2 2 2 2 2 2 2 2 2 2 2 2
left_child=2 3 -1 5 15 6 8 -8 9 18 12 -12 13 25 -14 -3 -9 -15 20 -20 -2 22 -22 -24 -13 26 -10 28 -7 -30
right_child=1 4 -4 -5 -6 27 7 16 10 -11 11 24 14 17 -16 -17 -18 -19 19 -21 21 -23 23 -25 -26 -27 -28 -29 29 -31
leaf_value=0.009758475097659116 -0.002851406631628996 0.00019320997250786063 0.0035859912451326583 0.0060345268389010165 0.014236923032191165 -0.00051855947080868179 -0.000940865969123698 -0.00032137070913226888 0.011958613222077944 -0.02523119431061582 -0.02159598753378365 0.0028670562589194052 0.025474305963917074 -0.024425417412597929 -0.01150255282453979 0.0021772772581320193 0.013149542604668983 0.0026657882330362245 -0.0093378794621134416 -0.0032582523207176305 -0.00038964988393318353 -0.021848898800375976 0.033577755445446437 0.00094388261003148697 -0.026644523267261251 -0.019087888612822911 -0.0032375335282185795 -0.0056757041196027315 0.032546333261273278 0.0035852159210274909
leaf_weight=2784.6793752986414 30853.181898848998 72858.675240322365 16140.528535221791 1367.4993482939899 392.85835398221388 28886.920238640552 5458.7841350188828 489.13652446179185 992.22928021848202 165.56469451263547 221.59736240282655 679.96606283262372 263.60765090584755 162.64244331791997 62.322467878460884 19412.88162974306 897.79121643581311 140.22754572331905 2627.9970206520229 10865.194098668697 12034.431520082522 134.24067303538322 123.29796149581671 155.4717887789011 66.173299644142389 74.715750694274902 420.17960528284311 1738.6483004787442 135.45947225391865 2034.3861885163933
leaf_count=49667 494196 909720 218108 8802 1966 510868 127477 11232 729 300 475 773 300 208 196 193326 15125 290 79042 236313 165105 229 56 231 167 33 874 35953 83 2085
internal_value=0 -0.000439355 0.00449633 -0.00145592 0.00066919 -0.00155896 -0.00212855 0.000956378 -0.00248039 -0.00273081 0.00214138 -0.00491981 0.00537619 0.0029782 0.0183364 0.00061076 0.00840817 -0.0119964 -0.00266337 -0.0044451 -0.00210769 -0.000263566 -2.08547e-05 0.0156643 0.000115625 0.00605496 0.00743834 -0.000396988 -0.000100632 0.00545184
internal_weight=212641 193716 18925.2 101052 92664.4 99684.2 66888.8 6845.71 60043 56959.4 3083.66 967.737 2115.92 1789.99 325.93 92271.6 1386.93 302.87 56793.8 13493.2 43300.6 12447.4 12313.2 278.77 746.139 1487.12 1412.41 32795.4 31056.8 2169.85
internal_count=3063929 2796154 267775 1691142 1105012 1682340 1133351 153834 979517 975472 4045 1415 2630 2134 496 1103046 26357 498 975172 315355 659817 165621 165392 287 940 1636 1603 548989 513036 2168
is_linear=0
shrinkage=0.03


Tree=127
num_leaves=31
num_cat=0
split_feature=17 56 15 6 7 7 12 86 36 40 86 26 62 85 7 6 64 7 4 85 6 20 3 20 32 62 60 72 60 60
split_gain=460.804 161.341 117.584 91.1205 185.838 98.1597 88.4545 76.3581 76.0805 85.255 76.814 74.9373 96.006 76.9612 75.6647 70.4453 66.3246 64.6895 91.7787 128.402 106.517 61.6858 72.7994 61.6388 58.3016 102.452 68.5257 59.9733 83.5542 60.149
threshold=0.61035025119781505 1.0000000180025095e-35 0.46720869839191442 0.038208844140172012 0.25045758485794073 0.16414991766214374 0.50316895544528972 0.18456731736660006 1.0861553549766543 0.80670574307441723 0.70416519045829784 1.0000000180025095e-35 0.065473519265651717 0.02543983701616526 0.6722283959388734 0.10889055579900743 1.0000000180025095e-35 0.043919352814555175 0.55233678221702587 0.18164648115634921 0.39818593859672552 1.0456365942955019 0.11779224127531053 1.2480892539024355 0.20707555115222934 2.4544165134429936 0.57351976633071911 -1.9995492100715635 3.7609601349686279e-05 0.038962781429290778
decision_type=2 2 2 2 2 2 2 2 2 2 2 2 2 2 2 2 2 2 2 2 2 2 2 2 2 2 2 2 2 2
left_child=1 6 -2 4 5 -3 11 -5 9 -9 -11 12 13 -1 17 -16 -6 -15 19 -19 -20 24 23 -23 -13 26 27 -26 -29 -30
right_child=2 3 -4 7 16 -7 -8 8 -10 10 -12 21 -14 14 15 -17 -18 18 20 -21 -22 22 -24 -25 25 -27 -28 28 29 -31
leaf_value=0.00049668347672556662 0.0026456029750579584 0.003065730492120776 0.0087563415496947211 0.00093168800454429329 0.01056040841741648 -0.0031193823979817391 0.0189316053895573 -0.00075464082654772273 -0.0053432552342737947 -0.0035883002982002622 0.024516284243713039 -0.0015333774611307558 0.001538901292964241 -0.0015651806165621746 -0.0033301323136527322 0.010600553071230274 -0.042783335850086937 -0.0048008103723556697 -0.0092005477935692588 -0.011787676538294801 0.010467429593631606 0.0078462010652216325 0.020734109580810154 -0.024315501102870021 0.02612361550748955 -0.053347152156020282 0.025374534481128402 0.00089838883807873181 -0.018607571696647514 -0.00087133188954666456
leaf_weight=3148.7310209985008 30705.363607054358 6617.6095773601555 3120.4217083854746 35083.773204802346 2429.9496557443053 3541.66271063569 187.06837464869022 32753.993848960148 3337.6035240507335 140.180804253323 223.94752184255049 55790.537717365049 3579.2490035714582 3382.1450451435812 827.11992308616755 534.283715895348 17.273232339881361 7254.8139838227362 418.46713722385175 3520.8712249470409 595.50408845747006 167.83232539100572 250.30935876164585 73.964569997042418 77.975529119372368 27.626227460801601 96.656880438327789 13826.041554108291 342.90278941392899 343.41203771904111
leaf_count=36835 462118 85265 41943 448982 11112 48572 769 477339 72053 2693 1684 695480 6913 107876 20991 12191 147 155417 18235 170783 16128 325 261 51 37 44 46 168927 419 293
internal_value=0 -0.000608122 0.00321042 0.000347124 0.00269844 0.000908693 -0.00145922 -6.72827e-05 -0.00102878 -0.000593243 0.013763 -0.00150054 -0.00297832 -0.00380018 -0.0046187 0.00214872 0.0101129 -0.00522666 -0.00627578 -0.00708766 0.00234175 -0.00101616 0.0095249 -0.00220921 -0.00109034 0.000589116 0.000705374 0.00053473 0.000389769 -0.00979586
internal_weight=212417 178592 33825.8 84146 12606.5 10159.3 94445.5 71539.5 36455.7 33118.1 364.128 94258.4 23261.2 19681.9 16533.2 1361.4 2447.22 15171.8 11789.7 10775.7 1013.97 70997.3 492.106 241.797 70505.2 14714.6 14687 14590.3 14512.4 686.315
internal_count=3063929 2559868 504061 1147847 145096 133837 1412021 1002751 553769 481716 4377 1411252 545369 538456 501621 33182 11259 468439 360563 326200 34363 865883 637 376 865246 169766 169722 169676 169639 712
is_linear=0
shrinkage=0.03


Tree=128
num_leaves=31
num_cat=0
split_feature=17 33 19 26 3 6 79 79 79 7 60 69 12 72 69 79 64 2 86 72 72 2 78 62 67 21 86 60 61 2
split_gain=448.827 153.273 113.376 112.683 106.229 97.972 87.0824 94.7592 101.747 75.1068 74.8153 73.722 71.8174 65.9149 66.2966 121.601 92.004 137.769 80.4622 65.6625 63.1324 122.482 149.967 62.6988 111.177 62.3539 60.4089 60.237 59.5833 140.832
threshold=0.61035025119781505 1.0000000180025095e-35 0.40690016746521002 0.42514967918396002 0.20436391979455951 0.023902778513729576 -0.205024778842926 0.0045678196474909791 -0.0053990441374480716 0.25114947557449346 0.55543136596679699 0.57231444120407116 0.53458327054977428 -1.8084247708320615 0.14151050895452502 0.5099901854991914 0.45041489601135259 -0.0071575976908206931 0.22569023817777636 -1.5581679344177244 -0.74375337362289418 0.1477521434426308 -0.0019249126780778167 2.3343906402587895 2.8975770473480229 1.0000000180025095e-35 0.01763224042952061 0.50265033543109905 0.18027425557374957 -0.052245315164327615
decision_type=2 2 2 2 2 2 2 2 2 2 2 2 2 2 2 2 2 2 2 2 2 2 2 2 2 2 2 2 2 2
left_child=1 3 -2 4 26 9 23 8 -8 -3 12 -10 20 -9 -15 16 18 19 -16 -18 21 22 -5 24 -6 -20 -1 -21 -28 -30
right_child=2 5 -4 10 6 -7 7 13 11 -11 -12 -13 -14 14 15 -17 17 -19 25 27 -22 -23 -24 -25 -26 -27 28 -29 29 -31
leaf_value=0.0080096679721838385 0.0022892219057569336 0.0037849478906610964 0.0066025587338438317 -0.021978844329292004 -0.0015318977825318051 0.00078018349931774291 -0.0036453248416807756 -0.031793708629762676 -0.01108087379700097 0.014766076051165148 -0.040053794133935734 0.0035311745503732984 0.016118931104976853 -0.0026558068798582237 -0.020146757443805265 -0.03753507050255328 0.032463788958181063 -0.030880779390964744 0.020563718648508686 -0.017460006223265181 1.8694162066961187e-05 0.021751115568795228 0.0063037114386708063 -0.023829141111795134 0.034554309055937683 -0.0082455119574409378 -0.0010087263260268957 0.024251589766466453 0.014046381830187735 -0.00039218184646299563
leaf_weight=709.67684119612386 26924.913835852378 2334.1788485957513 6889.0107504849148 198.11062943935394 28126.642575316426 26671.446783648702 5798.4544201332465 62.160590447485447 3693.0638794737606 736.54915842809714 37.306743949651718 336.94474804401398 254.03541939426214 8043.7368709917755 53.622817426919937 52.338913591578603 68.739522056654096 116.60276585072279 547.08361908793449 85.831047696992755 41154.261570621486 347.5510498136282 1017.5376943051815 109.001384858042 73.044906232506037 74.648528609424829 54383.364413533534 43.720541223883629 801.94842896983027 2472.2266951426864
leaf_count=10120 415059 25936 89002 159 488160 346677 123560 257 110606 2442 31 659 1112 223861 93 252 96 355 906 291 481797 114 439 278 52 74 738594 73 723 2151
internal_value=0 -0.000600659 0.0031688 -0.000993992 -0.00152096 0.00136507 -0.0025778 -0.00415022 -0.00619525 0.00643614 0.000300437 -0.00985577 0.000339301 -0.00195095 -0.0017324 0.00537048 0.00778463 -0.00554905 0.0140043 0.0096408 0.000243856 0.00615362 0.00163393 -0.00152312 -0.00143338 0.0170669 -0.000664568 -0.0030449 -0.000771961 0.00315573
internal_weight=212218 178404 33813.9 148662 105653 29742.2 47285.6 18976.9 9828.46 3070.73 43008.8 4030.01 42971.5 9148.49 9086.32 1042.59 990.249 314.894 675.355 198.291 42717.5 1563.2 1215.65 28308.7 28199.7 621.732 58367.2 129.552 57657.5 3274.18
internal_count=3063929 2559868 504061 2184813 1701161 375055 949573 461083 234825 28378 483652 111265 483621 226258 226001 2140 1888 815 1073 460 482509 712 598 488490 488212 980 751588 364 741468 2874
is_linear=0
shrinkage=0.03


Tree=129
num_leaves=31
num_cat=0
split_feature=88 16 88 5 12 26 16 71 71 4 1 61 63 60 63 68 20 63 62 7 6 1 56 61 62 64 60 84 1 62
split_gain=442.316 203.135 89.1295 89.1168 80.1345 74.5516 70.3734 70.3591 62.3415 61.452 67.4345 63.5515 95.4085 61.137 85.4322 67.3104 62.7819 64.291 59.2008 58.9023 59.7967 89.185 58.2835 66.8103 59.1173 79.1436 56.9882 64.1455 62.9021 58.6429
threshold=0.047472711652517326 0.22396993637084964 0.021251542493700985 1.1084876060485842 0.56247621774673473 1.0000000180025095e-35 0.53458327054977428 3.1741927862167363 4.3302881717681894 0.20707555115222934 -0.18980977684259412 0.0267021032050252 1.1228262186050417 0.00016200469690375033 0.019518343731760982 1.1264322996139529 1.0000000180025095e-35 0.39345060288906103 0.19697608798742297 -0.37151309847831721 0.075955610722303404 0.43377727270126348 0.31061333417892462 0.40935322642326361 0.98796653747558605 1.2999793291091921 1.4420758702726746e-06 -0.16296612471342084 0.058631064370274551 0.1307250112295151
decision_type=2 2 2 2 2 2 2 2 2 2 2 2 2 2 2 2 2 2 2 2 2 2 2 2 2 2 2 2 2 2
left_child=2 3 -1 9 6 19 8 -7 22 10 11 18 -13 26 -15 -16 -17 -18 -2 -5 21 -21 23 -3 -25 -26 29 -28 -29 -12
right_child=1 4 -4 5 -6 7 -8 -9 -10 -11 13 12 -14 14 15 16 17 -19 -20 20 -22 -23 -24 24 25 -27 27 28 -30 -31
leaf_value=0.0095618444350019666 -0.0044684311040300503 -0.00048741692537395391 0.0036752380168024977 0.0012036792513332789 0.013936801856629225 0.002221958773833457 0.0033623050886973666 0.033364148128300505 -0.049785909758838849 -0.00027262735884550415 -0.0016817491863780451 -0.02146254796415719 0.019467106872573022 0.015085112386563113 0.026710576858681667 0.0013518251513643714 -0.030207371647982137 -0.00012623529173608723 0.029818268394526195 -0.0061180669162640786 -0.0031737689156425093 -0.022688379758461042 0.0013939636167316534 0.017495294102053801 -0.017923342532240795 0.011484776760706469 -0.026025525014359854 -0.012054463476929376 0.0091541454031156023 0.014576775348209498
leaf_weight=2762.961164400549 4067.430267683987 40834.886275660363 14304.212189844067 1997.5186744087114 408.59563906677067 1176.5844095548382 7932.4905209579447 65.228588812053204 18.281439609825611 60773.693611229261 26651.991171486385 380.97994385287166 55.832099370658398 426.31876779720187 82.254148088395596 2264.9771721288562 116.94611240923405 136.39065729081631 41.859360992908478 3548.8155896703393 11382.65182203897 315.80188775752322 30636.675256048213 349.42157097160816 131.59110200405121 205.79419480264187 169.01541125774384 376.45510116219521 184.35674069821835 197.15226075053215
leaf_count=49667 81520 401009 193820 55895 2047 29579 90644 26 18 1016749 387246 735 61 390 53 2611 100 63 41 82490 313070 16364 338233 155 113 123 297 446 233 131
internal_value=0 -0.000405511 0.00463049 -0.00121793 0.000748856 -0.00312505 0.000680843 0.00396325 0.000385907 -0.000850237 -0.00184858 -0.00525677 -0.0160916 -0.00134157 0.00270263 0.000650961 -0.000239433 -0.0142836 -0.00408942 -0.00363655 -0.0042711 -0.00749535 0.00040144 -0.000330847 0.00892059 -4.7765e-05 -0.00178593 -0.0100361 -0.0050591 -0.00156004
internal_weight=211997 194930 17067.2 114412 80517.7 18486.6 80109.1 1241.81 72176.6 95925.7 35152 4546.1 436.812 30605.9 3026.89 2600.57 2518.31 253.337 4109.29 17244.8 15247.3 3864.62 72158.4 41521.7 686.807 337.385 27579 729.827 560.812 26849.1
internal_count=3063929 2820442 243487 1988100 832342 497424 830295 29605 739651 1490676 473927 82357 796 391570 3217 2827 2774 163 81561 467819 411924 98854 739633 401400 391 236 388353 976 679 387377
is_linear=0
shrinkage=0.03


Tree=130
num_leaves=31
num_cat=0
split_feature=17 88 86 28 4 14 67 69 2 1 61 7 15 20 18 6 5 7 61 3 65 69 7 87 88 5 14 11 77 83
split_gain=436.5 151.318 124.272 107.725 84.4103 82.341 69.1496 98.2677 80.6269 83.2028 69.5686 66.265 65.5668 63.6198 60.5642 110.122 100.846 98.2947 69.9893 97.3033 70.0948 77.4988 62.3755 59.9325 58.9966 58.7054 57.5182 56.0442 55.4472 72.0121
threshold=0.53458327054977428 0.039253270253539092 0.13929654657840732 0.20707555115222934 0.20707555115222934 0.68507987260818493 1.7994785904884341 1.4034177064895632 0.39889669418334966 0.14678943902254107 0.65540632605552684 -0.065206006169319139 1.0000000180025095e-35 1.0224135518074038 0.53458327054977428 0.39380566775798803 1.3411182165145876 -0.41249345242977137 0.27160114049911505 0.36077904701232916 1.0633523464202883 0.92298749089241039 0.47190664708614355 0.11171270161867143 0.021251542493700985 1.2837216854095461 0.22396993637084964 0.31061333417892462 -0.98386794328689564 -3.0683968361699949e-06
decision_type=2 2 2 2 2 2 2 2 2 2 2 2 2 2 2 2 2 2 2 2 2 2 2 2 2 2 2 2 2 2
left_child=2 -2 24 4 13 -5 7 10 9 26 14 12 -3 -4 15 17 -17 -6 20 23 21 22 25 -20 -1 -19 -8 -13 -23 -30
right_child=1 11 3 5 6 -7 8 -9 -10 -11 -12 27 -14 -15 -16 16 -18 18 19 -21 -22 28 -24 -25 -26 -27 -28 -29 29 -31
leaf_value=0.0098039495178632863 0.0057427511713391633 0.0014829684037145248 -0.0032497454997977523 -0.00022712126759992393 0.0010066425628212242 0.0059701061669281078 -0.00021621745288309257 -0.019239279723954651 0.03428112901472577 -0.018038698761812459 -0.025127684080409461 0.0011958077164621842 0.011264441675595035 0.013559572633125246 0.00015444326680394589 0.0018101621492647324 0.022397377047119599 -0.0038024318125593278 0.0087703566624195064 -0.015878076554709634 -0.019335564791682715 0.03536773091771226 0.0003646875856873718 0.039112033754681134 0.00053774549869527221 -0.011771139648834904 0.018252512435143108 0.012089395856944303 0.01697873521646772 -0.019572852582967645
leaf_weight=625.24761079130985 9314.5666675603788 1244.5427584638819 29999.099957075356 30694.109744363042 5834.4649269416041 2054.9663069737144 311.8698180988431 269.27122885361314 86.185590727254748 122.13969318196177 105.18405907601118 44710.660268586005 1223.7872594418004 200.06243310123682 20025.966368503083 3144.6884218619089 225.96225720294751 19755.348527686729 181.34871497750282 95.004693888127804 245.82451755180955 66.719355046749115 3192.7394705346669 85.394331689924002 36173.20218632395 866.43298744723143 290.58302193880081 425.27910217316821 136.95060162991285 70.034575711935759
leaf_count=10037 139733 19624 429147 464535 94545 13244 557 495 43 198 235 603179 11436 272 321376 66023 4637 369498 164 254 474 30 63108 94 410045 38198 166 2302 145 135
internal_value=0 0.00224644 -0.000825724 -0.00130019 -0.00186164 0.000162292 -0.00116283 -0.00129298 0.00751168 0.00415073 -0.00120204 0.00156181 0.00634478 -0.00313646 -0.00115343 -0.00192608 0.00321654 -0.00249434 -0.00332167 0.00970605 -0.00351708 -0.00335228 -0.00353564 0.0189348 0.00069636 -0.00413968 0.00874608 0.00129961 0.0124063 0.00445337
internal_weight=211778 56918.8 154859 118060 85311.3 32749.1 55112.1 54301.3 810.778 724.593 54032.1 47604.3 2468.33 30199.2 53926.9 33900.9 3370.65 30530.3 24695.8 361.748 24334.1 24088.2 23814.5 266.743 36798.4 20621.8 602.453 45135.9 273.705 206.985
internal_count=3063929 776274 2287655 1867573 1389794 477779 960375 959411 964 921 958916 636541 31060 429419 958681 637305 70660 566645 472100 512 471588 471114 470804 258 420082 407696 723 605481 310 280
is_linear=0
shrinkage=0.03


Tree=131
num_leaves=31
num_cat=0
split_feature=17 56 15 6 7 7 12 3 26 62 18 63 87 65 6 7 1 2 7 6 31 7 20 78 3 18 78 6 64 67
split_gain=427.16 146.948 108.43 83.383 169.799 88.8414 78.1666 73.6957 65.7635 90.3631 77.2178 65.4487 61.6367 61.4259 61.2336 91.6346 62.9938 58.8627 63.6671 63.822 62.5048 58.4986 58.3376 61.5484 75.9292 58.0344 57.4887 77.6281 57.2207 103.691
threshold=0.61035025119781505 1.0000000180025095e-35 0.46720869839191442 0.038208844140172012 0.25045758485794073 -0.41852028667926783 0.50316895544528972 0.19760918617248538 1.0000000180025095e-35 0.062791861593723311 1.0000000180025095e-35 1.0000000180025095e-35 0.025188324041664604 1.6679560542106631 0.073521606624126448 0.21260377019643786 -0.33509068191051478 -0.83190160989761341 0.37795858085155493 0.40777969360351568 1.0000000180025095e-35 0.05169916711747647 1.0456365942955019 -0.00093530138838104893 0.15293506532907489 0.46720869839191442 -0.074470654129981981 0.10582426190376283 0.27832573652267462 1.0054948925971987
decision_type=2 2 2 2 2 2 2 2 2 2 2 2 2 2 2 2 2 2 2 2 2 2 2 2 2 2 2 2 2 2
left_child=1 6 -2 4 5 -3 8 28 9 10 21 -6 -12 14 15 -11 -17 20 25 -20 -9 -1 -10 -24 -25 -19 -16 -28 -5 -30
right_child=2 3 -4 7 11 -7 -8 17 22 13 12 -13 -14 -15 26 16 -18 18 19 -21 -22 -23 23 24 -26 -27 27 -29 29 -31
leaf_value=0.0014646829668964346 0.0025554548779912595 0.0071756003202597708 0.0084520087687658656 0.00057923675560048995 0.010168096631527767 -0.00037752642689532469 0.017856197670451001 -0.0067699715109786548 -0.0010573026481561474 0.022509752567697473 0.00012405523819949697 -0.042910801301211277 -0.0040011693353867337 -0.0046771340054374798 0.021700054242315525 0.025058713853998979 -0.017239880769174661 -0.003832529060128576 0.00024604181139122457 0.013152371974954093 0.017221322341239756 -0.011329955108125522 0.026971548589555857 -0.0075724754379740723 0.020436062191808255 -0.00067984891721344944 0.0057867790030261311 -0.021936744329476808 0.021106565933426327 0.0011125509977348428
leaf_weight=391.6902108188151 30607.623479209855 1675.885979149054 3088.3304560976248 39754.29538222251 2400.2792645914014 8451.4538650576724 185.31593464594334 140.47087850770913 70225.669774823473 76.173662712797523 4343.5494488070835 17.19548502471298 13032.424299958446 1027.6902523934841 187.74648262932897 31.606793966144323 312.03338986681774 10477.055776179652 8675.1065218149161 355.15894570649834 302.82767383224564 1756.9846458222601 126.45182470791042 229.40504343248904 135.0041500646621 10551.283593260363 1901.3125270977616 91.510955348610878 342.51363233476877 718.52352698892355
leaf_count=26051 462118 17807 41943 522092 11112 116030 769 3023 865246 158 55784 147 347423 2346 207 102 1221 193995 125053 2462 2660 109144 147 352 138 152747 2654 279 141 578
internal_value=0 -0.000586596 0.00309696 0.000326421 0.00258152 0.000874271 -0.0014007 -7.03128e-05 -0.00143952 -0.00282727 -0.00363514 0.00971843 -0.00296992 0.00151829 0.00397192 -0.00647083 -0.0130929 -0.00118585 -0.00134656 0.000759742 0.00961643 -0.00899709 -0.000984973 0.00927883 0.00290097 -0.00225127 0.00599264 0.00447006 0.000763266 0.00762608
internal_weight=211613 177917 33696 83862.1 12544.8 10127.3 94054.6 71317.2 93869.3 23152.7 19524.6 2417.47 17376 3628.07 2600.38 419.814 343.64 30501.9 30058.6 9030.27 443.299 2148.67 70716.5 490.861 364.409 21028.3 2180.57 1992.82 40815.3 1061.04
internal_count=3063929 2559868 504061 1147847 145096 133837 1412021 1002751 1411252 545369 538402 11259 403207 6967 4621 1481 1323 479940 474257 127515 5683 135195 865883 637 490 346742 3140 2933 522811 719
is_linear=0
shrinkage=0.03


Tree=132
num_leaves=31
num_cat=0
split_feature=88 17 88 47 71 72 60 78 65 72 78 36 2 9 4 87 88 82 78 12 79 86 78 72 63 32 79 87 87 71
split_gain=424.066 210.865 91.1404 85.8033 94.8176 108.106 88.6858 86.2078 99.6641 84.4172 82.43 76.872 74.863 69.7309 68.7537 110.902 185.093 107.474 87.5763 78.9993 83.6077 99.8075 102.943 89.007 87.8078 79.7512 78.647 80.3556 78.0376 137.725
threshold=0.050164703279733665 0.42514967918396002 0.021251542493700985 0.22396993637084964 1.9226946234703066 -0.23221001029014585 9.1074420227599272e-10 -1.0000000180025095e-35 0.56957486271858226 -1.7425839900970457 -0.18235000222921369 0.20707555115222934 -1.1888568401336668 0.48828019201755529 0.3114724606275559 0.1252815127372742 0.37162485718727117 -0.9999926984310149 0.048065096139907844 0.22396993637084964 0.39187976717948919 0.53349027037620556 -0.044209888204932206 -0.41796733438968653 0.00098747602896764896 0.53307747840881359 -0.36097612977027888 0.079071734100580229 0.28286612033844 4.0384142398834237
decision_type=2 2 2 2 2 2 2 2 2 2 2 2 2 2 2 2 2 2 2 2 2 2 2 2 2 2 2 2 2 2
left_child=2 3 -1 4 6 10 -2 8 -8 11 -6 -3 -5 -11 17 16 18 -12 26 20 21 22 24 -24 -19 -26 -16 -28 29 -23
right_child=1 9 -4 12 5 -7 7 -9 -10 13 14 -13 -14 -15 15 -17 -18 19 -20 -21 -22 28 23 -25 25 -27 27 -29 -30 -31
leaf_value=0.0093557204972830686 -0.0018592691351630767 -0.031627582065363646 0.0034377210520312655 0.022535057214630883 -0.018109482574832251 0.033017216682470013 -0.020150507533395558 -0.029281834557894508 0.023734204646015791 0.00075716961946868937 0.015299301275662012 0.0024058696694264923 0.00050069099674823444 0.008059287079699641 -0.021532854316973767 0.016770314020523848 -0.032437889201870622 0.0099551034149424778 0.024792053825415696 -0.024797358421767758 -0.027459258469353855 -0.0067658747196598507 -0.00027395523008432615 -0.032066225804063819 -0.027327372320335438 0.017312021864844557 0.0058494403395864467 -0.015481103559734968 0.018917645570440005 0.023748226720603938
leaf_weight=2743.5584762470826 85614.861064829922 133.41864792257547 16015.723288749563 135.85782335675322 204.29755862802267 89.313533004373312 102.6641192343086 205.69536089897156 78.667726312763989 74107.07002147194 378.31721599400043 104.30989178270102 18178.009092126158 1192.1879703751765 112.72274574637413 572.43117989972234 128.12189548462629 93.874585017561913 166.34209056198597 119.17664664983749 99.202899284660816 461.13434262387455 7503.2737329471856 76.107083454728127 310.60396021232009 37.815595746040344 1688.9713740646839 171.48326819390059 392.28597675450146 182.49591909721494
leaf_count=49667 1570065 187 218108 1275 585 73 392 668 161 919247 257 94 279305 7612 116 600 159 214 81 96 419 893 10152 225 713 41 1045 338 1018 123
internal_value=0 -0.000419328 0.00430528 -0.00121648 -0.00156613 0.000843664 -0.00192453 -0.0161819 -0.000986249 0.00081643 0.000606697 -0.0168832 0.000669279 0.000873263 0.000918787 0.0050184 0.00202552 -0.000288339 0.00414809 -0.000930881 -0.000609073 -0.00030251 -0.00143594 -0.000610531 -0.0154383 -0.0223282 0.00235886 0.00385194 0.00844174 0.00197243
internal_weight=211400 192641 18759.3 117104 98789.9 12788 86001.9 387.027 181.332 75537 12698.7 237.729 18313.9 75299.3 12494.4 2840.07 2267.64 9654.29 2139.52 9275.97 9156.79 9057.59 8021.67 7579.38 442.294 348.42 1973.18 1860.45 1035.92 643.63
internal_count=3063929 2796154 267775 1869014 1588434 17148 1571286 1221 553 927140 17075 281 280580 926859 16490 2339 1739 14151 1580 13894 13798 13379 11345 10377 968 754 1499 1383 2034 1016
is_linear=0
shrinkage=0.03


Tree=133
num_leaves=31
num_cat=0
split_feature=88 17 88 11 12 47 71 72 72 78 87 88 69 88 2 65 2 67 69 83 85 65 1 71 86 78 1 1 69 86
split_gain=413.968 198.462 104.152 81.8898 77.2137 65.9088 74.5528 80.3344 79.7723 70.9407 67.4491 127.997 80.9114 73.8072 143.774 86.1983 77.611 77.2352 65.2954 106.487 70.4248 86.1666 65.7982 63.1469 165.787 93.8228 97.3316 68.9812 86.7322 82.0421
threshold=0.05663623288273812 0.37446653842926031 0.023474368266761306 0.37446653842926031 0.31061333417892462 0.22396993637084964 1.9226946234703066 -0.23221001029014585 -0.57065063714981068 -0.18235000222921369 0.2203878462314606 0.57680124044418346 1.371133625507355 0.64986127614974987 0.22092299908399585 1.0854839086532595 -0.24295600503683087 1.8103759884834292 0.68847444653511058 -0.016863464377820488 0.31909815967082983 0.30288244783878332 -0.17454560846090314 2.2121179103851323 0.30674242973327642 -4.4054169848095619e-05 -0.061870926991105073 -0.17454560846090314 0.046341847628355033 0.15442927926778796
decision_type=2 2 2 2 2 2 2 2 2 2 2 2 2 2 2 2 2 2 2 2 2 2 2 2 2 2 2 2 2 2
left_child=2 4 -1 -3 5 6 8 9 -2 -8 11 23 -13 15 -15 16 -12 -17 22 -20 21 -21 -18 24 25 26 -11 29 -29 -25
right_child=1 3 -4 -5 -6 -7 7 -9 -10 10 13 12 -14 14 -16 17 18 -19 19 20 -22 -23 -24 27 -26 -27 -28 28 -30 -31
leaf_value=0.0085571257198245425 -0.017579921756578604 0.00052523409298551476 0.0029402115254861644 0.017837362212455195 0.0057075285314277411 0.00041107682604343186 -0.017275693926725618 0.028259232649747473 -0.0020796066194885164 0.015862986532083168 -0.018468089234210699 -0.032501473698258565 -0.00062256556624415329 0.032511246953491293 -0.014600757311909948 -0.027795414428781313 0.0073016135718117917 0.0060180728726797125 0.024043213753445924 -0.031314853055230844 -0.03713259433840093 0.031609217901555901 0.044164403395794784 -0.036488946187379974 0.024671336796464931 0.0060941815630723688 -0.032340356340668772 0.027184940477141477 0.00034527460524266888 -0.0047870009752617737
leaf_weight=3504.3628956014509 296.20922987349331 87867.151602999889 19521.311751424837 242.61927982140332 1361.0254057163838 14242.724088954245 200.04453458823264 88.936301367357373 72985.11428784742 49.006741143763065 71.753860644064844 172.73000919446349 121.27698861807585 220.35580165684223 75.97117050178349 125.85722172819078 79.606908868998289 111.758928546682 125.91682923212647 29.429171841591597 59.25323817692697 43.414027012884617 98.56033755466342 74.272282749414444 332.72351865470409 434.8208967000246 133.46053171157837 106.02694518491626 7202.8316280785948 1259.139190774411
leaf_count=61332 957 1048262 265683 1097 8802 236247 583 72 1425710 66 414 360 148 416 366 618 140 288 116 123 230 69 98 109 266 542 284 91 8245 2195
internal_value=0 -0.000464544 0.0037966 0.000573763 -0.00137849 -0.00147644 -0.00179464 0.000482515 -0.00214328 0.000250045 0.000577477 -0.000188447 -0.0195515 0.00782249 0.0203843 0.00274153 0.00970379 -0.0120368 0.0144741 0.00466485 -0.0139377 0.00582212 0.0282404 0.000412471 0.00773732 -0.00148308 -0.0193073 -0.000395409 0.0007499 -0.00666005
internal_weight=211238 188212 23025.7 88109.8 100102 98741.2 84498.5 11217.1 73281.3 11128.2 10928.2 9886.29 294.007 1041.88 296.327 745.551 507.934 237.616 436.181 258.013 132.096 72.8432 178.167 9592.28 950.012 617.288 182.467 8642.27 7308.86 1333.41
internal_count=3063929 2736914 327015 1049359 1687555 1678753 1442506 15839 1426667 15767 15184 12306 508 2878 782 2096 1190 906 776 538 422 192 238 11798 1158 892 350 10640 8336 2304
is_linear=0
shrinkage=0.03


Tree=134
num_leaves=31
num_cat=0
split_feature=17 33 19 25 6 85 86 5 68 68 67 67 65 7 86 7 6 4 7 7 70 7 6 70 2 2 2 78 68 64
split_gain=409.365 138.436 102.946 96.0644 88.9335 88.4919 123.038 68.5554 61.6431 80.4027 82.6778 89.2496 79.6173 61.1855 59.8154 59.6399 56.8761 98.0494 99.6753 88.5311 91.8533 117.895 121.826 106.512 98.8887 100.146 85.136 87.5773 80.543 86.743
threshold=0.61035025119781505 1.0000000180025095e-35 0.39170669019222265 0.37446653842926031 0.02682175021618605 0.20291770994663241 0.34590496122837072 0.14931328594684604 3.1743148565292363 2.7945611476898198 1.0280433893203738 0.87769171595573436 0.67341929674148571 0.25045758485794073 0.01763224042952061 0.24562489241361621 0.3810447901487351 0.44559228420257574 0.36333550512790685 -0.3564793318510055 1.3414350748062136 0.37049600481987005 -0.039900060743093484 1.7193669676780703 -0.59868201613426197 -0.24295600503683087 -0.45680323243141169 -0.18235000222921369 2.6044566631317143 0.90873280167579662
decision_type=2 2 2 2 2 2 2 2 2 2 2 2 2 2 2 2 2 2 2 2 2 2 2 2 2 2 2 2 2 2
left_child=1 3 -2 5 13 14 -7 15 9 10 11 12 -6 -3 -1 -5 19 18 -18 -8 21 22 -21 24 -22 -26 -25 -28 -29 -30
right_child=2 4 -4 7 8 6 16 -9 -10 -11 -12 -13 -14 -15 -16 -17 17 -19 -20 20 23 -23 -24 26 25 -27 27 28 29 -31
leaf_value=0.0074665916848380871 0.0021594424736258175 0.0029500615983271087 0.0061840985566898096 0.0074453379084439171 0.00071721572330845208 -0.0075009252161753201 0.00071268135582343761 9.1805461784747478e-05 -0.045808187641940001 0.024962319084386328 -0.021675708256320415 0.024034105200033008 -0.038660994488478755 0.011614161717696091 -0.00095830453156281112 9.5250523885253088e-06 0.0011160365563306085 0.0077899464369991398 -0.022932384347052658 0.0019603741429615215 0.053479980453588094 -0.00017915587820097138 -0.0094897171693043968 -0.032604190067037964 -0.020011969243816579 0.017627770675144237 -0.027498222081310669 -0.0047303323194852831 0.025644344890636203 0.00034806690169306739
leaf_weight=759.97051567333983 26286.934069524897 2097.0396849383833 7312.9687065113103 2398.2721439418383 25951.558822033636 4354.9622855603156 5214.0922087910658 17133.538750771055 21.598795287311077 119.03757912665606 144.39971293509007 143.70971190184355 42.289952307939529 1129.3211388846394 103639.07567093722 1631.1882171488833 538.98209201497957 1301.4698038279312 213.42618162502185 997.5469664526172 49.650639025494456 2794.8281297084905 5110.9833476327622 72.875798752531409 77.14037671033293 294.96231780573726 92.512732919305563 641.5057733040303 211.8106496706605 281.76836926490068
leaf_count=10922 408967 25273 95094 12806 345009 122259 130480 177550 22 74 193 62 38 4384 1371955 9730 22021 25769 11769 36096 76 82669 166751 406 360 459 332 1464 197 742
internal_value=0 -0.000574919 0.00303617 -0.000950211 0.00129577 -0.00126286 -0.0029806 0.000920472 0.000721004 0.000766174 0.000652631 0.000779456 0.000647039 0.00599477 -0.000896649 0.00443932 -0.00187875 0.0028133 -0.00578472 -0.002488 -0.0040587 -0.00528527 -0.00761908 0.00227718 0.0153035 0.00968289 -0.00197786 -5.61029e-05 0.00226527 0.0113314
internal_weight=211059 177460 33599.9 147811 29649 126648 22248.5 21163 26422.6 26401 26282 26137.6 25993.8 3226.36 104399 4029.46 17893.6 2053.88 752.408 15839.7 10625.6 8903.36 6108.53 1722.23 421.753 372.103 1300.47 1227.6 1135.08 493.579
internal_count=3063929 2559868 504061 2184813 375055 1984727 601850 200086 345398 345376 345302 345109 345047 29657 1382877 22536 479591 59559 33790 420032 289552 285516 202847 4036 895 819 3141 2735 2403 939
is_linear=0
shrinkage=0.03


Tree=135
num_leaves=31
num_cat=0
split_feature=88 17 25 88 77 2 1 11 27 72 68 78 62 71 63 19 9 63 2 79 28 70 67 78 63 62 72 70 63 67
split_gain=403.239 200.388 80.5698 80.1198 73.6234 79.0168 85.7946 71.6409 67.5184 67.4016 65.653 115.282 75.6026 71.9067 71.2446 64.9216 63.272 61.0434 60.3797 59.4727 86.9823 65.5307 58.5805 57.9226 95.4165 83.9272 55.9929 105.339 80.4525 102.558
threshold=0.047472711652517326 0.42514967918396002 0.31061333417892462 0.015796643681824211 -0.94964629411697377 -0.14387831836938855 0.4661774635314942 0.31061333417892462 1.0440582633018496 -1.7425839900970457 3.0222334861755376 -0.0013334962422959504 1.9520626664161684 4.4478356838226327 0.93912944197654735 1.2459200620651247 0.66995003819465648 1.0000000180025095e-35 -0.95679354667663563 -0.29908904433250422 1.0000000180025095e-35 3.2084593772888188 2.5820914506912236 0.071212492883205428 1.1228262186050417 0.20961493253707889 -1.127153158187866 2.6441293954849248 0.17137868702411654 0.38043865561485296
decision_type=2 2 2 2 2 2 2 2 2 2 2 2 2 2 2 2 2 2 2 2 2 2 2 2 2 2 2 2 2 2
left_child=3 2 4 -1 8 6 23 9 26 -3 13 12 -12 14 -7 16 -11 -8 -4 -13 21 -21 -14 -6 25 -25 -2 28 29 -28
right_child=1 7 18 -5 5 10 17 -9 -10 15 11 19 22 -15 -16 -17 -18 -19 -20 20 -22 -23 -24 24 -26 -27 27 -29 -30 -31
leaf_value=0.011362563311194224 0.0045566484308824087 -0.015166592582503392 0.016325896194457228 0.0038249039565503872 -0.0044950377742050615 -0.0017078480821601724 -0.010471246909324236 0.010843328509631453 0.024510437570932405 0.00071212432122350912 -0.026978923114111594 0.031599609892321863 0.018650819714630628 0.020514140755005111 -0.036275646455188201 -0.035608790117859015 0.010571281800123358 -0.036501082125087153 0.00038362870193891477 0.023730359217693193 -0.012995948232120946 0.0026610998852994892 -0.019870832647836532 0.0010176349212287468 0.044861531781894802 -0.02722376426002647 -0.00041208264587387134 -0.024519382412979043 0.01450866018106034 -0.014022849096475746
leaf_weight=1380.5900996708224 1994.4217446930707 235.65414895117283 212.15232444508001 15523.214485844001 10040.038776507849 55874.674558637045 752.93740319870994 630.17358877137303 95.32925670593977 75500.415649475355 130.1650500446558 112.21566183120012 90.411001473665237 126.95770879089832 49.734942942857742 40.127193389693275 586.51507998770103 88.354521119967103 19960.163249673322 275.12034779042006 135.06919489428401 256.7196787931025 53.023745745420456 2307.4003166519324 39.167212277650833 94.749512460082769 23286.849597511522 161.51694192737341 313.04630267992616 505.18660798296332
leaf_count=26241 2046 282 1148 217246 252351 935466 30733 3162 105 942573 269 87 80 75 119 92 3343 671 222682 168 184 242 160 50501 10 378 372297 244 275 699
internal_value=0 -0.000387348 -0.00116975 0.00444334 -0.00152923 -0.00203539 -0.00411578 0.000801091 -0.000176449 0.000717596 -0.00154969 0.00585826 -0.0107777 -0.00168931 -0.00174126 0.00076762 0.000788734 -0.0133701 0.00055472 0.0117312 0.00821287 0.0136644 0.00422718 -0.00348756 0.000654465 -0.000137843 -0.000269954 -0.000667514 -0.000503465 -0.000703584
internal_weight=210852 193948 116955 16903.8 96783.1 70426.7 13322.6 76992.9 26356.4 76362.7 57104.1 1052.72 273.6 56051.4 55924.4 76127.1 76086.9 841.292 20172.3 779.125 666.909 531.84 143.435 12481.4 2441.32 2402.15 26261 24266.6 24105.1 23792
internal_count=3063929 2820442 1870990 243487 1647160 1271494 334644 949452 375666 946290 936850 1190 509 935660 935585 946008 945916 31404 223830 681 594 410 240 303240 50889 50879 375561 373515 373271 372996
is_linear=0
shrinkage=0.03


Tree=136
num_leaves=31
num_cat=0
split_feature=88 25 86 88 5 7 74 20 77 66 66 72 22 74 7 7 72 48 78 84 77 72 1 85 3 84 18 48 74 3
split_gain=393.866 169.014 116.95 99.1749 79.4875 78.3545 68.5516 66.8521 63.2566 84.9075 101.087 71.8087 68.7709 61.3585 80.275 94.2813 62.9272 60.3714 67.4584 60.3412 93.7516 58.1414 56.8939 55.0132 50.5504 50.2035 56.0129 48.9962 48.6594 47.907
threshold=0.05663623288273812 0.37446653842926031 0.18274933844804767 0.023474368266761306 0.14931328594684604 0.34556056559085851 -0.95679354667663563 0.46209810674190527 -0.94964629411697377 1.9276148676872256 1.2382806539535525 -1.8248828053474424 0.2834331095218659 -0.16564472019672391 0.096961159259080901 -0.57484117150306691 -1.5983239412307737 1.0000000180025095e-35 0.020881874486804012 -0.10603056475520133 0.6147962510585786 -1.859471261501312 0.43377727270126348 0.10488206148147584 0.14344809204339984 -0.51911750435829151 0.42514967918396002 1.1423044800758364 -0.2950120866298675 0.075126308947801604
decision_type=2 2 2 2 2 2 2 2 2 2 2 2 2 2 2 2 2 2 2 2 2 2 2 2 2 2 2 2 2 2
left_child=3 2 7 -1 5 -3 -6 -2 21 10 11 23 19 14 15 -13 17 18 -15 -12 -21 -4 -16 29 -25 -26 -27 -18 -8 -10
right_child=1 4 8 -5 6 -7 28 -9 9 -11 12 13 -14 16 22 -17 27 -19 -20 20 -22 -23 -24 24 25 26 -28 -29 -30 -31
leaf_value=0.0083817749536780704 -0.00041227076937982375 0.0067241112100242494 0.016258546963493586 0.0028764905166860835 0.017365863518122828 -0.00090209005914918385 -0.0037359907337050097 0.0019018478508112282 -0.010937209395592496 -0.039037323216067656 0.01248876504719562 -0.016570262802003702 0.025477429445111735 0.00931143864764504 -0.0048504238317830265 0.00057630703174373966 -0.0016641344204802512 0.034372979014883176 -0.022519491054797173 -0.028587470873238263 0.020077203735594761 -0.00042271200469475094 -0.013428620493935893 0.019178257435685013 0.01173246825427683 -0.029403788134359315 0.0086897463911625467 -0.018444303917615302 0.0010543379143346456 -0.046986517993490746
leaf_weight=3469.9723145334647 54936.414318352297 4399.6551079216879 185.52140901982784 19463.454294818126 219.16857888619415 1670.677480950777 2072.9828971209936 14119.482025816018 67.87784132361412 51.977323763072491 238.96801656857133 306.49044688395225 181.98995929211378 400.39957861602306 7793.1657948783541 4088.9850319412872 47875.907343595456 67.138751063495874 66.403301101177931 96.942268704995513 51.489813353866339 24061.932594703321 762.9367359316966 51.309326261281967 55.101499632000923 137.65661235153675 43.761172726750374 153.21882044104859 23486.41766918308 68.324812527745962
leaf_count=61332 776317 24283 157 265683 1005 10240 25074 155968 47 241 308 16772 124 472 184673 91421 820926 37 159 217 62 353294 23966 51 117 468 86 4661 245648 120
internal_value=0 -0.000453453 -0.000860396 0.00371099 0.00153778 0.00462527 0.000809957 6.0902e-05 -0.00159332 -0.00209747 -0.00206419 -0.00218019 0.0104742 -0.00209476 -0.00392951 -0.000632255 -0.00160506 0.00859823 0.00462103 0.00322628 -0.0115927 -0.000292235 -0.00562177 -0.0144289 -0.0067936 -0.0126718 -0.0202015 -0.00171929 0.000665121 -0.0298777
internal_weight=210646 187712 155863 22933.4 31848.9 6070.33 25778.6 69055.9 86807.5 62560 62508.1 61938.7 569.39 61514.6 12951.6 4395.48 48563.1 533.942 466.803 387.4 148.432 24247.5 8556.1 424.031 287.829 236.519 181.418 48029.1 25559.4 136.203
internal_count=3063929 2736914 2430664 327015 306250 34523 271727 932285 1498379 1144928 1144687 1143976 711 1143087 316832 108193 826255 668 631 587 279 353451 208639 889 722 671 554 825587 270722 167
is_linear=0
shrinkage=0.03


Tree=137
num_leaves=31
num_cat=0
split_feature=17 54 16 25 77 20 3 4 69 67 3 87 9 7 7 7 21 5 61 71 69 61 1 82 60 5 86 86 1 72
split_gain=388.959 125.561 113.935 80.2993 84.6876 113.74 80.7727 78.0491 133.234 161.998 107.158 78.8605 72.8613 70.8119 102.008 90.6293 77.4776 77.2372 68.4506 87.5485 96.0936 101.71 84.7317 68.2038 63.5707 60.6537 59.1391 94.4095 65.4088 55.8232
threshold=0.58756005764007579 0.31061333417892462 0.61035025119781505 0.37446653842926031 -0.94964629411697377 1.2844802141189577 0.20209552347660067 0.3114724606275559 0.15101174265146258 0.35422003269195562 0.53394809365272533 0.041050415486097343 1.0000000180025095e-35 0.096961159259080901 0.27240583300590521 0.3548355251550675 0.20707555115222934 1.3938320875167849 1.4284667372703554 2.8425743579864506 0.46678209304809576 0.10625525936484338 0.12791126221418384 -0.1775090545415878 1.2017698287963869 0.14931328594684604 0.12969312071800235 0.51275929808616649 -0.087545696645975099 -1.1077199578285215
decision_type=2 2 2 2 2 2 2 2 2 2 2 2 2 2 2 2 2 2 2 2 2 2 2 2 2 2 2 2 2 2
left_child=1 3 -2 4 5 18 -6 12 13 -10 11 -11 24 -9 16 -16 -15 -17 19 20 21 -1 26 -24 -8 -5 -22 28 -28 -3
right_child=2 29 -4 25 6 -7 7 8 9 10 -12 -13 -14 14 15 17 -18 -19 -20 -21 22 -23 23 -25 -26 -27 27 -29 -30 -31
leaf_value=-0.00040401932986979401 0.0019440202922158254 -0.03058334619916759 0.0062384317378044998 0.0042855004760776931 -0.0010132026207608346 0.028335035099557922 -0.0038073211626907903 0.0010195834561381838 0.032734474278015013 -0.0064811735084792628 -0.027304790203234567 0.015264350100094389 -0.010641398046459517 -0.0097460713959424267 0.012136599141430393 -0.0023090132567239706 -0.0028931882545858005 0.016345220959212231 -0.021699355197933916 0.0053138470967781419 0.011144821276269711 0.017497371215224405 -0.035339826310293407 0.0040632814871017602 0.023001341004811885 -4.9802050227123581e-06 -0.035608184032390522 0.020212639323971684 -0.0032344542499826061 0.0012459751719087785
leaf_weight=31810.005884918632 33384.020324042234 45.672456044703722 6671.2988783696856 3649.0762545292964 51120.527212657857 122.68127496913075 16738.118723541113 4779.7845781690557 206.72951390594244 235.94842337071896 88.859969064593315 398.94293077290058 1470.4279834943009 2758.5193168719125 466.86801191963605 5168.1880820479128 3226.3959226421721 203.77487415999349 128.07229260727763 2527.4698804728687 148.92708522081375 284.2295952886343 173.62525014951825 49.610895171761513 76.016505243256688 15742.619689179148 120.06797926127911 61.03067583963275 104.83384966105223 28479.963772171555
leaf_count=463163 479686 73 106110 19574 668933 46 357978 99128 124 197 172 456 40156 96706 9123 121613 51790 4738 167 2405 95 232 309 62 131 161953 227 59 100 378423
internal_value=0 -0.000625355 0.00265993 -0.000990559 -0.00127458 -4.04173e-05 -0.00177889 -0.00287132 -0.00144039 0.00958138 0.00281826 0.00718591 -0.00424266 -0.00206049 -0.00330593 -0.00048312 -0.00605692 -0.00158893 -0.000142049 -6.12135e-05 -0.000476738 -0.000243182 -0.0117898 -0.0266459 -0.00368041 0.000802876 -0.00397979 -0.011918 -0.0208576 0.00119057
internal_weight=210442 170387 40055.3 141861 122470 35530.6 86939.1 35818.6 17534 930.481 723.751 634.891 18284.6 16603.5 11823.7 5838.83 5984.92 5371.96 35407.9 35279.8 32752.3 32094.2 658.096 223.236 16814.1 19391.7 434.86 285.933 224.902 28525.6
internal_count=3063929 2478133 585796 2099637 1918110 466865 1451245 782312 384047 949 825 653 398265 383098 283970 135474 148496 126351 466819 466652 464247 463395 852 371 358109 181527 481 386 327 378496
is_linear=0
shrinkage=0.03


Tree=138
num_leaves=31
num_cat=0
split_feature=88 20 88 55 63 66 70 18 87 6 6 6 27 2 7 1 6 19 22 3 34 60 6 32 7 6 70 77 72 1
split_gain=380.914 154.199 96.4233 81.3723 68.0896 60.0577 85.6399 59.5557 85.8937 67.9921 90.0584 79.9224 76.0735 69.3683 90.3848 62.0714 58.1328 57.024 59.1136 70.2047 54.7606 53.1515 50.0254 57.2297 48.9409 123.607 80.2689 117.03 101.425 126.602
threshold=0.05663623288273812 0.3114724606275559 0.025800288654863838 0.31061333417892462 0.45934934914112097 1.7566918134689333 3.7726968526840214 0.53458327054977428 0.20159892737865451 0.3810447901487351 0.30561105906963354 0.38169310986995703 0.2834331095218659 -0.1008038781583309 0.27240583300590521 0.50520503520965587 0.39159533381462103 0.51887804269790661 1.2780928611755373 0.14920693635940555 0.50316895544528972 1.2017698287963869 0.038208844140172012 1.0986121296882632 -0.4054999947547912 0.073521606624126448 0.76184818148612987 -0.9999999701976775 -0.7615540325641631 0.0070045362226665029
decision_type=2 2 2 2 2 2 2 2 2 2 2 2 2 2 2 2 2 2 2 2 2 2 2 2 2 2 2 2 2 2
left_child=2 3 -1 5 22 6 7 9 -9 10 15 -11 16 14 -12 21 -13 18 20 -20 -3 24 23 -5 -2 -26 -27 -28 29 -29
right_child=1 17 -4 4 -6 -7 -8 8 -10 11 13 12 -14 -15 -16 -17 -18 -19 19 -21 -22 -23 -24 -25 25 26 27 28 -30 -31
leaf_value=0.0077035769102755808 0.00012775717622206764 7.7955169439358752e-05 0.0027153938969252268 0.0028054304547479618 0.022624435542066283 -0.015864076265254167 0.022442233784726102 -0.0003296385493610858 -0.014168759885847492 0.012923015894504456 -0.015660308122433513 -0.0078810121915646424 0.0048527468877246228 -0.0027888913010826809 -0.0051443944804124035 -0.006321170192872377 -0.00024121799696798067 0.0035053186825635173 -0.0010577775670787546 0.022536895493795762 0.0033112703316728301 0.028112198422662948 2.9101938891394459e-05 0.016527317999708115 -0.0046515491811245507 -0.0020581474836169119 -0.030120585851601909 -0.0036538121287034014 0.0089159720124536868 0.0051180460350541213
leaf_weight=4293.1514867806909 11492.841977093849 45335.357658818364 18609.382341109311 1985.3382705858676 122.26923497021198 252.25362802483141 132.31412364915013 41405.8857905365 403.63307001175417 452.86587844998576 1069.5611596329254 1158.2128472864861 2050.1830962539825 4574.1681519773265 2365.8983800706628 2577.5473331921385 3926.3235815618536 6444.9100145224947 215.78689456917346 233.81688721105456 5257.8540388092224 50.323757279664278 19271.585093506612 314.09595535229892 11727.08669909391 16929.076855110572 98.944473922252655 3275.2820985130966 1548.0382306873798 2695.9591507986188
leaf_count=74194 193241 488791 252821 22742 57 472 92 692689 15400 7200 47164 31565 20847 89580 58318 64102 94762 46653 607 274 56043 35 308278 971 186303 301527 69 4338 1711 3083
internal_value=0 -0.000446443 0.00365182 -0.00101902 0.000657661 -0.00135528 -0.00132075 -0.00135079 -0.000464693 -0.00191204 -0.00225913 0.000758806 -1.9478e-05 -0.00521374 -0.00843403 -0.00178906 -0.00198721 0.00084707 0.00051109 0.0112933 0.000414299 -0.00154416 0.000528768 0.0047072 -0.00157785 -0.00211832 -0.000907363 0.00164904 0.00208347 0.000306621
internal_weight=210270 187367 22902.5 129880 21693.3 108186 107934 107802 41809.5 65992.3 58404.7 7587.59 7134.72 8009.63 3435.46 50395.1 5084.54 57487.7 51042.8 449.604 50593.2 47817.6 21571 2299.43 47767.2 36274.4 24547.3 7618.22 7519.28 5971.24
internal_count=3063929 2736914 327015 2144546 332048 1812498 1812026 1811934 708089 1103845 949471 154374 147174 195062 105482 754409 126327 592368 545715 881 544834 690307 331991 23713 690272 497031 310728 9201 9132 7421
is_linear=0
shrinkage=0.03


Tree=139
num_leaves=31
num_cat=0
split_feature=17 56 19 6 7 7 13 3 16 61 64 78 82 22 5 69 87 7 6 5 7 6 83 77 5 82 71 70 6 2
split_gain=374.034 128.107 96.7125 73.4732 151.372 81.8372 63.7123 62.2965 57.5914 54.972 84.2394 113.666 75.5857 59.4604 53.3447 94.4473 82.8646 80.1241 59.4683 100.451 71.5467 70.0721 53.8554 54.4487 53.4929 54.947 59.529 70.1588 51.7664 51.6647
threshold=0.61035025119781505 1.0000000180025095e-35 0.37498413026332861 0.038208844140172012 0.25045758485794073 0.16414991766214374 0.61035025119781505 0.19760918617248538 0.63123199343681347 0.18027425557374957 0.57090237736701976 0.0090896883048117178 0.11053835600614549 1.0000000180025095e-35 1.072022616863251 1.6698254942893984 0.025666352361440662 0.6722283959388734 0.39159533381462103 1.3411182165145876 -0.39434722065925593 0.40816338360309606 0.011578931473195555 -0.44805106520652765 1.3222696185112002 -0.79222640395164479 1.9841092228889468 1.5736430287361147 0.10889055579900743 -0.83190160989761341
decision_type=2 2 2 2 2 2 2 2 2 2 2 2 2 2 2 2 2 2 2 2 2 2 2 2 2 2 2 2 2 2
left_child=1 6 -2 4 5 -3 14 9 -4 -5 -11 12 13 -12 -1 16 -16 18 20 -20 -18 -21 23 -17 25 26 -22 -28 -19 -9
right_child=2 3 8 7 -6 -7 -8 29 -10 10 11 -13 -14 -15 15 22 17 28 19 21 24 -23 -24 -25 -26 -27 27 -29 -30 -31
leaf_value=-0.0010174482846529338 0.0020197750277593028 0.0027791931818374406 0.0039460275913649166 0.00055032360621352396 0.009233233491556277 -0.0029071789659593375 0.0095723181170614992 0.0090581478336306236 0.0093690633800439047 0.023441257705459108 -0.031597561061714345 0.028661293095502749 0.015092944366671544 -0.0029937176699807344 0.00044122784287531672 0.0022789357394852119 0.00053481706225471325 -0.0024525035729824952 -0.0034656669444992627 0.023586719136122595 -0.005135168243725367 -0.0067205953050434994 -0.015128538172365784 0.021532693409347249 -0.011485938488713852 -0.0079040364391385377 0.014303386088434842 -0.0034667662933084405 0.011056418968168327 -0.0012503661252580448
leaf_weight=74840.503337786082 25640.429028723214 6611.1341573936807 5076.1156135449564 39862.16161135229 2376.4581312959781 3469.7639419546467 477.30736657744274 440.03142104076687 2709.7818445945595 235.72150546312332 105.41751329600811 104.96547012031078 105.23983713984489 165.96166094392538 4179.7628764833789 260.38235602900386 1348.2828489062522 562.71420625320752 1348.6590306886937 234.78612942004111 2261.5998813740298 93.979619261808693 70.678901785984635 267.96943540871143 1809.4218984947802 4308.7759302106715 352.55055648647249 451.89590755477548 460.96078799173119 29828.659697509764
leaf_count=960809 402312 85265 57480 522359 11259 48572 2141 5683 44269 88 112 59 76 117 46896 503 43132 15562 52311 4323 73460 2978 230 411 64769 132129 595 969 10803 474257
internal_value=0 -0.000550708 0.00290984 0.000304394 0.00242873 0.000821167 -0.00131399 -6.91833e-05 0.00583787 0.000699025 0.00890755 0.00164997 -0.00608848 -0.0144188 -0.00137041 -0.00283614 -0.0032399 -0.00440268 -0.00507878 0.000164643 -0.00591403 0.014933 0.00883697 0.0121409 -0.00686105 -0.00572011 -0.00264323 0.00434772 0.00364554 -0.00109918
internal_weight=210062 176636 33426.3 83305.5 12457.4 10080.9 93330.2 70848.2 7785.9 40579.5 717.306 481.584 376.619 271.379 92852.9 18012.4 17413.4 13233.6 12210 1677.42 10532.5 328.766 599.031 528.352 9184.24 7374.82 3066.05 804.446 1023.67 30268.7
internal_count=3063929 2559868 504061 1147847 145096 133837 1412021 1002751 101749 522811 452 364 305 229 1409880 449071 447927 401031 374666 59612 315054 7301 1144 914 271922 207153 75024 1564 26365 479940
is_linear=0
shrinkage=0.03


Tree=140
num_leaves=31
num_cat=0
split_feature=88 17 72 59 20 79 71 60 78 65 72 4 87 79 71 16 69 1 82 88 66 72 84 63 28 78 88 69 1 11
split_gain=369.01 195.873 83.2555 81.9442 75.6946 86.9234 77.8461 88.3291 87.6621 106.907 78.9428 70.4411 92.791 141.241 78.7244 75.71 71.6108 70.1242 66.6894 63.5273 63.2139 59.9259 59.6686 103.274 73.1263 110.558 71.6313 62.0951 58.6928 58.2318
threshold=0.042061204090714462 0.46720869839191442 -1.6376706361770628 0.37446653842926031 1.0456365942955019 -0.15217151492834088 1.9226946234703066 9.1074420227599272e-10 -1.0000000180025095e-35 0.56957486271858226 -0.23221001029014585 0.3114724606275559 0.13617445528507235 -0.25830319523811335 3.2727698087692265 0.31061333417892462 0.2270840182900429 0.21304821223020556 -0.9999926984310149 0.015796643681824211 0.19607824087142947 -0.41796733438968653 -0.2632549107074737 0.002420479198917747 1.0000000180025095e-35 -0.0020480053499341007 0.20802843570709231 0.83006414771080028 -0.050402510911226266 0.37446653842926031
decision_type=2 2 2 2 2 2 2 2 2 2 2 2 2 2 2 2 2 2 2 2 2 2 2 2 2 2 2 2 2 2
left_child=19 3 20 4 6 -6 7 -2 9 -9 11 18 13 15 -14 -13 -15 -16 28 -1 -3 -20 -18 -24 -25 -26 27 -27 -8 -4
right_child=1 2 29 -5 5 -7 10 8 -10 -11 -12 12 14 16 17 -17 22 -19 21 -21 -22 -23 23 24 25 26 -28 -29 -30 -31
leaf_value=0.010994761145275566 -0.0016868559892491376 -0.0037601981903621329 0.0010150442153128432 0.00048723785488862052 0.028239126575240588 0.0001748302545286 -0.0060898559973059018 -0.021345624413156555 -0.028837482746952491 0.021962038266996185 0.027345020695176102 -0.021725217893237697 0.022715453225059939 0.017177572267124699 -0.018213742614743518 0.010467718534176048 0.016891636736453896 0.022575224182639846 -0.00092576320137489887 0.0041478889438982432 -0.034887370671576275 -0.022300849884710941 -0.021625567624564947 0.0085309260768540902 -0.029361634953474276 0.0037431723598025345 0.016290177742831036 -0.026526709016675705 0.018469254740613172 0.015895525847447238
leaf_weight=1359.4031512271686 89540.007955483918 147.01172056794167 65699.135547901271 26558.993248650455 161.81412116065621 248.65774817299098 122.65743609517813 105.93540339916945 211.35855005122721 92.1741639431566 95.225898027420044 297.3302244618535 391.73002265021205 358.3969556838274 94.725096262991428 81.253870248794556 224.61093730479479 57.609161734580994 9894.5993399461731 11829.499425355454 95.44805982708931 115.50427136570215 165.745675817132 871.51665206253529 127.98056790977716 150.51523086428642 179.26068452000618 97.371084913611412 286.76762118190527 233.60419658478349
leaf_count=26241 1597315 156 843554 406503 115 289 131 409 704 171 76 355 318 271 177 26 137 66 14695 169223 129 337 164 485 192 105 121 119 157 1188
internal_value=0 -0.000325751 0.00100374 -0.000999802 -0.0013797 0.0114148 -0.0014309 -0.00175087 -0.0155873 -0.00113779 0.00068299 0.0004868 0.0044555 0.00204646 0.0156585 -0.0147668 0.00499627 -0.00257661 -0.000694042 0.00485707 -0.0163995 -0.00118166 0.00255862 0.000496834 0.00312341 -0.00535831 0.00202874 -0.00836157 0.0111131 0.0010688
internal_weight=209896 196707 66175.2 130532 103973 410.472 103562 89949.5 409.468 198.11 13612.8 13517.6 3098.05 2553.98 544.064 378.584 2175.4 152.334 10419.5 13188.9 242.46 10010.1 1817 1592.39 1426.64 555.128 427.147 247.886 409.425 65932.7
internal_count=3063929 2868465 845027 2023438 1616935 404 1616531 1598599 1284 580 17932 17856 2536 1975 561 381 1594 243 15320 195464 285 15032 1323 1186 1022 537 345 224 288 844742
is_linear=0
shrinkage=0.03


Tree=141
num_leaves=31
num_cat=0
split_feature=88 17 88 26 72 66 64 85 3 86 82 64 66 64 66 22 82 68 68 50 70 60 69 16 39 44 82 3 17 5
split_gain=363.191 161.351 92.0753 84.0075 79.5283 71.5907 75.079 73.1376 69.2011 92.4701 84.5337 68.9084 79.4181 63.6301 61.0247 60.4111 72.2112 59.1011 55.1497 57.9538 55.099 56.0228 54.0703 52.8045 51.6379 50.0441 48.7519 82.4378 73.5946 108.346
threshold=0.05663623288273812 0.46720869839191442 0.023474368266761306 0.37446653842926031 -1.6376706361770628 0.53876152634620678 0.80211091041564953 0.78267052769660961 0.7167842984199525 0.38399600982666021 -0.72576907277107228 0.14251447468996051 0.90762943029403698 0.10250323265790941 0.19607824087142947 1.1641193032264712 -0.95683938264846791 2.4118119478225712 2.6321536302566533 1.0000000180025095e-35 3.4617741107940678 0.28005245327949529 0.6798875927925111 0.53458327054977428 1.0000000180025095e-35 0.88676083087921154 -0.88986855745315541 0.13799199461936953 1.0000000180025095e-35 0.65365403890609752
decision_type=2 2 2 2 2 2 2 2 2 2 2 2 2 2 2 2 2 2 2 2 2 2 2 2 2 2 2 2 2 2
left_child=2 3 -1 5 14 6 7 18 9 10 -8 13 -13 15 -3 -5 -17 -12 19 -2 21 23 -19 -6 -20 -9 28 -28 -7 -30
right_child=1 4 -4 11 20 26 8 25 -10 -11 17 12 -14 -15 -16 16 -18 22 24 -21 -22 -23 -24 -25 -26 -27 27 -29 29 -31
leaf_value=0.0081053781028330996 -0.0020143791455924783 -0.0036577817738282252 0.0027704809268902205 -0.0002080272812993458 0.00059435263402410495 -0.013793682164093509 -0.027226537463558999 -0.011962610286477326 0.016044518862697178 -0.040603723127069662 -0.018562095173376179 0.0086648392925965084 -0.010193637655435194 -0.033968975092996359 -0.034601253210690935 0.040121197870892938 -0.0016514430859241773 0.022522334820804658 -0.0056176033478954144 7.6758132532864985e-05 -0.039493219467157871 0.015381426211816858 -0.0087787051629074648 0.0035126483698581555 0.024089313014865964 0.026040471815429671 -0.0019708485319963401 0.0079170680754120544 -0.019756395446824258 0.0069121028517165209
leaf_weight=3426.0962096285148 65746.139028640362 142.18105672299862 19386.891982355526 40856.07573211097 51015.24871114541 380.81410471349955 153.98780248314142 801.41849510374595 66.500133868306875 104.07572600245476 98.535965448245406 1434.7546487748623 229.95792758464813 46.09976664185524 93.835980981588364 69.407997542060912 74.585801861714572 113.9927072674036 80.845528990030289 14565.763606401917 26.293448075652122 237.96312944591045 82.588752310723066 6263.277079814201 139.44362560659647 28.701834646519274 1231.5673230215907 1964.9394382266328 164.86879567801952 724.84705248102546
leaf_count=61332 1182289 153 265683 528588 658653 815 253 48056 117 397 190 628 139 56 129 87 248 94 137 241487 41 161 116 68129 109 703 1165 3053 178 743
internal_value=0 -0.000436117 0.00357316 -0.00102561 0.000881561 -0.00156338 -0.00176495 -0.00168531 -0.0121361 -0.0156227 -0.00951635 6.27834e-05 0.0060389 -0.000180046 -0.0163507 -0.000138634 0.0189936 -1.98859e-05 -0.00159362 -0.00163508 0.000953451 0.000974764 0.00943674 0.000913763 0.0132611 -0.0105247 0.00213323 0.00410829 -0.00282957 0.00189896
internal_weight=209752 186939 22813 129160 57778.8 86449 81982 81362.3 619.681 553.181 449.105 42710.9 1664.71 41046.2 236.017 41000.1 143.994 295.117 80532.2 80311.9 57542.8 57516.5 196.581 57278.5 220.289 830.12 4467.04 3196.51 1270.53 889.716
internal_count=3063929 2736914 327015 2009648 727266 1479902 1473948 1472781 1167 1050 653 529746 767 528979 282 528923 335 400 1424022 1423776 726984 726943 210 726782 246 48759 5954 4218 1736 921
is_linear=0
shrinkage=0.03


Tree=142
num_leaves=31
num_cat=0
split_feature=88 17 53 72 88 20 83 71 66 66 63 67 83 79 86 6 5 7 6 14 63 72 65 18 78 67 61 36 17 18
split_gain=357.66 165.934 82.8869 71.2627 70.7904 70.5916 76.9624 61.4025 125.316 80.3957 80.2424 68.0034 62.9109 77.8682 61.3339 81.4156 91.4545 79.1009 96.1053 60.6127 59.1874 57.4817 63.7932 98.5622 62.6054 77.0074 65.8205 60.9574 63.5863 77.6915
threshold=0.047472711652517326 0.46720869839191442 0.20707555115222934 -1.6304813623428343 0.01872641779482365 1.0456365942955019 -5.6955579566420049e-05 1.7281509041786196 0.0015367179876193406 0.026524681597948078 1.0000000180025095e-35 0.31142535805702215 -0.046872183680534356 -1.0000000180025095e-35 0.18274933844804767 0.39262773096561437 1.3411182165145876 -0.41173662245273585 0.28611345589160925 0.68507987260818493 0.046762928366661079 -1.4475091099739072 1.6679560542106631 0.56247621774673473 0.013166931457817556 0.67863234877586376 0.51845484972000133 0.24964435398578647 0.22396993637084964 0.56247621774673473
decision_type=2 2 2 2 2 2 2 2 2 2 2 2 2 2 2 2 2 2 2 2 2 2 2 2 2 2 2 2 2 2
left_child=4 2 5 20 -1 14 -7 10 -9 -10 19 -11 13 -13 21 17 -17 18 -16 -4 -3 24 -23 -24 25 -2 -26 28 -27 -30
right_child=1 3 7 -5 -6 6 -8 8 9 11 -12 12 -14 -15 15 16 -18 -19 -20 -21 -22 22 23 -25 26 27 -28 -29 29 -31
leaf_value=0.0095105112178637801 0.022190021761659122 -0.0051039212218581048 -0.00042913420568382171 0.00096138064842592999 0.0034868057564278227 0.025837081764163213 -0.00039538284998579947 0.033168355114185442 -0.01571164275031324 0.031081896941499699 -0.031196940611517177 -0.040852296329197298 0.0045243297266943719 0.0092320484129663916 0.0010021082711202719 0.00035735021898179205 0.017618042751513265 -0.0030132549851390332 -0.010518461800007916 0.0047681849280739085 -0.036912015584363654 -0.00054396331583526794 0.0012095604798210778 -0.026854545500285987 0.0042315336657523534 0.013094662223968382 0.033496181425630829 -0.01734295901387253 -0.010096980293228561 0.0071696758486574051
leaf_weight=1993.0776123816904 155.05041741579771 170.36556141078472 39753.024789584946 62769.782960660639 14740.702521407977 172.54813102912158 233.11561291757971 125.6896141692996 188.75770702958107 79.199586063623428 71.131346523761749 58.355753419920802 2307.2641985788941 48.182363148778677 8196.5950863797552 5705.9515798295324 286.37567334302003 44188.471557149263 703.94501650857273 2123.5329084584955 73.547709673643112 23266.165728219785 239.45701852440834 207.61509618908167 152.5215310677886 354.27338181436062 125.28153415769339 154.85892414301634 482.07178376615047 449.15796077996492
leaf_count=38049 121 184 664141 801795 205438 154 324 45 247 42 538 133 2195 57 130951 122092 5834 754953 24631 15412 107 294340 187 282 200 367 56 191 444 419
internal_value=0 -0.000365108 -0.0009782 0.000897972 0.00420663 -0.00152798 0.0108949 6.67987e-05 0.00435891 0.00295959 -0.000220742 0.00439799 0.00347063 -0.0186463 -0.00158807 -0.00211942 0.0011942 -0.00249358 8.61237e-05 -0.000165044 -0.0151541 -0.000360812 -0.000760901 -0.0119357 0.00469239 0.00238016 0.0177332 0.000189027 0.00235176 -0.00176894
internal_weight=209576 192842 129829 63013.7 16733.8 85073.5 405.664 44755.1 2807.45 2681.76 41947.7 2493 2413.8 106.538 84667.8 59081.3 5992.33 53089 8900.54 41876.6 243.913 25586.5 23713.2 447.072 1873.22 1595.41 277.803 1440.36 1285.5 931.23
internal_count=3063929 2820442 2018356 802086 243487 1335546 478 682810 2719 2674 680091 2427 2385 190 1335068 1038461 127926 910535 155582 679553 291 296607 294809 469 1798 1542 256 1421 1230 863
is_linear=0
shrinkage=0.03


Tree=143
num_leaves=31
num_cat=0
split_feature=17 33 15 26 85 11 40 86 63 67 78 83 25 32 9 72 71 71 86 78 71 62 22 1 78 71 70 61 67 72
split_gain=352.578 122.531 92.0202 83.5342 67.9809 60.1609 55.7708 55.5321 60.0322 100.62 114.936 51.4325 51.2032 50.3444 48.1579 47.6269 56.3142 62.7966 47.4515 46.473 56.1367 105.654 70.5126 65.4034 97.2604 70.7333 58.1953 55.3153 52.346 111.681
threshold=0.61035025119781505 1.0000000180025095e-35 0.46720869839191442 0.37446653842926031 0.85749101638793956 0.37446653842926031 0.68376818299293529 0.1461170092225075 0.16193460673093799 1.9130547642707827 1.5495206753257664e-06 0.0012046589399687948 1.0000000180025095e-35 0.8883829414844514 0.84242001175880443 -1.6943413615226743 2.7196677923202519 2.6136529445648198 0.01524593820795417 0.010422103572636844 3.5781178474426274 0.54351112246513378 0.39964921772480017 0.72944998741149913 0.027779328636825088 3.9899277687072758 2.4959869384765629 0.020898477174341682 0.95225256681442272 -0.72132718563079823
decision_type=2 2 2 2 2 2 2 2 2 2 2 2 2 2 2 2 2 2 2 2 2 2 2 2 2 2 2 2 2 2
left_child=1 3 14 4 7 13 15 8 18 11 12 -10 -11 -5 -2 -3 17 -17 -1 -9 21 26 -23 24 -22 27 28 -26 -21 -30
right_child=2 6 -4 5 -6 -7 -8 19 9 10 -12 -13 -14 -15 -16 16 -18 -19 -20 20 23 22 -24 -25 25 -27 -28 -29 29 -31
leaf_value=0.008919632513164525 0.0022394059222077003 -0.034625320336331582 0.0078392648331698789 0.00023379858087325064 -0.011670073864900859 0.020970466138317712 0.0097095341962097573 -0.002336347160495376 0.0070679205191445408 -0.0043654624685523901 0.00970838953107633 0.022647538364922892 -0.02830517309552005 -0.0052037263041299648 0.017569043291990192 0.00098725850082219185 0.01420556538159713 -0.038001202382519542 -0.00074527356634989761 -0.00066762046828749348 0.016413942685208273 -0.018644999880779622 0.013303719865343008 0.032625571320853045 0.005821863915602167 0.0042183429334264966 -0.029174628955676064 -0.031044409865174524 0.0014840109882904018 0.040521910734349818
leaf_weight=460.50566338453791 30104.129930337804 29.675285473465919 3001.6408241778845 47872.754757094925 572.95764992447221 120.14026165381074 678.14534892921802 46984.568340531623 641.78861005604267 166.73491364717484 291.00266063213348 272.12690503895283 155.46513310074806 1579.1216428465123 181.75723005610052 28430.616613772319 286.87120420485735 33.225200861692429 28858.142320899889 16893.316692509732 334.42071560397744 445.29949115309864 69.059101745486259 76.636462166905403 50.614701792597771 289.5591678544879 59.608782218769193 117.23810096271336 276.72265178337693 82.839972335845232
leaf_count=7182 460798 66 41943 547710 36214 484 6469 823711 568 198 245 206 130 25512 1320 368266 210 44 381582 357897 354 1228 85 37 84 407 154 291 493 41
internal_value=0 -0.000535157 0.00283132 -0.000889795 -0.00140134 0.000112124 0.00123027 -0.00133986 -0.00028963 0.00550118 -0.00388045 0.0117903 -0.0161359 5.9667e-05 0.00233386 0.001029 0.00107077 0.000936257 -0.000592118 -0.00183297 -0.000567417 -0.000931081 -0.0142772 0.00686231 0.00421175 -0.00476466 -0.000531097 -0.0200247 -0.000425133 0.0108372
internal_weight=209417 176129 33287.5 146671 97098.6 49572 29458.5 96525.7 30845.8 1527.12 613.203 913.916 322.2 49451.9 30285.9 28780.4 28750.7 28463.8 29318.6 65679.9 18695.3 17826.8 514.359 868.469 791.833 457.412 17312.5 167.853 17252.9 359.563
internal_count=3063929 2559868 504061 2184813 1611107 573706 375055 1574893 390111 1347 573 774 328 573222 462118 368586 368520 368310 388764 1184782 361071 359898 1313 1173 1136 782 358585 375 358431 534
is_linear=0
shrinkage=0.03


Tree=144
num_leaves=31
num_cat=0
split_feature=88 17 88 25 66 77 72 70 66 69 70 86 73 72 72 67 61 72 88 86 82 83 79 2 20 70 60 71 82 2
split_gain=348.6 150.053 86.779 80.1657 94.3966 81.7943 69.0996 104.514 101.113 93.8848 120.082 103.415 86.7804 82.1312 67.9193 66.7691 64.8827 97.4029 84.1585 78.2556 139.051 83.2822 74.7619 63.5252 62.6807 61.8808 60.2661 90.7462 59.5111 53.0173
threshold=0.05663623288273812 0.46720869839191442 0.025800288654863838 0.37446653842926031 0.10458528995513917 -0.94964629411697377 -1.1215718388557432 2.6311987638473515 0.59910815954208385 0.44259761273860937 1.3721346855163576 0.5409776270389558 -0.2383584529161453 -0.97821468114852894 -1.6376706361770628 0.64481118321418773 0.72455966472625744 -1.3233233690261839 0.11422480270266534 0.38734857738018041 -0.99409073591232289 0.058725107461214072 -0.13546102494001386 -0.95679354667663563 1.2844802141189577 1.8858025670051577 0.00026504385459702467 2.5624486207962041 -0.98492857813835133 -0.14387831836938855
decision_type=2 2 2 2 2 2 2 2 2 2 2 2 2 2 2 2 2 2 2 2 2 2 2 2 2 2 2 2 2 2
left_child=2 3 -1 5 15 6 16 8 9 10 24 12 -11 -14 28 23 18 -18 22 -20 -21 -22 -2 -5 -8 -15 27 -25 -3 -7
right_child=1 14 -4 4 -6 29 7 -9 -10 11 -12 -13 13 25 -16 -17 17 -19 19 20 21 -23 -24 26 -26 -27 -28 -29 -30 -31
leaf_value=0.007387726031484413 -0.026293129310201949 -0.039010985067396094 0.0026206264177910722 0.017738328825739967 0.014570825314961264 -0.0034470247061685012 -0.00043453090242909464 -0.023566678356486348 0.016974972964460835 -0.044593010715929124 0.026014794259557234 0.023511055649402462 -0.036700191549712789 -0.015721324246997355 0.0009100203074924487 -0.025786690386595652 -0.016420477105180832 0.017144619124589842 0.012475437964738869 0.025804694461298502 -0.028929558436497253 0.014808864041096598 0.0062432006099130315 0.00040084656310619888 0.024013168438639629 0.011690911794225545 0.021855335088859017 -0.049273830964897368 -0.0054776487727882291 -0.0014427382916198976
leaf_weight=4221.622790400339 115.39577656984329 63.719453230500221 18507.713723454253 189.47529176482931 436.67426908016205 14535.877220094902 27609.299550258031 170.1530287861824 299.26967311277986 84.751742415130138 152.34373536705971 58.198958948254585 84.468353882431984 163.59956213831902 57456.601608708515 82.449425041675568 259.27784064784646 106.65414761006832 1407.9938679784536 89.968647487461567 153.58112579956651 49.207317493855953 132.96008644998074 17216.584663835034 90.703626379370689 128.95983174070716 113.59931287169456 29.160707071423531 167.66890147328377 65092.922130158448
leaf_count=74194 108 82 252821 883 179 353714 423146 261 237 176 107 56 142 251 726984 75 314 86 1209 70 322 46 101 189394 29 115 25 27 200 1038575
internal_value=0 -0.000427427 0.00350738 -0.000996746 0.000855868 -0.00129895 4.08337e-06 -0.000396307 -0.000255376 -0.000439647 -0.000202771 -0.0130208 -0.017797 -0.0113568 0.000844124 0.000512706 0.00498634 -0.00654586 0.00716271 0.00954612 -0.0045053 -0.0182134 -0.00903375 0.000642373 -0.000350859 -0.00362816 0.00045147 0.000305185 -0.0152371 -0.00180882
internal_weight=209271 186542 22729.3 128854 18067.9 110786 31156.8 28841.7 28671.6 28372.3 27852.3 519.978 461.779 377.028 57688 17631.3 2315.04 365.932 1949.11 1700.75 292.757 202.788 248.356 17548.8 27700 292.559 17359.3 17245.7 231.388 79628.8
internal_count=3063929 2736914 327015 2009648 190583 1819065 426776 424520 424259 424022 423282 740 684 508 727266 190404 2256 400 1856 1647 438 368 209 190329 423175 366 189446 189421 282 1392289
is_linear=0
shrinkage=0.03


Tree=145
num_leaves=31
num_cat=0
split_feature=88 20 4 71 87 71 3 32 66 55 3 3 67 67 78 83 66 69 22 5 9 70 11 88 73 78 69 32 60 63
split_gain=345.069 160.693 97.6514 97.6219 102.894 111.458 93.9174 94.0391 83.0596 80.7709 68.8769 59.847 67.6055 86.2206 74.4841 69.0139 77.5735 73.5778 64.8038 62.0152 61.2855 61.3031 59.3718 59.2881 57.3368 56.8996 56.5346 54.5294 59.2577 52.4786
threshold=0.043427988886833198 0.3354459702968598 0.3114724606275559 1.2406429052352907 0.041050415486097343 3.5060305595397954 0.36499245464801794 0.2834331095218659 0.0062972314190119514 0.31061333417892462 0.02362634148448706 0.17349133640527728 1.776698172092438 1.6743258833885195 -0.10278231278061865 -0.016863464377820488 1.7566918134689333 1.6698254942893984 1.1641193032264712 0.6781650483608247 1.0000000180025095e-35 2.8488880395889287 0.31061333417892462 0.015796643681824211 -0.0040920809842646113 0.004323613829910756 1.7982517480850222 1.0000000180025095e-35 0.016930582001805309 0.93912944197654735
decision_type=2 2 2 2 2 2 2 2 2 2 2 2 2 2 2 2 2 2 2 2 2 2 2 2 2 2 2 2 2 2
left_child=23 2 9 -4 6 27 8 -8 -5 11 -3 29 13 18 -14 24 17 -17 20 -19 21 -13 -12 -1 -16 -22 -21 -6 -29 -2
right_child=1 10 3 4 5 -7 7 -9 -10 -11 22 12 14 -15 15 16 -18 19 -20 26 25 -23 -24 -25 -26 -27 -28 28 -30 -31
leaf_value=0.010562982462781541 -0.0010834231545407205 0.0028766653238192583 -0.00031776356157159032 0.017976166422624902 0.026409650831871509 -0.0044718240167547427 -0.035553469082375902 0.0014776237233482211 0.00013761771508717278 0.00060704800622506517 0.00030088490930332709 -0.0026097588135867394 -0.022037907516136844 -0.027203801716570115 0.028484705202664957 -0.0093682836942841057 -0.030777885036514834 -0.011934456988675953 -0.018551822260221059 0.031217576998960442 -0.011284380453394425 -0.023907859912267067 0.0098561057739028277 0.0039166599211478198 0.0015010028513210288 1.0952536282130556e-05 0.007915892331812736 0.014688427913019454 -0.0044220614262119708 -0.018827431721416318
leaf_weight=1335.1098984495038 31934.8382188994 13506.102322358289 59683.551947836022 268.98743680119514 274.38752631284297 349.91031593829393 119.25586309283972 122.55949629843235 1688.7378418445587 12180.02545682076 43657.324523487536 25780.605553179783 92.411984957754612 131.89808556064963 177.94003865122795 273.46199908107519 58.824013091623783 104.06433533132076 242.82756575522944 116.43901303038001 1445.9390139309035 118.32686721161008 589.25344701809809 12627.31510090502 117.45438730344176 553.91075066494523 448.93920862302184 793.23765468597412 176.41951140016317 146.76945143938065
leaf_count=26241 378446 101585 1110403 130 234 488 148 78 963 178225 508867 518199 310 328 144 580 196 110 941 105 40077 317 2937 181288 176 10544 647 827 249 146
internal_value=0 -0.000326002 -0.000884125 -2.09613e-05 0.0046429 0.0104367 0.000430921 -0.017048 0.00262255 -0.0016252 0.00100174 -0.00206562 -0.00303699 -0.00335465 0.00341448 0.00529344 0.00150499 0.00364525 -0.00323886 0.00899192 -0.00310278 -0.00271092 0.000429118 0.00455536 0.0179339 -0.00815982 0.0129083 0.0146345 0.011203 -0.00116708
internal_weight=209117 195154 137402 63477 3793.5 1593.96 2199.54 241.815 1957.73 73924.7 57752.7 61744.7 29663 28273.5 1389.53 1297.12 1001.73 942.905 28141.6 669.443 27898.8 25898.9 44246.6 13962.4 295.394 1999.85 565.378 1244.04 969.657 32081.6
internal_count=3063929 2856400 2243011 1113520 3117 1798 1319 226 1093 1129491 613389 951266 572674 570406 2268 1958 1638 1442 570078 862 569137 518516 511804 207529 320 50621 752 1310 1076 378592
is_linear=0
shrinkage=0.03


Tree=146
num_leaves=31
num_cat=0
split_feature=88 25 86 88 11 2 4 66 66 69 71 36 37 69 20 71 71 66 39 64 61 68 61 5 7 69 71 71 87 87
split_gain=337.804 137.643 99.7667 83.3364 68.2051 62.4656 60.8329 68.1245 101.869 75.2318 65.1858 59.4462 56.439 68.5958 56.3629 52.9697 95.3593 70.7377 52.9338 59.3877 56.8015 55.7656 59.0548 50.8557 61.2202 50.4548 52.2442 90.7458 49.7995 50.4483
threshold=0.05663623288273812 0.37446653842926031 0.18274933844804767 0.023474368266761306 0.37446653842926031 -0.95679354667663563 0.20707555115222934 1.9276148676872256 1.2556878328323366 1.9256766438484194 4.2505438327789316 1.0135126709938052 1.0000000180025095e-35 1.010583281517029 0.46209810674190527 4.767287254333497 4.0483355522155771 1.5243308544158938 0.31061333417892462 0.9483030140399934 0.25982846319675451 2.9004031419754033 0.68138480186462413 0.14931328594684604 0.34556056559085851 1.5542417168617251 3.5781178474426274 2.9516623020172124 0.0047476007603108892 0.022821722552180294
decision_type=2 2 2 2 2 2 2 2 2 2 2 2 2 2 2 2 2 2 2 2 2 2 2 2 2 2 2 2 2 2
left_child=3 2 14 28 5 -3 7 8 9 18 11 12 -8 -14 -2 16 -10 -18 21 20 25 22 -4 24 -7 26 27 -20 -1 -30
right_child=1 4 6 -5 -6 23 10 -9 15 -11 -12 -13 13 -15 -16 -17 17 -19 19 -21 -22 -23 -24 -25 -26 -27 -28 -29 29 -31
leaf_value=0.0054400703774488256 -0.00037141787712761265 0.0165842028879153 -0.0034827914113821539 0.0026967784145902557 0.016994214759375393 0.0056163137333112246 -0.0011466946934312649 -0.036392790567238528 0.018115251288773993 -0.023286314644927874 0.015511121444051269 -0.0051701070879879426 0.0012229383189104903 0.024076178149045974 0.0017614487827859874 0.033145111562001901 0.0058797450601645977 -0.02867417199003295 -0.00039974210040858289 -0.025399136226953559 0.020572723994480603 0.0082818153327458982 -0.019557588039126033 0.00056083058544848603 -0.0012197298956441701 -0.042291864200320974 0.022223390218869245 -0.03583854505276917 0.014767077851365756 -0.020615518610178782
leaf_weight=2381.2585546724513 54511.00916699892 233.59151140321046 20161.850537219638 19277.641333789463 245.94504678621888 4148.2434433264425 45615.625711049695 49.571936551481485 269.41802239045501 156.00909896194935 213.06498616933823 2861.8067430926021 8059.3355317690584 116.01294732838869 14014.065516509581 73.99382247403264 125.31225687265396 87.249159600585699 7420.9317481763137 81.539601240307093 111.98115824908018 354.98314736410975 204.14656664337963 25351.162050179933 1643.4659758504713 22.013837158679962 86.466564476490021 61.611003670841455 955.47680818558001 34.210526932030916
leaf_count=37925 776317 1085 321668 265683 1167 23353 875213 249 273 321 173 74422 117466 79 155968 49 162 145 106668 154 103 425 613 270499 10146 39 50 107 23065 342
internal_value=0 -0.000420646 -0.000789411 0.0034592 0.00138263 0.00125797 -0.00146901 -0.00258035 -0.00251786 -0.00276522 -0.000896819 -0.000959698 -0.000735243 0.0015594 6.47864e-05 0.0101549 0.00637242 -0.00855033 -0.0026495 -0.000539285 -0.000262503 -0.0034418 -0.00364795 0.00114075 0.00367623 -0.000581125 -0.000436945 -0.000711137 0.00780958 0.0134614
internal_weight=208929 186280 154658 22648.6 31622.4 31376.5 86132.9 29267.1 29217.5 28661.5 56865.8 56652.8 53791 8175.35 68525.1 555.973 481.979 212.561 28505.5 7784.54 7703 20721 20366 31142.9 5791.71 7591.02 7569.01 7482.54 3370.95 989.687
internal_count=3063929 2736914 2430664 327015 306250 305083 1498379 431026 430777 430148 1067353 1067180 992758 117545 932285 629 580 307 429827 107121 106967 322706 322281 303998 33499 106864 106825 106775 61332 23407
is_linear=0
shrinkage=0.03


Tree=147
num_leaves=31
num_cat=0
split_feature=17 56 16 12 6 7 7 70 20 21 18 69 18 5 7 69 70 69 6 88 72 88 71 72 88 74 68 69 74 63
split_gain=334.926 115.414 90.0589 68.4594 67.286 139.809 76.8099 58.4822 55.0767 57.258 57.9943 56.2107 73.7067 63.1773 56.7117 70.8204 100.145 92.1402 66.4649 72.5576 57.2445 56.7635 55.6516 56.4529 88.6875 70.4464 69.531 66.0431 95.3526 71.3386
threshold=0.61035025119781505 1.0000000180025095e-35 0.65050083398818981 0.50316895544528972 0.038208844140172012 0.25045758485794073 -0.41852028667926783 1.0000000180025095e-35 0.88635334372520458 0.98217055201530468 0.61035025119781505 1.0482846498489382 0.22396993637084964 1.2497654557228091 0.24803795665502551 2.3697669506073002 3.6859542131423955 2.5756206512451176 0.11352838948369028 0.58728480339050304 -1.3168689012527464 0.15818639844655993 3.2141300439834599 -1.0468274950981138 0.66534927487373363 -0.26230515539646143 1.0756766200065615 0.1755834296345711 0.088782597333192839 8.7431686552008627e-05
decision_type=2 2 2 2 2 2 2 2 2 2 2 2 2 2 2 2 2 2 2 2 2 2 2 2 2 2 2 2 2 2
left_child=1 3 -2 8 5 6 -3 -7 9 11 -11 12 13 22 15 16 18 -17 -13 -20 -16 -19 23 24 25 -1 27 -25 29 -29
right_child=2 4 -4 -5 -6 7 -8 -9 -10 10 -12 14 -14 -15 20 17 -18 21 19 -21 -22 -23 -24 26 -26 -27 -28 28 -30 -31
leaf_value=-0.01814310209618749 0.0022322062614136859 0.0065857133547994233 0.0073456488768658132 0.017164878484247175 -6.6311808549709915e-05 0.0093394725142607795 -0.00040168640965381586 -0.041729965420662089 0.0063691094468145901 -0.018440275876710037 0.001718632121922969 0.0032135864604968295 -0.0011539804222563299 -0.0089877736887470448 -0.031875707430520719 -0.026774551980362934 0.029577829478949772 -0.026187180381730242 -0.033545230592008583 0.0069942207987670211 -0.0030389906389418778 0.0083381316221660083 -0.017738685085474798 -0.0032816800394528463 0.032660212533892827 0.0074151599817631406 -0.026466263317221534 -0.035693442539186028 0.026673900492311348 0.0081193101711590845
leaf_weight=122.79334758594632 29644.990750074867 1701.7348767641233 3460.4505051270389 177.35137822292745 70463.259671960928 2334.3930577719002 8325.1198847977212 16.449193660635501 834.43775566737168 343.64605034841225 202.07250200491399 4800.5104926116765 74517.344806799476 1765.6196150090327 80.728096935898066 163.88475919514894 122.92835532128811 49.257859885692596 89.380165308713913 66.858838524669409 235.92297017946839 215.39762570150197 214.89002965390682 7853.1306963354364 92.811983183026314 409.76035137847066 108.92752208933234 46.563793268054724 158.50551585108042 95.360712436959147
leaf_count=360 439924 17807 64137 769 1002751 11112 116030 147 2646 1204 1206 5510 1091248 81206 173 268 72 56 237 94 414 340 391 224570 90 510 286 114 119 138
internal_value=0 -0.000521805 0.00276766 -0.00124857 0.000292015 0.00233161 0.000785904 0.00890994 -0.00128463 -0.00135455 -0.0110093 -0.00129626 -0.00149081 -0.00379857 0.00155397 0.0022671 0.0032578 -0.00938721 0.00258083 -0.0164277 -0.0107107 0.00160128 -0.00278804 -0.00241825 0.00624371 0.00142236 -0.00307709 -0.00275125 0.0109602 -0.00680869
internal_weight=208714 175609 33105.4 92768.1 82841 12377.7 10026.9 2350.84 92590.7 91756.3 545.719 91210.6 85385.7 10868.4 5824.87 5508.22 5079.68 428.54 4956.75 156.239 316.651 264.655 9102.74 8887.85 625.366 532.554 8262.49 8153.56 300.43 141.925
internal_count=3063929 2559868 504061 1412021 1147847 145096 133837 11259 1411252 1408606 2410 1406196 1399032 307784 7164 6577 5913 664 5841 331 587 396 226578 226187 960 870 225227 224941 371 252
is_linear=0
shrinkage=0.03


Tree=148
num_leaves=31
num_cat=0
split_feature=88 25 88 17 66 67 26 78 36 78 74 66 74 4 73 84 19 4 50 63 11 74 69 31 56 20 4 7 74 71
split_gain=331.737 126.833 103.186 82.1013 63.6869 95.8231 101.025 63.9187 83.3272 76.5271 72.758 78.4999 78.4387 65.0721 66.904 74.2234 63.7966 70.3813 61.8364 61.7641 61.683 58.8274 57.9013 56.5076 50.1485 49.0948 50.8808 70.3857 74.9915 64.248
threshold=0.068273026496171965 0.37446653842926031 0.033260961994528777 0.37446653842926031 0.59090533852577221 1.1814121603965761 0.50316895544528972 0.013166931457817556 1.0000000180025095e-35 0.01441967533901334 -0.45680323243141169 1.8133653402328493 0.32410211861133581 0.2834331095218659 -0.17454560846090314 0.020275726914405826 0.2834331095218659 0.14931328594684604 1.0000000180025095e-35 1.0000000180025095e-35 0.37446653842926031 -0.95679354667663563 1.6371783018112185 0.98048108816146862 1.0000000180025095e-35 1.2844802141189577 0.20707555115222934 0.096961159259080901 -0.12157975137233733 3.9499940872192387
decision_type=2 2 2 2 2 2 2 2 2 2 2 2 2 2 2 2 2 2 2 2 2 2 2 2 2 2 2 2 2 2
left_child=2 3 -1 4 18 -6 7 8 13 -9 -10 12 16 14 -7 -16 17 24 25 -20 21 -3 -17 -23 -12 26 29 -28 -29 -2
right_child=1 20 -4 -5 5 6 -8 9 10 -11 11 -13 -14 -15 15 22 -18 -19 19 -21 -22 23 -24 -25 -26 -27 27 28 -30 -31
leaf_value=0.0058974354474892778 -0.0029341243190572101 0.016036163587364177 0.0018773699662559609 -9.2901497741228026e-06 0.01883478334513658 -0.024613169711243523 -0.03387881784614119 0.034994372215373541 0.022942413803290089 0.005509103363764525 -0.014955609343554319 -0.03654814119615879 0.010755480343679267 0.025295846934399839 0.0097549605441080295 0.0055243030107222854 0.016441874739588264 -0.0042351992933149984 0.00025785622181962245 -0.038956539836571845 0.016971004992775596 0.00079332685078146103 -0.033036930866810296 0.0080526655381810384 -0.042513054015424601 0.03915973026002411 0.00076062420150762634 -0.0044621925946696879 -0.0011817759307427463 -0.023492203275279955
leaf_weight=7685.024799436047 26382.459182819599 233.24428750993684 22798.246920745754 60558.138627723165 288.92875720560551 69.146994821727276 69.298803448677063 83.194462481886148 73.700637765228748 910.89807617850602 325.04309155791998 72.159035053104162 226.80822833254933 130.98233699053526 627.60440627858043 65.57294637337327 81.941749513149261 632.67792320623994 14470.471578516532 32.237879432737827 219.6334653175436 28898.806673674117 68.536890778690577 994.67505080241244 72.136522334069014 22.076438903808594 10527.952653619614 8595.1878094925632 23215.148526531739 133.68293919414282
leaf_count=123483 397331 1085 311164 788892 320 216 46 47 67 1256 454 242 274 75 654 103 33 839 257496 208 1026 285156 142 7084 154 16 218289 222691 444863 223
internal_value=0 -0.000495031 0.00289164 -0.000857909 -0.00144732 0.00234936 0.000971059 0.00171286 -0.000894496 0.00811156 -0.00534753 -0.00688931 -0.00518305 0.00596715 0.00280806 0.00541876 -0.00846546 -0.0105075 -0.00162045 0.000159659 0.00127131 0.00115446 -0.0145359 0.00103607 -0.0203458 -0.00199533 -0.00201086 -0.00136507 -0.00206874 -0.00304147
internal_weight=208566 178082 30483.3 147736 87177.8 3798.63 3509.7 3440.4 2446.31 994.093 1484.47 1410.77 1338.61 961.844 830.861 761.714 1111.8 1029.86 83379.2 14502.7 30346.4 30126.7 134.11 29893.5 397.18 68876.5 68854.4 42338.3 31810.3 26516.1
internal_count=3063929 2629282 434647 2334931 1546039 4922 4602 4556 3253 1303 2063 1996 1754 1190 1115 899 1480 1447 1541117 257704 294351 293325 245 292240 608 1283413 1283397 885843 667554 397554
is_linear=0
shrinkage=0.03


Tree=149
num_leaves=31
num_cat=0
split_feature=17 33 15 26 6 9 3 20 66 64 82 84 1 63 84 15 78 70 17 22 77 85 7 68 11 77 82 68 7 63
split_gain=322.513 109.912 89.2976 74.2784 72.9197 63.9494 62.8811 78.0745 64.0846 82.9119 74.151 110.78 82.2987 80.4181 131.081 73.6979 73.5011 71.7228 69.4545 66.1261 62.6726 60.0596 59.9303 57.5541 51.5142 51.2593 47.4765 81.7001 50.0384 50.4358
threshold=0.61035025119781505 1.0000000180025095e-35 0.58756005764007579 0.31061333417892462 0.023902778513729576 0.8453614115715028 0.055712645873427398 1.2844802141189577 0.53876152634620678 1.111910939216614 -0.88986855745315541 -0.21249658614397046 0.070461217314004912 0.39345060288906103 -0.069461639970540986 1.0000000180025095e-35 0.059960290789604194 2.4520107507705693 1.0000000180025095e-35 0.40690016746521002 0.81859794259071361 0.78267052769660961 0.25114947557449346 1.4926716685295107 0.37446653842926031 -0.51272365450859059 -0.59023538231849659 2.6350759267807011 -0.4054999947547912 0.25205411016941076
decision_type=2 2 2 2 2 2 2 2 2 2 2 2 2 2 2 2 2 2 2 2 2 2 2 2 2 2 2 2 2 2
left_child=1 3 5 6 22 -2 25 8 9 21 11 16 -13 15 17 23 -10 -15 -18 20 -16 26 -3 -12 -5 -1 -8 28 -28 -30
right_child=2 4 -4 24 -6 -7 7 -9 10 -11 13 12 -14 14 19 -17 18 -19 -20 -21 -22 -23 -24 -25 -26 -27 27 -29 29 -31
leaf_value=0.002503488452941462 0.0023626641588530288 0.00324206344989332 0.012868583421702013 -7.4300719411428775e-05 0.00065748156357696853 0.018034633237292926 -0.0012831489624152779 0.024792712236606319 -0.018139595611229971 -0.022824620842993425 0.032310360598817804 -0.003246668157475205 0.02046900922718347 -0.015174054010528426 -0.02075489275485632 0.028295937465610984 -0.01384136791973398 0.013278753448856323 0.024698384391322121 0.010375786980857596 0.0076139755854067919 -0.010860188207519656 0.013278406913230255 0.0053569433240030131 0.019879591599783482 -0.00086893272825311764 8.1086504972328352e-06 0.019999247104556975 -0.003793184400437453 0.019675975841474312
leaf_weight=5510.0462686028332 32067.842656852124 2293.6269842472902 758.43123172095511 59502.412290330423 26400.997745911307 232.25027240638155 35980.809704777479 94.695878196507692 495.40116135776043 169.98358595371246 72.887093523517251 346.43526372313499 207.33753123879433 90.603901673108339 388.57339427620173 169.40875108540058 82.288909863680601 515.46521701477468 78.294535517692566 103.74756078049541 82.873992592096329 689.73746012467018 697.15405184892006 1053.2679695822299 112.67070337524638 15339.226747735695 3882.6143532869901 134.38617894053459 20740.981794909792 78.779149999842048
leaf_count=55752 489254 25936 12970 704353 346677 1837 652169 64 970 385 77 369 202 261 874 61 142 650 64 126 166 44427 2442 1616 484 128712 91187 182 501391 129
internal_value=0 -0.00051253 0.00271776 -0.000849669 0.00116102 0.00247771 -0.00141218 -0.00186916 -0.00190937 -0.00213907 0.0019306 -0.00414632 0.00570774 0.00490246 -0.000756853 0.0100524 -0.012456 0.00894624 0.00506543 -0.0109797 -0.0157365 -0.00208035 0.00559766 0.00721359 -3.51817e-05 2.24243e-05 -0.00198 -0.00298896 -0.00311742 -0.0037004
internal_weight=208373 175315 33058.5 145923 29391.8 32300.1 86307.8 65458.6 65363.9 61677.3 3686.59 1209.76 553.773 2476.83 1181.26 1295.56 655.985 606.069 160.583 575.195 471.447 61507.3 2990.78 1126.16 59615.1 20849.3 60817.6 24836.8 24702.4 20819.8
internal_count=3063929 2559868 504061 2184813 375055 491091 1479976 1295512 1295448 1289870 5578 1747 571 3831 2077 1754 1176 911 206 1166 1040 1289485 28378 1693 704837 184464 1245058 592889 592707 501520
is_linear=0
shrinkage=0.03


Tree=150
num_leaves=31
num_cat=0
split_feature=88 17 59 20 3 4 72 86 3 70 88 20 62 78 87 71 2 2 1 22 5 79 36 9 18 83 64 2 72 72
split_gain=322.482 143.864 80.7009 69.3331 78.8579 68.3062 81.3141 80.2248 76.0438 73.7221 67.1887 66.7752 65.3165 63.742 80.879 81.3896 74.2732 78.1405 59.4258 59.1087 56.1348 56.1047 55.5142 55.5021 55.3495 97.5446 67.6739 51.8349 50.6127 60.9095
threshold=0.048832373693585403 0.50316895544528972 0.37446653842926031 1.0456365942955019 0.15293506532907489 0.20707555115222934 -0.99908834695816029 0.062689777463674559 0.048954186961054809 2.8082002401351933 0.01872641779482365 1.2480892539024355 0.31024427711963659 -0.0013334962422959504 0.048253400251269347 3.3252782821655278 0.096320968121290221 -0.027253863401710984 0.45159402489662176 0.3354459702968598 0.5852390229701997 -0.11132384464144705 0.84844553470611583 0.40253517031669622 0.63123199343681347 -0.0052038729190826407 0.27252455055713659 -1.1888568401336668 -1.7819969058036802 -1.7120876312255857
decision_type=2 2 2 2 2 2 2 2 2 2 2 2 2 2 2 2 2 2 2 2 2 2 2 2 2 2 2 2 2 2
left_child=10 2 3 5 11 8 7 -7 23 22 -1 -5 27 14 15 20 17 -17 -15 24 -9 -22 -8 28 25 -16 -27 -4 -2 -30
right_child=1 -3 12 4 -6 6 9 13 -10 -11 -12 -13 -14 18 19 16 -18 -19 -20 -21 21 -23 -24 -25 -26 26 -28 -29 29 -31
leaf_value=0.0091707469528963352 -0.016914939060141423 0.0010084879466008502 0.016706031749300132 0.010175170574457146 0.024541073333767181 -0.023623275263471539 -0.00080360854257382174 -0.035714382203361032 -0.0032619017186254484 -0.024627053318953103 0.0032482540548273236 -0.021930835066865363 0.015988287723678198 0.0066678193606412419 0.01684980215879878 0.0070404606496446455 0.018751097224120598 -0.028021521315199426 -0.0196498120352313 -0.017452759264336582 0 -0.022043576769106836 -0.0058122527617954075 0.0094635655888948012 0.023865786119039892 0.0063565856441968882 -0.022284357335805756 0.00030766340119424136 0.022346962631858897 -0.00080868686459468347
leaf_weight=1940.050253983849 169.96627190709114 50941.542389436305 170.53371491318103 169.16000277828425 196.33863412495703 96.038699746131897 63886.172734366701 94.150519862771034 25227.157686948034 114.69015265256166 15441.514484134503 83.887566728517413 240.09626702964306 3105.7421395387501 269.82487862743437 132.0526866465807 155.71738684177399 95.132132425904274 75.322887361049652 84.687197998166084 223.96886641532183 190.19851773232222 2052.2223971615313 484.10515421256423 159.86141932755709 145.11648298427463 144.77449785545468 29331.705270340026 99.061824589967728 12672.630588841872
leaf_count=38049 116 668342 1632 245 189 74 1128330 82 425221 214 217566 64 125 3353 439 121 74 108 95 151 222 246 59978 2220 185 283 395 443966 31 71813
internal_value=0 -0.000356385 -0.000853526 -0.00122802 0.0104789 -0.0012764 -0.000723944 0.00297391 -0.00229127 -0.00100256 0.00391151 -0.000626402 0.000532939 0.00351757 -0.00117673 -0.00738768 0.00303673 -0.00785285 0.00601935 0.00570267 -0.0152113 -0.0102426 -0.000959906 -0.000466666 0.00851548 0.00398503 -0.0080403 0.000404856 -0.000841281 -0.000621791
internal_weight=208193 190812 139870 110128 449.386 109679 71025.7 4972.59 38652.9 66053.1 17381.6 253.048 29742.3 4876.55 1695.48 891.22 382.902 227.185 3181.07 804.264 508.318 414.167 65938.4 13425.8 719.577 559.716 289.891 29502.2 12941.7 12771.7
internal_count=3063929 2808314 2139972 1694249 498 1693751 1194350 5828 499401 1188522 255615 309 445723 5754 2306 853 303 229 3448 1453 550 468 1188308 74180 1302 1117 678 445598 71960 71844
is_linear=0
shrinkage=0.03


Tree=151
num_leaves=31
num_cat=0
split_feature=16 57 19 72 19 26 7 11 15 28 26 3 77 66 64 87 2 3 7 7 66 66 3 18 3 6 78 6 64 7
split_gain=295.146 137.775 82.7752 76.9982 72.3834 66.6854 60.295 57.3948 52.3242 51.0631 64.1494 48.9487 48.7413 54.5084 101.209 60.1198 53.5485 49.4119 62.611 57.958 84.3347 89.3854 86.0535 74.5333 71.6719 69.4982 68.8597 67.0249 52.6033 65.9403
threshold=0.46720869839191442 0.22396993637084964 0.65692245960235607 -0.83041831851005543 0.2834331095218659 0.22396993637084964 -0.065206006169319139 0.37446653842926031 1.0000000180025095e-35 0.24964435398578647 0.91905513405799877 1.1982694268226626 -0.90929651260375965 0.51543107628822338 0.76461732387542736 0.36453895270824438 -0.34362646937370295 0.20209552347660067 0.05169916711747647 0.43955877423286444 0.053002422675490386 0.089333929121494307 0.38197009265422827 1.0000000180025095e-35 0.52651628851890575 0.39818593859672552 0.035416433587670333 0.39850632846355444 0.54068544507026683 0.22899880260229113
decision_type=2 2 2 2 2 2 2 2 2 2 2 2 2 2 2 2 2 2 2 2 2 2 2 2 2 2 2 2 2 2
left_child=1 5 3 -2 -3 11 8 9 -5 10 -7 12 -1 14 17 -15 -17 28 -19 20 23 22 -22 -20 -24 -25 -23 -27 -14 -30
right_child=2 4 -4 6 -6 7 -8 -9 -10 -11 -12 -13 13 15 -16 16 -18 18 19 -21 21 26 24 25 -26 27 -28 -29 29 -31
leaf_value=-0.00041805635585220348 -0.044886433159985438 0.0002476951179152207 0.0092008761193688483 -0.0012926389320853872 0.0031437811560086097 -0.00052206123483840273 0.002185063900458974 0.027762652542520201 0.011950980721760962 0.0020065280450916119 -0.0065300257157209999 -0.0092852958507678735 -0.0017859337788674403 0.00061459818679456891 -0.018030948839388505 0.041507095254751762 0.0067968647078306618 -0.00041490572620989536 -0.014050219707172934 -0.00094166096806232093 -0.0062749553522029444 0.00074351526326552975 0.040424086803861912 -0.0077551979350292772 0.00051717481098937583 0.01817223591451057 -0.020327104502813241 -0.0025889275088612357 -0.013690031300420132 0.016381662436906162
leaf_weight=17972.158846371967 26.844534292817116 59379.408436312515 1764.8684469165819 358.84959102113498 8933.0007701804134 47505.115557860452 23809.821647934608 61.282879203557968 1046.9501645398268 7040.0335475127213 1651.4680204179604 773.75236327746825 21621.78173080946 2399.7343434430659 375.86690642032772 56.761076031252742 124.28316964861006 3349.9062223940782 1360.4409192217718 2215.1413605788694 102.98638190701604 626.00251817144454 122.8166255671531 3929.69610094378 60.002516673877835 172.69687268347479 175.42041124403477 668.77488051255932 81.417498648166656 285.09958849847317
leaf_count=278419 28 919631 22395 5918 79097 586850 301982 207 12439 68476 22244 32107 340679 3540 890 172 362 107470 86181 66294 267 1510 98 98791 152 3378 565 23416 78 293
internal_value=0 -0.000436435 0.0029253 0.00248496 0.000626635 -0.00108066 0.00254269 -0.000349472 0.0085731 -0.000382182 -0.000724512 -0.00180889 -0.00170429 -0.00231676 -0.00262582 0.00188808 0.0183655 -0.00245711 -0.00394035 -0.00519102 -0.00649309 0.00120005 0.015487 -0.00785783 0.027642 -0.00608091 -0.00394101 0.00173242 -0.001594 0.00961376
internal_weight=208052 181045 27007.3 25242.5 68312.4 112733 25215.6 56257.9 1405.8 56196.6 49156.6 56474.7 55701 37728.8 35148.1 2580.78 181.044 34772.2 12783.9 9433.98 7218.84 1087.23 285.806 6131.61 182.819 4771.17 801.423 841.472 21988.3 366.517
internal_count=3063929 2721167 342762 320367 998728 1722439 320339 677777 18357 677570 609094 1044662 1012555 734136 730062 4074 534 729172 388122 280652 214358 2592 517 211766 250 125585 2075 26794 341050 371
is_linear=0
shrinkage=0.03


Tree=152
num_leaves=31
num_cat=0
split_feature=16 55 86 16 4 36 72 69 87 69 70 78 85 1 61 6 5 36 18 7 7 7 6 18 7 7 36 7 51 3
split_gain=286.988 145.941 81.9396 79.1758 70.1517 63.3712 60.8298 58.5147 116.876 137.958 79.0455 75.5248 76.2526 74.3358 69.713 69.1945 106.391 69.8716 69.2662 86.2148 94.5973 100.944 80.8048 74.0404 70.8536 70.6029 61.9696 56.4778 54.4993 53.7356
threshold=0.46720869839191442 0.37446653842926031 0.14783216267824176 0.65050083398818981 0.24964435398578647 1.0108244419097903 -0.83041831851005543 0.1755834296345711 0.1252815127372742 0.22034724801778796 2.0900357961654668 0.035416433587670333 0.20846166461706164 -0.037224818021059029 0.36190268397331243 0.39159533381462103 1.4165727496147158 0.2834331095218659 0.53458327054977428 0.096961159259080901 0.27240583300590521 0.3548355251550675 0.023902778513729576 1.0000000180025095e-35 0.37049600481987005 0.24663348495960238 0.14931328594684604 0.22302317619323733 1.2450425624847414 0.61935707926750194
decision_type=2 2 2 2 2 2 2 2 2 2 2 2 2 2 2 2 2 2 2 2 2 2 2 2 2 2 2 2 2 2
left_child=1 2 -1 6 -4 7 -2 15 9 -9 14 12 13 -12 -10 18 17 -17 19 -6 22 -22 25 -24 26 -21 -23 -25 -3 -11
right_child=3 28 4 -5 5 -7 -8 8 10 29 11 -13 -14 -15 -16 16 -18 -19 -20 20 21 24 23 27 -26 -27 -28 -29 -30 -31
leaf_value=0.00018199721250633557 -0.042615246444648383 0.0017952846776682443 -0.0023042744827364283 0.007145488037411522 4.2696118315475404e-05 -0.0077539215275439222 0.0023169945374073254 0.027624841653276177 0.022847138365050659 -0.00080074585154435115 -0.034174752504379673 -0.024259156119029485 0.017964237547815728 0.0099112054791747946 -0.0086106343668324488 -0.00082072421333975938 0.025373891677947628 0.0044636664443526378 0.00032572506951309685 -0.0029933820060151885 0.0076402972735689686 -0.0005776404608472109 -0.016418639542448269 -0.0024406258470565903 -0.0011476988078687347 0.012687828048431814 -0.010353129353509603 -0.0089011231646393945 -0.0045139972398486588 -0.019640895793412914
leaf_weight=50614.310004029903 23.148421958088875 27808.045169865072 38501.359606374164 3426.8936918536347 11179.498140304466 1114.6682523223571 23522.303230542529 147.09433102607727 507.9791897945106 2351.5685521177948 58.961870700120926 76.207924135029316 235.50475551187992 72.736352350562811 70.030826594680548 6202.0765056830132 161.25617311173119 3529.9594633030938 16460.467008006366 1760.1311665058311 974.38793081638869 914.76616586971068 747.14093386432796 2043.8057024737936 9006.0994871946168 298.73104959004559 1615.6878340631956 3032.426523640228 1285.1775371076365 140.71428491175175
leaf_count=662379 28 383018 579955 64137 196109 37385 278597 114 688 2327 142 197 361 98 168 125399 2021 57420 245686 34566 16508 17230 43576 20439 165954 1368 41154 61503 25233 169
internal_value=0 -0.000430417 -0.000803443 0.00288656 -0.00129632 -0.000677216 0.0022654 -0.000548567 0.00312755 -0.000209797 0.0117229 0.00214811 0.00784305 -0.0102187 0.018995 -0.000781165 0.00150285 0.00109659 -0.00125178 -0.00207429 -0.00323482 -0.00161165 -0.00580847 -0.00761359 -0.00239585 -0.000695742 -0.00682753 -0.00630484 0.00151584 -0.00189603
internal_weight=207883 180911 151818 26972.3 101203 62701.9 23545.5 61587.2 3660.8 2639.38 1021.42 443.411 367.203 131.698 578.01 57926.4 9893.29 9732.04 48033.1 31572.7 20393.2 12510.9 7882.24 5823.37 11536.6 2058.86 2530.45 5076.23 29093.2 2492.28
internal_count=3063929 2721167 2312916 342762 1650537 1070582 278625 1033197 4264 2610 1654 798 601 240 856 1028933 184840 182819 844093 598407 402298 240846 161452 125518 224338 35934 58384 81942 408251 2496
is_linear=0
shrinkage=0.03


Tree=153
num_leaves=31
num_cat=0
split_feature=88 17 59 64 72 1 67 86 67 64 85 62 66 83 22 3 72 64 67 84 72 72 26 85 7 15 88 83 48 78
split_gain=309.86 150.009 75.4037 57.5105 133.791 106.609 97.4665 53.145 62.5761 123.623 115.848 69.4965 64.2411 57.7168 53.9646 68.5708 75.0956 56.7431 77.6535 58.7265 104.59 69.8564 53.9069 57.1643 52.9726 55.0077 52.5521 52.2845 52.0348 51.5252
threshold=0.042061204090714462 0.53458327054977428 0.37446653842926031 0.64562061429023754 -0.62516456842422474 0.018292110413312915 0.78264325857162487 0.13929654657840732 1.7994785904884341 0.90873280167579662 0.090952366590499892 0.87632191181182872 1.7566918134689333 -0.016863464377820488 0.2834331095218659 0.13799199461936953 -1.5581679344177244 2.0331231355667119 1.858662545681 -0.39012454450130457 -1.8892287015914915 -1.841772675514221 0.42514967918396002 0.85749101638793956 -0.065206006169319139 1.0000000180025095e-35 0.015796643681824211 -0.0073541500605642787 1.0053142905235293 -0.0065747420303523532
decision_type=2 2 2 2 2 2 2 2 2 2 2 2 2 2 2 2 2 2 2 2 2 2 2 2 2 2 2 2 2 2
left_child=26 2 7 4 5 -3 -7 -2 9 22 -11 -12 14 -14 15 16 -10 18 27 20 -20 -21 23 -9 25 -6 -1 -17 -4 -16
right_child=1 3 28 -5 24 6 -8 8 12 10 11 -13 13 -15 29 17 -18 -19 19 21 -22 -23 -24 -25 -26 -27 -28 -29 -30 -31
leaf_value=0.010214005199363271 0.00012912353080708712 -0.041424107199844497 0.00080075669826978511 0.014151234743162154 0.0011422188999748928 -0.030201791367054476 0.010186977278297326 -0.001877409975090274 0.0049910643505964901 -0.033656470052854895 0.015839814753033702 -0.013264129281352583 0.01460239554805504 -0.021700808634317351 -0.0044977082842656098 0.040337772074937189 -0.024678377274099435 0.020116507956032047 0.021680398060680457 -0.02840233748406144 -0.02587575658656872 0.0060536795966037527 -0.00034701093812586012 -0.011806550424928262 0.0010262714835822685 0.01038967063078744 0.0038571381742993527 0.0061927312514205475 -0.0043238272312832128 0.018029386148800553
leaf_weight=1301.4404891982776 24429.267252902486 109.63955768942833 31204.638654516632 303.33826203644276 1182.5966505406541 83.59780041873455 135.55285388231277 62193.441172053033 143.86042595654726 199.786073371768 98.030541751533747 264.25832477770746 49.499455645680428 151.49617753922939 114.44832982122898 69.423287719488144 157.44260971993208 190.85326327383518 51.677255466580391 53.567504480481148 165.72166280448437 658.98205418512225 26505.671385974521 522.60383604878734 42256.259638853808 1134.5129605743568 11601.023945839792 94.371108498424292 1887.1981822110247 418.41182961687446
leaf_count=26241 265070 127 451671 192 19095 105 122 1153867 119 250 155 825 117 339 158 44 203 172 45 123 338 1006 309384 34966 585264 11011 169223 126 33258 313
internal_value=0 -0.000298205 -0.00075578 0.00121615 0.00112741 -0.0178233 -0.00546487 -0.00111467 -0.00144461 -0.00157038 -0.015547 -0.00528973 0.00341572 -0.0126279 0.00496074 0.0021683 -0.0106178 0.00519445 0.0025227 -0.000858337 -0.0143635 0.003313 -0.00148159 -0.00196097 0.00126889 0.00568204 0.00450166 0.0213083 0.000507883 0.0131851
internal_weight=207733 194830 149625 45205.5 44902.2 328.79 219.151 116533 92103.5 89783.8 562.075 362.289 2319.75 200.996 2118.76 1585.9 301.303 1284.6 1093.74 929.948 217.399 712.55 89221.7 62716 44573.4 2317.11 12902.5 163.794 33091.8 532.86
internal_count=3063929 2868465 2252549 615916 615724 354 227 1767620 1502550 1499447 1230 980 3103 456 2647 2176 322 1854 1682 1512 383 1129 1498217 1188833 615370 30106 195464 170 484929 471
is_linear=0
shrinkage=0.03


Tree=154
num_leaves=31
num_cat=0
split_feature=88 26 55 88 66 64 66 77 88 77 85 11 72 88 22 2 87 60 86 77 70 86 2 86 2 18 28 84 67 71
split_gain=305.973 120.39 77.0283 76.5231 65.5154 71.9712 108.935 68.4447 73.3031 67.287 65.5653 61.9787 56.961 51.847 68.7005 52.0279 51.2954 49.8942 49.8861 99.2995 124.33 85.5889 109.568 73.0444 111.42 90.7806 75.4788 72.4331 64.0021 76.0389
threshold=0.05663623288273812 0.42514967918396002 0.31061333417892462 0.025800288654863838 0.53876152634620678 0.77033525705337536 0.10159480944275857 -0.8842409849166869 0.32167935371398931 -0.95165774226188649 0.85749101638793956 0.37446653842926031 -0.41796733438968653 0.18571432679891589 1.1641193032264712 -1.1888568401336668 0.0047476007603108892 0.17514681071043017 0.53349027037620556 -0.81186735630035389 2.615415215492249 0.47606615722179418 -0.45680323243141169 0.27913299202919012 0.15213754028081897 0.22396993637084964 0.24964435398578647 -0.20856898277997968 2.5406247377395634 4.235856533050538
decision_type=2 2 2 2 2 2 2 2 2 2 2 2 2 2 2 2 2 2 2 2 2 2 2 2 2 2 2 2 2 2
left_child=3 2 4 16 5 10 -7 9 -9 -8 17 13 18 14 -3 -15 -1 -2 21 20 -20 22 -6 27 25 -25 -26 -24 -21 -30
right_child=1 11 -4 -5 12 6 7 8 -10 -11 -12 -13 -14 15 -16 -17 -18 -19 19 28 -22 -23 23 24 26 -27 -28 -29 29 -31
leaf_value=0.0047183073600919464 -0.0013088398387495958 0.0015364465387715648 0.00076398322602455116 0.0024806538781478068 0.026908999834623325 0.020422703621918392 -0.011912005726905237 -0.012335792769928588 -0.037795022258327322 0.020441809330573348 -0.01170987461632159 0.015990067542759317 0.027002931951282418 0.014494967492355968 0.021303201869135157 -0.00023066347465597073 0.011948597337020602 0.021132587039043915 0.010056427282689264 0.018420004424902516 -0.043230370070907395 -0.019944858805739474 -0.011421782708177475 -0.03125642593486809 -0.0058369987997311688 -0.0052869768871133321 0.02501323479346176 0.0038815848623190907 0.029109822565310195 -0.037232396298814342
leaf_weight=2797.4480818579977 99101.17252417744 25743.220318820066 20366.821130589553 18308.237029455508 141.29115723446012 88.776750445365906 181.0203658528626 309.47943809628487 153.38466235622764 80.16494270041585 542.5228872152511 234.14090091688558 77.221183210611343 213.36201895494014 155.29126465693116 32857.682858080167 1296.2587823451904 85.234791280701756 93.008330456912518 497.49242837540805 62.820082858204842 173.68892017751932 304.13636380434036 208.30170989781618 168.75244463980198 288.05889487266541 118.03135209530592 2877.1606138944626 20.719281680881977 38.905496533960104
leaf_count=44059 1710986 292904 299451 252821 104 117 222 471 462 98 36233 1161 88 1316 514 386354 30135 115 116 780 186 362 481 410 275 347 78 3029 29 225
internal_value=0 -0.000400623 -0.000925007 0.00331116 -0.00125078 -0.00141861 -0.0102887 -0.014152 -0.0210337 -0.00180621 -0.00134586 0.000715113 0.00207526 0.000653306 0.00165842 -0.000133782 0.00701828 -0.00128866 0.00166747 0.00899161 -0.0119416 0.000438972 0.00132096 0.000381672 -0.0078008 -0.016357 0.00701395 0.00240464 0.0148981 -0.0137274
internal_weight=207584 185182 125978 22401.9 105611 100542 812.826 724.049 462.864 261.185 99728.9 59203.7 5069.59 58969.6 25898.5 33071 4093.71 99186.4 4992.37 712.946 155.828 4279.42 4105.73 3964.44 783.144 496.361 286.784 3181.3 557.117 59.6248
internal_count=3063929 2736914 2054665 327015 1755214 1748704 1370 1253 933 320 1747334 682249 6510 681088 293418 387670 74194 1711101 6422 1336 302 5086 4724 4620 1110 757 353 3510 1034 254
is_linear=0
shrinkage=0.03


Tree=155
num_leaves=31
num_cat=0
split_feature=88 25 88 18 85 2 5 7 14 38 69 70 61 5 26 61 72 69 7 21 69 69 3 61 66 66 22 85 88 6
split_gain=301.388 108.897 93.2815 70.8033 66.5085 56.7547 56.2292 63.8509 53.3274 50.2815 50.6082 67.8651 101.093 79.537 65.8906 64.1338 61.8909 86.4746 72.5921 80.1092 60.3251 65.0537 66.0203 60.3059 97.3461 87.1583 126.778 90.7151 80.5785 89.6505
threshold=0.068273026496171965 0.37446653842926031 0.033260961994528777 0.53458327054977428 0.20291770994663241 -0.95679354667663563 0.14931328594684604 0.34556056559085851 0.31061333417892462 1.0000000180025095e-35 1.0482846498489382 2.5774191617965703 0.00036686476960312581 1.0938583016395571 0.31061333417892462 0.0013308991910889747 -1.6101008057594297 1.6056761145591738 0.20282184332609179 0.24964435398578647 2.716545939445496 2.1700834035873418 0.35677801072597509 0.65540632605552684 0.48669973015785223 0.16593234241008761 0.14931328594684604 0.065691117197275176 0.50574600696563732 0.073521606624126448
decision_type=2 2 2 2 2 2 2 2 2 2 2 2 2 2 2 2 2 2 2 2 2 2 2 2 2 2 2 2 2 2
left_child=2 3 -1 9 -5 -3 7 -7 -4 10 23 13 -13 14 -12 -14 -17 -18 -19 20 21 -20 -23 24 25 -2 -27 -28 29 -26
right_child=1 5 8 4 -6 6 -8 -9 -10 -11 11 12 15 -15 -16 16 17 18 19 -21 -22 22 -24 -25 28 26 27 -29 -30 -31
leaf_value=0.0056459110124236619 -0.0019789271561447257 0.015803852708940379 0.00087809017983450849 5.620582233899957e-05 -0.0052162698435174303 0.0057539499225322801 0.00043077881672686641 -0.0014220577925692301 0.0040964053191373849 -0.00018586355418945819 0.011895501320309873 -0.035566141657489267 0.021451052123149898 -0.0081967072418871814 -0.0073645976943223397 0.0047392479156135236 -0.020036448327576162 0.028293760948608859 0.00099743366274866979 -0.036283725668601559 0.018686451697021652 -0.0045288583451253243 -0.041090414807174562 -0.015680024804836483 -0.024065253264835825 -0.0061756766470667818 -0.05648776763613552 -0.011879338952810832 0.033349358984828235 0.014978776734209061
leaf_weight=7589.9387905820913 50801.390577306622 232.62572410795838 16146.719138434069 67115.301776700508 2220.5609103561146 4030.8355693551712 24431.791622715886 1539.4468778871233 6499.7215684564435 21195.280382505822 1139.1619149446487 73.964832365512848 106.72962467744946 283.7434673756361 182.78696638345718 748.84915498644114 300.88676624931395 63.908473044633865 487.90511756297201 59.755041837692261 112.01467653736472 108.31384456902742 73.154852777719498 290.55624075513333 71.449173279106617 1073.8016009144485 79.587156057357788 86.544150829315186 117.35730577073991 173.42525976151228
leaf_count=123483 934627 1096 236421 1036390 53504 22481 261262 9512 74743 302412 1050 205 64 828 110 913 512 60 666 79 90 158 196 646 139 1708 68 174 181 151
internal_value=0 -0.000472376 0.00276807 -0.000809712 -0.000112878 0.00116711 0.00105138 0.00377033 0.00180253 -0.001432 -0.00189988 0.00146975 -0.0020315 0.00612249 0.00921481 -0.000759596 -0.0020159 -0.00621615 -0.00154867 -0.00394454 -0.00129354 -0.00473487 -0.0198604 -0.00213929 -0.00206294 -0.00217132 -0.0100186 -0.0341016 0.0133497 0.00336479
internal_weight=207438 177201 30236.4 146966 69335.9 30234.7 30002.1 5570.28 22646.4 77630.6 56435.3 3741.17 2135.48 1605.69 1321.95 2061.52 1954.79 1205.94 905.052 841.144 781.388 669.374 181.469 52694.1 52403.6 52041.3 1239.93 166.131 362.232 244.874
internal_count=3063929 2629282 434647 2334931 1089894 294351 293255 31993 311164 1245037 942625 4931 2943 1988 1160 2738 2674 1761 1249 1189 1110 1020 354 937694 937048 936577 1950 242 471 290
is_linear=0
shrinkage=0.03


Tree=156
num_leaves=31
num_cat=0
split_feature=17 57 15 6 32 12 86 36 40 78 67 65 32 77 83 68 83 66 63 3 86 9 66 22 86 79 85 84 86 3
split_gain=295.418 98.3417 80.8997 59.8467 77.633 59.6749 58.6902 70.0964 71.1668 57.9761 104.711 99.4616 76.2434 70.3303 70.2512 89.1371 59.8453 59.3354 133.567 78.794 57.2633 57.1128 54.9602 100.373 64.8939 88.2539 98.4307 81.331 77.1251 127.137
threshold=0.61035025119781505 1.0000000180025095e-35 0.58756005764007579 0.038208844140172012 0.62093681097030651 0.50316895544528972 0.19385465979576114 1.0861553549766543 0.80670574307441723 0.0023478957591578369 1.0222048163414004 0.41808806359767919 0.39170669019222265 0.6317012906074525 1.6076486645033586e-05 2.5018624067306523 -0.019021786749362942 0.1108275167644024 4.7935550355759923e-06 0.18043618649244311 0.70416519045829784 0.8453614115715028 0.51543107628822338 0.68239077925682079 0.53349027037620556 -0.60669291019439686 0.50648668408393871 -0.85084560513496388 0.35952471196651464 0.33011993765830999
decision_type=2 2 2 2 2 2 2 2 2 2 2 2 2 2 2 2 2 2 2 2 2 2 2 2 2 2 2 2 2 2
left_child=1 5 21 4 -3 22 -5 8 9 10 17 -11 -12 14 -13 -16 -14 18 -8 -19 -10 -2 -1 24 28 27 -27 -26 -24 -30
right_child=2 3 -4 6 -6 -7 7 -9 20 11 12 13 16 -15 15 -17 -18 19 -20 -21 -22 -23 23 -25 25 26 -28 -29 29 -31
leaf_value=-0.0013728758922787472 0.0022773113383003254 0.00059381396783255943 0.012388966920591217 0.00076741221841005033 0.0057490841323221279 0.016269204969740835 -0.0014394801822480536 -0.0053374895145595729 -0.002848425910261214 0.0003362021797413079 -0.03611674204250049 0.020527528692034631 0.018486798758703731 0.033848777760664132 -0.026782896879676443 0.012400089880354461 -0.017810307306127905 0.030390360973108134 -0.03064960592734893 -0.002143125545328241 0.022429147048585583 0.017403715394102837 0.0028078008959510313 -0.032745361991784516 0.012412191336810185 0.02333601774766204 -0.01151347900819252 -0.032467246064950647 -0.0292433001816476 -8.1487008100263178e-05
leaf_weight=86983.774069992651 31831.033336812368 8484.8257179684006 740.88180232379818 36025.672180485504 3807.5129283221322 172.34850169252604 17768.447589201649 3010.0814100719581 126.83524431777187 11730.888004118839 129.99321222305298 189.75183118507266 57.152218021452427 117.04710536450148 87.983592048287392 117.11751337349415 119.92035232111812 117.7020572796464 138.04486428014934 147.45269576460123 212.33717739023268 222.44146283913869 3568.6487223170698 70.21141192317009 71.031118746846914 408.73305527120829 85.8488032463938 66.996914085000753 183.61515561118722 476.89336567930877
leaf_count=1405195 489254 108862 12970 473857 36234 769 268235 67965 2402 186954 285 155 53 105 182 129 192 38 330 185 1684 1837 3748 73 109 476 400 196 266 789
internal_value=0 -0.000491037 0.00261222 0.000261904 0.00219236 -0.0011647 -7.66683e-05 -0.000969298 -0.0005452 -0.000697012 -0.00175773 0.000903675 -0.0190183 0.0137959 0.0075605 -0.00457778 -0.00592056 -0.00146169 -0.00167171 0.0125188 0.0130403 0.00238458 -0.00119815 0.00188115 0.00240865 0.0113394 0.017234 -0.00964087 0.00106224 -0.0083222
internal_weight=207271 174477 32794.4 82388.8 12292.3 92088.1 70096.4 34070.8 31060.7 30721.5 18478.7 12242.8 307.066 511.9 394.853 205.101 177.073 18171.6 17906.5 265.155 339.172 32053.5 91915.8 4931.98 4861.77 632.61 494.582 138.028 4229.16 660.509
internal_count=3063929 2559868 504061 1147847 145096 1412021 1002751 528894 460929 456843 269318 187525 530 571 466 311 245 268788 268565 223 4086 491091 1411252 6057 5984 1181 876 305 4803 1055
is_linear=0
shrinkage=0.03


Tree=157
num_leaves=31
num_cat=0
split_feature=88 26 88 3 77 77 83 83 83 72 71 68 68 64 1 77 77 72 74 69 71 11 71 69 74 85 86 70 74 84
split_gain=293.998 105.84 90.4543 64.5053 57.0949 94.4789 79.5809 88.8023 69.5221 67.7659 127.231 67.6243 90.3697 80.5602 104.791 73.2081 89.4231 65.1157 59.6354 54.5393 59.5295 54.1727 53.9293 53.552 114.661 91.787 85.7764 83.1125 127.879 98.9865
threshold=0.068273026496171965 0.42514967918396002 0.027925742790102962 0.19971276074647906 -0.40722291171550745 1.0000000180025095e-35 -0.0073541500605642787 1.6076486645033586e-05 -0.00036105874460190529 -1.5813918709754942 3.1048967838287358 2.6100980043411259 2.6628530025482182 0.34536741673946386 0.28192281723022466 -0.55979025363922108 -0.9846820831298827 -1.8084247708320615 0.081889830529689803 2.0200949907302861 4.4478356838226327 0.37446653842926031 3.6544445753097539 0.14151050895452502 0.41800002753734594 0.4903573095798493 0.22569023817777636 1.681830167770386 -0.0061651801224797955 0.18273749202489856
decision_type=2 2 2 2 2 2 2 2 2 2 2 2 2 2 2 2 2 2 2 2 2 2 2 2 2 2 2 2 2 2
left_child=2 3 -1 -2 11 6 9 8 -8 -6 -11 13 -13 -5 15 16 18 -7 -15 20 22 -3 -9 -19 25 26 -25 -28 -29 -30
right_child=1 21 -4 4 5 17 7 19 -10 10 -12 12 -14 14 -16 -17 -18 23 -20 -21 -22 -23 -24 24 -26 -27 27 28 29 -31
leaf_value=0.0064742118131000843 -0.00033676830189378296 0.00054300340223817573 0.0020143003073837891 -0.0010173069385055527 -0.036164396968851834 -0.029943086409090425 -0.0065218125196747261 -0.0035307583003912407 -0.016304881691065979 -0.0016161468786202015 0.027337395665193911 0.032175384868459889 0.0033668215886469583 -0.0069804459499868436 -0.026986348098081245 0.022508832018884123 -0.015734828696642847 -0.0017852552016050112 0.017138895150584876 -0.040264800727596584 0.041085903545244155 0.015759782675693317 -0.037415478118862193 -0.019538826909509508 -0.040930273469926663 -0.02291940473813207 0.022176318493859565 0.019064447557196586 -0.023075051823757749 0.015250398149343572
leaf_weight=4882.7392308339331 65539.021118664576 56644.704392802567 25291.318063363127 34004.636423701922 41.943972793407738 66.578953082673252 1328.5320073621187 3274.8933781640226 1304.6290145796156 1686.0314085712889 144.59886684268713 104.14585767313838 1068.3980484269559 199.32739769667387 230.82343125343323 78.519572973251343 468.47041145525873 9195.9454638895622 165.05816045403481 33.032869093120098 22.607930541038513 207.37622688245028 38.913083089515567 80.253792349249125 42.755840850993991 81.11105943005532 409.55346932262182 257.14897597488016 178.07836984843016 87.458897721022367
leaf_count=86701 888679 656436 347946 619608 154 275 30801 79324 49009 43493 137 96 1488 290 483 135 1065 254147 123 105 6 1021 124 165 157 387 650 404 383 137
internal_value=0 -0.000466667 0.00273691 -0.000971356 -0.00173301 -0.00310073 -0.00557883 -0.00726226 -0.011388 -0.000176156 0.000723016 -0.00104446 0.00603013 -0.00128126 -0.00910461 -0.00447266 -0.00711722 -0.00122218 0.0040003 -0.00402704 -0.00361913 0.000599693 -0.00397464 -0.00102516 0.00510665 0.00705323 0.00953951 0.0121204 0.00412386 -0.0103963
internal_weight=207159 176985 30174.1 120132 54593.4 18274.1 7875.18 6002.61 2633.16 1872.57 1830.63 36319.4 1172.54 35146.8 1142.2 911.376 832.856 10398.9 364.386 3369.45 3336.41 56852.1 3313.81 10332.3 1136.36 1093.6 1012.49 932.24 522.686 265.537
internal_count=3063929 2629282 434647 1971825 1083146 459858 203153 159369 79810 43784 43630 623288 1584 621704 2096 1613 1478 256705 413 79559 79454 657457 79448 256430 2283 2126 1739 1574 924 520
is_linear=0
shrinkage=0.03


Tree=158
num_leaves=31
num_cat=0
split_feature=88 55 16 26 88 72 87 78 83 5 78 69 70 5 86 78 86 77 69 70 72 83 78 69 72 63 86 79 62 61
split_gain=289.566 117.924 94.7647 69.9239 58.6431 54.551 59.3209 55.2071 77.9657 73.2905 66.9414 56.8849 55.084 61.4395 59.7229 74.8248 63.6517 69.4733 52.0652 98.6426 53.4724 79.1146 48.8142 45.7679 52.6558 44.5649 96.6573 78.3462 69.8853 69.2444
threshold=0.048832373693585403 0.37446653842926031 0.50316895544528972 1.0000000180025095e-35 0.015796643681824211 -1.2647227644920347 0.025188324041664604 -0.16517163813114163 -0.0066544655710458747 1.1025659441947939 0.011998247820883991 0.27344919741153723 2.7404276132583623 1.0205979943275454 0.42789742350578314 0.015841723419725898 0.67085793614387523 -0.097467638552188859 2.3697669506073002 3.6859542131423955 -0.96229797601699818 0.0051457746885716924 -0.029267484322190281 2.3697669506073002 -0.72132718563079823 0.22008714079856875 0.54897859692573558 0.090193215757608428 0.76040431857109081 0.18898481875658038
decision_type=2 2 2 2 2 2 2 2 2 2 2 2 2 2 2 2 2 2 2 2 2 2 2 2 2 2 2 2 2 2
left_child=4 2 3 5 -1 7 -7 -2 9 -9 22 -10 14 -14 -13 16 17 -16 19 25 21 -20 -11 24 -3 28 27 -27 -5 -30
right_child=1 23 -4 18 -6 6 -8 8 11 10 -12 12 13 -15 15 -17 -18 -19 20 -21 -22 -23 -24 -25 -26 26 -28 -29 29 -31
leaf_value=0.0099023310773407331 -0.021760143683313523 -0.022570607037242396 0.0025961709426165804 -0.00050232923566191265 0.0032298411745011343 -0.00017739689547013174 -0.003203922604228325 0.024131913536360121 0.011214954190125883 -0.0057127913171159889 -0.02595732009823784 -0.0023425030083274595 -0.024148792078457691 0.0097080096071648306 0.0078563735305788984 -0.038324276071261654 0.028138883576573136 -0.041869656983765713 -0.028395840456921253 0.032059537593137191 0.0085283745528294107 0.0069057848605945478 0.019515323079858444 0.031360998415958061 0.0013325040180327205 0.0026861605682520062 0.020967385806547108 -0.022396292353798225 -0.029778994281424401 -0.0054873293133354886
leaf_weight=1279.2590451026845 82.184507612138987 79.148538250476122 7576.8880957309739 112367.92379681356 15901.266866384954 7852.7959308349891 22648.687251509247 257.99392352066934 341.00556583888829 116.04101182147861 55.889827821403742 1123.7719585448503 49.866548284888268 465.84734912216663 49.232114061713219 98.036818009801209 36.008667934685946 45.551633190363646 194.17038597166538 79.888602629303932 85.325534373521805 78.129240930080414 160.51742697879672 41.579225122928619 32173.840331024519 2355.8377084694803 249.13126326724887 113.65848762914538 116.00411980599165 919.62742938101292
leaf_count=26241 325 99 82482 1501448 229374 97850 678685 262 591 343 223 1833 87 730 96 382 54 160 263 24 71 67 260 12 438889 1812 173 170 128 795
internal_value=0 -0.000337603 -0.000676199 -0.000841652 0.00372912 -0.00205216 -0.002425 0.00189019 0.00261608 0.0122605 0.00285709 1.90648e-05 -0.0020416 0.00626493 -0.00522113 -0.0190555 -0.00387039 -0.0167234 -0.000494859 -0.000459432 -0.011861 -0.0182973 0.0089833 0.00131367 0.00127091 -0.000482947 0.00330978 0.00149557 -0.000574023 -0.00831674
internal_weight=206995 189815 157520 149943 17180.5 33383.4 30501.5 2881.95 2799.76 590.442 332.448 2209.32 1868.32 515.714 1352.6 228.829 130.792 94.7837 116560 116202 357.625 272.3 276.558 32294.6 32253 116122 2718.63 2469.5 113404 1035.63
internal_count=3063929 2808314 2369314 2286832 255615 781881 776535 5346 5021 1088 826 3933 3342 817 2525 692 310 256 1504951 1504550 401 330 603 439000 438988 1504526 2155 1982 1502371 923
is_linear=0
shrinkage=0.03


Tree=159
num_leaves=31
num_cat=0
split_feature=88 26 88 55 66 64 66 88 3 20 18 65 88 83 19 82 78 72 70 84 3 22 84 11 83 86 77 73 67 84
split_gain=283.088 99.9474 87.0006 60.3057 63.1229 72.2426 74.3824 69.1178 60.2549 115.005 73.3857 65.4234 62.7319 57.2431 56.3888 54.2096 91.4819 59.2988 63.9889 53.1012 87.64 67.9005 65.659 52.3704 48.7526 46.715 106.653 90.2789 63.4205 59.0792
threshold=0.068273026496171965 0.42514967918396002 0.031595343723893173 0.46720869839191442 0.53876152634620678 0.90873280167579662 0.10159480944275857 0.28989900648593908 0.081301145255565657 1.2844802141189577 0.37446653842926031 1.7301692962646487 0.48244881629943853 0.016299802809953693 1.2459200620651247 -0.88986855745315541 -0.0031935109291225667 -0.94618728756904591 1.9221605062484743 -0.20856898277997968 0.072635684162378325 0.35638883709907537 -0.76884013414382923 0.37446653842926031 0.0017837882041931155 0.53349027037620556 -0.81186735630035389 0.43377727270126348 1.0185747146606448 -0.078308649361133562
decision_type=2 2 2 2 2 2 2 2 2 2 2 2 2 2 2 2 2 2 2 2 2 2 2 2 2 2 2 2 2 2
left_child=2 3 -1 4 5 8 -7 24 14 10 11 13 -13 -10 -2 16 17 18 -6 21 -21 22 -18 -3 -8 28 -27 -28 -17 -30
right_child=1 23 -4 -5 15 6 7 -9 9 -11 -12 12 -14 -15 -16 25 19 -19 -20 20 -22 -23 -24 -25 -26 26 27 -29 29 -31
leaf_value=0.0057177755977888657 -8.1118354807129401e-05 0.00052268786640440414 0.0018295251104165681 0.0011080410848427439 0.0134823375888366 0.021945643191494783 -0.015861914429140551 -0.032810878393688112 -0.0039126792986274141 0.030440697880214508 -0.0010995512629286414 -0.0068865238206117793 0.034406076737661127 -0.00020889924042252422 -0.038634896493338511 0.021158023606750762 0.0089182799198568724 0.0045203834981817825 -0.025271606089626201 -0.01419454962681662 0.01329717497125237 0.011623315478625378 -0.021831731751978934 0.015576827623760973 0.010632500050921884 -0.024292463799265404 0.021005668160386352 -0.021188020706081355 0.0077762698943895352 -0.0013305564204036081
leaf_weight=6648.7036568008771 29280.877288652569 56629.375250732744 23449.758336168976 11579.80337366715 41.340528413653374 46.349488254636526 199.92484017834067 151.86057105567306 20065.857415445251 95.83515095571056 48455.986444159906 53.713460078462958 77.209694376215339 4623.8744736887311 30.183646062389016 153.55815145000815 83.011672243475914 113.9195156916976 291.81759101524949 127.81054420769215 502.209621489048 135.62706133723259 226.07333582267165 204.77305758045986 86.642754569649696 60.72554425150156 442.19612314738333 47.512530364096165 942.7831654921174 1981.4271544897929
leaf_count=111315 311852 656436 323332 170573 51 56 265 437 477726 60 885884 96 106 118084 27 140 98 137 585 108 400 118 475 1021 106 148 691 145 1168 2289
internal_value=0 -0.000458041 0.00268923 -0.000949233 -0.00116924 -0.00133109 -0.0128389 -0.0166915 -0.00127622 -0.00173552 -0.00177933 -0.00310584 0.0177298 -0.00321937 -0.00012624 0.0020707 -0.00267514 -0.0140163 -0.0203465 0.00207298 0.00765854 -0.00582774 -0.0135503 0.000578099 -0.00779983 0.00406329 0.0120841 0.0167643 0.00261354 0.00161061
internal_weight=206831 176732 30098.5 119898 108318 103168 484.778 438.428 102684 73372.5 73276.6 24820.7 130.923 24689.7 29311.1 5150.01 1521.81 447.078 333.158 1074.73 630.02 444.712 309.085 56834.1 286.568 3628.2 550.434 489.709 3077.77 2924.21
internal_count=3063929 2629282 434647 1971825 1801252 1794699 864 808 1793835 1481956 1481896 596012 202 595810 311879 6553 1972 773 636 1199 508 691 573 657457 371 4581 984 836 3597 3457
is_linear=0
shrinkage=0.03


Tree=160
num_leaves=31
num_cat=0
split_feature=88 55 5 88 69 7 12 86 6 21 66 71 87 7 6 5 4 66 64 78 6 87 65 36 62 6 6 25 7 28
split_gain=278.503 105.629 73.7439 69.118 68.5387 74.7462 68.3822 64.2394 59.4944 69.237 57.8747 61.0901 75.9464 60.6829 78.9543 69.0833 90.3014 57.5635 60.7337 57.3041 57.0076 66.3584 76.8532 63.7101 58.2612 56.0948 77.7841 75.5328 73.9414 77.1121
threshold=0.05663623288273812 0.31061333417892462 1.0938583016395571 0.023474368266761306 1.6157894730567934 -0.22738964110612866 0.53458327054977428 0.18998968601226809 0.073521606624126448 0.14931328594684604 0.89077988266944896 1.9226946234703066 0.003271655761636794 0.44669444859027868 0.39159533381462103 1.3411182165145876 0.54616111516952526 1.7566918134689333 2.0331231355667119 -0.10278231278061865 0.10734022036194803 0.23849068582057956 0.75734868645668041 0.3114724606275559 3.034684323210968e-05 0.3810447901487351 0.30561105906963354 0.46720869839191442 0.37049600481987005 1.0000000180025095e-35
decision_type=2 2 2 2 2 2 2 2 2 2 2 2 2 2 2 2 2 2 2 2 2 2 2 2 2 2 2 2 2 2
left_child=3 2 6 -1 5 -4 7 -2 9 -7 11 13 -13 14 -10 -16 -17 18 25 -6 21 24 -23 -24 -14 26 27 -9 29 -28
right_child=1 -3 4 -5 19 8 -8 17 10 -11 -12 12 20 -15 15 16 -18 -19 -20 -21 -22 22 23 -25 -26 -27 28 -29 -30 -31
leaf_value=0.0072276602332202646 0.00025976828227970787 0.0010624992556075657 0.002075049021217891 0.0024811686508609079 -0.024548695110657399 -0.010542246072199685 0.013539745100139449 -0.0012390452412847726 -0.0066273022983730197 -0.0026350577781273522 -0.028519459900055548 0.025001614360287146 0.021262719637901075 -9.3065588987245455e-05 -0.0025422819583086637 -0.0049629460205116429 0.021968595288711527 -0.026711151089183705 0.015293852839348926 0.0096601399597847221 -0.018577259869811572 0.029812947687278216 0.015151504105876186 -0.032790359973404806 -0.0012280701311747288 0.00075598922340423423 -0.0037282122093178164 0.0041905049544357503 -0.00082211648547812267 -0.010834734189204168
leaf_weight=3231.0710567813876 56149.024248023969 36520.977322507621 2638.9099214012385 18986.833710886895 43.644682072103024 1978.6722904963462 309.19724290631711 43335.060318939082 5580.1665599646731 2014.9799611810595 72.154135916382074 119.871990904212 106.14853809401393 3950.8138230646873 2121.3088102661422 194.91578645148547 255.00549224944552 74.938397973775864 199.3963321596384 605.9564533084631 123.98746254853904 148.85411579534411 58.028584022074938 37.770662384107709 1755.3357442170382 11855.362487814506 5072.3070171310392 2431.3531973622739 4809.2225157154026 1886.9715166362876
leaf_count=61332 683781 492744 71373 265683 193 66729 1650 576583 191865 38197 195 57 168 95671 67317 5205 3770 133 133 1054 511 234 166 183 3022 193930 101870 12491 79927 47762
internal_value=0 -0.000382241 -0.000738969 0.00317281 -0.00234973 -0.00264504 -0.000460369 -0.00049524 -0.00331822 -0.00656046 -0.00242486 -0.00228641 0.00213594 -0.00314594 -0.00462428 -0.000271959 0.0103504 -0.00110381 -0.00107464 0.0072187 0.000862305 0.00204188 0.0165981 -0.00426204 9.48653e-05 -0.00112262 -0.00150982 -0.00095016 -0.00368484 -0.00566087
internal_weight=206668 184450 147929 22217.9 21806.5 21156.9 126123 125814 18518 3993.65 14524.4 14452.2 2350 12102.2 8151.4 2571.23 449.921 69664.6 69589.7 649.601 2230.13 2106.14 244.653 95.7992 1861.48 69390.3 57534.9 45766.4 11768.5 6959.28
internal_count=3063929 2736914 2244170 327015 545910 544663 1698260 1696610 473290 104926 368364 368169 4341 363828 268157 76292 8975 1012829 1012696 1247 4284 3773 583 349 3190 1012563 818633 589074 229559 149632
is_linear=0
shrinkage=0.03


Tree=161
num_leaves=31
num_cat=0
split_feature=17 56 16 63 63 22 6 7 7 63 62 65 72 72 3 12 6 60 61 20 86 88 86 7 2 6 4 71 64 86
split_gain=278.367 91.0671 76.0635 57.9129 62.3785 70.5994 56.4476 120.345 71.1055 57.8443 53.0907 56.5288 56.5664 54.2802 52.968 52.6024 51.5254 49.8109 57.2808 49.0876 57.0642 50.264 65.8563 49.0873 63.0136 56.6376 48.0847 85.3083 123.899 86.0993
threshold=0.61035025119781505 1.0000000180025095e-35 0.65050083398818981 0.22706042230129245 0.39345060288906103 0.67529118061065685 0.038208844140172012 0.25045758485794073 -0.42036959528923029 1.0000000180025095e-35 0.73460555076599132 1.0633523464202883 -0.87468671798706044 -0.84177657961845387 0.19760918617248538 0.42514967918396002 -0.12960802763700482 0.044438350945711143 0.13315772265195849 1.0456365942955019 0.11312536522746088 0.16842864453792575 0.29837384819984442 0.37795858085155493 -0.83190160989761341 0.40777969360351568 0.3114724606275559 1.2406429052352907 0.007738671265542508 0.084258768707513823
decision_type=2 2 2 2 2 2 2 2 2 2 2 2 2 2 2 2 2 2 2 2 2 2 2 2 2 2 2 2 2 2
left_child=1 3 -2 15 -5 10 7 8 16 -9 13 -12 -13 17 -8 19 -3 18 -6 26 -21 -22 -23 24 -16 -25 -1 -28 -29 -30
right_child=2 6 -4 4 5 -7 14 9 -10 -11 11 12 -14 -15 23 -17 -18 -19 -20 20 21 22 -24 25 -26 -27 27 28 29 -31
leaf_value=-0.0020791423781354444 0.0020514143567748706 0.024116258830651736 0.0068173417152500356 0.0073628370316616808 -0.014142606261188394 -0.030612066487038472 0.00063314959368498134 0.0087571440902802708 -0.00037844312474133321 -0.041835290926890943 0.029635965884240535 0.0033001071479421443 -0.019645495067174737 0.005867470752407569 0.011007984384269509 0.0087159273097871491 0.0048971907364177272 -0.023432078664224584 0.019338632658702261 -0.0040283608732786273 0.024988997175823039 -0.023039861921111453 0.026348556222104722 0.00032080191717246477 -0.0020453107890459118 0.012271343039071484 -0.00099543199941236316 0.022472708839523254 -0.020447289125784151 0.0038385942931609268
leaf_weight=44623.201229617276 29255.928016844016 134.81076080072671 3358.6202071108128 1454.5319253932685 126.60886528901756 64.082956627011299 39999.85803273585 2276.525669696799 8435.599332853104 16.602271339856088 64.958827380090952 1588.3230715636164 98.940351259894669 188.01045259833336 334.30027341312962 466.78577407542616 1383.5351732747804 211.30642724782228 66.984020672738552 203.34418886899948 196.59575022291392 52.344972886145115 38.719616581685841 8627.6528635852737 20552.639770674752 368.39239743177313 39948.117818478568 308.28309335466474 137.00179685652256 1921.3989291395992
leaf_count=674462 439924 596 64137 1639 203 63 522811 11112 118534 147 43 2020 209 208 4390 2163 14707 325 52 314 170 116 83 126346 346742 2462 727948 225 84 1694
internal_value=0 -0.000477033 0.00254312 -0.00112654 0.00246606 -0.000495751 0.000248591 0.00212697 0.000697806 0.00831669 0.000376014 0.00300428 0.00190865 -0.00735183 -8.06372e-05 -0.00128462 0.00666545 -0.0134984 -0.0023782 -0.00133846 0.00808144 0.016595 -0.00176806 -0.00103618 -0.00183411 0.000815919 -0.00139208 -0.000667305 0.00486171 0.00218348
internal_weight=206504 173889 32614.5 91759.5 3863.75 2409.21 82129.9 12247.1 9953.95 2293.13 2345.13 1752.22 1687.26 592.91 69882.8 87895.8 1518.35 404.899 193.593 87429 491.005 287.66 91.0646 29883 20886.9 8996.05 86938 42314.8 2366.68 2058.4
internal_count=3063929 2559868 504061 1412021 4762 3123 1147847 145096 133837 11259 3060 2272 2229 788 1002751 1407259 15303 580 255 1405096 683 369 199 479940 351132 128808 1404413 729951 2003 1778
is_linear=0
shrinkage=0.03


Tree=162
num_leaves=31
num_cat=0
split_feature=17 16 56 63 60 63 22 84 1 72 1 53 86 72 64 77 36 83 72 78 70 72 84 71 20 2 83 70 61 15
split_gain=273.039 81.2941 81.0863 52.5568 54.9647 54.9379 64.0353 57.727 74.0301 69.2366 53.0369 61.9752 52.4191 52.1112 50.9566 68.6819 86.6476 72.1553 53.0296 50.5172 50.011 60.7207 90.7267 48.2764 47.2256 49.3137 47.8969 47.1059 56.9679 46.8019
threshold=0.58756005764007579 0.61035025119781505 1.0000000180025095e-35 0.23283015191555026 0.19581871479749682 0.39345060288906103 0.67529118061065685 -0.09354937449097632 -0.17454560846090314 -1.5705413818359373 -0.03572574816644191 1.0000000180025095e-35 0.027034342288970951 -1.79057902097702 0.81353873014450084 0.8533630669116975 0.24964435398578647 -2.0561535166052632e-05 -1.2198121547698972 1.5495206753257664e-06 1.6175448298454287 -1.2694001197814939 -0.10400361195206641 3.2597950696945195 1.0456365942955019 -0.10946446284651755 0.00021629521506838503 2.0812616348266606 1.5996544361114504 0.65050083398818981
decision_type=2 2 2 2 2 2 2 2 2 2 2 2 2 2 2 2 2 2 2 2 2 2 2 2 2 2 2 2 2 2
left_child=2 -2 3 4 24 10 7 8 -7 13 20 -12 -4 -9 -11 16 17 -16 19 -19 -5 -22 -23 -13 -1 -26 -27 -10 -29 -3
right_child=1 29 12 5 -6 6 -8 9 27 14 11 23 -14 -15 15 -17 -18 18 -20 -21 21 22 -24 -25 25 26 -28 28 -30 -31
leaf_value=-0.001365812029308297 0.0016570534800143429 0.0048537678661413819 0.0053250968115411603 0.034402165001788131 0.0315991807719187 -0.0098235690302077676 -0.029268783881488614 -0.011013670305712871 -0.012759489197703063 0.0065147793560563988 0.0059559224969626305 -0.036945664552322739 6.1635192264786301e-05 0.017054115444547054 -0.028046360301003766 0.012158351559309333 -0.038778816970792676 -0.031782013305620506 0.0069352199222650242 0.0015125461938358719 0.018383422533966669 -0.037913854675693824 0.012257723933349528 -0.00022273450398946535 0.027263326538470724 0.0084671306540856917 -0.019084110380793055 0.013964991198566798 -0.0090362062721043978 0.018364070950381353
leaf_weight=85017.244847749782 32649.015192574334 6097.0616507839659 1737.7776352138753 93.095179114490747 41.683866275474429 234.45904109813273 63.37009970843792 81.764492440968752 78.927194219082594 162.82095482572913 764.14589057117701 53.532020382583141 76414.303684366139 193.65038975328207 139.73370343446732 89.730104729533195 113.44187171012163 81.080642741173506 209.35698005836457 78.042712097987533 261.71971499733627 47.392022222280502 84.25341266952455 73.901261359453201 93.569276550784707 286.53511189762503 66.60779442358762 739.76501919701695 108.38668539188802 236.80831566637789
leaf_count=1375991 479686 101094 24532 89 32 505 63 127 137 160 774 98 1072346 186 301 123 213 84 222 83 275 118 97 101 93 371 113 719 180 5016
internal_value=0 0.00226107 -0.000526551 -0.00114434 -0.00129691 0.00232847 -0.000436823 0.000400985 0.00511094 -0.00435511 0.00708413 0.00270563 0.000178997 0.00866694 -0.00848356 -0.0119399 -0.0154809 -0.0100094 -0.00292972 -0.0157883 0.0150123 0.010112 -0.00635616 -0.0163384 -0.00131448 0.00837025 0.00310243 0.0089187 0.0109917 0.00537087
internal_weight=206393 38982.9 167410 89258.2 85505.6 3752.57 2374.53 2311.16 1161.54 1149.62 1378.04 891.579 78152.1 275.415 874.207 711.386 621.656 508.214 368.48 159.123 486.46 393.365 131.645 127.433 85464 446.712 353.143 927.079 848.152 6333.87
internal_count=3063929 585796 2478133 1381255 1376600 4655 3103 3040 1541 1499 1552 973 1096878 313 1186 1026 903 690 389 167 579 490 215 199 1376568 577 484 1036 899 106110
is_linear=0
shrinkage=0.03


Tree=163
num_leaves=31
num_cat=0
split_feature=88 17 52 66 62 20 3 20 83 88 66 2 51 67 67 1 78 67 78 1 14 6 7 7 6 6 6 32 6 3
split_gain=269.364 131.52 62.6011 60.1201 57.8908 56.721 79.8244 59.4298 51.4943 48.3388 47.8129 47.5312 51.7144 47.1425 109.308 78.386 77.1423 66.4339 66.2836 53.9842 44.7405 44.5997 57.6264 117.672 128.161 94.3858 87.6746 54.2832 47.5521 46.0333
threshold=0.044761393219232566 0.50316895544528972 0.24964435398578647 1.4626234173774721 2.3964208364486699 1.0456365942955019 0.15293506532907489 1.2480892539024355 -0.00023309229436563325 0.01872641779482365 1.4025897383689883 -0.95679354667663563 0.37446653842926031 1.7994785904884341 1.858662545681 -0.048861470073461526 -0.0792219042778015 1.7036659121513369 -0.06192540563642978 0.093440897762775435 0.56247621774673473 0.40833660960197454 0.39009414613246923 0.23416005820035937 0.39262773096561437 0.38169310986995703 0.030922572128474716 0.7184627652168275 0.37322366237640386 0.026843986473977569
decision_type=2 2 2 2 2 2 2 2 2 2 2 2 2 2 2 2 2 2 2 2 2 2 2 2 2 2 2 2 2 2
left_child=9 2 5 21 10 13 7 -7 -8 -1 11 12 20 17 15 -15 -16 -2 -18 -17 -4 22 23 29 26 28 -25 -23 -24 -3
right_child=1 3 4 -5 -6 6 8 -9 -10 -11 -12 -13 -14 14 16 19 18 -19 -20 -21 -22 27 25 24 -26 -27 -28 -29 -30 -31
leaf_value=0.0084492481689578645 -0.0013075384005548322 0.0035470433933853349 -0.01096705300765325 -0.03742104112978744 -0.028920309220217211 0.0085054999514449173 0.035590585643165279 -0.020612837382467528 0.0038770914869361533 0.0032805030545733833 0.018899708146559405 9.3866570538320011e-05 0.024451025437649172 0.031904061675448736 -0.026876125174553168 -0.012525861706444628 0.027923932571243173 -0.014671300370448667 0.00041622328548945647 0.019906393430256433 0.015640965958427708 -0.0027484255349485105 -0.00070819449340382332 0.0091954987405478486 0.016952669559854829 -0.0070778350177103117 0.001676106021317961 0.0030486443597601827 0.0026418991981841567 0.00026101104618948682
leaf_weight=1872.0904160748178 94628.261477825901 5061.0087977794537 116.72447464957077 32.663171231746674 57.326912719756365 183.53157694917172 119.39924105629325 91.046831406652927 75.804921878501773 12545.461151760421 119.33379913493991 40440.804648006902 146.39323845040053 177.62306247279048 86.395487118512392 88.591029547154903 77.634476095438004 332.09035875927657 2320.1931918058544 88.253214068710804 103.51427447469905 5320.0953843406169 9136.7837723652774 2057.3496988010593 781.30457164417021 1543.0969547229397 4334.5662179974606 1995.5179612394422 6537.5789315793372 15840.904277622554
leaf_count=38049 1526412 45914 3888 44 144 325 102 75 137 181345 79 608349 888 126 285 99 59 511 2701 77 399 89816 135359 11751 5229 26279 42147 28269 93465 221606
internal_value=0 -0.000297161 -0.000780064 0.000980155 0.000204772 -0.00119084 0.00916375 -0.00129097 0.0236228 0.00395412 0.0002485 0.000192001 0.0108866 -0.00124099 0.00256557 0.0180523 0.000328531 -0.00135494 0.00135374 0.00371671 0.00157482 0.00100693 0.00135802 0.00219592 0.00551036 -8.20822e-06 0.00410129 -0.00116571 0.000689118 0.0010574
internal_weight=206311 191894 139253 52640.9 40984.1 98268.8 469.783 274.578 195.204 14417.6 40926.8 40807.4 366.632 97799 2838.69 354.467 2484.22 94960.4 2397.83 176.844 220.239 52608.2 45292.6 28075.1 7173.22 17217.5 6391.92 7315.61 15674.4 20901.9
internal_count=3063929 2844535 2144656 699879 613747 1530909 639 400 239 219394 613603 613524 5175 1530270 3347 302 3045 1526923 2760 176 4287 699835 581750 326647 59127 255103 53898 118085 228824 267520
is_linear=0
shrinkage=0.03


Tree=164
num_leaves=31
num_cat=0
split_feature=88 25 88 88 22 2 14 4 64 51 14 61 20 63 6 66 1 7 66 88 2 64 79 72 66 79 36 77 6 82
split_gain=265.051 90.7455 79.9348 62.6307 54.6019 50.731 49.2038 80.3856 53.5756 52.6624 48.3556 47.9934 61.4654 61.2815 57.0022 62.7459 62.0674 56.6415 55.8868 73.4172 128.871 54.2603 95.4356 66.4767 54.4775 95.3996 51.682 52.9441 49.0353 48.645
threshold=0.068273026496171965 0.37446653842926031 0.033260961994528777 0.20416597276926043 1.3399389982223513 -0.95679354667663563 0.81924167275428783 0.53974768519401561 1.0087383389472964 1.1525363326072695 0.31061333417892462 0.18027425557374957 0.14931328594684604 1.1417566544991155e-11 0.067519202828407301 0.039844471961259849 0.20694658905267718 0.22475264966487887 0.24022614955902102 0.15818639844655993 -0.057334531098604195 0.81353873014450084 0.003358663991093636 -1.4252945780754087 0.79308435320854198 -0.081162553280591951 0.20707555115222934 -0.89922618865966786 0.030922572128474716 -0.57968145608901966
decision_type=2 2 2 2 2 2 2 2 2 2 2 2 2 2 2 2 2 2 2 2 2 2 2 2 2 2 2 2 2 2
left_child=2 3 -1 11 -5 -3 7 8 -7 -8 -4 12 17 -14 -13 -16 18 -2 19 20 -17 26 23 24 25 -23 27 -20 -19 -25
right_child=1 5 10 4 -6 6 9 -9 -10 -11 -12 14 13 -15 15 16 -18 28 21 -21 -22 22 -24 29 -26 -27 -28 -29 -30 -31
leaf_value=0.0052977642827681821 -0.0031695292202875871 0.015049057214393424 0.00082662030444084593 -0.001282283058773063 -0.027795014835652686 0.0016278548830602506 0.0060214978059687429 -0.0017289792532032414 0.029391870336755142 -0.012561362825646146 0.0038969232972976922 -0.013988913245110821 0.00058554627230390994 -0.028450624025866209 0.021284787692221665 0.015681769672318106 -0.019207921051601389 0.0077219158144293436 0.029949384509121053 0.0094819619809611202 -0.028973649313750922 0.011538996895035597 0.017581429408171464 -0.00050693990641155929 0.016139281951970924 -0.024905904562195942 -0.0013077893685285516 0.0094861719320975309 -0.00060170549497191742 -0.017278814633625308
leaf_weight=7469.6357091556711 9790.9286156974922 227.45896819746122 15971.683676105487 81470.453883743961 65.996806940063834 18216.216327741597 2378.2538466793485 9079.4076380077749 58.803810298442841 141.81736600585282 6494.7016963890928 152.70405618101358 37026.875784963428 61.528818756341934 185.61629784107208 81.087621510028839 101.0058478564024 663.28473764148657 206.225780159235 176.71722617745399 183.78712926059961 161.07488298416138 323.87350573018193 393.54133382439613 279.86431889235973 102.25919319689274 153.30153122544289 262.36726172268391 14009.468135598254 254.35975223779678
leaf_count=123483 203040 1096 236421 1423224 202 184417 14132 93581 15 1110 74743 230 479681 74 111 58 135 5879 103 167 226 135 246 373 172 115 137 191 220136 296
internal_value=0 -0.000443405 0.00260966 -0.000752441 -0.00130516 0.00105632 0.000947633 0.000577547 0.00172385 0.00495571 0.00171494 -5.43801e-05 -0.000235649 0.000534192 0.00363679 0.00459597 0.00340819 -0.00140285 0.00432425 -0.00535019 -0.0152564 0.00633188 0.00324824 -0.000691153 0.00701699 -0.00275753 0.0137678 0.0186787 -0.000223126 -0.00716394
internal_weight=206144 176208 29936 146106 81536.5 30102 29874.5 27354.4 18275 2520.07 22466.4 64569.9 61552.1 37088.4 3017.79 2865.08 2679.47 24463.7 2578.46 441.592 264.875 2136.87 1514.97 1191.1 543.198 263.334 621.895 468.593 14672.8 647.901
internal_count=3063929 2629282 434647 2334931 1423426 294351 293255 278013 184432 15242 311164 911505 908810 479755 2695 2465 2354 429055 2219 451 284 1768 1337 1091 422 250 431 294 226015 669
is_linear=0
shrinkage=0.03


Tree=165
num_leaves=31
num_cat=0
split_feature=88 18 88 28 85 86 86 3 19 27 69 70 68 62 65 82 35 84 88 7 5 7 69 86 85 31 78 85 87 7
split_gain=260.887 94.9609 77.5056 73.9536 66.4024 61.7288 52.5994 53.3844 52.4064 51.6483 47.5396 46.7735 66.4591 108.054 41.8818 85.9988 84.3941 54.6035 65.0485 74.6061 60.1085 114.714 56.9503 65.4397 71.3715 72.9724 50.1269 43.8037 40.6237 39.4324
threshold=0.068273026496171965 0.53458327054977428 0.031595343723893173 0.20707555115222934 0.20291770994663241 0.25441493093967443 0.072743147611618056 0.240335687994957 0.53307747840881359 0.66012796759605419 2.6447207927703862 2.6493300199508671 1.1652525663375857 0.065473519265651717 0.02750303223729134 -0.99978166818618763 0.37446653842926031 -0.49528568983077997 0.47710593044757849 0.23159939795732501 1.0287905931472781 0.21500050276517871 0.27344919741153723 0.21543207019567492 0.078469898551702513 1.0000000180025095e-35 -0.013208757620304821 0.096566904336214079 0.0042502551805228004 0.25114947557449346
decision_type=2 2 2 2 2 2 2 2 2 2 2 2 2 2 2 2 2 2 2 2 2 2 2 2 2 2 2 2 2 2
left_child=2 3 28 6 8 -6 7 -2 10 14 -3 12 13 -4 29 -16 17 18 -17 -20 21 -19 -23 -24 -25 -26 -18 -22 -1 -5
right_child=1 4 11 9 5 -7 -8 -9 -10 -11 -12 -13 -14 -15 15 16 26 20 19 -21 27 22 23 24 25 -27 -28 -29 -30 -31
leaf_value=0.0035982257762709794 0.002454855865336082 0.00025977218374420444 0.0016914094714965461 -0.0016276859917546283 -0.011759757992159644 -0.0016838679236230282 -0.0018153967975579469 0.042353480273583287 0.0038844183584519263 0.0062338090051807368 -0.028200257484196651 0.022595321735581597 -0.023216627438694081 0.042916340514424688 0.021072121583949315 -0.029184984695238288 0.0032076189328663191 -0.024518015459413251 0.022267627763313924 -0.022459664820983653 0.00041247140834142358 0.023682311841595947 -0.018701816378320395 0.016180408271491888 -0.019952588579466399 0.013642277302633454 -0.030054859928076265 0.017566461066749191 0.0084520349262430777 0.0011531205455070283
leaf_weight=4059.9620919615118 2029.9200254481693 82533.594340467971 23075.310736153384 10958.277847707432 724.96867369947722 2208.0281635728315 62532.955519392548 26.678020033985376 3710.2918536762008 1260.1828235604335 48.854908123612404 92.798022866249084 92.00930443406105 53.381606101989746 231.22467973083258 89.288355085998774 62.597810849547386 133.35172738134861 75.872069852426648 53.916671626269817 188.28318025916815 122.2249875664711 112.91709490120411 282.37680222839117 136.62503397464752 95.50805376842618 108.13381111994386 466.88111475482583 2525.3365115645502 7889.126669185498
leaf_count=57271 15689 1195027 323202 187579 23837 38757 1013084 28 29725 10337 78 41 70 19 114 126 84 136 114 159 160 59 95 109 234 87 166 633 54044 112865
internal_value=0 -0.000439966 0.00259079 -0.00114608 0.000247362 -0.00418855 -0.00166004 0.00305581 0.000398373 0.000344626 0.000241516 0.00177814 0.00169088 0.00179416 -9.57043e-06 0.00394385 0.00184793 0.00381929 -0.0100631 0.00353746 0.00582041 0.000694498 0.00529172 0.00157471 0.00614333 -0.00611442 -0.0180394 0.0126759 0.00546425 -0.000463463
internal_weight=205981 176082 29898.8 86856.3 89225.7 2933 64589.6 2056.6 86292.7 22266.8 82582.4 23313.5 23220.7 23128.7 21006.6 2159.2 1927.98 1757.25 219.077 129.789 1538.17 883.004 749.652 627.427 514.51 232.133 170.732 655.164 6585.3 18847.4
internal_count=3063929 2629282 434647 1341858 1287424 62594 1028801 15717 1224830 313057 1195105 323332 323291 323221 302720 2276 2162 1912 399 273 1513 720 584 525 430 321 250 793 111315 300444
is_linear=0
shrinkage=0.03


Tree=166
num_leaves=31
num_cat=0
split_feature=17 34 19 7 3 4 69 1 69 71 69 83 3 78 83 86 18 71 24 69 69 63 70 69 3 1 32 27 69 79
split_gain=257.645 78.4878 77.9038 72.0774 55.8265 105.728 73.705 83.2783 81.7374 68.4443 88.003 87.9398 68.5499 68.101 84.287 66.8187 63.2583 59.0313 97.9374 67.6567 80.2521 55.6191 55.1034 68.1259 85.9099 54.9136 87.5566 65.8102 53.611 122.806
threshold=0.58756005764007579 0.50316895544528972 0.39170669019222265 0.16414991766214374 0.050006855279207237 0.20707555115222934 0.053105551749467857 0.13555138558149341 2.4892022609710698 2.2502341270446782 0.62184554338455211 -0.0085745011456310732 0.14158789068460467 -0.0020480053499341007 -0.004243327770382165 0.20748421549797061 0.61035025119781505 2.8001277446746831 1.0000000180025095e-35 0.38142003118991857 0.52325844764709484 0.12257053330540658 1.2692833542823794 0.54379355907440197 0.19222026318311694 0.50520503520965587 0.5852390229701997 0.14931328594684604 0.011072637513279917 -0.15805423259735105
decision_type=2 2 2 2 2 2 2 2 2 2 2 2 2 2 2 2 2 2 2 2 2 2 2 2 2 2 2 2 2 2
left_child=1 4 -2 -3 -1 -6 28 8 9 12 11 -11 -8 14 -13 16 22 19 -19 -15 -21 -18 -9 -24 -25 27 -27 -17 -7 -30
right_child=2 3 -4 -5 5 6 7 15 -10 10 -12 13 -14 17 -16 25 21 18 -20 20 -22 -23 23 24 -26 26 -28 -29 29 -31
leaf_value=0.00042018393367801953 0.0015193485726679265 0.0081271509142150141 0.0048515122441391469 0.00096071167093121125 -0.0024252189609795878 -0.00065455962992273765 0.0018030079351584634 -0.021945458658421062 -0.021739812854379439 -0.035927451019396955 0.006207249649174555 0.014272600063641569 0.019932241746863453 0.015720941953166361 -0.021270237398503106 0.0070699932937831854 -0.03685462043176764 0.0016897380843949501 -0.03889395589159661 -0.024592802561455313 0.015380148224617462 -0.0089421616911608652 0.021935405160449752 0.012630861906727322 -0.02224250856388334 -0.037648030589089686 0.013827178031612281 -0.01933217938572809 0.008463417461052395 -0.03290116750954164
leaf_weight=32019.154574630273 30883.955693583441 1425.6090999486769 7938.9011538091872 10881.780868839603 33432.760294858177 82061.008607904136 304.96985505521297 105.40944633632898 101.36201394349337 65.920469231903553 3047.4041789565235 75.467592135071754 490.26085034385324 389.31827966123819 249.10909370705485 811.15170631743968 116.74341274052858 231.77605724707246 65.394873023033142 95.823081851005554 78.84565456956625 145.94906494766474 107.09197683632374 114.01183320581913 134.21242780983448 69.964427393861115 46.798855014145374 90.91967910528183 114.92060368135571 139.33374248631299
leaf_count=262038 480645 15457 105151 151498 555649 1484542 387 181 160 180 3204 106 721 375 435 1113 182 334 52 149 90 185 76 70 185 174 28 75 193 294
internal_value=0 -0.000511741 0.00220129 0.00179356 -0.000695207 -0.000986348 -0.000447236 0.00252125 0.00442414 0.00496226 0.00345829 -0.00322947 0.0130292 -0.00129318 -0.0129193 -0.003148 -0.0100948 0.00312306 -0.00762405 0.00880757 -0.00658342 -0.0217304 -0.00332087 0.00237464 -0.0062607 0.00180029 -0.0172048 0.00433036 -0.000697599 -0.0143458
internal_weight=205835 167012 38822.9 12307.4 154705 122686 89253.2 6937.9 5195.65 5094.29 4299.06 1251.66 795.231 1185.73 324.577 1742.25 723.418 861.158 297.171 563.987 174.669 262.692 460.726 355.316 248.224 1018.83 116.763 902.071 82315.3 254.254
internal_count=3063929 2478133 585796 166955 2311178 2049140 1493491 8462 6193 6033 4925 1721 1108 1541 541 2269 879 1000 386 614 239 367 512 331 255 1390 202 1188 1485029 487
is_linear=0
shrinkage=0.03


Tree=167
num_leaves=31
num_cat=0
split_feature=17 33 15 6 7 3 4 69 1 72 69 82 77 86 86 18 61 2 67 84 2 78 16 69 70 85 84 78 62 69
split_gain=252.018 83.2012 71.2606 63.7172 56.341 52.3898 99.1959 57.2381 81.4007 69.0902 76.3927 68.2841 92.3759 67.4915 81.0444 73.492 66.6829 61.5601 59.8287 57.6499 75.6751 56.3065 80.0464 137.101 68.1639 104.216 60.1213 68.7035 57.2386 52.407
threshold=0.61035025119781505 1.0000000180025095e-35 0.61035025119781505 0.023902778513729576 0.25114947557449346 0.050006855279207237 0.20707555115222934 0.053105551749467857 0.13555138558149341 -1.7120876312255857 2.4892022609710698 -0.86415520310401905 -1.0000000180025095e-35 0.1073618456721306 0.22149724513292315 0.50316895544528972 0.87933829426765453 -1.0000000180025095e-35 1.3251126408576968 -0.30414061248302454 -0.057334531098604195 -0.00050901653594337393 1.0000000180025095e-35 0.8487209975719453 0.90769886970520031 0.038725711405277259 0.022023465484380726 -1.0647170711308716e-05 0.95987534523010265 0.38142003118991857
decision_type=2 2 2 2 2 2 2 2 2 2 2 2 2 2 2 2 2 2 2 2 2 2 2 2 2 2 2 2 2 2
left_child=1 5 -2 4 -3 -1 -7 -8 9 13 21 12 17 -9 15 -15 -13 -10 -19 -14 -21 22 24 -24 -11 -26 27 -23 -27 -29
right_child=2 3 -4 -5 -6 6 7 8 11 10 -12 16 19 14 -16 -17 -18 18 -20 20 -22 26 23 -25 25 28 -28 29 -30 -31
leaf_value=0.00036588339438271025 0.0022503155222256682 0.002920493406088639 0.013682560694401678 0.00053758966231253001 0.012814715465437691 -0.0024929985798867078 -0.00073731658050582701 -0.029949660779607749 -0.023338145604224595 0.027276983832656566 -0.020445379951428578 0.0056299232918956953 0.022778160928996493 0.018579277270271789 -0.020975879546978209 -0.0086547822587948429 -0.023968828777688512 -0.014330677783932166 0.013676192502489406 0.016603891830003954 -0.032674049817205932 0.028107179269540854 -0.02958514248280987 0.0043885660356177518 -0.028020037069411755 0.0021941646644828569 -0.00047647687118785269 0.016827391368485281 0.020074912029912594 0.006056550269224293
leaf_weight=29974.626673155028 31948.905987132719 2260.1651093501714 494.72664747471572 26227.387602458737 670.27245323301759 30954.31159541884 76439.288499247516 84.152564093470573 356.35927246883512 112.12587236613035 97.838603481650352 706.64301356673241 107.02930402569473 191.06525262631476 133.16709792427719 160.72108040004969 71.819213192909956 196.7263301089406 100.46758754178882 52.842400059103966 51.653002880513668 182.18292699754238 176.92879666388035 258.72604538500309 85.191461458802223 798.74927526712418 547.58143541775644 558.70352027565241 198.5030381269753 1507.5087018013
leaf_count=249518 494533 25936 9528 346677 2442 522492 1404469 82 598 175 154 901 82 180 346 189 148 225 95 74 91 70 221 199 74 1314 763 602 193 1558
internal_value=0 -0.0004544 0.00242645 0.00100693 0.00519949 -0.000750133 -0.00104328 -0.000503612 0.00214636 0.00401948 0.0052596 -0.00365116 -0.00943414 -0.00579874 -0.00138797 0.00616675 0.00278489 -0.0149919 -0.00479201 0.00767633 -0.00801973 0.00584676 0.00140721 -0.00954229 0.00542272 0.0030627 0.00842797 0.0105956 0.0058238 0.00899804
internal_weight=205706 173263 32443.6 29157.8 2930.44 144105 114130 83176 6736.69 5093.15 4524.04 1643.54 865.078 569.106 484.953 351.786 778.462 653.553 297.194 211.525 104.495 4426.2 1630.22 435.655 1194.57 1082.44 2795.98 2248.4 997.252 2066.21
internal_count=3063929 2559868 504061 375055 28378 2184813 1935295 1412803 8334 6120 5323 2214 1165 797 715 369 1049 918 320 247 165 5169 2176 420 1756 1581 2993 2230 1507 2160
is_linear=0
shrinkage=0.03


Tree=168
num_leaves=31
num_cat=0
split_feature=17 16 55 69 86 36 6 32 32 6 2 7 7 18 68 79 86 68 87 18 70 72 70 36 66 79 70 70 6 68
split_gain=247.721 86.1274 73.0322 49.1495 47.4308 56.4205 54.3537 63.8818 60.6644 52.9955 51.4241 62.6144 51.0939 51.8115 64.4782 82.3274 71.5086 68.5015 65.9492 126.694 64.1842 64.124 64.6362 78.259 70.9973 61.1468 63.5207 59.9735 100.993 100.531
threshold=0.56247621774673473 0.61035025119781505 0.37446653842926031 2.3697669506073002 0.14783216267824176 0.90452465415000927 0.39159533381462103 0.37498413026332861 1.0000000180025095e-35 0.28611345589160925 -0.24295600503683087 0.2278472036123276 -0.41249345242977137 0.53458327054977428 2.6044566631317143 -0.098639119416475282 0.18630211800336841 2.6628530025482182 0.41761878132820135 1.0000000180025095e-35 2.483121514320374 -1.8248828053474424 2.5395191907882695 0.54616111516952526 0.92400389909744274 -0.019855634309351441 3.2084593772888188 0.798946112394333 0.073521606624126448 0.62244898080825817
decision_type=2 2 2 2 2 2 2 2 2 2 2 2 2 2 2 2 2 2 2 2 2 2 2 2 2 2 2 2 2 2
left_child=2 -2 4 -4 -1 6 7 9 -8 12 11 -11 -6 14 21 16 -16 -18 19 -17 -19 -14 27 24 -24 -21 -27 -23 -29 -30
right_child=1 -3 3 -5 5 -7 8 -9 -10 10 -12 -13 13 -15 15 18 17 20 -20 25 -22 22 23 -25 -26 26 -28 28 29 -31
leaf_value=9.2343100636484843e-05 0.0014192695385642387 0.0052002639984068755 0.00090261485583897579 0.033632051275114462 0.00075515881448619043 -0.0054484122433900222 -0.0011855624337571099 0.00032125693761730938 0.0031402351819986691 -0.018521810470331791 -0.0024422254959478094 -0.0052082723147605769 -0.022803980646154763 4.0453168659689825e-05 0.031878981523646009 -0.039023062420944048 0.029137415581857892 -0.022269073172076582 0.022057103129522259 -0.023960870304265608 0.0061891863633700122 -0.0029256887460562798 -0.024131731951516352 0.017565259336616113 0.0047511818968801736 0.0080285642956565012 -0.01634871090498121 -0.0086944977707000392 0.017582253563058117 0.0013180682614566657
leaf_weight=36443.522512413416 40001.148879413049 6271.2993156945231 24089.303471517866 37.37618613243103 9131.1318975449685 2699.7186490610184 6156.9885273725085 17043.300590053594 5537.6530987092992 360.95367782289395 12112.594608672785 2551.3601872414656 137.49360718019307 11206.905376074777 109.74984782934189 90.047028369270265 99.105431873351336 76.806851379573345 76.588671676814556 89.730753339827061 604.62393641471863 25356.244135019937 338.90011991001666 61.535336799919605 96.79609403014183 406.0304655469954 121.69500195980072 798.02321108244359 380.49461779370904 3114.5892364196479
leaf_count=432225 570526 106110 327721 10 146041 76064 129007 241132 93515 18386 240543 60749 342 141092 71 307 89 241 151 147 760 470242 743 63 134 414 151 2290 482 4181
internal_value=0 0.00193221 -0.000561187 0.000959071 -0.000832529 -0.00117386 -0.00105345 -0.00131916 0.00086278 -0.00173452 -0.0033049 -0.00688304 -0.00128304 -0.00171433 -0.00232975 0.00339407 0.00961924 0.00633702 -0.00368144 -0.00658236 0.00286374 -0.00264676 -0.00255167 -0.0132388 -0.0177199 -0.00162339 0.00231793 -0.00237053 0.00090703 0.00310804
internal_weight=205602 46272.4 159329 24126.7 135203 98759.1 96059.3 84364.7 11694.6 67321.4 15024.9 2912.31 52296.5 43165.4 31958.5 1674.38 890.286 780.536 784.092 707.503 681.431 30284.1 30146.6 497.232 435.696 617.456 527.725 29649.4 4293.11 3495.08
internal_count=3063929 676636 2387293 327731 2059562 1627337 1551273 1328751 222522 1087619 319678 79135 767941 621900 480808 2331 1161 1090 1170 1019 1001 478477 478135 940 877 712 565 477195 6953 4663
is_linear=0
shrinkage=0.03


Tree=169
num_leaves=31
num_cat=0
split_feature=88 88 27 22 88 16 87 19 61 69 64 77 2 61 78 65 67 69 69 78 72 1 58 78 87 68 71 67 63 4
split_gain=251.467 100.701 77.4695 63.4145 51.704 49.5433 49.4982 43.3455 43.2199 72.2084 58.3082 43.9746 43.9403 43.4422 42.0962 71.843 55.7964 72.9068 62.9973 52.9187 76.1937 50.935 46.3716 65.7935 62.0331 59.5249 131.14 77.0452 80.9479 69.3037
threshold=0.048832373693585403 0.18745496869087222 0.2834331095218659 1.3399389982223513 0.021251542493700985 0.46720869839191442 0.0047476007603108892 0.52258238196372997 0.49274344742298132 2.2409942150115971 0.81353873014450084 1.0000000180025095e-35 -0.027253863401710984 0.47921563684940344 0.12899706512689593 3.1885359287261967 2.34873378276825 2.3697669506073002 2.716545939445496 -0.00011369629282853565 -1.7425839900970457 0.83491662144660961 1.0000000180025095e-35 -0.021835047751665112 0.20159892737865451 2.2932510375976567 3.156685590744019 0.93608927726745617 0.10444850102066995 0.3354459702968598
decision_type=2 2 2 2 2 2 2 2 2 2 2 2 2 2 2 2 2 2 2 2 2 2 2 2 2 2 2 2 2 2
left_child=4 2 8 5 6 14 -1 -4 9 11 12 13 -10 -2 15 16 21 19 -19 20 -18 22 23 25 -25 27 -27 28 -3 -29
right_child=1 3 7 -5 -6 -7 -8 -9 10 -11 -12 -13 -14 -15 -16 -17 17 18 -20 -21 -22 -23 -24 24 -26 26 -28 29 -30 -31
leaf_value=0.0048267844390759282 0.00019000300248400451 -7.7058848685816658e-05 0.0013258119760325598 -0.026514362251983985 0.0028109536875955033 0.0037601714616671326 0.014256458923771226 0.0049651769098198236 0.030740870035428344 -0.024687860628874105 0.0019346425848798569 -0.0019425460585882042 0.0067408941951120557 -0.040304358924586905 0.0014957126919298959 -0.032869852511034428 0.022388318866908299 -0.025738251176709439 0.015478176058721196 0.019105852770790153 -0.017751985392857262 -0.008174188313399498 -0.0002597457452978971 -0.0018047595369671543 -0.0053687948166286428 0.036351169457998794 0.00096031689018819314 -0.023027489535147931 0.029270549674240372 0.012119516037889052
leaf_weight=1786.5510708091169 44227.699385652493 13527.916017400406 23767.510948018142 83.182758385315537 14465.983185166464 1996.5775866856566 697.98701569616969 3360.6970362783759 118.17895793914795 105.0881070047617 1150.5266663059592 11111.161338104634 165.00418175011873 19.855237603187561 5708.8766633427294 60.253544684499502 68.307560257613659 91.56157223880291 47.867232542484999 356.49048474803567 99.431554295122623 927.8356677917327 35160.469154144899 40577.301522882633 4928.9420058127362 125.30219317600131 349.29351440258324 227.19588145241141 81.117816954851151 61.66988468170166
leaf_count=32316 630560 268199 260745 270 205948 16488 17351 24058 78 163 1051 211115 119 27 104938 230 51 203 50 224 184 25998 513075 552089 196846 173 630 588 99 63
internal_value=0 -0.000314753 0.00045839 -0.000936576 0.00349959 -0.000915137 0.00749635 0.0017775 -0.000170548 -0.00030372 0.00496465 -0.00025557 0.017061 0.000168089 -0.00100648 -0.00115432 -0.00113314 0.00750897 -0.0115198 0.0126275 -0.00123892 -0.00119326 -0.00112472 -0.0016325 -0.00219133 0.000136666 0.0105393 -0.000221177 0.000106089 -0.0154456
internal_weight=205456 188505 84025.7 104480 16950.5 104396 2484.54 27128.2 56897.5 55463.8 1433.71 55358.7 283.183 44247.6 102400 96691 96630.7 663.658 139.429 524.23 167.739 95967 95039.2 59878.7 45506.2 14372.5 474.596 13897.9 13609 288.866
internal_count=3063929 2808314 1127916 1680398 255615 1680128 49667 284803 843113 841865 1248 841702 197 630587 1663640 1558702 1558472 712 253 459 235 1557760 1531762 1018687 748935 269752 803 268949 268298 651
is_linear=0
shrinkage=0.03


Tree=170
num_leaves=31
num_cat=0
split_feature=88 17 47 2 60 4 72 72 86 86 88 3 88 78 82 82 64 3 9 18 2 69 88 69 82 1 53 2 72 68
split_gain=246.089 104.961 61.4178 52.9676 50.5358 50.1668 97.3066 82.7928 72.3559 79.1439 92.6228 69.5151 58.3788 57.8658 105.775 104.438 73.6933 69.4033 54.543 54.1706 67.5966 53.3749 49.7219 48.7456 48.6129 66.2171 60.7997 50.5009 44.2038 43.911
threshold=0.047472711652517326 0.53458327054977428 0.22396993637084964 -1.1888568401336668 0.37170179188251501 0.20707555115222934 -1.2351206541061399 -1.7318212389945982 0.093457780778408064 0.22149724513292315 0.19099232554435733 0.20436391979455951 0.47195565700531011 -0.0013334962422959504 -0.88986855745315541 0.54402080178260814 0.20741081982851031 0.093223951756954207 0.44998097419738775 0.37446653842926031 -0.013957134447991846 0.89443477988243114 0.015796643681824211 2.4892022609710698 -0.48266093432903284 0.023035509511828426 0.24964435398578647 -0.063519801944494234 -1.4194067120552061 0.62244898080825817
decision_type=2 2 2 2 2 2 2 2 2 2 2 2 2 2 2 2 2 2 2 2 2 2 2 2 2 2 2 2 2 2
left_child=22 2 5 -4 29 11 7 8 -7 10 19 18 -11 14 16 17 -9 -16 -2 -10 -21 28 -1 -8 26 -26 -15 -27 -19 -3
right_child=1 4 3 -5 -6 6 23 13 9 12 -12 -13 -14 24 15 -17 -18 21 -20 20 -22 -23 -24 -25 25 27 -28 -29 -30 -31
leaf_value=0.0093214471141100253 -0.0010604177955969058 0.0010927937321087823 0.019121907314628459 0.00054201652754167157 0.023528523502500138 -0.034939054947603965 -0.00071472327766699823 0.010154790859626287 0.019929260888595528 -0.03156658736982746 0.032800875947208499 -0.0033858963444016606 0.00074886551909517866 0.015224727817217242 -0.013383107558113309 -0.021254871573472351 -0.02339092426232306 0.015323183097305465 0.0087885129234910216 0.004612836929424961 -0.024002960798444987 0.023339434951213947 0.0030783671983629027 -0.021285274640251498 0.0097249127882126068 0.0068395845680259935 -0.0076391013027292815 -0.021638533009343271 -0.01478209282927255 -0.0072010785194516992
leaf_weight=1242.9735427580308 26763.826295601262 41070.000416463823 134.85087859944906 25979.577626168175 85.648685306310654 61.048909574747086 74812.750096265503 77.995328165590763 80.223266094923019 110.29924792423844 83.870331354439259 15588.992567862253 89.073087738826871 1125.9015716351569 80.014749437570572 95.785782005637884 213.54734130948782 99.399763885885477 511.76158208027482 176.63154642283916 122.70876004174352 321.95723586902022 14826.709963460686 99.842816308140755 448.32618005946279 91.867960438132286 112.686388194561 133.14207716286182 72.286107018589973 578.58987198770046
leaf_count=26241 262111 574632 1336 371349 45 63 1312172 74 68 235 70 291660 241 957 99 186 310 132 2438 207 156 258 217246 170 454 89 97 187 123 523
internal_value=0 -0.000302719 -0.000678587 0.000641046 0.00102543 -0.000962564 -0.000511772 0.00430537 -0.00473929 -0.00175803 0.00504257 -0.00178799 -0.0173762 0.00658924 0.000574208 0.00714253 -0.0143854 0.0120063 -0.000874199 -0.00135741 -0.00726465 0.0162052 0.00356374 -0.000743335 0.0096027 0.00308115 0.0131231 -0.0100754 0.00257417 0.000976785
internal_weight=205292 189223 147488 26114.4 41734.2 121374 78509.4 3596.77 723.855 662.806 463.434 42864.6 199.372 2872.91 960.986 669.444 291.543 573.658 27275.6 379.564 299.34 493.643 16069.7 74912.6 1911.92 673.336 1238.59 225.01 171.686 41648.6
internal_count=3063929 2820442 2245242 372685 575200 1872557 1316348 4006 1040 977 501 556209 476 2966 1182 798 384 612 264549 431 363 513 243487 1312342 1784 730 1054 276 255 575155
is_linear=0
shrinkage=0.03


Tree=171
num_leaves=31
num_cat=0
split_feature=88 17 59 20 4 72 82 5 9 82 33 84 28 85 66 7 71 71 82 61 72 69 69 19 7 7 60 7 85 36
split_gain=241.104 116.484 57.7482 57.5724 56.8714 94.4204 74.1465 90.1341 68.5286 53.6354 72.296 72.2121 65.9734 92.5155 63.1049 56.6127 56.0098 91.4943 69.9537 74.0881 52.5761 57.8125 51.2943 51.1381 65.0986 82.5762 48.899 49.8402 48.6885 48.2818
threshold=0.042061204090714462 0.53458327054977428 0.37446653842926031 1.0456365942955019 0.20707555115222934 -1.2351206541061399 -0.999712973833084 0.6781650483608247 0.40253517031669622 -0.48266093432903284 1.0000000180025095e-35 0.016996332444250587 1.0000000180025095e-35 0.32451418042182928 0.26705205440521246 0.23763798177242282 2.3820245265960698 2.5373084545135502 -0.93454745411872853 0.61852207779884349 -1.7195444107055662 0.33438289165496832 2.4892022609710698 0.14931328594684604 0.180557556450367 0.08094974979758264 0.37170179188251501 -0.065206006169319139 0.025951854884624485 0.84844553470611583
decision_type=2 2 2 2 2 2 2 2 2 2 2 2 2 2 2 2 2 2 2 2 2 2 2 2 2 2 2 2 2 2
left_child=-1 2 3 4 8 6 7 -6 23 10 16 -11 14 -14 15 -13 -8 -18 -19 20 21 -20 29 -2 25 -25 27 28 -3 -7
right_child=1 26 -4 -5 5 22 9 -9 -10 11 -12 12 13 -15 -16 -17 17 18 19 -21 -22 -23 -24 24 -26 -27 -28 -29 -30 -31
leaf_value=0.0040255378961111957 -0.0026674720209042082 0.0092870104934590688 0.00044255942221514721 0.0094118698341150598 0.0027342483002551826 -0.00060606509908106435 0.022320398518950242 -0.030952690410727908 0.0085110750171103391 -0.007551525904135774 0.035266964138785051 -0.02779024419269098 -0.014299865019628016 0.026106549115373693 0.021318247393418949 0.0090335121787100854 -0.022736443613020938 -0.00093642676994441798 0.022229670009875042 -0.0065413380142433624 0.019283208567671458 -0.011627378453205765 -0.021890832748515061 -0.00092018361110369421 -0.0022918249207416657 0.00805238154959571 0.023257227122198257 0.0008046049279544315 0.00042760190598994371 -0.0050716384917946162
leaf_weight=12566.164318662748 30614.957509785745 1260.2876906039892 32826.43502672558 473.44574983976781 186.7616858035326 68782.778027574503 197.61329250782728 111.0244672447443 552.84920200286433 544.91439313441515 83.729514695703983 47.098983649164438 215.99532146379352 62.443849891424179 311.90369958803058 137.92906636744738 93.197817742824554 594.88131894543767 69.059292864054441 161.32741164974868 679.87194523960352 115.82367192581296 99.440833054482937 2160.2112573010381 5085.2000426269951 1606.0611973577179 85.348319828510284 42185.293879975681 1002.4723581057042 2246.8386217072839
leaf_count=195464 463091 12017 484929 602 97 1177016 191 135 2677 740 33 141 299 51 305 176 157 723 78 191 552 164 170 15903 31462 8081 45 585765 18089 64585
internal_value=0 -0.00026273 -0.000667374 -0.000983597 -0.00102685 -0.000538041 0.00418978 -0.0100542 -0.00193952 0.00548095 0.00857984 0.000782047 0.00665318 -0.00498084 0.0131686 -0.000705902 0.00733749 0.00555966 0.00724128 0.011972 0.0154452 0.00119835 -0.000778514 -0.00208688 -7.79405e-05 0.0029093 0.00108244 0.00103767 0.00537169 -0.000747663
internal_weight=205161 192595 148062 115235 114762 74742.6 3613.58 297.786 40019.3 3315.79 1995.5 1320.29 775.371 278.439 496.932 185.028 1911.77 1714.16 1620.96 1026.08 864.755 184.883 71129.1 39466.4 8851.47 3766.27 44533.4 44448.1 2262.76 71029.6
internal_count=3063929 2868465 2252549 1767620 1767018 1245804 4033 232 521214 3801 2089 1712 972 350 622 317 2056 1865 1708 985 794 242 1241771 518537 55446 23984 615916 615871 30106 1241601
is_linear=0
shrinkage=0.03


Tree=172
num_leaves=31
num_cat=0
split_feature=88 18 85 53 88 86 27 87 31 4 20 39 3 1 71 70 63 86 70 32 77 72 3 70 62 62 11 22 86 27
split_gain=237.392 97.9007 62.2464 56.8849 55.6286 55.6154 54.7134 49.1881 45.6411 43.2327 42.8323 41.9405 41.6216 41.5089 43.5968 58.2983 55.1151 53.6922 53.1538 44.1121 37.2661 41.0962 36.9704 55.2104 49.566 60.1793 36.4707 35.7007 35.5472 48.0287
threshold=0.052712371572852142 0.53458327054977428 0.20291770994663241 0.20707555115222934 0.023474368266761306 0.26150076091289526 0.66012796759605419 0.0047476007603108892 0.93735873699188244 0.73747146129608165 0.70446783304214489 1.1235557794570925 1.305525064468384 0.50520503520965587 3.8864662647247319 3.3801761865615849 1.2751181125640871 0.3766628503799439 2.8488880395889287 0.42082132399082189 -0.75191974639892567 -0.77497950196266163 0.032099913805723197 1.7960407733917239 0.20961493253707889 6.186829159560149e-05 0.37446653842926031 0.82597121596336376 0.13929654657840732 0.81189432740211498
decision_type=2 2 2 2 2 2 2 2 2 2 2 2 2 2 2 2 2 2 2 2 2 2 2 2 2 2 2 2 2 2
left_child=4 3 8 9 7 -4 13 -1 10 12 26 -10 28 14 16 19 18 -17 22 -16 -15 -22 23 24 25 -5 -3 -7 29 -2
right_child=1 2 5 6 -6 27 -8 -9 11 -11 -12 -13 -14 20 15 17 -18 -19 -20 -21 21 -23 -24 -25 -26 -27 -28 -29 -30 -31
leaf_value=0.0042786701461854024 0.00054035468065128766 0.00019817912810791996 -0.010606495295479084 0.0032111636744116597 0.0024505215155625399 -0.00031896942784117341 0.0058512273104195456 0.012380840254523228 0.0187165958457301 -0.0093459910028146978 0.0032724087396926692 0.0036340817866655742 -0.0085940337878878306 -0.0013718932319763883 0.029074564115714005 0.01275963614748288 0.035074762657088476 -0.037325235937824948 -0.033881724566940101 0.0040612142570270902 -0.036164062181586902 -0.0081930270448421771 -0.00053966188232208278 -0.021064795073306029 0.024452390315674803 -0.041158938538389367 0.014865049369956142 -0.015808272575190869 -0.0017257894256927002 -0.023767706774518609
leaf_weight=2181.3820562654582 8793.1962428221887 88558.752838091896 818.51616506389109 3110.1547714208718 16169.476637100961 1945.8827435898711 1384.8193684762809 979.20686953117547 182.22451837651897 635.41203099832637 4346.7584763689665 1578.6438332654652 731.5148772673565 1074.2863555651275 134.48903828859329 35.045934066176414 36.044818498194218 34.828230269253254 37.969578564167023 120.74961528927088 48.253943223506212 579.95300099864835 21839.591482573742 80.612895935773849 94.507829248905182 23.759691655635834 148.85859106318094 139.89634396834299 49118.681745929818 69.763795877341181
leaf_count=37925 76742 1288215 26697 17843 229730 33141 11274 23407 1159 11713 40843 19368 25294 17531 60 29 11 135 63 136 183 17636 353281 46 20 15 760 2756 827663 253
internal_value=0 -0.000329368 0.000324198 -0.00105529 0.00316363 -0.00399881 4.27505e-05 0.00680277 0.000456827 -0.00158512 0.000366114 0.00523634 -0.00150042 -0.000253078 4.93269e-05 0.0108977 -9.20334e-05 -0.0128132 -0.000148101 0.0175037 -0.00478311 -0.0105639 -9.16109e-05 0.00286124 0.00348539 0.0028213 0.000223511 -0.00138828 -0.00141026 0.000337873
internal_weight=205033 185703 97719.5 87983.6 19330.1 2904.3 28635.1 3160.59 94815.2 59348.6 93054.4 1760.87 58713.2 27250.2 25547.8 325.113 25222.6 69.8742 25186.6 255.239 1702.49 628.207 25148.6 3309.04 3228.42 3133.91 88707.6 2085.78 57981.6 8862.96
internal_count=3063929 2772867 1412939 1359928 291062 62594 418263 61332 1350345 941665 1329818 20527 929952 406989 371639 360 371279 164 371268 196 35350 17819 371205 17924 17878 17858 1288975 35897 904658 76995
is_linear=0
shrinkage=0.03


Tree=173
num_leaves=31
num_cat=0
split_feature=88 18 88 28 6 4 7 6 85 2 7 22 14 7 72 82 85 20 6 85 82 84 83 72 3 20 14 67 60 68
split_gain=235.559 80.9714 72.938 60.0051 67.2033 62.2103 70.4044 60.5485 56.5588 55.3641 62.708 50.1941 45.7732 44.5186 44.4811 100.122 63.6178 73.2392 58.2078 61.09 60.5754 60.2032 60.1086 55.4388 45.4379 44.0351 43.0062 42.4812 55.8422 40.4551
threshold=0.069550279527902617 0.53458327054977428 0.027925742790102962 0.20707555115222934 0.39262773096561437 0.52612900733947765 0.24562489241361621 0.29371857643127447 0.20291770994663241 -0.24295600503683087 0.27240583300590521 0.82597121596336376 0.61035025119781505 0.3637512624263764 -0.68726330995559681 -0.99988713860511769 0.024881502613425258 0.14931328594684604 0.092057056725025191 0.34747359156608587 -0.35451945662498469 -0.28274655342102045 0.024004399776458744 -1.6040834784507749 0.033294463530182845 0.65854063630104076 0.31061333417892462 1.3936530351638796 1.364358240607544e-05 2.6350759267807011
decision_type=2 2 2 2 2 2 2 2 2 2 2 2 2 2 2 2 2 2 2 2 2 2 2 2 2 2 2 2 2 2
left_child=2 3 -1 4 7 13 -7 -2 25 10 -9 -10 14 -6 15 -5 17 -17 19 20 21 -18 -21 29 -16 -3 -4 28 -28 -20
right_child=1 8 26 12 5 6 -8 9 11 -11 -12 -13 -14 -15 24 16 18 -19 23 22 -22 -23 -24 -25 -26 -27 27 -29 -30 -31
leaf_value=0.0058481245788216648 -0.0013667162428583834 0.00018238748922469494 0.0010193629107669714 0.024725391120622549 0.00087563658291352903 -0.0028261989428547364 0.010154367857910433 -0.014270858250383078 -0.0026580101663757306 -0.0026869962910513732 -0.0042751992143866919 -0.016452878137632167 0.0053074637302616291 -0.0081850515308627501 0.0033377052234390375 -0.019634734564730586 0.018848362578495058 0.0056515178941038274 -0.04037921858058361 -0.024549955980360114 0.02806295059266577 -0.013522324062728795 0.016469635054388386 0.003851710292776919 -0.0010995607240437326 0.0030588510915888528 0.0036834094138706512 0.032675216895640923 -0.044762606502332429 -0.0060847720705654446
leaf_weight=4747.0441136500958 47487.298105432841 80111.018688968717 18317.432375088261 189.94501174613833 2954.0304111547302 535.26587104646023 1245.0489893734921 864.27591912902426 2634.1045972418506 8781.0645035259367 1638.0680845212773 257.47280463913921 1506.1899342117831 580.41064743848983 2372.4598495538812 224.79002713412046 121.90794797241688 184.6630334854126 41.502608209848404 67.133385902270675 231.66795405000448 83.946464523673058 54.8508006259799 554.42728315293789 16464.774264647975 5090.9551687877974 7380.8802098744418 41.435432970523834 17.483680903911591 103.93041399866343
leaf_count=86701 679421 1167179 273778 88 61179 10438 16087 34343 55612 173289 39076 6982 9085 13839 12919 163 131 77 104 234 160 117 67 618 288731 47035 86235 10 12 219
internal_value=0 -0.000425463 0.00243194 -0.00107863 -0.00154427 0.00168488 0.00625155 -0.00183646 0.000214286 -0.00381183 -0.00774663 -0.00390892 0.000265234 -0.000618569 -0.000102461 0.00431969 0.00194085 -0.00827542 0.00528168 0.0124584 0.0176604 0.00562017 -0.00613228 -0.000487585 -0.000539879 0.000354449 0.00180136 0.00372451 0.00354419 -0.0167205
internal_weight=204885 174381 30504.3 86287.7 64085.5 5314.76 1780.31 58770.7 88093.6 11283.4 2502.34 2891.58 22202.2 3534.44 20696 1858.76 1668.82 409.453 1259.37 559.507 437.522 205.854 121.984 699.86 18837.2 85202 25757.2 7439.8 7398.36 145.433
internal_count=3063929 2617193 446736 1340385 1027672 101543 26525 926129 1276808 246708 73419 62594 312713 75018 303628 1978 1890 240 1650 709 408 248 301 941 301650 1214214 360035 86257 86247 323
is_linear=0
shrinkage=0.03


Tree=174
num_leaves=31
num_cat=0
split_feature=88 17 47 2 4 72 66 86 84 86 71 83 70 60 3 77 79 65 82 83 22 9 78 83 83 68 78 70 22 79
split_gain=231.141 109.638 64.8104 49.6411 49.171 85.3389 65.9864 87.881 107.957 67.5657 82.9783 72.9089 68.1343 77.2512 65.0009 61.1708 68.0893 74.0158 58.2118 57.6157 55.9346 50.8756 49.1435 50.6801 43.3911 85.3079 67.7587 57.9713 51.9497 48.1851
threshold=0.042061204090714462 0.56247621774673473 0.22396993637084964 -1.1888568401336668 0.20707555115222934 -1.1943535804748533 0.26705205440521246 0.36991220712661749 -0.47330906987190241 0.086862027645111098 2.3677256107330327 -0.00079107904457487155 1.5656778812408449 0.00044674919627141213 0.19495697319507602 0.86372041702270519 0.082108065485954299 1.4660051465034487 -0.67238157987594593 6.5813750552479191e-05 0.3114724606275559 0.44998097419738775 -0.0095320148393511755 -0.006330664735287427 -0.0066544655710458747 2.582523107528687 -0.0792219042778015 2.483121514320374 0.95365807414054882 -0.20122451335191724
decision_type=2 2 2 2 2 2 2 2 2 2 2 2 2 2 2 2 2 2 2 2 2 2 2 2 2 2 2 2 2 2
left_child=-1 2 4 -4 14 6 7 9 -9 -6 -11 -12 19 -14 21 16 17 20 -15 -13 -8 -2 23 -19 25 27 -27 -16 29 -26
right_child=1 -3 3 -5 5 -7 15 8 -10 10 11 12 13 18 24 -17 -18 22 -20 -21 -22 -23 -24 -25 28 26 -28 -29 -30 -31
leaf_value=0.0039498930466322314 -0.001007025665216883 0.0012253099467753774 0.018412586579623441 0.0006055962583233779 -0.016006549148786187 -0.00067242196170833339 0.017812585823750081 0.010418291091287788 -0.040042822566172011 0.016432589163425639 0.0093513348173076636 -0.043199147402025601 0.012856349491474859 -0.027721599057843656 -0.0014083495759849383 0.022238511670643602 -0.02002840204515699 0.0099484484567030958 0.0030531167333970491 -0.0099289930262734232 -0.0063224805667328925 0.007989570820941377 0.0047835049045285164 -0.023669891432615692 -0.0020537643618341239 -0.012631521896935996 0.017411376843915818 -0.023553864680765854 -0.01475596531345782 -0.0059426128612995125
leaf_weight=12514.471804043627 27899.857053671993 36390.867959207564 137.63141514104791 28172.764572799439 169.29969194531441 78773.898230049293 611.10743088647723 58.28113679215312 98.856920715421438 350.9372591599822 433.57268648594618 61.515071794390678 226.07160430774093 104.05121276155114 3772.3066276087775 221.76038685441017 84.603780824691057 57.934180028736591 111.41179593652487 179.55570771172643 98.18243471160531 573.35844725440256 924.20370549149811 115.53873973339796 6578.5739710010384 79.797064501792192 358.59596235211939 105.5451493486762 396.33311372558819 5095.7253885276878
leaf_count=195464 272432 522695 1354 397668 155 1362728 524 119 293 352 486 95 227 153 73470 181 174 105 133 261 124 2868 836 185 102193 229 451 259 2842 124873
internal_value=0 -0.000257205 -0.00060342 0.000694913 -0.00089166 -0.000457657 0.00386772 -0.000363075 -0.0215053 0.00171187 0.00379753 -0.000215533 -0.00631778 0.000706778 -0.00169135 0.00745436 0.00567548 0.00692302 -0.0120225 -0.0190036 0.0144487 -0.000824609 0.00202123 -0.012446 -0.00319652 -0.000612989 0.011868 -0.0020359 -0.00411947 -0.00375305
internal_weight=204757 192242 155851 28310.4 127541 82680.8 3906.88 1793.55 157.138 1636.42 1467.12 1116.18 682.605 441.535 44860.1 2113.33 1891.57 1806.97 215.463 241.071 709.29 28473.2 1097.68 173.473 16386.9 4316.24 438.393 3877.85 12070.6 11674.3
internal_count=3063929 2868465 2345770 399022 1946748 1367131 4403 2274 412 1862 1707 1355 869 513 579617 2129 1948 1774 286 356 648 275300 1126 290 304317 74409 680 73729 229908 227066
is_linear=0
shrinkage=0.03


end of trees

feature_importances:
Column_7=325
Column_6=261
Column_88=249
Column_86=227
Column_17=167
Column_16=163
Column_69=163
Column_9=149
Column_87=149
Column_3=146
Column_5=144
Column_18=134
Column_15=124
Column_26=123
Column_72=121
Column_2=115
Column_85=115
Column_70=102
Column_78=101
Column_71=99
Column_4=96
Column_62=96
Column_14=90
Column_61=86
Column_67=84
Column_66=83
Column_77=83
Column_13=78
Column_64=76
Column_19=75
Column_20=75
Column_83=69
Column_63=66
Column_60=63
Column_79=61
Column_82=61
Column_65=59
Column_1=57
Column_68=57
Column_36=56
Column_84=55
Column_22=49
Column_12=48
Column_25=42
Column_32=29
Column_74=28
Column_52=26
Column_28=25
Column_27=23
Column_56=22
Column_11=21
Column_24=20
Column_55=20
Column_21=19
Column_33=17
Column_39=17
Column_54=16
Column_57=12
Column_58=12
Column_73=12
Column_53=11
Column_31=10
Column_40=10
Column_59=9
Column_38=7
Column_35=6
Column_48=6
Column_50=6
Column_47=5
Column_30=4
Column_34=4
Column_51=4
Column_8=3
Column_37=2
Column_44=2

parameters:
[boosting: gbdt]
[objective: lambdarank]
[metric: ndcg]
[tree_learner: serial]
[device_type: cpu]
[data_sample_strategy: bagging]
[data: ]
[valid: ]
[num_iterations: 250]
[learning_rate: 0.03]
[num_leaves: 31]
[num_threads: 10]
[seed: 20260824]
[deterministic: 0]
[force_col_wise: 0]
[force_row_wise: 0]
[histogram_pool_size: -1]
[max_depth: -1]
[min_data_in_leaf: 80]
[min_sum_hessian_in_leaf: 0.001]
[bagging_fraction: 1]
[pos_bagging_fraction: 1]
[neg_bagging_fraction: 1]
[bagging_freq: 0]
[bagging_seed: 4565]
[bagging_by_query: 0]
[feature_fraction: 0.75]
[feature_fraction_bynode: 1]
[feature_fraction_seed: 12274]
[extra_trees: 0]
[extra_seed: 23975]
[early_stopping_round: 0]
[early_stopping_min_delta: 0]
[first_metric_only: 0]
[max_delta_step: 0]
[lambda_l1: 0.15]
[lambda_l2: 4]
[linear_lambda: 0]
[min_gain_to_split: 0]
[drop_rate: 0.1]
[max_drop: 50]
[skip_drop: 0.5]
[xgboost_dart_mode: 0]
[uniform_drop: 0]
[drop_seed: 11764]
[top_rate: 0.2]
[other_rate: 0.1]
[min_data_per_group: 100]
[max_cat_threshold: 32]
[cat_l2: 10]
[cat_smooth: 10]
[max_cat_to_onehot: 4]
[top_k: 20]
[monotone_constraints: ]
[monotone_constraints_method: basic]
[monotone_penalty: 0]
[feature_contri: ]
[forcedsplits_filename: ]
[refit_decay_rate: 0.9]
[cegb_tradeoff: 1]
[cegb_penalty_split: 0]
[cegb_penalty_feature_lazy: ]
[cegb_penalty_feature_coupled: ]
[path_smooth: 0]
[interaction_constraints: ]
[verbosity: -1]
[saved_feature_importance_type: 0]
[use_quantized_grad: 0]
[num_grad_quant_bins: 4]
[quant_train_renew_leaf: 0]
[stochastic_rounding: 1]
[linear_tree: 0]
[max_bin: 255]
[max_bin_by_feature: ]
[min_data_in_bin: 3]
[bin_construct_sample_cnt: 200000]
[data_random_seed: 4772]
[is_enable_sparse: 1]
[enable_bundle: 1]
[use_missing: 1]
[zero_as_missing: 0]
[feature_pre_filter: 1]
[pre_partition: 0]
[two_round: 0]
[header: 0]
[label_column: ]
[weight_column: ]
[group_column: ]
[ignore_column: ]
[categorical_feature: ]
[forcedbins_filename: ]
[precise_float_parser: 0]
[parser_config_file: ]
[objective_seed: 31899]
[num_class: 1]
[is_unbalance: 0]
[scale_pos_weight: 1]
[sigmoid: 1]
[boost_from_average: 1]
[reg_sqrt: 0]
[alpha: 0.9]
[fair_c: 1]
[poisson_max_delta_step: 0.7]
[tweedie_variance_power: 1.5]
[lambdarank_truncation_level: 30]
[lambdarank_norm: 1]
[label_gain: 0,1,3,7,15]
[lambdarank_position_bias_regularization: 0]
[eval_at: 1,3,5]
[multi_error_top_k: 1]
[auc_mu_weights: ]
[num_machines: 1]
[local_listen_port: 12400]
[time_out: 120]
[machine_list_filename: ]
[machines: ]
[gpu_platform_id: -1]
[gpu_device_id: -1]
[gpu_device_id_list: ]
[gpu_use_dp: 0]
[num_gpu: 1]

end of parameters

pandas_categorical:null
