tree
version=v4
num_class=1
num_tree_per_iteration=1
label_index=0
max_feature_idx=143
objective=binary sigmoid:1
feature_names=Column_0 Column_1 Column_2 Column_3 Column_4 Column_5 Column_6 Column_7 Column_8 Column_9 Column_10 Column_11 Column_12 Column_13 Column_14 Column_15 Column_16 Column_17 Column_18 Column_19 Column_20 Column_21 Column_22 Column_23 Column_24 Column_25 Column_26 Column_27 Column_28 Column_29 Column_30 Column_31 Column_32 Column_33 Column_34 Column_35 Column_36 Column_37 Column_38 Column_39 Column_40 Column_41 Column_42 Column_43 Column_44 Column_45 Column_46 Column_47 Column_48 Column_49 Column_50 Column_51 Column_52 Column_53 Column_54 Column_55 Column_56 Column_57 Column_58 Column_59 Column_60 Column_61 Column_62 Column_63 Column_64 Column_65 Column_66 Column_67 Column_68 Column_69 Column_70 Column_71 Column_72 Column_73 Column_74 Column_75 Column_76 Column_77 Column_78 Column_79 Column_80 Column_81 Column_82 Column_83 Column_84 Column_85 Column_86 Column_87 Column_88 Column_89 Column_90 Column_91 Column_92 Column_93 Column_94 Column_95 Column_96 Column_97 Column_98 Column_99 Column_100 Column_101 Column_102 Column_103 Column_104 Column_105 Column_106 Column_107 Column_108 Column_109 Column_110 Column_111 Column_112 Column_113 Column_114 Column_115 Column_116 Column_117 Column_118 Column_119 Column_120 Column_121 Column_122 Column_123 Column_124 Column_125 Column_126 Column_127 Column_128 Column_129 Column_130 Column_131 Column_132 Column_133 Column_134 Column_135 Column_136 Column_137 Column_138 Column_139 Column_140 Column_141 Column_142 Column_143
feature_infos=none [-9.7462568283081055:12.46184253692627] [-7.581449031829834:8.1334409713745117] [0:12.57548999786377] [0.1155245304107666:1.1725447177886963] [0.1155245304107666:1.5490829944610596] [-0.38448148965835571:0.68055558204650879] [-0.65025806427001953:0.86565214395523071] [0:1] [0:1.3032386302947998] [0.13862943649291992:0.90217190980911255] [0:0.54930615425109863] [0:0.82395923137664795] [0:1.0357836484909058] [0:1.3659579753875732] [0:0.70830333232879639] [0:0.70830333232879639] [0:0.70830333232879639] [0:0.70830333232879639] [0:1.4292751550674438] [0:1.4763947725296021] [0:1.6898586750030518] [0:1.6898586750030518] [0:1.0357836484909058] [0:1.3195286989212036] [0:1.5403017997741699] [0:1.8335822820663452] [0:1.6896346807479858] [0:1.3915807008743286] [0:1.3156725168228149] [0:1.5376507043838501] [0:1.7978572845458984] [0:1.5660536289215088] [0:1.5147807598114014] [0:1.7443203926086426] [0:2.0421216487884521] [0:1.6423828601837158] [0:1.6359779834747314] [0:1.8867435455322266] [0:2.1893672943115234] [0:1.1190284490585327] [0:1.1077041625976562] [0:1.4095886945724487] [0:1.5833199024200439] [0:1.1812622547149658] [0:1.216883659362793] [0:1.4623311758041382] [0:1.7200959920883179] [0:1.2879959344863892] [0:1.3742920160293579] [0:1.8193119764328003] [0:1.8291370868682861] [0:1.3915807008743286] [0:2.2348928451538086] [0:1.7443203926086426] [0:2.8743386268615723] [0:2.0421216487884521] [0:3.3494265079498291] [0:1.8867435455322266] [0:3.1557281017303467] [-9.7462568283081055:12.46184253692627] [-7.581449031829834:8.1334409713745117] [-13.66785717010498:14.311351776123047] [-8.2542238235473633:7.9279866218566895] [-1.0000001192092896:1.0000001192092896] [-24.076774597167969:31.779073715209961] [-12.571957588195801:11.519296646118164] [-3.5814781188964844:3.769134521484375] [-2.0355026721954346:2.1851363182067871] [-1.0000001192092896:1] [-7.941309928894043:10.042076110839844] [-12.574061393737793:6.4299101829528809] [0:11.531206130981445] [0:11.555163383483887] [0:11.530067443847656] [0:11.559436798095703] none none [0.1155245304107666:0.75180989503860474] [0:1.5000805854797363] [0:1.5000805854797363] [0.40000000596046448:1] [0:0.93826955556869507] [0:0.27465307712554932] [0:0.51589179039001465] [0:0.51789182424545288] [0:0.4939054548740387] [-13.66785717010498:14.311351776123047] [-8.2542238235473633:7.9279866218566895] [0.1155245304107666:1.5208333730697632] [0:1] [-1:1] [-1:1] [-10.51795482635498:11.709933280944824] [-4.1629676818847656:7.6325139999389648] [0.1155245304107666:1.4452686309814453] [0:0.89257735013961792] [0:0.87680411338806152] [0.40000003576278687:1] [0:0.44278201460838318] [0:0.20687729120254517] [0:0.29770714044570923] [0:0.33574318885803223] [0:0.33850625157356262] [-0.89354348182678223:1.384955883026123] [-0.80363017320632935:0.50392770767211914] [0.1155245304107666:0.91777265071868896] [0:0.9375] [-0.72339534759521484:0.45062261819839478] [-0.41887304186820984:1] [-7.7621240615844727:9.3918819427490234] [-3.8528227806091309:6.1734857559204102] [0.1155245304107666:1.2726359367370605] [0:1.1452763080596924] [0:1.0413804054260254] [0.40000000596046448:1] [0:0.61478424072265625] [0:0.22396993637084961] [0:0.47583281993865967] [0:0.45136472582817078] [0:0.4292483925819397] [-3.5814781188964844:3.769134521484375] [-2.0355026721954346:2.1851363182067871] [0.1155245304107666:1.1700452566146851] [0:1] [-0.99058210849761963:0.967537522315979] [-0.99404531717300415:1] [-7.0244364738464355:7.0379838943481445] [-2.8705458641052246:3.1927292346954346] [-1.0932767391204834:1.0896830558776855] [-0.67706358432769775:0.69434994459152222] [-0.68617415428161621:0.6405678391456604] [-0.60000002384185791:1] [-0.29696744680404663:0.35349369049072266] [-0.20598980784416199:0.20598980784416199] [-0.3298821747303009:0.41197961568832397] [-0.45136472582817078:0.45136472582817078] [-0.4292483925819397:0.4023594856262207] [-5.1987872123718262:7.2942094802856445] [-2.6283888816833496:3.9474730491638184] [-0.82781171798706055:0.88501054048538208] [-1:1] [-1.6220695972442627:1.8621906042098999] [-1.8485181331634521:1.9173072576522827]
tree_sizes=5297 5343 5366 5348 5357 5365 5358 5376 5365 5369 5373 5376 5359 5357 5399 5374 5378 5370 5392 5363 5390 5383 5393 5379 5379 5373 5412 5387 5378 5368 5370 5375 5385 5380 5408 5382 5403 5393 5406 5381 5389 5392 5385 5392 5401 5408 5373 5400 5400 5393 5406 5395 5385 5387 5405 5407 5403 5411 5392 5381 5409 5415 5358 5372 5406 5407 5379 5381 5408 5401 5418 5377 5447 5404 5400 5359 5423 5404 5391 5403 5417 5406 5383 5384 5415 5405 5402 5395 5393 5398 5401 5397 5397 5388 5378 5388 5426 5380 5387

Tree=0
num_leaves=47
num_cat=0
split_feature=75 72 75 21 75 18 21 75 18 21 72 21 75 72 3 107 3 21 3 3 96 107 18 22 18 3 107 107 18 75 3 73 36 18 5 95 96 95 73 3 96 90 75 129 73 109
split_gain=1.5466e+06 261345 111819 45315.7 34168 15625.6 13643.2 13021.8 11290.9 10856.8 7451.44 5199.82 4809.34 4765.34 4005.39 4700.12 3868.35 3556.44 2459 2452.99 2360.98 2295.91 2166.61 1926.25 1859.88 1845.7 1700.33 1683.33 1660.08 1537.25 1481.06 1442.46 1394.6 1385.3 1350.83 1301.5 1242.54 1227.51 1187.96 1161.02 1069.28 1001.99 988.88 982.506 946.601 942.509
threshold=0.12799087166786197 0.10084632039070131 0.084966298192739501 1.0000000180025095e-35 0.22005109488964084 0.56247621774673473 0.37498413026332861 0.057570345699787147 0.53458327054977428 0.40690016746521002 0.19764687120914462 0.40690016746521002 0.10266340523958208 0.10084632039070131 0.09885068237781526 0.35664342343807226 0.097519297152757659 0.2834331095218659 0.10022674873471261 0.10022674873471261 0.10232102498412134 0.18073499947786334 0.58756005764007579 0.4769654124975205 0.42514967918396002 0.10022674873471261 0.19596828520298007 0.4647457897663117 0.37446653842926031 0.21031963080167773 0.10022674873471261 0.12741751223802569 0.68650066852569591 0.42514967918396002 1.10144579410553 0.6754564940929414 0.18179089576005938 0.65078115463256847 0.08283525332808496 0.10022674873471261 0.13963919132947925 0.34965774416923529 0.17603845894336703 -0.25911834836006159 0.10056206211447717 0.62352082133293163
decision_type=2 2 2 2 2 2 2 2 2 2 2 2 2 2 2 2 2 2 2 2 2 2 2 2 2 2 2 2 2 2 2 2 2 2 2 2 2 2 2 2 2 2 2 2 2 2
left_child=2 4 7 10 9 14 13 21 28 16 20 40 39 22 15 31 23 -10 38 26 29 -1 30 41 37 -14 -9 44 -5 -3 -4 -6 42 -17 -12 -22 -18 -16 -11 -8 -7 -2 -19 -33 -13 -15
right_child=1 3 6 8 5 11 12 19 17 18 34 27 25 45 24 33 36 32 -20 -21 35 -23 -24 -25 -26 -27 -28 -29 -30 -31 -32 43 -34 -35 -36 -37 -38 -39 -40 -41 -42 -43 -44 -45 -46 -47
leaf_value=-0.70541948972368207 -0.76665394336822001 -0.81524420328901548 -0.74807318856523253 -0.83839779474281195 -0.75566180795550952 -0.78864121396525466 -0.73587341833143727 -0.71698460298960831 -0.82243440042962068 -0.74818318776315929 -0.85003298210775735 -0.7325610082747761 -0.74918279744194693 -0.80121972076190506 -0.83146477260034568 -0.8267429643852231 -0.79326107831153692 -0.79848421874216147 -0.77712539756057486 -0.73499633567192924 -0.8455871080320323 -0.7182736116061198 -0.77844430637549866 -0.79217811746933653 -0.81197249444735942 -0.76288859417070487 -0.72756513724869554 -0.78186230881293772 -0.82767575471060051 -0.83748876254050852 -0.7715430567542475 -0.77484509213555697 -0.79377250555884948 -0.80729465195632277 -0.8569553073410916 -0.83390695838698858 -0.80656005912006956 -0.81730392442215394 -0.76687826343548504 -0.74751594415768918 -0.80906322176078216 -0.78651522664458751 -0.81294829730015294 -0.79739313862534678 -0.76522282526369323 -0.85051542294038485
leaf_weight=120451.2199537009 11071.083092465997 7059.298548489809 7311.8044044971466 28839.188523620367 1528.1867569983006 5317.2984763681889 30158.950634852052 48997.853383034468 23441.404005214572 4893.0055079013109 78525.131312191486 1302.2732989042997 25290.413711890578 4227.2530797868967 15038.218759790063 6991.986421957612 27027.604682609439 7941.5888750702143 38210.559142291546 19672.833697527647 45906.348545074463 20380.737321659923 14006.275583446026 9718.286147877574 28973.277284160256 23353.457763999701 31210.562890991569 9141.1565923094749 45881.04645909369 8257.5240476876497 6094.7624989897013 3174.3209994882345 9805.5656058639288 12495.552808076143 62335.126581832767 15748.994549751282 12639.462576046586 14965.262339308858 29743.64405554533 16660.581986576319 7669.3577044159174 4372.5746180564165 21326.204686179757 9345.1436846852303 7038.2973222732544 529.24077418446541
leaf_count=283709 24754 4740 16086 111826 3672 17089 83437 121525 91891 13778 293006 3546 73711 13290 57258 26195 71704 28568 122826 53213 187932 51915 36078 33597 104053 72920 82688 28928 178525 12436 14448 7626 35388 45350 202054 55538 46247 42037 91269 48789 28298 11090 78929 27631 22237 2102
internal_value=-0.784913 -0.818851 -0.728184 -0.838388 -0.792237 -0.805646 -0.754672 -0.714141 -0.822634 -0.780261 -0.848312 -0.783909 -0.748028 -0.774398 -0.812806 -0.803149 -0.790683 -0.811658 -0.770989 -0.723828 -0.83955 -0.707276 -0.768787 -0.779949 -0.818297 -0.755756 -0.721095 -0.771449 -0.831816 -0.827242 -0.758719 -0.787721 -0.805192 -0.814274 -0.853098 -0.842606 -0.797497 -0.824404 -0.764226 -0.740007 -0.800694 -0.772264 -0.809022 -0.79166 -0.760068 -0.806747
internal_weight=984070 615724 368346 355067 260657 122980 127633 240713 137235 137676 217832 30468.4 95463.4 32169.3 92511.9 33535.2 64829 62514.8 72847.2 99881.2 76972.2 140832 27412.8 25161.9 58976.8 48643.9 80208.4 17481.7 74720.2 15316.8 13406.6 14047.7 39073.4 19487.5 140860 61655.3 39667.1 30003.5 34636.6 46819.5 12986.7 15443.7 29267.8 12519.5 8340.57 4756.49
internal_count=3063929 2110018 953911 1280833 829185 413920 360861 593050 525127 415265 755706 100098 278857 82004 313822 110474 187392 234776 227873 257426 260646 335624 66612 69441 203348 146631 204213 54711 290351 17176 30534 38929 142885 71545 495060 243470 117951 99295 105047 132226 45387 35844 107497 35257 25783 15392
is_linear=0
shrinkage=1


Tree=1
num_leaves=47
num_cat=0
split_feature=17 74 17 107 107 3 17 17 17 17 95 3 95 18 74 107 106 3 17 17 17 110 17 17 90 17 17 18 95 94 111 95 3 3 3 3 10 107 3 17 3 18 107 5 106 123
split_gain=1.32968e+06 203318 133610 98296.2 45593.6 27994.1 23877.5 16998.4 15731.7 14709.6 11124.4 10696.7 9698.49 4387.29 4297.81 4003.07 3566.59 3174.68 3038.8 2802.49 2733.71 2506.99 2497.48 2458.15 2096.76 1901.41 1894.36 1805.21 1543.78 1483.85 1500.07 1476.03 1461.01 1406.62 1395.6 1213.35 1207.05 1171.58 1165.83 1112.97 1003.58 987.552 954.774 937.5 905.453 901.195
threshold=0.42514967918396002 0.098927926272153868 0.58756005764007579 0.084011409431695952 0.10783282667398454 0.10152332484722139 0.31061333417892462 0.66838845610618602 0.50316895544528972 1.0000000180025095e-35 0.6754564940929414 0.15975149720907214 0.63509106636047374 0.61035025119781505 0.17758409678936007 0.084011409431695952 0.26566220819950109 0.11139109358191492 0.22396993637084964 0.22396993637084964 0.63123199343681347 -0.062500394880771623 0.53458327054977428 0.37446653842926031 0.0076390192843973645 0.70072525739669811 0.22396993637084964 0.46720869839191442 0.70756354928016674 0.0668642893433571 -0.095434289425611482 0.70756354928016674 0.10565354675054552 0.10022674873471261 0.14425098896026614 0.17208402603864673 0.2484906688332558 0.2037593945860863 0.22587655484676364 0.22396993637084964 0.12617462873458865 0.53458327054977428 0.51029953360557567 1.1281778812408449 0.2997309416532517 0.37701706588268286
decision_type=2 2 2 2 2 2 2 2 2 2 2 2 2 2 2 2 2 2 2 2 2 2 2 2 2 2 2 2 2 2 2 2 2 2 2 2 2 2 2 2 2 2 2 2 2 2
left_child=1 3 4 5 13 21 11 15 16 14 23 12 39 32 -3 -4 35 37 -11 34 -17 -1 44 38 33 -9 31 29 -28 30 -23 -13 -2 -14 -7 -6 -26 -12 -8 -5 -24 -20 -25 -16 -10 -38
right_child=2 9 7 6 8 19 10 25 22 18 17 26 24 -15 43 20 -18 -19 41 -21 -22 27 40 42 36 -27 28 -29 -30 -31 -32 -33 -34 -35 -36 -37 45 -39 -40 -41 -42 -43 -44 -45 -46 -47
leaf_value=0.041296794313517772 0.095846982718286608 -0.030793749495292823 0.096484554228939493 -0.01693537066113324 0.0327200809802667 0.031056257314661381 0.0085599225703184723 0.094013361851133737 0.044074549967806978 -0.024193015075734171 0.062509225443437871 -0.023421050399050222 0.056696514048127068 0.061490106049312751 -0.038836311041026417 0.071772834276099109 0.04971288639308661 0.023294559456952621 -0.016213935171973462 0.041568792866751872 0.083160931557091838 0.029024932066211116 0.061090387633189407 0.019862922438345219 0.034872663510119264 0.10293656745358679 -0.011439545067125743 0.054233866773177451 0.0095506492352569559 0.050991847725009504 0.090633483374891313 -0.011436764701422316 0.066338388967443845 0.018163400636402257 0.0022936932941371433 0.02320840978831186 0.002491103405850203 0.036465436756124639 -0.0027427050729656242 -0.0027631710411956806 0.051237940002442452 -0.0024321580639565647 0.0090737207388915525 -0.045181261294682473 0.070125044799421998 0.019762668651822766
leaf_weight=1832.9685564935207 25598.106409490108 74107.211326122284 15558.25891520083 11671.995949223638 40559.257288321853 2932.3679805845022 26594.648377224803 59572.802482798696 30571.922221899033 42463.859130620956 6297.9609779715538 33604.137370169163 3063.1306327730417 6560.3170867860317 67001.272582501173 53053.200164526701 11789.31029343605 7559.8600748479366 12025.765266731381 5736.3691017478704 51397.78130286932 503.24868409335613 37413.114379242063 25085.9337336272 3513.1934451758862 60444.985058575869 33047.644067004323 2319.1751700341702 4927.7658384591341 1353.0535037815571 20863.067352563143 20167.485556051135 2302.2734178006649 1879.951160505414 6971.109771296382 27777.872674897313 6669.4275644123554 3240.235479876399 19277.643634155393 16222.133224695921 19636.736166149378 13542.319246217608 16792.925307929516 50509.770480901003 1742.4833196103573 8317.2434635311365
leaf_count=5061 58494 275011 36403 44289 127092 9332 91199 141542 90687 166065 13907 128854 6386 18562 261562 141919 27930 18825 46872 16842 130326 1408 103893 80811 7505 135606 122700 6595 12444 3589 48474 50938 6129 4264 22947 91097 17754 7574 70714 58922 57031 48844 59884 163896 4107 19643
internal_value=0.0264334 -0.00993255 0.0714909 0.010186 0.0506589 0.0593543 0.00175425 0.0891901 0.0431942 -0.032437 0.0144423 -0.00754343 0.00524923 0.0873592 -0.0374009 0.0798626 0.0319286 0.0402648 -0.0184533 0.0221131 0.0773812 0.0810194 0.0532923 0.00940831 0.0218407 0.0985124 -0.0147015 0.0839164 -0.00871451 0.0869308 0.0891914 -0.0189282 0.0934271 0.0420832 0.0108247 0.0288563 0.0164197 0.0536913 0.00381011 -0.00869605 0.057705 -0.00891694 0.0155387 -0.0415658 0.0454923 0.0120811
internal_weight=994073 550095 443978 290445 203951 42511.4 247933 240027 169491 259650 104849 143084 51337.1 34460.7 191618 120009 80126.4 17098.1 68031.9 15639.8 104451 26871.5 89364.3 87751.2 23442.9 120018 91747 25038.5 37975.4 22719.4 21366.3 53771.6 27900.4 4943.08 9903.48 68337.1 18499.9 9538.2 45872.3 27894.1 57049.9 25568.1 41878.9 117511 32314.4 14986.7
internal_count=3063929 1893111 1170818 930861 585022 114248 816613 585796 501837 962250 342914 473699 158763 83185 700469 308648 246119 40306 261781 49121 272245 65127 255718 302608 55552 277148 314936 60066 135144 53471 49882 179792 64623 10650 32279 218189 44902 21481 161913 103211 160924 95716 140695 425458 94794 37397
is_linear=0
shrinkage=0.035


Tree=2
num_leaves=47
num_cat=0
split_feature=75 17 75 74 17 17 75 73 17 17 106 72 17 95 17 17 95 72 18 74 17 17 107 73 7 17 75 109 17 72 17 17 17 107 17 17 123 66 18 1 17 1 17 107 18 5
split_gain=1.25259e+06 264700 96128.9 48071.3 41081.6 24312.6 10307.8 8851.12 7004.48 6562.28 5606.33 5336.89 5091.18 4358.43 4236.67 3594.9 3406.96 3035.83 2985.57 2713.63 2591.6 2372.89 2011.44 1581.85 1331.94 1300.98 1292.55 1285.19 1196.44 1141.22 1057.87 1027.35 959.251 946.464 1605.06 935.441 916.397 914.836 945.089 884.828 818.743 811.667 811.06 826.612 802.893 792.239
threshold=0.13249874860048297 0.31061333417892462 0.086223885416984572 0.11356976255774499 0.46720869839191442 0.53458327054977428 0.060146708041429527 0.19030684977769854 0.56247621774673473 1.0000000180025095e-35 0.30929057300090795 0.09953640773892404 0.37446653842926031 0.63509106636047374 0.65050083398818981 0.61035025119781505 0.69521924853324901 0.17666920274496081 0.61035025119781505 0.19971223175525668 0.42514967918396002 0.22396993637084964 0.18073499947786334 0.20990712940692904 -0.3762653768062591 0.50316895544528972 0.10698579624295236 0.64570784568786632 1.0000000180025095e-35 0.09953640773892404 0.42514967918396002 0.22396993637084964 0.61035025119781505 0.081522457301616683 0.58756005764007579 0.65050083398818981 0.47939741611480718 -0.094916321337223039 0.31061333417892462 0.13785404711961749 0.42514967918396002 -0.10421101376414298 0.70072525739669811 0.086326103657484068 0.42514967918396002 1.1043425202369692
decision_type=2 2 2 2 2 2 2 2 2 2 2 2 2 2 2 2 2 2 2 2 2 2 2 2 2 2 2 2 2 2 2 2 2 2 2 2 2 2 2 2 2 2 2 2 2 2
left_child=2 3 6 7 10 11 22 13 25 19 12 18 23 31 33 -7 21 28 26 -5 -20 -9 42 -3 -14 -6 39 40 -18 37 -26 -2 -10 -8 -35 -24 -30 -15 -39 -4 -13 -12 43 -1 -11 -21
right_child=1 4 5 9 8 15 14 16 32 44 41 27 24 29 -16 -17 17 -19 20 45 -22 -23 35 -25 30 -27 -28 -29 36 -31 -32 -33 -34 34 -36 -37 -38 38 -40 -41 -42 -43 -44 -45 -46 -47
leaf_value=0.093394883496490014 -0.014709615536962338 0.0093608330776286872 0.059298049149159121 -0.03252710040678302 0.031582043747545883 0.057993570260406448 0.078746618498399701 -0.02304585407305898 0.054858310202656323 -0.02811736851849753 0.015565034812325415 0.0087037530498357274 -0.0006179445666859481 0.0099554102053980801 0.086085827332212941 0.074459025905626003 -0.010709662746655505 -0.022598734877682162 0.018540078551601433 -0.03848475136807316 0.039044821543272136 -0.011557340841832962 0.072166168492015029 -0.0033493421365319116 0.013886985632146609 0.042371870565873708 0.041384684651812227 -0.037795992087684395 7.5045811278115932e-05 0.00020438024670031582 0.022940926719611034 0.00031929166207255144 0.069418655486080116 0.060598649863794582 0.073974228230143713 0.08679877255865949 0.016711804659264442 0.043177397203190838 0.019465418857560698 0.01307720463788465 0.031154884623856682 0.039689321480058062 0.096368165818771723 0.085992665293208856 -0.018895587665831517 -0.044698772564094442
leaf_weight=52576.116332188249 10232.93231792748 20315.062558934093 11562.174786984921 70564.40846426785 24507.640099659562 38013.459262683988 15676.488056495786 51687.773992627859 15815.870348095894 21059.921262830496 2078.2683207094669 6708.4752969443798 5123.4769394099712 6138.3430501520634 38096.450137645006 28653.483393758535 8598.8846346884966 9618.9366117119789 10409.837232962251 52956.542290836573 27676.408016681671 38417.765233948827 8292.7417554706335 29268.98793938756 35518.857380211353 31401.613516405225 13317.090642899275 585.56559500098228 13850.005557104945 4374.2123111188412 28566.682096645236 12220.809913471341 8781.8575113415718 18498.131324902177 28080.597319081426 16721.269109636545 5730.0780484229326 3094.2908844053745 6204.1791584044695 535.22624041140079 2828.5484417974949 9918.8803812861443 52558.108649402857 30760.429016888142 25847.27617482841 48871.89524191618
leaf_count=114624 37808 67579 27322 267209 75070 104252 37522 202903 43538 84558 5998 22182 20082 15001 89373 72183 23177 27098 32783 210286 81490 146165 20976 108111 118549 91274 31670 2410 37509 11405 91773 42898 22765 47169 71157 39135 14797 6952 14487 1188 8654 24680 113866 70741 100528 163032
internal_value=0.0252798 -0.00670833 0.0731371 -0.0238203 0.0248326 0.0497638 0.0856865 -0.00986072 0.0445024 -0.0346518 0.0127235 0.0358936 0.0104194 0.00402477 0.0768657 0.0650766 -0.0144491 -0.00562794 0.0396559 -0.0378106 0.0334444 -0.0181488 0.0911845 0.00185847 0.016552 0.0376462 0.0489541 0.0122813 0.000168339 0.0159881 0.0179248 -0.0065316 0.0600726 0.0712156 0.068671 0.0819665 0.00494784 0.0204583 0.0273798 0.0572613 0.0153788 0.0355209 0.0928775 0.0906691 -0.0230391 -0.0414697
internal_weight=1.00232e+06 600765 401551 389468 211297 140290 261260 170168 80507 219300 130790 73623.3 118793 42264.8 100352 66666.9 127903 37797.9 63500.7 172393 38086.2 90105.5 160909 49584.1 69209 55909.3 25414.5 10122.6 28179 19811 64085.5 22453.7 24597.7 62255.2 46578.7 25014 19580.1 15436.8 9298.47 12097.4 9537.02 11997.1 135895 83336.5 46907.2 101828
internal_count=3063929 2075232 988697 1405813 669419 384134 604563 580200 232647 825613 436772 207699 406094 128551 245221 176435 451649 102581 174453 640527 114273 349068 359342 175690 230404 166344 60180 33246 75483 47845 210322 80706 66303 155848 118326 60111 52306 36440 21439 28510 30836 30678 299231 185365 185086 373318
is_linear=0
shrinkage=0.035


Tree=3
num_leaves=47
num_cat=0
split_feature=75 17 75 74 17 17 75 75 17 17 72 106 17 17 18 3 106 74 17 107 18 17 3 3 17 3 17 107 17 17 75 3 17 17 3 106 75 112 17 10 112 5 74 106 72 7
split_gain=1.13526e+06 235745 96895 44378 35374.2 21738.2 12562.5 7410.41 6339.49 5886.59 5338.35 4978.31 4785.86 4641.71 3727.32 3057.9 3378.82 2645.22 2574.15 2236.99 2215.44 2631.66 2103.17 2002.88 1873.22 1478.04 1433.03 1405.65 1375.35 1250.14 1170.26 1170.25 1093.57 1074.86 1025.36 1008.99 982.454 921.744 909.656 839.485 835.406 781.958 772.201 721.157 657.911 625.2
threshold=0.13722832500934604 0.31061333417892462 0.091496594250202193 0.11356976255774499 0.46720869839191442 0.53458327054977428 0.064153570681810393 0.22005109488964084 1.0000000180025095e-35 0.53458327054977428 0.10084632039070131 0.28218805789947515 0.61035025119781505 0.37446653842926031 0.46720869839191442 0.10022674873471261 0.32158072292804724 0.19971223175525668 0.61035025119781505 0.18073499947786334 0.58756005764007579 0.37446653842926031 0.10436459630727769 0.10022674873471261 0.22396993637084964 0.09606433287262918 0.61035025119781505 0.14876513183116916 0.31061333417892462 0.22396993637084964 0.21805629134178164 0.10022674873471261 0.68507987260818493 0.63123199343681347 0.10022674873471261 0.3193895965814591 0.21408226341009143 0.52076023817062389 0.46720869839191442 0.37376695871353155 0.38790552318096166 1.1043425202369692 0.17172653973102572 0.28823797404766088 0.1123059391975403 -0.3762653768062591
decision_type=2 2 2 2 2 2 2 2 2 2 2 2 2 2 2 2 2 2 2 2 2 2 2 2 2 2 2 2 2 2 2 2 2 2 2 2 2 2 2 2 2 2 2 2 2 2
left_child=2 3 6 7 11 10 19 14 17 43 20 13 27 36 22 16 -9 -5 -7 31 23 -22 -2 -4 37 -13 -11 34 40 -16 -15 -1 -14 -21 -8 -26 -3 -17 -23 -18 -12 -19 -10 -6 -24 -32
right_child=1 4 5 8 9 18 12 15 42 26 28 25 32 30 29 24 39 41 -20 33 21 38 44 -25 35 -27 -28 -29 -30 -31 45 -33 -34 -35 -36 -37 -38 -39 -40 -41 -42 -43 -44 -45 -46 -47
leaf_value=0.087581404947857822 0.034222066245277037 0.0073425859991342809 0.053588592656515062 -0.031844745808652868 0.031711673631487428 0.053964649425393585 0.072000583544742508 -0.01214654062307291 -0.017905170831940764 0.048550355328585156 -0.015037783853760908 0.041041584069360204 0.074126607406364731 0.019715852664298397 -0.012386336862631079 -0.023488755621567582 0.036441540119831049 -0.037761715001503882 0.069152921157926622 0.063983481055729735 0.01071141109831948 0.027952492446774949 0.01246749003607088 0.032464050992191754 -0.012674385224220088 0.020263900479121216 0.065347732305494968 0.055392163977961081 0.021089735199159867 0.0011460432407036977 -0.0030376856967942742 0.07221220476558933 0.086097038374033388 0.079965995921389851 0.055638833422056548 0.0069245937770852153 -0.0032742306887602645 -0.014233512421671963 0.039077972876098051 0.0096018649176661947 0.012433358913913808 -0.043990028840461888 -0.026953938430072481 0.05136283051114602 -0.0054363124516966137 0.012130411127985082
leaf_weight=142727.960388273 4874.7467855215073 16870.08683283627 12623.770021170378 69416.365695461631 38242.688669115305 35417.156582459807 17542.653339982033 13904.734359040856 22883.500173255801 27358.61587792635 3095.540821030736 7524.1307478994131 46367.319073706865 33539.633401826024 16133.954116359353 45659.043254524469 2129.0647307485342 52096.947289913893 22513.606229737401 6733.1360190808773 6753.7193145602942 15488.377571806312 8010.9449096769094 9819.7437776476145 28709.619950547814 9528.2151085883379 8150.1385403871536 23158.806952878833 6109.2111756652594 17350.812321275473 3793.9342623353004 6549.0288590788841 12106.681843265891 24759.048945784569 6598.5751577317715 3619.4127377867699 29061.863351196051 18593.207900986075 21841.275296971202 4332.084473207593 2403.6008151620626 47937.860864520073 23491.177532717586 2447.8989948779345 3658.1639892905951 26973.494379103184
leaf_count=306125 10887 56398 28203 266394 115424 95795 41127 52331 89842 75211 11948 18654 111829 108135 55050 177448 4795 210286 55768 17064 21788 46116 19245 23944 111030 26657 20685 59626 19068 57525 15069 15500 26523 57230 17209 10133 108237 53389 62627 11390 7332 163032 94878 5953 9696 91333
internal_value=0.0242204 -0.00730088 0.0679498 -0.0234822 0.0231388 0.0436262 0.0794988 -0.00993316 -0.033964 0.0419989 0.031576 0.0118472 0.0699048 0.00912376 0.00133982 -0.0147555 -0.00242938 -0.0371026 0.059874 0.08511 0.0353974 0.03083 0.0149283 0.0443575 -0.0173543 0.0294435 0.0524164 0.0616021 0.00966798 -0.00537505 0.015193 0.0869101 0.0766137 0.076562 0.0675437 -0.010479 0.000625419 -0.0208122 0.0344674 0.018473 -0.00302846 -0.0407489 -0.0224919 0.0329015 0.00685415 0.0102595
internal_weight=1.0089e+06 586292 422609 382802 203491 136066 286543 166976 215826 76199.3 78135.2 127291 105774 110239 50028.6 116947 20365.9 169451 57930.8 180769 66526.9 44083.4 16543.9 22443.5 96581.3 17052.3 35508.8 47300 11608.4 33484.8 64307.1 149277 58474 31492.2 24141.2 32329 45932 64252.3 37329.7 6461.15 5499.14 100035 46374.7 40690.6 11669.1 30767.4
internal_count=3063929 2039107 1024822 1397351 641756 372589 652233 572919 824432 217273 221026 424483 256314 379172 152403 420516 68516 639712 151563 395919 182678 130531 39828 52147 352000 45311 95896 117962 38348 112575 214537 321625 138352 74294 58336 121163 164635 230837 108743 16185 19280 373318 184720 121377 28941 106402
is_linear=0
shrinkage=0.035


Tree=4
num_leaves=47
num_cat=0
split_feature=75 74 75 75 18 21 21 21 75 16 3 74 72 3 21 3 106 75 18 3 106 3 72 72 107 18 18 3 18 106 16 107 16 107 3 124 109 3 7 75 16 129 3 21 21 16
split_gain=1.03344e+06 189902 86680.1 32332.5 13027.7 12304.1 12153.9 11070.7 10414.5 4937.69 4904.39 4489.2 4460.89 4301.05 3617.23 3437.68 3307.92 2950.96 2060.46 1941.97 1888.9 1884.03 1770.57 1628.04 1582.82 1566.32 1536.7 1391.45 1360.88 1350.08 1339.48 1130.94 1110 1077.56 1051.93 1013.51 914.882 882.816 869.143 849.226 804.04 798.662 779.308 758.228 720.999 719.561
threshold=0.13722832500934604 0.10018917918205263 0.090148128569126143 0.25667251646518713 0.53458327054977428 0.37498413026332861 1.0000000180025095e-35 0.37498413026332861 0.060146708041429527 0.37446653842926031 0.10436459630727769 0.15027893334627154 0.10084632039070131 0.09885068237781526 0.35638883709907537 0.10022674873471261 0.28513848781585699 0.11122607439756395 0.46720869839191442 0.10022674873471261 0.22053109854459765 0.10436459630727769 0.11085985600948335 0.10829525068402292 0.18073499947786334 0.58756005764007579 0.22396993637084964 0.10022674873471261 1.0000000180025095e-35 0.30374228954315191 0.31061333417892462 0.19858156144618991 0.50316895544528972 0.50606158375740062 0.10022674873471261 0.12295227125287057 0.62352082133293163 0.10022674873471261 0.15109457075595858 0.17427375912666324 0.37446653842926031 -0.25911834836006159 0.097519297152757659 1.0000000180025095e-35 0.3114724606275559 0.31061333417892462
decision_type=2 2 2 2 2 2 2 2 2 2 2 2 2 2 2 2 2 2 2 2 2 2 2 2 2 2 2 2 2 2 2 2 2 2 2 2 2 2 2 2 2 2 2 2 2 2
left_child=2 3 8 5 13 10 11 12 24 15 20 -3 25 16 -6 35 -5 37 -8 31 -2 33 45 39 42 34 -15 -19 -13 30 38 -10 -11 -16 -4 -7 -14 -9 -28 -17 -23 -18 -1 -33 -27 -12
right_child=1 6 7 4 14 9 18 17 19 32 22 28 36 26 21 23 41 27 -20 -21 -22 40 -24 -25 -26 44 29 -29 -30 -31 -32 43 -34 -35 -36 -37 -38 -39 -40 -41 -42 -43 -44 -45 -46 -47
leaf_value=0.083111423147484015 0.012627707778510223 -0.026107956491912117 0.048972594197133824 -0.0055724799649851733 0.0015235852727095698 0.049346134387563918 -0.023803558217618627 0.057470405240236576 0.073210542027149897 0.036990415381267849 0.007303038095412542 -0.041976483712107944 0.0062103948369882428 -0.02243154774748311 0.050596076801584886 0.027415652986015795 0.036065080201966235 0.047979668585153581 -0.01056042620223282 0.059154092212050688 0.031193288947601996 0.013593601348050852 -0.0032859106684639187 0.0070854185882335457 0.073089132744297319 0.019310996456898703 -0.020852165136285416 0.035935904622839736 -0.034919859136155113 0.0004094631305666476 0.0064645369177766367 0.018727846062190346 0.054424239752388047 0.023029827883942554 0.030579204050471192 0.030259215793839993 -0.036049631156032345 0.048316443298240586 -0.011031310509107292 0.016889544547061874 0.036038712432416325 0.013765182955029957 0.069886033892568519 0.065785604217103069 0.033764074153864523 0.022326660452114337
leaf_weight=136315.43742616475 12782.439865291119 52140.293263226748 8174.5762568414211 15749.639988124371 12868.799270778894 3958.2896692305803 26192.566455379128 32793.859115079045 54616.616457164288 17289.369596272707 38502.731891170144 62936.034712404013 6846.2765693664551 15608.452534526587 4332.5476217567921 16562.8628346771 2921.1502265781164 23220.530556216836 31983.287102967501 26544.046251609921 14168.95768108964 11396.192518547177 22550.323133125901 12964.389780268073 26106.932461321354 10668.398064374924 16030.091488569975 24098.013076364994 72381.462709054351 11983.148277699947 4198.3579552769661 430.52488492429256 6095.2909970134497 2927.9826864153147 7230.6165842264891 25295.248168513179 684.79944947361946 21873.136327564716 35572.682831898332 21812.502339035273 2359.8919559270144 6051.3455531895161 5942.749638453126 37439.15871232748 7050.8435292094946 4343.4629511535168
leaf_count=285610 42078 194984 16411 58908 47352 10315 108142 85138 123157 51427 114467 226059 21564 48154 12080 52009 6779 63921 127630 66002 31663 38709 72177 45177 60111 22700 68776 72556 290409 36276 14257 175 15461 8954 16347 76692 2868 60896 132585 70857 6624 16511 13621 91471 22274 13595
internal_value=0.0232426 -0.00707915 0.064417 0.00992741 -0.00279476 0.0191291 -0.030503 0.0421093 0.0754876 0.0273864 0.00983057 -0.0348403 0.026659 -0.00872982 0.0161396 0.0232745 0.0040905 0.0482665 -0.0165249 0.0675512 0.0223931 0.0250858 0.00465153 0.0178139 0.0810958 0.0321862 -0.0125306 0.0418516 -0.0382037 -0.0102488 -0.0125376 0.0699571 0.0415478 0.0395087 0.0403553 0.0328518 0.0023409 0.0538136 -0.0140843 0.0214364 0.0174588 0.0210455 0.082562 0.0652539 0.0250721 0.00882915
internal_weight=1.014e+06 583960 430037 338326 142000 196326 245634 142641 287395 103978 92347.9 187458 40655.5 108115 33885.4 80593.3 24722.1 101986 58175.9 119030 26951.4 21016.6 65396.5 51339.8 168365 33124.4 83392.7 47318.5 135317 67784.3 55801.1 92486.3 23384.7 7260.53 15405.2 29253.5 7531.08 54667 51602.8 38375.4 13756.1 8972.5 142258 37869.7 17719.2 42846.2
internal_count=3063929 2039107 1024822 1091883 495965 595918 947224 384675 640147 321938 273980 711452 102164 382246 113719 255050 82198 282511 235772 280805 73741 66367 200239 168043 359342 77732 300048 136477 516468 251894 215618 214803 66888 21034 32758 87007 24432 146034 201361 122866 45333 23290 299231 91646 44974 128062
is_linear=0
shrinkage=0.035


Tree=5
num_leaves=47
num_cat=0
split_feature=75 17 75 74 17 17 75 73 17 72 17 106 123 17 17 74 17 3 95 3 17 3 95 107 17 17 17 17 17 107 17 7 73 72 10 95 17 17 17 75 3 3 74 106 5 106
split_gain=944898 198913 89003.9 38876.4 28950.8 21085.3 10324.7 6188.18 5911.91 5377.52 4649.51 4279.3 4121.49 4065.97 3891.51 2548.04 2377.55 2279.57 2133.86 2114.92 2055.17 1957.15 2066.65 1920.72 1861.35 1550.04 1275.87 1123.93 1112.39 1100.63 1082.5 1041.47 1026.72 1001.4 910.547 889.881 876.318 873.014 855.19 814.791 764.167 728.807 703.409 701.873 655.977 603.647
threshold=0.1421855837106705 0.31061333417892462 0.091496594250202193 0.11356976255774499 0.46720869839191442 0.53458327054977428 0.065526459366083159 0.22418991476297381 1.0000000180025095e-35 0.09953640773892404 0.53458327054977428 0.30929057300090795 0.3721314817667008 0.61035025119781505 0.37446653842926031 0.22102259844541552 0.61035025119781505 0.10705336928367616 0.70756354928016674 0.13535173982381823 0.70072525739669811 0.10436459630727769 0.63509106636047374 0.086326103657484068 0.22396993637084964 0.22396993637084964 0.65050083398818981 0.61035025119781505 0.22396993637084964 0.14159440994262698 0.42514967918396002 -0.3762653768062591 0.20990712940692904 0.17666920274496081 0.47004804015159612 0.67173832654953014 0.66838845610618602 0.46720869839191442 0.42514967918396002 0.28859196603298193 0.09606433287262918 0.10022674873471261 0.17451082170009616 0.2610385417938233 1.1373049616813662 0.26836012303829199
decision_type=2 2 2 2 2 2 2 2 2 2 2 2 2 2 2 2 2 2 2 2 2 2 2 2 2 2 2 2 2 2 2 2 2 2 2 2 2 2 2 2 2 2 2 2 2 2
left_child=2 3 6 7 11 9 20 12 15 21 45 14 28 29 32 -5 -7 -14 24 34 23 22 37 -1 -9 35 -25 -12 -2 41 43 -16 -3 39 -20 -11 -15 -4 -33 -21 -13 -8 -10 -23 -17 -6
right_child=1 4 5 8 10 16 13 18 42 25 27 40 17 36 31 44 -18 -19 19 33 -22 30 -24 26 -26 -27 -28 -29 -30 -31 -32 38 -34 -35 -36 -37 -38 -39 -40 -41 -42 -43 -44 -45 -46 -47
leaf_value=0.078310856299347392 -0.011973544400542425 0.0074238706529991851 0.022769395442060674 -0.031212549837867098 0.028851005269588694 0.048707048351535755 0.064324605916289496 -0.02250277572736396 -0.017182904191014519 -0.019271236884221655 0.044575133688331783 0.040739960547977898 0.033091853836315348 0.06546732765087486 -0.0011713283516039633 -0.037167903477640075 0.062761190038177414 0.0048443209452445866 0.025380957463806558 0.005051212643965121 0.081526868908207803 0.011858207769696785 0.046707418625828577 0.063378417535580073 -0.011463438764276648 0.016832169345355169 0.073302374129330897 0.059999457214689973 -0.0004969859557689885 0.049668356799419451 0.031499561581307914 0.011672686862770468 -0.0031398549365141051 -0.02135017494779981 -0.00061448481793967963 0.0096325429402244894 0.074611816025257044 0.036565268338055248 0.020086908578823805 -0.012405624124000845 0.022393282076551179 0.050153671518926121 -0.025909096432687684 0.025922178141005916 -0.043387912657423026 0.043855741382200795
leaf_weight=60861.809669941664 20593.810083717108 18357.690278366208 10487.104814663529 78755.332491248846 35303.370603486896 38714.719207465649 16576.30693167448 44872.176074534655 23075.192375302315 2990.0093362778425 25763.894465193152 5386.6849114894867 5504.1871794015169 35744.060815349221 5037.1241835653782 46884.779449358582 24053.602834969759 9600.9968070089817 2847.2476427555084 5055.6516677886248 61720.052304133773 8162.9854193031788 15822.153982147574 25173.326732039452 32136.121085375547 9733.7647742629051 45254.110359922051 7560.2715607732534 20789.000423356891 24274.595381677151 18701.04317843914 33518.772489756346 29173.45928786695 8613.1719458848238 3913.8823091387749 2306.1841006875038 20900.587136909366 12237.835379630327 26558.591322779655 9277.9143613576889 5818.1243509501219 6283.9850394129753 22353.575812518597 9344.664029404521 38145.353700235486 3647.8523537814617
leaf_count=125444 69975 60886 31599 310728 105274 101917 37580 181595 91997 12016 69089 12729 12240 84109 19732 196472 57772 24760 6479 13715 126035 25676 34376 58043 124669 30607 99124 18681 69822 60472 52702 110960 108075 24605 10866 6663 45554 34179 84017 26197 15345 15872 92191 22585 131504 9001
internal_value=0.0223333 -0.00764576 0.0602648 -0.0226691 0.0208815 0.0385354 0.071433 -0.00986509 -0.0326567 0.0276525 0.0384836 0.010608 -0.000497347 0.062518 0.00855494 -0.0357558 0.0540984 0.0151471 -0.0148233 -0.00685258 0.0762244 0.0314931 0.0369861 0.0737279 -0.0178973 0.00854464 0.069761 0.0480849 -0.00620932 0.0549016 0.0256399 0.0141126 0.000940352 -0.0119213 0.0103442 -0.00668701 0.0688491 0.0302068 0.0153942 -0.0062482 0.0312313 0.0604438 -0.0214797 0.0193716 -0.0399612 0.030263
internal_weight=1.01789e+06 568544 449343 372418 196126 152554 296789 163204 209214 89785.7 72275.4 123850 56488 103780 112646 163785 62768.3 15105.2 106716 29707.9 193009 74755.8 38547.1 131289 77008.3 15030 70427.4 33324.2 41382.8 47134.9 36208.7 65114.5 47531.1 22946.7 6761.13 5296.19 56644.6 22724.9 60077.4 14333.6 11204.8 22860.3 45428.8 17507.6 85030.1 38951.2
internal_count=3063929 2001604 1062325 1387815 613789 410092 652233 564923 822892 250403 202045 411744 176797 243587 383670 638704 159689 37000 388126 81862 408646 201117 100154 282611 306264 49286 157167 87770 139797 113924 100963 214709 168961 64517 17345 18679 129663 65778 194977 39912 28074 53452 184188 48261 327976 114275
is_linear=0
shrinkage=0.035


Tree=6
num_leaves=47
num_cat=0
split_feature=75 74 75 21 21 75 21 16 75 3 72 74 75 72 3 107 107 16 3 95 107 3 3 74 74 75 107 3 72 74 72 73 123 5 107 75 75 113 112 73 107 16 72 36 21 68
split_gain=866930 149770 93990.5 23466.6 11836 11262 11007.7 10283.1 7926.99 6206.57 5036.15 4162.17 3484.09 3210.83 2746.36 2615 2180.44 2123.47 1982.76 1918.56 1895.83 1619.27 1609.98 1459.99 1410.31 1308.33 1268.56 1112.83 1075.15 1060.67 1048.66 1046.29 978.374 950.113 934.514 853.925 826.835 770.725 701.651 732.018 684.673 681.893 663.915 659.639 654.268 629.189
threshold=0.14883446693420413 0.10018917918205263 0.094273440539836897 0.3114724606275559 0.37498413026332861 0.068220831453800215 1.0000000180025095e-35 0.31061333417892462 0.28351774811744695 0.10705336928367616 0.10084632039070131 0.18340405821800235 0.2365594953298569 0.10331345722079278 0.10022674873471261 0.49926951527595526 0.16805054247379306 0.46720869839191442 0.16356957703828814 0.62022769451141369 0.3507028073072434 0.10022674873471261 0.10848811641335489 0.01105058239772916 0.14831778407096866 0.11878294497728349 0.45839653909206396 0.10022674873471261 0.13349740207195285 0.1014593504369259 0.11085985600948335 0.10193478688597681 0.4123442023992539 1.1281778812408449 0.46152971684932714 0.25437968969345098 0.082412905991077437 0.093746032565832152 0.5179266929626466 0.23709607124328616 0.65506350994110119 0.22396993637084964 0.091624837368726744 0.65365403890609752 0.24964435398578647 -0.019025519490242001
decision_type=2 2 2 2 2 2 2 2 2 2 2 2 2 2 2 2 2 2 2 2 2 2 2 2 2 2 2 2 2 2 2 2 2 2 2 2 2 2 2 2 2 2 2 2 2 2
left_child=2 3 5 8 10 16 11 9 13 15 21 38 30 19 34 31 27 26 20 37 45 32 -21 -7 -8 -16 -9 -1 40 -12 -11 -5 -4 -13 -6 -17 -25 -2 -3 -40 -14 -20 -27 -28 -39 -10
right_child=1 6 4 7 14 23 24 17 18 12 29 33 28 -15 25 35 -18 -19 41 22 -22 -23 -24 36 -26 42 43 -29 -30 -31 -32 -33 -34 -35 -36 -37 -38 44 39 -41 -42 -43 -44 -45 -46 -47
leaf_value=0.074860046901485178 0.013202776340201278 -0.028904617706981932 0.029791373156585699 0.045989611004256262 0.048484699227673768 0.051727392084647064 -0.0099796229040430874 0.034513781714033437 -0.0024501707231825826 0.016340290697645202 0.0082983778241749531 -0.035194762239294221 0.0060525002090917566 -0.006366595171332032 0.040975922233423688 0.01789126033621237 0.065476491906415052 0.043948125935388403 -0.017104630991015408 0.027764547313966454 -0.011561504062622879 0.020148429620605056 0.0091538348356347225 0.064185970716440124 -0.021078336873589495 0.033105200485815382 0.015871563416334628 0.061220274853694814 -0.008676285688734766 -0.013793108962976235 0.0036873660621418261 0.025925511267018489 0.048692505542874125 -0.041905189252096076 0.03653452303503664 0.00089128211278897073 0.056570116491500372 -0.0055478355055936833 -0.0085815887711025128 -0.025638440573090275 -0.0059283124531195582 -0.0028815188716407761 0.02036989807107828 0.028595440994893639 0.0070183376741587899 0.018968468772177387
leaf_weight=153233.37772451341 7176.2704549878836 59554.413919374347 14214.510173276067 3712.1659341454506 47348.977379277349 31050.52287530899 26287.504660084844 13607.850384235382 2577.2110425084829 30346.531264588237 7777.699872225523 61240.978569582105 21427.937535658479 22303.111110806465 25724.466865777969 8114.8355541229248 45648.314970612526 10820.832722231746 43133.64894323051 9769.4694766998291 10662.992180466652 21298.196240693331 13666.003374055028 40714.287541612983 30119.620725363493 19959.256978824735 12962.225953221321 7893.1247735768557 15185.790258020163 4040.3330151736736 10915.785880878568 22821.801924183965 4421.3408925384283 45338.549384251237 9783.7043934911489 6533.4293137490749 31821.152963504195 11716.35515165329 4521.1146585941315 9746.3909420073032 8027.0168474167585 4570.888446867466 6755.2564657777548 8156.5212689042091 8945.334945499897 4810.1829436719418
leaf_count=313813 14978 243902 31665 9864 123052 74286 106512 40321 7553 98132 22731 257962 72346 72172 71512 25871 102484 27946 158685 20724 42111 52877 32584 92108 125482 58367 42350 17895 56475 16026 38769 68308 9454 161142 27391 23388 76082 45033 12587 30967 30795 16897 22118 23731 31944 12537
internal_value=0.0214888 -0.00841948 0.0562848 0.007511 0.0346122 0.0675492 -0.0294055 0.0161347 -0.00317398 0.0110198 0.0208136 -0.0336252 0.00566343 0.00471789 0.0411279 0.02219 0.0722717 0.0304027 -0.0120043 0.00953981 -0.00212242 0.0267524 0.0169175 0.0581187 -0.0159078 0.0353328 0.0261748 0.0741942 -0.00111322 0.000741864 0.0129942 0.0287426 0.0342903 -0.0380516 0.0464425 0.010313 0.06085 0.00332624 -0.0272319 -0.0202399 0.00278667 -0.0157425 0.0298905 0.0207929 -0.000106517 0.0114991
internal_weight=1.02046e+06 548773 471685 311964 161324 310361 236809 172633 139331 127085 51752.1 180401 85903.1 73576.5 109572 41182.2 206775 45547.4 65754.9 51273.4 18050.4 39934 23435.5 103586 56407.1 52439 34726.6 161127 44640.7 11818 41262.3 26534 18635.9 106580 57132.7 14648.3 72535.4 27838 73821.9 14267.5 29455 47704.5 26714.5 21118.7 20661.7 7387.39
internal_count=3063929 1952068 1111861 1013514 435193 676668 938554 558296 455218 423948 132753 706560 296517 217435 302440 127431 434192 134348 237783 145263 62201 93996 53308 242476 231994 151997 106402 331708 159616 38757 136901 78172 41119 419104 150443 49259 168190 91955 287456 43554 103141 175582 80485 66081 76977 20090
is_linear=0
shrinkage=0.035


Tree=7
num_leaves=47
num_cat=0
split_feature=75 17 75 74 17 17 75 72 95 72 17 17 17 106 17 17 18 17 74 75 17 17 17 107 17 107 17 73 75 112 7 17 7 17 17 17 17 17 112 129 73 22 66 89 6 2
split_gain=797516 171244 80697 34578.1 24064.1 19983.5 8952.92 5928.89 5558.61 5078.49 4436.08 4272.23 3821.29 3780.17 3307.51 2157.56 2077.3 2607.41 1789.46 1613.04 1527.42 1503.83 1362.79 1444.72 1220.38 1072.75 1097.28 984.314 942.63 939.654 912.561 847.065 829.097 815.776 804.923 799.619 797.638 726.505 674.568 595.329 593.028 579.625 572.529 727.538 559.688 553.099
threshold=0.14548398554325107 0.31061333417892462 0.091496594250202193 0.12759966403245929 0.46720869839191442 0.53458327054977428 0.060146708041429527 0.10331345722079278 0.67173832654953014 0.09953640773892404 1.0000000180025095e-35 0.63123199343681347 0.56247621774673473 0.30929057300090795 0.37446653842926031 0.61035025119781505 0.58756005764007579 0.37446653842926031 0.26019456982612615 0.28859196603298193 0.22396993637084964 0.31061333417892462 0.70072525739669811 0.088557366281747832 0.22396993637084964 0.081522457301616683 0.58756005764007579 0.08949123322963716 0.22803403437137607 0.38790552318096166 -0.3762653768062591 0.22396993637084964 -0.3762653768062591 0.50316895544528972 0.46720869839191442 0.65050083398818981 0.68507987260818493 0.42514967918396002 0.50578063726425182 -0.29527980089187617 0.20990712940692904 1.0415015220642092 -0.079310432076454149 0.77644994854927074 0.27852417528629309 -0.081075746566057191
decision_type=2 2 2 2 2 2 2 2 2 2 2 2 2 2 2 2 2 2 2 2 2 2 2 2 2 2 2 2 2 2 2 2 2 2 2 2 2 2 2 2 2 2 2 2 2 2
left_child=2 3 6 7 13 9 22 8 24 16 18 25 33 14 32 -7 27 -18 -5 42 28 29 23 -1 -2 -8 -27 -4 38 -11 -16 -21 -3 -6 -19 -25 -13 -32 -9 -33 -34 45 -10 -44 -30 -15
right_child=1 4 5 10 12 15 11 20 19 21 -12 36 -14 41 30 -17 17 34 -20 31 -22 -23 -24 35 -26 26 -28 -29 44 -31 37 39 40 -35 -36 -37 -38 -39 -40 -41 -42 -43 43 -45 -46 -47
leaf_value=0.071863739062806242 -0.017309630039741532 -0.012043853156682884 0.04720304736788191 -0.031775824452107831 0.025103300909639161 0.044515320736820706 0.059330037348034492 -0.017282388916473171 0.0063342799541104573 -0.013842037333520907 -0.02183145009743085 0.06230361240179437 0.048112356358417353 0.012954730454530642 -0.001449999192594266 0.057583687918890084 0.0069279375517086461 0.022177591973543173 -0.039602599345740994 -0.0073906606396393132 -0.0094660054555058964 0.017368739917460695 0.074528522945428083 0.057836324473188157 -0.0066868376599344389 0.044669264861079749 0.055124778253869786 0.032081219605954225 -0.025120714447139047 0.0098654365465369043 0.010653100428744497 0.037700050209602418 0.0074748691176946382 0.034176613988366814 0.031674843619122442 0.066861132565902828 0.071367131375556503 0.018487816276323264 -0.0026394892916138993 0.0044496082670754233 -0.0010881491651971394 -0.040353345257787741 0.015275644061661358 0.04625287387617507 -0.017410552535684416 0.033705541381869805
leaf_weight=58122.480404883623 24761.24197396636 5555.0794526040554 7224.0820532590151 78126.975375786424 21999.230807781219 41022.259461551905 18481.474061265588 13716.307920664549 9184.3953332453966 4677.9248301237822 37311.774088338017 42896.014631688595 20554.253828451037 1920.2889684140682 5007.2315984815359 25078.680613711476 8911.1531869322062 19052.135777965188 66468.455767840147 10990.765553861856 23518.254253536463 8641.5436042547226 60336.93574462831 18293.808053478599 28520.229347765446 27496.207222223282 22701.06350377202 19988.865505293012 31865.412560462952 3633.3229434192181 32915.96731582284 831.14510978758335 16558.001519814134 27431.103622049093 25943.506268844008 37897.507729947567 17072.952276498079 25977.864239752293 5364.5446063429117 3124.7124194502831 24646.145704433322 140.01213565468788 9917.3499755561352 1021.5918351709843 18207.65033107996 9014.5076132416725
leaf_count=116719 98297 23125 15526 320528 64944 105695 41534 50672 22608 18361 154634 96657 51956 5225 19600 58914 27968 55045 263787 30826 89397 26398 120638 40938 106399 65462 53897 44942 109913 10775 108437 1618 54085 75729 71354 81047 35341 81366 14453 9258 89276 116 23662 1884 82968 21955
internal_value=0.0206962 -0.00768658 0.0543717 -0.0218212 0.0190704 0.0346043 0.0650708 -0.0109909 -0.00450318 0.0245766 -0.0325981 0.0580547 0.0354238 0.00966766 0.00771545 0.0494784 0.0282175 0.0242318 -0.0353752 0.00631695 -0.0171754 0.00715059 0.0702366 0.0679673 -0.0116251 0.0520801 0.0494038 0.0361054 -0.0197961 -0.00347745 0.0128912 -0.00239189 0.000641378 0.0301422 0.0276572 0.0639296 0.064891 0.0141106 -0.0131681 0.0114844 0.0023533 0.0291588 0.0127847 0.0181932 -0.0223197 0.0300713
internal_weight=1.02212e+06 554650 467472 362931 191720 164173 303298 181024 88351.4 98072.5 181907 128648 69984.6 121735 110660 66100.9 81119.7 53906.8 144595 35070 92672.2 16952.8 174651 114314 53281.5 68678.7 50197.3 27212.9 69153.9 8311.25 63901.1 14946.6 46759.2 49430.3 44995.6 56191.3 59969 58893.8 19080.9 3955.86 41204.1 11074.8 20123.3 10938.9 50073.1 10934.8
internal_count=3063929 1976718 1087211 1380904 595814 434978 652233 641955 294552 270369 738949 292891 192629 403185 375889 164609 214835 154367 584315 89856 347403 55534 359342 238704 204696 160893 119359 60468 258006 29136 209403 41702 166486 140673 126399 121985 131998 189803 65125 10876 143361 27296 48154 25546 192881 27180
is_linear=0
shrinkage=0.035


Tree=8
num_leaves=47
num_cat=0
split_feature=75 74 75 18 73 21 21 21 75 72 16 74 75 72 72 3 75 107 18 107 18 107 3 3 96 3 7 3 74 5 16 3 129 106 3 36 3 107 21 16 112 73 90 73 48 36
split_gain=735758 133860 80126.2 20584.5 10817.4 10554.4 10387.4 9441.13 8478.81 4251.15 4034.7 4025.32 3140.51 2721.22 2676.34 2483.74 2383.45 1739.27 1699.5 1577.57 1540.43 1475.83 1411.91 1390.57 1292.97 1136.27 1023.95 969.462 967.59 961.17 960.888 943.714 1119.87 902.65 855.73 822.629 801.477 757.161 734.278 726.011 678.276 685.241 676.999 638.558 635.48 603.163
threshold=0.14883446693420413 0.10018917918205263 0.091496594250202193 0.53458327054977428 0.22418991476297381 0.35638883709907537 1.0000000180025095e-35 0.3114724606275559 0.064153570681810393 0.09953640773892404 0.37446653842926031 0.18340405821800235 0.11425582319498064 0.13536530733108523 0.098453123122453703 0.10705336928367616 0.28607177734375006 0.35958614945411688 0.46720869839191442 0.18073499947786334 0.58756005764007579 0.64575177431106578 0.10022674873471261 0.10022674873471261 0.14656602591276172 0.10848811641335489 -0.3762653768062591 0.10022674873471261 0.10796982049942018 1.1043425202369692 0.53458327054977428 0.097519297152757659 -0.19744588434696195 0.29130500555038458 0.097519297152757659 0.6168709695339204 0.10022674873471261 0.2037593945860863 0.14931328594684604 0.37446653842926031 0.5179266929626466 0.23709607124328616 0.10245491191744806 0.097711116075515761 0.43366721272468572 0.56404110789299022
decision_type=2 2 2 2 2 2 2 2 2 2 2 2 2 2 2 2 2 2 2 2 2 2 2 2 2 2 2 2 2 2 2 2 2 2 2 2 2 2 2 2 2 2 2 2 2 2
left_child=2 3 8 4 15 9 11 24 19 20 14 40 36 16 21 17 33 43 -8 34 27 25 37 -14 -5 42 -18 -4 -11 -13 -12 32 -28 -6 -1 -15 -7 -10 -39 -25 -3 -42 -9 -2 -33 -20
right_child=1 6 5 7 13 12 18 10 22 28 30 29 23 35 -16 -17 26 -19 45 -21 -22 -23 -24 39 -26 -27 31 -29 -30 -31 -32 44 -34 -35 -36 -37 -38 38 -40 -41 41 -43 -44 -45 -46 -47
leaf_value=0.068879914217455471 0.044644053063581011 -0.027696395389319721 0.039859051514690602 0.0077528200154826157 0.00018448715575158109 0.047063164192699992 -0.021718704595177451 0.037353799170750303 0.05975336370684025 0.0060264557214230836 0.030488650412585343 -0.033696742090029534 0.038051788899652689 -0.017612942409427481 0.0066239946383016566 0.0052857736029242259 -0.016948138055273457 0.0062058388794808891 -0.012714563418722243 0.05988904673041754 0.017842030855268212 0.0087464700377148236 0.047754221763189469 0.024654548870678163 -0.0044527439739245915 0.018754129248355702 0.017659767132548965 0.02363956273269115 -0.01793156484312599 -0.040516490948116178 0.048778039672417665 -0.010745221674527551 -0.0040861823850309488 0.01540426393065022 0.05674933208677993 -0.0053366621318185065 0.038897369194659505 0.0074634547442777388 0.053558143780835503 0.036666099769410668 -0.0077608098317483148 -0.024396659996459576 0.024949491829433415 0.025343370195831022 0.0034011235711913458 -0.0020265896488446083
leaf_weight=151225.64064399898 2612.1713202446699 58013.299795120955 9373.7353112250566 22051.325050726533 10887.66081944108 35919.882456481457 25243.902951434255 7661.0617370158434 50022.13168387115 9198.975782379508 20677.415433213115 55585.804286405444 29779.268164739013 31555.809928104281 20568.40351690352 23389.294769063592 11046.24597863853 5826.2763624489307 21024.767208456993 33605.798627242446 19501.886724919081 10224.192519307137 27247.89482088387 25109.06349542737 20518.926586464047 32163.523664519191 4190.5149645358324 8792.1756159365177 2656.2495934665203 47120.211926788092 4266.3957498222589 24785.824259355664 9391.0284710526466 8496.2230086326599 7688.6078260242939 8495.2786453217268 25474.114138558507 431.08153665065765 35143.647003114223 8225.0852061361074 4466.8198899924755 9505.5798573791981 18545.362701058388 10994.485228285193 4609.9756922572851 9347.7956342697144
leaf_count=304636 5669 243902 17518 58525 37972 89906 108142 21179 108582 27695 58524 242450 79601 113782 72668 66486 48232 19058 85794 74294 47318 34620 64946 75738 80407 102750 11195 19079 10918 176654 10124 84241 32802 21955 16989 33505 68870 245 82541 22985 12587 30967 56440 26028 17352 38058
internal_value=0.0199556 -0.0079319 0.0515584 0.00697195 -0.00201563 0.0326023 -0.0281839 0.0159366 0.0623608 0.0189316 0.0211842 -0.0323781 0.0380386 -0.00767272 0.0177008 0.0129718 -0.00366826 0.0222176 -0.0150077 0.0668298 0.0246837 0.0210212 0.0547331 0.0325479 0.00186972 0.02317 -0.00744588 0.0320198 0.000651394 -0.0368278 0.0336282 -0.00500133 0.00262761 0.00685868 0.0682952 -0.0150104 0.0436792 0.0569511 0.0530012 0.0276247 -0.0260267 -0.0190846 0.0285838 0.0290674 -0.00852619 -0.00942645
internal_weight=1.02266e+06 543266 479395 312957 156281 174030 230308 156677 305365 49523 114106 174692 124507 113459 89162.5 42822.2 73407.5 19432.9 55616.5 192520 37667.8 68594.1 112845 63113.4 42570.3 58369.9 54023.6 18165.9 11855.2 102706 24943.8 42977.3 13581.5 19383.9 158914 40051.1 61394 85596.9 35574.7 33334.1 71985.7 13972.4 26206.4 13606.7 29395.8 30372.6
internal_count=3063929 1952068 1111861 1013514 518277 459628 938554 495237 652233 122528 356305 706560 337100 401036 287657 117241 253749 50755 231994 395919 83915 214989 256314 178324 138932 180369 193822 36597 38613 419104 68648 145590 43997 59927 321625 147287 158776 191368 82786 98723 287456 43554 77619 31697 101593 123852
is_linear=0
shrinkage=0.035


Tree=9
num_leaves=47
num_cat=0
split_feature=75 74 75 18 21 73 75 72 21 21 74 16 72 73 75 21 96 75 74 18 72 75 18 74 22 18 106 6 98 16 16 106 21 36 98 106 75 36 74 71 96 21 21 36 96 123
split_gain=680023 126521 74773.8 19055.3 10079.1 10069 9476.65 9201.72 8775.28 4469.52 3961.64 2816.53 2563.29 2242.94 2224.03 2133.64 1807.41 1767.41 1704.06 1618.35 1614.36 1562.84 1326.6 1287.11 1141.09 1115.02 973.205 1283.9 954.704 925.604 884.886 834.017 800.111 779.099 775.57 768.935 739.989 679.195 674.362 665.395 649.375 618.864 586.695 567.668 547.142 542.548
threshold=0.14883446693420413 0.10018917918205263 0.094273440539836897 0.53458327054977428 1.0000000180025095e-35 0.22418991476297381 0.068220831453800215 0.09953640773892404 0.40690016746521002 0.37498413026332861 0.15027893334627154 0.31061333417892462 0.13536530733108523 0.13846573233604434 0.28607177734375006 0.24964435398578647 0.13963919132947925 0.04855043068528176 0.1014593504369259 0.46720869839191442 0.098453123122453703 0.11425582319498064 1.0000000180025095e-35 0.0068016918376088151 0.37498413026332861 0.58756005764007579 0.26218770444393164 0.35802587866783148 0.81250008940696727 0.50316895544528972 0.50316895544528972 0.29130500555038458 0.24964435398578647 0.6168709695339204 0.82500007748603832 0.23106296360492709 0.082412905991077437 0.66939041018486034 0.015217065345495941 -0.14282564818859098 0.036261685192584998 0.3114724606275559 0.3114724606275559 0.56404110789299022 0.036261685192584998 0.37988489866256719
decision_type=2 2 2 2 2 2 2 2 2 2 2 2 2 2 2 2 2 2 2 2 2 2 2 2 2 2 2 2 2 2 2 2 2 2 2 2 2 2 2 2 2 2 2 2 2 2
left_child=2 3 6 5 10 13 17 9 15 25 44 20 14 -2 31 24 28 -1 42 -6 34 -11 -12 -8 -5 39 32 -28 -17 -13 -23 -7 -16 -14 -10 -15 -25 -18 -19 40 45 -27 -9 -21 -3 -4
right_child=1 4 7 8 19 12 23 18 11 21 22 29 33 35 26 16 37 38 -20 43 -22 30 -24 36 -26 41 27 -29 -30 -31 -32 -33 -34 -35 -36 -37 -38 -39 -40 -41 -42 -43 -44 -45 -46 -47
leaf_value=0.066377257161368733 0.026389628454419316 -0.012000015220272187 0.017771426217919262 0.0094512947635428321 -0.02117324565162881 0.00017802099206166633 0.043961299465080581 0.0058475243341803958 0.016963070110986897 0.041829324936572744 -0.039001108864175987 0.028417727368420014 -0.017129176942913028 0.00061041107435985632 -0.017399532096489499 0.011322977319817689 0.0031833086752807434 0.056516211278648386 -0.010335729572653711 -0.012337900395603308 0.0067163731379777719 0.031816246162849691 -0.031718502367193098 0.056023449153740981 -0.0058780910251340652 0.013686643638584279 -0.0049365814992495521 0.019341214519708952 0.02972373191358078 0.04365116295263094 0.047350711590630062 0.014785946165856717 -0.0063884023614983925 -0.0051618156820072347 0.026565119514842618 0.011885248891018907 0.049209650810905295 0.014567267158197237 0.062842158233312906 0.033489370040610332 0.025580486903019114 0.025738527799433648 0.019503769817142934 -0.0019573957370006023 -0.024471262051817218 -0.033539684071831083
leaf_weight=125791.5492759347 10656.850977286696 4810.5644248425961 513.05420172214508 8587.3172726482153 24992.589998528361 10888.417762070894 25260.854530707002 6587.4776164889336 22386.523440882564 49499.348738744855 57124.821716755629 24599.96727360785 31315.850210681558 11502.934556990862 13644.822288557887 6213.0298820585012 22309.386258691549 40844.212241902947 4595.4135794341564 20910.539850950241 11779.516175374389 49826.203589230776 66782.747315049171 45660.251838415861 19320.402065083385 13685.345165923238 17193.992127135396 3152.3319547027349 7810.6295902282 6134.41760212183 4967.0222131609917 8541.1444144845009 19861.63724295795 8476.1820132285357 19199.318134278059 20829.564710214734 35289.717149719596 9012.7774172723293 44090.308664292097 14296.995775237679 2809.7138036936522 8470.9638758301735 9311.9890865981579 9339.8556151092052 43133.84362848103 485.7121027559042
leaf_count=253115 25578 2694 154 11969 108142 37972 58930 18179 71593 126625 226059 71133 113782 39948 57010 20534 80562 88737 18205 85794 41174 138114 290409 101302 74209 29357 49740 11352 23610 14707 12011 21955 75720 33505 55018 51715 82244 30728 92340 28357 8183 26121 29708 38058 187398 179
internal_value=0.0192558 -0.00769752 0.0494818 0.00671663 -0.0275904 -0.001949 0.0594302 0.0303768 0.015311 0.0334885 -0.0317711 0.0230247 -0.00743061 0.012468 -0.00354678 0.00645397 0.0111396 0.0637298 0.00842561 -0.0145827 0.0181598 0.0373135 -0.0350778 0.0508964 -0.00115985 0.0235761 -0.00720908 -0.00117011 0.0215804 0.0314665 0.0332296 0.00660263 -0.010875 -0.0145814 0.0213995 0.00787513 0.053057 0.00646142 0.0598044 0.0300233 0.0169774 0.0183005 0.0138506 -0.00913422 -0.0232218 -0.00722435
internal_weight=1.0225e+06 540512 481986 313417 227095 156064 316937 165049 157353 144554 171852 84099.7 113074 42989.4 73282.3 73253.5 45345.8 210726 20494.9 55243 53365.4 104293 123908 106211 27907.7 40261.8 53852.8 20346.3 14023.7 30734.4 54793.2 19429.6 33506.5 39792 41585.8 32332.5 80950 31322.2 84934.5 18105.5 3808.48 22156.3 15899.5 30250.4 47944.4 998.766
internal_count=3063929 1952068 1111861 1013514 938554 518277 676668 435193 495237 369101 706560 253625 401036 117241 253749 241612 155434 434192 66092 231994 167785 276750 516468 242476 86178 92351 193822 61092 44144 85840 150125 59927 132730 147287 126611 91663 183546 111290 181077 36873 8516 55478 47887 123852 190092 333
is_linear=0
shrinkage=0.035


Tree=10
num_leaves=47
num_cat=0
split_feature=17 73 73 74 17 18 17 107 17 73 17 73 17 17 106 17 95 106 74 107 95 95 17 17 3 3 17 3 17 17 7 18 17 129 73 5 48 17 106 78 17 90 18 95 73 17
split_gain=630551 92194.8 89701.2 43733.2 22798.6 14621.9 12863.8 8950.24 6738.42 5946.08 4332.76 3958.09 3708.39 3432.22 2977.12 2686.06 2527.25 2417.21 2407.9 2007.01 1858.55 1732.3 1685.23 1573.6 1445.8 1226.85 1048.48 955.789 917.571 880.627 867.363 824.234 722.636 681.022 678.541 673.854 643.386 623.409 616.481 591.454 582.439 565.328 530.838 525.789 570.709 499.773
threshold=0.37446653842926031 0.13043279200792315 0.097711116075515761 0.11356976255774499 0.53458327054977428 0.42514967918396002 0.65050083398818981 0.084011409431695952 1.0000000180025095e-35 0.22623562812805179 0.56247621774673473 0.073883071541786208 0.46720869839191442 0.22396993637084964 0.25633297860622412 0.61035025119781505 0.61752587556839 0.29802709817886358 0.22102259844541552 0.26881910860538488 0.69521924853324901 0.72116428613662731 0.22396993637084964 0.68507987260818493 0.10022674873471261 0.13535173982381823 0.22396993637084964 0.10565354675054552 0.22396993637084964 0.42514967918396002 0.12795946747064593 0.61035025119781505 0.22396993637084964 -0.1602462828159332 0.061223428696393974 1.1373049616813662 0.39170669019222265 0.50316895544528972 0.2997309416532517 0.39170669019222265 0.22396993637084964 0.0076390192843973645 1.0000000180025095e-35 0.6754564940929414 0.23502692580223086 0.61035025119781505
decision_type=2 2 2 2 2 2 2 2 2 2 2 2 2 2 2 2 2 2 2 2 2 2 2 2 2 2 2 2 2 2 2 2 2 2 2 2 2 2 2 2 2 2 2 2 2 2
left_child=1 5 6 9 12 11 7 34 18 14 19 -1 17 21 22 -6 28 29 43 31 30 -11 -3 -8 41 39 -10 -13 -7 -4 -15 -9 -18 -22 -2 -20 -32 -21 -14 -23 -26 -16 -27 -5 -45 -12
right_child=2 3 4 8 15 16 23 10 26 13 45 27 38 20 24 -17 32 -19 35 37 33 25 -24 -25 40 42 -28 -29 -30 -31 36 -33 -34 -35 -36 -37 -38 -39 -40 -41 -42 -43 -44 44 -46 -47
leaf_value=0.059396326085190167 0.063964869183309431 -0.014053660747361307 0.0091956760622326529 -0.029845812379445048 0.037224421115740189 -0.015515789655300389 0.058003505116076402 0.048080339311293047 -0.021269704694473708 -0.020355466416984994 0.045432557950350526 0.041003925119788828 0.024855535149236455 -0.014801508674808323 0.038891872826266154 0.050448331603784376 0.0046042158522198217 0.031535681910456588 -0.034049273518854659 0.019872707875616357 0.019995336334277969 0.021773858505749921 9.5974413622568948e-05 0.065312932403351162 0.00049237636936029538 -0.021142312284770096 -0.010286852841414177 0.021834824365708293 0.0061017694336294413 0.016532499239090399 -0.0072240741324257366 0.035389515599236622 0.027651056510682497 -0.0010673879283644584 0.054575679644471006 -0.04066176241618244 0.0028180660735142873 0.032368211541970462 0.040695029364535326 -0.00310666215894467 0.011752731600182236 0.01682818652528249 -0.0084603557278530028 -0.011705682031463422 -0.026375543550079011 0.051399803309587849
leaf_weight=16155.126957759261 35138.466705948114 14948.657304927707 43785.557379156351 55323.534503206611 54141.220426306129 3118.6373401433229 57008.594218701124 12212.333963483572 32115.88912729919 44108.859522998333 30930.195788890123 8436.0230870246887 57434.374326527119 13562.333759650588 1754.6251680254936 28982.326043963432 2034.8064452558756 9152.1532388180494 42839.350777715445 9124.645493850112 4498.7524849325418 1990.1893133670092 33203.14652658999 101757.21425880492 14861.448117285967 6045.962114661932 15962.027704492211 5164.4344765692949 10440.85543127358 37018.359798535705 29476.920019492507 13162.446828499436 9296.0625901669264 3225.6721991449594 13386.843635931611 34396.65551738441 10629.346345588565 10668.695773586631 3190.0864919573069 2825.0140668451786 9052.2362762093544 7574.4282387048006 12242.290296435356 4248.0677029341459 14040.659417331219 40924.365555554628
leaf_count=32173 70422 56630 142482 253696 138395 12180 122624 24488 137286 184264 73773 18033 161373 58687 3669 67166 5670 21578 196472 25538 11353 4453 116215 204358 38638 17030 64414 12753 33724 113327 106697 32221 20468 9226 29473 131504 41863 28150 7250 7720 22311 17605 35283 13382 44938 92974
internal_value=0.0185949 -0.0115737 0.0436572 -0.0172796 0.0271253 0.0311218 0.0555695 0.048738 -0.0290396 -0.00613917 0.0434921 0.0476783 0.0190018 -0.0108244 0.00126368 0.0418386 0.0113221 0.0144908 -0.0326766 0.0349865 -0.00484084 -0.0162888 -0.00429778 0.0626907 0.00931899 -0.00852103 -0.0176253 0.0337384 0.0011245 0.012558 -0.00715138 0.0415076 0.0235177 0.0112045 0.0613819 -0.0369972 -0.00456237 0.026616 0.0256931 0.00718928 0.00475709 0.0210012 -0.012659 -0.0281405 -0.0229735 0.0488353
internal_weight=1.02159e+06 463572 558018 408926 233704 54645.9 324314 165548 198926 210000 117023 29755.6 150581 128605 81394.5 83123.5 24890.4 89956.1 150848 45168.1 61393 67212.3 48151.8 158766 33242.7 23103.5 48077.9 13600.5 13559.5 80803.9 53668.6 25374.8 11330.9 7724.42 48525.3 77236 40106.3 19793.3 60624.5 4815.2 23913.7 9329.05 18288.3 73612.3 18288.7 71854.6
internal_count=3063929 1708337 1355592 1573336 651571 135001 704021 377039 841692 731644 277144 62959 446010 476576 255068 205561 72042 277387 639992 110397 227826 248750 172845 326982 82223 64486 201700 30786 45904 255809 207247 56709 26138 20579 99895 327976 148560 53688 168623 12173 60949 21274 52313 312016 58320 166747
is_linear=0
shrinkage=0.035


Tree=11
num_leaves=47
num_cat=0
split_feature=75 17 75 74 17 17 75 72 95 72 17 17 106 17 17 17 3 18 17 17 3 18 10 17 17 3 112 124 17 123 106 7 17 75 17 7 17 17 1 95 81 106 7 17 5 75
split_gain=585316 131894 66058 28460.9 17925.5 17224.5 6577.17 5124.84 4367.33 4112.1 3655.51 3604.52 2973.97 2840.71 2424.97 2079.64 1986.12 1904.31 2351.77 1505.48 1424.33 1418.84 1375.76 1340.27 976.833 931.427 863.63 845.579 841.259 839.729 804.952 746.667 738.751 737.543 733.787 679.586 678.151 671.891 645.763 627.937 627.522 595.225 572.288 552.376 546.162 542.465
threshold=0.14883446693420413 0.31061333417892462 0.088849771767854704 0.13692411035299304 0.53458327054977428 0.46720869839191442 0.054974218830466277 0.10331345722079278 0.67173832654953014 0.09953640773892404 0.65050083398818981 1.0000000180025095e-35 0.30929057300090795 0.56247621774673473 0.37446653842926031 0.61035025119781505 0.14425098896026614 0.58756005764007579 0.37446653842926031 0.22396993637084964 0.10022674873471261 1.0000000180025095e-35 0.2484906688332558 0.31061333417892462 0.22396993637084964 0.10565354675054552 0.38790552318096166 0.093701671808958067 0.70072525739669811 0.49015316367149359 0.25398422777652746 -0.3762653768062591 0.22396993637084964 0.22803403437137607 0.46720869839191442 -0.3762653768062591 0.58756005764007579 0.58756005764007579 -0.097717903554439531 0.63509106636047374 0.70000001788139354 0.26836012303829199 0.37795858085155493 0.68507987260818493 0.6168709695339204 0.28859196603298193
decision_type=2 2 2 2 2 2 2 2 2 2 2 2 2 2 2 2 2 2 2 2 2 2 2 2 2 2 2 2 2 2 2 2 2 2 2 2 2 2 2 2 2 2 2 2 2 2
left_child=2 3 6 7 9 12 28 8 24 17 25 21 14 40 35 -6 22 20 -19 33 -4 -5 -10 26 -2 27 -11 -8 30 44 -1 -16 45 39 -20 -3 -27 -29 -33 -9 -7 -42 -35 -12 -24 -18
right_child=1 5 4 11 15 13 10 19 16 23 43 -13 -14 -15 31 -17 32 18 34 -21 -22 -23 29 -25 -26 36 -28 37 -30 -31 -32 38 -34 42 -36 -37 -38 -39 -40 -41 41 -43 -44 -45 -46 -47
leaf_value=0.055858135926297778 -0.016137349535944857 -0.011136078470964886 0.037204667742374811 -0.037803240298863255 0.037888605267465868 0.019601510681943518 0.052960386669290406 -0.017839271860780194 0.037673848865885297 -0.012991365844777242 0.054580736109370094 -0.02048421812189892 0.025665962174326606 0.041467912590109512 -0.0019492373794863631 0.049716501059668426 0.00010444825751389267 0.0044987833341694127 0.018062410686657763 -0.0085680458970657947 0.022103582959198963 -0.030334787753085169 -0.012338835032726063 0.014855603468134256 -0.0065273098879519665 0.033192645002105635 0.0083949973448294128 0.039063964893207008 0.064525426499276756 0.021425979130892014 0.062299751291429173 0.0056472978547153722 0.0085857302791034866 -0.022655583279093956 0.02665786470456313 0.0020109943125800997 0.046486355803210318 0.048383141282897203 0.014242585256039926 -0.0053345131655545717 0.026863162580080691 0.042940047253132829 -0.014171432581599242 0.061681765564379681 0.0082212173066259272 -0.013830720468480032
leaf_weight=48303.141237512231 24103.513587072492 5461.7621834278107 17566.904108032584 55235.580078676343 46672.579432189465 14378.834646850824 26879.07623963058 12622.651479631662 2572.0829518288374 5309.4526499211788 32347.823113918304 32353.760359853506 10989.948870196939 19909.362411737442 5001.6962697654963 30075.45123334229 6868.5601792633533 10056.759948566556 21064.184109061956 24093.454897239804 13630.456659674644 72174.3725066185 2119.3866844028234 9697.5423754155636 28050.971048697829 10349.172384306788 4089.2177317589521 15317.427377596498 56737.920361697674 4742.9281184077263 48863.231602981687 14189.539739996195 5264.2388652414083 42747.434470623732 29059.591139212251 40421.848774299026 8793.6666733622551 25880.991344988346 43818.160146772861 8073.4428240805864 30952.960178300738 3122.8193384110928 12675.175206273794 24162.689100891352 6193.1452558487654 6811.0861396938562
leaf_count=102443 97699 23051 36293 227274 116740 41537 57482 51814 5025 21163 70629 139392 26544 48927 19484 68709 17375 31135 59521 92936 31143 324957 5456 29117 105272 24606 12029 35180 112663 11076 96607 46949 13702 164394 77522 140903 20458 59092 137710 22043 85778 7347 59828 49329 15550 20045
internal_value=0.0179725 -0.00727129 0.0458241 -0.0200771 0.0295338 0.0163135 0.0560705 -0.010806 -0.00457599 0.0205051 0.0506789 -0.0309243 0.00831783 0.0303327 0.00656558 0.0425273 0.00507023 0.0235919 0.0199495 -0.0161969 0.0306126 -0.0335743 0.0143042 0.00573108 -0.0109702 0.0461758 -0.00368614 0.048102 0.0611034 0.00968423 0.0591012 0.0110223 -0.00254887 -0.0186106 0.0230485 0.000444589 0.0393125 0.0449247 0.012141 -0.0129646 0.0257526 0.0283441 -0.0207172 0.0576234 0.002973 -0.00683624
internal_weight=1.01981e+06 534949 484857 346702 187222 188247 297635 186938 86725.9 110474 143731 159764 119883 68364 108893 76748 34571.4 91377.9 60180.5 100212 31197.4 127410 15627.5 19096.2 52154.5 87220.3 9398.67 68077.5 153904 13055.5 97166.4 63009.4 18943.9 76118.7 50123.8 45883.6 19142.8 41198.4 58007.7 20696.1 48454.6 34075.8 55422.6 56510.5 8312.53 13679.6
internal_count=3063929 1952068 1111861 1373838 483372 578230 628489 682215 291200 297923 316776 691623 394641 183589 368097 185449 88229 235614 168178 391015 67436 552231 37107 62309 202971 196818 33192 151754 311713 32082 199050 204143 51122 298079 137043 163954 45064 94272 184659 73857 134662 93125 224222 119958 21006 37420
is_linear=0
shrinkage=0.035


Tree=12
num_leaves=47
num_cat=0
split_feature=17 72 17 107 107 17 17 17 3 107 3 72 17 17 17 17 107 107 123 18 129 89 3 5 7 17 72 107 17 69 107 94 88 17 36 123 7 22 18 3 115 7 17 18 3 72
split_gain=543246 82725.2 75286.7 31698.2 27258.6 15218.8 11004.9 7537.12 7506.19 5605.17 4709.19 3795.8 2942.35 2835.04 2749.28 1908.78 1861.59 1797.14 1680.29 1483.8 1304.45 1257.26 1253.22 1173.39 1129.54 1080.1 933.717 924.893 914.989 810.384 787.885 785.824 779.321 748.14 680.165 627.2 613.852 765.025 597.632 569.78 568.494 550.684 547.437 513.346 479.853 432.029
threshold=0.37446653842926031 0.10829525068402292 0.58756005764007579 0.1003679856657982 0.14876513183116916 1.0000000180025095e-35 0.50316895544528972 0.66838845610618602 0.10022674873471261 0.26881910860538488 0.097519297152757659 0.19764687120914462 0.22396993637084964 0.22396993637084964 0.22396993637084964 0.42514967918396002 0.069994103163480773 0.059846540912985809 0.30797559022903448 0.37446653842926031 -0.26792010664939875 0.71161216497421276 0.15370123088359836 1.10144579410553 -0.3762653768062591 0.63123199343681347 0.18383854627609256 0.35958614945411688 0.70072525739669811 -0.33538168668746943 0.287338137626648 0.065090425312519087 0.08415663987398149 0.53458327054977428 0.55829170346260082 0.41666767001152044 0.24380346387624743 1.0000000180025095e-35 0.65050083398818981 0.15370123088359836 0.62500000000000011 0.22474335134029391 0.31061333417892462 0.56247621774673473 0.078899737447500243 0.4072988629341126
decision_type=2 2 2 2 2 2 2 2 2 2 2 2 2 2 2 2 2 2 2 2 2 2 2 2 2 2 2 2 2 2 2 2 2 2 2 2 2 2 2 2 2 2 2 2 2 2
left_child=1 3 4 8 10 11 15 16 19 14 17 18 26 -11 21 27 -4 -2 -3 31 -16 -5 -23 45 -15 -18 -7 44 -9 39 -17 32 -1 -8 43 36 -22 -38 -19 -10 -32 -20 -26 -14 -6 -13
right_child=2 5 7 9 6 12 33 28 29 13 -12 23 34 24 20 30 25 38 41 -21 35 22 -24 -25 42 -27 -28 -29 -30 -31 40 -33 -34 -35 -36 -37 37 -39 -40 -41 -42 -43 -44 -45 -46 -47
leaf_value=0.055129196214015339 0.059089800293800447 -0.026425475626466046 0.060093447766559241 -0.003867950818937795 0.025750653926696131 -0.013223344161541122 0.027273110715808565 0.056624992227591001 0.029532192151233129 -0.014669279794612002 0.031278400196445844 -0.028251818962629929 -0.012889485109879681 -0.013604993742540756 0.029879816965328366 0.024817767546629399 0.043228867137344362 0.049020278227929599 -0.0196092871160705 0.029789623256761887 0.0030721498236225124 0.036861896338437977 -0.0056761831139231899 -0.037541975807240162 -0.003168254353163038 0.049836031240994859 -0.022117742989800529 0.0066253730006696921 0.062436646191171043 0.0020410129286809642 0.009595603491748185 0.028235587788495196 0.0293309303590439 0.033860051006861659 -0.00081100298792423917 0.024066877841023942 0.04123204843439119 0.011481281253844346 0.035550427388356884 0.013379556819165585 0.018524499732644133 -0.0072525653995031032 0.0039453624257696522 -0.0042733615242357267 0.013044743880381297 -0.034665476113724468
leaf_weight=16711.035558611155 27957.33789537847 38042.176398143172 13803.279735609889 18647.220587521791 5019.1887230575085 25475.815419182181 33286.973209753633 67423.998253181577 4640.1904879361391 28933.599272668362 15860.064350366592 41946.750849962234 21671.53415633738 8021.0337228477001 6572.902847930789 21149.044505700469 61997.839303135872 16093.475581258535 8742.7664562910795 5261.679218262434 9442.8572951108217 2018.3239243626595 1457.5607720315456 48969.337579578161 25813.52656044066 60506.797568544745 33573.263379454613 31249.28152552247 67951.957526624203 4143.6476432830095 10613.598566710949 1759.5086047202349 1594.9204403162003 58912.689492672682 15889.242457717657 4260.4867714494467 1263.2720693051815 6457.9826490730047 5509.5483124256134 6360.2190665155649 50034.257940635085 8954.2014879137278 27220.213050752878 13923.645632997155 13372.291700690985 18856.502878054976
leaf_count=34147 56908 173214 28178 50512 12174 102448 88619 141542 12394 112783 41022 190211 85417 34342 12666 51870 145734 33103 30945 12898 25222 3609 3193 199034 91451 134736 144661 105017 135606 13192 33911 4434 3869 148086 62831 9476 413 21843 14115 18268 147528 26019 91361 49059 37443 88425
internal_value=0.017383 -0.0109589 0.0404623 0.0074598 0.028028 -0.0230077 0.0222137 0.0536908 0.0347415 -0.000421737 0.0478999 -0.0297236 -0.0129503 -0.00564619 0.00895781 0.0157096 0.0478743 0.0532144 -0.02228 0.0463958 0.0162433 -0.000263759 0.0190426 -0.0335017 -0.00136902 0.0464946 -0.0182823 0.010293 0.0595449 0.0152393 0.0189958 0.0507397 0.0528923 0.031484 -0.00683326 0.0120522 0.00906198 0.0163782 0.0455962 0.0202062 0.0169632 -0.0133622 0.000482764 -0.00952068 0.01652 -0.0302442
internal_weight=1.01737e+06 456625 560742 180580 289058 276045 223637 271684 40471.2 140109 65420.4 165512 110534 89988.4 50120.6 131438 136308 49560.4 55739.1 25327.1 27997.5 22123.1 3475.88 109773 61054.8 122505 59049.1 49640.8 135376 15144.1 81796.9 20065.5 18306 92199.7 51484.4 21424.6 17164.1 7721.25 21603 11000.4 60647.9 17697 53033.7 35595.2 18391.5 60803.3
internal_count=3063929 1708337 1355592 556073 769796 1152264 624648 585796 99202 456871 145148 707848 444416 329937 126934 387943 308648 104126 230178 55348 69620 57314 6802 477670 217154 280470 247109 154634 277148 43854 233309 42450 38016 236705 197307 56954 47478 22256 47218 30662 181439 56964 182812 134476 49617 278636
is_linear=0
shrinkage=0.035


Tree=13
num_leaves=47
num_cat=0
split_feature=75 17 75 74 17 17 95 75 3 17 17 106 3 17 17 17 17 75 74 107 10 18 17 17 17 107 123 107 3 75 17 17 17 81 3 72 75 68 89 75 6 5 21 109 17 17
split_gain=507631 129231 46522.5 28696.3 16610.2 13401 4881.74 4552.45 4094.38 3842.2 2877.74 2818.54 2780.72 2679.07 2381.22 2243.66 2088.54 1875.42 1727.9 1610.49 1467.57 1406.39 1230.49 950.436 885.814 858.753 813.057 755.745 706.221 705.144 694.858 692.065 619.139 604.112 637.312 594.485 588.636 587.275 570.269 568.841 547.69 495.62 483.094 1362.2 480.658 474.482
threshold=0.13722832500934604 0.31061333417892462 0.083658549934625639 0.12759966403245929 0.46720869839191442 0.56247621774673473 0.6610703468322755 0.054974218830466277 0.10022674873471261 1.0000000180025095e-35 0.56247621774673473 0.28218805789947515 0.10152332484722139 0.22396993637084964 0.65050083398818981 0.37446653842926031 0.42514967918396002 0.1970573961734772 0.26019456982612615 0.15093246847391131 0.2484906688332558 0.63123199343681347 0.65050083398818981 0.22396993637084964 0.22396993637084964 0.21467263996601108 0.37988489866256719 0.084011409431695952 0.09606433287262918 0.18283614516258243 0.58756005764007579 0.50316895544528972 0.42514967918396002 0.70000001788139354 0.10705336928367616 0.38401357829570776 0.24321253597736361 -0.045082749798893922 0.62093681097030651 0.10838478431105615 0.29573579132556921 1.0405325293540957 0.24964435398578647 0.03461775369942189 1.0000000180025095e-35 0.68507987260818493
decision_type=2 2 2 2 2 2 2 2 2 2 2 2 2 2 2 2 2 2 2 2 2 2 2 2 2 2 2 2 2 2 2 2 2 2 2 2 2 2 2 2 2 2 2 2 2 2
left_child=2 3 7 6 11 12 13 25 20 18 33 15 19 36 27 -3 21 -10 -5 -4 -8 39 -7 -23 35 -1 -22 -9 -13 -15 -29 38 -17 -6 -35 -19 44 -28 -21 -14 -31 -20 43 -18 -2 -16
right_child=1 4 5 9 10 22 8 14 17 -11 -12 28 16 29 45 32 42 24 41 31 26 23 -24 -25 -26 -27 37 30 -30 40 -32 -33 -34 34 -36 -37 -38 -39 -40 -41 -42 -43 -44 -45 -46 -47
leaf_value=0.058203211877065598 -0.02098378751182748 0.00025173916720489978 0.037174117264082783 -0.028257497670903509 0.018412897349096059 0.040142833640638753 0.039244009115431633 0.049822018175412201 0.0053339347172699329 -0.018928554278561865 0.038227185045591298 0.028778734913593246 0.02799215273719553 0.0021560542979887319 0.050989958024855578 0.0072821536523391293 0.05833954439087382 -0.010974356858190362 -0.032330193238640247 0.018292765423195776 -0.0037030826672779672 -0.017049012056066175 0.051827811102999305 0.0068419149939808292 0.0016967303662221748 0.048766411838124531 -0.0050453709111800277 0.03644705247352404 0.014832950783126382 -0.013021221584972875 0.045005710658915843 0.029814558025224674 0.014060002633024968 0.031202485035271961 0.022340511360495512 -0.027679285351585869 -0.019985287172640243 0.020284170565673859 0.048596799646561509 0.013032868428784537 -0.00494851546068081 -0.038954229016419123 0.025002952713916175 -0.0047280709448319089 -0.009521192054268204 0.0578139240057996
leaf_weight=139605.49511383474 6405.3225702047348 46031.681780844927 18013.951050832868 71292.056493774056 16893.86418235302 54588.974358797073 2551.0613968074322 20527.275206416845 13166.589172407985 35462.660296484828 24999.441055580974 8093.3137703537941 4826.7856435775757 8421.573341101408 29153.177153855562 37252.725712195039 528.55472441017628 27379.296908125281 23025.978577896953 17603.626521870494 3663.3549085110426 2504.3051851391792 13965.580026507378 10877.335099294782 6466.3630909174681 13177.553800165653 1338.1806006580591 18842.61437779665 9939.0600223839283 20450.411463320255 31359.152249827981 14735.872445687652 29697.667037785053 18104.04149377346 22322.812062308192 2883.6814182400703 46465.668227538466 6829.7125659584999 792.20092388987541 8832.0363728255033 20759.637292593718 35905.475265681744 28734.331534311175 1945.4067539721727 14984.838911637664 23058.385221868753
leaf_count=282673 27567 164635 42097 321129 47940 130005 4691 43972 32259 154980 60614 18654 11264 28696 63625 122762 215 83439 112885 44052 9610 10240 30479 34260 18812 29040 3597 42943 26657 75066 71422 37003 91775 46282 62437 8555 206238 15353 968 21078 86994 150902 80705 1494 56578 47287
internal_value=0.0168211 -0.00544778 0.0443474 -0.0186131 0.0159941 0.0303941 -0.00900931 0.0533518 -0.0012543 -0.0291482 0.0283143 0.00825203 0.0227883 -0.0132518 0.0483291 0.00620034 0.0175556 -0.00599712 -0.0319302 0.0287448 0.0151948 0.0104316 0.0425277 0.00236456 -0.0100595 0.0573913 0.0099913 0.0441311 0.0211001 -0.00707037 0.0417982 0.0241555 0.0102898 0.0239872 0.0263134 -0.0125716 -0.0177719 0.0161326 0.0196137 0.0183298 -0.00895611 -0.0363698 0.0237248 0.00885116 -0.012959 0.0540101
internal_weight=1.01446e+06 560786 453673 347452 213335 177949 181766 275724 64278.2 165686 82320.2 131014 109394 117487 122941 112982 58248.8 49895.9 130224 51145.7 14382.3 27040.5 68554.6 13381.6 36729.3 152783 11831.2 70729 18032.4 49631.6 50201.8 33131.7 66950.4 57320.7 40426.9 30263 67855.8 8167.89 18395.8 13658.8 41210 58931.5 31208.3 2473.96 21390.2 52211.6
internal_count=3063929 2039107 1024822 1397351 641756 443860 657455 580962 176316 739896 217273 424483 283376 481139 269249 379172 159256 143065 584916 124120 33251 76842 160484 44500 110806 311713 28560 158337 45311 190756 114365 82023 214537 156659 108719 91994 290383 18950 45020 32342 162060 263787 82414 1709 84145 110912
is_linear=0
shrinkage=0.035


Tree=14
num_leaves=47
num_cat=0
split_feature=75 74 75 75 18 18 3 75 75 3 20 74 106 3 3 18 74 73 75 18 7 3 81 3 48 7 107 107 26 20 64 107 64 107 10 105 36 75 105 20 106 107 7 105 22 113
split_gain=473445 114063 36089.5 18407.7 8841.23 6878.73 6735.01 4904.15 3781.88 2584.36 2102.13 1998.52 1911.27 1851.86 1511.68 1415.54 1332.58 1319.75 1299.18 1038.23 1025.46 1018.5 991.642 951.634 921.402 965.596 895.318 876.889 824.055 790.065 751.872 701.97 699.462 687.425 648.727 825.456 647.613 619.547 596.444 586.176 570.118 547.468 517.304 514.395 513.67 505.931
threshold=0.12949886918067935 0.10018917918205263 0.081154264509677901 0.25667251646518713 0.31061333417892462 0.53458327054977428 0.10436459630727769 0.10409953072667123 0.052438553422689445 0.09885068237781526 0.24964435398578647 0.14446236193180087 0.28513848781585699 0.10022674873471261 0.087924003601074233 1.0000000180025095e-35 0.10018917918205263 0.08283525332808496 0.17603845894336703 0.22396993637084964 -0.3762653768062591 0.10022674873471261 0.70000001788139354 0.10022674873471261 0.43366721272468572 -0.37151309847831721 0.50606158375740062 0.19596828520298007 0.50316895544528972 1.0000000180025095e-35 -0.96916618943214405 0.21467263996601108 -0.88094878196716297 0.63181239366531383 0.37376695871353155 -0.0055873068049550048 0.69183480739593517 0.18465555459260943 -0.0052647236734628669 0.14931328594684604 0.30562116205692297 0.60886108875274669 -0.21330691874027249 0.0032588936155661945 1.1745852231979372 0.037328321486711509
decision_type=2 2 2 2 2 2 2 2 2 2 2 2 2 2 2 2 2 2 2 2 2 2 2 2 2 2 2 2 2 2 2 2 2 2 2 2 2 2 2 2 2 2 2 2 2 2
left_child=2 3 8 6 15 9 17 21 31 12 18 29 -5 -9 26 -3 39 -2 32 -11 -21 45 41 27 25 -22 -7 -10 -13 42 -20 -1 -8 -16 -14 -36 37 -12 -24 -15 -27 -19 -6 -40 -32 -4
right_child=1 4 7 5 11 14 10 13 23 19 36 28 34 16 33 -17 -18 22 30 20 24 -23 38 -25 -26 40 -28 -29 -30 -31 44 -33 -34 -35 35 -37 -38 -39 43 -41 -42 -43 -44 -45 -46 -47
leaf_value=0.056771236774144564 0.034610165261870572 -0.036125469751198909 0.024298213168825113 -0.0045588472553262918 -0.023912833094835859 0.032788582946438341 0.015620362114792176 0.030686761927432839 0.051424338753353199 -0.018409218827610339 0.016773782127569567 -0.024397724594264685 0.027364275517639872 0.01687818285668187 0.010253672595065886 -0.027760634123806333 -0.010568154771663276 0.01653320695995774 0.008381937290279709 -0.01649424277042261 0.053074418034853008 0.031998113942989855 0.01601725906163308 0.040749822340036802 0.0044537149851938034 -0.010391376726454165 0.010584982674634218 0.044589506726970311 -0.013198120118135235 -0.0038749693375370814 6.137763941011732e-05 0.047470579389759807 0.0065063447551536296 -0.0024789912747224898 -0.012302939857356778 0.016716147820590114 0.020801976335533115 0.0070311533149015285 0.028033355568041471 0.025333178796131364 -0.00020351534912713693 0.0019863401663751897 -0.013599250551549981 0.019710170863427096 -0.041111330088498321 0.040649514760597118
leaf_weight=129996.88096858561 8787.8663101494312 52985.641749545932 2459.4355977922678 15500.799551069736 6989.036154538393 5205.1914002001286 19630.695722088218 37945.73319350183 66354.417813271284 14541.998635977507 17178.574719831347 48458.092412814498 3508.4800250530243 19376.510677784681 18655.078831911087 46891.544496536255 1672.1093916594982 17504.026632666588 18130.143008798361 13939.907015025616 309.59517139196396 31098.49417257309 11951.089791744947 20718.131671354175 8888.9157286733389 34077.253178015351 3898.5125544220209 35952.937357127666 9684.0307910293341 9141.5990118533373 35266.049308791757 11027.281492337584 21772.082837164402 7193.5167806893587 1686.0154928416014 4133.7186871320009 16332.191972538829 14988.305223330855 24804.772087976336 21030.904121935368 8386.4123257398605 3873.511702939868 40867.122433066368 14505.946842074394 369.13883873820305 53297.011393368244
leaf_count=264366 20899 230707 2104 58908 35816 14211 52906 91363 140128 48154 51897 221056 8192 47365 61238 212377 6671 48411 56354 63787 957 76097 32898 47552 34066 129508 12132 80873 45821 37990 114009 24294 61365 26138 4518 10580 49269 48192 62704 58958 23576 13193 167554 38802 263 125710
internal_value=0.0162874 -0.00435743 0.0440752 0.00755471 -0.0245796 -0.002414 0.0137515 0.0313323 0.0521278 -0.00689191 0.00919291 -0.0179676 0.00297373 0.0250772 0.0110332 -0.0322002 0.0200149 0.0217931 0.00616979 -0.00994843 -0.00807129 0.0370932 0.0202397 0.0476338 -0.00579672 -0.00792744 0.0232944 0.0490253 -0.022534 -0.0133075 0.00258053 0.0560461 0.0108295 0.00671015 0.0154865 0.00830361 0.0151234 0.0122366 0.0228818 0.0212821 -0.00837983 0.0138991 -0.0151085 0.0249657 -0.000371727 0.0399311
internal_weight=1.01097e+06 580037 430930 365020 215017 139925 225094 166880 264050 104973 143667 115140 24829 80025.3 34952.3 99877.2 42079.5 81427.2 95168.1 80144.1 65602.1 86854.9 72639.3 123025 51662.2 42773.3 9103.7 102307 58142.1 56997.8 53765.3 141024 41402.8 25848.6 9328.21 5819.73 48499.1 32166.9 51261.8 40407.4 42463.7 21377.5 47856.2 39310.7 35635.2 55756.4
internal_count=3063929 2098448 965481 1147127 951321 495965 651162 408268 557213 382246 434255 508237 82198 204357 113719 443084 112994 216907 284897 300048 251894 203911 196008 268553 188107 154041 26343 221001 266877 241360 170626 288660 114271 87376 23290 15098 149358 100089 134404 106323 153084 61604 203370 101506 114272 127814
is_linear=0
shrinkage=0.035


Tree=15
num_leaves=47
num_cat=0
split_feature=17 75 72 75 17 17 75 95 74 17 3 17 106 17 17 75 17 17 107 5 112 75 75 75 10 17 18 73 17 106 17 72 75 18 124 75 17 3 115 98 17 59 6 74 72 90
split_gain=442218 74164.2 69714.6 33480.6 17189.8 12802.9 6918.24 6267.28 3944.07 3343.63 3335.15 3107.94 2766.01 3072.11 2431.71 2283.05 2174.77 1579.42 1426.92 1244.83 1118.79 1099.96 1047.13 962.888 924.174 850.363 809.956 754.278 745.089 686.35 1124.05 639.854 631.584 597.385 551.305 532.638 524.552 494.827 491.099 481.647 464.69 448.096 442.325 436.986 431.932 412.627
threshold=0.37446653842926031 0.094273440539836897 0.11376354470849039 0.10698579624295236 0.53458327054977428 1.0000000180025095e-35 0.064153570681810393 0.63509106636047374 0.15027893334627154 0.22396993637084964 0.15593889355659488 0.63123199343681347 0.29641240835189825 0.46720869839191442 0.22396993637084964 0.073514819145202651 0.61035025119781505 0.70072525739669811 0.088557366281747832 1.10144579410553 0.50578063726425182 0.21408226341009143 0.19522410631179812 0.19167716801166537 0.2484906688332558 0.65050083398818981 0.65050083398818981 0.29982754588127142 0.22396993637084964 0.27231213450431829 0.58756005764007579 0.18383854627609256 0.21031963080167773 0.42514967918396002 0.078278522938489928 0.31506544351577764 0.68507987260818493 0.13716942816972735 0.62500000000000011 0.78749999403953563 0.50316895544528972 1.0000000180025095e-35 0.37287150323390966 0.37674115598201757 0.083012539893388762 0.22935617715120318
decision_type=2 2 2 2 2 2 2 2 2 2 2 2 2 2 2 2 2 2 2 2 2 2 2 2 2 2 2 2 2 2 2 2 2 2 2 2 2 2 2 2 2 2 2 2 2 2
left_child=2 6 3 15 12 8 17 9 20 -5 22 29 13 27 31 -1 42 18 -2 43 -4 -11 33 -12 -24 -20 -17 38 -25 30 40 -7 -22 44 -26 -16 -13 -14 -3 -15 -8 -36 -6 -10 -9 -39
right_child=1 4 5 7 16 14 11 10 19 21 23 36 37 39 35 26 -18 -19 25 -21 32 -23 24 28 34 -27 -28 -29 -30 -31 -32 -33 -34 -35 41 -37 -38 45 -40 -41 -42 -43 -44 -45 -46 -47
leaf_value=0.050908290423086505 0.055092974746986462 0.0062602741195975807 -0.023761365516433215 -0.015303923933643288 0.02877772631239963 -0.013014165624553684 0.018334706491531974 0.029823297092552964 -0.027273905591235648 0.0039068255198229469 0.0086241253521056431 0.046218112891019333 0.034470276211484345 0.016750350039898991 -0.0036528148502188722 0.033268173767815525 0.042892470798838941 0.057564721186430579 0.041723568837863996 -0.036387144031395424 -0.00025867343975623128 -0.0052998611304243479 0.02693632623025349 -0.0097387531238486251 0.016392734987376704 0.050105793237237295 0.0012430814743275976 0.0038977819970273911 0.0039643676609603584 0.042638888370150313 0.039775304315675684 -0.020700799742446648 -0.016382258349692692 0.014351538299960978 -0.004182761008547654 -0.011137903867606656 0.054391046124851065 0.013896443476301321 0.013693862098656584 0.022984067335734045 0.031232292586811219 0.011357195446920354 0.034570706894628572 -0.034618946103581169 0.010178432795304927 0.033216609097584358
leaf_weight=15073.990086197853 49639.75546066463 13341.715353995562 30027.419683933258 31132.956339910626 34900.18094818294 22459.775666624308 4287.4762941300869 8481.2547155767679 48099.262104228139 27826.761167854071 9746.4029297381639 39616.002946034074 10964.865990146995 23625.712370678782 27875.288547039032 11048.246021956205 29936.990441069007 61232.120846539736 22958.237196356058 47495.897448241711 4044.0459566563368 37061.393934473395 2874.4131198078394 13198.990675970912 3892.0151343792677 43479.118398547173 1061.3547439426184 15794.987664312124 7686.9922969192266 17431.371746584773 23391.953231185675 32609.078283429146 11277.157103076577 9358.8864923417568 6897.9099511355162 20014.546244099736 13088.011444479227 3391.0993102043867 59654.356425493956 43065.876992568374 17679.903888881207 3382.6549692451954 30714.856164082885 12656.556927636266 1646.6349414288998 2269.5392225533724
leaf_count=30595 101537 43315 137203 130690 83312 92804 11039 17052 233974 91117 22713 88060 23737 66051 102860 24508 68452 124843 51177 206835 11933 142882 6281 39375 9470 93312 3348 54025 22082 36228 54420 144661 37026 20320 18092 83349 27069 8549 175797 116001 43613 10310 79793 64714 4143 5262
internal_value=0.0157725 0.03648 -0.0101956 0.00585163 0.0231627 -0.0221028 0.048653 -0.000139538 -0.0285041 -0.00587608 0.00806111 0.0419803 0.0165527 0.0151006 -0.0125518 0.0418099 0.0350667 0.0529978 0.0505858 -0.032135 -0.0198336 -0.00135152 0.0152018 -0.000456253 0.00886084 0.0472134 0.030464 0.0108354 -0.00469527 0.0367103 0.0344265 -0.0175677 -0.0121288 0.020744 0.00518439 -0.00678224 0.0482538 0.0301223 0.0123359 0.0207776 0.0287211 0.000933204 0.0314925 -0.0288074 0.0266381 0.0216711
internal_weight=1.00739e+06 560464 446930 190371 267660 256559 292804 163187 153600 96021.1 67166.2 115495 172108 155483 102959 27183.6 95552 177309 116077 108252 45348.6 64888.2 36533.8 30632.4 17047 66437.4 12109.6 88791.1 20886 62790.7 45359.3 55068.9 15321.2 19486.8 14172.6 47889.8 52704 16625.5 72996.1 66691.6 21967.4 10280.6 65615 60755.8 10127.9 5660.64
internal_count=3063929 1355592 1708337 592978 724294 1115359 631298 534527 691685 364689 169838 260429 492737 455189 423674 58451 231557 370869 246026 505523 186162 233999 85668 84170 44153 144489 27856 273137 61457 145300 109072 237465 48959 41515 37872 186209 115129 37548 219112 182052 54652 28402 163105 298688 21195 13811
is_linear=0
shrinkage=0.035


Tree=16
num_leaves=47
num_cat=0
split_feature=75 17 75 72 17 17 17 95 17 17 107 3 106 17 3 72 17 17 107 10 75 17 109 95 7 26 90 106 75 17 17 17 60 17 75 75 140 75 107 22 2 95 5 104 48 109
split_gain=413537 117284 32014.6 24722 15061.2 9513.08 6369.3 5496.31 3823.19 3419.87 2979.65 2384.23 2369.24 2272.77 1756.17 1693.32 1425.51 1381.8 1369.33 1240.8 1209.36 1179.31 1045.59 1032.21 978.533 946.194 831.435 818.855 817.744 732.323 693.075 656.053 608.282 592.001 571.738 551.076 517.138 503.78 502.469 497.922 523.42 497.395 492.929 491.433 482.141 480.668
threshold=0.12799087166786197 0.31061333417892462 0.081154264509677901 0.14431113749742511 0.50316895544528972 0.56247621774673473 1.0000000180025095e-35 0.67173832654953014 0.68507987260818493 0.42514967918396002 0.081522457301616683 0.097519297152757659 0.28218805789947515 0.22396993637084964 0.10152332484722139 0.4072988629341126 0.58756005764007579 0.61035025119781505 0.15093246847391131 0.2484906688332558 0.17427375912666324 0.63123199343681347 0.34705872833728796 0.70347514748573314 -0.3762653768062591 1.0000000180025095e-35 0.012991313822567465 0.26566220819950109 0.051135212182998664 1.0000000180025095e-35 0.22396993637084964 0.22396993637084964 -0.14922878146171567 0.50316895544528972 0.2082929536700249 0.360479086637497 -0.3690666258335113 0.23436643183231357 0.14620486646890643 1.0415015220642092 -0.071514584124088273 0.55786138772964489 0.42082132399082189 0.024815196171402935 0.50335456430912029 0.71288844943046581
decision_type=2 2 2 2 2 2 2 2 2 2 2 2 2 2 2 2 2 2 2 2 2 2 2 2 2 2 2 2 2 2 2 2 2 2 2 2 2 2 2 2 2 2 2 2 2 2
left_child=2 3 8 7 9 14 15 13 10 12 28 19 24 29 18 23 -6 38 -4 -9 -13 -7 33 25 -3 -5 -21 -11 -1 -2 36 -22 -26 41 -15 -25 -8 -31 -12 40 -14 -16 -28 -33 -34 -24
right_child=1 4 5 6 16 21 30 11 -10 27 17 20 39 34 22 -17 -18 -19 -20 26 31 -23 45 35 32 -27 42 -29 -30 37 -32 43 44 -35 -36 -37 -38 -39 -40 -41 -42 -43 -44 -45 -46 -47
leaf_value=0.054890418511518033 -0.021582107717276151 -0.0080917682493933697 0.034435311908311401 -0.033800999113021993 0.025892253562544695 0.035439911041630495 0.062920346003142016 0.03694681290669205 0.054700471292007828 0.014323550536197297 0.041296496017405523 0.0090022709334347632 0.006245308184424034 0.0010311533728292654 0.011323368935947821 -0.035728790255698792 0.037303921408063469 0.044806986521919695 0.02199980914115723 0.025119560132152923 -0.0080199382769559104 0.04474911634694799 0.0041877106294969475 -0.014484186980223829 -0.0015445444282040784 -0.025543731368359451 -0.0083319963979507014 0.026365128449913521 0.04667319464677197 -0.0071903317437887072 -0.011156184003430899 0.0016526559049932616 0.0041905230399502114 0.025061683998622353 -0.0078341249378529858 -0.02551919605187155 -0.018960933911283367 -0.015911707888274201 0.031984586605668525 -0.03850499568118048 0.021731877607130058 0.020359214233917781 0.0098869534392428161 0.034492707857288342 0.011116263770544079 -0.033553242369556181
leaf_weight=40049.998014822602 18177.140098437667 8389.967177554965 17796.406882211566 30004.88696166873 48797.22047457099 43533.818708404899 88.962566941976547 2574.536099255085 96424.003351286054 56553.830308705568 12132.086219191551 9625.6617089807987 3395.9925550371408 13432.768331155181 14357.833777725697 38798.497129499912 18565.116266220808 70385.98236811161 27962.275664880872 3311.4376140683889 22644.102655276656 27305.133590012789 3273.9603346288204 10300.127631992102 16351.563540846109 39644.104512512684 2569.5937751531601 7891.8781618922949 24197.95130687952 12265.8141682446 22099.740980356932 5044.2835745960474 46446.804440736771 12713.183292001486 26452.760841652751 12101.785841852427 43130.808095514774 24080.100068926811 17657.785197481513 184.63582326471806 12696.785253793001 15624.021231636405 6189.7854499220848 621.87383879721165 16761.065870210528 466.99227072298527
leaf_count=81433 85726 34826 41106 151448 126156 103834 192 4497 200018 167963 26192 22948 9250 45461 43373 176578 43755 156284 67736 6956 66346 60845 9007 35299 57240 200923 6368 18446 51928 46367 90476 13773 149053 32806 104976 42112 190712 105367 41358 181 30912 35926 14999 1561 59151 2065
internal_value=0.0152857 -0.00393938 0.0415547 -0.0170015 0.0150508 0.0293859 -0.0251332 -0.00614844 0.0491596 0.00946292 0.0459082 0.00292004 0.00554343 -0.0111991 0.0219722 -0.0295894 0.0290405 0.0421264 0.0268403 0.014912 -0.00171093 0.0390318 0.0171721 -0.0269995 0.00327253 -0.0291037 0.0101956 0.0158006 0.0518003 -0.0158436 -0.0162043 -0.00535493 0.00447159 0.0187266 -0.00484852 -0.0204511 -0.0187835 -0.0129704 0.0357848 0.0178072 0.0184679 0.0160355 0.00453932 0.00529114 0.00602807 -0.000567434
internal_weight=1.00308e+06 579194 423881 343159 236035 163034 196169 146990 260848 168673 164424 52581.3 104227 94408.6 92194.7 130849 67362.3 100176 45758.7 14645.4 37935.9 70839 46436 92050.9 87949.4 69649 12070.8 64445.7 64247.9 54523.1 65319.5 28310.3 79559.4 42695 39885.5 22401.9 43219.8 36345.9 29789.9 16277.4 16092.8 29981.9 8759.38 5666.16 63207.9 3740.95
internal_count=3063929 2110018 953911 1413085 696933 396698 887740 525345 557213 527022 357195 137448 340613 387897 232019 606360 169911 223834 108842 32820 104628 164679 123177 429782 300270 352371 28323 186409 133361 237460 281380 81680 265444 112105 150437 77411 190904 151734 67550 40343 40162 79299 21367 15334 208204 11072
is_linear=0
shrinkage=0.035


Tree=17
num_leaves=47
num_cat=0
split_feature=75 17 75 74 17 17 95 17 3 17 107 17 17 95 75 75 17 74 17 10 17 17 3 6 3 7 89 95 17 95 1 14 72 7 129 17 7 123 17 17 75 129 95 5 140 5
split_gain=386923 109851 30981 25801.7 13985.7 8955.59 4858.27 3775.82 3513.01 3255.59 2915.93 2651.37 2595.77 1912.52 1801.48 1684.14 1660.72 1367.41 1330.81 1252.34 1135.72 979.046 924.284 854.553 820.152 772.008 750.238 745.522 707.915 849.139 646.277 645.614 636.151 599.334 560.485 553.352 527.831 522.285 513.057 510.754 505.609 505.28 503.382 501.507 485.533 482.728
threshold=0.12799087166786197 0.31061333417892462 0.081154264509677901 0.13692411035299304 0.46720869839191442 0.56247621774673473 0.6610703468322755 0.68507987260818493 0.10022674873471261 1.0000000180025095e-35 0.081522457301616683 0.56247621774673473 0.22396993637084964 0.6293596923351289 0.1970573961734772 0.10409953072667123 0.37446653842926031 0.27216647565364843 0.61035025119781505 0.2484906688332558 0.65050083398818981 1.0000000180025095e-35 0.09606433287262918 0.27852417528629309 0.10022674873471261 0.043115600943565376 0.66939041018486034 0.6118435561656953 0.50316895544528972 0.63228026032447826 0.13440169394016269 0.37446653842926031 0.17666920274496081 -0.3762653768062591 -0.25911834836006159 0.37446653842926031 -0.3762653768062591 0.44864121079444891 0.50316895544528972 0.50316895544528972 0.24321253597736361 -0.097352847456932054 0.73498785495758068 1.0873826742172243 0.079046681523323073 1.1562998890876772
decision_type=2 2 2 2 2 2 2 2 2 2 2 2 2 2 2 2 2 2 2 2 2 2 2 2 2 2 2 2 2 2 2 2 2 2 2 2 2 2 2 2 2 2 2 2 2 2
left_child=2 3 7 6 13 15 12 10 19 17 24 39 31 16 -10 27 36 43 41 -8 -7 42 34 32 -1 -14 37 38 29 35 -29 40 -16 -18 -15 -23 -3 -21 -4 -6 -2 -12 -17 -5 -24 -19
right_child=1 4 5 9 11 20 8 -9 14 -11 18 -13 25 22 23 21 33 45 -20 26 -22 28 44 -25 -26 -27 -28 30 -30 -31 -32 -33 -34 -35 -36 -37 -38 -39 -40 -41 -42 -43 -44 -45 -46 -47
leaf_value=0.051612976387152412 -0.013356398150073489 -0.010476564314825559 0.015031643331368688 -0.024619846594467969 0.017288829466995771 0.03530261562096923 0.03488688495204708 0.053353238562510286 0.0049796693235076607 -0.017607078995167447 0.037246345508682305 0.033368538342279465 -0.015362192169751505 0.037667203277530079 -0.0086322209728706255 -0.029330430609837494 -0.0029694396522845076 -0.031651778766840694 0.043473816229188514 -0.0021055985350888493 0.045943152249047152 0.0018210336887247002 0.014425861908506839 0.00047091011358524484 0.036866332378456976 -0.0042744504253973891 0.025138337492737771 0.033080565801477904 0.024566396781043373 0.022338188874785128 -0.0015292155120963035 -0.0088647169942133973 -0.019899561904745615 0.0098237779988197028 0.019245968257558175 0.014480813677256173 0.0016518080811458963 0.014140042557880815 0.026644650528818294 0.023534500916682528 -0.02008057543450242 0.026637293988451129 0.0061474230356642779 -0.031093876204356906 0.0003868079409006564 -0.038543190967007999
leaf_weight=58589.14220829308 20292.909125372767 4922.9595434367657 7815.7466349601746 39948.894477054477 28361.990418508649 54792.834297716618 2827.7396720945835 95416.608452513814 15532.37998521328 30651.0990408957 22313.585808560252 30253.410702511668 9407.6605499684811 2732.9926820248365 20239.677383005619 729.58387303352356 4816.1557664424181 28313.856627434492 70012.11199913919 5824.7966523617506 15969.049290135503 5590.6864632964134 10780.409410327673 8655.7945826649666 5097.0848019123077 42154.064769998193 2802.0670055598021 17958.744143649936 15034.275206118822 14028.431187227368 685.13812309503555 11441.683617398143 8820.8763927221298 64723.914575755596 7907.3180838376284 17410.082236051559 40618.78095112741 4143.8722490519285 11674.286958917975 37306.474354669452 42593.89680711925 7413.807190939784 1461.5696818977594 23434.554651930928 4192.2075981497765 22747.439323171973
leaf_count=121875 81188 21213 21509 196654 78734 129560 4967 200018 38343 139608 49591 72598 42350 5245 53525 3194 18553 148503 156284 14933 35119 18067 27860 37440 11486 156890 5949 38128 38112 29442 1441 51594 26334 202408 18817 48179 143037 9298 29897 97313 197949 17959 4050 108577 11155 98983
internal_value=0.0148192 -0.00382271 0.0402842 -0.0165717 0.0144875 0.0283372 -0.00824666 0.0478136 -0.000770951 -0.0277441 0.0445774 0.0247927 -0.0123347 0.00746096 -0.0050503 0.021158 0.00553517 -0.0304579 0.0408333 0.0138333 0.0377077 0.0171921 0.0161101 -0.00918122 0.0504365 -0.00629918 0.00915666 0.0267968 0.0181566 0.0155504 0.0318081 -0.0165206 -0.0120559 0.00893745 0.0239969 0.0114053 0.000339359 0.00465111 0.0219942 0.020839 -0.0179124 0.0346067 -0.00570942 -0.0270163 0.0104974 -0.0347262
internal_weight=998443 576450 421993 339833 236617 163150 194737 258842 68847.2 145096 163426 95921.9 125890 140695 53248.7 92388.5 115082 114445 99739.5 15598.5 70761.9 54254.6 25612.9 37716.3 63686.2 51561.7 12770.7 38133.9 52063.5 37029.2 18643.9 74328.5 29060.6 69540.1 10640.3 23000.8 45541.7 9968.67 19490 65668.5 62886.8 29727.4 2191.15 63383.4 14972.6 51061.3
internal_count=3063929 2110018 953911 1413085 696933 396698 720760 557213 190789 692325 357195 248645 529971 448288 155642 232019 385211 552717 223834 35147 164679 141044 63077 117299 133361 199240 30180 90975 133800 95688 39569 330731 79859 220961 24062 66246 164250 24231 51406 176047 279137 67550 7244 305231 39015 247486
is_linear=0
shrinkage=0.035


Tree=18
num_leaves=47
num_cat=0
split_feature=75 21 75 75 75 22 18 18 75 73 21 16 21 16 75 106 75 95 21 18 106 16 22 95 7 48 16 6 1 107 73 21 71 107 93 112 1 73 98 75 75 26 107 79 129 22
split_gain=362378 72748.2 30028.9 16280.2 12448.8 5328.18 5122.78 4993.52 3764.65 3699.82 3644.03 2774.93 2450.41 1654.21 1651.29 1627.7 1595.74 1585.6 1502.95 1465.55 1228.01 1194.28 947.059 916.358 909.352 1023.9 840.489 811.395 769.862 769.029 745.878 710.471 695.009 694.45 687.795 669.783 655.513 634.523 627.754 606.049 582.402 576.575 524.245 519.022 492.368 604.603
threshold=0.12799087166786197 0.20707555115222934 0.081154264509677901 0.31506544351577764 0.23436643183231357 0.3354459702968598 0.53458327054977428 1.0000000180025095e-35 0.052438553422689445 0.18294618278741839 0.37498413026332861 0.31061333417892462 1.0000000180025095e-35 0.31061333417892462 0.17603845894336703 0.29130500555038458 0.10122857987880708 0.77997007966041576 1.0000000180025095e-35 0.63123199343681347 0.26693560183048254 0.31061333417892462 1.2091473340988161 0.65078115463256847 0.12795946747064593 0.39170669019222265 0.53458327054977428 0.34527637064456945 -0.11085754632949828 0.21193027496337893 0.11341876164078714 0.24964435398578647 -0.10023901984095572 0.21467263996601108 -0.22068113833665845 0.58347263932228099 0.18031652271747592 0.10056206211447717 0.82500007748603832 0.10985129699110986 0.34545552730560308 0.46720869839191442 0.4647457897663117 0.14931328594684604 -0.2538513839244842 0.20707555115222934
decision_type=2 2 2 2 2 2 2 2 2 2 2 2 2 2 2 2 2 2 2 2 2 2 2 2 2 2 2 2 2 2 2 2 2 2 2 2 2 2 2 2 2 2 2 2 2 2
left_child=2 3 8 5 11 9 15 35 33 -2 19 14 23 30 37 21 -12 18 41 36 -11 24 -16 -7 -6 -26 -13 40 34 32 -8 44 -10 -1 -22 -5 39 -3 -32 -4 -17 -9 -15 -30 -21 -46
right_child=1 4 10 7 6 12 13 17 29 20 16 26 -14 42 22 27 -18 -19 -20 31 28 -23 -24 -25 25 -27 -28 -29 43 -31 38 -33 -34 -35 -36 -37 -38 -39 -40 -41 -42 -43 -44 -45 45 -47
leaf_value=0.051286572803584229 0.013407287391131565 0.025108702554033104 0.029995137116400734 -0.035891866289377961 -0.016035487688646186 -0.022635276866142213 0.029915628045352506 -0.02617821113018589 0.03506420696114821 -0.014808824603338046 0.034080569091669816 0.019484352249719887 -0.0056725368877514068 0.029304820082101578 0.0073862556648345507 0.0085983586904511498 0.026150264379423437 -0.0070872254997026742 -0.01532560220647968 -0.026853225049108156 0.0091715718802980895 0.0059171371648615847 -0.033730626434996941 -0.0092391625193995845 -0.0089918433308379172 0.0041162371170756305 0.034905965168138355 0.021462601781143141 0.0073184085030111338 0.037977935029599431 0.00050824049633041771 0.016118899236328924 0.045167705666848822 0.041949558266214555 -0.018057706017302985 -0.026506753751505373 -0.0098774660300103949 0.013851666965175981 0.0099028991302254673 0.017751084404159942 -0.0067790231115386129 -0.01575188150853276 0.014283749452159031 -0.0096202325564352029 0.01892306912029891 -0.0037207728302183171
leaf_weight=125139.12482878566 19145.130911976099 6877.2261543720961 12418.476618021727 38502.489533007145 16537.929872751236 29030.326160028577 1442.2514839470387 52063.999174773693 9582.0187157839537 12145.935127303004 64373.707096472383 46155.790997922421 25672.437526538968 4719.7203030437231 56697.038038998842 6233.8378212749958 60451.093355327845 10237.35395874083 30650.101750865579 669.55767060816288 1519.2747822999954 7357.1842742413282 688.74091780185699 7991.1179549247026 38441.700799629092 9005.9224328398705 4786.5780152529478 3009.1250408142805 10968.493577808142 39083.994751289487 21609.669131472707 10079.655198633671 72015.85019351542 10796.328945636749 4462.3442238718271 12427.402958020568 674.66857279837132 57437.880883544683 14596.446989819407 8306.1344996839762 5835.6122065186501 7467.3824845701456 7229.6132046878338 2770.7567866891623 2278.9681858420372 3921.5322728604078
leaf_count=264366 21843 18186 24437 189909 77153 144259 3912 260074 21984 35444 154098 130700 105224 12364 188646 17564 156425 28116 141817 688 4158 24319 411 30877 148535 35790 10851 9950 21594 89944 79234 30272 156625 24294 11093 44555 1112 176709 47365 17045 19184 39085 20403 10694 682 11939
internal_value=0.0143719 -0.00370946 0.039083 -0.0171587 0.00783978 -0.00715052 -7.91027e-05 -0.0246771 0.0465479 0.00124866 0.0273419 0.0140786 -0.0139843 0.00888625 0.0112066 -0.00522473 0.0302415 -0.0201471 -0.0216289 0.0179 -0.00605695 -0.00743297 0.00688915 -0.0197459 -0.00896853 -0.00650344 0.0209375 0.00522152 -0.000663428 0.042041 0.0052832 0.0102057 0.043984 0.050547 -0.011138 -0.0336054 0.0239894 0.0150577 0.00429694 0.0250949 0.00116295 -0.0248722 0.0202292 0.00389909 0.0015222 0.00461072
internal_weight=993508 573717 419791 265055 308662 113706 136019 151349 256617 51011.9 163174 172643 62693.9 49597.7 121701 86421.3 124825 100419 90181.5 38349 31866.8 71342.7 57385.8 37021.4 63985.6 47447.6 50942.4 15078.6 19720.9 120682 37648.4 16949.7 81597.9 135935 5981.62 50929.9 21399.3 64315.1 36206.1 20724.6 12069.5 59531.4 11949.3 13739.3 6870.06 6200.5
internal_count=3063929 2110018 953911 1088742 1021276 385186 495773 703556 557213 104826 396698 525503 280360 163278 383952 332495 310523 469092 440976 86175 82983 285797 189057 175136 261478 184325 141551 46698 47539 268553 130511 43581 178609 288660 15251 234464 42594 194895 126599 41482 36748 299159 32767 32288 13309 12621
is_linear=0
shrinkage=0.035


Tree=19
num_leaves=47
num_cat=0
split_feature=73 17 73 74 17 17 107 17 95 17 17 3 17 17 95 17 107 17 5 106 17 72 10 36 17 3 17 7 107 14 109 96 17 18 18 3 129 17 96 48 104 7 95 74 10 48
split_gain=339920 91347.9 30952.5 22131.8 12606.3 10419.1 6796 4327.56 3969.19 3084.73 2595.2 2439.55 2293.07 2012 1915.98 2053.71 1868.16 1593.67 1377.41 1368.24 1366.35 1189.76 1143.51 876.134 809.258 759.705 680.569 642.246 639.811 618.531 566.459 540.599 537.313 537.929 511.342 470.026 452.135 655.261 500.367 450.093 446.336 446.092 441.206 437.582 434.016 432.34
threshold=0.13043279200792315 0.31061333417892462 0.08283525332808496 0.13692411035299304 0.50316895544528972 0.53458327054977428 0.19105932116508487 0.58756005764007579 0.6610703468322755 1.0000000180025095e-35 0.42514967918396002 0.11455136910080911 0.68507987260818493 0.22396993637084964 0.61752587556839 0.37446653842926031 0.054931467399001128 0.61035025119781505 1.10144579410553 0.29130500555038458 0.61035025119781505 0.17666920274496081 0.37376695871353155 0.65692242980003368 0.65050083398818981 0.10436459630727769 0.22396993637084964 0.093012247234582915 0.22762680798769 0.37446653842926031 0.62352082133293163 0.48893818259239202 0.56247621774673473 0.65050083398818981 0.22396993637084964 0.093183934688568129 -0.19744588434696195 0.53458327054977428 1.0000000180025095e-35 0.3354459702968598 0.024815196171402935 0.23893519490957263 0.67922097444534313 0.27216647565364843 0.40253517031669622 0.39170669019222265
decision_type=2 2 2 2 2 2 2 2 2 2 2 2 2 2 2 2 2 2 2 2 2 2 2 2 2 2 2 2 2 2 2 2 2 2 2 2 2 2 2 2 2 2 2 2 2 2
left_child=2 3 6 8 10 14 12 36 13 18 19 22 16 29 15 30 35 -7 34 23 -6 26 -10 -3 -9 -16 41 -15 -24 39 -4 -21 33 -18 -5 -1 -8 38 -38 -2 -28 44 -36 -20 -13 -29
right_child=1 4 5 9 20 17 7 24 11 -11 -12 21 -14 27 25 -17 32 -19 43 31 -22 -23 28 -25 -26 -27 40 45 -30 -31 -32 -33 -34 -35 42 -37 37 -39 -40 -41 -42 -43 -44 -45 -46 -47
leaf_value=0.050104581513573172 -0.019047295843686793 4.9284357175776515e-05 0.0016077430345127976 -0.029447472664958688 0.023257515815013643 0.02896573039243661 0.032792028289658708 0.036204972209533927 0.024260671387814729 -0.016884610769812396 0.013280541717515811 -0.016051931902284971 0.051438145953019702 -0.014312458426627032 0.027203349319990838 0.015856121361339057 0.038184504865763406 0.039344578323982755 -0.0303353434380941 0.016233092198662296 0.035865457226003067 -0.015185924367410241 0.0094720588250255377 0.0082036744932204586 0.044461436466115105 0.016768602801014613 0.0042203046072586542 -0.0069549559056742384 -0.0093295304002453359 -0.0082942681906149254 -0.029933013606254041 -0.028092180532737585 0.042421256137907551 0.023750781557022857 -0.024497436490587984 0.035841588536815176 -0.0230300229664307 0.026721138156435335 0.015828890409203062 -0.012073740481790827 0.033378696406190296 0.00046791288763350203 -0.011110648103988763 -0.037174951899239229 -0.0044522127726162944 0.0012495773164593101
leaf_weight=44742.603829920292 45372.212458327413 60127.855681926012 12281.287880435586 30343.833714872599 52154.318798929453 37188.831174567342 4682.672147795558 29392.686375007033 5031.5704201161861 30200.904582217336 57543.264066711068 5824.0842724889517 83805.889432370663 10599.722458064556 18951.690554916859 39335.130947545171 20247.999638438225 35606.87391833961 21283.80312487483 11538.226066738367 13230.713671058416 11435.701125457883 7702.8082552999258 22058.631583198905 29378.902609214187 15662.835962876678 7185.7851865887642 27108.526594698429 3106.4765070676804 11070.945481210947 733.50230513513088 341.78003560006618 45836.011842757463 3798.9348982274532 29901.722319737077 3101.7081565409899 418.98093330860138 10630.194367349148 9370.516432762146 15184.884091585875 700.80834475159645 12213.178060054779 3373.1870978921652 25578.786256551743 12295.069211557508 11079.404139310122
leaf_count=94787 199905 204335 41032 160077 132960 91062 9616 68270 10510 139608 165522 15922 179307 47946 39592 108968 41957 81252 101506 28922 30722 38518 18803 77614 65430 36288 18611 98615 8444 50481 3183 373 102445 9376 159678 7140 123 25923 25377 74000 1741 37500 11657 119799 34416 44616
internal_value=0.0139361 -0.00463503 0.0366129 -0.01633 0.0129667 0.0242758 0.043518 0.0351394 -0.00840377 -0.0268036 0.00742605 -0.00146912 0.0470038 -0.0121753 0.0160962 0.0118691 0.0438446 0.0340453 -0.0295139 0.00384397 0.0258119 -0.00528454 0.0104876 0.00223845 0.0403365 0.0224857 -0.00231975 -0.0066919 0.00406569 -0.0159091 -0.000182169 0.0149436 0.0401845 0.0359111 -0.0261526 0.0491847 0.0229646 0.0207016 0.0141518 -0.0173002 0.00683585 -0.00470143 -0.0231429 -0.034073 -0.0081853 -0.00457454
internal_weight=988755 543588 445167 326593 216995 159760 285407 83874 185911 140682 151610 65495.5 201533 120416 86964.4 52349.9 117727 72795.7 110481 94066.5 65385 49654.6 15840.9 82186.5 58771.6 34614.5 38218.9 48787.7 10809.3 71628 13014.8 11880 69882.9 24046.9 63618.7 47844.3 25102.4 20419.7 9789.5 60557.1 7886.59 30332.3 33274.9 46862.6 18119.2 38187.9
internal_count=3063929 2032801 1031128 1392353 640448 401377 629751 194739 700028 692325 476766 184465 435012 515563 229063 153183 255705 172314 552717 311244 163682 146708 37757 281949 133700 75880 108190 191177 27247 324386 44215 29295 153778 51333 331412 101927 61039 51423 25500 273905 20352 87838 171335 221305 50338 143231
is_linear=0
shrinkage=0.035


Tree=20
num_leaves=47
num_cat=0
split_feature=75 72 75 21 75 18 72 75 75 18 21 3 21 3 107 21 95 18 3 16 96 3 16 7 6 107 106 16 48 18 107 7 109 98 75 16 112 3 3 113 107 25 21 3 89 6
split_gain=318940 79260.2 27229.7 16919.5 8788.07 4344.87 3700.53 3557.96 3219.13 2892.79 2701.66 1914.03 1834.27 1681.19 1659.19 1187.23 1150.22 1143.76 982.552 954.14 869.856 840.216 820.941 786.977 784.636 776.526 712.759 685.426 677.479 669.082 646.834 641.437 626.636 606.187 603.52 603.095 601.654 568.358 556.411 485.343 511.922 467.431 456.982 451.829 448.104 444.185
threshold=0.12646105140447619 0.11376354470849039 0.078607156872749342 1.0000000180025095e-35 0.21805629134178164 0.58756005764007579 0.19764687120914462 0.10409953072667123 0.051135212182998664 0.53458327054977428 0.44559229910373693 0.097519297152757659 0.35638883709907537 0.097519297152757659 0.36243815720081335 0.40690016746521002 0.5800609588623048 1.0000000180025095e-35 0.10022674873471261 0.22396993637084964 0.18322209268808368 0.10022674873471261 0.22396993637084964 -0.3762653768062591 0.27852417528629309 0.18073499947786334 0.18883662670850757 0.50316895544528972 0.43366721272468572 0.42514967918396002 0.21467263996601108 -0.37151309847831721 0.62352082133293163 0.87499997019767772 0.21031963080167773 0.37446653842926031 0.5179266929626466 1.0000000180025095e-35 0.10022674873471261 0.037328321486711509 0.41025693714618688 0.22396993637084964 0.24964435398578647 0.09606433287262918 0.66939041018486034 -0.17736332118511197
decision_type=2 2 2 2 2 2 2 2 2 2 2 2 2 2 2 2 2 2 2 2 2 2 2 2 2 2 2 2 2 2 2 2 2 2 2 2 2 2 2 2 2 2 2 2 2 2
left_child=2 4 8 6 10 11 16 18 30 24 13 14 32 26 37 -7 -3 36 39 23 42 25 -11 -13 45 -10 -2 38 31 -16 -1 -25 -9 -31 -18 -17 -8 -6 -12 -4 -41 -19 -15 -14 -28 -5
right_child=1 3 7 9 5 15 17 12 21 22 27 19 43 20 29 35 34 41 -20 -21 -22 -23 -24 28 -26 -27 44 -29 -30 33 -32 -33 -34 -35 -36 -37 -38 -39 -40 40 -42 -43 -44 -45 -46 -47
leaf_value=0.049190274545326429 0.010623474539909259 -0.022111927262706006 0.018624930809809793 0.0057041967174419521 0.0032119133146378842 0.0057359148472331924 -0.035325192158124845 0.012386901052478368 0.044150960221967579 -0.0036191679076979068 0.021495731652112295 -0.014889891492512219 0.027236416109216833 0.005970277950045841 -0.010185288074928304 0.016505573225584914 -0.0035287790395550477 -0.026375082507584961 0.02586966291486854 0.0040331260838130595 0.0007725625405276944 0.033409713747881917 0.0063778367187820647 0.03979987229848013 -0.0076498478980909796 0.037611303698102422 0.019245885930459804 0.030411088157513939 0.0044450549748485894 -0.00084312056967722699 0.039677920431647709 -0.0064839791914461063 -0.027638251106730429 0.014820917844068889 -0.015533531976653813 0.031382321159349545 -0.026870409237702904 0.018157081170198455 0.015181982682706019 0.034914658898694433 0.023483197322606283 -0.015343485951555205 0.013584793814617135 0.020678491611486802 0.038524381235433683 -0.016343432398656592
leaf_weight=117683.29773488641 14700.277074441314 29035.247935593128 2682.4030291736126 1154.0992491692305 4241.8939497321844 10651.933452546597 33973.27092333138 19532.722510367632 59254.215898528695 37504.056109979749 31847.98126667738 10018.826901569963 25346.464989155531 19778.802355274558 6340.9288616478443 11812.050491988659 7539.4822172820568 45548.297584742308 33950.661446332932 14608.777628704906 20487.265576198697 18122.321496024728 13745.380833134055 364.18646021187305 26630.379073962569 36273.636286079884 17262.644941240549 6033.8174619376659 9180.0953720659018 11441.068129897118 9647.9811231940985 40758.362340822816 485.59318383038044 4108.2673773318529 16089.232452243567 4672.0720573216677 14998.597231537104 11796.897014200687 37173.629363894463 55294.854190051556 5317.6853606104851 5284.7277982831001 18899.607976049185 26504.52837395668 1618.7167013436556 33995.994681820273
leaf_count=254822 45073 145704 2385 5118 10913 36463 178724 43872 130448 149061 84063 46985 63325 39857 25439 34376 20111 229374 82518 48008 73301 42188 46442 1108 124647 83347 36666 14004 34994 41322 22045 139728 2191 12540 59134 11197 58937 30523 106481 129891 13480 28025 57840 71494 2923 142842
internal_value=0.0135224 -0.00333584 0.0370892 -0.0173479 0.00875067 0.00227567 -0.0249552 0.0263216 0.0446448 -0.00708542 0.0141523 -0.00074795 0.0204125 0.010156 0.00565785 0.0148487 -0.0174448 -0.0289168 0.0306871 -0.00399082 0.0066045 0.040355 -0.000937313 -0.00593443 -0.0121848 0.0416703 0.0164105 0.0190894 -0.00414902 -0.000608293 0.0484715 -0.00606812 0.0114076 0.00329901 -0.0117053 0.0207325 -0.0327395 0.0142077 0.018097 0.0332683 0.0339143 -0.0252303 0.00969275 0.0238872 0.0209108 -0.0156184
internal_weight=983393 573297 410096 265499 307798 139995 152469 169115 240981 113030 167803 112859 71869.3 92747.3 37929.1 27136.1 52664 99804.9 97245.6 74930.2 59165.7 113650 51249.4 60321.5 61780.5 95527.9 33581.6 75055.4 50302.6 21890.3 127331 41122.5 20018.3 15549.3 23628.7 16484.1 48971.9 16038.8 69021.6 63294.9 60612.5 50833 38678.4 51851 18881.4 35150.1
internal_count=3063929 2121923 942006 1188119 933804 473596 720009 409156 532850 468110 460208 391560 180882 255660 120737 82036 224949 495060 228274 270823 170998 255983 195503 222815 272607 213795 84662 204548 175830 79301 276867 140836 46063 53862 79245 45573 237661 41436 190544 145756 143371 257399 97697 134819 39589 147960
is_linear=0
shrinkage=0.035


Tree=21
num_leaves=47
num_cat=0
split_feature=75 74 75 75 18 3 18 75 75 21 16 21 3 107 72 98 90 74 112 74 21 21 18 18 7 48 7 5 72 109 129 107 26 129 96 107 3 18 3 106 21 26 21 21 107 72
split_gain=299372 79619.7 26572 12320.4 7056.24 4815.63 4504.68 3393.79 3218.82 2939.76 2538.56 1877.25 1849.93 1441.12 1393.01 1225.31 1139.25 945.088 912.49 901.869 880.169 839.714 830.466 827.983 783.023 727.219 763.277 706.611 694.697 671.026 658.069 652.07 612.207 564.525 564.212 550.366 529.206 496.662 491.67 483.25 488.23 465.363 449.865 437.923 436.702 425.194
threshold=0.12646105140447619 0.10411371290683748 0.078607156872749342 0.25667251646518713 0.22396993637084964 0.10022674873471261 0.53458327054977428 0.10122857987880708 0.051135212182998664 1.0000000180025095e-35 0.31061333417892462 0.35638883709907537 0.14973901212215426 0.51029953360557567 0.11085985600948335 0.82500007748603832 0.033018445596098907 0.0038815597072243695 0.52076023817062389 0.01105058239772916 0.46715016663074499 0.43366722762584692 0.22396993637084964 0.53458327054977428 -0.3762653768062591 0.50335456430912029 -0.37151309847831721 1.1766744852066042 0.086287036538124098 0.62352082133293163 -0.27125689387321467 0.12500649690628055 0.22396993637084964 -0.27125689387321467 0.1840135455131531 0.63181239366531383 0.10022674873471261 0.58756005764007579 0.091897182166576399 0.2997309416532517 0.2834331095218659 0.50316895544528972 0.24964435398578647 0.3354459702968598 0.14620486646890643 1.0000000180025095e-35
decision_type=2 2 2 2 2 2 2 2 2 2 2 2 2 2 2 2 2 2 2 2 2 2 2 2 2 2 2 2 2 2 2 2 2 2 2 2 2 2 2 2 2 2 2 2 2 2
left_child=2 3 8 5 27 16 12 17 31 18 14 29 13 30 21 35 -2 -4 32 -10 33 34 -14 41 -24 26 -26 -3 -17 37 -5 -1 -6 -18 -7 43 -19 -9 -13 40 -28 -11 -35 -8 -21 -32
right_child=1 4 7 6 9 10 15 11 19 23 -12 38 22 -15 -16 28 20 36 -20 44 -22 -23 24 -25 25 -27 39 -29 -30 -31 45 -33 -34 42 -36 -37 -38 -39 -40 -41 -42 -43 -44 -45 -46 -47
leaf_value=0.048987345199081114 0.025414189702497411 -0.027928203388139877 0.022955718398797762 0.020179710444036627 -0.02515074775390673 0.0072589505244790176 -0.0017659519702473581 0.018395269009548323 0.035042276006337782 -0.016476396503610456 0.015900586865645255 0.0269232422733694 -0.016545205826605819 -0.0082447038662355407 -0.00099218245664437952 0.020582706618548129 0.024598840676961196 0.034226122174230461 -0.010724333484104516 0.044203988380806962 0.019920919576027516 0.011799563398227285 -0.01462303196665286 -0.0043989377543910005 0.048088581618891575 0.0061189148822950751 -0.013780098439147334 -0.035268536564734269 0.0051287883496186053 -0.027509482979654942 -0.0053705925955032053 0.043279159136470062 -0.018218946270094565 0.003727669113914913 -6.1888982276384663e-05 -0.0054701810580843674 0.027706564144836417 0.0076880395536323611 0.020546106360379998 0.00049024792785126985 -0.0052233295874288942 -0.0056198262799305411 0.012878597990737258 0.011689121975472871 0.038709244692588352 0.0078112620787000658
leaf_weight=91267.430354624987 17887.892675593495 42005.904747411609 17541.264534339309 3931.9340617954731 39915.058864310384 36612.415611550212 4622.4467837661505 9658.5990757197142 40177.011623710394 19949.71036362648 32371.087361320853 27873.889972791076 13833.962553754449 11581.04691503942 35245.342769131064 11021.209517732263 3778.2758079022169 46507.465514630079 9335.3258416354656 38221.4435043782 29718.651161849499 31689.30849802494 13138.21317216754 20029.959391251206 303.82501974701881 6279.6027276366949 14448.214528635144 26309.756255045533 5274.2934803068638 520.25063517689705 4180.7641226053238 34338.990796685219 25813.152128145099 9164.1689372360706 19902.838963478804 6772.2131486535072 23039.381036311388 11813.652959272265 32006.599621787667 8315.8045114427805 18823.572763696313 6398.4565142989159 23424.45490257442 8236.959574624896 34322.53026394546 10549.576372608542
leaf_count=199334 40382 223739 40836 9160 198927 94424 17493 19564 92387 94331 91923 69241 48727 47202 117396 30440 6837 107350 34093 84670 78898 92581 62979 84305 914 24253 60997 120226 17894 2310 13078 77533 137749 22004 71866 25718 55922 28310 85623 24142 70202 29791 70420 25399 78926 33433
internal_value=0.01312 -0.00323522 0.0360435 0.00598809 -0.0217589 0.0108189 -0.00220935 0.0254243 0.0435711 -0.0166952 0.00717725 0.0203049 -0.00585796 0.00145103 0.00488908 0.00849224 0.0175753 0.0302352 -0.0209757 0.0392697 0.0154512 0.00723915 -0.00879965 -0.00976508 -0.00705034 -0.00498321 -0.00664829 -0.0307581 0.0155851 0.0115542 0.007469 0.047429 -0.0224305 0.0117956 0.0046809 0.00260132 0.032069 0.0125085 0.0235172 -0.00705527 -0.00894117 -0.0138422 0.0103067 0.00685331 0.0416078 0.00406873
internal_weight=978154 570865 407289 381108 189757 239794 141314 168961 238327 121442 155821 81873 105387 30243.3 123450 35927.1 83973.4 87088.1 75063.5 112721 66085.6 88204.6 75143.2 46378.1 61309.2 48171 41891.4 68315.7 16295.5 21992.5 18662.3 125606 65728.2 36366.9 56515.3 19631.6 69546.8 21472.3 59880.5 41587.6 33271.8 26348.2 32588.6 12859.4 72544 14730.3
internal_count=3063929 2121923 942006 1198762 923161 686731 512031 409156 532850 579196 468190 205048 395087 102873 376267 116944 218541 204108 370769 255983 178159 258871 292214 208427 243487 180508 156255 343965 48334 50184 55671 276867 336676 99261 166290 68610 163272 47874 154864 155341 131199 124122 92424 42892 163596 46511
is_linear=0
shrinkage=0.035


Tree=22
num_leaves=47
num_cat=0
split_feature=73 74 73 18 18 107 21 73 21 21 72 3 107 7 3 74 18 16 73 73 18 107 3 22 112 96 18 36 21 107 107 72 7 48 26 98 21 72 7 48 21 16 96 73 64 59
split_gain=281242 68027.5 28336 10301.2 6831.72 6184.05 4636.32 4343.87 3809.27 2787.94 1754.61 1700.81 1423.62 1408.86 1355.18 1340.42 1173.81 1068.56 1027.4 950.825 925.204 894.043 997.363 883.304 822.854 797.023 776.002 706.52 668.26 667.245 656.227 647.122 639.57 710.822 590.262 566.997 520.375 514.533 507.999 641.079 494.569 485.79 483.615 479.034 465.48 438.752
threshold=0.13043279200792315 0.10411371290683748 0.080300413072109236 0.56247621774673473 0.22396993637084964 0.19596828520298007 0.37498413026332861 0.24623798578977588 0.42082133889198309 1.0000000180025095e-35 0.089598871767520918 0.10022674873471261 0.41305415332317358 -0.3762653768062591 0.13535173982381823 0.1014593504369259 0.66838845610618602 0.46720869839191442 0.05610011704266072 0.099068373441696181 0.22396993637084964 0.39265324175357824 0.1407381817698479 0.51129707694053661 0.52076023817062389 0.14687302708625796 0.42514967918396002 0.53307747840881359 0.20707555115222934 0.45839653909206396 0.24730321019887927 0.52142679691314708 -0.35478727519512171 0.50335456430912029 0.22396993637084964 0.76250013709068309 0.39964921772480017 0.0029276463901624088 -0.066759269684553132 0.40690015256404882 0.24964435398578647 0.31061333417892462 0.21485933661460879 0.097711116075515761 -0.97062841057777394 0.31061333417892462
decision_type=2 2 2 2 2 2 2 2 2 2 2 2 2 2 2 2 2 2 2 2 2 2 2 2 2 2 2 2 2 2 2 2 2 2 2 2 2 2 2 2 2 2 2 2 2 2
left_child=2 3 5 7 31 11 25 21 15 24 17 18 19 -9 30 23 -7 29 45 -10 -16 22 -2 43 34 28 -11 -23 -5 -8 -15 -3 -22 41 -6 -30 -18 -20 -28 -40 -27 -34 -21 -4 -24 -1
right_child=1 4 8 6 9 16 10 13 12 26 -12 -13 -14 14 20 -17 36 -19 37 42 32 27 44 -25 -26 40 38 -29 35 -31 -32 -33 33 -35 -36 -37 -38 -39 39 -41 -42 -43 -44 -45 -46 -47
leaf_value=0.044056706306035663 0.014723381325092598 -0.028068284777974701 0.025005442649872867 0.0014072944582337538 -0.02464937164759462 0.023999288353572162 0.019197325172806538 -0.013417643465781979 0.031586016189689682 -0.016443993568792059 0.0081187817984511041 0.031267971102146679 0.017734235560610212 0.014037706702310951 -0.014288238833187526 -0.011581728370500099 0.019844344596438052 0.027145039251384531 0.029269328228776155 0.028124115297043312 0.024691494497893679 -0.0045311705155299661 0.010146687313982539 0.010283421995132642 -0.010712549608890764 -0.0066754715382277875 -0.017618943108189709 0.0084799083738535466 0.0033814419266306622 0.012108687083990925 0.00049615380166125685 -0.035653326057346904 -0.0069514533775428137 0.0050224483918238647 -0.01777689616341379 0.016962477193982663 0.035257984103409815 0.041688498618317159 -0.0082048573630939814 0.0035311301163528982 0.0025819639060865301 0.0057840982172676662 0.020792570779480567 0.016567239747745703 0.00025432602576311628 0.0482270126218571
leaf_weight=54327.667726963758 20083.417740747333 47314.575900346041 12538.463398501277 13156.19492816925 38996.666616886854 16896.585955813527 38472.421251893044 20777.939958751202 46332.346031725407 13881.258490920067 30501.648013338447 12117.074786737561 19949.181260377169 6142.8600894212723 12532.952005580068 2200.4386948049068 2850.1766123026609 13073.169090524316 4569.1840168535709 21831.410421878099 942.99422433972359 13742.782304242253 9662.3583138883114 19896.719742104411 9151.0145339518785 11133.388085484505 4360.2699960172176 8132.9409575164318 5929.2947365045547 28284.268754437566 15278.685606643558 19642.268434330821 44828.12398301065 8558.4935909509659 25383.518227279186 10339.827441141009 55223.843470737338 45258.484425976872 19439.597071141005 8061.9378740787506 19341.663283541799 3990.7997215688229 22552.329189300537 24333.749144151807 14670.931541293859 76073.45661790669
leaf_count=119763 47641 244701 25959 23465 197556 39051 105144 97917 111497 67275 96996 28129 54212 14267 40662 9154 6772 31439 10039 54526 3254 48546 25626 60331 33685 46318 21927 27178 19453 82611 53997 99235 166596 32613 136978 31143 130814 100875 82824 34782 68933 11774 58654 50840 38265 170512
internal_value=0.012732 -0.00426289 0.0335716 0.0048396 -0.021349 0.0406719 0.0110063 -0.00101387 0.0223815 -0.0163247 0.0152621 0.0439968 0.0262106 -0.00518494 -0.0033303 0.0151935 0.0321386 0.0179906 0.0448515 0.0280733 -0.00566248 0.00609902 0.00895119 0.0162327 -0.0205454 0.00316653 -0.0095381 0.000306678 0.00727461 0.0161954 0.00438259 -0.0302965 -0.00380739 -0.00427845 -0.0219418 0.0120165 0.0345038 0.0405535 -0.0065266 -0.00476417 -0.000800397 -0.0059096 0.0244023 0.0194405 0.00418432 0.0464918
internal_weight=972759 535808 436951 349577 186231 267316 170232 179345 169635 119274 110332 192346 110665 113053 92274.9 58969.4 74970.6 79829.9 180229 90716.1 70853.4 66292.4 44416.7 56768.9 73531.2 59900.4 45743.1 21875.7 29425.3 66756.7 21421.5 66956.8 58320.4 57377.4 64380.2 16269.1 58074 49827.7 31861.8 27501.5 30475.1 48818.9 44383.7 36872.2 24333.3 130401
internal_count=3063929 2032801 1031128 1113838 918963 605955 505502 608336 425173 575027 316190 429318 278889 421080 323163 146284 176637 219194 401189 224677 254899 187256 111532 137130 368219 189312 206808 75724 74061 187755 68264 343936 214237 210983 334534 50596 137586 110914 139533 117606 115251 178370 113180 76799 63891 290275
is_linear=0
shrinkage=0.035


Tree=23
num_leaves=47
num_cat=0
split_feature=17 75 72 75 17 17 17 106 107 72 106 17 17 17 17 75 17 75 5 112 75 17 17 89 75 106 36 7 98 5 17 36 71 72 140 18 36 98 48 26 17 21 18 17 7 129
split_gain=266574 52644.8 43953.7 20434.5 13460.5 9172.25 5003.13 4466.12 3188.91 2648.4 2594.53 2360.95 2235.18 1890.4 1836.93 1793.77 1657.69 1429.69 1178.92 1045.6 803.345 759.291 692.741 834.929 613.45 535.981 510.507 480.523 507.257 478.344 467.475 440.47 433.865 430.394 434.248 429.329 427.23 421.097 407.911 395.961 388.066 474.076 444.976 384.034 380.973 362.892
threshold=0.37446653842926031 0.086223885416984572 0.11674241721630098 0.10122857987880708 0.53458327054977428 1.0000000180025095e-35 0.68507987260818493 0.26566220819950109 0.081522457301616683 0.20538854598999026 0.29641240835189825 0.22396993637084964 0.61035025119781505 0.46720869839191442 0.61035025119781505 0.28859196603298193 0.22396993637084964 0.057570345699787147 1.1043425202369692 0.43677137792110449 0.21408226341009143 0.22396993637084964 1.0000000180025095e-35 0.77802231907844555 0.049852624535560615 0.25633297860622412 0.55829170346260082 -0.3762653768062591 0.70000007748603832 0.74716442823410045 0.65050083398818981 0.54616111516952526 -0.15708188712596891 0.18383854627609256 -0.3690666258335113 0.56247621774673473 0.20707555115222934 0.78749999403953563 0.3354459702968598 0.46720869839191442 0.22396993637084964 1.1874129772186282 0.56247621774673473 0.70072525739669811 0.22379872947931292 -0.32024331390857691
decision_type=2 2 2 2 2 2 2 2 2 2 2 2 2 2 2 2 2 2 2 2 2 2 2 2 2 2 2 2 2 2 2 2 2 2 2 2 2 2 2 2 2 2 2 2 2 2
left_child=2 6 3 17 10 9 8 11 24 19 13 38 -6 27 25 22 33 -1 36 -4 -13 -17 -9 29 -2 -10 -18 -3 -29 -24 -14 -22 -12 -7 -35 -19 -11 -15 -5 -36 -31 42 -42 -8 -21 -23
right_child=1 4 5 7 12 16 43 15 14 18 32 20 30 37 -16 21 26 35 -20 44 31 45 23 -25 -26 -27 -28 28 -30 40 -32 -33 -34 34 39 -37 -38 -39 -40 -41 41 -43 -44 -45 -46 -47
leaf_value=0.044784647037169223 0.047679954064658178 -0.0020666242850903979 -0.022047363631767982 -0.015217459992664002 0.024386447578731256 -0.011004785955869673 0.043844000166639176 0.00012529138053723828 0.023729391868809062 -0.027847377641047191 0.014839184403708391 0.0028483710674255406 0.03190946890604477 0.011906797328190995 0.036572319358360077 -0.0071592353115410914 -0.0082407203383135317 0.028660362314544233 -0.033087372033715298 -0.01636137779765191 -0.0073364810627737642 0.025052595986523079 0.0039769556162373241 0.038081769610982974 0.039501085949440004 0.032973872924934387 -0.00021241857148232576 0.003829650406836724 0.010114755314516895 0.008016400922183033 0.03991911246115875 0.0010881331903124718 0.027602777297983955 0.06590620571045365 -0.019779265636501956 0.0011251327155564267 -0.021245783598479642 0.017545957650336008 -0.0064133968691423588 -0.0097306851613279382 0.018921436617585913 -0.039649577696355777 0.003594029996158737 0.048787281425099097 -0.0058882627074295446 0.0034531740681716066
leaf_weight=9744.4889141470194 28054.575760155916 5498.8743846714497 29815.893337503076 24048.581025660038 75446.422650814056 20303.803161993623 29703.220801904798 7307.7995567917824 23197.128797262907 26449.085890099406 4191.7796019166708 30031.113073959947 27480.582607105374 25117.022851333022 74500.366583764553 13454.615472838283 31329.024294033647 12794.79123724997 37690.420195117593 8589.709866002202 25956.224136382341 1097.3810036331415 9431.3214903771877 1426.3809561133385 19256.697366610169 11605.496987268329 14058.26059858501 20734.776193916798 65369.024930775166 11796.713906899095 13480.337989032269 10746.057797074318 15161.862728089094 70.337386354804039 24413.528963208199 734.63687217235565 22305.551033109426 46210.552412495017 8830.2418950945139 6008.1072047054768 15860.569711282849 179.27053867280483 2723.1252422332764 59641.193355172873 8452.9735200554132 7020.1118251979351
leaf_count=21307 62801 20856 159902 100071 185759 87760 67843 19448 57614 143930 10320 95389 64552 68610 174345 42378 123574 28302 191446 34724 101837 2234 21268 2406 43916 24166 56893 67120 188346 28972 30396 41044 32264 142 115226 2101 125087 121822 40760 29293 35671 65 7072 134862 28307 21728
internal_value=0.0123565 0.0285422 -0.00850033 0.00380112 0.0186672 -0.0188556 0.0405335 -0.000412282 0.036759 -0.0247993 0.0127289 -0.00517912 0.0279648 0.0112889 0.0334681 0.00634214 -0.0106169 0.0345533 -0.0284326 -0.0180938 -0.00139644 -0.00205974 0.0100619 0.0118146 0.0443566 0.0268175 -0.00575458 0.0079611 0.0086017 0.010872 0.0345511 -0.00486983 0.0248442 -0.0149602 -0.017591 0.027167 -0.0248303 0.0155615 -0.0128548 -0.0177973 0.0129984 0.0161267 0.0166778 0.047147 -0.0111712 0.00639056
internal_weight=967320 544650 422670 193183 298691 229487 245959 169910 156614 133304 182284 99612.2 116407 162930 109303 70297.3 96183.1 23273.9 86445.1 46858.6 66733.4 21572.1 48725.2 41417.4 47311.3 34802.6 45387.3 91602.7 86103.8 39991 40960.9 36702.3 19353.6 50795.8 30492 13529.4 48754.6 71327.6 32878.8 30421.6 30559.7 18763 18583.7 89344.4 17042.7 8117.49
internal_count=3063929 1355592 1708337 612053 790045 1096284 565547 560343 362842 683396 509338 379101 280707 466754 256125 181242 412888 51710 460463 222933 238270 66340 114902 95454 106717 81780 180467 276322 255466 93048 94948 142881 42584 232421 144661 30403 269017 190432 140831 144519 71780 42808 42743 202705 63031 23962
is_linear=0
shrinkage=0.035


Tree=24
num_leaves=47
num_cat=0
split_feature=75 17 75 17 74 17 17 95 95 17 107 17 18 75 3 3 107 106 17 17 129 26 17 17 7 17 98 7 89 109 74 48 22 36 3 73 5 107 7 7 6 5 7 48 17 3
split_gain=249702 81241.3 18868.3 18271.1 12943.4 6059.72 4170.7 3650.75 3457.55 2867.71 2468.42 2232.74 1944 1389.63 1139.62 909.448 882.363 839.531 838.305 835.904 835.398 789.534 763.742 754.343 695.415 683.457 656.657 619.053 616.013 567.445 555.474 542.797 534.491 497.473 473.482 466.063 465.061 445.697 436.785 486.678 440.017 422.31 419.892 457.805 417.747 413.009
threshold=0.11728844046592714 0.22396993637084964 0.074771657586097731 0.42514967918396002 0.14831778407096866 0.58756005764007579 0.53458327054977428 0.72604689002037059 0.65078115463256847 0.68507987260818493 0.054931467399001128 0.31061333417892462 1.0000000180025095e-35 0.18283614516258243 0.10152332484722139 0.15593889355659488 0.14876513183116916 0.30738642811775213 0.65050083398818981 0.61035025119781505 -0.27125689387321467 0.31061333417892462 0.65050083398818981 1.0000000180025095e-35 -0.3762653768062591 1.0000000180025095e-35 0.65000006556510936 0.093012247234582915 0.74527040123939525 0.34705872833728796 1.0000000180025095e-35 0.14931328594684604 0.93913158774375927 0.65692242980003368 0.089363723993301405 0.14481715857982638 0.77802231907844555 0.14620486646890643 -0.39443595707416529 0.022479261271655563 0.030925905331969265 1.1562998890876772 -0.21330691874027249 0.37498413026332861 0.58756005764007579 0.10983433574438096
decision_type=2 2 2 2 2 2 2 2 2 2 2 2 2 2 2 2 2 2 2 2 2 2 2 2 2 2 2 2 2 2 2 2 2 2 2 2 2 2 2 2 2 2 2 2 2 2
left_child=2 4 9 8 7 14 17 25 11 10 -1 27 41 34 16 20 -4 26 -7 -8 -10 -14 37 -15 -13 -2 -5 -3 36 -16 -27 -29 -22 35 -9 -26 -25 45 -28 -40 -41 -6 -32 -44 -39 -12
right_child=1 3 5 6 12 18 19 13 15 -11 22 24 21 23 29 -17 -18 -19 -20 -21 32 -23 -24 28 33 30 38 31 -30 -31 42 -33 -34 -35 -36 -37 -38 44 39 40 -42 -43 43 -45 -46 -47
leaf_value=0.045099695882345019 -0.01830707881543471 -0.013043369524922858 0.028564111555399001 0.0055433382637816052 -0.028772186638907564 0.030477337343788598 0.022907671580634999 0.022063687893002674 0.027170132239222579 0.046356157394462007 0.037152365419093669 -0.0070758268201026138 -0.024883739764360938 -0.010654284128288829 0.016118061852331497 0.005095390954323634 0.01906181241390029 0.027347311179651966 0.038819130607421162 0.032761366450765515 0.01260387632129055 -0.016508036019502601 0.038560472323547146 -0.011859028866301536 0.0077388734548920748 -0.019297180943454451 0.001626744316319944 -0.0074756583353517711 0.023389085605458208 0.00010003429053294817 -0.017433686667302356 0.00028263497121933172 -0.028275007658333899 0.0077500640001566959 0.0047608819258031813 0.00019188518987473021 0.002203414892159888 0.02144382304572329 0.024561622182240884 0.020539266780119952 0.012540678720592087 -0.035862671378094929 -0.010986681011661184 -0.0023368591836069536 0.031412935563348614 0.022151141775435333
leaf_weight=41508.878528594971 31295.438668861985 12584.721028983593 20090.269364878535 13547.528182908893 21761.731171578169 43153.248344138265 43071.887488424778 2413.751898124814 5767.143200173974 83965.260213285685 20914.682486131787 8296.5425367504358 51367.140519842505 17272.387640923262 36841.389213100076 17945.943561926484 29842.409387946129 5032.5568923950195 22661.695657879114 14036.655580729246 14909.479985356331 18930.375820115209 37378.493590518832 4135.8251258134842 12763.39682264626 10353.722431272268 3409.7221776843071 26759.94902767241 1266.3415280282497 2925.4736986905336 8557.8710446804762 18806.070910051465 396.75899720191956 24403.818652898073 9757.7524806112051 46633.311665177345 9456.2054100036621 6926.5816645473242 5408.0762869268656 9809.9241355508566 60533.117126941681 19999.487989470363 31180.444725602865 9875.6714640408754 20877.753198340535 2558.7162731140852
leaf_count=94219 159153 58678 46733 42198 127433 102900 106510 4636 10489 194105 47398 34822 275755 54426 92988 47988 71161 10817 51864 32625 35884 103668 87747 11083 35148 43106 11635 97642 2478 8103 44326 75524 524 83931 24356 157509 26579 16537 15476 21495 168307 98826 126402 44585 49931 6229
internal_value=0.011999 -0.00209904 0.0345673 0.00890195 -0.0173867 0.0252865 0.0178179 -0.0101107 0.00160694 0.0413066 0.0380473 -0.000803864 -0.0261879 -0.00186647 0.0193659 0.0108889 0.0228882 0.0134256 0.033353 0.0253329 0.0158193 -0.02263 0.0347425 -0.00568166 0.00258633 -0.0141123 0.0126681 -0.006173 0.000100243 0.0149401 -0.0119213 -0.00427384 0.011533 0.00354346 0.00820213 0.00181438 -0.00207825 0.031955 0.0138868 0.0144384 0.0136579 -0.0321727 -0.0103798 -0.0089069 0.0289349 0.0355236
internal_weight=961386 591741 369645 344117 247624 155514 154849 135565 189267 214130 130165 150248 112059 44302.3 89699.5 39019.3 49932.7 97740.9 65814.9 57108.5 21073.4 70297.5 88656.2 32130.8 92097.1 91263.1 92708.4 58150.7 14858.4 39766.9 59967.7 45566 15306.2 83800.5 12171.5 59396.7 13592 51277.7 79160.8 75751.1 70343 41761.2 49614 41056.1 27804.3 23473.4
internal_count=3063929 2194014 869915 1047202 1146812 373749 409063 541130 638139 496166 302061 543254 605682 123558 218985 94885 117894 269928 154764 139135 46897 379423 207842 94566 311410 417572 259111 231844 40140 101091 258419 173166 36408 276588 28992 192657 37662 120095 216913 205278 189802 226259 215313 170987 66468 53627
is_linear=0
shrinkage=0.035


Tree=25
num_leaves=47
num_cat=0
split_feature=75 17 75 17 74 17 17 95 95 17 17 18 107 17 75 3 17 107 3 17 129 26 17 98 17 7 3 3 7 21 18 95 74 48 22 36 73 89 25 109 7 17 95 113 6 18
split_gain=235142 76292.3 18557.9 16986.6 12514 6258.48 3915.26 3446.4 3212.96 2535.78 2083.76 1930.94 1861.27 1362.98 1301.88 1179.75 935.648 931.87 844.278 795.292 775.025 772.217 719.77 677.282 656.723 648.062 600.726 599.459 583.135 577.994 750.072 565.828 528.055 508.068 498.768 461.369 433.015 432.533 425.23 412.43 400.411 400.052 396.812 455.607 392.126 385.724
threshold=0.11728844046592714 0.22396993637084964 0.072188943624496474 0.42514967918396002 0.14831778407096866 0.58756005764007579 0.53458327054977428 0.72604689002037059 0.65078115463256847 0.70072525739669811 0.31061333417892462 1.0000000180025095e-35 0.086326103657484068 0.65050083398818981 0.2121982276439667 0.10152332484722139 0.65050083398818981 0.14876513183116916 0.15593889355659488 0.61035025119781505 -0.27125689387321467 0.22396993637084964 1.0000000180025095e-35 0.76306825876235973 1.0000000180025095e-35 -0.3762653768062591 0.10022674873471261 0.10022674873471261 0.093012247234582915 0.24964435398578647 0.63123199343681347 0.28334088623523718 1.0000000180025095e-35 0.14931328594684604 0.93913158774375927 0.65692242980003368 0.14481715857982638 0.71392711997032177 1.0000000180025095e-35 0.063248086720705046 0.068067871034145369 0.50316895544528972 0.64147785305976879 0.71629232168197643 0.11745913326740266 0.68507987260818493
decision_type=2 2 2 2 2 2 2 2 2 2 2 2 2 2 2 2 2 2 2 2 2 2 2 2 2 2 2 2 2 2 2 2 2 2 2 2 2 2 2 2 2 2 2 2 2 2
left_child=2 4 9 8 7 15 23 24 10 12 28 -6 27 -14 26 17 -7 45 20 -8 -10 -13 -16 31 -2 44 37 -1 -3 30 -17 -5 -26 -30 -22 36 -27 -9 -24 -32 -34 -19 -25 -44 -12 -4
right_child=1 3 5 6 11 16 19 14 18 -11 25 21 13 -15 22 29 -18 41 -20 -21 34 -23 38 42 32 35 -28 -29 33 -31 39 -33 40 -35 -36 -37 -38 -39 -40 -41 -42 -43 43 -45 -46 -47
leaf_value=0.044079521469136566 -0.017863528228404719 -0.01266572504794009 0.030133853199597091 -0.00051949207128716755 -0.031759422950276089 0.029704349574377276 0.022103216143117919 0.0089100581942504267 0.026149401999657887 0.047187648241685969 -0.011581033453250494 -0.025016993823650625 0.029784130055209732 0.0387823590830218 -0.011750119673760696 0.012887648579225863 0.038013132361119167 0.01315590703864793 0.0049089855654702802 0.031726639520918858 0.012135645534028178 -0.01736991690343161 0.0039709119535996183 0.014043348389785023 -0.018803503087459254 0.0074544821797788837 0.0024198696785892766 0.030079170708823481 -0.0072380746134966681 0.016603659317128507 0.020481442584112639 0.011087496995739759 -0.01608120458123798 0.00027271347566420741 -0.027468107003602655 0.0074612936225461222 0.00018515778534527783 0.033880876647357804 -0.0097522625728436122 -0.017355628172343512 -0.0084139094511823855 0.021511856374892314 0.023850291831187753 -0.045594182953034822 0.0054003733805937006 0.01769591697403694
leaf_weight=55746.107872694731 30956.199423104525 12507.913968384266 17979.470466166735 6351.5839482098818 40840.855279326439 46268.952838987112 43077.21128436923 2209.4661521017551 5782.4811583161354 55646.502873778343 5967.9240340739489 43366.396716192365 35342.148977383971 50061.686682924628 14752.173443958163 5886.4165826290846 26133.131188094616 11002.845742553473 17975.130663409829 13988.188677743077 14942.398257777095 25937.784101352096 8690.118438526988 57287.315741017461 10255.579180791974 12786.374217003584 13134.129479631782 4080.2565003186464 26672.752690628171 32369.377162054181 426.18536601960659 27032.85145804286 10652.181998357177 18808.26679225266 394.33911295235157 24460.319275155663 46636.346919968724 1382.5674255639315 4050.0597997754812 1927.512804582715 38701.053047463298 19620.846731260419 7149.5633549541235 112.21285353600979 2304.9236212819815 3721.9620751291513
leaf_count=128685 159153 58678 40571 21014 226259 110929 106510 4607 10489 130641 25528 236241 83894 118866 47630 11075 60549 24823 47988 32625 35884 143182 24379 158759 43106 35148 33761 9628 97642 86980 736 73924 54914 75524 524 83931 157509 2461 10720 4279 160399 48275 16181 50 9294 9984
internal_value=0.0116532 -0.00203653 0.033677 0.00858719 -0.0169677 0.0249907 0.0171778 -0.00981517 0.00155061 0.0408255 -0.000776557 -0.025719 0.0383859 0.0350611 -0.001805 0.0189778 0.0327064 0.0224533 0.0104872 0.0244654 0.0152319 -0.0221569 -0.00648892 0.0129299 -0.0137257 0.00249409 0.00589289 0.0431279 -0.00597414 0.0144967 0.00621309 0.00887924 -0.0115751 -0.00413224 0.0111064 0.003416 0.00175009 0.0185642 -0.00039349 -0.0104661 -0.0100707 0.0185131 0.0150238 0.0227392 -0.00684825 0.0280065
internal_weight=955380 589167 366213 344238 244929 165337 154999 134784 189239 200877 150145 110145 145230 85403.8 44218.5 92934.6 72402.1 52325.1 39094.3 57065.4 21119.2 69304.2 27492.4 97933.5 90565 92155.9 16726.2 59826.4 57988.9 40609.5 8240.11 33384.4 59608.8 45481 15336.7 83883 59422.7 3592.03 12740.2 2353.7 49353.2 30623.7 64549.1 7261.78 8272.85 21701.4
internal_count=3063929 2194014 869915 1047202 1146812 398201 409063 541130 638139 471714 543254 605682 341073 202760 123558 226723 171478 123653 94885 139135 46897 379423 82729 269928 417572 311410 40829 138313 231844 103070 16090 94938 258419 173166 36408 276588 192657 7068 35099 5015 215313 73098 174990 16231 34822 50555
is_linear=0
shrinkage=0.035


Tree=26
num_leaves=47
num_cat=0
split_feature=73 74 73 73 74 73 7 72 3 73 26 141 72 98 51 74 20 14 6 72 22 72 105 5 74 74 141 64 74 105 7 26 7 141 105 7 7 7 36 124 6 72 36 97 67 72
split_gain=220756 57567.4 20638.1 7529.18 5258.36 3654.51 2767.12 2366.01 1959.28 1903.62 1794.04 1390.97 1362.14 1213.28 1085.61 980.297 968.833 950.942 905.153 876.478 740.673 713.834 685.577 670.228 643.082 622.704 596.68 592.61 535.165 531.112 530.896 507.723 504.105 449.624 446.236 452.642 443.939 484.537 496.746 442.216 426.227 426.179 419.558 498.611 418.418 406.725
threshold=0.12262823060154916 0.10539679601788522 0.080300413072109236 0.21597932279109958 0.19971223175525668 0.05610011704266072 -0.3762653768062591 0.092746395617723479 0.10022674873471261 0.099068373441696181 0.22396993637084964 -0.092277180403470979 0.0029276463901624088 0.800000160932541 0.22396993637084964 0.10018917918205263 0.14931328594684604 0.22396993637084964 0.34829853475093847 1.0000000180025095e-35 1.0000000180025095e-35 0.0029276463901624088 0.0044960002414882192 0.14931328594684604 0.0033534027170389895 0.14446236193180087 -0.064105950295925127 -0.93634918332099903 0.037443345412611968 -0.0064192225690931073 -0.35478727519512171 0.63123199343681347 0.022479261271655563 -0.024062849581241604 -0.0081009315326809866 0.20402333885431292 0.38844558596611029 0.20728050917387011 0.24964435398578647 0.093701671808958067 0.39074580371379858 0.042633015662431724 0.65365403890609752 0.072100423276424422 -0.018762549385428425 0.065693669021129622
decision_type=2 2 2 2 2 2 2 2 2 2 2 2 2 2 2 2 2 2 2 2 2 2 2 2 2 2 2 2 2 2 2 2 2 2 2 2 2 2 2 2 2 2 2 2 2 2
left_child=2 3 5 8 17 11 18 13 23 21 20 39 -7 32 24 33 27 25 -5 -15 -6 -4 29 -2 -9 -3 -14 -10 -21 -13 -26 -12 -8 -11 -25 -36 37 40 -39 -1 -18 -28 -32 -44 -31 -23
right_child=1 4 9 6 10 12 7 14 16 15 31 22 26 19 -16 -17 36 -19 -20 28 -22 45 -24 34 30 -27 41 -29 -30 44 42 -33 -34 -35 35 -37 -38 38 -40 -41 -42 -43 43 -45 -46 -47
leaf_value=0.037914581851659863 0.0055241603744323776 -0.013355164705229518 0.015012739782207529 -0.011923206730636127 -0.032703623989584978 0.021146389623665447 0.016182489846262211 -0.013505895256519055 0.0083811699325367119 0.014143799881085837 -0.020251916729102929 0.029476417889370051 0.029026810414447851 -0.00072594949402358911 0.005051386703551374 -0.010080148049071137 0.0087945864762132321 -0.0090012517328098354 0.0309774210362074 0.015862369890521463 -0.024566649412527501 0.024306266250231735 0.032268520565927716 0.0081734463713878606 0.03211711944373094 -0.02028023150494572 0.033125869314189378 0.0016459720352030214 0.0074257281266200178 0.033179877515188146 -0.0057594020451173294 -0.0062687119578539547 -1.030730195305095e-06 0.019652978009338764 0.022147013811994919 0.014862195564936754 0.01572058684358173 -0.0011363256098023669 0.0094123611512593637 0.030067303253915996 0.019585001256151237 0.039509083058370094 0.014721936764785473 -0.0037888754620225592 0.043717605716615378 0.030813556709780563
leaf_weight=19023.469598099589 8592.6399888545275 35010.934133008122 8249.5678423345089 25518.657735139132 35269.759004995227 13029.658550202847 2498.2299411743879 10360.898388177156 25893.255587920547 31899.200797438622 18576.583145819604 3600.4390897750854 27107.002372324467 8886.8227112591267 14696.032172754407 1634.1704079955816 12636.169479504228 30489.17799974978 611.3256484568119 17889.864066690207 22635.919121086597 45792.314466372132 8197.7263299226761 7606.7530719041824 491.43434189260006 29274.590803131461 37213.170978963375 41903.142767712474 19031.549922078848 4939.2102390527725 37394.212080106139 3848.4161247238517 40310.257365077734 42451.782708406448 15829.519111067057 31053.184244513512 14435.167787760496 9222.4185901135206 13420.079646870494 16787.69892641902 6967.7765574157238 20000.924590989947 2880.0167217850685 4656.3884851038456 105467.72539177537 16021.680105417967
leaf_count=44466 23638 159554 19743 119559 192446 30375 8057 34173 71169 82237 105206 8465 65094 26361 56369 6655 38967 150586 1730 50180 132938 112151 19542 21334 1713 149812 89189 118871 58497 11918 135301 21825 132924 106422 43232 77673 43705 28325 39793 40792 20266 45921 9849 18423 250193 38290
internal_value=0.0113187 -0.00312805 0.0310369 0.00464747 -0.0196812 0.0370388 -0.000357833 0.00137593 0.00959038 0.0205414 -0.0262695 0.0403275 0.0316985 0.00518226 -0.00340986 0.0167013 0.00704311 -0.0140956 -0.0109123 0.00914089 -0.0295258 0.0247042 0.0421091 0.0146155 -0.00563944 -0.0165105 0.0333273 0.00421897 0.0115158 0.0428148 -0.00384334 -0.0178549 0.000945343 0.0172908 0.0160483 0.0173246 0.0104201 0.00860678 0.00511627 0.0342418 0.0126351 0.0353614 -0.00424109 0.0032899 0.0432481 0.0259959
internal_weight=949307 547891 401416 372786 175105 255367 185226 159096 187560 146049 80330.7 158016 97350.8 88616.7 70479 75985.2 124478 94774.7 26130 45808.2 57905.7 70063.6 122205 63082.1 55783 64285.5 84321.1 67796.4 36921.4 114007 45422.1 22425 42808.5 74351 54489.5 46882.7 56681.6 42246.4 22642.5 35811.2 19603.9 57214.1 44930.6 7536.41 110407 61814
internal_count=3063929 2092476 971453 1180109 912367 605955 653136 531847 526973 365498 452415 375376 230579 276019 255828 195314 361096 459952 121289 135038 325384 170184 290118 165877 199459 309366 200204 190040 108677 270576 165286 127031 140981 188659 142239 120905 171056 127351 68118 85258 59233 135110 163573 28272 262111 150441
is_linear=0
shrinkage=0.035


Tree=27
num_leaves=47
num_cat=0
split_feature=73 74 73 18 18 107 73 21 21 21 107 16 3 3 73 107 3 6 72 22 95 6 107 59 5 96 18 107 26 16 107 95 73 107 72 32 7 96 21 64 64 21 129 22 7 142
split_gain=207661 57266.4 16865.3 8535.75 6316.19 4708.61 4156.56 4013.6 2694.85 2438.42 1677.91 1476.81 1115.66 1075.21 992.443 943.282 877.844 855.14 851.89 844.242 825.329 766.652 762.566 761.895 741.543 710.363 699.479 663.437 662.927 661.643 603.856 543.98 528.405 521.822 516.863 497.5 486.574 525.71 472.683 463.051 460.112 451.292 450.08 672.987 619.86 557.87
threshold=0.11653554439544679 0.10411371290683748 0.070087201893329634 0.56247621774673473 0.22396993637084964 0.19596828520298007 0.24623798578977588 0.37498413026332861 0.42082133889198309 1.0000000180025095e-35 0.41025693714618688 0.31061333417892462 0.14425098896026614 0.097519297152757659 0.08949123322963716 0.39265324175357824 0.1407381817698479 0.27852417528629309 0.10829525068402292 0.55829167366027843 0.6754564940929414 0.27852417528629309 0.42879582941532141 0.31061333417892462 1.1766744852066042 0.14656602591276172 0.66838845610618602 0.38079494237899786 1.0000000180025095e-35 0.31061333417892462 0.062337687239050872 0.69109153747558605 0.097711116075515761 0.49926951527595526 0.051548244431614883 0.6084289848804475 0.35569444298744207 0.036261685192584998 0.20707555115222934 -0.99020716547965992 -0.93379473686218251 0.24964435398578647 -0.22936415672302243 0.20707555115222934 0.23724339902400973 0.15844033658504489
decision_type=2 2 2 2 2 2 2 2 2 2 2 2 2 2 2 2 2 2 2 2 2 2 2 2 2 2 2 2 2 2 2 2 2 2 2 2 2 2 2 2 2 2 2 2 2 2
left_child=2 3 5 6 24 13 15 25 19 20 14 18 22 23 34 16 -2 29 33 32 28 -11 -8 30 -3 38 -7 -13 -6 39 -1 -19 -4 -9 -10 -17 37 -30 42 -14 -18 -27 -5 44 -44 -46
right_child=1 4 8 7 9 26 12 11 10 21 -12 27 17 -15 -16 35 40 31 -20 -21 -22 -23 -24 -25 -26 41 -28 -29 36 -31 -32 -33 -34 -35 -36 -37 -38 -39 -40 -41 -42 -43 43 -45 45 -47
leaf_value=0.042409504937454622 0.013378437240231323 -0.025127706322939865 0.021732362588671394 -0.010424496625906469 -0.02487976710379607 0.021305377528509774 0.0075113686980664727 0.014132866361892092 0.027990333774711169 -0.012718812960903802 0.015184737740775622 0.022849634198970847 -0.0041639577823287472 0.028028649833200588 0.023641170027764502 -0.0027482214335680022 0.008930446736649212 -0.0041335364197362372 0.002694745407183112 0.0066662145406064148 -0.0097763581352740981 -0.0035635335669752487 -0.0043087412415649994 0.043536698637287333 -0.033109290597710526 -0.005801945160595152 0.03082316679557278 0.014844573384755177 0.0036587740084475075 0.0057945836430206427 0.035571710858957981 0.0083870285057565993 0.01351033500381664 0.0072348504724257549 0.035213465529316854 0.0094881029298455651 -0.010170059706682366 -0.020474711130514658 0.010456088710878282 -0.012368326488502276 -0.00023807968536229782 0.0025598866468099033 -0.0064005057661472887 -0.0029193762877125977 0.026522796898079657 -0.000824484790979867
leaf_weight=27804.175194069743 24862.99886752665 37784.371542520821 21923.921994253993 2827.6480678468943 21554.490380182862 12372.665456309915 13338.761375889182 48208.149163126945 34954.91541095078 21108.037008628249 16447.378670170903 21425.844885215163 10926.638644054532 7912.2601426392794 49389.263761609793 17507.346842721105 13121.070674061775 28884.380087077618 13938.43592274189 9866.4382445067167 11620.939123466611 23894.593400493264 13393.228924408555 83914.926331937313 23107.077531784773 12267.705046132207 41192.695567280054 31275.165481939912 1151.5607323944569 3256.2995567321777 37811.708324238658 4978.0770580470562 17097.023592635989 18662.021226152778 18858.508661985397 5296.6982599049807 9229.3498453944921 26447.566250637174 18664.896831452847 37003.505405277014 13701.222785815597 22214.858219593763 1498.0472061485052 6451.9048946499825 3501.3996656090021 1234.407962501049
leaf_count=65500 57716 223747 46966 2803 122181 29129 37998 134563 86002 94987 44086 55365 37922 19115 124366 61328 34056 125856 46772 29760 43191 113984 53237 203830 120237 51150 101313 84738 1062 9282 89425 20853 38682 56457 44488 17175 56952 148295 57180 135932 35133 78175 1104 20398 1052 386
internal_value=0.0109867 -0.00247655 0.0310046 0.00502613 -0.0190446 0.0375988 -0.000379077 0.0100061 0.0227477 -0.0142172 0.0255773 0.0135425 -0.00464705 0.0406497 0.0272325 0.00602531 0.00864121 -0.0066073 0.0105681 0.0158198 -0.0183035 -0.00785904 0.00158931 0.0413163 -0.0281597 0.00312893 0.0286275 0.0181015 -0.0199994 -0.00946165 0.0384729 -0.00229149 0.0181327 0.0122087 0.0305254 9.52756e-05 -0.0171393 -0.0194669 0.00670432 -0.0104989 0.0042477 -0.000415202 0.00218754 0.00500304 0.0131989 0.0194007
internal_weight=943885 564339 379546 388441 175898 211008 186270 202170 168537 115007 119650 133510 111781 157443 103203 74489.3 51685.3 85048.9 80808.6 48887.4 70003.9 45002.6 26732 149531 60891.4 68660.9 53565.4 52701 58383 51186.4 65615.9 33862.5 39020.9 66870.2 53813.4 22804 36828.5 27599.1 34178.3 47930.1 26822.3 34482.6 15513.4 12685.8 6233.85 4735.81
internal_count=3063929 2141267 922662 1216631 924636 508312 626488 590143 414350 580652 298942 377895 421080 377870 254856 205408 126905 329845 237792 115408 371681 208971 91235 358755 343984 212248 130442 140103 328490 183136 154925 146709 85648 191020 130490 78503 206309 149357 82923 173854 69189 129325 25743 22940 2542 1438
is_linear=0
shrinkage=0.035


Tree=28
num_leaves=47
num_cat=0
split_feature=75 17 75 17 17 17 95 75 106 17 95 17 17 107 17 18 17 18 17 7 89 48 3 75 129 36 75 1 5 3 17 14 75 106 22 6 64 22 21 128 129 107 17 129 95 133
split_gain=198340 66297.5 16211.3 15254.2 7113.25 5545.28 3619.05 3311.16 2844.4 2998.22 2756.93 2390.47 2333.59 1747.4 1172.82 1136.77 1470.41 1036.01 1025.07 1002.76 872.992 850.063 768.028 748.678 732.715 717.347 654.003 634.4 628.771 516.415 497.292 493.059 475.479 446.689 441.851 405.657 402.058 401.651 396.218 422.489 510.045 402.711 396.139 386.098 385.01 383.856
threshold=0.11425582319498064 0.22396993637084964 0.069550991058349623 0.46720869839191442 1.0000000180025095e-35 0.58756005764007579 0.79331773519516002 0.38952495157718664 0.27359740436077123 0.37446653842926031 0.69521924853324901 0.56247621774673473 0.70072525739669811 0.086326103657484068 0.65050083398818981 0.61035025119781505 0.50316895544528972 1.0000000180025095e-35 0.65050083398818981 0.0089192749001085776 0.74527040123939525 0.39170669019222265 0.15593889355659488 0.26155671477317816 -0.27852053940296168 0.6168709695339204 0.17249444127082827 0.11035561189055444 1.0270435214042666 0.10022674873471261 0.63123199343681347 0.37446653842926031 0.21031963080167773 0.2997309416532517 0.88221749663352977 -0.14435185492038724 -0.95770886540412892 0.95365807414054882 1.0000000180025095e-35 0.0066334488801658162 -0.15125162899494168 0.27376827597618109 0.22396993637084964 -0.067577525973319993 0.69939008355140697 0.014384113252162935
decision_type=2 2 2 2 2 2 2 2 2 2 2 2 2 2 2 2 2 2 2 2 2 2 2 2 2 2 2 2 2 2 2 2 2 2 2 2 2 2 2 2 2 2 2 2 2 2
left_child=2 4 12 8 7 15 23 10 9 19 28 33 13 29 43 27 42 44 -7 -3 -8 25 24 -6 -10 26 38 -4 -2 -1 -13 -25 45 -5 36 -23 -24 -26 39 40 -21 -41 -17 -15 -9 -12
right_child=1 3 5 11 6 18 20 17 22 -11 32 30 -14 14 -16 16 -18 -19 -20 21 -22 35 34 31 37 -27 -28 -29 -30 -31 -32 -33 -34 -35 -36 -37 -38 -39 -40 41 -42 -43 -44 -45 -46 -47
leaf_value=0.042036133144758299 -0.01746221837992086 -0.011281324698382255 0.024285366517904694 0.014071766011185208 -0.0069978869859467835 0.027437675289949497 0.0036786037189705189 -0.0332095651589649 0.024633147922209775 0.005982406205270809 0.0040311395609999223 0.023125889069382729 0.045168358302304305 0.029199377895429122 0.036476297395999745 -0.022444077611515293 0.018800099655561568 -0.021881388317903271 0.035806337454979964 0.015284365283910015 0.027280454808337299 0.03005735366712332 0.011552413241176672 -0.015245625966753881 0.011865796166214391 0.0036237409047176279 -0.0076349719646693816 0.0041831415250640639 -0.026031619324831196 0.028153082317704789 0.032892330507464949 -0.0055958154689823257 -0.0097613079699613772 0.027353370388964585 -0.018839222266520739 0.002742276414791509 0.0016427041941181233 -0.02243721754957893 -0.0020858091483621447 0.00073838939855040448 -0.030413952867904073 0.038834784349910639 0.0076830353549887263 0.018043501307029312 -0.025780015032797362 -0.013922495266526438
leaf_weight=51354.642201721668 28900.594645552337 15276.179113760591 29920.058682352304 76501.029378563166 29469.983821704984 47297.889157503843 12404.810760736465 22735.249942742288 6623.3899940252304 79780.101224407554 7251.3126684129238 32269.035216510296 52101.690336897969 25415.444205254316 45115.909735277295 544.73836673796177 36750.354396298528 33823.069560803473 29097.355366140604 824.55523079633713 2266.2344033122063 676.39833368360996 10083.253043279052 47241.662555336952 18347.955180197954 12533.497560158372 41127.597147300839 2059.3164942413568 16553.767311647534 3564.7197586447001 8024.9995027184486 7532.7589542269707 14738.179008759558 3236.5406312346458 865.11546646058559 28053.360808715224 9982.1868815124035 422.3701663762331 6635.4318302571774 512.57911114394665 461.63243964314461 1007.1873429566622 18503.524783864617 4518.2838004380465 13965.337572127581 1819.7992912083864
leaf_count=124670 162704 71284 65584 201514 109392 115346 30211 146569 12870 244349 19464 78483 129225 61327 111380 2172 92290 197314 69536 300 4232 2405 27010 227137 44791 47058 151364 4537 94999 8636 18655 35909 54156 7064 1283 107832 29766 426 22106 207 256 334 49420 11505 60656 6201
internal_value=0.0106679 -0.00163986 0.0317092 0.00798875 -0.0158886 0.023732 -0.00870522 -0.0209711 0.00277064 0.000846038 -0.0155329 0.0181265 0.0389012 0.0363868 0.0329065 0.0177287 0.0147097 -0.0263102 0.0306278 -0.00297984 0.00733464 -0.00159816 0.0105338 -0.011499 0.0146252 -0.00387028 -0.00572805 0.0229922 -0.0205863 0.0411383 0.0250758 -0.0139195 -0.00588223 0.014613 0.0055669 0.00339181 0.00662492 0.0110865 0.00257733 0.0135886 -0.00117575 0.026045 0.00681421 0.0275197 -0.0303874 0.000421589
internal_weight=938191 591947 346244 353244 238703 164173 98915.5 139787 233213 186889 69263.7 120032 182071 129969 75049.6 87778 55798.6 70523.7 76395.2 107108 14671 91832.2 46324.3 84244.4 25393.7 63102.5 50569 31979.4 45454.4 54919.4 40294 54774.4 23809.3 79737.6 20930.6 28729.8 20065.4 18770.3 9441.39 2805.95 1286.19 1519.77 19048.3 29933.7 36700.6 9071.11
internal_count=3063929 2218301 845628 1069357 1148944 398885 406881 742063 763641 647495 337524 305716 446743 317518 184212 214003 143882 404539 184882 403146 34443 331862 116146 372438 58087 221625 174567 70121 257703 133306 97138 263046 79821 208578 58059 110237 56776 45217 23203 1097 556 541 51592 72832 207225 25665
is_linear=0
shrinkage=0.035


Tree=29
num_leaves=47
num_cat=0
split_feature=75 17 75 17 74 17 95 17 95 17 17 18 107 17 106 75 3 7 107 26 3 48 129 17 75 48 98 17 17 113 3 18 17 6 14 5 98 7 96 98 109 60 18 6 72 129
split_gain=187118 62230.2 15981.9 14211.7 10859.7 5351.18 2953.25 2659.81 2623.8 2346.73 2257.09 1845.28 1741.08 1151.97 1135.19 1079.87 948.866 920.514 759.078 725.692 704.452 702.228 692.527 684.15 641.984 594.02 659.952 575.708 560.185 541.359 513.577 490.993 475.262 473.837 466.669 455.692 450.403 446.767 686.269 450.504 426.797 449.128 447.434 419.52 401.183 395.408
threshold=0.11425582319498064 0.22396993637084964 0.069550991058349623 0.46720869839191442 0.14831778407096866 0.61035025119781505 0.72604689002037059 0.37446653842926031 0.70756354928016674 0.70072525739669811 0.56247621774673473 1.0000000180025095e-35 0.086326103657484068 0.65050083398818981 0.30929057300090795 0.32034757733345037 0.10436459630727769 -0.3762653768062591 0.14876513183116916 0.50316895544528972 0.10022674873471261 0.35638883709907537 -0.14345060288906095 0.66838845610618602 0.17427375912666324 0.3354459702968598 0.72499999403953563 0.53458327054977428 0.53458327054977428 0.648899406194687 0.10022674873471261 0.22396993637084964 0.63123199343681347 0.30092589557170873 0.37446653842926031 1.1562998890876772 0.6250000298023225 0.24380346387624743 1.0000000180025095e-35 0.77500006556510936 0.3535632342100144 0.18031652271747592 0.63123199343681347 0.47453671693801885 0.48794487118721014 -0.24162884056568143
decision_type=2 2 2 2 2 2 2 2 2 2 2 2 2 2 2 2 2 2 2 2 2 2 2 2 2 2 2 2 2 2 2 2 2 2 2 2 2 2 2 2 2 2 2 2 2 2
left_child=2 4 9 7 6 16 25 8 17 12 36 35 30 -14 -9 20 18 -3 -4 -13 31 24 29 -7 -19 34 -27 -20 40 -10 -1 -8 -12 44 45 -6 -5 43 39 -39 41 42 -18 -22 -17 -2
right_child=1 3 5 10 11 23 15 14 22 -11 32 19 13 -15 -16 33 28 21 27 -21 37 -23 -24 -25 -26 26 -28 -29 -30 -31 -32 -33 -34 -35 -36 -37 -38 38 -40 -41 -42 -43 -44 -45 -46 -47
leaf_value=0.041318464817660459 -0.007981439358512428 -0.010697616557124626 0.025575178397110938 0.0059114783309193713 -0.026515235452726365 0.029003631973223733 0.024655574917482846 0.0061128047842462846 0.015656483520987145 0.044509482914195667 0.022355991216436465 -0.021854241942358656 0.026778979463491871 0.035701562227898921 0.020247148209010253 -0.0099545999013203532 0.018425825130417506 0.0031612972836306719 0.01251377255491936 -0.010681720194894936 -0.0047367240825499143 0.0029134942776697344 0.001121630074949205 0.037379545168764912 -0.0049911858902334013 0.0017125608755754022 -0.011417933520572746 0.021270575636242413 0.019167606808258339 -0.031420360458957471 0.02741210623114386 0.0042689274527542868 0.031926551636605904 0.0042870551343274473 -0.0063276742985236157 -0.034281617326253309 0.014933750980072505 -0.00023190301473884582 0.0024705427981135397 0.050062719945709593 -0.0050232625376731531 -0.013666619527919291 0.0083255005020842071 0.048317320149043205 -0.032624789565623001 -0.016534207485710821
leaf_weight=50434.427735447884 7666.8231488615274 14481.123036012053 25178.894516840577 7494.4099261462688 19698.71466717124 43303.563254117966 2595.1484809368849 85323.594881370664 15228.730301514268 51041.262290224433 32213.200324133039 57668.257281377912 29689.870484486222 44492.837266176939 7575.5736601799726 11654.834732919931 9946.5002655535936 15028.76370549202 15458.989613622427 8148.9992235302925 14206.698747187853 33252.790001004934 6492.9705605357885 16665.649673044682 55552.558889612556 6481.1271354854107 16928.537341788411 22861.167629882693 15476.659081578255 299.71676826477051 3533.6574420332909 3271.8882643729448 7979.3767505586147 2710.0980802923441 7941.4228229522705 17802.676162421703 72323.34113112092 324.94684824347496 7693.8008726984262 655.44441071152687 1954.1497865021229 799.51156480610371 11727.015149340034 178.96555338799953 1038.0775198042393 49587.616613253951
leaf_count=124670 27241 67842 60138 22127 127433 105970 5026 258309 33329 129225 78483 331986 72832 111380 17150 33282 22158 40978 35927 47437 36634 126088 15975 39902 203818 31954 87921 56589 38786 152 8636 6883 18655 12283 37247 98826 186451 117 26497 236 5380 1755 32280 557 3277 234107
internal_value=0.0103638 -0.00159078 0.0309354 0.00770905 -0.0154957 0.0230163 -0.00887958 0.0026731 -0.000367875 0.0381543 0.0174955 -0.0240073 0.0356211 0.0321331 0.00726673 -0.00150376 0.0181903 -0.00243273 0.0208495 -0.0204722 0.00248224 -0.00127944 0.0107233 0.031335 -0.00325505 -0.0125693 -0.00778278 0.0177407 0.0139559 0.0147355 0.0404112 0.013304 0.0242607 -0.0089881 -0.014287 -0.0302072 0.0140872 -0.000273454 0.00599752 0.0334839 0.0106496 0.0120138 0.012965 -0.00405623 -0.0118239 -0.01539
internal_weight=932064 589500 342564 353246 236254 163372 132935 233236 140337 179192 120010 103319 128151 74182.7 92899.2 44329.9 103403 118315 63499.1 65817.3 28926.9 103834 22021.4 59969.2 70581.3 88605.5 23409.7 38320.2 39903.8 15528.4 53968.1 5867.04 40192.6 15403 65195.9 37501.4 79817.8 23059.9 8674.19 980.391 24427.2 22473 21673.5 14385.7 12692.9 57254.4
internal_count=3063929 2218301 845628 1069357 1148944 398885 543262 763641 488182 446743 305716 605682 317518 184212 275459 124792 253013 438726 152654 379423 75950 370884 49456 145872 244796 418470 119875 92516 100359 33481 133306 11909 97138 48842 298595 226259 208578 64041 26850 353 61573 56193 54438 37191 36559 261348
is_linear=0
shrinkage=0.035


Tree=30
num_leaves=47
num_cat=0
split_feature=75 17 75 17 74 17 95 17 95 17 17 5 75 75 95 7 3 124 17 26 48 22 36 3 48 98 5 17 59 17 124 95 18 21 18 73 113 90 14 98 1 95 22 62 7 90
split_gain=176662 59937 14230.2 13806.1 10565.8 4781.43 2855.3 2488.17 2593.2 2304.66 2217.3 1842.72 1242.69 1045.16 883.715 833.08 791.258 759.998 700.15 687.866 648.522 599.489 573.578 563.737 562.707 620.581 530.311 524.597 519.565 499.226 491.141 490.645 590.555 489.887 567.614 488.061 476.54 488.456 445.689 444.258 426.824 416.137 401.852 385.94 385.787 382.703
threshold=0.11122607439756395 0.22396993637084964 0.068220831453800215 0.46720869839191442 0.14831778407096866 0.61035025119781505 0.72604689002037059 0.37446653842926031 0.6867521107196809 0.56247621774673473 0.70072525739669811 1.1281778812408449 0.043251061812043197 0.18283614516258243 0.62022769451141369 0.0089192749001085776 0.10436459630727769 0.096002407371997847 0.66838845610618602 0.50316895544528972 0.39170669019222265 1.2091473340988161 0.61270344257354747 0.13535173982381823 0.3354459702968598 0.72499999403953563 0.75088909268379223 0.66838845610618602 0.22396993637084964 0.63123199343681347 0.076247632503509535 0.68305242061615001 1.0000000180025095e-35 0.24964435398578647 0.63123199343681347 0.18845235556364062 1.0000000180025095e-35 0.25422960519790655 0.37446653842926031 0.78749999403953563 0.18031652271747592 0.59009850025177013 1.0000000180025095e-35 0.099320545792579665 0.034648710861802108 0.63367384672164928
decision_type=2 2 2 2 2 2 2 2 2 2 2 2 2 2 2 2 2 2 2 2 2 2 2 2 2 2 2 2 2 2 2 2 2 2 2 2 2 2 2 2 2 2 2 2 2 2
left_child=2 4 10 7 6 16 24 8 15 39 12 19 41 -8 -9 -3 17 -4 -7 31 22 26 35 -15 38 -26 -10 30 -25 -11 -14 32 -6 34 40 36 37 43 -2 44 -18 -1 -13 -17 -5 -39
right_child=1 3 5 9 11 18 13 14 21 29 -12 42 27 23 -16 20 33 -19 -20 -21 -22 -23 -24 28 25 -27 -28 -29 -30 -31 -32 -33 -34 -35 -36 -37 -38 45 -40 -41 -42 -43 -44 -45 -46 -47
leaf_value=0.035685179749625269 -0.014986792475369161 -0.00978013006681582 0.026059563034032476 0.019762521326706074 -0.029719947566526971 0.028321976351789423 0.0069053688625716654 0.0054617242829112546 0.0023076060173226492 0.021667171614097119 0.043891673581273459 -0.033180353993568709 0.034262969719257005 0.0031825511668470033 0.014271139993121086 0.0057284847913432147 0.013620915282195467 0.017802341228770648 0.03660050911871586 -0.011406032295383084 0.0028877540531977359 -0.032943173701769343 0.0029447128297049232 -0.0097843551474787356 0.00163347869616441 -0.011100708867590863 0.013390864725651678 0.036477352999427712 0.0045632563368039752 0.031068037863390869 0.027135986819868049 -0.013905714169959293 -0.02077864110997539 0.015930310201055328 -0.014100689458791012 -0.0071634112539612797 -0.0030075216116598616 0.033600132231539584 -0.0061209708234113104 0.015453105143318433 -0.032291614917462935 0.042289232628483199 -0.025368770111978311 -0.037955336961309157 0.0083536492026567519 -0.0029932758402960815
leaf_weight=20950.236088335514 56896.07921038568 16707.956968739629 20919.49738740921 4268.8538304567337 12035.257122091949 43584.069308146834 13182.298667967319 77966.668296217918 7386.0154761523008 34248.530208781362 49628.280666351318 21049.292442806065 20563.964471518993 8025.5907004475594 16990.674671396613 1389.6492204368114 4336.4953710287809 39649.039214089513 17727.125906720757 9423.9548798948526 30728.671988397837 393.88927271962166 14428.870500281453 19891.756940275431 6488.9958456158638 16861.740288749337 18659.974524691701 23890.541169434786 3656.0861193984747 8732.3616272360086 28581.389501720667 8639.9778896570206 37139.851095862687 29838.880531251431 1444.906227439642 36764.540534436703 12951.295173421502 1342.6935239583254 7928.8592957407236 54311.313857376575 257.3511821180582 27628.248662769794 13331.612560272217 295.21381391584873 24359.308171853423 471.01636561751366
leaf_count=53187 261833 77582 49934 11891 85531 107599 31456 240402 16688 83636 128347 114195 51098 19901 39805 511 8285 96261 43135 57208 117096 152 53502 59955 31963 88064 43585 60528 14710 20549 71784 40742 222361 78454 2774 138057 43576 416 37307 139335 338 69248 85645 106 65003 194
internal_value=0.0100687 -0.00128078 0.0306614 0.00764139 -0.015066 0.0230758 -0.00857034 0.00265621 -0.000284602 0.0170029 0.0376485 -0.0235621 0.0350986 -0.00136988 0.00703888 -0.0025557 0.0182152 0.0206567 0.0307191 -0.0201876 -0.00132806 0.00959839 -0.00324341 -0.00482584 -0.0122247 -0.00756209 0.0102495 0.0322039 -0.00755575 0.0235814 0.0301221 -0.0216176 -0.0229705 0.0140904 0.00499085 -0.00492161 8.89578e-05 0.0115398 -0.0139032 0.0135922 0.0110082 0.0394461 -0.0301565 -0.00202794 0.010059 0.0241136
internal_weight=925949 596949 329000 362397 234551 157757 132931 236477 141520 125920 171243 101620 121614 44755.7 94957.3 115080 96446.2 60568.5 61311.2 67239 98372 26439.9 67643.3 31573.4 88175.7 23350.7 26046 73035.9 23547.8 42980.9 49145.4 57815.1 49175.1 35877.6 6038.75 53214.4 16449.9 3498.57 64824.9 82939.5 4593.85 48578.5 34380.9 1684.86 28628.2 1813.71
internal_count=3063929 2242957 820972 1092086 1150871 386780 545189 771672 491465 320414 434192 605682 305845 126022 280207 431040 236046 146195 150734 405842 353458 60425 236362 94566 419167 120027 60273 183410 74665 104185 122882 348634 307892 89851 11397 182860 44803 1227 299140 216229 8623 122435 199840 617 76894 610
is_linear=0
shrinkage=0.035


Tree=31
num_leaves=47
num_cat=0
split_feature=75 17 74 75 17 17 95 18 17 107 17 106 17 17 17 17 17 89 106 17 17 5 75 60 36 7 48 99 7 5 5 71 98 107 95 112 96 48 74 74 123 116 142 91 10 6
split_gain=166810 56253.6 15349.2 14049.6 8324.84 4604.08 3160.46 2331.89 2234.54 1703.61 1685.89 1626.44 1607.11 1381.4 1229.89 1044.03 947.604 823.717 759.967 1404.03 696.924 615.234 615.192 557.956 555.186 551.732 527.486 523.104 500.551 468.84 468.506 460.853 451.002 493.668 432.097 427.524 413.362 381.114 377.497 371.808 347.473 338.145 356.562 907.615 361.909 329.574
threshold=0.11122607439756395 0.31061333417892462 0.14446236193180087 0.068220831453800215 0.50316895544528972 0.61035025119781505 0.72604689002037059 1.0000000180025095e-35 0.70072525739669811 0.086326103657484068 0.22396993637084964 0.26566220819950109 1.0000000180025095e-35 0.42514967918396002 0.58756005764007579 0.66838845610618602 1.0000000180025095e-35 0.74335461854934703 0.2610385417938233 0.50316895544528972 0.68507987260818493 0.75088909268379223 0.38294176757335668 0.11035561189055444 0.65365403890609752 0.12795946747064593 0.3354459702968598 0.14015080779790881 -0.3762653768062591 1.192110061645508 1.0873826742172243 -0.090113010257482515 0.90000006556510936 0.287338137626648 0.67922097444534313 0.62224116921424877 0.54368567466735851 0.79721793532371532 0.070843391120433821 0.0033534027170389895 0.46148581802845007 0.29843521118164068 0.42382571101188665 -0.21505693346261975 0.48828019201755529 0.030925905331969265
decision_type=2 2 2 2 2 2 2 2 2 2 2 2 2 2 2 2 2 2 2 2 2 2 2 2 2 2 2 2 2 2 2 2 2 2 2 2 2 2 2 2 2 2 2 2 2 2
left_child=3 2 6 8 11 18 10 29 9 31 25 13 22 24 -6 -11 30 21 19 -5 -7 -14 -8 39 37 -2 -27 -28 -12 35 34 -1 33 -13 -9 -4 -21 -3 -23 -20 -30 42 -37 44 -44 -15
right_child=1 4 7 5 14 20 12 16 -10 15 28 32 17 45 -16 -17 -18 -19 23 36 -22 38 -24 -25 -26 26 27 -29 40 -31 -32 -33 -34 -35 -36 41 -38 -39 -40 -41 -42 -43 43 -45 -46 -47
leaf_value=0.026992379139113173 -0.016420630097419352 -0.00058790277297414233 -0.0278623120662316 0.006029809127826761 0.016096160158132183 0.028413169121966182 -0.0027771327966372317 -0.02031052445449525 0.043293188929393871 0.026889941291575174 -0.012274119481389949 0.013257434871896474 -0.0038212852503119264 0.015574393232995918 0.02501067237575515 0.035585864283891426 -0.012912072457869983 0.025567798201618416 0.016849988589056498 0.018583373946329574 0.039223499645376726 0.0097178131991164339 -0.016224745509086324 0.0040143427673272353 0.0059614068852879357 -0.011821545313506375 0.0018478835518296213 -0.011291237672940168 -0.0029409900728098754 -0.034130783693153012 -0.026126085804334755 0.040142469874720949 0.020803378760385408 0.0017288094228678607 -0.0075506715834788036 -0.0195310315133965 -0.024105017638064399 0.014678395921682488 -0.00061119183985738955 0.025090714726182184 0.042999395827719424 0.073469803881246021 0.16291125683130397 -0.020336590193746788 0.031317273588730404 0.0073907498707479523
leaf_weight=3565.6982705742121 22427.594514980912 63500.634729146957 18460.064737193286 15200.181064873934 63973.642257362604 52157.285991132259 16694.895168796182 28789.508036196232 48572.121237590909 38063.381166413426 7798.2846320420504 21333.631289660931 8225.2985373437405 6693.1341270655394 26998.303391039371 30694.5931237638 24791.312514588237 2424.7878337055445 9387.6464621722698 45164.122328564525 8557.4975578188896 18280.457369312644 5550.1818011552095 2063.801610276103 25711.953719064593 47358.467000722885 7968.8601511567831 6938.5266870111227 51248.30536070466 14920.452230848372 16515.172239989042 47520.763247415423 6942.1540805250406 5787.9309442937374 3678.0915585979819 2235.8586413636804 274.5341856777668 2062.4315949678421 5678.0607164651155 24088.409732550383 196.47757150232792 48.759837798774242 51.411537759006023 227.64629051834345 52.959015183150768 61019.632985562086
leaf_count=8986 125914 212337 129065 41374 162107 129837 49984 182538 128347 95890 37490 45991 19811 15477 64989 79184 127686 4595 20095 115032 20897 44288 18988 4497 88081 203794 38499 35152 187663 85692 100952 121785 18457 16076 15915 10520 236 6952 14792 54812 256 100 41 944 216 177595
internal_value=0.00978186 -0.00124249 -0.0115377 0.0299313 0.0100146 0.0223936 -0.00578413 -0.022061 0.0369522 0.0343801 -0.00854376 0.00590091 0.00120246 0.0044135 0.0187433 0.0307748 -0.0184943 0.00591997 0.0176276 0.0152419 0.0299407 0.0044349 -0.0061362 0.0216947 0.00160319 -0.0117118 -0.0100141 -0.00426911 -0.00401395 -0.0293661 -0.0213175 0.0392281 0.012841 0.0107984 -0.018867 -0.025984 0.0183221 -0.000106235 0.00726998 0.0227835 -0.00276037 -0.0126961 -0.0145031 0.0190755 0.10155 0.00820111
internal_weight=919895 594585 310561 325310 284023 156893 200790 109771 168417 119844 143937 193052 56853.7 158988 90971.9 68758 73774.1 34608.6 96178.7 60638.8 60714.8 32183.8 22245.1 35539.9 91275 84693.4 62265.9 14907.4 59243.1 35997.2 48982.8 51086.5 34063.7 27121.6 32467.6 21076.7 45438.7 65563.1 23958.5 33476.1 51444.8 2616.64 2567.88 332.017 104.371 67712.8
internal_count=3063929 2242957 1434895 820972 808062 386780 781226 653669 434192 305845 628768 580966 152458 500442 227096 175074 427091 83486 236046 156642 150734 78891 68972 79404 307370 403359 277445 73651 225409 226578 299405 130771 80524 62067 198453 140886 115268 219289 59080 74907 187919 11821 11721 1201 257 193072
is_linear=0
shrinkage=0.035


Tree=32
num_leaves=47
num_cat=0
split_feature=72 3 124 74 18 16 16 21 21 124 21 18 141 106 81 5 18 62 18 21 21 93 16 106 7 96 72 94 105 3 132 48 94 18 65 112 91 106 21 21 124 124 109 99 3 6
split_gain=137270 33884.6 19550 14367.2 6337.48 4500.89 4289.5 2729.59 2706.29 2520.57 1764.69 1682.34 1548.09 1444.17 1432.82 1374.86 1127.75 974.111 961.325 944.135 902.806 896.894 848.723 736.285 735.662 864.549 735.364 710.483 700.348 675.133 626.62 604.283 587.147 559.58 543.282 533.048 523.366 519.398 632.824 514.718 503.173 500.937 493.342 486.653 480.251 466.191
threshold=0.09953640773892404 0.10983433574438096 0.22447668015956881 0.14831778407096866 0.66838845610618602 0.31061333417892462 0.31061333417892462 1.0000000180025095e-35 0.20707555115222934 0.085083257406950011 0.42082133889198309 0.56247621774673473 -0.095156610012054429 0.26566220819950109 0.70000001788139354 1.10144579410553 0.53458327054977428 0.08792558312416078 0.68507987260818493 0.3354459702968598 0.3114724606275559 0.077137012034654631 0.42514967918396002 0.12335826456546785 0.23893519490957263 1.0000000180025095e-35 0.0029276463901624088 0.056553414091467864 0.0044960002414882192 0.083910979330539717 0.05000004172325135 0.24964435398578647 -0.056871129199862473 0.46720869839191442 -0.024235965684056279 0.38790552318096166 -0.63516589999198902 0.30929057300090795 0.2834331095218659 0.35638883709907537 0.096002407371997847 0.1156572997570038 0.49913181364536291 1.0000000180025095e-35 0.19067282974720004 0.48023611307144171
decision_type=2 2 2 2 2 2 2 2 2 2 2 2 2 2 2 2 2 2 2 2 2 2 2 2 2 2 2 2 2 2 2 2 2 2 2 2 2 2 2 2 2 2 2 2 2 2
left_child=1 2 5 8 14 9 11 15 24 17 -6 13 40 33 23 42 -10 27 -8 -11 -13 37 -12 -4 44 30 -15 29 41 32 34 -27 -1 -3 -26 -36 -37 38 -16 -25 -7 -14 -5 -38 -2 -22
right_child=3 6 4 7 10 12 18 -9 16 19 22 20 28 26 21 -17 -18 -19 -20 -21 45 -23 -24 39 25 31 -28 -29 -30 -31 -32 -33 -34 -35 35 36 43 -39 -40 -41 -42 -43 -44 -45 -46 -47
leaf_value=0.022323341013341432 -0.0072155919460291018 -0.0091187211670852204 -0.0077591671130583673 -0.019198180463729512 0.010078203392735515 0.033115695046767084 0.011347184551776879 -0.010910838096964146 -0.0058313852651246025 0.011136474511183278 0.020812136842651839 0.001431446896043419 0.040342622129018693 -0.0035009627676194197 0.0031065194503024961 -0.029551202898798173 0.00269663878683066 0.013162066290121267 0.020116896696295329 0.022389013758199225 0.0091631090156829957 0.0035942757954849965 0.028579686881326147 -0.00053342093721715214 0.062246648128152719 -0.010262073250784711 0.0074895157141448973 0.018946068733956926 0.026071601907652182 0.024579912533812694 -0.0086209767463117058 0.00044800379974876709 0.035178999266697951 -0.00034178469906959841 -0.011108855331946766 -0.013153438537823138 0.056226682194099979 0.023709949972538086 0.014470303917843732 0.01046669030401875 0.024554867123936622 0.034774669043499511 -0.030617910524454887 0.013022822697750239 -0.01486982361420618 0.021879220335289638
leaf_weight=4885.9752287268639 15241.397001042962 17068.314495772123 6783.180152580142 43999.853167064488 12275.084606677294 16725.819300189614 35516.550172239542 24687.058037623763 29263.139370769262 12394.830294936895 36621.676972225308 20311.51890039444 55690.307801827788 9633.8132493048906 7174.1270184218884 34256.044403120875 54111.016011014581 4025.3869252502918 26973.036727949977 34967.794155552983 57741.210165247321 12960.730619028211 32774.131147488952 9502.206713527441 315.31663006544113 25062.729488417506 32949.743047565222 5585.2333213090897 6166.573982834816 12021.515948012471 1515.3928805291653 8687.9471158832312 43481.984363690019 18588.662960082293 731.16474363207817 347.37359750270844 648.99923664331436 5873.5319665521383 36954.663334429264 11526.990543246269 17209.777668133378 31443.288794800639 5201.0110189914703 633.73759007453918 29569.000054359436 3761.2098668217659
leaf_count=11361 64269 72112 25593 278226 32596 42380 96795 125490 122577 26770 96114 55095 147532 24741 19795 210752 190114 9498 71030 89719 167708 40259 84237 27662 97 122344 85806 12871 16250 30073 612 42335 107811 67007 298 138 176 11998 99708 32735 44404 82850 34551 211 129041 10188
internal_value=0.0095035 0.0183864 0.0242712 -0.0112109 0.0152452 0.0306341 0.00735792 -0.0211391 -0.00474741 0.0256873 0.0223189 0.00432133 0.0351956 0.00065174 0.00887986 -0.0241636 -0.000296675 0.0299079 0.0151343 0.0194462 0.00783023 0.0118022 0.0244829 0.00226269 -0.0092311 -0.00564304 0.00500276 0.0309282 0.0375272 0.0320342 0.00933751 -0.00750528 0.0338835 -0.00454421 0.0195048 0.0136502 0.0247609 0.0139288 0.0126237 0.00549705 0.0287796 0.038336 -0.0204091 0.0350486 -0.0122679 0.00994297
internal_weight=913860 639589 417045 274271 172446 244598 222544 108144 166127 117363 81670.9 160054 127236 78240.5 90775.4 83456.9 83374.2 70000.1 62489.6 47362.6 81813.9 62963.1 69395.8 27812.4 82753.1 37942.7 42583.6 65974.7 93300.2 60389.5 4191.98 33750.7 48368 35657 2676.59 2361.28 1630.11 50002.3 44128.8 21029.2 33935.6 87133.6 49200.9 1282.74 44810.4 61502.4
internal_count=3063929 1742698 1092216 1321231 470697 621519 650482 649019 672212 288103 212947 482657 333416 249666 257750 523529 312691 171614 167825 116489 232991 171760 180351 85990 359521 166211 110547 162116 246632 149245 1532 164679 119172 139119 920 823 525 131501 119503 60397 86784 230382 312777 387 193310 177896
is_linear=0
shrinkage=0.035


Tree=33
num_leaves=47
num_cat=0
split_feature=75 17 74 75 17 17 106 18 17 75 107 106 17 17 17 17 26 17 106 17 72 26 79 1 5 17 112 6 7 112 98 107 18 17 71 22 17 7 6 74 17 6 6 96 7 6
split_gain=149878 51975.8 14048.1 11816.1 8048.13 4003.39 2700.45 2298.13 2012.38 1687.35 1628.81 1522.79 1291.45 1235.22 1217.52 905.902 883.816 796.564 792.784 979.434 787.738 550.677 508.278 506.416 472.108 452.328 458.37 444.916 428.443 426.551 424.739 459.839 415.394 425.921 412.329 405.785 387.024 382.39 373.172 367.434 360.843 360.358 353.43 350.601 348.453 359.659
threshold=0.10698579624295236 0.31061333417892462 0.14446236193180087 0.065526459366083159 0.50316895544528972 0.61035025119781505 0.26218770444393164 1.0000000180025095e-35 0.70072525739669811 0.20256056636571887 0.086326103657484068 0.26566220819950109 0.58756005764007579 0.42514967918396002 0.22396993637084964 0.65050083398818981 0.37446653842926031 0.68507987260818493 0.2610385417938233 0.50316895544528972 0.17666920274496081 0.31061333417892462 0.89817687869071972 0.11035561189055444 1.192110061645508 1.0000000180025095e-35 0.43677137792110449 0.46845349669456487 0.068067871034145369 0.62224116921424877 0.90000006556510936 0.287338137626648 0.37446653842926031 1.0000000180025095e-35 -0.082366138696670518 1.2091473340988161 0.22396993637084964 -0.3762653768062591 0.11745913326740266 0.0033534027170389895 0.65050083398818981 0.4138243049383164 0.27852417528629309 0.036261685192584998 0.37795858085155493 -0.32836462557315821
decision_type=2 2 2 2 2 2 2 2 2 2 2 2 2 2 2 2 2 2 2 2 2 2 2 2 2 2 2 2 2 2 2 2 2 2 2 2 2 2 2 2 2 2 2 2 2 2
left_child=3 2 6 8 11 18 14 24 10 32 34 13 -6 37 21 -12 25 -7 19 -5 27 41 -21 39 29 26 -9 36 -16 -4 31 -13 33 -8 -1 -34 -11 38 -3 -20 -14 -2 -22 -25 45 -18
right_child=1 4 7 5 12 17 9 16 -10 20 15 30 40 -15 28 -17 44 -19 23 22 42 -23 -24 43 -26 -27 -28 -29 -30 -31 -32 -33 35 -35 -36 -37 -38 -39 -40 -41 -42 -43 -44 -45 -46 -47
leaf_value=0.0272373765526913 -0.015202619565078198 -0.010713301725083399 -0.027109161943083403 0.0057728400708507814 0.015125184594143295 0.027267680296001476 0.0029810372860457823 -0.024199683538441347 0.042277744536778079 -0.0046720828679496377 0.024144167224030948 0.012406681533569722 0.022142356402162618 0.0076106078325849031 -0.011725358091905169 0.03302548676714169 0.074996847605407299 0.037994963692205549 0.016669695721422646 0.017532337839542434 -0.015387558802082587 -0.0080076782289223106 -0.040449513421040084 -0.029243688428997619 -0.033540340212762074 -0.014915012922964278 -0.015656854428833564 0.028405622683256193 -0.0031670326634765174 -0.011751868167005949 0.019655599324626478 0.0013858875659379685 0.0030803814513133418 0.015726826355445155 0.039341424598046647 -0.034764444028733354 0.0031112427149737392 0.0021383497323006042 0.006045169885508103 0.024995778328525751 0.032600206694987054 -0.0013681631523528828 -0.0005577633105650707 0.010758446331889205 0.00091664759771442064 -0.013155330498299532
leaf_weight=3815.6421378403902 39428.281112283468 5653.2077588737011 17780.458158649504 11622.134582608938 68152.414529517293 53821.923990368843 5428.2472685724497 28050.986564077437 45751.780411094427 28792.299939066172 22754.380969792604 22706.234770551324 25225.132711157203 70033.441304087639 8694.9709534049034 37345.224713236094 51.026996277272701 10127.156767994165 9142.0806436687708 41296.065245866776 9535.0574790835381 27411.577099695802 180.48584167659283 321.31201668083668 14215.968274667859 16525.970320567489 10679.61222679168 570.78897835314274 40694.754541546106 2548.292812012136 7236.9598975777626 5832.2603013813496 16964.391696453094 7877.9625664353371 43412.483467102051 348.31182309985161 10740.292478606105 84561.247382819653 2279.6272671073675 22968.746913269162 4856.3691280186176 2452.5539049655199 2482.5991552770138 1485.4834431707859 2704.7631104961038 13939.186108805239
leaf_count=9870 191951 24656 129065 31264 172715 136681 14302 186545 126035 93688 58043 48613 61563 198829 41806 99124 233 25734 19975 105889 34482 138448 162 96 85692 86973 55771 1960 153320 11821 19178 16130 42609 16984 115574 217 30644 276519 9229 53162 11452 12519 12993 3844 16026 81543
internal_value=0.00922632 -0.000856076 -0.0109278 0.0292702 0.0096022 0.0223205 -0.00549155 -0.0212087 0.0361228 -0.000637694 0.0334968 0.00554357 0.0177944 0.00410422 -0.00887517 0.0296658 -0.017643 0.02897 0.0174319 0.0147578 -0.00446853 -0.011868 0.017274 0.0216147 -0.028631 -0.0197759 -0.0218471 -0.00211203 -0.00467513 -0.0251885 0.0120805 0.0101555 0.00588266 0.0105315 0.0383673 0.0023067 -0.00255712 0.00144889 -0.00589546 0.0226291 0.0238371 -0.014393 -0.0123266 0.00356658 -0.0105787 -0.0128012
internal_weight=908500 604455 307918 304045 296537 150965 201422 106496 153080 82740 107328 198303 98233.9 162528 118682 60099.6 71951.5 63949.1 87016.3 53098.7 52121 69292.4 41476.6 33917.6 34544.7 55256.6 38730.6 40103.4 49389.7 20328.8 35775.5 28538.5 30618.9 13306.2 47228.1 17312.7 39532.6 92494.1 7932.84 32110.8 30081.5 41880.8 12017.7 1806.8 16695 13990.2
internal_count=3063929 2278476 1439592 785453 838884 376807 785923 653669 408646 247879 282611 593154 245730 509233 538044 157167 427091 162415 214392 137315 173767 342918 106051 77077 226578 329289 242316 126292 195126 140886 83921 64743 74112 31286 125444 42826 124332 310404 33885 73137 73015 204470 47475 3940 97802 81776
is_linear=0
shrinkage=0.035


Tree=34
num_leaves=47
num_cat=0
split_feature=75 17 75 17 74 17 17 112 107 17 5 107 17 106 17 75 123 17 18 17 17 26 75 17 1 22 36 48 112 18 98 106 96 3 22 36 18 74 2 17 112 109 106 17 5 106
split_gain=141688 48768.9 11690.7 11466.3 9066.63 4056.72 3012.44 2287.92 1963.94 1891.22 1775.62 1562.11 1238.69 1018.85 825.393 802.409 731.735 714.91 1104.93 722.482 669.269 660.609 608.86 595.826 551.542 541.441 503.248 541.824 457.25 457.496 456.313 515.222 425.476 425.358 412.964 388.89 382.41 366.552 362.899 340.71 337.328 335.53 329.02 325.998 320.763 314.279
threshold=0.10698579624295236 0.22396993637084964 0.064153570681810393 0.50316895544528972 0.14831778407096866 0.63123199343681347 0.37446653842926031 0.57923510670661937 0.28985552489757543 0.70072525739669811 1.1281778812408449 0.086326103657484068 0.61035025119781505 0.29641240835189825 0.66838845610618602 0.1970573961734772 0.45115610957145696 0.58756005764007579 0.61035025119781505 0.50316895544528972 1.0000000180025095e-35 0.50316895544528972 0.25903946161270147 0.68507987260818493 0.11035561189055444 0.8474167287349702 0.53974768519401561 0.40690015256404882 0.40656641125679022 1.0000000180025095e-35 0.76306825876235973 0.12687792629003528 0.085984662175178542 0.10022674873471261 1.0000000180025095e-35 0.91516658663749706 0.58756005764007579 0.0043237474747002133 -0.16136819124221799 0.56247621774673473 0.62224116921424877 0.41747789084911352 0.17419110983610156 0.42514967918396002 0.74716442823410045 0.23825876414775851
decision_type=2 2 2 2 2 2 2 2 2 2 2 2 2 2 2 2 2 2 2 2 2 2 2 2 2 2 2 2 2 2 2 2 2 2 2 2 2 2 2 2 2 2 2 2 2 2
left_child=2 4 9 6 7 17 8 20 16 11 21 33 39 30 -13 -9 25 18 24 -20 41 28 45 -7 37 36 27 32 29 -6 31 -8 -10 -1 40 38 44 -4 -17 -5 -12 -2 -28 -32 -3 -22
right_child=1 3 5 12 10 23 13 15 26 -11 34 14 -14 -15 -16 35 -18 -19 19 -21 22 -23 -24 -25 -26 -27 42 -29 -30 -31 43 -33 -34 -35 -36 -37 -38 -39 -40 -41 -42 -43 -44 -45 -46 -47
leaf_value=0.038753074237932394 -0.013310504769956742 0.0013373380897546349 0.016388189082882421 0.013606330872227403 -0.028534048716607623 0.028018734536313022 -0.0029203546936881655 0.0075208263630697544 0.0043844206499770505 0.04176352036913341 -0.0342786235515221 0.025139284163722467 0.025497465854965026 0.016504500345188185 0.033680798352142563 -0.013891485393718442 0.016333193075707145 0.022412958926083838 0.0053006391655836893 0.015329178236857526 -0.0071523535861412494 -0.0097216206004895993 -0.011065251607770728 0.037270614743022769 0.0013129767258196511 -0.01024530385671692 0.0030110566541630404 0.0013581272464359068 -0.014652106609820623 -0.019760144914573084 0.0047291555163572665 0.0055283514667766832 -0.0075041846579485313 0.024012506280318521 -0.023649128626377299 0.015250005477233821 9.7416165535238095e-05 0.025095660564760189 -0.0024584841899595485 0.018364800693768356 -0.022789515880811292 -0.026976873829152672 -0.0046659775454556242 0.0094535875998718027 0.010077599169648919 0.00069048184293426748
leaf_weight=42701.026706382632 32422.487545184791 7293.4934447258711 8612.1823617219925 51018.845004335046 9651.7263149917126 39753.805657759309 12087.553201124072 12052.734433040023 3997.1780150532722 44288.454697728157 15140.388639613986 29656.779138833284 18012.909116640687 12620.273852273822 26278.19409738481 4395.7391424626112 6627.6590614318848 30944.716584324837 12249.787249147892 31349.444923326373 16276.735977947712 9058.0167227014899 37761.969783172011 10961.542982801795 1604.7456636875868 3101.2218877226114 20890.062541931868 13312.997350305319 14719.690674833953 30275.918274007738 28501.325814440846 32881.380607694387 46944.260623559356 2582.7758606374264 12462.174009613693 1222.7260813117027 13023.98153616488 19393.10516770184 14988.255232468247 29033.346081480384 4020.5345842689276 2363.9632112756371 10159.275698319077 48199.292339026928 17480.601119711995 10162.557705655694
leaf_count=116029 166188 19360 19064 130211 74163 102080 41359 29167 4979 124843 94208 77278 43701 28418 71068 14999 14420 78754 32689 80090 69907 57208 179300 28454 3585 7332 79242 53655 83034 191437 86485 94382 189084 6701 85645 4856 41896 44818 44416 71818 19987 12336 39185 132771 46363 26964
internal_value=0.00896386 -0.000830597 0.0285984 0.00691664 -0.0136365 0.0219037 0.00327663 -0.00768323 -0.000261714 0.0357225 -0.0218568 0.0330768 0.017202 0.00703992 0.0291554 0.000349334 0.00554954 0.0179488 0.01606 0.0125128 -0.0103334 -0.0184874 -0.00821326 0.0300228 0.0212791 0.00379972 -0.00315998 -0.00492784 -0.0199389 -0.0218853 0.00605736 0.00325708 -0.00657075 0.0379158 -0.0286394 -0.00384577 0.00495374 0.0224223 -0.00505511 0.0153335 -0.0318762 -0.014244 0.00049845 0.00769865 0.00750577 -0.00413797
internal_weight=902538 602161 300377 375186 226976 154869 277121 131647 142831 145507 95328.4 101219 98065.1 134290 55935 32659.5 47527 104154 73209.3 43599.2 98987.7 63705.4 64201.3 50715.3 29610 40899.3 95303.8 64254.4 54647.3 39927.6 121670 44968.9 50941.4 45283.8 31623.1 20606.7 37798.1 28005.3 19384 80052.2 19160.9 34786.5 31049.3 76700.6 24774.1 26439.3
internal_count=3063929 2278476 785453 1124661 1153815 389534 878931 548133 495516 395919 605682 271076 245730 383415 148346 93438 129371 259000 180246 112779 454695 405842 276171 130534 67467 114951 366145 247718 348634 265600 354997 135741 194063 122730 199840 64271 107619 63882 59415 202029 114195 178524 118427 219256 65723 96871
is_linear=0
shrinkage=0.035


Tree=35
num_leaves=47
num_cat=0
split_feature=75 17 75 17 74 17 17 95 95 17 18 107 17 106 75 17 7 17 106 26 129 17 48 3 17 36 3 89 36 129 72 21 22 7 7 98 5 60 112 48 7 112 99 7 96 98
split_gain=133964 45736.3 11562.4 10714.3 8727.42 3922.58 2801.22 2318.6 2037.07 1907.64 1764 1559.71 1180.22 949.335 878.111 799.794 708.85 681.903 1056.89 680.244 628.222 590.596 558.154 553.44 552.489 536.331 532.155 500.674 492.355 592.216 533.174 489.577 474.657 469.306 587.873 549.006 464.927 449.451 418.845 406.25 446.771 393.44 392.157 391.853 553.963 417.752
threshold=0.10698579624295236 0.22396993637084964 0.064153570681810393 0.50316895544528972 0.14831778407096866 0.63123199343681347 0.37446653842926031 0.72604689002037059 0.70756354928016674 0.70072525739669811 1.0000000180025095e-35 0.1003679856657982 0.61035025119781505 0.30929057300090795 0.32034757733345037 0.65050083398818981 -0.3762653768062591 0.58756005764007579 0.25515867769718176 0.22396993637084964 -0.14345060288906095 0.68507987260818493 0.35638883709907537 0.10022674873471261 0.50316895544528972 0.44559228420257574 0.10152332484722139 0.67529121041297924 0.61270344257354747 -0.29527980089187617 0.070075593888759627 1.3166165351867678 1.2091473340988161 -0.3762653768062591 0.022479261271655563 0.76306825876235973 1.192110061645508 0.11035561189055444 0.62224116921424877 0.42082132399082189 0.23583399504423144 0.44877888262271887 0.086544971913099303 0.24380346387624743 1.0000000180025095e-35 0.77500006556510936
decision_type=2 2 2 2 2 2 2 2 2 2 2 2 2 2 2 2 2 2 2 2 2 2 2 2 2 2 2 2 2 2 2 2 2 2 2 2 2 2 2 2 2 2 2 2 2 2
left_child=2 4 9 6 7 17 8 25 16 11 36 23 -5 33 26 -13 -3 18 24 41 32 -7 28 -1 -4 39 27 -9 29 30 -18 -26 -10 -8 -35 -36 38 -20 -6 40 -2 -12 -27 -28 45 -45
right_child=1 3 5 12 10 21 13 14 20 -11 19 15 -14 -15 -16 -17 22 -19 37 -21 -22 -23 -24 -25 31 42 43 -29 -30 -31 -32 -33 -34 34 35 -37 -38 -39 -40 -41 -42 -43 -44 44 -46 -47
leaf_value=0.037805206406549968 -0.01755288156081692 -0.0094414264560237667 0.0050232925726882731 0.014810840135904413 -0.026428049069146909 0.027325438321307353 -0.002923437026898719 0.0034480763001444644 0.013481948557303756 0.041257230909203156 -0.022961783262963137 0.022313925080398297 0.024757301544426159 0.017061237635235212 -0.0079187560232660357 0.031485515987134831 0.024825411123828911 0.021772836506258119 0.021016003715466754 -0.013186817139275889 0.00020397551792988733 0.036608662592735479 0.002583661724653311 0.022302599732971908 0.014558142760051261 -0.0012245525252530432 -0.0035066603207050003 0.023433129533177475 0.0028891045131392572 -0.0051490518185358589 -0.0066412987946115609 -0.055736417271340599 -0.037422962138046599 0.017182510556541467 0.0026946516764429248 0.007781549831787425 -0.032964227738113978 0.0034075328838529336 -0.010965530917990353 -0.0047333245331203627 -0.010909752232581719 -0.014810557739066159 -0.0098514433402260258 -0.0021307182692273299 0.0026478786273195702 0.045555510594352956
leaf_weight=46441.614647641778 22429.802846856415 14231.918082788587 11169.334620818496 79978.392536267638 17077.998059697449 39343.239469185472 6899.2081072181463 3885.1647604256868 16521.854654535651 43280.738157942891 27609.341598495841 18624.893295571208 17904.260431975126 10179.987570077181 15074.107278391719 31512.50572155416 1566.34426240623 30743.371879264712 32247.390104904771 23290.07366707176 6839.0729700773954 10772.623406872153 33803.339295998216 3038.878413900733 27549.666969582438 9765.9848980084062 14713.660823538899 2537.3302508890629 14442.358069494367 53977.635581970215 1132.1834068596363 116.1053704470396 221.77511410415173 5949.5797151476145 41352.592189386487 70023.481224864721 13479.249448686838 1883.1584857404232 2470.3176295012236 6769.7238716930151 27881.630390204489 9914.2544132396579 19057.392899483442 332.64584022760391 7904.9473487734795 684.19467829167843
leaf_count=128251 108738 68004 30246 202029 129001 102080 25280 8416 35783 124843 182882 48578 43701 22553 48842 86191 2667 78754 74203 143182 16701 28454 127608 8056 71713 48274 38249 4786 53087 188597 2987 52 82 17745 122858 194979 85533 4032 11725 35395 129253 53359 98695 119 27126 240
internal_value=0.00870882 -0.000805858 0.0279448 0.00667756 -0.0132857 0.021284 0.00316157 -0.00745007 -0.000252928 0.0351136 -0.0214332 0.032442 0.0166317 0.00678764 -0.00102645 0.0280817 -0.00211323 0.0173966 0.015551 -0.0178929 0.0091442 0.0293252 -0.00111865 0.0368561 0.0115983 -0.0108245 0.00243065 0.0113594 -0.00287858 -0.00434862 0.0116347 0.0142508 0.012794 0.00594489 0.00646658 0.00589317 -0.0279473 0.0200455 -0.0244785 -0.0127901 -0.0138733 -0.0208111 -0.00692963 1.78669e-06 0.00578731 0.0300261
internal_weight=896625 599902 296724 375024 224878 153825 277141 131037 142736 142899 93841.2 99617.9 97882.7 134405 45132.1 50137.4 119154 103709 72965.7 60813.7 23582.7 50115.9 104922 49480.5 38835.1 85904.5 30057.9 6422.5 71118.5 56676.2 2698.53 27665.8 16743.6 124225 117326 111376 33027.6 34130.5 19548.3 57081.2 50311.4 37523.6 28823.4 23635.4 8921.79 1016.84
internal_count=3063929 2278476 785453 1124661 1153815 389534 878931 548133 495516 395919 605682 271076 245730 383415 127778 134769 442950 259000 180246 379423 52566 130534 374946 136307 102011 420355 78936 13202 247338 194251 5654 71765 35865 360862 335582 317837 226259 78235 140726 273386 237991 236241 146969 65734 27485 359
is_linear=0
shrinkage=0.035


Tree=36
num_leaves=47
num_cat=0
split_feature=73 17 17 17 74 107 17 95 5 17 73 107 17 106 17 123 3 25 6 17 17 39 73 7 48 17 95 99 72 17 89 106 6 74 3 25 3 17 113 36 98 74 78 94 1 21
split_gain=125507 40025.8 12595.9 9723.56 8368.03 6227.95 3949.88 2147.92 1743.2 1715.82 1568.97 1562.35 1324.86 1307.14 1120.13 785.772 763.5 619.972 612.229 592.774 586.111 575.483 551.215 506.372 590.779 489.772 484.033 477.235 473.266 472.01 461.967 434.704 410.169 395.401 381.244 380.261 377.302 362.971 346.591 333.826 333.174 332.736 326.134 323.947 322.928 497.568
threshold=0.10764100775122644 0.22396993637084964 0.66838845610618602 0.46720869839191442 0.14831778407096866 0.059846540912985809 0.56247621774673473 0.72604689002037059 1.1281778812408449 0.58756005764007579 0.06503304094076158 0.36243815720081335 0.37446653842926031 0.22053109854459765 0.70072525739669811 0.45115610957145696 0.17208402603864673 0.22396993637084964 0.27539668977260595 0.31061333417892462 0.63123199343681347 0.50316895544528972 0.05610011704266072 -0.21330691874027249 0.3354459702968598 0.50316895544528972 0.68305242061615001 0.14015080779790881 0.48794487118721014 1.0000000180025095e-35 0.77802231907844555 0.26969671249389654 0.46845349669456487 0.27216647565364843 0.24980699270963672 1.0000000180025095e-35 0.10022674873471261 0.53458327054977428 0.21041066199541095 0.20707555115222934 0.9375000298023225 0.37674115598201757 0.20707555115222934 0.19668016582727435 -0.14922878146171567 1.0000000180025095e-35
decision_type=2 2 2 2 2 2 2 2 2 2 2 2 2 2 2 2 2 2 2 2 2 2 2 2 2 2 2 2 2 2 2 2 2 2 2 2 2 2 2 2 2 2 2 2 2 2
left_child=2 4 5 11 7 10 13 23 17 37 -1 15 18 25 -4 19 30 26 -13 -3 31 28 -15 -2 39 -7 29 -26 32 41 43 -8 42 -10 -28 -24 -12 -5 44 -25 -14 -6 -18 -9 45 -21
right_child=1 3 14 9 8 6 20 16 33 -11 36 12 40 22 -16 -17 21 -19 -20 38 -22 -23 35 24 27 -27 34 -29 -30 -31 -32 -33 -34 -35 -36 -37 -38 -39 -40 -41 -42 -43 -44 -45 -46 -47
leaf_value=0.037513846572260479 -0.01632325044526612 0.00022292765290521775 0.033015027956297467 0.0097611676796715025 -0.020801954858934699 0.0043292990045882369 0.019851850644303351 0.0034635564049236398 -0.023441605951541496 0.020904926067437116 0.027230385271444876 -0.0073046965312999687 0.0024732104729966657 0.024596803025671334 0.04064377945920896 0.017278758147175333 -0.017316468156832045 -0.0093191492693473314 -0.0010287950593192026 -0.024674599253791136 0.026302749987206726 0.008574775894423816 0.017440967211424477 -0.013692632227630465 0.0022715234764336956 0.012198115685792892 0.0043983451583042687 -0.0095993439412199229 -0.029968563681376389 -0.014061641851858729 0.01770461930708582 0.030387406029543058 0.033160843005145817 -0.031514248347288908 -0.014915088057196123 0.0090168581004110848 0.014802957365372387 0.014262195520933706 0.0026908315137513686 -0.0081374239022150192 0.011234417866816501 -0.029447958570610139 -0.0046919680811990773 -0.015598942844726581 0.0097646111629954551 0.0049487135313487102
leaf_weight=31107.024039253592 15095.325198315084 28837.515572562814 48676.198087573051 57991.961147740483 27195.243891268969 19878.543397545815 50414.553384035826 14984.578109204769 13639.999654740095 31611.041470423341 9938.7904111295938 32956.173972219229 48430.915319144726 9382.0953957140446 46283.115893706679 6131.1864334642887 2896.8594336658716 9326.2162091135979 45101.391157597303 808.83303733170033 43324.585937827826 3364.2439673095942 21923.47210791707 27876.327639915049 8553.7315601631999 18926.759540960193 1543.7216686159372 8044.6632430702448 1036.1626769378781 10545.735995456576 2699.2813046872616 5328.7426631450653 319.88424600660801 16704.172904595733 6553.077938400209 9407.9792750328779 4324.362073212862 35429.737856730819 20199.846736267209 25355.793125510216 5968.9739650934935 6885.9253316298127 18483.644524246454 1171.8465335816145 31425.678078025579 4699.9624616056681
leaf_count=86804 90620 90754 134189 152995 190795 56914 130374 38271 86125 78887 25340 124405 153141 22316 135606 13462 7587 59249 185686 580 114830 12896 48301 122697 42131 50006 6657 42054 3706 59368 5657 13442 1161 113715 34360 19454 11492 89304 60857 121272 18735 55413 55233 3480 78094 15514
internal_value=0.00846072 -0.00135013 0.0260529 0.0060332 -0.0129624 0.0215224 0.0185793 -0.00723408 -0.0210139 0.0138556 0.033103 0.00167748 -0.000756859 0.0127676 0.0367357 0.00517833 -0.00104741 -0.0176482 -0.00367897 0.00431412 0.0232431 -0.00492387 0.0171488 -0.0105087 -0.00925029 0.00816873 -0.0191201 -0.00348273 -0.00692334 -0.0205495 0.00431793 0.0208623 -0.00581458 -0.0278912 -0.0112312 0.0149139 0.023471 0.0114691 0.00637869 -0.0110479 0.00343582 -0.022554 -0.00640726 0.00207511 0.00839461 0.000575548
internal_weight=890786 571870 318916 349593 222276 223957 178587 129882 92394.1 125033 45370.2 224560 132457 79518.8 94959.3 92103 44956.5 62049.9 78057.6 85971.8 99067.9 26100.8 40713.5 84925.8 69830.5 38805.3 52723.7 16598.4 22736.6 44626.9 18855.7 55743.3 21700.4 30344.2 8096.8 31331.5 14263.2 93421.7 57134.3 53232.1 54399.9 34081.2 21380.5 16156.4 36934.5 5508.8
internal_count=3063929 2214861 849068 1062414 1152447 579273 455637 546765 605682 321186 123636 741228 481967 196991 269795 259261 127991 405842 310091 245799 258646 80583 90071 418774 328154 106920 346593 84185 67687 305576 47408 143816 63981 199840 41017 67755 36832 242299 155045 243969 171876 246208 62820 41751 94188 16094
is_linear=0
shrinkage=0.035


Tree=37
num_leaves=47
num_cat=0
split_feature=75 17 75 17 74 17 17 95 95 18 17 107 17 106 75 17 3 107 26 129 7 17 17 21 14 48 3 18 5 73 140 17 7 7 98 112 17 112 73 7 7 78 109 129 109 107
split_gain=119879 40220.9 11332.8 9398.85 8063.48 4157.68 2443.72 2047.67 1787.87 1731.06 1553.58 1449.04 1083.31 862.711 789.79 727.857 686.287 755.867 648.556 639.922 626.452 625.111 561.482 540.649 514.099 502.781 470.772 467.297 466.518 443.042 427.543 427.453 419.954 524.094 507.681 411.62 397.591 380.937 379.019 362.148 516.999 395.589 355.533 432.134 339.965 333.646
threshold=0.10698579624295236 0.22396993637084964 0.060146708041429527 0.50316895544528972 0.14831778407096866 0.63123199343681347 0.37446653842926031 0.72604689002037059 0.6867521107196809 1.0000000180025095e-35 0.70072525739669811 0.088557366281747832 0.61035025119781505 0.29641240835189825 0.32034757733345037 0.68507987260818493 0.10436459630727769 0.14876513183116916 0.22396993637084964 -0.14345060288906095 0.0089192749001085776 0.66838845610618602 0.53458327054977428 1.1874129772186282 0.22396993637084964 0.39170669019222265 0.10152332484722139 0.22396993637084964 1.192110061645508 0.17393495142459872 -0.17661187797784803 0.56247621774673473 -0.3762653768062591 0.022479261271655563 0.76306825876235973 0.62224116921424877 1.0000000180025095e-35 0.44877888262271887 0.29169528186321264 0.24380346387624743 0.24796082824468615 0.3114724606275559 0.27315263450145727 -0.24162884056568143 0.51508614420890819 0.51029953360557567
decision_type=2 2 2 2 2 2 2 2 2 2 2 2 2 2 2 2 2 2 2 2 2 2 2 2 2 2 2 2 2 2 2 2 2 2 2 2 2 2 2 2 2 2 2 2 2 2
left_child=2 4 10 6 7 16 8 24 20 28 11 -1 -5 32 26 -7 17 -4 37 23 -3 -13 -19 -10 36 29 27 -9 35 30 -22 -18 -8 -34 45 -6 -2 -11 -38 41 42 -28 43 -41 -21 -35
right_child=1 3 5 12 9 15 13 14 19 18 -12 21 -14 -15 -16 -17 31 22 -20 44 25 -23 -24 -25 -26 -27 39 -29 -30 -31 -32 -33 33 34 -36 -37 38 -39 -40 40 -42 -43 -44 -45 -46 -47
leaf_value=0.03675333934998657 -0.016167307329459851 -0.0085089585641864203 0.022875768143638803 0.013827658650651097 -0.025667702983301947 0.026124233255929979 -0.0030803050298442024 0.021396606644221609 0.011818316920410054 -0.022122460697660027 0.040373785189279546 0.023453955527564529 0.023405421052839315 0.015025171351922242 -0.007542753498297531 0.035460210561112079 0.0096755713238553323 0.0090448411159790524 -0.012436745646848399 -0.0015088885639942453 0.027300495145764114 0.031824668508661995 0.018083403399486803 -0.042450011704698226 -0.0063942986213105122 0.0025682296595976647 -0.01318326488160571 0.0023654908320805937 -0.03237295976358006 -0.0045842435420875875 0.00063738842039676885 0.017533594878970882 0.016267047078632552 0.0051168702022437347 0.0072009775850920997 -0.010155560816300221 -0.0065734609401462271 -0.014002202841024713 -0.013718349002291868 0.0020405915931121935 0.00210375975141821 -7.5229813471364782e-06 -0.0040542516981436115 0.053226305173099578 0.054892747386952059 -0.0012589485222886149
leaf_weight=40576.419190660119 19699.769368566573 16399.410844743252 29943.349943205714 79813.34142665565 16442.946632921696 43392.95899143815 6733.3464380651712 2805.7160476446152 19240.901523977518 26762.318235464394 39867.498629629612 22403.807994157076 17690.737868189812 12619.544964462519 14970.439048491418 13483.201460972428 22153.94717849791 11635.077149763703 22849.169359050691 7871.1446839869022 761.71837382018566 21601.409561961889 30693.139566227794 221.7357157766819 28657.784725964069 31001.720539599657 3742.2564161121845 3616.0761898159981 12822.427876651287 48655.09598493576 18272.991699263453 13781.313204541802 5685.0449960231781 22500.981495514512 68906.544992148876 2416.0858708247542 19049.514967903495 9691.4371955543756 17449.49854452908 294.96335786581039 7652.1285216957331 10940.666133746505 348.67216946184635 641.37095350027084 127.12402521073818 18165.324046656489
leaf_count=116719 110491 77727 76070 202029 129001 115454 24733 5471 42416 182882 120638 60467 43701 28418 48842 37272 55211 27293 143182 19615 1137 61518 79244 89 144956 117763 9397 7731 85533 182870 53656 35567 16942 61988 192219 11725 75291 53359 89617 268 26576 28852 255 386 243 59115
internal_value=0.00821906 -0.000762621 0.0266926 0.00622087 -0.0126097 0.0206788 0.00293273 -0.00701136 -0.000260838 -0.0205995 0.0346684 0.0319764 0.0155668 0.00631462 -0.000976698 0.0283411 0.0166499 0.0186167 -0.017067 0.00776249 -0.0021756 0.027567 0.0156007 0.0111867 -0.0102121 -0.00112265 0.00229586 0.0106939 -0.0272069 -0.00281327 0.0017131 0.0126918 0.00541277 0.00590915 0.0053708 -0.0236847 -0.0121578 -0.0199665 -0.00999123 1.01109e-05 0.00556326 -0.00337025 0.0260521 0.0372268 -0.000570875 0.00226886
internal_weight=885052 595520 289532 374667 220853 165083 277163 129869 142552 90984.4 124449 84581.6 97504.1 134611 45012.3 56876.2 108207 72271.6 59302.9 27460.9 115091 44005.2 42328.2 19462.6 84856.6 98691.5 30041.8 6421.79 31681.5 67689.8 19034.7 35935.3 121991 115258 109573 18859 56198.8 36453.8 36499 23620.1 8937.14 14682.9 1285.01 936.334 7998.27 40666.3
internal_count=3063929 2278476 785453 1124661 1153815 426111 878931 548133 495516 605682 359342 238704 245730 383415 127778 152726 273385 182607 379423 62363 433153 121985 106537 42505 420355 355426 78936 13202 226259 237663 54793 90778 354997 330264 313322 140726 275399 236241 164908 65734 27485 38249 909 654 19858 121103
is_linear=0
shrinkage=0.035


Tree=38
num_leaves=47
num_cat=0
split_feature=75 74 75 75 18 16 3 75 3 107 21 64 107 6 72 74 5 3 90 74 90 95 26 73 109 107 6 18 7 7 32 129 21 132 79 142 64 107 7 59 112 90 18 78 99 95
split_gain=113380 34512.4 10690.5 6962.3 4133.09 2454.4 1982.2 1833.57 1715.26 1451.07 1326.22 1097.49 962.21 890.296 793.607 762.19 750.236 728.348 642.348 629.659 610.776 564.446 532 525.35 508.734 503.793 502.843 473.027 454.584 543.139 436.482 408.963 503.13 473.47 415.473 388.566 385.643 416.298 377.74 377.203 371.687 362.477 359.873 358.321 428.293 357.024
threshold=0.10548781603574754 0.11356976255774499 0.060146708041429527 0.20068042725324634 0.22396993637084964 0.31061333417892462 0.10022674873471261 0.082412905991077437 0.17001145333051684 0.18073499947786334 1.0000000180025095e-35 -0.98140802979469288 0.49926951527595526 0.27852417528629309 0.083012539893388762 0.01105058239772916 1.1766744852066042 0.093183934688568129 0.066677015274763121 0.0038815597072243695 0.054182026535272605 0.6754564940929414 1.0000000180025095e-35 0.086832962930202498 0.29793716967105871 0.4647457897663117 0.27852417528629309 0.50316895544528972 -0.3762653768062591 -0.35478727519512171 0.2834331095218659 -0.27125689387321467 0.2834331095218659 -0.20000000298023221 1.0604152083396914 -0.98196983337402333 -0.77574035525321949 0.2924299836158753 0.35569444298744207 0.37446653842926031 0.50334015488624584 0.48356401920318609 0.46720869839191442 0.2834331095218659 1.0000000180025095e-35 0.69939008355140697
decision_type=2 2 2 2 2 2 2 2 2 2 2 2 2 2 2 2 2 2 2 2 2 2 2 2 2 2 2 2 2 2 2 2 2 2 2 2 2 2 2 2 2 2 2 2 2 2
left_child=2 3 9 6 16 8 20 15 12 17 21 28 23 27 18 -4 45 39 30 -9 -2 22 -6 -5 -16 -7 -12 35 -10 -30 -8 41 33 -33 -34 -13 37 -20 -24 -1 -18 -22 -14 -35 -45 -3
right_child=1 4 7 5 10 25 14 19 11 -11 26 13 42 -15 24 -17 40 -19 36 -21 31 -23 38 -25 -26 -27 -28 -29 29 -31 -32 32 34 43 -36 -37 -38 -39 -40 -41 -42 -43 -44 44 -46 -47
leaf_value=0.034102277478220318 0.016581867738066247 -0.022848604286850503 0.019316455647468436 0.024556002601851819 -0.021461379867052859 0.014999829083961269 -0.0021094625297614872 0.010530384715456765 -0.008987059120409719 0.025831383709073674 -0.010576856827845591 0.039943678676075151 -0.0093102624473854669 -0.0025692472259984155 0.0037145649771476979 0.026621307472773616 -0.03372214577363692 0.023600661404120874 0.015339127527889133 0.018199052389839026 0.025525165237372176 -0.0067921089011664468 -0.015883068892158816 0.0049715228967549211 -0.0060917555547942339 0.0054814415357397435 -0.0023130232771014243 -0.004302496992288048 0.031369938179402222 0.001363883831846 0.0086236313693141223 0.035286592520598917 0.010977081567927365 0.0050367016319969784 -0.057938926746933933 -0.012296323481657415 0.0046622022984592086 0.0086124671811018075 -0.0066305064106963645 0.038583778884861329 -0.023232774867213632 0.0037200183151304515 -0.00016885662181464277 -0.022349975699727548 0.0052318329390133415 -0.014015074330062218
leaf_weight=42044.246047854424 27182.035626843572 23827.223355017602 26570.940524950624 1744.3701931536198 16558.891763299704 10768.697260573506 11681.546127438545 16546.782759055495 5297.1144754588604 21461.731496274471 17158.610195368528 169.58037313818932 7377.0322816520929 37722.835126668215 51252.721496254206 51846.899213895202 11111.220604419708 5637.6139468699694 17122.334958910942 63941.810240253806 3695.1289498507977 8867.9807599708438 21837.09623991698 40971.742932885885 7412.4111176282167 18566.844676807523 19025.603322938085 13708.937660649419 750.15233717858791 32653.317643269897 7692.6251088231802 477.93413507938385 52091.160802990198 5246.4485380798578 101.49127689003944 33316.936961278319 15989.698284044862 33120.170865803957 7204.1929814442992 52953.85976819694 6721.7121174260974 1253.4393865615129 18488.274298354983 1591.7667599916458 1209.3224169462919 7386.9987465590239
leaf_count=122983 62526 183701 70114 4012 111881 29188 26353 40456 26140 60111 83916 368 33357 165720 158066 139679 79672 15731 41031 163277 6421 37256 135652 123656 23914 54274 96109 46232 2304 113180 22965 747 142509 13056 64 128036 44285 92493 50075 160517 39142 2636 67880 2037 2892 37315
internal_value=0.00798434 -0.000628213 0.0263231 0.00401086 -0.0158586 -0.000450433 0.00817889 0.0203375 -0.0018898 0.0341117 -0.011429 -0.00435248 0.00254907 -0.00657866 0.00561122 0.0241479 -0.0240432 0.0358759 0.00776009 0.0166235 0.0121679 -0.0148795 -0.016451 0.00577482 0.00247488 0.00897817 -0.00623309 -0.00978243 0.000532327 0.00204351 0.00215307 0.0103393 0.00954868 0.00166307 0.0108363 -0.0120244 0.00939978 0.0109066 -0.01359 0.0366027 -0.0297781 0.020015 -0.00277797 -0.000357504 -0.0104532 -0.0207615
internal_weight=879359 598356 281004 458656 139700 221536 237120 158906 192200 122097 90652.4 123619 68581.4 84918.3 144272 78417.8 49047.2 100636 85606.4 80488.6 92848.7 54468.2 45600.2 42716.1 58665.1 29335.5 36184.2 47195.5 38700.6 33403.5 19374.2 65666.7 60718.1 8525.47 52192.7 33486.5 66232.2 50242.5 29041.3 94998.1 17832.9 4948.57 25865.3 8047.54 2801.09 31214.2
internal_count=3063929 2291061 772868 1436342 854719 794347 641995 413526 710885 359342 514889 481980 228905 340356 409107 209793 339830 299231 227127 203733 232888 334864 297608 127668 181980 83462 180025 174636 141624 115484 49318 170362 161305 18732 142573 128404 177809 133524 185727 283500 118814 9057 101237 17985 4929 221016
is_linear=0
shrinkage=0.035


Tree=39
num_leaves=47
num_cat=0
split_feature=75 17 74 75 17 17 95 18 17 107 3 106 17 17 17 17 17 107 17 75 17 14 10 3 107 93 5 36 141 5 95 3 105 95 39 98 107 89 6 17 22 10 3 58 2 75
split_gain=107211 36350.9 10699.2 10580 5678.82 3834.77 2265.23 2100.48 1614.88 1469.94 1400.47 1145.85 1077.36 885.873 847.581 778.295 723.88 659.681 851.881 653.017 627.695 575.387 545.1 703.258 485.526 476.946 475.18 452.55 431.267 431.007 400.985 400.368 384.998 373.062 370.083 363.594 368.816 359.067 355.497 349.788 340.952 365.916 329.007 326.725 318.125 355.488
threshold=0.10548781603574754 0.31061333417892462 0.14446236193180087 0.060146708041429527 0.50316895544528972 0.63123199343681347 0.63509106636047374 1.0000000180025095e-35 0.70072525739669811 0.088557366281747832 0.1768499165773392 0.26566220819950109 0.58756005764007579 0.22396993637084964 0.42514967918396002 1.0000000180025095e-35 0.68507987260818493 0.069994103163480773 0.56247621774673473 0.34276518225669866 0.66838845610618602 0.22396993637084964 0.2484906688332558 0.10022674873471261 0.26170065999031072 -0.35412546992301935 1.1562998890876772 0.65365403890609752 0.26452484726905828 1.0873826742172243 0.67922097444534313 0.093183934688568129 -0.0083249290473759157 0.69939008355140697 0.50316895544528972 0.90000006556510936 0.287338137626648 0.6781650483608247 0.30092589557170873 0.65050083398818981 0.95365807414054882 0.7081708312034608 0.082649879157543196 0.22396993637084964 0.51461645960807811 0.27616006135940557
decision_type=2 2 2 2 2 2 2 2 2 2 2 2 2 2 2 2 2 2 2 2 2 2 2 2 2 2 2 2 2 2 2 2 2 2 2 2 2 2 2 2 2 2 2 2 2 2
left_child=3 2 6 8 11 17 13 26 9 42 22 14 -6 21 27 29 -7 31 24 25 -11 -2 23 -8 -19 -12 33 -3 -25 30 -9 -5 -24 -4 44 36 40 -34 -21 -14 41 -13 -1 -15 -27 -46
right_child=1 4 7 5 12 16 10 15 -10 20 19 35 39 43 -16 -17 -18 18 -20 38 -22 -23 32 28 -26 34 -28 -29 -30 -31 -32 -33 37 -35 -36 -37 -38 -39 -40 -41 -42 -43 -44 -45 45 -47
leaf_value=0.036687427465341628 -0.012932568785443407 -0.00041806913919472137 -0.025412034950297036 0.025703706047131184 0.012369408144952042 0.024971593056043816 0.024284081363160633 -0.017117884430043872 0.039525699119060551 0.02213475573766745 0.026111511985345701 0.012515770275028194 0.018610272137593267 -0.0060543712689744966 0.006199164486195243 -0.010157312473186617 0.034434558657335086 0.013528359239014855 0.017955895053073666 -0.012511825154690069 0.030641353038278574 -0.0062681888927408336 -0.005659655495726972 -0.0019143920972735165 0.0054810057338380925 -0.004491570152646558 -0.031168965068100737 0.0049935550861790546 0.044283975841059656 -0.023021376335089293 -0.0043754582878378304 0.014838337982786423 0.0026399047264696945 -0.013238243947318594 0.0072840176207877054 0.01714110954250643 0.00056662579655931934 0.013466525772213704 0.0017747460391038211 0.028829525391826056 -0.013991911718448252 -0.0032618315582874356 0.024988881115547985 0.00015444802137303652 0.051397527040705111 -0.0066606740695965248
leaf_weight=35671.464134499431 41449.685830868781 66513.059664279222 12386.855413123965 11668.484551608562 69449.445945605636 42082.856978356838 3605.0303025245667 25995.828299999237 38074.208423003554 21880.123833745718 754.33199615776539 20576.999569281936 25619.189866349101 35184.303882271051 71071.920580774546 23319.893701612949 13037.351736471057 28385.288295969367 42519.247780576348 13109.433583304286 20889.837331697345 25756.631156072021 5487.6618420779705 3009.9981128424406 13600.45146587491 21608.157159797847 13981.149956442416 26452.940000250936 263.65640124678612 14496.283027455211 3431.2904925867915 6509.7509100288153 21412.959019839764 4139.7709726542234 4380.1443248689175 7348.880410939455 5850.8669431656599 4546.1655087023973 2545.2517020925879 4917.5054534226656 676.23219487071037 1969.9574861824512 3275.8560429662466 14723.392631664872 260.83382393419743 247.62773360311985
leaf_count=107416 216730 221546 105098 30803 176719 114292 6607 182538 120638 60467 2294 44659 64049 139261 200799 127686 37197 67116 111379 47313 61518 132714 15222 7950 35667 60658 99005 89848 598 100952 15915 17072 57099 22475 16354 19431 16149 10143 12541 12116 600 4311 9303 60410 526 745
internal_value=0.00775232 -0.000609175 -0.00931216 0.0257206 0.00796777 0.0197658 -0.0046412 -0.018789 0.0335635 0.0307828 -0.000149899 0.00456912 0.0147809 -0.00775617 0.00332191 -0.0153303 0.0272135 0.0157664 0.0144627 -0.0044931 0.0262935 -0.0103794 0.00471207 0.0136329 0.0109229 -0.00121937 -0.0264075 0.00112191 0.00187791 -0.0180748 -0.0156336 0.0218194 0.00275822 -0.0223691 -0.00200352 0.0101845 0.00842265 0.00453896 -0.0101887 0.0202616 0.0104009 0.0111364 0.0357077 -0.00422272 -0.00384476 0.0233575
internal_weight=874138 596543 296096 277595 300447 157803 198345 97751.1 119791 81717.3 81231.3 200461 99986.1 117114 164038 67243.3 55120.2 102683 84505 42905.8 42770 67206.3 38325.5 6878.68 41985.7 27251.1 30507.8 92966 3273.65 43923.4 29427.1 18178.2 31446.8 16526.6 26496.8 36422.9 29074.1 25959.1 15654.7 30536.7 23223.2 22547 38947.3 49907.7 22116.6 508.462
internal_count=3063929 2291061 1440834 772868 850227 413526 787165 653669 359342 238704 238050 597343 252884 549115 512193 427091 151489 262037 214162 140431 121985 349444 97619 15155 102783 80577 226578 311394 8548 299405 198453 47875 82464 127573 78283 85150 65719 67242 59854 76165 49570 48970 116719 199671 61929 1271
is_linear=0
shrinkage=0.035


Tree=40
num_leaves=47
num_cat=0
split_feature=75 17 75 17 74 17 17 95 5 95 17 107 17 17 106 107 17 75 26 7 129 17 7 6 58 22 48 3 109 115 72 22 7 107 3 6 14 6 112 109 10 7 6 7 48 17
split_gain=101440 34488.5 10009.8 8293 7135.66 3859.68 2010.38 1797.92 1661.99 1618.99 1366.94 1354.82 1069.55 839.665 813.338 733.899 738.796 698.549 621.185 575.16 542.574 512.736 494.379 580.157 469.124 463.112 456.163 455.913 445.041 433.27 419.024 418.477 417.538 413.92 402.14 396.445 391.661 386.053 368.889 359.354 354.558 353.089 376.991 634.788 370.948 343.499
threshold=0.10409953072667123 0.22396993637084964 0.057570345699787147 0.50316895544528972 0.14831778407096866 0.63123199343681347 0.37446653842926031 0.72604689002037059 1.1281778812408449 0.70756354928016674 0.70072525739669811 0.088557366281747832 0.58756005764007579 0.68507987260818493 0.30929057300090795 0.069994103163480773 0.58756005764007579 0.18283614516258243 0.50316895544528972 -0.3762653768062591 -0.11839924752712248 0.66838845610618602 0.37795858085155493 0.4138243049383164 1.0000000180025095e-35 1.0135126709938052 0.50335456430912029 0.16158691048622134 0.49913181364536291 0.62500000000000011 0.39885498583316809 1.0000000180025095e-35 -0.3762653768062591 0.26170065999031072 0.097519297152757659 0.46845349669456487 0.37446653842926031 -0.14435185492038724 0.62224116921424877 0.51508614420890819 0.52040067315101635 -0.35478727519512171 0.030925905331969265 0.24743579328060153 0.43366721272468572 0.65050083398818981
decision_type=2 2 2 2 2 2 2 2 2 2 2 2 2 2 2 2 2 2 2 2 2 2 2 2 2 2 2 2 2 2 2 2 2 2 2 2 2 2 2 2 2 2 2 2 2 2
left_child=2 4 10 6 7 15 9 22 18 19 11 -1 -5 -7 29 34 33 -9 28 -3 25 -13 23 36 30 -11 27 -21 -6 -8 35 38 -31 -17 -4 -19 -2 -28 -10 -22 -35 -34 43 44 -43 -14
right_child=1 3 5 12 8 13 14 17 31 20 -12 21 45 -15 -16 16 -18 24 -20 26 39 -23 -24 -25 -26 -27 37 -29 -30 32 -32 -33 41 40 -36 -37 -38 -39 -40 -41 -42 42 -44 -45 -46 -47
leaf_value=0.03560305703988479 -0.013093683644452046 -0.0085317084906060513 0.025306446162514651 0.011944003673599938 -0.016458709212293202 0.024455832111677126 0.00049205303828180307 0.0055552849903941623 -0.032700165074779651 0.011392521845400955 0.039124279856039661 0.021908460294959145 0.018078125739994375 0.03406378234108931 0.015003869561507531 0.014011660043305021 0.01861604806441812 -0.0056893184461437258 -0.0073640608770977707 0.0010272963793076979 -0.0044156300412911097 0.030166629451545024 -0.0046022783867904699 0.00030019415502068118 0.0036277994182023444 -0.024588088233076774 0.031798535585254924 -0.0043419589607108493 -0.027401376461131912 -0.003249978511697183 -0.024221839137803469 -0.021226477140768418 0.02715864852858263 0.0083775814393543813 0.014197308036470225 0.030299548280326782 -0.0048200433012395277 0.0025742271950621983 -0.019924542860581696 0.058302234363034278 -0.019355353238862148 -0.00077615106942246343 0.005438903086259426 0.024713495562604763 0.014903488358350925 0.028015245450860135
leaf_weight=36193.692137792706 50855.636838383973 14025.491039440036 12986.500955402851 70854.807747766376 45424.329735152423 44084.168966040015 22113.61326867342 14349.798041209579 13105.163056313992 19207.692272394896 36015.066181510687 18431.440487876534 26502.251262173057 14998.148586019874 10671.548208534718 33905.882365137339 29748.027491152287 21210.049835503101 8574.7956622540951 31870.76791061461 4437.6578959077597 18664.080451712012 19495.987062856555 5145.1035806462169 7801.4899301454425 442.83371950685978 561.37325535714626 49378.89806266129 5076.2845825329423 5786.3684080392122 1488.8711835518479 11345.365908391774 990.25989826023579 18050.91968742013 5810.9375624060631 375.75589311122894 8144.1464556977153 23263.276127994061 3562.2400099411607 108.80267189443111 577.23616600036621 3946.8936806172132 87010.830022037029 3462.2352965325117 3467.6435839086771 5109.9399035125971
leaf_count=110978 245563 68062 34956 180455 310857 121410 69147 34234 94208 42335 117028 51643 66574 43990 23566 82161 79006 59805 57208 101970 10994 55975 107499 26785 28511 272 1903 184508 37777 21177 4907 85645 2723 47742 15193 1343 40798 87745 19987 178 1042 10804 247182 5082 10264 12737
internal_value=0.00752998 -0.000491137 0.0253649 0.00581248 -0.0116768 0.0197907 0.00270175 -0.00644612 -0.0194158 -0.000198916 0.0335311 0.0307795 0.0143347 0.0268982 0.00572576 0.0156348 0.0142069 -0.000823628 -0.0160828 -0.00187592 0.00805353 0.0260679 -0.0094859 -0.0109695 -0.00378903 0.010574 -0.000986979 -0.0022358 -0.017562 0.00494403 -0.00629732 -0.0264394 0.00588449 0.0117081 0.0218783 -0.00505419 -0.0119524 0.00327103 -0.0299784 -0.00283793 0.00751179 0.00641929 0.00620774 0.012351 0.00656187 0.0196897
internal_weight=868634 599168 269466 383213 215955 160162 280746 128867 87088.2 143297 109304 73289.2 102467 59082.3 137449 101080 82282.1 45226 59075.4 119100 24197 37095.5 83640.9 64144.9 30876.2 19650.5 105074 81249.7 50500.6 126778 23074.7 28012.8 104664 52534 18797.4 21585.8 58999.8 23824.6 16667.4 4546.46 18628.2 98877.9 97887.6 10876.8 7414.54 31612.2
internal_count=3063929 2302805 761124 1147678 1155127 425500 887912 549445 605682 497967 335624 218596 259766 165400 389945 260100 209951 128800 405842 444188 53779 107618 420645 313146 94566 42607 376126 286478 348634 366379 66055 199840 297232 130945 50149 61148 286361 89648 114195 11172 48784 276055 273332 26150 21068 79311
is_linear=0
shrinkage=0.035


Tree=41
num_leaves=47
num_cat=0
split_feature=73 17 17 74 107 17 17 95 18 73 17 129 17 72 17 106 17 26 7 73 51 72 74 5 17 79 36 89 112 36 6 7 6 6 58 116 142 91 5 106 6 108 14 6 7 56
split_gain=95220.4 30593.1 10770.9 9588.33 5457.14 5017.35 2730.46 2070.21 1921.85 1339.77 1203.61 1032.53 1012.94 1011.61 979.972 759.317 775.779 735.7 623.953 574.537 472.355 468.255 720.58 463.539 456.588 437.345 425.134 411.596 408.848 396.933 371.586 378.834 370.65 446.14 353.349 337.387 380.547 882.775 321.134 310.637 310.522 360.837 327.643 306.246 614.478 318.623
threshold=0.10333924368023874 0.31061333417892462 0.66838845610618602 0.15027893334627154 0.059846540912985809 0.50316895544528972 0.58756005764007579 0.65078115463256847 1.0000000180025095e-35 0.062539018690586104 0.70072525739669811 -0.16620766371488568 0.61035025119781505 0.13349740207195285 1.0000000180025095e-35 0.29802709817886358 0.42514967918396002 0.31061333417892462 0.068067871034145369 0.053566211834549911 1.0000000180025095e-35 0.0029276463901624088 0.071728296577930464 1.192110061645508 0.50316895544528972 0.82060289382934581 0.53974768519401561 0.61270344257354747 0.62224116921424877 0.65365403890609752 -0.32836462557315821 0.37795858085155493 0.065258223563432707 0.024140649475157264 1.0000000180025095e-35 0.29843521118164068 0.42382571101188665 -0.21505693346261975 1.0597847104072573 0.2997309416532517 0.10889055579900743 -0.079050716012716279 0.37446653842926031 0.37287150323390966 0.40570861101150518 1.1263336539268496
decision_type=2 2 2 2 2 2 2 2 2 2 2 2 2 2 2 2 2 2 2 2 2 2 2 2 2 2 2 2 2 2 2 2 2 2 2 2 2 2 2 2 2 2 2 2 2 2
left_child=2 3 4 7 9 15 11 14 23 -1 -4 19 39 21 38 16 29 26 -16 -6 32 -9 -23 28 27 -17 -10 -13 -5 -3 -19 -32 33 -20 -15 36 -30 -38 -2 43 41 -34 -42 -7 45 -45
right_child=1 5 10 8 6 12 -8 13 17 -11 -12 24 -14 34 18 25 -18 30 20 -21 -22 22 -24 -25 -26 -27 -28 -29 35 -31 31 -33 40 -35 -36 -37 37 -39 -40 -41 42 -43 -44 44 -46 -47
leaf_value=0.035249746912680804 -0.011137022591538863 -0.00035471297013311347 0.030144207713764477 -0.024230219842077138 0.025487053162675345 0.0093542796185103055 0.02130126348145429 -0.0041959019656516048 -0.019219685832691482 0.021763293503212006 0.038461519039504753 0.0037241043309614889 0.020256509872531185 -0.0098644107201547905 -0.011497982170058185 0.01082214049036012 0.0058896329307803518 0.0704158283669159 -0.0041705030347496041 0.014469918676071291 -0.00022242860268805519 0.0068237391797152649 -0.0023796490570923015 -0.031206634741293 0.011848941823174662 -0.034005414802603703 -0.010860623103539012 0.021602462888388255 -0.015977834463435803 0.0046542714294322595 -0.011432253306986511 0.0024369418342018931 -0.015574023926400123 -0.019762218078859951 0.00099847419164623258 0.079815873523792991 0.1087144798348504 -0.016778110297965412 -0.019970211684839066 0.025753260361816615 -0.0076462881976648188 0.006242456021686384 9.6349939422259298e-05 0.013344223377400349 0.026751373669432938 0.0012873076623925975
leaf_weight=27245.88261257112 17204.632547944784 69272.345900967717 44578.003235220909 15309.713330924511 7357.4590388983488 41240.398762494326 75356.461183086038 11383.989559471607 33160.831709817052 13560.706309989095 41233.794697001576 20027.5629452914 22004.362914457917 14346.725746311247 19558.098617017269 20193.784710109234 70011.030105188489 66.106485821306705 4117.6593075096607 27643.440424129367 22478.90730907023 30895.230433791876 15718.766322419047 11602.8658490628 28963.286794573069 264.40124824643135 9657.8615217655897 1707.1718438565731 1957.5265035778284 26900.074189007282 15141.072559662163 2866.2225578427315 1128.2359626889229 4960.5288199037313 4924.2172225043178 46.009074576199055 98.277575068175793 197.05841302126646 7159.9935044646263 1885.9527144581079 33051.15970928967 5118.5854907929897 8392.5229512453079 26258.297256484628 3993.3087774515152 2994.0383671075106
leaf_count=84047 105110 228386 133254 128961 18442 100476 207077 28399 219490 36596 135606 53170 56930 50014 105624 46388 196086 329 15565 64208 98390 77220 48469 85456 76025 182 66113 4090 10367 91270 94697 18163 1730 13528 21663 96 251 928 43745 4326 155254 8843 38519 71692 10064 8690
internal_value=0.00731344 -0.000904725 0.0237556 -0.00889683 0.0193388 0.00724228 0.0164409 -0.00463352 -0.0183797 0.030772 0.0341433 0.0121657 0.0136384 -0.000142443 -0.00745071 0.0038706 0.00308701 -0.0148363 -0.00589963 0.01679 -0.0045171 0.00216595 0.00372016 -0.0257612 0.00897145 0.0102326 -0.0173363 0.00513435 -0.0221632 0.00104645 -0.00890908 -0.00922413 -0.00621731 -0.0126986 -0.00708877 -0.00836639 -0.0103784 0.0262856 -0.0137375 0.01173 -0.00498194 0.00228963 -0.00607837 0.0113728 0.0138743 0.012111
internal_weight=863235 575561 287674 290543 201862 285018 161055 200439 90103.5 40806.6 85811.8 85698.9 98376.4 77268.9 123170 186642 166183 60892.1 98805.7 35000.9 79247.6 57998 46614 29211.5 50698 20458.2 42818.7 21734.7 17608.6 96172.4 18073.4 18007.3 56768.7 9078.19 19270.9 2298.87 2252.86 295.336 24364.6 76372 47690.5 6246.82 41443.7 74486 33245.6 29252.3
internal_count=3063929 2251414 812515 1436924 543655 814490 423012 812073 624851 120643 268860 215935 252178 225765 586308 562312 515742 398792 437453 82650 331829 154088 125689 226059 133285 46570 285603 57260 140603 319656 113189 112860 233439 29093 71677 11642 11546 1179 148855 195248 204346 10573 193773 190922 90446 80382
is_linear=0
shrinkage=0.035


Tree=42
num_leaves=47
num_cat=0
split_feature=75 17 75 17 72 17 95 17 5 95 17 107 17 26 106 17 7 17 18 7 17 59 129 17 75 2 72 95 36 106 113 39 109 1 48 3 6 6 109 97 132 143 6 17 109 17
split_gain=90963.9 31572.4 8560.19 7829.67 6496.05 3122.59 1936.68 1771.65 1567.45 1491.99 1386.96 1359.94 1096.36 795.687 735.078 726.173 588.956 586.691 1039.95 512.687 509.987 504.06 503.638 491.379 473.591 570.606 441.114 436.773 422.133 435.205 417.18 414.174 411.437 410.162 404.949 417.816 484.723 526.091 518.032 383.623 359.356 510.955 358.916 358.216 343.182 329.978
threshold=0.09978900104761125 0.22396993637084964 0.057570345699787147 0.50316895544528972 0.18897622823715213 0.65050083398818981 0.7165275812149049 0.37446653842926031 1.1766744852066042 0.70756354928016674 0.70072525739669811 0.088557366281747832 0.61035025119781505 0.46720869839191442 0.2645536363124848 1.0000000180025095e-35 0.44669444859027868 0.58756005764007579 0.61035025119781505 -0.3762653768062591 0.68507987260818493 0.22396993637084964 -0.1219474896788597 0.66838845610618602 0.28859196603298193 0.51461645960807811 0.52142679691314708 0.6754564940929414 0.63989907503128063 0.12335826456546785 0.648899406194687 1.0000000180025095e-35 0.49913181364536291 0.11035561189055444 0.50335456430912029 0.2077768221497536 0.046031622216105468 0.11745913326740266 0.02546744886785746 0.11488065496087076 0.39999996125698095 0.62757071852684032 -0.14435185492038724 0.50316895544528972 0.51508614420890819 0.56247621774673473
decision_type=2 2 2 2 2 2 2 2 2 2 2 2 2 2 2 2 2 2 2 2 2 2 2 2 2 2 2 2 2 2 2 2 2 2 2 2 2 2 2 2 2 2 2 2 2 2
left_child=2 4 10 7 6 17 15 9 13 19 11 -1 45 16 28 32 26 18 33 -3 -7 24 30 -13 25 -8 27 -6 29 -9 -11 -10 -2 -4 35 36 -21 38 -38 -31 -29 -42 -36 -20 -24 -5
right_child=1 3 5 12 8 20 21 14 31 22 -12 23 -14 -15 -16 -17 -18 -19 43 34 -22 -23 44 -25 -26 -27 -28 40 -30 39 -32 -33 -34 -35 42 -37 37 -39 -40 -41 41 -43 -44 -45 -46 -47
leaf_value=0.034674818396229046 -0.012072920168395566 -0.0080634454188184476 0.019819796904910376 0.010196050358829891 -0.018554039554025438 0.024715645177439623 0.00096000829641863631 -0.002446199545133268 -0.028070448535514641 0.010785391133106162 0.038318901575064637 0.020861055962046075 0.020625051796521972 -0.0067360809641216724 0.01109538300155417 -0.0062153458142669539 -0.006185691267358389 0.019226465372918979 0.0027137530858909525 -0.01160965554025139 0.032984167310118759 0.0084184598952290104 -0.0036385760457515086 0.029053601870534445 -0.0070128354974098557 0.05433098561186285 -0.025787298649420243 -0.01092759145019496 0.0072476911493419803 0.0050912485929270048 -0.02914165930087028 -0.015725734248925056 -0.028106773611693982 -0.00076863671826678086 0.030378393595148667 -0.0046352888039775334 -0.0094471580457240086 -0.00064814469821505925 0.013328493768634183 -0.003298092564713904 -0.0086856124712127308 0.1653619281863706 0.0024039594487718107 0.011589660247415553 0.055948770126096989 0.0146019833368337
leaf_weight=34751.069173008204 27678.499000504613 13939.079860329628 26168.360084295273 55887.123211920261 36454.960317991674 25845.126441791654 22548.853669434786 15565.327452391386 18835.782854087651 19661.961544051766 34281.469221040606 18064.596155121922 21656.323208808899 11108.761162154377 23122.256548836827 46587.574655584991 5661.5961865857244 44007.886921212077 7198.6740361452103 3748.5033596605062 14306.090988457203 7771.7448987588286 4949.6662487536669 18045.793428346515 12148.865627892315 242.10686540603638 7773.8681283295155 10064.87484408915 39008.214970812201 55682.436675712466 320.16804349422455 4081.231405057013 2109.6628872379661 1240.2552381157875 569.80524039268494 40236.149748116732 1481.488483056426 29045.194625496864 6905.1184959411621 7581.2206419408321 49.992578268051147 28.45886491984129 23388.33744058013 24721.664696842432 115.29566632211208 33318.342169627547
leaf_count=110978 172230 68129 64673 143282 255032 73751 54324 52542 134971 43132 117028 51643 55461 71644 52374 216143 41678 119913 19011 10938 43665 26754 12133 55975 38549 425 59012 44985 117036 153913 175 27409 13186 2837 1908 154014 2646 109362 10468 22588 303 18 88082 65310 188 84111
internal_value=0.00710232 -0.000177548 0.024943 0.00566612 -0.0110392 0.0193821 -0.0056084 0.00259894 -0.0179142 -0.000126319 0.0325302 0.0297267 0.0135593 -0.0153471 0.0053899 -0.00894599 -0.0169395 0.0161617 0.0138866 -0.00175673 0.0276665 0.000359993 0.00763848 0.0249596 -0.00143336 0.0015415 -0.0180583 -0.0167655 0.00426978 0.00279561 0.0101367 -0.0258771 -0.0132142 0.0188879 -0.000921977 -0.00209902 0.000379207 0.0015817 0.00930027 0.00408555 -0.0103296 0.0616106 0.00307709 0.00958913 -0.00221585 0.0118426
internal_weight=857960 609329 248631 396182 213147 143488 119087 285320 94059.5 144361 105143 70861.5 110862 71142.5 140959 76375.7 60033.8 103337 59329 119314 40151.2 42711.6 25047.1 36110.4 34939.8 22791 54372.2 46598.3 117837 78829 19982.1 22917 29788.2 27408.6 105375 81416.5 41180.3 37431.8 8386.61 63263.7 10143.3 78.4514 23958.1 31920.3 5064.96 89205.5
internal_count=3063929 2339145 724784 1182482 1156663 389160 521611 899628 635052 501175 335624 218596 282854 472672 398453 401559 401028 271744 151831 445547 117416 120052 55628 107618 93298 54749 359350 300338 346079 229043 43307 162380 185416 67510 377418 287428 133414 122476 13114 176501 45306 321 89990 84321 12321 227393
is_linear=0
shrinkage=0.035


Tree=43
num_leaves=47
num_cat=0
split_feature=75 17 75 17 17 17 95 75 95 17 107 17 3 6 106 26 17 26 107 107 17 89 112 17 106 38 17 5 7 98 98 98 106 129 107 36 6 7 7 3 7 129 133 79 6 112
split_gain=86115.8 29600.4 8462.79 8024.26 4975.6 3032.62 2537.05 2483.93 1888.49 1401.31 1354.98 1057.59 952.957 812.043 793.552 743.701 707.887 683.886 598.783 574.531 900.094 549.969 523.288 506.733 499.162 486.585 482.993 445.058 406.359 401.987 374.564 339.214 337.028 334.315 409.688 331.749 329.812 536.081 340.707 324.235 313.518 419.537 344.386 398.053 473.224 596.68
threshold=0.09978900104761125 0.31061333417892462 0.057570345699787147 1.0000000180025095e-35 0.53458327054977428 0.65050083398818981 0.76203528046607982 0.42738364636898046 0.6754564940929414 0.70072525739669811 0.088557366281747832 0.42514967918396002 0.19590687006711963 0.27852417528629309 0.28978914022445684 1.0000000180025095e-35 0.63123199343681347 0.22396993637084964 0.37522016465663915 0.069994103163480773 0.58756005764007579 0.74335461854934703 0.50093090534210216 0.68507987260818493 0.26566220819950109 1.0000000180025095e-35 0.66838845610618602 0.75088909268379223 0.44876629114151007 0.81249997019767772 0.76250001788139354 0.65000006556510936 0.25515867769718176 -0.27125689387321467 0.32872161269187933 0.65365403890609752 0.373243197798729 0.40570861101150518 -0.066759269684553132 0.10022674873471261 0.23985957354307177 -0.28600271046161646 0.020273255184292797 1.0000000180025095e-35 0.066672742366790785 0.65435710549354564
decision_type=2 2 2 2 2 2 2 2 2 2 2 2 2 2 2 2 2 2 2 2 2 2 2 2 2 2 2 2 2 2 2 2 2 2 2 2 2 2 2 2 2 2 2 2 2 2
left_child=2 3 9 7 11 19 12 8 15 10 -1 14 18 -14 35 -2 36 22 33 39 32 27 -9 -7 31 40 -12 -8 -15 -17 -29 -13 -21 34 -5 -3 38 -38 -6 -4 41 -10 43 44 -42 -46
right_child=1 4 5 6 16 23 21 17 25 -11 26 24 13 28 -16 29 -18 -19 -20 20 -22 -23 -24 -25 -26 -27 -28 30 -30 -31 -32 -33 -34 -35 -36 -37 37 -39 -40 -41 42 -43 -44 -45 45 -47
leaf_value=0.034199764568274976 -0.021715730252027252 -0.00013571553883615035 0.024340173886032757 0.0066929870023264967 0.021034277928155119 0.024143172106075174 -0.0034490403580029485 -0.026587863874287545 -0.019490396974004006 0.037931487021009867 0.020340405466926011 0.0012096214594992289 -0.010760521814859472 -0.005307858195955778 0.0087394314033296967 -0.0071776471394702787 0.022656646761525751 -0.013328458744093281 -0.0054776922301691591 0.0085948227367716908 0.018186043123201684 0.021070710504311439 -0.017779728289738402 0.032452508470257289 0.013066264463836325 0.0057502063248599132 0.028516735708799382 -0.00028311727257103269 0.0053979294427788293 -0.015756993819349287 0.010164670021634631 0.007007482449257231 0.014959039027823065 3.0920161618712637e-05 0.040511871378494067 0.0043316139087154083 0.014259691703968928 0.027842482206742784 0.0099787179123730172 0.0136439124017965 -0.022570622768963516 -0.0056627337527418711 -0.017978988075725021 -0.0039478814444777631 0.037201348351233635 -0.0013326509234196139
leaf_weight=34013.772938832641 15719.679397448897 72359.209961995482 12858.987606674433 4230.4852127358317 3817.9065895676613 25537.572354018688 6611.4819426983595 24989.310818530619 3604.2831850722432 33434.551554828882 17881.976251870394 14404.041861280799 47363.164831109345 34372.992136657238 20088.208395555615 11531.619439855218 11948.798501640558 9963.7890986278653 28136.19353826344 27278.523795709014 41476.923542276025 2669.4478741586208 12445.181893564761 14036.4413369596 14807.608615517616 5235.5820436254144 17747.468065425754 6008.3545775413513 4965.4915617033839 16002.72579947114 13972.813564956188 87453.153247103095 16324.168801575899 24112.961925193667 484.38138566911221 28330.303866773844 27061.412546291947 4105.6010203957558 32589.532275557518 4800.155424028635 357.76255584508181 10567.897045023739 1135.8043344095349 3900.7703666239977 1152.9865828081965 854.24745701998472
leaf_count=110978 112938 235658 35883 9730 9946 73751 15402 203015 12307 117028 51643 43814 212546 177270 46589 77550 30801 75834 123369 73049 113698 5185 69861 43665 33018 22515 55975 13823 22644 106600 34398 237061 36531 84352 998 95438 73029 10281 78632 12583 330 37664 4105 19747 1454 1241
internal_value=0.00689714 -0.000172708 0.024395 -0.00824519 0.00722292 0.0188617 -0.00344984 -0.0153043 -0.0111162 0.0320328 0.0291978 0.00468488 -0.00536313 -0.0076736 0.00238884 -0.0156397 0.0148 -0.0214928 -0.00184591 0.0156888 0.0144938 0.00594258 -0.0236631 0.0270951 0.00706154 -0.0038158 0.0244175 0.00441924 -0.00395568 -0.0121666 0.00702343 0.00618779 0.0109794 0.00169885 0.0102163 0.00112132 0.0134088 0.0160542 0.0111416 0.0214388 -0.00613866 -0.00918678 -0.00029839 0.00291934 0.014231 0.0208424
internal_weight=852746 607355 245391 290389 316966 142313 172928 117462 70063.4 103078 69643.2 237443 143666 86701.6 120778 43254 79523.3 47398.3 56964 102739 85079.6 29262.1 37434.5 39574 116665 26809.3 35629.4 26592.7 39338.5 27534.3 19981.2 101857 43602.7 28827.8 4714.87 100690 67574.5 31167 36407.4 17659.1 21573.8 14172.2 7401.57 6265.77 2365 2007.23
internal_count=3063929 2339145 724784 1444878 894267 389160 699717 745161 396451 335624 218596 691578 630909 412460 377685 297088 202689 348710 218449 271744 223278 68808 272876 117416 313893 99363 107618 63623 199914 184150 48221 280875 109580 95080 10728 331096 171888 83310 88578 48466 76848 49971 26877 22772 3025 2695
is_linear=0
shrinkage=0.035


Tree=44
num_leaves=47
num_cat=0
split_feature=73 17 17 17 72 107 17 123 18 73 17 17 107 129 17 112 26 17 123 22 18 73 36 36 1 64 98 5 129 7 17 73 5 7 7 48 22 125 62 6 89 112 94 106 79 36
split_gain=80673.8 25328.6 10266.2 6241.55 5906.48 5099.95 2384.75 1573.93 1527.3 1331.65 1256.15 1248.19 1105.54 938.534 810.808 695.892 685.076 668.907 612.871 579.049 543.553 493.734 490.567 485.133 459.281 452.409 446.056 438.458 420.842 418.013 396.95 384.701 382.756 349.547 582.596 346.929 340.596 498.089 461.318 332.345 331.606 331.509 327.672 318.631 333.419 311.388
threshold=0.10333924368023874 0.22396993637084964 0.66838845610618602 0.46720869839191442 0.18897622823715213 0.059846540912985809 0.58756005764007579 0.30570571124553686 1.0000000180025095e-35 0.059983881190419204 0.70072525739669811 0.58756005764007579 0.36243815720081335 -0.16620766371488568 0.31061333417892462 0.50334015488624584 0.46720869839191442 1.0000000180025095e-35 0.45115610957145696 0.69052246212959301 0.58756005764007579 0.35666161775588995 0.95796635746955883 0.54616111516952526 -0.14922878146171567 -0.95949545502662648 0.90333339571952831 1.0298300981521609 -0.38439825177192682 0.39001804590225225 0.53458327054977428 0.073883071541786208 1.0626459717750552 0.0089192749001085776 0.022479261271655563 0.3354459702968598 1.0000000180025095e-35 -0.050952404737472527 -0.21089131385087964 0.29573579132556921 0.61270344257354747 0.57923510670661937 0.14042025804519656 0.2997309416532517 0.70926460623741161 0.65365403890609752
decision_type=2 2 2 2 2 2 2 2 2 2 2 2 2 2 2 2 2 2 2 2 2 2 2 2 2 2 2 2 2 2 2 2 2 2 2 2 2 2 2 2 2 2 2 2 2 2
left_child=2 4 5 12 7 9 13 17 15 -1 -4 43 18 20 39 27 23 32 19 24 31 -9 -17 -10 28 36 33 -6 -3 42 40 -7 -2 -16 -35 -19 37 -26 -39 -14 -15 -25 -30 -5 -45 -36
right_child=1 3 10 11 8 6 -8 21 16 -11 -12 -13 14 30 26 22 -18 35 -20 -21 -22 -23 -24 41 25 -27 -28 -29 29 -31 -32 -33 -34 34 45 -37 -38 38 -40 -41 -42 -43 -44 44 -46 -47
leaf_value=0.034132123510366388 -0.010147084244531434 0.039692453936574917 0.028506519640080507 0.0084647349558649391 -0.021189736789599709 0.024631954068014727 0.019682176804865913 0.0015231427971647766 -0.017375983726560761 0.020660693741559186 0.037267364976855434 0.016687289336205367 -0.0081519214951710686 0.0044863911690052128 -0.0069048232505447603 -0.017304432984235951 -0.0053814810053774437 -0.0078906221912530741 0.01452968607788109 -0.0019666241230212713 0.01098385846275932 -0.0071187994129661659 0.041839244001651378 -0.01098080205407858 0.039498212450054075 0.0044260613234129234 0.0064954582180055433 -0.031760529981376261 -0.0098327189621727172 0.0071310655520068194 0.011731069252880387 0.014292409193455754 -0.019093965845768491 0.020524201792528986 -0.0013321614527902444 -0.00089737010781910887 0.0090996864015911137 -0.03053716600959016 0.019502084324087968 -0.00191267178217964 0.020213651975495902 0.010433920554568935 0.013642203339878157 0.02077033191007694 -0.042289178781369174 0.0039030379374745405
leaf_weight=24656.658007189631 19117.002996712923 289.70158895850182 42423.467614904046 94382.146081387997 8252.9747536107898 9413.5022508054972 73374.712717428803 36727.316472038627 40158.187396146357 14214.603789746761 38330.03249579668 33490.324361890554 19426.371622785926 27894.053945362568 8079.2847889959812 10606.249263048172 9591.8527657836676 30609.572296850383 6495.7731811255217 19309.118201419711 16802.012068659067 10382.853499181569 169.01411999762058 10270.391716934741 1205.1113294810057 44721.52797023952 15463.533304393291 11752.011420316994 6741.783397257328 3636.6796436011791 20726.043011561036 8369.1004116982222 8469.7984511330724 1779.2120733559132 45753.33267763257 12140.628631688654 11296.74573867023 287.23109939694405 975.70306289196014 22667.020977169275 1740.250740557909 963.93088110536337 810.97375014424324 3568.1153121143579 100.23890621960163 19994.967222064734
leaf_count=81093 120724 529 133254 246995 72555 22483 207077 107114 262703 39550 135606 87506 79906 74210 34480 62656 59441 139833 14329 58931 42804 38511 1122 70197 445 122207 50200 101730 20871 12913 54847 17363 53609 5552 150652 60195 34846 143 416 99494 4228 4648 2558 8112 94 65197
internal_value=0.00669735 -0.000844773 0.0221557 0.00477746 -0.0105319 0.01785 0.0150598 -0.00533308 -0.0171847 0.02921 0.0326675 0.0108531 0.00128631 0.0110659 -0.000776282 -0.023542 -0.0139739 -0.00864879 0.00415419 0.00339823 0.0155058 -0.000381978 -0.0163532 -0.0155766 0.00487899 0.00613522 0.00108041 -0.0274077 -0.00152059 -0.0026091 0.00801518 0.0197728 -0.0128979 -2.74153e-05 0.000795838 -0.00590522 0.0116833 0.0234545 0.0080241 -0.00479308 0.00541416 -0.009138 -0.00730212 0.00885932 0.0189786 0.000260013
internal_weight=847631 569687 277944 360475 209212 197191 158320 117447 91764.6 38871.3 80753.5 131541 228934 84945 133164 30780.2 60984.4 70337 95770.3 89274.6 34584.6 47110.2 10775.3 51392.5 69965.5 58486.3 91070.3 20005 11479.1 11189.4 50360.3 17782.6 27586.8 75606.8 67527.5 42750.2 13764.8 2468.05 1262.93 42093.4 29634.3 11234.3 7552.76 98050.5 3668.35 65748.3
internal_count=3063929 2251414 812515 1096376 1155038 543655 423012 519986 635052 120643 268860 342707 753669 215935 485481 238063 396989 374361 268188 253859 82650 145625 63778 337548 194928 158057 306081 174285 36871 36342 133285 39846 174333 255881 221401 200028 35850 1004 559 179400 78438 74845 23429 255201 8206 215849
is_linear=0
shrinkage=0.035


Tree=45
num_leaves=47
num_cat=0
split_feature=73 17 17 74 17 107 17 112 73 5 17 17 18 107 17 17 123 26 59 129 17 106 2 7 98 74 21 74 36 106 114 108 7 106 107 17 6 6 7 132 17 107 6 6 7 21
split_gain=76184 23732 10108.6 5977.02 5861.24 4958.76 2295.36 1567.69 1333.02 1313.8 1278.54 1272.69 1039.73 1007.38 836.039 771.95 605.685 573.149 548.803 521.086 458.629 456.847 454.49 427.365 425.824 424.132 415.646 404.221 403.781 392.627 390.842 390.339 362.319 361.711 358.607 343.686 335.983 335.688 451.389 329.73 324.367 312.219 296.885 292.726 343.502 289.689
threshold=0.10333924368023874 0.22396993637084964 0.66838845610618602 0.17758409678936007 0.50316895544528972 0.059846540912985809 0.56247621774673473 0.50796252489089977 0.062539018690586104 1.1766744852066042 0.37446653842926031 0.70072525739669811 0.58756005764007579 0.28985552489757543 0.61035025119781505 1.0000000180025095e-35 0.45115610957145696 0.58756005764007579 0.22396993637084964 -0.16620766371488568 0.63123199343681347 0.29641240835189825 -0.21908210217952725 0.098165120929479613 0.86250004172325145 1.0000000180025095e-35 0.69052246212959301 0.0011149210622534158 1.0000000180025095e-35 0.26969671249389654 0.089097209274768843 0.13246086984872821 0.21323541551828387 0.32345661520957952 0.39265324175357824 0.31061333417892462 -0.29239469766616816 0.030925905331969265 0.24743579328060153 0.3000000268220902 0.50316895544528972 0.66572496294975292 0.11352838948369028 0.37287150323390966 0.25081019103527075 1.0000000180025095e-35
decision_type=2 2 2 2 2 2 2 2 2 2 2 2 2 2 2 2 2 2 2 2 2 2 2 2 2 2 2 2 2 2 2 2 2 2 2 2 2 2 2 2 2 2 2 2 2 2
left_child=2 3 5 7 10 8 12 15 -1 17 13 -4 19 16 -6 24 26 28 22 35 29 27 -9 42 -2 -17 -3 -12 -5 43 -24 33 -25 -28 -27 -7 -30 38 -29 -23 -14 -39 -15 -8 -45 -22
right_child=1 4 11 9 14 6 20 18 -10 -11 21 -13 40 23 -16 25 -18 -19 -20 -21 45 39 30 32 -26 34 31 37 36 -31 -32 -33 -34 -35 -36 -37 -38 41 -40 -41 -42 -43 -44 44 -46 -47
leaf_value=0.033394649717584338 -0.010078196927609575 0.0031478888959710219 0.027973841227294235 -0.021603467459342243 0.010224818937576945 0.0094561205321067876 0.012057017502789775 -0.012512213016946909 0.019609802771343179 -0.027257760482870031 -0.00075182889280287304 0.036883844409017069 0.0032036798146928992 -0.01089087396111047 0.018057636346361473 -0.013090025549759226 0.014353326807050405 -0.0031680135675337981 0.0069091207939827098 0.0086617929467053666 -0.023056528568207935 0.011967747606988639 0.0011215972107674749 0.0039000069087814972 -0.017962803731985701 -0.0013261579976708959 -0.0043197304116070123 0.0059444034118764609 0.070224202420355375 0.025702459342670719 -0.0071795994173332626 0.05218957811878755 -0.0024909440804150576 -0.034992698747771292 -0.0074447758557222602 0.021446862437738658 -0.014753714242832996 0.0048523590410931728 0.023243881392516472 -0.034678331034377168 0.0093394134913174238 -0.0016233322583555122 -0.0017273982490747812 0.013382273885920754 0.021733091435532936 0.021440076031950969
leaf_weight=25110.532480463386 25069.647208824754 36684.792070433497 41730.670230925083 16007.508709348738 75950.083869114518 3756.7087044715881 20744.026103779674 5135.2740976437926 13123.038061842322 17557.641457386315 19903.376993373036 37389.803142696619 20141.775558516383 11146.612925991416 21417.063460230827 9429.4242080003023 5861.5031051635742 3897.7825211584568 8691.079747825861 9571.3921805471182 175.26461519300938 11020.043921723962 23500.877151280642 13222.401730582118 12648.089648939669 19652.769925765693 1195.883318066597 5976.2376372367144 51.257897138595581 4760.8187942504883 9856.8388866484165 101.18687808513641 60849.641966551542 773.91304843127728 29141.411458641291 13552.854361221194 27003.277500346303 75809.345719605684 2674.0804322212934 183.07953916490078 22202.933744490147 10362.725578784943 7089.4966172128916 11655.911742910743 12633.483285114169 38266.522878065705
leaf_count=84047 154432 106116 133254 126297 195248 8286 56019 18878 36596 139483 56165 135606 53702 55796 56930 42036 12735 27386 32461 24006 66 24952 64772 45110 80394 81015 2961 17441 316 13176 33856 133 228634 1085 152590 30539 201122 221854 3890 200 58190 35547 31579 32780 34328 111920
internal_value=0.00650228 -0.000818697 0.0216297 -0.0102426 0.0046136 0.0173604 0.0146139 -0.00625521 0.0286673 -0.0190868 0.00189623 0.032187 0.00984135 -0.00044466 0.0119488 -0.00882392 0.00387304 -0.0160285 -0.0010315 0.0152249 0.0183572 0.0044415 -0.00282539 -0.00253184 -0.0127249 -0.00629566 0.00228578 0.00378221 -0.0171917 0.0161342 -0.0013319 -0.0129462 -0.00134977 -0.0164449 -0.00498103 0.0188492 -0.0145769 0.00473399 0.0113056 0.0111865 0.00642195 0.00407346 -0.00733069 0.0151192 0.0177304 0.0212334
internal_weight=842680 567864 274816 207643 360221 195695 157462 143125 38233.6 64517.5 262854 79120.5 69225.7 136925 97367.1 95941.3 44617.3 46959.8 47184.1 26881 88236 125929 38493 92308.2 37717.7 58223.6 38755.8 114726 43062 49794.2 33357.7 2070.98 74072 1969.8 48794.2 17309.6 27054.5 94822.4 8650.32 11203.1 42344.7 86172.1 18236.1 45033.4 24289.4 38441.8
internal_count=3063929 2251414 812515 1155038 1096376 543655 423012 660434 120643 494604 844198 268860 174723 484149 252178 510467 123030 355121 149967 62831 248289 360049 117506 361119 234826 275641 110295 334897 327735 136303 98628 4179 273744 4046 233605 38825 201438 278732 21331 25152 111892 257401 87375 123127 67108 111986
is_linear=0
shrinkage=0.035


Tree=46
num_leaves=47
num_cat=0
split_feature=75 74 75 75 18 3 75 3 64 107 21 36 107 74 5 74 97 6 7 64 6 96 7 3 16 107 90 22 95 26 74 7 7 6 18 10 79 90 7 14 79 112 106 98 98 109
split_gain=73199.9 22388.8 8240.06 4852.13 3435.8 1817.83 1406.93 1331.52 1129.93 1117.72 947.297 868.904 784.535 752.093 717.764 610.883 540.292 513.668 601.276 578.513 541.798 558.771 565.362 512.23 509.703 478.153 475.919 574.023 462.875 496.782 457.21 412.084 510.823 401.782 396.797 381.96 601.808 411.662 381.351 374.356 372.912 348.44 554.563 434.444 477.512 378.671
threshold=0.09978900104761125 0.11356976255774499 0.054974218830466277 0.18642659485340121 0.22396993637084964 0.15975149720907214 0.078607156872749342 0.090617798268795027 -0.97584131360054005 0.18073499947786334 1.0000000180025095e-35 0.7020167112350465 0.49926951527595526 0.01105058239772916 1.192110061645508 0.0038815597072243695 0.072100423276424422 0.47730833292007452 0.40570861101150518 -0.88094878196716297 0.37041272222995764 0.11248057708144189 0.42029295861721044 0.081283997744321837 0.31061333417892462 0.23027075082063678 0.066677015274763121 0.45134170353412634 0.60073482990264904 1.0000000180025095e-35 0.0020997910760343079 -0.3762653768062591 -0.35478727519512171 0.27852417528629309 0.53458327054977428 0.34011973440647131 0.80801811814308178 0.37444631755352026 0.50225088000297557 0.63123199343681347 1.2807927131652834 0.26516079902648931 0.17207164317369464 0.71250006556510936 0.77500000596046459 0.061995426192879684
decision_type=2 2 2 2 2 2 2 2 2 2 2 2 2 2 2 2 2 2 2 2 2 2 2 2 2 2 2 2 2 2 2 2 2 2 2 2 2 2 2 2 2 2 2 2 2 2
left_child=2 3 9 7 14 12 13 25 31 23 28 30 24 -4 -3 -8 -13 18 19 26 -20 -22 -23 -1 -5 35 -9 41 29 -6 39 -7 -33 -12 -14 37 -37 -2 -15 -10 -29 42 -28 -43 45 -45
right_child=1 4 6 5 10 8 15 17 11 -11 33 16 34 38 -16 -17 -18 -19 20 -21 21 22 -24 -25 -26 -27 27 40 -30 -31 -32 32 -34 -35 -36 36 -38 -39 -40 -41 -42 43 -44 44 -46 -47
leaf_value=0.033657018500300978 0.021275094468211814 -0.018014844858993139 0.016405564022598563 0.0050947985177590659 -0.019991105437292576 -0.0064108251742247251 0.0079402244702055716 -0.0022906089485725993 -0.012824075268973771 0.022129990074986731 -0.0086197614384050242 0.0093067414272950556 -0.0044671813646769117 0.022531794963512784 -0.027652691065304123 0.015870670240622123 -0.0024756471628534799 0.012236773932321501 0.0063732309370782645 0.00050247489971376913 -0.013390182060951002 0.024564147830275378 -0.01985929877377729 0.022386117480657355 0.014698417518728907 0.0087118462779980053 0.011984569369767708 0.0050443189395527931 -0.0066164888934411243 -0.011319502423481547 -0.0048643760956650402 0.026965531937830793 0.0023149505765610407 -0.0011103508069979114 0.003073862726143095 0.011288220811261959 -0.044243938159877427 0.0040946130232492267 0.031975957248788524 0.0087002848668031839 0.069994911925660028 0.030520666561042565 0.048541036973852057 0.021499053725029624 0.011914498030771895 -0.030412804813197032
leaf_weight=70333.256736591458 11182.841411501169 28982.32695350796 26936.128558322787 47584.419638395309 12076.975844874978 6692.5391713231802 15074.83663725853 7522.9655851274729 15252.301514491439 14182.472724944353 16441.099111229181 7561.2218547090888 15274.095025360584 41234.302234709263 14122.233962200582 56909.44606114924 12879.790515840054 11113.494313716888 27236.118076920509 52235.885089218616 621.95636312663555 5084.0590137690306 372.33457273244858 5370.8632534444332 7892.0380028486252 55701.340238571167 1164.7379724532366 33190.568039312959 13641.344087213278 24679.278881393373 64064.408669494092 1047.401211887598 46281.567971013486 18607.642134562135 19392.998873993754 13605.588310748339 237.48645655810833 2021.7403466254473 6049.5163243561983 1053.9355494827032 102.70273411273956 1158.2002660781145 904.69972702860832 229.34084770083427 3866.8436385691166 642.00158071517944
leaf_count=249773 25760 229300 77979 140254 92417 32403 38450 17207 56354 44343 83916 26586 63986 124010 110530 153484 52422 33969 85898 141850 2210 13596 1587 17597 20748 145456 3178 96495 70093 172354 254949 3132 154512 96109 62812 31579 212 5172 19148 3607 27 967 584 151 6218 545
internal_value=0.00631252 -0.00016776 0.0228284 0.0033512 -0.01312 -6.94895e-05 0.0177 0.0070234 -0.00236997 0.0311681 -0.00905472 -0.00455862 0.00388168 0.0210825 -0.0211761 0.0142108 0.00188374 0.00500634 0.00440757 0.00306239 0.00848495 0.0179302 0.0215127 0.0328594 0.0064626 0.010568 0.00580298 0.00727905 -0.0121279 -0.0141718 -0.00619725 0.00171423 0.00286401 -0.00463408 -0.000248618 0.0143874 0.0103161 0.0186483 0.0237442 -0.0114296 0.00525752 0.0157167 0.0280644 0.0113574 0.00663866 -0.0166858
internal_weight=837813 601723 236091 473172 128551 244977 146204 228195 154833 89886.6 85446.3 100812 90143.6 74219.9 43104.6 71984.3 20441 145446 134332 101018 33314.5 6078.35 5456.39 75704.1 55476.5 82749 48782.1 41259.1 50397.6 36756.3 80370.6 54021.5 47329 35048.7 34667.1 27047.7 13843.1 13204.6 47283.8 16306.2 33293.3 7965.82 2069.44 5896.39 4738.19 871.342
internal_count=3063929 2339145 724784 1484426 854719 871765 413071 612661 583965 311713 514889 393918 287800 221137 339830 191934 79008 404482 370513 267222 103291 17393 15183 267370 161002 208179 125372 108165 334864 264771 314910 190047 157644 180025 126798 62723 31791 30932 143158 59961 96522 11643 3762 7881 6914 696
is_linear=0
shrinkage=0.035


Tree=47
num_leaves=47
num_cat=0
split_feature=75 17 75 17 74 17 95 17 5 17 107 95 17 74 36 17 25 75 7 6 107 129 95 22 17 7 74 36 17 115 48 36 129 6 6 6 6 72 21 6 7 6 7 48 95 65
split_gain=69248.5 23202.6 8131.88 5883.5 5521.11 3111.33 1580.06 1294.23 1274.2 1221.73 1272.23 1122.22 903.687 671.528 604.755 580.493 562.516 555.228 533.079 547.803 507.016 483.672 466.853 466.114 395.213 394.327 388.762 380.079 369.302 353.963 342.732 364.525 345.247 331.315 465.702 317.394 316.262 317.478 313.468 312.244 309.015 325.032 574.51 367.735 305.123 311.34
threshold=0.09978900104761125 0.22396993637084964 0.054974218830466277 0.50316895544528972 0.17758409678936007 0.65050083398818981 0.72604689002037059 0.37446653842926031 1.1766744852066042 0.70072525739669811 0.088557366281747832 0.6867521107196809 0.61035025119781505 0.0043237474747002133 1.0000000180025095e-35 0.68507987260818493 0.22396993637084964 0.38294176757335668 0.37795858085155493 0.4138243049383164 0.081522457301616683 -0.14345060288906095 0.6293596923351289 1.2725504636764529 0.58756005764007579 0.0089192749001085776 0.082559473812580123 1.0000000180025095e-35 0.68507987260818493 0.62500000000000011 0.39170669019222265 0.61270344257354747 -0.35657048225402826 0.046031622216105468 0.029085938818752769 -0.29239469766616816 0.35802587866783148 0.4072988629341126 0.14931328594684604 -0.14435185492038724 -0.3762653768062591 0.030925905331969265 0.24743579328060153 0.43366721272468572 0.66463670134544384 -0.042072962969541543
decision_type=2 2 2 2 2 2 2 2 2 2 2 2 2 2 2 2 2 2 2 2 2 2 2 2 2 2 2 2 2 2 2 2 2 2 2 2 2 2 2 2 2 2 2 2 2 2
left_child=2 4 9 7 6 13 14 11 16 10 -1 25 -5 38 -2 -7 27 26 19 -16 -15 23 29 -13 -22 -3 -8 -6 -12 -9 31 32 -27 34 -34 -29 37 -19 -4 -32 -31 42 43 -42 -37 -46
right_child=1 3 5 12 8 15 17 22 -10 -11 28 21 -14 20 18 -17 -18 36 -20 -21 24 -23 -24 -25 -26 30 -28 35 -30 40 39 -33 33 -35 -36 44 -38 -39 -40 -41 41 -43 -44 -45 45 -47
leaf_value=0.032919888128005344 -0.012936834794223731 -0.0068337548140270385 -0.0028658301599502087 0.010144515441337485 -0.021334993422598456 0.02214621323094261 0.0036525686449450845 -0.00046666480732857827 -0.026590247412039577 0.036570895216883927 0.020126400410528218 0.009427579972667164 0.018217918264323042 0.021161713330545034 -0.0094749475498100803 0.030757020733010263 -0.0054334933070932945 -0.0071923984162310852 -0.0013741060184218846 0.0053158912587026284 0.011144255048884283 -0.0011636213194131714 0.0090566343425682039 -0.037437955502066515 0.016854719497877299 0.018209143450476147 -0.0043133069471435938 0.071795731025661516 0.028853100009076624 -0.0037588156317031008 0.024436640150344614 0.002533496094120501 -0.0038179639128950262 -0.0029112672094430093 -0.021960213960453369 -0.01624019199543562 0.0072900235551292296 -0.024803049220981404 0.010434903661272999 0.0015701561714746035 -0.0026470910346943206 0.0042747361243377652 0.0229185427229644 0.013755239393474627 -0.021868132320513715 -0.00099388767518422249
leaf_weight=29592.164599612355 26983.259151145816 15988.88269251585 2371.4086162149906 88579.720161542296 14640.09114343673 26203.626963630319 26190.493310466409 21116.932889059186 16838.557079643011 29150.601901590824 20984.028204396367 20432.508090361953 21030.749037608504 16232.303970858455 47901.935524553061 15263.537106156349 6113.159342199564 7977.839262239635 17002.676037944853 3272.768585190177 28039.349532186985 8304.9833260625601 23340.3641076684 257.46451830863953 31742.341897785664 862.73326681554317 10512.084555760026 46.566104933619499 8368.0196345895529 5202.037187308073 743.6068264991045 14842.858459427953 4403.2988362908363 44676.829099312425 2857.4094026982784 20464.836342163384 1502.2330182269216 1485.1695515140891 25213.637865722179 30539.147122740746 3553.6049718409777 81482.447537243366 3293.9203039109707 3156.4403648078442 1166.0750637426972 3463.0343441516161
leaf_count=104961 144815 77941 3260 227393 119326 79569 66344 66378 139483 112663 65498 44952 55461 46947 259359 51495 43462 25825 98520 17688 71984 20559 52444 111 89832 1407 36571 275 28591 19167 2568 54900 14949 160860 7035 165376 7227 5710 69984 115893 9584 236817 4768 9295 6803 19879
internal_value=0.00612518 -0.000162968 0.0223124 0.00480331 -0.00969787 0.0172174 -0.0058959 0.00215325 -0.0183526 0.0307006 0.0277939 -0.000182302 0.0116945 0.0139728 -0.00850121 0.0253199 -0.015327 -0.000694232 -0.00674457 -0.00852835 0.0156709 0.00596993 0.00453451 0.00883328 0.0141779 -0.00173492 0.00137047 -0.016846 0.02262 0.00363807 -0.000910372 -0.00231135 -0.0036736 -0.00403932 -0.0109712 -0.0142272 -0.00760292 -0.00997119 0.00929079 0.00211857 0.00453462 0.00500651 0.0109598 0.00507274 -0.0144043 -0.00627551
internal_weight=833388 600227 233161 394666 205561 145066 142828 285055 62732.3 88094.8 58944.2 143910 109610 103599 95160.6 41467.2 45893.8 47667.8 68177.4 51174.7 76014 28995 141146 20690 59781.7 114915 36702.6 39780.6 29352 117805 98925.9 67643.1 52800.3 51937.5 7260.71 25140.5 10965.2 9463.01 27585 31282.8 96688.5 91486.4 10004 6710.05 25093.9 4629.11
internal_count=3063929 2339145 724784 1182482 1156663 413071 662059 899628 494604 311713 199050 501175 282854 282007 520382 131064 355121 141677 375567 277047 208763 65622 398453 45063 161816 435553 102915 311659 94089 346009 357612 239151 184251 182844 21984 192333 38762 31535 73244 118461 279631 260464 23647 18879 192058 26682
is_linear=0
shrinkage=0.035


Tree=48
num_leaves=47
num_cat=0
split_feature=75 17 75 74 17 17 95 5 17 107 3 17 17 17 7 107 26 74 17 36 107 64 10 3 44 98 98 5 36 14 17 95 75 94 39 10 7 125 111 7 17 105 7 95 10 79
split_gain=65526.7 22366.2 7345.09 7257.61 4086.24 2754.74 1839.63 1344.51 1233.37 1265.63 1138.42 1063.17 778.102 655.69 632.251 600.409 592.378 581.353 561.588 536.382 485.918 452.045 423.732 667.852 421.546 419.59 411.715 395.163 392.882 366.001 363.416 363.17 345.807 342.35 341.906 336.331 411.503 506.918 437.379 332.326 331.728 325.972 319.049 311.842 309.525 509.545
threshold=0.096929438412189498 0.31061333417892462 0.054974218830466277 0.17758409678936007 0.53458327054977428 0.65050083398818981 0.63509106636047374 1.1281778812408449 0.70072525739669811 0.088557366281747832 0.17208402603864673 1.0000000180025095e-35 0.42514967918396002 0.63123199343681347 0.24491057544946673 0.28191246092319494 0.61035025119781505 0.0043237474747002133 0.68507987260818493 0.46715016663074499 0.081522457301616683 -0.99020716547965992 0.2484906688332558 0.10022674873471261 0.14931328594684604 0.95000001788139354 0.76306825876235973 1.0597847104072573 1.0000000180025095e-35 0.37446653842926031 0.66838845610618602 0.23370153456926349 0.38294176757335668 0.23504746705293658 1.0000000180025095e-35 0.37376695871353155 0.22474335134029391 -0.013256236910820006 0.091031070798635497 0.35569444298744207 0.58756005764007579 -0.0010551603627391157 0.24796082824468615 0.6293596923351289 0.71388667821884166 1.0000000180025095e-35
decision_type=2 2 2 2 2 2 2 2 2 2 2 2 2 2 2 2 2 2 2 2 2 2 2 2 2 2 2 2 2 2 2 2 2 2 2 2 2 2 2 2 2 2 2 2 2 2
left_child=2 3 8 6 12 17 11 16 9 -1 22 27 15 -6 21 43 28 -4 -7 24 -19 35 23 -8 29 -17 31 39 -5 -13 -11 -14 -23 -24 -9 -12 -37 -38 -39 -2 -22 -25 -16 -3 -45 -46
right_child=1 4 5 7 13 18 10 34 -10 30 14 19 26 -15 42 25 -18 20 -20 -21 40 32 33 41 -26 -27 -28 -29 -30 -31 -32 -33 -34 -35 -36 36 37 38 -40 -41 -42 -43 -44 44 45 -47
leaf_value=0.032486363147368448 -0.01255456143916993 0.0020089340402921155 0.009388371185187816 -0.019758761771748474 0.011622692899297014 0.021660162834506981 0.022113798791226991 -0.026813976434772908 0.036226066642043475 0.018131910329393253 -0.011225772157401635 -0.0097301937132672212 -0.0070406437511895056 0.020196845993987907 0.018817039308928085 -0.00038685893675608163 -0.0012015037268698913 0.021113028303650874 0.030264313952094068 -0.0015526442227920699 0.010941604886962664 -0.0062543166470796644 0.0033736646746901668 0.011657846868000131 -0.0015218202437691875 0.008594405634322011 0.0074352093863484809 -0.018782063660519668 -0.012603379684762717 -0.0017255857694215796 0.026000571047010583 0.0041773340511362727 -0.015381024776167899 -0.012181381957340608 -0.015207075293158723 0.00088406941145555346 0.046492439498564166 -0.029613244180798675 0.04676264938597733 -0.0027620517700663589 0.016488961863272453 -0.0099814448107200561 0.00039114257014142596 0.0099333576302459096 -0.029159161962292256 0.0065195890913572665
leaf_weight=28949.020904093981 15848.789255179465 16277.512319073081 25639.720857545733 14823.881842494011 70723.404578730464 25302.602560833097 3736.4121535420418 17085.482017472386 28411.244460865855 14292.531050011516 1977.220346711576 41863.713034190238 3917.8910686671734 12939.312666103244 1243.4217456579208 77051.529640972614 4069.6554097831249 15133.206600338221 14818.305696129799 35853.885937333107 24033.739706203341 16818.578350178897 31062.28168515861 1675.0781538262963 13992.093629941344 6940.5122617781162 79531.353990748525 8667.0643896982074 25910.13765206188 8408.3237177729607 14675.852357119322 35686.933076575398 7298.724893130362 1829.6429956033826 3839.6182899847627 4146.2779821753502 587.87554393708706 270.84203245490789 131.46887058764696 5806.6654208004475 29522.300244957209 1724.6305417120457 14656.274137981236 19084.209337458014 669.56772246956825 1782.477911695838
leaf_count=104961 104583 48188 68671 119248 182387 77868 6928 144971 112663 43662 5600 190120 12947 34714 1346 260876 27926 44411 51047 163616 61968 51799 81557 3744 66088 23369 211159 61449 191935 37027 50427 96065 27911 6044 30811 13227 690 372 140 40788 84394 5475 63174 42113 762 4708
internal_value=0.00594543 1.43783e-05 0.0222766 -0.00717122 0.0062863 0.0171596 -0.00409222 -0.017363 0.0302441 0.027306 -0.000155157 -0.00672272 0.00397207 0.0129502 -0.00384136 0.00200476 -0.0139382 0.0138905 0.0248423 -0.00498309 0.0155699 -0.00673342 0.00418483 0.0119128 -0.00689652 0.000355746 0.0059832 -0.0124642 -0.0152101 -0.00839191 0.0221232 0.00306648 -0.00901987 0.00250607 -0.0246896 0.00101812 0.00574055 0.0259399 -0.00431297 -0.00993071 0.0140012 0.000679685 0.00183923 0.00566667 0.00842953 -0.00326686
internal_weight=828711 607933 220779 283328 324605 134450 217599 65728.8 86328.6 57917.4 87158.7 130441 240942 83662.7 47130.7 121806 44803.7 94329 40120.9 100118 68689.2 31231 40028 7136.12 64264.1 83992 119136 30322.5 40734 50272 28968.4 39604.8 24117.3 32891.9 20925.1 7113.68 5136.46 990.186 402.311 21655.5 53556 3399.71 15899.7 37813.8 21536.3 2452.05
internal_count=3063929 2363857 700072 1446569 917288 388359 931678 514891 311713 199050 268007 663671 700187 217101 164259 380016 339109 259444 128915 456851 190773 99739 103748 16147 293235 284245 320171 206820 311183 227147 94089 109012 79710 87601 175782 20029 14429 1202 512 145371 146362 9219 64520 95771 47583 5470
is_linear=0
shrinkage=0.035


Tree=49
num_leaves=47
num_cat=0
split_feature=75 17 74 75 17 17 95 5 17 107 3 17 107 17 17 7 3 107 17 36 48 36 3 7 129 6 10 64 10 3 141 7 98 22 112 14 6 7 97 17 98 7 5 6 57 111
split_gain=62079.9 21488.8 6954.08 6606.18 4026.56 2415.27 1746.89 1414.27 1244.29 1258.2 1059.95 964.602 731.854 703.602 699.576 577.459 548.624 582.138 548.373 528.832 518.813 541.956 512.369 481.441 466.005 462.301 437.087 464.932 422.091 603.843 429.984 399.506 385.623 379.407 397.947 368.755 366.909 618.019 362.668 361.936 349.806 349.676 348.269 338.389 336.775 375.143
threshold=0.094273440539836897 0.31061333417892462 0.17172653973102572 0.054974218830466277 0.53458327054977428 0.65050083398818981 0.63509106636047374 1.1281778812408449 0.70072525739669811 0.088557366281747832 0.17904496192932132 1.0000000180025095e-35 0.28191246092319494 0.42514967918396002 0.63123199343681347 0.24491057544946673 0.11455136910080911 0.14378289133310321 0.68507987260818493 1.0000000180025095e-35 0.14931328594684604 0.6168709695339204 0.09606433287262918 0.37795858085155493 -0.27852053940296168 0.37287150323390966 0.2484906688332558 -0.98243284225463856 0.2484906688332558 0.10022674873471261 0.270522952079773 0.40570861101150518 0.95000001788139354 1.0000000180025095e-35 0.62224116921424877 0.37446653842926031 0.37287150323390966 0.40570861101150518 0.073465779423713698 0.68507987260818493 0.65000006556510936 0.059722460806369788 1.0597847104072573 -0.29239469766616816 0.22396993637084964 0.064112264662981047
decision_type=2 2 2 2 2 2 2 2 2 2 2 2 2 2 2 2 2 2 2 2 2 2 2 2 2 2 2 2 2 2 2 2 2 2 2 2 2 2 2 2 2 2 2 2 2 2
left_child=3 2 6 8 12 16 11 19 9 -1 28 42 22 32 36 26 17 -5 -7 -4 21 35 24 43 -3 -19 -12 -28 29 -8 -31 -27 -14 34 -9 -13 41 -38 -22 -11 -15 -6 -2 -21 45 -30
right_child=1 4 7 5 14 18 10 33 -10 39 15 20 13 40 -16 -17 -18 25 -20 23 38 -23 -24 -25 -26 31 27 -29 44 30 -32 -33 -34 -35 -36 -37 37 -39 -40 -41 -42 -43 -44 -45 -46 -47
leaf_value=0.032058576275004198 -0.0096582858071872779 0.020645965102737824 -0.018467457279679123 0.019099393774846408 0.017292065516700601 0.02115792716616996 0.021344213993731608 -0.030947520486754022 0.035887681638222507 0.019149807429175783 -0.016335606434726285 -0.0095166521671668659 -0.00036944095688613696 -0.00040622347415088304 0.01966106893206113 0.0018097538886389811 0.0083441951015805742 0.0082423764482412246 0.029803288782045953 0.058453070865616984 0.0012693154270654874 0.0025371789055824408 0.00447602559608354 -0.00026343857322553302 0.0085062922296802231 0.01223080297863372 0.0028535825886693727 -0.0077256989243457341 0.002544401634180949 -0.0020359968668323988 0.043370109185331851 0.021925582898515563 0.0082243456406017913 -0.018072545320215311 -0.016093880146386748 -0.0018326382075779417 0.011820378893940409 0.024640887227583994 -0.0053583460204282536 0.027923797905097022 0.0057727436527498883 0.0075849670225716726 -0.018216439550653604 -0.012675715374317567 0.008246627671243319 -0.007751507991525749
leaf_weight=28319.832706227899 20449.590224683285 4634.6566796004772 15911.288711547852 28351.750556141138 5251.4641882777214 24335.736589699984 3781.5812926888466 10482.654207929969 27688.221497364342 20510.980311453342 4723.8589101657271 42369.941707506776 77134.910194382071 13233.804481193423 14360.56025582552 15187.266880653799 17707.286010220647 17389.38766400516 14377.285046882927 76.333503283560276 22007.067139349878 6573.8386328369379 44581.308812215924 4680.3325593322515 23640.029324740171 13965.841616049409 7092.8662771359086 17971.267803125083 20143.783958487213 3379.6582081690431 270.32658470422029 8342.6632232069969 6968.5409949421883 7883.3795977905393 2830.5324832424521 9343.8066852986813 29617.384961277246 5459.9140597879887 18703.939125537872 8081.2435911297798 73757.530284315348 33952.038729786873 8167.149920552969 26067.013650417328 8846.2567318603396 5517.4220736697316
leaf_count=104961 137621 9362 128195 81613 14016 75927 7031 93224 112663 65498 14345 192101 261079 40644 39093 61565 47199 45554 50573 420 97665 29033 115841 36231 55934 40619 20486 60040 49250 9317 610 23470 23408 68144 18923 41255 81336 14100 91811 28591 201343 83012 58101 189702 28028 14995
internal_value=0.00577051 0.000169798 -0.00692906 0.0222464 0.0061987 0.0171156 -0.00383848 -0.0166879 0.0297935 0.026825 -1.13083e-05 -0.00644484 0.0038771 0.0026259 0.0125872 -0.00374356 0.0138378 0.0152663 0.024373 -0.0132833 -0.00480817 -0.00692559 0.00681483 -0.0106039 0.0105004 0.0125261 -0.00657498 -0.00473157 0.0039909 0.0115541 0.00139015 0.0158617 0.000343044 -0.024188 -0.0277988 -0.00812882 0.0112181 0.0138201 -0.00177577 0.0216353 0.00483269 0.00888794 -0.0121044 -0.0124543 0.00236011 0.00032904
internal_weight=824124 615053 282461 209070 332592 124470 214530 67931.5 84600.3 56912.1 86914.3 127615 243951 171095 88641.4 44975.3 85756.9 68049.6 38713 46735 98998.6 58287.6 72856 30823.7 28274.7 39697.9 29788 25064.1 41939 7431.57 3649.98 22308.5 84103.5 21196.6 13313.2 51713.7 74280.8 35077.3 40711 28592.2 86991.3 39203.5 28616.7 26143.3 34507.5 25661.2
internal_count=3063929 2387261 1448093 676668 939168 364955 913254 534839 311713 199050 265667 647587 707611 526474 231557 156436 238455 191256 126500 354548 451865 262389 181137 226353 65296 109643 94871 80526 109231 16958 9927 64089 284487 180291 112147 233356 192464 95436 189476 94089 241987 97028 195722 190122 92273 64245
is_linear=0
shrinkage=0.035


Tree=50
num_leaves=47
num_cat=0
split_feature=75 17 75 17 74 17 112 5 3 129 17 107 17 17 17 74 25 98 74 75 17 107 17 75 17 18 106 74 7 51 5 74 17 2 69 106 3 111 140 113 140 7 44 116 96 111
split_gain=58782.3 20206.5 6514.88 5308.88 4870.26 2656.7 1395.27 1212.41 1151.97 1146.2 1024.3 1152.07 920.04 675.904 654.39 603.942 544.138 471.281 465.215 462.695 421.978 412.842 429.375 403.983 385.091 382.168 378.429 373.956 373.859 368.856 328.378 324.963 310.884 307.788 319.113 299.803 294.855 280.853 449.44 402.117 404.025 272.795 270.125 262.887 264.581 478.765
threshold=0.094273440539836897 0.22396993637084964 0.052438553422689445 0.50316895544528972 0.17758409678936007 0.66838845610618602 0.57923510670661937 1.192110061645508 0.15975149720907214 -0.27125689387321467 0.70072525739669811 0.088557366281747832 0.63123199343681347 0.37446653842926031 1.0000000180025095e-35 0.0060112050268799075 0.22396993637084964 0.88750001788139354 1.0000000180025095e-35 0.19346532225608828 0.70072525739669811 0.069994103163480773 0.61035025119781505 0.23436643183231357 0.56247621774673473 0.66838845610618602 0.117636326700449 0.41784207522869116 0.52361816167831432 1.0000000180025095e-35 1.0900513529777529 0.004837669664993883 0.68507987260818493 -0.16136819124221799 -0.98272579908370961 0.2997309416532517 0.082649879157543196 0.08596487715840341 -0.3690666258335113 0.089097209274768843 0.10353777557611467 0.53609806299209606 0.69700351357460033 0.36465089023113256 1.0000000180025095e-35 -0.027373435907065865
decision_type=2 2 2 2 2 2 2 2 2 2 2 2 2 2 2 2 2 2 2 2 2 2 2 2 2 2 2 2 2 2 2 2 2 2 2 2 2 2 2 2 2 2 2 2 2 2
left_child=2 4 10 8 6 15 14 16 9 25 11 36 24 29 17 -4 27 30 -11 -8 -7 -17 -23 -16 35 -3 -20 28 -6 -10 -2 -25 -13 -21 37 -5 -1 38 -35 40 -39 -9 -28 44 45 -29
right_child=1 3 5 12 7 20 19 41 13 18 -12 32 -14 -15 23 21 -18 -19 26 33 -22 22 -24 31 -26 -27 42 43 -30 -31 -32 -33 -34 34 -36 -37 -38 39 -40 -41 -42 -43 -44 -45 -46 -47
leaf_value=0.033096710803627048 -0.006173209106517522 0.015763411085372568 0.010162027413630424 0.0072998717511689754 -0.015007658262957831 0.023927233363180977 0.0059218574512778519 -0.027216930522182284 -0.0038881404722602162 -0.00080990806578454613 0.035570851979158477 0.018980951748743636 0.019132234721965669 0.0025345745981903019 -0.0013024859404650656 0.021799066421170209 -0.0045909236647888292 -0.017085927300922427 -0.00043509458658451644 -0.010138795731799264 0.033717672621645517 0.011805484899866762 0.017787906004834153 -0.013295558462882471 0.012005012519299238 -0.0065539225369954466 0.0048395011582820736 0.068779026924748105 0.0055304305459675978 0.0010667231532168744 -0.013959281039680324 -0.0056216906860502352 0.027670285936182138 0.084555294930065486 -0.002548234908032564 0.020915813055111754 0.017950711214798895 0.0018328858594664882 -0.0032768383344016919 0.0092471862580939205 0.073523123350394015 -0.0072234932491637418 0.013431642189267321 0.081212586906885417 -0.024759702929013357 -0.030252153063869636
leaf_weight=24349.302484720945 21551.684614293277 12332.473213419318 29880.973009765148 57140.900403171778 31176.741772778332 20989.519852608442 13052.210349775851 13760.221739567816 54661.510039374232 26815.612230315804 25730.195419564843 17391.876453563571 14243.259528577328 65919.598843052983 22113.211902841926 12782.640380337834 6002.2516786530614 10726.275690443814 16749.021751046181 4884.2961951643229 7339.3187350556254 28979.33863183856 29989.468651860952 8408.8906882405281 47598.408731356263 1013.6755180805922 80136.304149091244 99.676454767584801 1121.3841747790575 27739.016871348023 9600.4672341272235 34554.80203473568 7180.3083156347275 68.354858301579952 13728.109289497137 2048.9863618910313 1711.0007300376892 146.38956385105848 1770.0527193471789 1098.6896263286471 278.65893149375916 896.82841441780329 4745.8035659343004 23.729074865579605 6960.5207885950804 132.17088407278061
leaf_count=93025 131153 25444 83361 148343 244473 70092 31735 118653 199961 75640 107568 56232 39093 193850 82844 39177 43515 69338 58161 18662 27803 77681 89894 39365 124122 2508 229485 88 9887 113372 57131 178781 25904 54 43725 4762 5931 341 5774 4581 280 10412 14152 67 67366 143
internal_value=0.00560038 0.000163767 0.0217602 0.00461851 -0.00889612 0.0169913 -0.00535902 -0.0172405 0.00204953 0.00430515 0.0298744 0.0269756 0.0107759 -0.000106845 -0.00734448 0.0143475 -0.0144174 -0.0107574 0.00329033 0.000703599 0.0264706 0.0160895 0.0148496 -0.00514725 0.00966021 0.0140655 0.00437225 -0.0159089 -0.0142934 -0.00222009 -0.00857523 -0.00712548 0.0215266 -0.00239626 -0.000180193 0.00777344 0.032107 0.00947357 0.000248594 0.0205533 0.049222 -0.0259976 0.00532091 -0.0231204 -0.0235332 0.0129478
internal_weight=819624 613300 206324 411145 202156 129961 141982 60173.5 290113 141793 76362.7 50632.5 121032 148320 106955 101632 45516.5 41878.4 128447 35026.8 28328.8 71751.4 58968.8 65076.9 106788 13346.1 101631 39514.2 32298.1 82400.5 31152.2 42963.7 24572.2 21974.6 17090.3 59189.9 26060.3 3362.15 1838.41 1523.74 425.048 14657.1 84882.1 7216.1 7192.37 231.847
internal_count=3063929 2387261 676668 1228893 1158368 388008 663764 494604 912573 405390 288660 181092 316320 507183 558612 290113 365539 257622 377438 105152 97895 206752 167575 300990 277227 27952 301798 322024 254360 313333 188284 218146 82136 73417 54755 153105 98956 11030 5828 5202 621 129065 243637 67664 67597 231
is_linear=0
shrinkage=0.035


Tree=51
num_leaves=47
num_cat=0
split_feature=73 72 107 18 73 21 107 107 21 72 21 7 7 72 36 95 95 112 105 96 5 96 105 73 7 36 97 5 73 48 107 106 7 7 2 59 112 36 22 7 7 36 93 22 107 125
split_gain=54977.5 15873.4 6559.3 4096.62 3083.56 2083.48 1326.94 1125.78 1063.07 971.331 815.902 804.4 798.459 721.232 690.375 722.725 655.776 652.426 634.841 624.026 608.322 585.613 562.056 473.047 465.947 462.548 473.273 433.008 410.734 393.623 381.888 380.245 379.162 487.62 383.749 376.711 365.899 357.654 351.949 333.861 675.584 320.198 316.344 741.759 587.642 562.255
threshold=0.097711116075515761 0.13349740207195285 0.14620486646890643 0.22396993637084964 0.059983881190419204 0.2834331095218659 0.45839653909206396 0.41025693714618688 1.0000000180025095e-35 0.52142679691314708 0.42082133889198309 -0.3762653768062591 -0.35478727519512171 0.03051707893610001 0.65692242980003368 0.2128219082951546 0.75084340572357189 0.4003798514604569 0.0044960002414882192 0.20194559544324878 1.10144579410553 0.22210463881492618 -0.0038637053221464153 0.063713967800140395 0.38336184620857244 0.4567199051380158 0.072100423276424422 0.9469793736934663 0.08283525332808496 0.40690015256404882 0.21467263996601108 0.32345661520957952 0.41778123378753668 0.40570861101150518 -0.091280005872249589 0.31061333417892462 0.69419550895690929 1.1394659876823428 0.55829167366027843 -0.3762653768062591 0.022479261271655563 0.92900860309600841 -0.036881849169731133 1.0000000180025095e-35 0.24236162751913073 -0.011765383183956145
decision_type=2 2 2 2 2 2 2 2 2 2 2 2 2 2 2 2 2 2 2 2 2 2 2 2 2 2 2 2 2 2 2 2 2 2 2 2 2 2 2 2 2 2 2 2 2 2
left_child=2 5 4 9 18 11 21 10 17 16 42 -2 -13 -6 15 -8 20 27 22 31 -3 32 -1 30 -23 29 -27 -5 -15 -10 -12 -14 33 -7 -35 -24 -19 -26 -33 -17 -41 -18 -4 44 -44 -46
right_child=1 3 7 8 13 6 14 -9 25 -11 23 12 19 28 -16 39 41 36 -20 -21 -22 24 35 -25 37 26 -28 -29 -30 -31 -32 38 -34 34 -36 -37 -38 -39 -40 40 -42 -43 43 -45 45 -47
leaf_value=0.020058398932200083 -0.007591721627065404 -0.014397550389227954 0.014734926709559698 -0.0091258943318672098 0.012389043066544227 0.0088290486760507474 -0.0092425511502425665 0.0055067244345434188 -0.0071369697767708793 -0.026564077327107614 0.023108769262802691 0.020114744196620741 0.00046623705887414096 0.024977261512446135 0.0063255834983879751 -0.0065972990294782151 -0.0090334347289177802 -0.0058191023876303172 0.017013316044551738 -0.0039175115224655234 -0.026454945829382993 0.0027873991757421022 0.028523211250119449 0.014186182349386968 0.0079355540149116319 0.0041179164973459753 -0.0043274558262450923 -0.017064394795396343 0.016311340442465475 0.0011236510652218141 0.016311478801175901 0.0060491226928962452 0.0044180683018762157 0.0035382119704414055 0.019439158314774552 0.034096617909310421 0.01250341183733087 0.032100283244769254 -0.031581386172970169 0.014222706685223584 0.00098769012956075931 0.02640924130217286 -0.029811793345654133 0.0089656336869346053 -0.01596912996331892 0.042805020741935547
leaf_weight=5513.2937605455518 15548.815703675151 15573.619197294116 5820.2024414092302 18635.893112666905 16328.580040253699 63441.537468627095 8949.8853688538074 16946.514616519213 39675.519409790635 12187.729711830616 18176.953455761075 2578.4003706052899 61071.125119619071 17425.220487587154 31047.372485086322 5700.0136719048023 10682.980310857296 14365.9803230986 4377.0671731606126 29829.29521201551 7669.0778431668878 48177.161636993289 25908.187427401543 47897.380250811577 24011.180464461446 15647.799805901945 16902.309871815145 15402.652648620307 10989.151686310768 8593.2757853940129 23127.575511470437 24743.45000500232 18064.77663217485 2292.0631656348705 9941.988927051425 35999.876144118607 1465.9852897599339 769.60148714482784 302.32052324712276 5247.3484635055065 46977.601594924927 315.85150068998337 1214.3333300501108 8947.1155727505684 472.0836276113987 336.28218746185303
leaf_count=19226 80223 128774 11114 127246 48032 180042 36216 46538 187192 104935 62496 7760 180793 54879 90256 24477 54911 73187 14701 127639 76791 136147 95892 140284 73603 65438 74139 117837 31321 38531 71050 50168 55960 6943 27354 143714 5144 2072 738 15526 147735 1838 415 24400 188 64
internal_value=0.00543432 -0.000427059 0.0195273 -0.00914555 0.0254769 0.00344617 0.00524708 0.0138863 -0.00597229 -0.0180756 0.0152255 -0.000108316 0.000873666 0.01826 0.00201304 1.03739e-05 -0.0150498 -0.00999066 0.0299722 0.00044469 -0.0183821 0.00714664 0.0308118 0.0165581 0.00479428 -0.00349203 -0.000267236 -0.0127207 0.0216302 -0.0056662 0.0193059 0.00195595 0.00897696 0.0100647 0.016464 0.0317673 -0.00411785 0.00869396 0.00558709 0.00144099 0.00231914 -0.00800099 0.00814214 0.0046373 -0.0144741 0.00860555
internal_weight=815292 575813 239480 177119 116541 398694 264621 122938 130689 46429.3 105992 134073 118525 44743 97922.2 66874.8 34241.5 49870.5 71798.4 115946 23242.7 166698 67421.4 89201.9 72957.9 80818.9 32550.1 34038.5 28414.4 48268.8 41304.5 86116.9 93740.4 75675.6 12234.1 61908.1 15832 24780.8 25045.8 57925 52225 10998.8 16790 10969.8 2022.7 808.366
internal_count=3063929 2299615 764314 1055963 407765 1243652 796331 356549 688714 367249 310011 447321 367098 134232 314210 223954 262314 323414 273533 359338 205565 482121 258832 273830 211822 365300 139577 245083 86200 225723 133546 231699 270299 214339 34297 239606 78331 75675 50906 187738 163261 56749 36181 25067 667 252
is_linear=0
shrinkage=0.035


Tree=52
num_leaves=47
num_cat=0
split_feature=75 74 75 75 18 3 3 3 107 64 107 36 21 74 7 90 7 97 74 10 96 74 95 58 93 98 7 6 96 6 21 129 143 3 64 6 68 6 26 112 75 129 7 6 106 21
split_gain=52864.9 16592.4 5793.98 4137.37 2900.59 1388.11 1172.87 1171.37 1020.41 918.301 908.52 745.9 730.372 673.483 617.359 519.2 517.765 498.55 474.588 465.958 601.394 460.956 449.244 434.91 431.883 419.326 404.511 551.812 492.905 467.159 404.265 519.212 584.553 396.834 389.62 385.11 383.23 382.678 373.025 549.261 363.958 344.042 343.072 466.758 423.274 342.277
threshold=0.091496594250202193 0.11356976255774499 0.051135212182998664 0.18642659485340121 0.22396993637084964 0.15975149720907214 0.10022674873471261 0.10436459630727769 0.14620486646890643 -0.98425623774528492 0.12500649690628055 0.7020167112350465 1.0000000180025095e-35 0.50449839234352123 -0.3762653768062591 0.054182026535272605 0.20541498810052874 0.072100423276424422 1.0000000180025095e-35 0.58348107337951671 0.0519815031439066 0.0020997910760343079 0.20382595062255862 1.0000000180025095e-35 -0.038065360859036439 0.91180557012557995 0.40570861101150518 0.37073503434658056 0.093363493680953993 0.46845349669456487 0.3354459702968598 -0.050670444965362542 -0.15299756824970243 0.081283997744321837 -0.88094878196716297 0.030925905331969265 -0.015883444808423516 0.34829853475093847 0.22396993637084964 0.46369962394237524 0.070823166519403472 -0.16117736697196958 0.24491057544946673 0.085356719791889205 0.41354903578758245 0.4769654124975205
decision_type=2 2 2 2 2 2 2 2 2 2 2 2 2 2 2 2 2 2 2 2 2 2 2 2 2 2 2 2 2 2 2 2 2 2 2 2 2 2 2 2 2 2 2 2 2 2
left_child=2 3 10 7 13 14 8 15 40 -7 33 21 25 23 37 -2 36 -13 -9 -17 -21 -11 -18 38 35 -6 29 -28 -29 34 31 32 41 -1 -20 -24 -16 -5 39 -3 -4 -10 43 44 -26 -37
right_child=1 4 6 5 12 9 -8 18 30 11 -12 17 -14 -15 16 19 22 -19 26 20 -22 -23 24 -25 42 -27 27 28 -30 -31 -32 -33 -34 -35 -36 45 -38 -39 -40 -41 -42 -43 -44 -45 -46 -47
leaf_value=0.032725163064519426 0.01235508985854482 -0.026227887559041207 0.0255625688927076 -0.006380435066646443 -0.0087018187737132116 0.0018689170803027654 0.010395551892790143 -0.00041852837765741406 -0.046609011772127042 -0.010664389760990616 0.023283960938064011 0.0087139866390043442 -0.0036508004981602891 -0.028137142297519405 0.0021437953549280154 0.0078316347416008455 -0.00730819415699789 -0.002268838224249386 0.0053836975166233264 -0.036221020687523343 0.0017680034800101564 -0.0041734203913446751 0.018870485654490472 -0.0087100059973662311 -0.021878989968749873 -0.016899623681845929 0.006078108773923039 -0.019297680560474973 0.020631480003560326 0.010713161428038086 0.015884457686012793 -0.064981387897513995 0.019190842835540057 0.018803624278249963 0.00041745388743305334 0.0024365913561643212 0.012221251280173167 0.028502842619171808 -0.010336818952265224 -0.014478904672109657 0.018927339717902319 0.014219575030153928 0.0033284947913357048 0.00057554176438149446 0.012203145362489533 0.0113916303520559
leaf_weight=46141.262120604515 36010.538154482841 11066.555156767368 23411.208189122379 9422.7007051631808 38410.963986322284 47855.160542294383 27921.35268163681 23662.345781683922 335.83446659147739 16736.965742990375 21339.764592431486 8055.5145252048969 34365.542737811804 8040.7632215619087 6788.3325371146202 75461.794474095106 5070.9685039743781 13605.921824067831 38885.256671264768 632.1531867235899 2547.3165899813175 67326.340203814209 2843.7275181263685 6519.6736271008849 2586.0486322939396 9555.0688466876745 21573.399338960648 400.77250953018665 5708.3047530949116 10701.877003028989 50802.35222954303 138.40248137712479 1052.8628471344709 2685.0346100330353 38528.066068053246 16581.571441292763 14519.104619838297 395.708709590137 5020.9314797744155 8771.6507181972265 18084.245441645384 167.07535180449486 17305.176895998418 6166.5314452052116 534.82339058816433 7636.0661126971245
leaf_count=189526 88038 108607 82328 41703 263462 167718 79120 61205 478 62434 77533 28150 180025 76161 21416 201343 21567 55539 102142 266 6719 270124 4623 57656 4857 71402 68172 1498 15754 32817 157437 138 1447 9808 107258 50742 41558 1122 40606 56800 54075 343 59865 17826 214 22307
internal_value=0.0052705 0.000294962 0.0213119 0.00312897 -0.0112859 -0.00013193 0.0166986 0.00625277 0.0185701 -0.00215349 0.0293252 -0.00397428 -0.0075467 -0.0190929 0.0033233 0.00887364 0.00433955 0.00181636 0.00409776 0.00727852 -0.00583636 -0.00546654 0.00264311 -0.0167701 0.00358451 -0.010337 0.00502068 0.00871145 0.0179942 0.00386057 0.0153236 -0.00148559 0.00438538 0.0319622 0.00291237 0.00669685 0.00901259 -0.0049571 -0.0188811 -0.0210394 0.0226742 -0.0264541 0.00041618 -0.00500803 -0.0160233 0.00526269
internal_weight=811373 619294 192079 497542 121751 243431 121913 254112 93992 153580 70166.1 105725 82331.6 39419.6 89850.8 114652 80032.4 21661.4 139460 78641.3 3179.47 84063.3 58724.9 31378.8 53653.9 47966 115798 27682.5 6109.08 88115.2 52496.5 1694.18 1555.77 48826.3 77413.3 27061.4 21307.4 9818.41 24859.1 19838.2 41495.5 502.91 26592.6 9287.4 3120.87 24217.6
internal_count=3063929 2411696 652233 1556977 854719 871765 375366 685212 296246 583965 276867 416247 514889 339830 287800 296366 244975 83689 388846 208328 6985 332558 182001 263669 160434 334864 327641 85424 17252 242217 159843 2406 2268 199334 209400 77672 62974 42825 206013 165407 136403 821 82762 22897 5071 73049
is_linear=0
shrinkage=0.035


Tree=53
num_leaves=47
num_cat=0
split_feature=75 17 17 74 17 107 95 17 5 75 75 14 106 17 6 17 17 17 106 25 6 7 47 7 3 126 96 60 94 126 3 64 10 142 22 112 36 138 98 7 62 22 79 25 7 88
split_gain=50049.5 17470 5873.08 5717.9 3484.07 2990.97 1530.06 1383.56 1235.05 971.612 930.568 805.292 774.514 696.767 627.249 614.471 611.084 605.283 587.141 490.812 433.706 624.198 444.592 429.225 426.32 400.947 492.998 454.899 530.943 434.014 393.043 372.812 432.96 395.226 362.609 399.166 360.719 347.369 328.4 327.595 326.749 356.281 324.853 308.451 301.823 285.477
threshold=0.091496594250202193 0.31061333417892462 0.68507987260818493 0.17758409678936007 0.53458327054977428 0.054931467399001128 0.63509106636047374 0.61035025119781505 1.1281778812408449 0.051135212182998664 0.20256056636571887 0.22396993637084964 0.26836012303829199 0.65050083398818981 0.27852417528629309 1.0000000180025095e-35 0.70072525739669811 0.42514967918396002 0.25633297860622412 0.22396993637084964 0.37287150323390966 0.25081019103527075 1.0000000180025095e-35 0.059722460806369788 0.17001145333051684 -0.0060946494340896598 0.036261685192584998 0.054439321160316474 -0.099114131182432161 0.261325553059578 0.10022674873471261 -0.97062841057777394 0.37376695871353155 -0.88373133540153492 1.0000000180025095e-35 0.62224116921424877 1.0000000180025095e-35 -0.020878663286566731 0.90000006556510936 0.21682713925838473 0.17914177477359775 1.0481311678886416 0.82060289382934581 0.42514967918396002 0.22638254612684253 -0.13044817000627515
decision_type=2 2 2 2 2 2 2 2 2 2 2 2 2 2 2 2 2 2 2 2 2 2 2 2 2 2 2 2 2 2 2 2 2 2 2 2 2 2 2 2 2 2 2 2 2 2
left_child=2 3 5 6 12 9 11 18 19 -1 40 15 17 20 24 -2 -4 -3 -7 36 23 39 -23 -6 25 -12 27 28 -27 -30 -11 32 -26 44 35 -10 -5 -20 42 -22 -8 -42 45 -13 -33 -14
right_child=1 4 16 8 13 7 10 -9 34 30 14 43 38 -15 -16 -17 -18 -19 37 -21 21 22 -24 -25 31 26 -28 -29 29 -31 -32 33 -34 -35 -36 -37 -38 -39 -40 -41 41 -43 -44 -45 -46 -47
leaf_value=0.032826572672505584 -0.013749316059351964 0.00049993857496228678 0.026160525730918462 -0.018685597745944416 0.016592551029378264 0.0067410539915103091 0.0033034104570782725 0.017963760875595168 -0.030018654060640741 0.02308337865044512 -0.0079755684700094243 -0.0040383356133299759 -0.0016247619313447658 0.021216042061779943 0.0038901052689789069 -0.0064661136967341824 0.034265211233309792 0.0043264578975921774 0.0061547732195427465 -0.0038207624391056239 0.012282820417158358 0.013688679136386028 0.025831283505052167 0.0066499699855848788 -0.014027981944489594 -0.027564787341822009 5.5014669692631372e-05 0.045948942390457312 0.00063947689719489307 0.046623552845737298 0.0079862017722494398 -0.012619493606058754 0.0034384516627199609 -0.010890458070795419 -0.016648498329637763 -0.014476584268187216 -0.011328748200362266 0.017087356248734975 0.013625606268035819 0.0036312314643079722 0.011414319285638444 0.054623492679302589 -0.028844791483136456 0.002551531018244394 0.074527337759297971 0.0077081250157473432
leaf_weight=16355.48977547884 19011.354619242251 95927.697041735053 18303.874165467918 12751.304309658706 6181.4891504794359 27509.485989160836 31550.311477348208 63432.561467178166 9499.5882595144212 10177.535948082805 4750.1079890057445 42439.145136334002 4642.0020782053471 8045.3024411201477 12600.733568444848 56064.787207342684 30869.940866112709 107273.04979664087 4624.6056272760034 6998.3913179188967 17781.127256587148 9169.9473351240158 6222.428640589118 38157.315667495131 2421.2593718916178 353.55417087674141 6375.4108162894845 580.87640425562859 543.16829994320869 463.04009406268597 2678.4557559490204 80.080259382724762 6120.1612050309777 18301.422165155411 7006.914960809052 2597.7744816318154 22873.843368425965 15639.566819950938 8987.008258253336 7688.8077396452427 3290.0305494889617 246.54949359595776 316.72465685009956 10938.429879881442 111.90169684588909 29554.439490050077
leaf_count=67039 137208 318262 69040 110542 16746 78813 77501 204792 92940 33892 12953 212981 11336 22799 57618 259928 135247 294973 11832 49199 49227 25297 16294 94958 8069 152 19774 208 272 179 7719 278 19444 67076 64138 18704 179368 43859 23699 22138 7023 98 300 53707 189 66118
internal_value=0.00511136 0.000284722 0.0208418 -0.00622332 0.0056063 0.0171949 -0.00354106 0.0145753 -0.0156183 0.0271624 2.01564e-05 -0.00597485 0.0034277 0.0113695 -0.00291987 -0.00831149 0.0312522 0.00252013 0.0100742 -0.0123003 0.0104382 0.0130404 0.0186061 0.00803837 -0.00506021 0.000130198 0.00476366 0.0201802 0.00901215 0.0219601 0.0199439 -0.00756858 -0.00151815 -0.0103612 -0.0230144 -0.0266907 -0.0139649 0.0145954 0.00766607 0.00967291 0.00443617 0.0145165 0.00611189 -0.0026876 0.0388513 0.00644091
internal_weight=807509 617917 189592 277970 339947 140418 216242 111206 61727.8 29211.5 87788.6 128454 246701 93246.4 52701.7 75076.1 49173.8 203201 47773.7 42623.5 85201.1 40862.3 15392.4 44338.8 40101 13066.2 8316.05 1940.64 1359.76 1006.21 12856 27034.8 8541.42 18493.4 19104.3 12097.4 35625.1 20264.2 43500.2 25469.9 35086.9 3536.58 34513.2 53377.6 191.982 34196.4
internal_count=3063929 2411696 652233 1449549 962147 447946 934658 339296 514891 108650 270834 663824 714688 247459 186212 397136 204287 613235 134504 339109 224660 112956 41591 111704 128594 33538 20585 811 603 451 41611 95056 27513 67543 175782 111644 289910 55691 101453 71365 84622 7121 77754 266688 467 77454
is_linear=0
shrinkage=0.035


Tree=54
num_leaves=47
num_cat=0
split_feature=73 17 17 74 17 107 17 5 95 73 7 7 129 60 17 6 6 7 7 36 17 25 107 7 6 73 105 38 2 7 7 22 112 18 6 97 129 2 143 113 91 17 7 17 3 6
split_gain=46510.1 14556.8 8161.54 3958.23 3850.91 3703.57 2256.42 1145.06 1109.35 937.535 804.051 914.219 794.892 734.737 699.806 690.732 650.924 733.624 644.412 577.512 564.897 517.041 498.609 455.353 497.598 451.188 435.163 433.838 427.595 416.706 390.983 387.857 381.031 446.987 378.275 373.032 358.901 348.106 334.02 733.335 610.468 332.539 330.839 315.425 312.187 309.765
threshold=0.097711116075515761 0.22396993637084964 0.68507987260818493 0.18037787079811099 0.50316895544528972 0.054931467399001128 0.61035025119781505 1.192110061645508 0.72116428613662731 0.049814451485872276 -0.3762653768062591 -0.35478727519512171 -0.16620766371488568 -0.15898630768060681 0.61035025119781505 0.11745913326740266 0.030925905331969265 0.24743579328060153 0.38197867572307592 1.0000000180025095e-35 0.70072525739669811 0.22396993637084964 0.66572496294975292 0.37795858085155493 0.4138243049383164 0.053566211834549911 -0.0091088134795427305 1.0000000180025095e-35 -0.17574973404407498 0.22727322578430179 0.15109457075595858 0.69052246212959301 0.62224116921424877 1.0000000180025095e-35 0.34527637064456945 0.10355582833290101 -0.38439825177192682 -0.11559518799185751 -1.0000000180025095e-35 1.0000000180025095e-35 -0.15132706612348554 0.56247621774673473 0.36332665383815771 0.65050083398818981 0.10022674873471261 0.046031622216105468
decision_type=2 2 2 2 2 2 2 2 2 2 2 2 2 2 2 2 2 2 2 2 2 2 2 2 2 2 2 2 2 2 2 2 2 2 2 2 2 2 2 2 2 2 2 2 2 2
left_child=2 3 5 8 10 9 12 21 19 -1 15 -12 25 18 -6 -3 17 29 34 -2 -4 32 31 24 -21 -7 -14 28 -10 30 -15 45 33 -5 36 -30 37 -13 39 40 -34 -28 -24 -8 -11 -18
right_child=1 4 20 7 14 6 43 -9 27 44 11 13 26 16 -16 -17 22 -19 -20 23 -22 -23 42 -25 -26 -27 41 -29 35 -31 -32 -33 38 -35 -36 -37 -38 -39 -40 -41 -42 -43 -44 -45 -46 -47
leaf_value=0.031664160771182219 -0.011652395910433938 -0.0089058145711039295 0.026069188340662727 -0.021297037116334641 0.0077814879512281806 0.020196662845466708 0.015000345717087454 -0.024889677217527818 -0.010813775040307859 0.02201276637742576 0.022290383698073131 0.071650920793398201 -0.0041855530814479741 -0.0081619599120260292 0.01460880028185408 0.0043759982890613797 -0.009096389011509623 0.021603080320826702 0.0041364491948654228 -0.0080883877205080446 0.033937809983948908 -0.0033483698722643809 0.0010915804104608541 -0.00048183862985491752 0.0061444190233504491 0.01078061387221158 0.0048311914202787921 0.0055192286904017758 0.001616193942830134 -0.0087606484015641875 0.010132876714537229 -0.00028600710972893667 0.11098186127445014 -0.01281809364795816 -0.0018108743598546737 -0.0068076345424184798 -0.010645044650154225 -0.017219484074025265 -0.015041368278542622 -0.002523917518119458 0.0054581070527490614 0.010810863640345812 -0.0078223123941857289 0.019842874059600606 0.0091766198982015327 0.0038964796894789076
leaf_weight=16382.110468998551 25975.719796217978 15801.891659632325 17999.421710975468 11475.239192135632 81343.140023887157 8191.4656896442175 32560.555152378976 13426.722275964916 6249.1831685677171 11085.9562587291 2686.9463603943586 122.59932108223438 4529.0948243960738 1650.8337596058846 23782.470673441887 6880.6492314934731 2284.7512119412422 4274.7213754951954 12685.553394034505 46616.705012857914 30181.859326787293 5702.4067231193185 10770.361461222172 16635.661046110094 3211.7226434499025 26264.767233788967 29311.999008066952 10727.243997298181 22490.482686951756 2239.2284107208252 10527.126871496439 40811.96476341784 138.05707914382219 22835.070935100317 16414.237332329154 9016.0552357956767 12423.826504506171 89.510647773742676 1222.4111998826265 1113.6109410971403 127.3714799284935 18659.683430306613 9678.3542205393314 33721.559118956327 2954.29698176682 120162.04112292826
leaf_count=67302 145980 73317 68836 118676 212190 23619 99734 127627 22062 37134 7755 78 12209 6797 67166 27424 5093 6730 46954 262426 135522 42244 37615 98767 17641 65079 79020 36959 59043 4462 32582 128326 124 181991 63387 28914 33350 168 7415 7434 172 53024 40516 114266 8569 348230
internal_value=0.0049586 -0.000404566 0.0181809 -0.00810754 0.00364535 0.0148164 0.0126009 -0.0159752 -0.0049782 0.0259713 0.00142898 0.00200857 0.00889166 0.00178477 0.00932685 -0.00487636 0.00265668 0.00887833 -0.0024432 -0.00722702 0.0310021 -0.0131631 0.00202333 -0.00549646 -0.0071702 0.0130225 0.00617922 -0.000689937 -0.00245493 0.0050974 0.00764933 0.00266869 -0.0146783 -0.0156574 -0.00531695 -0.000794967 -0.00986767 0.0346654 -0.00175588 0.0100285 0.0616163 0.00715837 -0.00312798 0.0174657 0.0193175 0.00365354
internal_weight=803437 571594 231843 196964 374630 183661 153239 56040.9 140923 30422.4 269505 246822 86957 244135 105126 22682.5 202399 18691.9 41735.7 92439.8 48181.3 42614.2 183707 66464.1 49828.4 34456.2 52500.8 48483 37755.7 14417.2 12178 163259 36911.8 34310.3 29050.2 31506.5 12635.9 212.11 2601.45 1379.04 265.429 47971.7 20448.7 66282.1 14040.3 122447
internal_count=3063929 2299615 764314 1157475 1142140 559956 446951 485683 671792 113005 862784 762043 232951 754288 279356 100741 610351 50571 143937 524814 204358 358056 559780 378834 280067 88698 144253 146978 110019 43841 39379 481649 315812 300667 96983 87957 33596 246 15145 7730 296 132044 78131 214000 45703 353323
is_linear=0
shrinkage=0.035


Tree=55
num_leaves=47
num_cat=0
split_feature=75 17 72 17 17 107 18 95 17 75 106 17 17 112 14 17 75 17 107 5 48 58 58 109 6 32 98 60 63 6 96 6 7 7 6 21 104 74 7 4 87 2 6 7 6 18
split_gain=44967.2 16301.4 5198.98 4844.23 3549.5 2713.69 1496.33 1345.16 983.009 784.106 752.548 806.404 742.312 707.505 642.301 611.648 572.457 562.425 516.708 443.604 433.81 432.77 366.39 361.141 354.095 347.269 346.744 366.222 390.078 369.91 368.09 345.916 490.192 387.742 332.639 330.235 330.006 308.078 307.046 328.879 306.847 336.726 301.064 310.936 300.915 298.792
threshold=0.086223885416984572 0.31061333417892462 0.19764687120914462 0.68507987260818493 0.56247621774673473 0.054931467399001128 1.0000000180025095e-35 0.63509106636047374 0.63123199343681347 0.04855043068528176 0.26836012303829199 0.46720869839191442 1.0000000180025095e-35 0.50334015488624584 0.37446653842926031 0.70072525739669811 0.20256056636571887 0.65050083398818981 0.14620486646890643 1.0298300981521609 0.39170669019222265 1.0000000180025095e-35 1.0000000180025095e-35 0.41747789084911352 0.065258223563432707 0.92516961693763744 0.79375001788139354 -0.12956392019987104 -0.071846876293420778 0.10761884972453119 1.0000000180025095e-35 0.37287150323390966 0.25081019103527075 -0.066759269684553132 -0.32836462557315821 1.3166165351867678 -3.9060367271304124e-05 0.0011149210622534158 0.50225088000297557 0.42082132399082189 0.17914177477359775 -0.065161939710378633 -0.29239469766616816 0.37795858085155493 0.46845349669456487 0.66838845610618602
decision_type=2 2 2 2 2 2 2 2 2 2 2 2 2 2 2 2 2 2 2 2 2 2 2 2 2 2 2 2 2 2 2 2 2 2 2 2 2 2 2 2 2 2 2 2 2 2
left_child=3 2 7 5 10 9 13 12 18 -1 11 34 23 19 21 -5 40 31 45 -4 24 38 44 -2 -14 -15 36 29 30 -28 -29 33 -33 -6 -3 -11 -12 -36 39 -8 -9 -42 -23 -44 -18 -7
right_child=1 4 6 15 17 8 14 16 -10 35 26 -13 20 25 -16 -17 22 -19 -20 -21 -22 42 -24 -25 -26 -27 27 28 -30 -31 -32 32 -34 -35 37 -37 -38 -39 -40 -41 41 -43 43 -45 -46 -47
leaf_value=0.032495589489155687 -0.0089994139982094504 0.016968869118652388 -0.017624681278286185 0.025284985712151261 0.019095952074576459 0.017794769468516131 -0.016393233493233666 0.0031462631929450109 0.018158875804434298 0.020849203760368158 -0.00075938967481787548 0.0053444194014776953 -0.011043036718815484 -0.012901950871965219 -0.00099556098147302475 0.033618064533081332 -0.0042280117118928939 0.01985029782953519 0.0079570637454313992 -0.029252934100769398 0.00040458197830103853 0.055573504914046452 0.0033209246601401789 -0.023329412812393466 -0.0038657265255442924 0.047799853096179047 -0.015990976510832793 -0.024615931184168025 0.013653206570014361 0.0082943134765502916 0.0060628250288698813 0.0098822448217273443 0.018544038388121773 0.0070628039549346421 -0.0026146581036180271 -0.059780517254089137 0.0084898554942831259 0.0017349007265362499 -0.002213185633491108 -0.0091317701425797995 -0.0071249166972444811 0.019442624882530971 -0.0091483290676019745 0.0033641649286833817 0.022872355702779706 0.0081995827478057188
leaf_weight=14709.04586751014 22336.073869988322 1602.6516363024712 7117.2555395886302 17317.888850189745 3706.5049851983786 15016.741953842342 24959.088629178703 32176.011276602745 45246.659217476845 12045.536873601377 9213.1599385887384 94524.82748028636 10214.857093252242 9164.625031542033 8599.7395789474249 29231.745202206075 30566.464215613902 10278.94276894629 28568.227712482214 9370.7756602950394 24749.936086751521 89.196012206375599 12450.343014016747 2383.2240281477571 47949.695790141821 111.11023130267859 1239.6490849852562 526.96445573866367 20501.20109552145 1998.9287989139557 4733.3345842063427 18876.71457016468 13939.714758142829 28471.093586459756 24273.14761851728 56.882363364100456 9689.9712844640017 111807.6840402931 2845.0530359745026 11061.474659897387 732.37212920933962 2826.8667466565967 13306.014372080564 2972.4818928018212 504.31927796453238 5433.6769497618079
leaf_count=63244 160858 4959 72553 67843 10035 45566 165290 78812 152748 41384 20695 251340 41714 62624 50036 134862 97501 30396 81796 101725 113737 477 47157 17034 218713 759 2827 150 48394 5688 12716 53647 38510 73082 73796 23 21756 359240 21572 79470 1822 5336 94047 19081 1817 17097
internal_value=0.00480966 0.000534305 -0.00583912 0.0209251 0.00549283 0.0172341 -0.0127705 -0.0025158 0.0144377 0.02706 0.00367939 0.00285522 -0.00506374 -0.0198905 -0.00989506 0.0305218 0.000944425 0.0122402 0.0110009 -0.0242422 -0.00347607 -0.0112803 -0.00175073 -0.0103867 -0.00512736 -0.0121435 0.00767348 0.0100777 0.0114719 -0.00101119 0.00296329 0.0110348 0.0135646 0.00845246 0.00114606 0.0204401 0.00398261 0.000958911 -0.0132912 -0.0141655 0.00422679 0.0139707 -0.00650157 -0.00686259 -0.00378352 0.0152489
internal_weight=799498 631871 276487 167626 355384 121077 89596.8 186890 94265.3 26811.5 280112 232208 107634 25763.8 63833 46549.6 79256.4 75273 49018.6 16488 82914.5 55233.3 43521.1 24719.3 58164.6 9275.74 47903.2 29000.1 25761.5 3238.58 5260.3 64994 32816.4 32177.6 137683 12102.4 18903.1 136081 38865.6 36020.6 35735.3 3559.24 16367.7 16278.5 31070.8 20450.4
internal_count=3063929 2459366 1452135 604563 1007231 401858 667634 784501 297207 104651 801561 689335 552056 237661 429973 202705 232445 205670 144459 174278 374164 379937 146475 177892 260427 63383 112226 69775 61260 8515 12866 175274 92157 83117 437995 41407 42451 433036 266332 244760 85970 7158 113605 113128 99318 62663
is_linear=0
shrinkage=0.035


Tree=56
num_leaves=47
num_cat=0
split_feature=75 17 74 17 17 107 95 26 17 3 75 17 17 74 17 17 106 7 107 74 106 112 6 89 7 26 7 64 7 81 96 62 10 3 3 7 17 6 7 7 96 132 3 3 44 48
split_gain=42602.4 15224.9 4963.59 4781.85 3337.16 2647.32 1333.57 1178.28 943.715 796.457 784.782 732.869 706.458 685.107 617.216 538.221 527.363 506.415 491.368 456.803 443.062 427.578 392.845 377.697 360.023 351.62 349.676 344.698 336.273 336.203 414.538 363.895 333.306 503.976 346.61 329.79 327.598 326.32 464.211 365.297 321.853 314.664 308.194 307.707 304.259 299.337
threshold=0.086223885416984572 0.31061333417892462 0.18037787079811099 0.68507987260818493 0.56247621774673473 0.054931467399001128 0.63509106636047374 0.22396993637084964 0.63123199343681347 0.17208402603864673 0.04855043068528176 1.0000000180025095e-35 0.42514967918396002 0.41784207522869116 0.70072525739669811 0.65050083398818981 0.28978914022445684 0.24491057544946673 0.14620486646890643 0.0020997910760343079 0.2997309416532517 0.44314058125019079 0.39688555896282202 0.77802231907844555 0.098165120929479613 1.0000000180025095e-35 -0.0078240751754492504 -0.99020716547965992 0.35569444298744207 0.70000001788139354 1.0000000180025095e-35 -0.03603419475257396 0.29957322776317602 0.10022674873471261 1.0000000180025095e-35 0.52361816167831432 1.0000000180025095e-35 0.37287150323390966 0.25081019103527075 -0.066759269684553132 0.48893818259239202 0.24999998509883883 0.10022674873471261 0.10983433574438096 0.72717973589897167 0.14931328594684604
decision_type=2 2 2 2 2 2 2 2 2 2 2 2 2 2 2 2 2 2 2 2 2 2 2 2 2 2 2 2 2 2 2 2 2 2 2 2 2 2 2 2 2 2 2 2 2 2
left_child=3 2 6 5 12 10 11 13 18 23 -1 25 16 21 -5 37 -3 22 43 -13 29 36 27 32 -21 -2 -24 -11 -27 30 31 -14 33 -8 -34 -23 -4 39 -39 -6 -18 -22 -12 -7 -32 -26
right_child=1 4 7 14 15 8 9 -9 -10 17 42 19 20 -15 -16 -17 40 -19 -20 24 41 35 26 -25 45 28 -28 -29 -30 -31 44 -33 34 -35 -36 -37 -38 38 -40 -41 -42 -43 -44 -45 -46 -47
leaf_value=0.032135629560249949 -0.015865680077999083 0.00052036298798828018 -0.020860128982598265 0.024837242988089279 0.018543329403903262 0.016797980891484023 0.016480130125897524 -0.0074893238088132169 0.017715900023491767 0.00022275854269383815 0.022675549893709901 -0.0096406319624781581 -9.5958953509566759e-05 -0.026100742896181948 0.033292951953835477 0.019351828657907445 0.0070863796836543192 0.0019961021144132311 0.0077047872114474145 -0.0074444425088368875 0.013071090257894363 -0.011355099184931826 0.045689793032134829 0.014641754466839607 -0.0038112104964007905 -0.010542179927494112 0.0031549091936787562 -0.0089340604805333932 -0.00034010712534379754 0.0057202776266253802 0.0019980619491087879 -0.036473972933985105 -0.0098275220894619656 4.5196387543983093e-06 0.0021312369812936899 0.0121753820407502 -0.010178525680416108 0.0095674303414132068 0.018018632856899912 0.0068306503514075183 -0.02028515865238668 -0.020235010480634853 0.0082626805987456725 0.0053444662689423033 0.016264324356263907 0.00099403383527910333
leaf_weight=14359.490353614092 9601.4487326741219 102204.14929510653 15351.864279739559 17018.476198032498 3683.9551849514246 16808.47665695101 4650.136802315712 18725.873798839748 44763.61065069586 6534.5204008743167 9706.4162960574031 15243.08322905004 724.9422022998333 9950.3077790997922 28497.17146062851 10176.669500544667 22016.306942343712 15985.693579509854 28472.922900855541 17960.627053715289 10437.252547800541 8894.6075972244143 259.93608229607344 3463.2830106467009 38967.588869705796 14139.407824844122 2175.3463502153754 21922.978727027774 5498.3902410343289 101173.34923133254 40095.729560300708 624.05474826693535 3345.9832699745893 4448.3137113079429 25971.32181186974 789.5911655947566 4590.8361988291144 18816.704915329814 13845.926623985171 28409.69924621284 533.32650364935398 354.07145212590694 2249.8167964071035 3477.1770650744438 1913.4051964730024 26793.8442870453
leaf_count=63244 73351 334464 156843 67843 10035 53009 9343 144686 152748 17781 34779 68340 194 100294 134862 30396 51826 65365 81796 102133 23839 64328 847 7421 170042 98904 10253 72295 40073 269575 114962 187 8378 12390 70931 8081 31076 53647 38510 73082 620 685 6628 9654 5209 118980
internal_value=0.00466493 0.000516534 -0.00566106 0.0204766 0.00530651 0.0168068 -0.00322443 -0.014727 0.0140455 7.33618e-05 0.0266143 -0.0055075 0.00355109 -0.0181496 0.0301352 0.0118668 0.00158949 -0.00306006 0.0106739 -0.00406854 0.00512645 -0.0154742 -0.00567657 0.00358099 -0.00305331 -0.0103758 0.0077997 -0.00683153 -0.00768712 0.00461518 0.00203588 -0.0170181 0.00258147 0.00843133 0.000764354 -0.00942931 -0.0184054 0.0106887 0.0131529 0.00817861 0.0064334 0.0119668 0.0199697 0.0148373 0.00265029 -0.00185332
internal_weight=795628 630275 275265 165354 355010 119838 216962 58303.1 93522.2 88757.5 26315.7 128204 280077 39577.2 45515.6 74933 124754 46878.5 48758.6 98965.1 155323 29626.9 30892.8 41879 83722.1 29239.2 2435.28 28457.5 19637.8 144531 43358.1 1349 38415.8 9098.45 29317.3 9684.2 19942.7 64756.3 32662.6 32093.7 22549.6 10791.3 11956.2 20285.7 42009.1 65761.4
internal_count=3063929 2459366 1452135 604563 1007231 401858 946827 505308 297207 275004 104651 671823 801561 360622 202705 205670 386910 166541 144459 459495 414651 260328 101176 108463 391155 212328 11100 90076 138977 390127 120552 381 101042 21733 79309 72409 187919 175274 92157 83117 52446 24524 41407 62663 120171 289022
is_linear=0
shrinkage=0.035


Tree=57
num_leaves=47
num_cat=0
split_feature=75 17 17 17 72 107 72 95 107 17 75 17 17 26 17 7 58 48 25 95 107 99 22 89 109 56 18 1 17 89 93 104 6 56 99 129 6 7 106 96 10 21 6 132 70 6
split_gain=40355.4 14252.9 4715.76 4311.59 3477.76 2582.51 1153.4 1006.18 968.641 905.272 783.398 764.833 691.284 631.851 622.394 604.257 581.768 526.464 483.019 597.512 467.334 437.424 424.959 414.192 381.467 369.94 354.708 350.944 333.867 468.154 381.323 343.625 331.387 400.642 331.03 344.414 327.197 566.959 324.539 321.469 317.004 309.326 306.756 302.409 428.898 298.065
threshold=0.086223885416984572 0.22396993637084964 0.68507987260818493 0.53458327054977428 0.19764687120914462 0.054931467399001128 0.48794487118721014 0.79331773519516002 0.35958614945411688 0.63123199343681347 0.04855043068528176 0.42514967918396002 0.63123199343681347 0.46720869839191442 0.70072525739669811 0.49237038195133215 1.0000000180025095e-35 0.2834331095218659 1.0000000180025095e-35 0.6293596923351289 0.14620486646890643 0.082573421299457564 1.0000000180025095e-35 0.42082132399082189 0.34705872833728796 1.0000000180025095e-35 1.0000000180025095e-35 -0.18828842043876645 1.0000000180025095e-35 0.77802231907844555 0.41983811557292944 -0.020288541913032528 0.37102866172790533 0.31061333417892462 1.0000000180025095e-35 -0.24162884056568143 0.37287150323390966 0.40570861101150518 0.27501803636550909 1.0000000180025095e-35 0.66995003819465648 1.3166165351867678 0.030925905331969265 0.39999996125698095 0.024014381691813472 0.373243197798729
decision_type=2 2 2 2 2 2 2 2 2 2 2 2 2 2 2 2 2 2 2 2 2 2 2 2 2 2 2 2 2 2 2 2 2 2 2 2 2 2 2 2 2 2 2 2 2 2
left_child=2 4 5 8 7 10 13 17 18 20 -1 32 36 15 -4 16 23 24 19 -3 -7 -19 -8 26 34 27 -6 -20 31 30 -30 -9 33 -10 35 -2 38 -38 -5 -40 -31 -12 -13 -25 -45 -22
right_child=1 3 14 12 6 9 22 28 11 -11 41 42 -14 -15 -16 -17 -18 21 25 -21 45 -23 -24 43 -26 -27 -28 -29 29 40 -32 -33 -34 -35 -36 -37 37 -39 39 -41 -42 -43 -44 44 -46 -47
leaf_value=0.031778531796603053 0.0059373433909380843 0.0028584281198391274 0.024393763333445562 0.0059667005707599386 -0.023759272303369213 0.014436980796396458 -0.025825447541641268 -0.016562104396322823 -0.0045827720011624648 0.017280910240129736 0.019926342428323699 0.0094466735220219995 0.016223343929747711 -0.0022762307262635274 0.032970581116483308 0.002617013573119008 -0.0069578133908445843 0.0052748139464364073 -0.01280232229658693 0.0085187833393093725 0.003742725470793502 -0.0045672477461620774 -0.013379991735661723 -0.008035034920823917 -0.015482037623406629 0.0044555753263947123 -0.015100543034955862 0.00012756971919065826 0.0016709000323841816 0.029147182192512448 0.031850351328023822 -0.00012156957581763508 0.0011020380379834821 0.0011642802110107902 -0.0086250376788735133 -0.0051714330503956135 0.0092223137446101541 0.020052253091109442 -0.045945381409901551 0.019451254730779279 0.00086624252727385135 -0.057345592914014289 0.0023639540048006344 -0.017476907082536131 0.1576017484037544 0.010923832819756792
leaf_weight=14018.731610946357 4172.5501695722342 44689.608231179416 16726.712091818452 40812.911382228136 7858.2385448776186 20122.013769119978 10367.020180091262 1744.3815318346024 49996.702592670918 44292.821902818978 11750.856918238103 8522.5366463065147 19423.527024656534 8645.1377366222441 27781.391562357545 3045.8384713083506 12589.496795173734 8312.5734085887671 2850.8037071675062 46763.647994205356 13697.004060178995 16505.435710303485 5011.5714584589005 5832.5845597870648 6273.7854023948312 28802.328842073679 22439.084495991468 25734.332957699895 13424.875567257404 1511.208707973361 527.34694093465805 14133.678875990212 40142.647908657789 21136.310379415751 33024.623997114599 18800.794933751225 32671.045965999365 7238.1595437526703 89.266233548521996 3108.8023765236139 715.52932737767696 58.134673237800598 61717.31102257967 33.615388464182615 26.703600462526083 14683.255448132753
leaf_count=63244 13005 133065 67843 103745 79303 62663 101427 5231 188018 152748 41384 17544 57267 59964 134862 26419 100682 43157 7952 110044 37697 98576 40210 34660 34706 85618 166827 61813 32513 2461 1071 45061 151471 82859 174711 98493 91957 19754 39 7945 1815 23 179735 201 47 44099
internal_value=0.00452428 0.00049933 0.0200355 0.00403294 -0.00735977 0.0163887 -0.0132178 -0.00362996 0.00208098 0.0136624 0.0261781 0.000364721 0.0102721 -0.011039 0.0297512 -0.0125001 -0.0134444 -0.00558126 0.00417386 0.00575326 0.0103561 -0.00126991 -0.0217771 -0.0156992 -0.0072991 0.00165642 -0.0173509 -0.00116404 0.00167096 0.0052087 0.00282541 -0.00193387 -0.00144024 -0.00287503 -0.0063806 -0.00315239 0.00889354 0.0111894 0.00681019 0.0175405 0.0200902 0.0195163 0.00322419 -0.0071965 0.0671458 0.00745989
internal_weight=791827 628696 163131 433700 194996 118623 75849.3 119147 330356 92795.1 25827.7 181516 103344 60470.7 44508.1 51825.6 48779.7 87089.8 148841 91453.3 48502.3 24818 15378.6 36190.2 62271.8 57387.5 30297.3 28585.1 32057 16179 13952.2 15878.1 111276 71133 55998 22973.3 83920.2 39909.2 44011 3198.07 2226.74 11809 70239.8 5892.9 60.319 28380.3
internal_count=3063929 2459366 604563 1298826 1160540 401858 609740 550800 1018119 297207 104651 619627 280707 468103 202705 408139 381720 462648 398492 243109 144459 141733 141637 281038 320915 155383 246130 69765 88152 37860 33584 50292 422348 270877 286209 111498 223440 111711 111729 7984 4276 41407 197279 34908 248 81796
is_linear=0
shrinkage=0.035


Tree=58
num_leaves=47
num_cat=0
split_feature=75 17 17 74 17 107 123 5 17 36 48 75 98 17 17 26 7 17 95 6 7 7 96 127 18 17 95 106 116 53 89 97 115 107 129 97 74 138 51 95 94 6 39 7 6 2
split_gain=38215.5 13376.5 4648.09 4489.56 2949.74 2516.04 1205.4 1147.59 868.171 821.776 837.989 782.682 649.997 627.164 578.742 542.602 507.766 499.656 493.863 476.343 726.92 739.041 456.547 660.022 445.349 422.429 419.074 415.543 411.5 446.242 400.136 390.885 365.002 355.522 353.126 352.87 345.703 345.011 341.272 380.808 362.777 386.538 334.017 311.924 302.092 303.739
threshold=0.086223885416984572 0.31061333417892462 0.68507987260818493 0.18037787079811099 0.56247621774673473 0.054931467399001128 0.38258942961692816 1.192110061645508 0.63123199343681347 0.20707555115222934 0.40690015256404882 0.04855043068528176 0.85000005364418041 0.70072525739669811 1.0000000180025095e-35 0.61035025119781505 0.23644753545522693 0.65050083398818981 0.66842418909072887 0.3716572374105454 0.40570861101150518 0.20645257085561755 1.0000000180025095e-35 0.14835773408412936 0.63123199343681347 0.56247621774673473 0.57476481795310985 0.117636326700449 0.044793987646698959 0.78566908836364757 0.77644994854927074 0.022929514758288864 0.47500000894069677 0.1704014986753464 -0.24162884056568143 0.14958591014146808 0.41784207522869116 -0.020878663286566731 1.0000000180025095e-35 0.80761727690696727 0.27792486548423773 0.088708333671093001 1.0000000180025095e-35 0.52361816167831432 0.068953666836023345 -0.10148371011018752
decision_type=2 2 2 2 2 2 2 2 2 2 2 2 2 2 2 2 2 2 2 2 2 2 2 2 2 2 2 2 2 2 2 2 2 2 2 2 2 2 2 2 2 2 2 2 2 2
left_child=2 3 5 6 12 11 9 15 24 10 16 -1 19 -4 34 36 -2 -6 31 27 21 -21 23 26 37 -26 -18 -3 38 -30 33 -14 -22 -16 -8 -20 43 -7 39 -11 41 44 -9 -5 -41 -46
right_child=1 4 13 7 17 8 14 42 -10 28 -12 -13 18 -15 30 -17 22 -19 35 20 32 -23 -24 -25 25 -27 -28 -29 29 -31 -32 -33 -34 -35 -36 -37 -38 -39 -40 40 -42 -43 -44 -45 45 -47
leaf_value=0.031423941497191618 -0.011872218415076116 -0.0055561050103118308 0.023954401440565563 -0.011744342744755212 0.010035718071719541 0.0050505849279514799 -0.0084136679705059756 -0.025745657268273877 0.016853787485952277 -0.0028852916518288313 0.0026656432922326353 0.019061094137690825 0.007599058163392714 0.032650588520790176 0.0066352689603204531 0.0012697286138018584 0.026650355199813628 0.018452757700484948 0.014734166630194077 0.009686021449009017 -0.016346342649943973 0.00075415786622140698 -0.0071398747455121512 0.056422844900125453 0.00020025757355612386 0.0098146315208888692 -0.0041657824470950205 0.0013709640782815968 -0.0028101225174941716 -0.011379325855187116 0.019453555846984889 0.0028568085836754189 0.018819541813469849 -0.0013097451566371607 0.00095035889410591018 0.0016203881797659965 -0.019693488684922458 0.017338490258961069 0.0054407361309734706 -0.0023008323252981179 0.078612918295208223 -0.0083886119911960096 -0.010096144632852916 0.0068449900331262964 0.094553638556175934 0.028284856479003827
leaf_weight=13686.686715714633 31204.494175858796 11867.940568938851 16442.515677668154 32338.764044426382 64292.219737917185 3576.5057596117258 8467.3043818846345 10791.06701470539 43834.174789711833 22961.142734356225 9113.0790226757526 11669.977297358215 33130.526394054294 27084.19926571846 17885.273104302585 3782.1463342532516 657.48431658744812 9992.322677731514 10602.642341047525 15764.266941636801 383.40229947865009 40481.859058722854 28937.948024883866 284.35491099208593 7267.0789736434817 24402.119728311896 2912.2263017743826 99518.120059177279 46080.392448477447 8875.9261086508632 2077.2588460296392 59632.095393463969 5270.7912250608206 11224.708911053836 11802.547227695584 3298.2272418439388 6955.5644828118384 13011.258007116616 11975.030515961349 255.03379797935486 97.456751018762589 676.65909294039011 1991.5635102428496 1140.5852216482162 109.57422784715891 356.2933916375041
leaf_count=63244 154101 43870 67843 266650 175274 9955 31264 110527 152748 108159 43882 41407 93303 134862 44415 27191 257 30396 25247 47069 1329 131239 148139 89 20945 74753 1098 257650 232861 50344 4116 179227 14311 29490 41821 8316 72319 38806 53731 767 179 1689 18413 10208 95 330
internal_value=0.00438717 0.000482649 0.0195993 -0.00534018 0.00496945 0.0159771 -0.00303383 -0.0140769 0.0132872 -0.00449631 -0.00726205 0.0257403 0.00332405 0.0293695 0.00164121 -0.0114035 -0.008676 0.0111694 0.00547364 0.0020007 0.00446216 0.00325844 -0.00563264 0.00567556 0.0100456 0.00760917 0.00154281 0.000632562 -0.0022833 -0.00419537 0.0046334 0.004551 0.0164187 0.00357176 -0.00296217 0.0116254 -0.0125892 0.0146924 0.000601034 -0.00176914 0.0153105 0.0105727 -0.023314 -0.0111097 0.0283048 0.0448942
internal_weight=788163 627188 160975 272954 354234 117448 215954 56999.7 92091.1 164497 73109.6 25356.7 279950 43526.7 51457.1 44217.1 63996.5 74284.5 106663 173286 61900.3 56246.1 32792 3854.07 48257 31669.2 3569.71 111386 91387.5 54956.3 31187.2 92762.6 5654.19 29110 20269.9 13900.9 40434.9 16587.8 36431.2 24456.2 1495.02 1397.56 12782.6 33479.3 720.901 465.868
internal_count=3063929 2459366 604563 1452135 1007231 401858 946827 505308 297207 795721 347566 104651 801561 202705 151106 376368 303684 205670 306093 495468 193948 178308 149583 1444 144459 95698 1355 301520 448155 283205 78021 272530 15640 73905 73085 33563 349177 48761 164950 111219 3060 2881 128940 276858 1192 425
is_linear=0
shrinkage=0.035


Tree=59
num_leaves=47
num_cat=0
split_feature=75 17 17 17 74 107 5 112 3 129 17 75 17 17 48 99 24 17 18 14 26 6 7 112 6 113 142 127 94 65 75 7 17 18 143 113 62 50 75 98 94 75 18 92 1 7
split_gain=36190.6 12882.5 4199.8 4112.34 3212.74 2394.51 1109.21 1000.8 947.989 991.099 729.054 694.887 693.322 623.262 554.861 570.361 550.432 495.88 460.782 452.254 440.982 403.478 598.072 380.981 358.619 374.228 396.197 466.668 466.154 471.746 397.655 357.793 349.301 346.819 328.015 652.857 485.221 314.349 306.199 305.146 331.21 304.788 302.756 301.412 326.923 297.983
threshold=0.083658549934625639 0.22396993637084964 0.68507987260818493 0.53458327054977428 0.18618985265493396 0.054931467399001128 1.192110061645508 0.57923510670661937 0.15975149720907214 -0.32024331390857691 0.63123199343681347 0.04855043068528176 0.65050083398818981 0.70072525739669811 0.3354459702968598 0.082573421299457564 1.0000000180025095e-35 0.37446653842926031 0.63123199343681347 0.37446653842926031 0.37446653842926031 0.37287150323390966 0.40570861101150518 0.62224116921424877 0.066672742366790785 0.077868115156888976 0.09996370226144792 0.13205049186944964 -0.10177540034055708 0.003971454920247198 0.25667251646518713 -0.066759269684553132 0.58756005764007579 1.0000000180025095e-35 -1.0000000180025095e-35 1.0000000180025095e-35 -0.06622814759612082 1.0000000180025095e-35 0.19346532225608828 0.90000006556510936 0.045685729011893279 0.047242954373359687 0.61035025119781505 0.97286728024482738 0.24229214340448382 0.67302170395851146
decision_type=2 2 2 2 2 2 2 2 2 2 2 2 2 2 2 2 2 2 2 2 2 2 2 2 2 2 2 2 2 2 2 2 2 2 2 2 2 2 2 2 2 2 2 2 2 2
left_child=2 4 5 8 7 11 20 14 9 -3 18 -1 21 -4 19 -16 39 37 41 24 23 31 -23 33 -2 26 28 43 29 -26 -31 -5 -20 -6 35 36 -25 -10 -9 40 -11 -7 -41 -28 -45 -8
right_child=1 3 13 12 6 10 45 38 17 16 -12 -13 -14 -15 15 -17 -18 -19 32 -21 -22 22 -24 34 25 -27 27 -29 -30 30 -32 -33 -34 -35 -36 -37 -38 -39 -40 42 -42 -43 -44 44 -46 -47
leaf_value=0.031071527337002112 -0.01325877424905313 0.015380785202899212 0.023541844365608654 0.01549062933367306 -0.020138373768621771 0.024186095071090988 -0.024994370869204943 0.0048271377277184719 -0.0030405530261162629 0.0050102361283647732 0.016545539878651712 0.019111926581000822 0.017998755586457763 0.032340747810957443 0.0056355788862215142 -0.0051324584733561853 0.0002689850292810734 0.0020106756091140027 0.0024468641567241575 0 -0.0046343721787192333 0.0092218827969423323 0.019147301563324497 0.11395024536947174 -0.010665610309065437 -0.0083477326510531143 -0.0032464907551646269 0.032724500890624529 -0.011444191540863355 0.056126223197801715 -0.013845500584917281 0.0056697236482294465 0.01049416501504381 -0.011903811048247167 -0.014040011858708658 -0.00053559984978693547 0.015817339391426988 0.0021510022616379799 -0.0017945603685400986 0.012549196269407923 0.0001989533837563436 0.012262693821125754 0.0043234916563504979 0.012858550823259261 0.08921946610734377 0.0033592605833985502
leaf_weight=13363.260869145393 14734.994689173996 8554.7075496315956 15947.345322422683 5054.077907577157 9704.9498135149479 3392.7330575883389 11458.278369251639 13988.440059833229 63584.97114046663 62519.103308856487 41414.884947769344 10820.968056708574 11348.350333325565 26318.934181854129 8820.5747035890818 18982.865274205804 53895.642037019134 79034.041074946523 10856.208921737969 8828.3740440383554 8544.6196616441011 37693.536553427577 9273.3877368420362 112.86763466149569 448.11028388887644 46810.995507162064 2235.4882486611605 769.19579634815454 4260.8312678411603 380.88018627464771 130.92462070286274 44959.066118821502 16908.249354347587 17839.185350827873 1096.4455228373408 1001.8066444396973 133.6204100549221 18420.937808550894 22000.122509032488 10560.254380524158 24360.707415789366 11769.619456134737 11419.320305496454 329.11561222374439 81.892258577048779 470.82945897802711
leaf_count=63244 74713 17207 67030 13980 109021 12508 118510 34211 237829 169272 146340 39206 35352 134517 45828 116998 161389 228048 31881 48321 68530 107488 26049 100 922 284554 3217 1434 7685 162 384 115150 52975 150529 7039 7020 179 75876 75381 29671 69997 33261 34464 416 99 5942
internal_value=0.00425363 0.000587233 0.0196644 0.00389078 -0.00694917 0.0160173 -0.0145495 -0.00426818 0.00196037 0.00377269 0.0132315 0.0257268 0.00981275 0.0290249 -0.00596886 -0.00171553 0.00316195 3.2342e-05 0.0100322 -0.00746523 -0.011652 0.0088537 0.011184 -0.0136566 -0.00840432 -0.00711281 -0.000417126 0.00884079 -0.00647902 0.0154853 0.0382569 0.00666409 0.00734911 -0.0148093 -0.000108885 0.0121292 0.0624274 -0.0018742 0.000779368 0.00459407 0.00366138 0.0149398 0.00827834 0.00183745 0.029159 -0.0238734
internal_weight=784636 633844 150792 440678 193165 108526 50362.6 142803 332350 171310 84341.7 24184.2 108328 42266.3 106814 27803.4 162755 161040 42926.8 79010.8 38433.5 96980.1 46966.9 29888.9 70182.4 55447.4 8636.44 3415.69 5220.75 959.915 511.805 50013.1 27764.5 27544.1 2344.74 1248.29 246.488 82005.9 35988.6 108859 86879.8 15162.4 21979.6 2646.5 411.008 11929.1
internal_count=3063929 2482967 580962 1321772 1161195 379415 466870 694325 1023753 482000 276965 102450 298019 201547 584733 162826 464793 541753 130625 421907 342418 262667 133537 273888 373586 298873 14319 5166 9153 1468 546 129130 84856 259550 14338 7299 279 313705 109592 303404 239269 45769 64135 3732 515 124452
is_linear=0
shrinkage=0.035


Tree=60
num_leaves=47
num_cat=0
split_feature=73 17 17 17 124 74 17 3 7 48 7 17 3 95 6 26 73 17 6 5 97 36 58 129 129 95 106 3 64 7 141 6 6 108 140 22 70 126 17 140 7 72 79 7 18 96
split_gain=33534.6 10895.6 6184.02 4569.22 2269.01 1865.99 1332.03 1157.07 1148.57 996.417 942.934 941.595 842.951 817.613 703.907 696.384 614.938 572.986 572.375 544.998 507.116 748.611 503.4 503.301 488.309 484.689 482.364 406.125 366.338 350.842 435.361 416.984 833.257 432.017 419.899 338.627 371.059 337.881 316.25 312.3 307.738 302.587 300.235 298.795 288.942 287.856
threshold=0.08949123322963716 1.0000000180025095e-35 0.68507987260818493 0.46720869839191442 0.093701671808958067 0.27216647565364843 0.58756005764007579 0.093183934688568129 -0.3762653768062591 0.50335456430912029 -0.35478727519512171 0.61035025119781505 0.15975149720907214 0.58756631612777721 0.11745913326740266 0.22396993637084964 0.049814451485872276 0.70072525739669811 -0.14435185492038724 1.0405325293540957 0.059466339647769935 0.6168709695339204 1.0000000180025095e-35 -0.19515845179557798 -0.27125689387321467 0.69521924853324901 0.2528651505708695 0.003923065261915327 -0.98243284225463856 0.22474335134029391 -0.2221087962388992 0.077024687081575408 0.10889055579900743 -0.030169177800416943 0.083954311907291426 0.51129707694053661 -0.0024142850888893004 0.093855977058410658 0.65050083398818981 0.21772979199886325 0.35569444298744207 0.48794487118721014 1.2807927131652834 0.53609806299209606 0.66838845610618602 1.0000000180025095e-35
decision_type=2 2 2 2 2 2 2 2 2 2 2 2 2 2 2 2 2 2 2 2 2 2 2 2 2 2 2 2 2 2 2 2 2 2 2 2 2 2 2 2 2 2 2 2 2 2
left_child=2 5 4 8 7 13 23 16 14 10 -10 45 24 15 -3 -2 26 -4 -11 -7 21 28 29 -6 44 -20 -1 -26 -14 41 31 34 33 -33 -31 36 -29 -35 -8 -30 -17 -15 -22 -21 -12 -5
right_child=1 3 17 11 6 19 38 -9 9 18 12 -13 20 22 -16 40 -18 -19 25 43 42 -23 -24 -25 27 -27 -28 35 39 30 -32 32 -34 37 -36 -37 -38 -39 -40 -41 -42 -43 -44 -45 -46 -47
leaf_value=0.017505080783784113 -0.016007340649784575 -0.009145125286507981 0.023521870365452467 -0.0050404089590918204 0.012157710495591429 -0.013192375962330234 0.011465063829738583 0.0065630785795642074 0.020445099003572893 0.022780883032081745 0.0095220654624029889 0.01268685576488383 0.001492839783843654 -0.0089522090308023407 0.0019200418854437623 -0.0094827926992871979 0.01656941021162674 0.032020076478569803 0.0025186249726596101 -0.025203000305422711 -0.0059910540930478455 0.0072629362118083445 0.0026438315957027811 0.0029201100707272254 -0.0059909302807087846 0.011263915221488707 0.02745621164350846 -0.0037012905175264018 -0.0035797909714472254 0.036015644215864971 -0.0052282320543709055 -0.0072353194285496702 -0.00082300958162547714 0.075586232630243305 -0.036647692970786169 -0.0004004166108164506 0.0060904013515835458 0.013662131087137029 0.017002012274553668 -0.027413480498339506 0.000468765357269581 -0.030007196710454122 0.061289176792637817 0.0011611009637812458 -0.014656327220858526 0.0060187945668199322
leaf_weight=8732.2697638422251 20154.904613915831 25798.081717163324 15794.600975304842 2946.1765647232533 9575.2421100512147 10214.017537944019 30980.622043095529 8024.3884013071656 2586.233319863677 1995.7420825511217 11471.650063574314 29657.172607541084 21624.366600267589 15152.628164738417 9682.1238432824612 13110.457131490111 22561.672929830849 25763.96211387217 54310.01321683079 12178.096162546426 40824.513763353229 11306.212879106402 9550.6934492588043 29424.165126346052 9725.8029442578554 9054.7280442640185 19216.212537035346 5774.4680462628603 55241.966627463698 127.94671665132046 11982.333700049669 140.20696260780096 1041.8798990659416 447.93476355820894 354.97822067141533 43746.616422981024 26368.351788565516 146.07842402160168 21460.164201699197 676.07585121691227 5359.9224704094231 880.94828128069639 75.434796519577503 549.18952858448029 633.68959383666515 124750.53037050366
leaf_count=31111 173433 140245 67135 773 24211 104791 96694 23859 8356 6274 22410 88785 73515 74966 45169 100238 73158 134913 201073 134733 157941 41025 49636 80752 30009 26690 81906 17153 216877 298 46926 208 7126 347 517 145811 63910 108 77244 1244 40642 4638 29 7962 1568 337520
internal_value=0.00412388 -9.18433e-06 0.0168473 0.00215894 0.0135357 -0.0104493 0.0100899 0.0189167 -0.000175927 0.000538714 -0.000544738 0.00706874 -0.000783955 -0.00788039 -0.00612551 -0.0115085 0.0208781 0.0287944 0.00435208 -0.0192292 -0.00263298 -0.00114811 -0.00436022 0.0051899 0.00167101 0.0037694 0.0243518 0.00074032 -0.00237508 -0.00657012 -0.00256988 0.0115032 0.0193367 0.0477305 -0.0171726 0.0016035 0.00433069 0.0606615 0.0137328 -0.00387102 -0.00659526 -0.0101204 -0.00585778 -0.0240647 0.00824902 0.00576335
internal_weight=781175 589642 191533 488250 149975 101392 91440.2 58534.5 330896 295416 230055 157354 227469 78450.9 35480.2 38625.3 50510.2 41558.6 65360.5 22941.3 129749 88848.6 39825.6 38999.4 97720.6 63364.7 27948.5 85615.2 77542.4 30274.9 14241.4 2259.02 1776.1 734.22 482.925 75889.4 32142.8 594.013 52440.8 55918 18470.4 16033.6 40899.9 12727.3 12105.3 127697
internal_count=3063929 2372946 690983 1626377 488935 746569 278901 210034 1199299 1013885 779848 427078 771492 499083 185414 314313 186175 202048 234037 247486 490631 332661 184770 104963 280861 227763 113017 256883 291636 135134 55530 8604 7789 663 815 226874 81063 455 173938 218121 140880 79604 157970 142695 23978 338293
is_linear=0
shrinkage=0.035


Tree=61
num_leaves=47
num_cat=0
split_feature=75 17 17 72 17 75 74 95 107 17 26 58 106 17 17 7 107 17 59 6 17 109 129 22 6 22 74 75 2 79 93 112 17 26 7 98 2 6 7 106 97 36 112 64 90 7
split_gain=32517.2 11374.2 4084.05 3891.94 2708.05 2132.37 1237.6 983.654 843.05 795.308 770.185 620.878 613.398 597.992 593.993 549.131 539.933 489.359 424.617 422.007 405.88 396.95 365.593 440.628 363.749 346.196 344.263 331.906 360.569 325.955 315.023 291.428 328.367 295.836 290.866 290.44 297.745 288.552 419.838 346.002 285.877 283.336 297.305 842.353 282.684 275.112
threshold=0.083658549934625639 0.31061333417892462 0.70072525739669811 0.19764687120914462 0.56247621774673473 0.045906120911240585 0.41784207522869116 0.7165275812149049 0.088557366281747832 0.66838845610618602 0.37446653842926031 1.0000000180025095e-35 0.29641240835189825 1.0000000180025095e-35 0.42514967918396002 0.52361816167831432 0.054931467399001128 0.65050083398818981 0.22396993637084964 0.056327166035771377 0.61035025119781505 0.49913181364536291 -0.095091357827186571 0.24964435398578647 -0.17736332118511197 1.0000000180025095e-35 0.0052552877459675082 0.32034757733345037 0.51461645960807811 0.82060289382934581 -0.33779986202716822 0.46805046498775488 1.0000000180025095e-35 1.0000000180025095e-35 0.35569444298744207 0.85000011324882518 -0.10986560210585593 0.37287150323390966 0.25081019103527075 0.27501803636550909 0.022929514758288864 0.20707555115222934 0.47227872908115393 0.81706401705741893 0.039059845730662353 -0.066759269684553132
decision_type=2 2 2 2 2 2 2 2 2 2 2 2 2 2 2 2 2 2 2 2 2 2 2 2 2 2 2 2 2 2 2 2 2 2 2 2 2 2 2 2 2 2 2 2 2 2
left_child=2 3 5 7 12 8 10 13 -1 16 11 15 14 21 -3 31 -7 37 27 24 22 -2 -18 -24 -15 -8 -21 28 30 -14 44 32 33 -5 -13 36 -16 39 -39 45 -37 -33 43 -43 -9 -6
right_child=1 4 -4 6 17 9 25 18 -10 -11 -12 34 29 19 35 -17 20 -19 -20 26 -22 -23 23 -25 -26 -27 -28 -29 -30 -31 -32 41 -34 -35 -36 40 -38 38 -40 -41 -42 42 -44 -45 -46 -47
leaf_value=0.029245077901081485 -0.0072046354231739568 0.00039778806341048806 0.031710812743696845 -0.023958147552272428 0.015666038101192273 0.018798773092422304 -0.024938903839223425 -0.0075532725613892283 0.017734697089911745 0.019612658665137023 -0.0028870982215981741 -0.0079358367660704258 0.0078162612349116419 0.010635090224700794 -0.0019578086210523351 0.00078504362482156127 0.0095044700880844886 0.01716411068559567 0.0074609464656065346 -0.0066618537643518168 0.013168865697228442 -0.023959885794879829 -0.052176059217554638 0.0016445708563698957 -0.0097504449968856682 -0.0094683468710157429 -0.00055489778488589515 -0.0048672437902100409 0.035031838549962523 -0.026070744640094606 0.0010404386451645818 -0.014619621284221535 -0.011794569116396302 -0.014615345313991342 0.0036600688747222302 0.0090478880180342915 0.0035140354864666703 0.0081285440761289119 0.015999908552248497 0.021432543660442081 0.0039015952155336533 -0.01505921147594895 -0.004770392728423457 0.17582585327345093 0.043676098350348455 0.0049218728178948221
leaf_weight=17208.744683153927 26074.036237150431 103971.00842642784 25019.37565010041 9181.4899170994759 3255.4684821069241 11048.405882835388 9030.0884955823421 194.57173731178045 14337.255951195955 19963.532720558345 16974.708097331226 11955.554413091391 33147.313654854894 1162.8761308342218 14584.435463905334 3009.1390331685543 22184.886546313763 11147.06484374404 12218.663002356887 13508.079262658954 30629.166243456304 1851.5997846350074 186.02743881940842 6287.1761787831783 13052.796140953898 2219.2536096647382 69297.672173462808 12064.366907194257 390.55486088991165 345.5844361782074 34951.840785607696 6593.4163210503757 10433.772751636803 7671.3767452687025 3398.8728014044464 21110.433115825057 73782.271310821176 19345.187389105558 14579.426502108574 1893.3231474012136 35450.0056168437 80.89625721052289 4486.4805373586714 36.837363690137863 392.25622313469648 28090.995042875409
leaf_count=82813 186007 338879 134517 97677 9151 41710 102059 549 55671 79018 111562 91828 76993 5398 40776 25047 65056 35352 39464 55225 102982 14074 158 19037 55178 19269 306872 38902 746 307 82417 40642 60813 68264 24030 55836 198006 56188 41802 4953 97731 612 25732 99 875 73652
internal_value=0.0039976 0.000544837 0.0188301 -0.00488438 0.00461234 0.0161837 -0.0110809 -0.00203708 0.0240184 0.0134451 -0.00943131 -0.0113847 0.00301515 -0.00380795 0.0024166 -0.0136099 0.0116929 0.010371 0.00163754 -0.00250849 0.0103668 -0.00832081 0.0073696 4.96341e-05 -0.00807846 -0.0218943 -0.00155164 0.000154031 0.00184086 0.00746174 0.00147 -0.0147356 -0.0166885 -0.0197126 -0.00536796 0.00386476 0.00261077 0.009242 0.0115138 0.00692145 0.00582329 -0.00996974 -0.00329867 0.0502255 0.0267709 0.00604077
internal_weight=777798 630934 146865 270231 360703 121845 85071.9 185159 31546 90299.2 73822.5 56847.8 282391 124947 248898 41493.4 70335.7 78311.5 60212.3 97021.4 59287.3 27925.6 28658.1 6473.2 14215.7 11249.3 82805.8 47993.6 35929.2 33492.9 35538.7 38484.3 27286.6 16852.9 15354.4 144927 88366.7 67164.4 33924.6 33239.8 56560.4 11197.6 4604.21 117.734 586.828 31346.5
internal_count=3063929 2482967 580962 1453341 1029626 446445 667634 785707 138484 307961 546306 434744 808528 622754 731228 318886 228943 221098 162953 422673 187233 200081 84251 19195 60576 121328 362097 123489 84587 77300 83841 293839 226754 165941 115858 392349 238782 185746 97990 87756 153567 67085 26443 711 1424 82803
is_linear=0
shrinkage=0.035


Tree=62
num_leaves=47
num_cat=0
split_feature=75 17 17 17 72 75 5 17 7 7 7 6 6 95 95 129 107 6 6 7 107 17 7 1 6 51 48 6 17 6 108 6 7 128 107 112 143 94 109 125 127 140 7 68 95 129
split_gain=30781.4 10644.2 4035.21 3421.98 2744.21 2077.89 1103.3 811.004 799.073 874.847 848.164 1195.16 984.939 807.841 770.448 711.416 702.718 702.335 636.842 701.795 613.31 605.95 602.359 594.792 559.971 571.923 444.341 388.969 382.89 378.206 531.639 599.763 511.119 638.995 898.253 1011.83 866.583 693.505 1058.61 650.381 489.361 450.272 641.076 456.502 1066.11 425.59
threshold=0.083658549934625639 0.22396993637084964 0.70072525739669811 0.53458327054977428 0.19764687120914462 0.043251061812043197 1.1766744852066042 0.66838845610618602 -0.3762653768062591 0.20645257085561755 0.24380346387624743 0.083094760775566115 0.081112917512655272 0.20382595062255862 0.79331773519516002 -0.33623918890953058 0.088557366281747832 0.11745913326740266 0.39254590868949896 -0.35478727519512171 0.054931467399001128 0.65050083398818981 0.37795858085155493 -0.18264634907245633 0.37041272222995764 0.61035025119781505 0.2834331095218659 0.038208844140172012 0.61035025119781505 0.030925905331969265 -0.069900225847959505 0.054175121709704406 0.24944926798343661 -0.024832473136484619 0.19105932116508487 0.50578063726425182 0.37782439589500433 -0.037135839462280266 0.056645426899194724 0.036185447126626975 -0.014994816388934849 -0.18307341635227201 0.44363036751747137 -0.0023605265887454148 0.58756631612777721 -0.19391501694917676
decision_type=2 2 2 2 2 2 2 2 2 2 2 2 2 2 2 2 2 2 2 2 2 2 2 2 2 2 2 2 2 2 2 2 2 2 2 2 2 2 2 2 2 2 2 2 2 2
left_child=2 4 5 8 14 16 22 20 17 18 12 29 15 -13 26 -11 -1 -3 19 -10 -7 -5 -6 -21 -15 -26 -2 -25 -22 -12 41 -32 33 34 39 -36 37 45 -39 -33 -40 -31 43 44 -43 -35
right_child=1 3 -4 21 6 7 -8 -9 9 10 11 13 -14 24 -16 -17 -18 -19 -20 23 28 -23 -24 27 25 -27 -28 -29 -30 30 31 32 -34 36 35 -37 -38 38 40 -41 -42 42 -44 -45 -46 -47
leaf_value=0.029238437152183491 -0.0064268014759915259 -0.0084358687571164503 0.031397509776290293 0.0080652195532448789 -0.010964222717804223 0.018863858375463283 -0.019862516347082519 0.019343632585353411 0.018650872645863813 0.026311098877368325 0.015310805177832348 -0.0080810765282447305 -0.00061705569617864005 0.00012274332677612957 0.0015219894456705218 -0.016185603609309342 0.017862949661258024 0.0040848621278624601 0.010248652644375005 -0.0079320599692844652 0.0072276639191741479 0.016723518644973574 -0.00081382118148824734 0.0080174519918902992 0.0043132197281900266 0.022675384269630328 -0.00085626480592426116 0.0017354394817104774 0.012802943259962309 0.038496119805161939 -0.0099463575191305297 5.8765917745780213e-05 0.0058062149032594487 0.026544978928362856 0.0037153267702360175 -0.061809034686816602 -0.0080440428645867316 0.046733082917968786 -0.032337612888606669 0.053971211497061328 0.018536065700339197 0.048235281320957488 0.0056746840470152087 -0.035239570196249924 -0.035208098247322468 0.065429117369126585
leaf_weight=15380.205126367509 61123.795099891722 16539.51177534461 24395.733281679451 96191.955242007971 47939.129538793117 11739.724053710699 16006.098352991045 21106.110687486827 3513.7015342414379 509.27781915664673 7949.4039780497551 10972.095985069871 59593.355935677886 73677.745704948902 32188.126673564315 7713.4942890405655 11808.873306751251 8206.46225887537 22684.103302180767 5950.6584748029709 29153.86692815274 11042.35401866585 8422.9247586801648 17561.165600344539 34085.669114127755 2207.6926176100969 24608.352659128606 38645.502605728805 31375.752422764897 274.39032380282879 1811.2607118338346 490.10453724861145 9062.9675683379173 544.32842421531677 1374.0398285388947 359.22150039672852 698.94038033485413 900.7339448928833 451.08657121658325 616.9507098197937 463.79696464538574 314.46880441904068 2190.5574987232685 1199.3799776881933 446.2723076492548 1002.673680305481
leaf_count=75922 320942 76353 134517 262667 381935 45779 157890 85099 9991 300 12547 46730 159983 253620 88763 13506 46513 31352 71024 19724 86480 35352 69915 54796 112956 5952 141750 114304 106652 404 5014 122 25587 126 356 121 195 175 136 111 115 204 6984 587 193 185
internal_value=0.00387497 0.000526637 0.0184154 0.00352213 -0.00638775 0.015787 -0.0117528 0.0133058 0.00176635 0.00225367 0.00106708 0.00252663 -0.00218459 0.000972138 -0.0030947 -0.0135352 0.0243031 -0.0042833 0.00519322 0.00344606 0.0115409 0.00895777 -0.00944772 0.00258469 0.00187587 0.00543398 -0.00482812 0.00369899 0.0101188 0.00876043 0.00641109 0.00911295 0.0112788 0.0184523 0.005696 -0.0100261 0.0273493 0.0347098 0.0199282 0.0302405 -0.00658514 -0.00443834 -0.0073302 -0.0218414 -0.000596022 0.0519084
internal_weight=774494 629534 144960 439245 190288 120565 72368.2 93375.5 332011 307265 218910 151094 67816.1 120943 117920 8222.77 27189.1 24746 88355.1 65671 72269.3 107234 56362.1 62157.3 109971 36293.4 85732.1 56206.7 60529.6 30150.6 22201.2 17776.1 15964.8 6901.88 2840.32 1733.26 4061.56 3362.62 1815.62 1107.06 914.884 4425.07 4150.68 1960.12 760.741 1547
internal_count=3063929 2482967 580962 1321772 1161195 446445 609740 324010 1023753 916048 646209 472420 173789 419258 551455 13806 122435 107705 269839 198815 238911 298019 451850 188824 372528 118908 462692 169100 193132 53162 40615 32243 27229 1642 710 477 932 737 426 233 251 8372 7968 984 397 311
is_linear=0
shrinkage=0.035


Tree=63
num_leaves=47
num_cat=0
split_feature=75 72 75 18 3 107 72 7 75 107 10 74 26 7 81 6 7 95 90 6 90 113 64 90 71 115 99 18 142 3 127 112 106 36 6 48 7 129 7 6 6 109 5 107 44 18
split_gain=29138.3 9778.15 3569.68 2480.19 1858.44 1061.31 872.393 855.651 831.494 775.216 707.328 691.953 636.329 618.574 578.315 577.325 567.399 543.158 533.386 496.142 454.989 489.186 496.766 523.295 613.143 486.403 432.786 444.852 591.747 426.435 422.126 419.668 414 413.313 441.946 412.786 408.644 391.791 390.183 486.754 648.413 384.449 382.14 380.758 370.828 362.711
threshold=0.082412905991077437 0.13349740207195285 0.04855043068528176 0.22396993637084964 0.10436459630727769 0.40150317549705511 0.52142679691314708 0.56082165241241466 0.28351774811744695 0.12500649690628055 0.63135480880737316 0.01105058239772916 0.50316895544528972 0.57547074556350719 0.70000001788139354 0.46845349669456487 0.39208520948886877 0.69939008355140697 0.0082480474375188368 -0.17736332118511197 0.059591235592961318 0.093746032565832152 -0.53749927878379811 0.18773470073938373 -0.20455297827720639 0.79999998211860668 0.060842700302600868 0.58756005764007579 0.16631632298231128 0.081283997744321837 -0.13620818406343457 0.69419550895690929 0.35620050132274633 0.4567199051380158 0.40074701607227331 0.8181608021259309 0.41752266883850103 -0.27464218437671656 0.21250396966934207 0.030925905331969265 0.086228664964437499 0.11498622968792917 1.1217368245124819 0.39265324175357824 0.49501426517963415 0.50316895544528972
decision_type=2 2 2 2 2 2 2 2 2 2 2 2 2 2 2 2 2 2 2 2 2 2 2 2 2 2 2 2 2 2 2 2 2 2 2 2 2 2 2 2 2 2 2 2 2 2
left_child=2 4 9 6 5 10 17 11 15 29 18 -4 31 -9 -7 16 20 19 -2 -3 -6 22 23 25 -25 30 27 32 -29 -1 -22 33 -26 34 -5 -18 -37 -24 -23 -40 -41 -27 -21 -30 -20 -10
right_child=1 3 7 12 8 14 -8 13 45 -11 -12 -13 -14 -15 -16 -17 35 -19 44 42 21 38 37 24 26 41 -28 28 43 -31 -32 -33 -34 -35 -36 36 -38 -39 39 40 -42 -43 -44 -45 -46 -47
leaf_value=0.029321810154941078 0.01398011327728055 0.02474294882138597 0.0089149136199530993 -0.0086153673557808463 -0.0028949651906672305 -0.0024770401720645195 -0.023260944628022733 0.030573527626454568 -0.0043515518648212402 0.019036707903369424 -0.00038006210855144791 0.015549291324099443 0.00042675348565441982 0.0013130154196731882 0.0043997606712760061 0.0092903185534826179 0.0037282770644704072 -0.0055615442001466769 0.0064337521068450051 -0.012791947015910347 0.032226873115248467 0.0030060607146986653 -0.025294604973477672 0.003440848367140017 0.044451208548857944 0.020441566678943993 0.0056752117122962466 0.026186566526385534 -0.033432781489889943 0.012019441957162549 -0.03027083054216401 0.011022753273665089 -0.0046206366781661023 -0.0026679775858900519 0.00025992388057923346 0.019161602088446847 0.0010541329696019369 0.0017272501798431203 0.0091497764644876706 -0.023297642083936629 -0.0018245647048428916 -0.0072725667355177347 -0.024248273363825092 0.019909952388473772 0.012049879610458187 0.0015126786563006162
leaf_weight=33926.522030189633 18015.851002730429 368.89316096156836 31509.242990516126 56882.722904812545 33572.56479640305 21864.683028928936 9999.0750107690692 5650.0459072813392 39389.445866495371 15497.215256050229 12307.104537464678 49695.872803643346 27176.544854193926 1050.6226947978139 47543.395566344261 13488.652247473598 45209.109073147178 12049.800724707544 81313.538077950478 12888.469020985067 149.52847994863987 45989.74851296097 822.57125505805016 4121.3435557931662 1774.9939387068152 1256.309994161129 1722.3554680943489 2050.7067297399044 394.59175058454275 1853.377468585968 911.60711673647165 1815.2372669428587 237.27707009017467 31780.209098257124 7814.7738456279039 4469.6005130708218 2319.8986826688051 3174.4570651650429 4673.6384755373001 1795.150209903717 39631.967461541295 1187.1551269888878 4950.9442514330149 272.06578023731709 17517.773216605186 19219.311560951173
leaf_count=178245 45724 3517 105924 327777 91715 74444 104935 24702 174276 66714 29302 181645 134727 3749 142104 42247 150876 71692 216705 123832 109 151013 476 7419 840 1226 4488 1086 256 8156 787 6490 114 175489 44213 12469 7915 4905 7510 3727 140892 1544 63273 308 52251 72121
internal_value=0.00375566 0.000563466 0.0182528 -0.00673896 0.00315834 0.00572426 -0.0142974 0.01397 0.00125594 0.0255924 0.00760006 0.012976 -0.00431317 0.0259922 0.0022333 0.0022881 0.00180524 -0.0113311 0.00844063 -0.0151456 0.000671686 0.00175879 0.00702227 0.0101132 0.0139964 -0.00160357 0.0207282 0.0261939 0.0168914 0.028428 -0.0213242 -0.00562372 0.038664 -0.00593768 -0.00754327 0.00493809 0.0129822 -0.00386112 0.000725221 -0.00155003 -0.0027585 0.00698828 -0.015979 -0.011667 0.00742997 -0.00242841
internal_weight=771306 632123 139183 165727 466396 198562 40257.2 87905.8 267834 51277.1 129154 81205.1 125469 6700.67 69408.1 209225 195737 30258.1 116847 18208.3 143738 110165 18075 14077.9 10573.3 3504.6 6451.99 4729.64 2717.36 35779.9 1061.14 98292.9 2012.27 96477.7 64697.5 51998.6 6789.5 3997.03 92090.5 46100.8 41427.1 2443.47 17839.4 666.658 98831.3 58608.8
internal_count=3063929 2494794 569135 1055945 1438849 560530 367249 316020 878319 253115 343982 287569 688696 28451 216548 631922 589675 262314 314680 190622 418415 326700 23558 18177 14511 3666 7092 2604 1650 186401 896 553969 954 547479 371990 171260 20384 5381 303142 152129 144619 2770 187105 564 268956 246397
is_linear=0
shrinkage=0.035


Tree=64
num_leaves=47
num_cat=0
split_feature=75 17 17 74 17 75 95 5 106 17 17 106 107 74 74 17 58 97 26 5 17 72 98 36 74 21 6 106 6 116 6 6 36 116 36 39 95 132 75 6 44 13 96 90 62 98
split_gain=27567.6 9740.56 3749.73 3357.7 2526.92 1816.65 1068.59 1002.73 761.649 757.003 682.541 590.267 584.537 534.643 508.652 489.389 488.814 427.928 425.777 400.501 392.213 325.784 321.571 321.098 319.688 314.306 313.769 343.329 311.64 304.561 285.919 390.911 331.086 276.036 275.284 268.052 247.309 301.077 244.035 237.232 283.925 235.111 233.992 314.507 543.102 357.13
threshold=0.081154264509677901 0.31061333417892462 0.70072525739669811 0.19971223175525668 0.56247621774673473 0.043251061812043197 0.7165275812149049 1.1766744852066042 0.25398422777652746 1.0000000180025095e-35 0.66838845610618602 0.29641240835189825 0.054931467399001128 0.0027461076388135557 0.0011149210622534158 0.65050083398818981 1.0000000180025095e-35 0.071154918521642699 0.37446653842926031 1.0597847104072573 0.46720869839191442 0.4072988629341126 0.89160841703414928 1.0000000180025095e-35 0.0043237474747002133 1.3166165351867678 0.37287150323390966 0.27501803636550909 0.46845349669456487 1.0000000180025095e-35 0.065258223563432707 -0.17736332118511197 0.24964435398578647 0.36465089023113256 1.1988850235939028 1.0000000180025095e-35 0.22219666093587878 -0.049999967217445367 0.57620114088058483 0.38171069324016577 0.35638883709907537 0.50316895544528972 1.0000000180025095e-35 0.23338089138269427 -0.034600419923663132 0.80000004172325145
decision_type=2 2 2 2 2 2 2 2 2 2 2 2 2 2 2 2 2 2 2 2 2 2 2 2 2 2 2 2 2 2 2 2 2 2 2 2 2 2 2 2 2 2 2 2 2 2
left_child=2 3 5 6 11 8 9 18 -1 19 12 14 25 -11 41 26 17 21 23 22 -16 28 -2 -5 -14 -7 27 -6 -8 -13 31 -15 -33 -25 -4 -9 37 -36 -19 40 -28 -3 43 45 -45 -32
right_child=1 4 34 7 15 10 16 35 -10 13 -12 29 24 30 20 -17 -18 38 -20 -21 -22 -23 -24 33 -26 -27 39 -29 -30 -31 42 32 -34 -35 36 -37 -38 -39 -40 -41 -42 -43 -44 44 -46 -47
leaf_value=0.01735513696525931 -0.004033576011092244 -0.0018408415900956685 0.031450964106963089 -0.01732527221290266 0.0053034856640336702 0.019010778863126875 0.0011886851977409541 -0.024530878537112825 0.029313354636570713 -0.0082466842035638782 0.018569287184371425 0.0036351335764412476 0.0056439033125305947 0.013254634909113536 0.0016235411184550019 0.016088949397878794 0.0055773848540430033 -0.0046195043548913411 -0.0032479347989918285 -0.014170078922468287 0.0047452249430431888 -0.020877316916906891 -0.013120483943518366 -0.0095556203149498066 0.011471619334548985 -0.059416362211667552 0.0077788330123861838 0.02014284997190877 0.021691480367571271 0.010227083390660698 0.012500820555199682 -0.012185895289432971 -0.0011808350180565125 0.077359744525746926 0.016533698434169519 -0.0096780438251976211 0.012318779369341032 -0.17089009293880356 -0.02140489625261854 0.0090603959520370817 0.01994302884640365 0.0085190365721428841 -0.0014396833536771169 -0.00073076200341747738 0.042119731585889615 -0.018955195831774487
leaf_weight=12862.718683242798 19504.308342836797 42839.516206800938 22696.363243177533 9869.3254700414836 32483.419425055385 10758.529745928943 31638.104135911912 9464.2892644032836 13336.211933657527 19327.820462219417 19839.355489313602 16663.819854676723 16856.63950907439 1153.5392332077026 121333.26567080617 12457.476014249027 19877.138897031546 13441.983025442809 8323.8254110664129 11270.434976648539 83072.415286317468 790.55066947266459 6316.0850146338344 16291.914811033756 36678.048267528415 57.250006079673767 3762.5122293382883 2024.9407443851233 929.12042987346649 17739.853652775288 973.99313550442457 8576.4299622252584 5497.0003541260958 38.932774655520916 19.145102977752686 1781.3738505318761 482.77919468283653 14.773913882672785 1147.2320034503937 25409.275731727481 6322.7266282439232 2856.6600763052702 79425.113360665739 738.01803147792816 704.65676462650299 799.54203624278307
leaf_count=55071 140158 121418 130775 101420 86887 43627 77879 109957 67364 83380 82278 35166 53375 5505 384377 41101 66587 41564 66534 89527 221958 3564 48541 148344 121448 23 11091 5407 2985 44731 327 36617 26267 156 115 18493 2992 145 4626 74455 18336 7305 381203 284 222 344
internal_value=0.00363837 0.000597183 0.0180887 -0.00447694 0.00430127 0.0153981 -0.00269794 -0.0131084 0.023448 -0.00430749 0.0128915 0.00273751 0.0111394 -0.0029279 0.00214607 0.0096959 0.000963414 -0.000949652 -0.0101482 -0.00866518 0.00289237 0.00123695 -0.00625925 -0.0123388 0.00963763 0.0185621 0.0085568 0.00617786 0.00177777 0.00703564 -0.00187697 -0.00628331 -0.00789034 -0.00931954 0.0308758 -0.0221853 0.00552297 -0.0782976 -0.00594829 0.010868 0.0154131 -0.00119198 -0.00106459 0.00818126 0.0202808 -0.00169131
internal_weight=768448 634847 133602 267881 366966 110389 222111 45769.7 26198.9 154287 84189.8 284506 64350.5 117196 250102 82460.4 67824.1 47947 34524 37090.8 204406 33357.8 25820.4 26200.2 53534.7 10815.8 70002.9 34508.4 32567.2 34403.7 97868.3 15227 14073.4 16330.8 23213.1 11245.7 516.698 33.919 14589.2 35494.5 10085.2 45696.2 82641.3 3216.21 1442.67 1773.54
internal_count=3063929 2506716 557213 1454484 1052232 423186 1009580 444904 122435 812375 300751 814955 218473 534149 735058 237277 197205 130618 316454 278226 606335 84428 188699 249920 174823 43650 196176 92294 80864 79897 450769 68389 62884 148500 134027 128450 3252 260 46190 103882 29427 128723 382380 1177 506 671
is_linear=0
shrinkage=0.035


Tree=65
num_leaves=47
num_cat=0
split_feature=75 17 17 17 75 72 75 10 17 106 106 5 17 36 74 5 14 25 106 106 74 123 98 106 96 5 112 48 26 39 109 18 140 72 10 70 99 140 99 132 10 123 2 74 21 2
split_gain=26087.9 9131.18 4237.98 3699.89 1768.25 1622.51 1168.12 910.621 823.209 753.073 694.769 659.587 657.925 605.019 478.071 477.248 413.504 430.258 448.149 394.186 387.054 375.908 374.675 348.303 364.794 344.237 362.835 318.781 308.84 302.307 297.521 297.111 294.34 421.617 373.217 316.569 347.611 290.921 288.688 288.243 407.976 291.991 295.923 286.55 276.043 274.455
threshold=0.081154264509677901 1.0000000180025095e-35 0.50316895544528972 0.70072525739669811 0.043251061812043197 0.4072988629341126 0.29628902673721319 0.40253517031669622 0.63123199343681347 0.25398422777652746 0.25872252881526953 1.0298300981521609 0.66838845610618602 0.68099015951156627 0.01105058239772916 0.75088909268379223 0.46720869839191442 1.0000000180025095e-35 0.2610385417938233 0.25633297860622412 1.0000000180025095e-35 0.28823764622211462 0.88571429252624523 0.27501803636550909 1.0000000180025095e-35 1.1961061358451845 0.62224116921424877 0.80932021141052257 0.22396993637084964 0.53458327054977428 0.31054238975048071 0.22396993637084964 0.23749524354934695 0.38401357829570776 0.58348107337951671 -0.0030736215412616725 0.0089531512930989283 0.28205969929695135 0.022750949487090114 0.025000005960464481 0.40253517031669622 0.3721314817667008 -0.18062059581279752 0.055799271911382682 1.4237452149391177 0.2319164648652077
decision_type=2 2 2 2 2 2 2 2 2 2 2 2 2 2 2 2 2 2 2 2 2 2 2 2 2 2 2 2 2 2 2 2 2 2 2 2 2 2 2 2 2 2 2 2 2 2
left_child=3 5 6 4 9 7 10 11 23 -1 13 22 14 20 -6 -12 17 18 -8 -16 -3 -13 -2 44 -25 26 -7 30 -19 32 38 -17 -9 34 35 36 -34 -35 -22 -28 -41 42 -42 -20 -4 -15
right_child=1 2 8 -5 12 25 16 29 -10 -11 15 21 -14 45 19 31 -18 28 43 -21 27 -23 -24 24 -26 -27 39 -29 -30 -31 -32 -33 33 37 -36 -37 -38 -39 -40 40 41 -43 -44 -45 -46 -47
leaf_value=0.016958070182962741 -0.0042941659444644415 -0.0047652938341110731 0.0058909273463916894 0.030564863044721589 0.0074698855124026393 -0.018016570519368849 -0.0034732813061214615 -0.0046864411422865709 0.013493880789048706 0.028952443211494618 -0.00015914860661973243 -0.018043680609817973 0.018157508955630099 0.0029018066122410489 0.010696946237262075 0.01609719575510574 0.0039188799856179294 -0.0098268129018938069 0.0075898001657774055 0.018368903727450741 0.0021460497704350067 -0.0083158847085475895 -0.012394284024607616 -0.018575763509253544 0.015372019763790214 -0.026392190781167862 -0.011969363897136608 0.0088327871824485319 -0.0037438766716630812 0.0082299839498596629 -0.006323897822236948 0.0053242115560096139 0.079755865338551307 0.17506934349208572 -0.0048120852561994807 0.0088139041088509274 0.0052110805578221911 -0.0017622225088775162 -0.0016683487566414941 0.098394477711435946 -0.0047030002019391552 -0.0086726654477346093 0.097668032975264205 -0.0011414768372804275 -0.037603323701697548 0.013265269619525176
leaf_weight=12706.106422148645 23157.983286984265 24303.208271212876 116582.88495667279 22638.152310103178 28752.959013067186 9442.0338116548955 35307.003445096314 21369.28626293689 23097.593439541757 13035.291084125638 21418.235453955829 13876.839357346296 19583.863526694477 55438.424737527966 22074.859037429094 3310.6901900842786 10788.517750389874 15363.839267268777 9281.6239787936211 13105.911904774606 49553.152449451387 7525.0277529843152 10028.078481785953 404.63042418658733 7205.4700466841459 5571.7960428185761 760.58987206593156 4899.7147387117147 30608.965691879392 3129.8858219198883 9150.9753343760967 58495.324223317206 192.53615833073854 24.76257361844182 1585.9786597378552 688.02277720347047 126.67034161835909 17.761854957789183 47693.121645659208 67.110994920134544 61.671821478754282 327.26189291477203 70.834678187966347 9125.9995006322861 173.07956297695637 3313.0977975428104
leaf_count=55071 172004 75315 316095 134027 96081 106058 177312 113221 73733 67364 49172 137898 82278 188425 74377 7969 46341 68642 29717 48015 152428 39959 80749 134 19194 62820 4688 15676 142796 16603 32984 142654 430 98 5949 2386 628 163 173328 199 409 2069 335 37159 79 10897
internal_value=0.00352555 0.000577227 0.00237499 0.0176864 0.0150164 -0.00924361 0.000455564 -0.00723133 0.00742571 0.0230376 0.00166704 -0.009836 0.0125426 0.000521092 0.010821 0.00434281 -0.00258817 -0.00329267 -0.001165 0.0135579 -0.000764268 -0.014627 -0.0067439 0.00629805 0.0135526 -0.0193248 -0.0156412 0.000109541 -0.00577797 -0.00199012 -0.000292568 0.00590292 -0.00332475 0.00769743 0.00576747 0.0223645 0.0508432 0.109944 0.000275252 0.00177537 0.0215447 0.00918539 0.0518191 0.00326163 0.00582445 0.00348766
internal_weight=765437 633540 535516 131897 109259 98024.1 388052 81722.8 147464 25741.4 277576 54587.9 83517.6 194352 63933.7 83224.2 110476 99687.4 53714.6 35180.8 135600 21401.9 33186.1 124366 7610.1 16301.3 10729.5 111297 45972.8 27134.9 106397 61806 24005 2635.73 2593.21 1007.23 319.206 42.5244 97246.3 1287.47 526.879 459.768 132.506 18407.6 116756 58751.5
internal_count=3063929 2506716 1760050 557213 423186 746666 1350815 570088 409235 122435 848848 430610 300751 649053 218473 199795 501967 455626 244188 122392 449731 177857 252753 335502 19328 176578 113758 374416 211438 139478 358740 150623 122875 9654 9393 3444 1058 261 325756 7700 3012 2813 744 66876 316174 199322
is_linear=0
shrinkage=0.035


Tree=66
num_leaves=47
num_cat=0
split_feature=73 72 107 18 73 6 56 72 72 74 74 96 107 48 141 95 26 112 107 66 6 126 141 63 112 89 110 140 107 114 66 26 58 6 58 6 7 96 132 65 92 107 96 6 6 95
split_gain=24092.4 7094.81 4425.92 2176.85 1846.49 1013.74 844.25 821.709 652.238 651.911 673.397 644.97 641.285 627.832 595.977 581.517 567.165 502.57 502.292 492.801 473.43 468.703 554.133 419.848 395.205 371.704 403.191 387.027 369.823 369.189 350.675 348.935 357.25 347.237 346.996 443.885 366.745 424.37 530.906 496.636 572.677 386.107 337.731 332.657 622.637 329.135
threshold=0.08949123322963716 0.13349740207195285 0.14620486646890643 0.22396993637084964 0.05610011704266072 0.46845349669456487 0.22396993637084964 0.52142679691314708 0.028274038806557659 0.0011149210622534158 0.081610374152660384 0.072333425283432021 0.35958614945411688 0.78715720772743236 -0.03610387630760669 0.25336387753486639 0.37446653842926031 0.46369962394237524 0.38371753692626959 -0.072160299867391572 -0.17736332118511197 0.48192891478538519 -0.10836631059646605 -0.024296703748404976 0.60005411505699169 0.3354459702968598 0.0008485077414661647 0.067059911787509932 0.18073499947786334 0.070858277380466475 -0.023333674296736714 0.22396993637084964 1.0000000180025095e-35 0.10889055579900743 1.0000000180025095e-35 0.40074701607227331 0.23724339902400973 1.0000000180025095e-35 0.05000004172325135 -0.024235965684056279 0.77891123294830333 0.25704382359981542 1.0000000180025095e-35 0.37287150323390966 0.3829778134822846 0.26192176342010504
decision_type=2 2 2 2 2 2 2 2 2 2 2 2 2 2 2 2 2 2 2 2 2 2 2 2 2 2 2 2 2 2 2 2 2 2 2 2 2 2 2 2 2 2 2 2 2 2
left_child=2 5 4 7 13 6 9 17 -6 -2 15 14 -13 19 21 -11 24 20 43 -1 45 22 25 -16 34 26 -4 -27 -24 -20 -25 32 -22 -23 35 36 -5 38 39 -38 -41 -40 -32 -8 -45 -3
right_child=1 3 11 16 8 -7 18 -9 -10 10 -12 12 -14 -15 23 -17 -18 -19 29 -21 31 33 28 30 -26 27 -28 -29 -30 -31 42 -33 -34 -35 -36 -37 37 -39 41 40 -42 -43 -44 44 -46 -47
leaf_value=0.0076495187172983051 -0.0029179073378189369 0.11386488104620621 -0.016855886818973084 -0.012327769310211885 0.0083810582043178251 0.0095846093688853606 0.0043421445251314653 -0.022378744759234463 0.018036895858672641 -0.0043487569885921331 -0.0022158360293819419 0.011518066752566752 0.0043580801178705261 0.031180115526302583 0.03055913980588575 0.0033684280194152174 -0.00057520134692751765 -0.0051801356232431236 0.0044440520560412164 0.023436463281455079 -0.022203440659872474 -0.076259330908009126 -0.076336012072684908 0.013270063608401213 0.003632320969681367 -0.066410380133027108 0.029793945081417684 0.0023425101129434995 -0.011973054288580478 -0.00054163133712773056 -0.05189992587553053 -0.0083237120645472274 -0.0066489596769329518 0.0024815888716029212 -0.0029638552684951038 0.00054732918028331393 0.067735411429178133 -0.0073989475408948189 -0.043469620192832591 -0.016351351936377729 0.039412695354248468 0.011170720598825064 0.0070292505548727622 0.015059937978352681 0.0042137249334292743 0.012460865207378512
leaf_weight=2618.311126857996 49153.674922004342 39.391107782721519 351.01787425577641 22333.380654465407 13989.549515344203 22558.860441707075 52852.497250594199 9522.7807794809341 22204.23555599153 13088.814932897687 44066.295246906579 70493.465816222131 19597.956753365695 13422.859166584909 734.99706614017487 138177.15203592181 40685.086276553571 12401.175145439804 35788.462400734425 33893.723126724362 8666.082702178508 241.88151156902313 212.09132134914398 652.25646515935659 5301.3956303298473 167.93421293795109 619.68652850389481 235.43650326132774 225.44185619056225 36994.873189345002 264.76235909759998 5805.9685910046101 2295.9774265885353 94.055020101368427 26370.030580982566 6656.409456692636 248.71088314056396 21364.496005762368 301.89608603715897 436.48498658835888 455.1613478064537 321.96139641106129 210.0478158146143 11939.851036310196 14200.476957023144 306.52853409200907
leaf_count=10816 137695 244 395 133311 47381 70010 162364 104935 82415 52457 180243 244972 57600 72991 303 379303 207251 80734 115250 171447 100560 114 188 383 20761 196 469 257 274 135238 94 53144 24614 314 151949 38401 87 136248 171 225 170 140 374 36661 47762 3018
internal_value=0.00341569 -4.53051e-05 0.0145981 -0.00622806 0.0203311 0.00236855 0.00195759 -0.0134387 0.014307 0.000684633 0.00159129 0.00934969 0.00996102 0.0246951 -0.00437835 0.00270047 -0.00396604 -0.0105501 0.00400794 0.022306 -0.0144376 -0.0169231 -0.00978742 0.0100929 -0.00561223 0.0011808 0.012916 -0.0268136 -0.0438029 0.00190993 -0.00333721 -0.0152766 -0.0189518 -0.0545313 -0.00623699 -0.00789237 -0.00912818 -0.00603585 0.0104353 0.0245938 0.0121781 -0.0154191 -0.0260501 0.00594063 0.00917049 0.0257774
internal_weight=762564 582334 180230 163513 86128.7 418821 396262 39037.9 36193.8 244486 195332 94101 90091.4 49934.9 4009.61 151266 124475 29515.1 151776 36512 17113.9 2147.54 1811.61 1862.06 83789.9 1374.08 970.704 403.371 437.533 72783.3 1127.07 16768 10962.1 335.937 78488.5 52118.5 45462.1 23128.7 1764.21 1140.36 891.646 623.857 474.81 78992.8 26140.3 345.92
internal_count=3063929 2372946 690983 1055963 385050 1316983 1246973 367249 129796 749698 612003 305933 302572 255254 3361 431760 688714 262314 497275 182263 181580 2207 1779 1154 481463 1317 864 453 462 250488 851 178318 125174 428 460702 308753 270352 137041 793 482 395 311 468 246787 84423 3262
is_linear=0
shrinkage=0.035


Tree=67
num_leaves=47
num_cat=0
split_feature=75 17 17 74 17 107 17 5 95 14 3 75 98 17 129 17 95 21 26 7 7 96 65 75 107 21 128 64 132 123 36 96 105 105 3 7 3 129 89 7 7 141 107 142 22 69
split_gain=23478.9 8434.41 3404.45 2874.08 2352.72 1643.2 1037.39 947.012 944.816 709.084 563.085 523.686 515.523 501.567 447.197 446.48 436.434 387.916 385.583 381.403 356.127 353.842 353.323 339.498 333.196 319.248 468.137 328.857 318.631 309.425 307.641 306.4 565.086 732.159 298.767 297.923 289.383 360.922 454.482 292.733 530.234 424.67 419.368 614.341 530.943 368.918
threshold=0.078607156872749342 0.31061333417892462 0.70072525739669811 0.19971223175525668 0.56247621774673473 0.054931467399001128 0.65050083398818981 1.1766744852066042 0.63509106636047374 0.22396993637084964 0.10022674873471261 0.38294176757335668 0.82499995827674877 0.66838845610618602 -0.068708509206771837 1.0000000180025095e-35 0.66842418909072887 0.20707555115222934 0.63123199343681347 0.22474335134029391 0.50812992453575145 0.20810047537088397 -0.0094672138802707178 0.044588079676032073 0.67642787098884594 0.14931328594684604 -0.025630803778767582 -0.26722149550914759 0.349999949336052 0.12397171556949617 1.0000000180025095e-35 0.036261685192584998 -0.0085883624851703626 0.0087247393094003218 0.093183934688568129 0.53609806299209606 0.089363723993301405 -0.27125689387321467 0.66939041018486034 0.24380346387624743 0.24796082824468615 -0.32732236385345453 0.15845470875501635 0.14646654576063159 0.2834331095218659 -0.86573389172554005
decision_type=2 2 2 2 2 2 2 2 2 2 2 2 2 2 2 2 2 2 2 2 2 2 2 2 2 2 2 2 2 2 2 2 2 2 2 2 2 2 2 2 2 2 2 2 2 2
left_child=2 3 5 8 12 10 14 18 9 15 23 36 22 -6 34 -2 -14 -16 30 -13 -8 -22 25 -1 -24 26 27 -3 -18 -21 -5 32 -31 -34 -7 -9 37 -10 -39 -38 41 -41 43 -43 45 -44
right_child=1 4 -4 7 13 6 20 35 11 -11 -12 19 16 -15 17 -17 28 -19 -20 29 21 -23 24 -25 -26 -27 -28 -29 -30 31 -32 -33 33 -35 -36 -37 39 38 -40 40 -42 42 44 -45 -46 -47
leaf_value=0.029520200453695002 -0.011046146606819043 0.018473691906810866 0.030062081407463581 -0.015147622822476815 0.0083039571220506914 0.011914355082689475 0.01561234891110932 -0.022870959641950021 0.013482892457153601 -0.0013600178092202106 0.0053257621881942869 -0.0092315468943855953 0.0032003895287967712 0.018313063806187913 -0.051725865154478412 -0.0049780458116818402 0.0091899851434023728 0.0013677920248324758 0.0032904442852055879 0.098423940438418928 0.029774801937381093 -0.033856838044667846 0.0024761215925523574 0.020042558774708726 -0.0036046017486945606 -0.0015371661912323502 -0.030083244642440797 -0.03060198242397889 -0.036704668950986584 -0.035494447728381714 -0.0078715627652163056 -0.0020460304358802272 0.060948181524552628 -0.013595358232242285 0.0044716582023021983 0.00059782422079447141 -0.0015687170057857155 -0.0023448256069226862 0.013292251604423728 -0.033527917447128373 0.001432613632418783 -0.023392127071096384 0.01750315298526571 0.037347428864924183 -0.011657757805549802 0.052172868778486856
leaf_weight=10434.242035008967 20229.178814742714 577.9138945043087 21491.760520346463 11108.35275163874 80101.441143199801 27535.041227474809 33354.552354902029 10011.054168973118 5047.0139343887568 54470.268908157945 1911.8708018735051 10836.544323548675 121865.87168742716 6643.1267286017537 167.54087848961353 55989.952474988997 19933.118643537164 5881.9075250700116 2704.8368432819843 33.619470626115799 3198.0589571520686 105.83894930034876 105448.26875424385 8468.2088247016072 12323.153340905905 24493.085060805082 1181.2552215158939 228.45111428201199 181.19739283621311 174.21268443763256 19917.321422178298 7064.9363176487386 441.3307757973671 249.32632254809141 8711.1206501126289 708.44647272676229 34697.901692654938 7849.3282034546137 3200.140486702323 181.75701396912336 18147.631180472672 514.09658087790012 639.14055950194597 329.61581792682409 308.93698317557573 941.58006621152163
leaf_count=59234 166077 480 133184 115720 231101 94315 140288 118528 10038 285056 6596 45658 353636 23685 140 269590 47453 19795 20267 72 14342 509 291212 37201 44357 81945 1186 242 227 130 180467 33542 252 118 27246 9922 103145 19166 6887 191 68248 672 269 332 834 374
internal_value=0.00330764 0.000627312 0.0174263 -0.0041368 0.00402242 0.0147026 0.0123943 -0.0122579 -0.00250562 -0.00441008 0.0234518 0.000239814 0.00249199 0.0090718 0.00865687 -0.00658943 0.00398917 -0.000150999 -0.00937453 -0.0049598 0.0167042 0.0276761 0.00101822 0.0252824 0.00183963 -0.00263423 -0.0161034 0.00443597 0.00876529 0.000854622 -0.0104794 0.000365759 0.0199556 0.0341402 0.0101269 -0.0213196 0.00160061 0.00573369 0.00218794 0.000406863 0.00366129 0.0175011 0.0209635 0.000423052 0.0300996 0.0382794
internal_weight=760034 638773 121260 265797 372977 99768.4 78954.1 44450 221347 130689 20814.3 90657.1 286232 86744.6 42295.6 76219.1 141980 6049.45 33730.5 18800 36658.5 3303.9 144252 18902.5 117771 26480.7 1987.62 806.365 20114.3 7963.43 31025.7 7929.81 864.87 690.657 36246.2 10719.5 71857.1 16096.5 11049.5 55760.7 21062.8 2915.13 2733.37 843.712 1889.66 1580.72
internal_count=3063929 2531079 532850 1455555 1075524 399666 296635 444904 1010651 720723 103031 289928 820738 254786 141496 435667 401316 19935 316454 79772 155139 14851 419422 96435 335569 83853 1908 722 47680 34114 296187 34042 500 370 121561 128450 210156 36091 26053 174065 70920 2672 2481 1004 1477 643
is_linear=0
shrinkage=0.035


Tree=68
num_leaves=47
num_cat=0
split_feature=73 17 17 17 124 72 7 3 95 26 17 7 51 3 6 17 17 105 105 129 95 74 6 129 3 58 7 73 95 123 5 112 142 142 73 70 17 18 129 22 20 106 6 141 96 7
split_gain=21539.5 7263.67 4753.94 3206.6 1736.16 1456.2 998.575 914.346 838.051 880.75 817.958 796.261 781.559 738.669 690.049 641.49 544.78 488.742 492.434 480.706 456.853 436.048 416.55 390.947 365.824 365.423 362.115 350.092 342.452 346.435 336.32 353.245 459.199 471.821 365.821 619.154 316.574 308.754 295.673 294.86 278.843 277.141 275.532 309.241 585.658 539.98
threshold=0.08283525332808496 1.0000000180025095e-35 0.68507987260818493 0.50316895544528972 0.093701671808958067 0.4072988629341126 -0.3762653768062591 0.093183934688568129 0.60073482990264904 1.0000000180025095e-35 0.58756005764007579 -0.35478727519512171 0.22396993637084964 0.15975149720907214 0.11745913326740266 0.61035025119781505 0.70072525739669811 0.003978903405368329 -0.0037453367840498681 -0.26792010664939875 0.6574501395225526 0.0027461076388135557 -0.17736332118511197 -0.27125689387321467 1.0000000180025095e-35 1.0000000180025095e-35 0.35569444298744207 0.043718587607145316 0.80761727690696727 0.2411199361085892 1.1961061358451845 0.62224116921424877 0.44571438431739813 0.56314489245414745 0.54022806882858287 -0.017077569849789139 0.31061333417892462 0.66838845610618602 -0.14813948422670362 0.51129707694053661 1.191978454589844 0.28056053817272192 0.075932096689939513 -0.2221087962388992 0.14196360856294635 0.22474335134029391
decision_type=2 2 2 2 2 2 2 2 2 2 2 2 2 2 2 2 2 2 2 2 2 2 2 2 2 2 2 2 2 2 2 2 2 2 2 2 2 2 2 2 2 2 2 2 2 2
left_child=2 5 4 6 7 8 14 17 9 -2 19 -8 13 23 -3 41 -4 18 38 -6 22 40 -14 37 -25 42 -11 -20 36 -30 31 -7 34 -34 35 -33 -23 -13 -1 -26 -15 -5 -10 44 45 -44
right_child=1 3 16 15 10 30 11 -9 25 26 -12 12 20 21 -16 -17 -18 -19 27 -21 -22 28 -24 24 39 -27 -28 -29 29 -31 -32 32 33 -35 -36 -37 -38 -39 -40 -41 -42 -43 43 -45 -46 -47
leaf_value=0.015796257472356329 -0.017341795377206527 -0.0083099726520661343 0.02070381900260513 0.0046445578771313395 0.017099183786268003 -0.017129487872698568 0.018245617803412145 0.0036836289268414304 -0.0099083741444841774 -0.0088822421827608258 0.011162664803807903 0.0087252589703397648 0.018869682309574795 -0.0066092264858534895 0.0023039611281980977 0.010638659407667877 0.02973502813019718 0.008981506213393527 0.025127475460828465 0.0021460471247263971 0.0094240007957851948 -0.0034318069127635001 0.001990528975587456 -0.0053224663368021423 0.0041540955872043121 0.0030243252197454792 0.00026532720052786497 0.017712367077233105 0.052054322387523666 0.0059884772199295415 -0.025614572831717232 0.12624473477023837 0.10498145491887627 -0.018561981408724667 -0.014029848161079456 -0.0079527327297754611 0.00037182270253381861 -0.012893305986983511 -0.0013052142831892466 5.9369709297811282e-05 0.060738953134605811 0.012822403931095192 -0.0074459328790054029 -0.0044343955382734491 -0.0056365542822691224 0.041137127441086781
leaf_weight=3922.7881027236581 13923.135567337275 26152.556239120662 13505.360267914832 90695.743101164699 2915.6605222672224 9100.0744607932866 3174.4916090518236 5897.5720381960273 9275.7790343686938 20997.129009943455 43285.035591445863 12622.034352399409 1832.9160510450602 23602.368222944438 10516.86158335954 34997.678286954761 21103.176120005548 5869.0930756926537 16416.71160402149 26771.75349535048 13626.481665953994 54895.589809648693 69174.176154889166 10093.604538068175 35996.431944176555 9341.5613664090633 7087.9933174438775 15059.712605446577 203.46157123148441 4539.2524425461888 5260.1844867542386 59.546438470482826 93.400859471410513 58.448751430958509 936.89446263760328 115.69468345120549 52368.1395188272 859.16326934099197 1805.9760764613748 53650.01240055263 69.57916671037674 5375.5303251370788 409.3480570204556 17007.179666895419 1709.1198044195771 869.65790283679962
leaf_count=13402 144947 142993 64594 243919 7496 106058 9943 18574 45822 176326 153660 25157 6078 73689 47912 111974 133730 20578 79173 74334 40379 258964 250402 30601 87623 49910 58574 57305 291 10088 62820 188 349 379 5965 819 158609 2082 6905 172618 20 13911 1788 80928 10506 1546
internal_value=0.00320429 0.000190715 0.0147668 0.00187189 0.0115165 -0.00862023 0.000218505 0.0166146 -0.00672387 -0.0101449 0.00809397 0.000815882 0.000649638 -0.000338306 -0.00526576 0.0065816 0.0262152 0.0183841 0.0198654 0.00361808 0.00355501 -0.00208006 0.00242791 0.00174884 0.000992403 -0.00300081 -0.00657375 0.0215841 -0.00116763 0.00802981 -0.0183985 -0.0147226 0.00259835 0.0584746 -0.00529594 0.0402687 -0.00157481 0.00734173 0.0104078 0.00170382 -0.00639556 0.005103 -0.00492419 -0.00260932 0.00776338 0.0256191
internal_weight=757244 600691 156553 504446 121944 96245.1 373377 48971.9 80620.9 42008.3 72972.4 336708 333533 248900 36669.4 131069 34608.5 43074.3 37205.2 29687.4 84633.6 135678 71007.1 113221 99740 38612.6 28085.1 31476.4 112006 4742.71 15624.2 10364.1 1263.99 151.85 1112.14 175.241 107264 13481.2 5728.76 89646.4 23671.9 96071.3 29271.1 19995.3 2988.13 1279.01
internal_count=3063929 2434178 629751 1687253 431427 746925 1317449 195937 570347 379847 235490 1126544 1116601 819742 190905 369804 198324 177363 156785 81830 296859 501661 256480 318081 290842 190500 234900 136478 427952 10379 176578 113758 7700 728 6972 1007 417573 27239 20307 260241 73709 257830 140590 94768 13840 3334
is_linear=0
shrinkage=0.035


Tree=69
num_leaves=47
num_cat=0
split_feature=75 17 17 74 17 107 5 17 123 36 48 17 106 71 7 65 129 74 67 40 26 109 7 96 75 7 74 74 75 51 28 17 36 96 127 95 65 90 95 116 7 18 22 22 132 108
split_gain=21077 7629.54 3061.24 2596.52 2216.03 1544.92 898.984 883.319 847.218 722.726 760.168 532.233 521.839 466.306 459.924 434.699 433.455 427.046 415.383 394.968 370.904 367.743 355.821 336.639 324.458 319.727 314.937 401.889 314.43 312.614 361.356 305.755 302.031 300.494 541.576 388.824 304.153 301.823 300.473 290.345 289.69 282.233 269.842 269.843 257.803 421.445
threshold=0.076125711202621474 0.31061333417892462 0.70072525739669811 0.19971223175525668 0.56247621774673473 0.054931467399001128 1.1766744852066042 0.65050083398818981 0.38258942961692816 0.20707555115222934 0.40690015256404882 0.66838845610618602 0.29641240835189825 -0.082366138696670518 0.23644753545522693 0.030461804941296581 -0.068708509206771837 0.0011149210622534158 0.23456551134586337 0.63989907503128063 0.37446653842926031 0.35960026085376745 0.50812992453575145 0.20810047537088397 0.044588079676032073 -0.3762653768062591 0.082559473812580123 0.0033534027170389895 0.918408364057541 0.22396993637084964 0.14931328594684604 0.42514967918396002 1.1988850235939028 1.0000000180025095e-35 0.14835773408412936 0.57476481795310985 -1.0000000180025095e-35 0.046840347349643714 0.6610703468322755 1.0000000180025095e-35 0.53609806299209606 1.0000000180025095e-35 0.2834331095218659 1.2725504636764529 0.39999996125698095 0.17332173138856891
decision_type=2 2 2 2 2 2 2 2 2 2 2 2 2 2 2 2 2 2 2 2 2 2 2 2 2 2 2 2 2 2 2 2 2 2 2 2 2 2 2 2 2 2 2 2 2 2
left_child=2 3 5 8 12 13 20 16 9 10 14 -6 17 -1 -2 26 -7 -3 -17 25 38 33 -9 -24 -15 -11 27 -10 29 30 -27 -19 -4 34 35 36 -16 -37 41 -14 -8 -5 -18 -44 -40 -46
right_child=1 4 32 6 11 7 40 22 15 19 -12 -13 39 24 21 18 42 31 -20 -21 -22 -23 23 -25 -26 28 -28 -29 -30 -31 -32 -33 -34 -35 -36 37 -38 -39 44 -41 -42 -43 43 -45 45 -47
leaf_value=0.0076348569066433921 -0.010480510619629745 -0.0012480242362693671 0.030134316367708896 -0.019154755043767329 0.0078035755694929234 0.0098487149029837674 -0.022268314763120925 0.014975827141224925 -0.00073225469776198795 -0.0063253903715698341 0.0032464235836498819 0.017451034466199934 0.0030565774758157188 0.02924944079215 0.053158659639541563 -0.0090340506848029956 -0.047976478162771383 0.00087172806651486349 0.041146388352096691 -0.016458065146809666 -0.0023977677949756637 -0.01644158102478991 0.029554169738241997 -0.033918946291889025 0.019537274256557872 0.0011595205553479083 -0.0029940367485639051 0.0068219767100858144 -0.016606125047939114 0.0037326410158041055 -0.0044335239235378755 0.003610047469503557 0.0015090088076898445 -0.004756735963194733 0.050907955579308432 0.012187323617740609 0.0039581913212495727 -0.011818441189637393 -0.0044369258770960446 0.0093567917396396756 0.001006213433318575 -0.01013676070387166 0.0011185326168719923 -0.083342695665530556 -0.017639957523864783 0.15821927040124084
leaf_weight=2116.8464852273464 31878.691936448216 46305.96625161171 19798.326488621533 6215.0858688168228 83414.314778313041 31932.652058340609 9663.7278336547315 31102.004105933011 13494.097234487534 12686.674291286618 9242.9347253218293 7648.8576861545444 17429.588067665696 9863.3731061592698 283.99431020021439 5860.9517389722168 139.54533517360687 85490.760846942663 203.36691076681018 2112.6599510014057 8157.2095779962838 2920.9346010051668 3000.7785901576281 101.03589951992035 7483.963310956955 31484.861243512481 9650.6626288294792 23897.860869884491 1422.9966801442206 19967.120772823691 25690.894742116332 120198.58162897825 463.38993911445141 26541.545453213155 294.33004688471556 970.6412848085165 331.14436173439026 1864.3823874592781 5241.2838248126209 18466.00760795176 701.39428486675024 13573.747397210449 5092.0170331075788 40.761703193187714 33.262936782091856 25.346421726047993
leaf_count=8022 168100 130568 129018 85182 243987 109638 118528 134328 34166 86578 45777 28462 37489 58456 94 22295 85 281538 747 13249 66534 14793 13978 484 34085 144889 40318 62573 9190 95066 128562 328931 3229 143993 89 333 138 735 41161 47516 9922 123294 17465 61 269 14
internal_value=0.00310402 0.000672645 0.0171785 -0.00389019 0.00385635 0.0144337 -0.0116938 0.012049 -0.00234856 -0.0035686 -0.00614371 0.00861511 0.00235093 0.0231756 -0.00747753 0.00150375 0.0083139 0.00178839 -0.0073108 -0.00151819 -0.00888467 -0.00459304 0.0161094 0.0274223 0.0250681 -0.00117115 0.00264102 0.00409587 -0.000338319 -3.68574e-05 -0.00135366 0.00247202 0.0294807 -0.00344699 0.00582711 0.00189707 0.026981 -0.00358801 -0.0109924 0.0062989 -0.0206928 -0.0129744 -0.000980936 0.000349558 -0.00358371 0.0659078
internal_weight=754501 643366 111135 264412 378954 90873 43611.1 71408.8 220801 167694 74328.6 91063.2 287891 19464.2 65085.7 53106.9 37205 251995 6064.32 93365.2 33245.9 33207 34203.8 3101.81 17347.3 91252.5 47042.6 37392 78565.9 77142.9 57175.8 205689 20261.7 30286 3744.49 3450.16 615.139 2835.02 25088.7 35895.6 10365.1 19788.8 5272.32 5132.78 5299.89 58.6094
internal_count=3063929 2555080 508849 1456589 1098491 376602 444904 276039 1011685 851586 374052 272449 826042 100563 328275 160099 127249 741037 23042 477534 316454 160175 148790 14462 92541 464285 137057 96739 377707 368517 273451 610469 132247 145382 1389 1300 232 1068 249920 85005 128450 208476 17611 17526 41444 283
is_linear=0
shrinkage=0.035


Tree=70
num_leaves=47
num_cat=0
split_feature=75 72 75 18 3 107 7 6 107 26 10 112 7 96 105 58 81 51 7 7 6 48 75 105 90 5 18 106 36 3 7 6 112 6 6 6 97 104 6 6 6 7 44 98 90 115
split_gain=19942.9 6821.98 2434.14 1847.52 1602.54 946.591 857.822 724.223 698.196 695.219 691.706 689.167 585.936 571.264 518.067 517.106 499.819 490.714 464.527 674.964 553.043 517.977 456.197 454.268 430.33 420.117 414.979 454.418 412.094 408.46 393.752 429.057 387.118 380.246 379.254 373.217 371.476 441.472 615.521 361.194 454.166 359.298 341.107 325.868 503.857 391.226
threshold=0.076125711202621474 0.13349740207195285 0.047242954373359687 1.0000000180025095e-35 0.10436459630727769 0.40150317549705511 0.50225088000297557 0.46845349669456487 0.12500649690628055 0.31061333417892462 0.59401711821556102 0.46369962394237524 0.38844558596611029 0.21061258763074878 -0.0091088134795427305 1.0000000180025095e-35 0.70000001788139354 0.81924167275428783 0.25288257002830511 0.24491057544946673 0.094441667199134841 1.0000000180025095e-35 0.16053558140993121 0.0038304930785670881 0.0082480474375188368 1.0298300981521609 0.66838845610618602 0.23224423080682757 0.95796635746955883 0.081283997744321837 0.20728050917387011 0.39584259688854223 0.45518930256366735 0.083094760775566115 0.37041272222995764 0.40074701607227331 0.21186573058366778 -0.027306208387017247 0.15658345073461535 0.016280888579785827 0.37287150323390966 0.15109457075595858 0.49501426517963415 0.71250006556510936 0.19063437730073932 0.62500000000000011
decision_type=2 2 2 2 2 2 2 2 2 2 2 2 2 2 2 2 2 2 2 2 2 2 2 2 2 2 2 2 2 2 2 2 2 2 2 2 2 2 2 2 2 2 2 2 2 2
left_child=2 4 8 11 5 10 39 12 29 15 24 25 18 -8 -12 32 -7 -14 19 20 21 22 -6 -16 -2 -3 33 -28 -13 -1 31 -22 35 43 -19 -5 37 38 -32 -4 -41 -23 -26 44 -21 -45
right_child=1 3 6 9 7 16 13 -9 -10 -11 14 28 17 -15 23 -17 -18 34 -20 26 30 41 -24 -25 42 -27 27 -29 -30 -31 36 -33 -34 -35 -36 -37 -38 -39 -40 40 -42 -43 -44 45 -46 -47
leaf_value=0.027221946253959434 0.012428739549853423 -0.013650645680649024 0.017780462164323604 -0.010896299017544336 -0.00059562177235469534 -0.0026716581787091138 0.026322515303398263 0.0085549839619081906 0.016528534621687147 -0.00089745388684743554 -0.016124372465883562 -0.0091686529917713814 0.0023479203374976469 -0.0039479016208081221 0.0062914154238967162 -0.0021011464934032769 0.0037028528145245246 0.0039306837300911862 -0.00541879690238861 0.0016097079765987835 0.0010292486238281876 -0.0046918569064931196 -0.011119918579476544 -0.0074076824434392563 0.0057342040037980865 -0.026802886082986602 -0.00089100910289298776 -0.039151331306741068 0.04232380103038149 0.008646431368531847 0.041494266365014965 0.0085260434167638219 -0.0033603164686538218 0.0021141731684005466 0.021293758949779102 -0.0010000731363225888 -0.015836722193208617 -0.0019191014353674035 -4.8270254156974306e-05 0.005931213470332812 0.012731166115564246 0.0036505309474322328 0.010820964385595261 -0.024291899646273134 0.049223716315804369 0.011004643179357674
leaf_weight=28281.643710300326 19021.726008489728 5595.7288491688669 8565.0942089632154 37077.586483076215 7510.9262645468116 21960.811449497938 7388.5039059892297 14535.306914612651 13002.888430215418 51831.963348526508 2128.2304217517376 9537.8338579759002 63563.954097725451 849.51845742762089 10295.477190777659 28049.654624052346 47969.532293111086 3063.3436222672462 20854.96523643285 465.5528818666935 41245.427246235311 12294.123951390386 15380.565017364919 4157.7442518472672 84773.795804843307 6416.5547274723649 3292.3425282612443 424.05625484883785 188.36609464883804 1537.2856268659234 693.83176961541176 12090.317639291286 16726.149444643408 9368.6743667498231 3104.8198296278715 5344.3243489302695 2198.3595290258527 35675.950710788369 1161.7948749512434 20152.044442549348 29944.848513543606 13010.862233012915 19965.644123494625 394.20987489819527 652.45816588401794 10120.316187620163
leaf_count=172623 50979 68837 35353 252929 11339 74983 35424 45972 61498 276371 5046 77133 228512 3396 25268 169522 144192 10192 91541 143 142245 55195 49632 9969 234237 93204 6886 532 1318 7402 201 38855 83079 30310 8871 33568 7960 111453 4434 72835 120318 37029 62270 210 158 10505
internal_value=0.00300647 0.000650142 0.016796 -0.00559208 0.00273496 0.00502794 0.0126229 0.000956373 0.0233125 -0.00410798 0.00668557 -0.0150795 0.000525664 0.0231993 -2.68847e-05 -0.00601609 0.00170083 0.00326336 -0.000496147 0.000122494 -0.000811139 -0.00385406 -0.00766824 0.00234857 0.00758493 -0.0206867 0.0054575 -0.00531509 -0.00814503 0.0262665 0.000764771 0.00272958 -0.00787211 0.00736522 0.0126842 -0.00965009 -0.00187269 -0.00105214 0.0155637 0.0111353 0.00999702 -0.000402324 0.0067045 0.0115903 0.0295189 0.00966738
internal_weight=751865 642143 109722 160768 481375 210273 66900 271102 42821.8 139030 140343 21738.5 256567 8238.02 16581.5 87197.7 69930.3 69732.1 186835 165980 141262 48196.5 22891.5 14453.2 123761 12012.3 24717.6 3716.4 9726.2 29818.9 93065.7 53335.7 59148.1 21001.2 6168.16 42421.9 39729.9 37531.6 1855.63 58662 50096.9 25305 104739 11632.5 1118.01 10514.5
internal_count=3063929 2555080 508849 1055961 1499119 606944 267326 892175 241523 815469 387769 240492 846203 38820 40283 539098 219175 247575 598628 507087 458343 153195 60971 35237 347486 162041 48744 7418 78451 180025 305148 181100 369576 41326 19063 286497 124048 116088 4635 228506 193153 92224 296507 11016 301 10715
is_linear=0
shrinkage=0.035


Tree=71
num_leaves=47
num_cat=0
split_feature=73 17 17 17 107 72 7 10 17 48 17 7 129 5 6 17 3 25 95 36 6 129 14 98 95 5 10 48 36 37 89 36 7 17 96 90 91 107 115 10 96 22 79 113 138 63
split_gain=18204.3 6134.42 4486.33 2680.09 2224.78 1318.4 769.622 766.65 738.218 734.884 734.162 731.622 658.267 580.499 556.015 544.12 527.91 508.718 501.356 477.511 462.967 422.206 381.589 342.733 338.489 325.688 311.27 308.221 295.53 288.547 286.103 276.391 275.009 266.858 309.474 466.907 556.875 532.567 505.677 505.304 361.654 263.301 261.951 269.413 403.465 288.265
threshold=0.08283525332808496 1.0000000180025095e-35 0.68507987260818493 0.46720869839191442 0.059846540912985809 0.4072988629341126 -0.3762653768062591 0.40253517031669622 0.63123199343681347 0.50335456430912029 0.61035025119781505 -0.37151309847831721 -0.27464218437671656 1.0298300981521609 0.11745913326740266 0.70072525739669811 0.082649879157543196 1.0000000180025095e-35 0.61752587556839 0.6168709695339204 -0.14435185492038724 -0.067577525973319993 0.37446653842926031 0.88571429252624523 0.69939008355140697 1.1961061358451845 0.68997231125831615 0.66327300667762767 1.1988850235939028 1.0214852690696719 0.77802231907844555 0.71161216497421276 0.21630370616912845 0.56247621774673473 0.072333425283432021 0.45641525089740759 0.44453348219394689 0.20130124688148501 0.7749999761581422 0.37376695871353155 1.0000000180025095e-35 0.24964435398578647 0.82360282540321361 0.051768887788057334 -0.036749329417943948 -0.024296703748404976
decision_type=2 2 2 2 2 2 2 2 2 2 2 2 2 2 2 2 2 2 2 2 2 2 2 2 2 2 2 2 2 2 2 2 2 2 2 2 2 2 2 2 2 2 2 2 2 2
left_child=2 5 4 6 16 7 14 13 12 11 -5 -8 -6 23 -3 -4 27 18 -13 22 -11 33 -19 32 -22 26 -7 31 -17 -9 -20 -1 -2 34 35 36 38 -38 -14 -40 -41 -35 43 44 -23 -46
right_child=1 3 15 10 8 25 9 29 -10 20 -12 17 21 -15 -16 28 -18 19 30 -21 24 42 -24 -25 -26 -27 -28 -29 -30 -31 -32 -33 -34 41 -36 -37 37 -39 39 40 -42 -43 -44 -45 45 -47
leaf_value=0.015811351926581826 -0.0081073670094640015 -0.0077918102125849624 0.019619583235232621 0.0041158170855626975 0.017143803810353971 -0.015625751926790776 0.025736498133405863 -0.0016138452357858091 0.01233830119215863 0.02003290045282841 0.009837963177324523 -0.0010496970193322006 -0.056822441677848334 -0.013287979777436305 0.0020451771226259814 0.029541265910239794 0.0076460915480219488 -0.005037944557098239 0.0030923209447374705 0.0020260034213088044 0.0021220532897490603 -0.070069487626607113 0.00018276514215851338 -0.01125882036409042 0.0093062116414905464 -0.024852965877212176 0.0078251749901483633 0.029568470662716485 0.0010403965745726111 0.06030944359403953 0.020400042587888516 0.026630999724810211 -0.00023425267992508979 0.044137816388333889 0.004972085761098562 0.028913717753401017 0.035668380822674192 -0.026320334751364562 0.018242818450379533 -0.061914786469277151 0.00029829972066352779 0.0085652213981311422 -0.072278643240633433 -2.4531456191804943e-05 0.035758468634094417 -0.031462930157588428
leaf_weight=7812.688510209322 9063.7608075104654 25156.060740731657 12949.637386731803 135003.96043342352 5891.3882523030043 9299.0167407393456 1290.6621367484331 26709.397759191692 35679.395454727113 2052.477280959487 34488.586416728795 68421.188776142895 474.88702318072319 20434.510885994881 9767.8338174894452 19264.588108599186 3227.4958430603147 61574.88058436662 51866.490563072264 23753.609283283353 55131.6307381019 165.05656760931015 23765.444731213152 9680.6136237159371 9401.2733165919781 4979.2921265102923 745.11198664084077 5973.1965343058109 457.33823467046022 86.497591480612755 1191.4465645104647 4642.8502586334944 13568.048900566995 252.38428665697575 21934.564440853894 344.8886518701911 411.275105856359 280.59699812531471 376.86596073210239 268.00421556830406 196.00773917883635 22103.354032076895 58.301204144954681 8977.2394905090332 129.87159089744091 177.94249647855759
leaf_count=37353 78308 140498 64594 362579 15591 109184 3604 139313 139632 6382 111974 262809 305 177875 45732 130485 11871 215131 128799 85025 203482 203 91208 80744 27909 62820 4574 33811 3245 388 2121 25593 93719 215 65469 158 278 264 350 93 561 71232 106 28032 54 256
internal_value=0.00291099 0.000159093 0.0137232 0.00169712 0.010577 -0.008019 -0.000124785 -0.00622193 0.0083266 0.000450489 0.00528053 -0.000480211 0.00601845 -0.00867081 -0.00504038 0.0252149 0.0207261 -0.000627666 0.000930209 -0.00236244 0.00369126 0.00484932 -0.00358408 -0.0057487 0.00316956 -0.0175269 -0.0138816 0.0230131 0.0288813 -0.00140017 0.0034834 0.019856 -0.00338904 0.00621951 0.00367757 -0.00837052 -0.0148469 0.0105054 -0.0281718 -0.0116931 -0.0359478 0.00897894 -0.00187086 -0.00138998 -0.026969 -0.00293186
internal_weight=749482 597432 152050 502866 119378 94566.3 333373 79542.8 97722 298449 169493 231864 62042.6 52746.9 34923.9 32671.6 21656.2 230573 121479 109094 66585.4 56151.2 85340.3 32312.4 64532.9 15023.4 10044.1 18428.7 19721.9 26795.9 53057.9 12455.5 22631.8 46642.8 24287.1 2352.53 2007.64 691.872 1315.76 840.878 464.012 22355.7 9508.41 9450.11 472.871 307.814
internal_count=3063929 2434178 629751 1687253 431427 746925 1212700 570347 322799 1026470 474553 788697 183167 430646 186230 198324 108628 785093 393729 391364 237773 167576 306339 252771 231391 176578 113758 96757 133730 139701 130920 62946 172027 138925 67478 2009 1851 542 1309 1004 654 71447 28651 28545 513 310
is_linear=0
shrinkage=0.035


Tree=72
num_leaves=47
num_cat=0
split_feature=75 17 17 17 72 107 95 26 17 17 106 18 36 3 25 36 6 6 129 74 6 6 44 106 109 22 39 6 3 6 75 36 25 57 97 21 3 113 70 10 18 17 6 21 106 99
split_gain=17860.3 6412.63 2970.59 2425.63 1732.88 1454.57 1012.09 950.072 817.841 603.005 595.468 570.716 499.596 469.078 462.233 458.127 434.881 410.646 397.58 396.26 392.426 383.718 375.809 372.071 361.232 357.906 345.621 328.512 307.656 313.295 300.699 296.222 287.444 277.518 276.049 272.079 270.868 270.729 287.679 303.756 263.523 261.246 297.718 258.894 250.088 249.183
threshold=0.076125711202621474 0.22396993637084964 0.70072525739669811 0.53458327054977428 0.48794487118721014 0.054931467399001128 0.63509106636047374 0.22396993637084964 0.65050083398818981 0.65050083398818981 0.25872252881526953 0.31061333417892462 0.65365403890609752 0.10022674873471261 1.0000000180025095e-35 0.20707555115222934 -0.17736332118511197 0.37287150323390966 -0.068708509206771837 0.0011149210622534158 0.030925905331969265 0.38254591822624212 0.2834331095218659 0.27501803636550909 0.62352082133293163 1.0000000180025095e-35 1.0000000180025095e-35 -0.32836462557315821 0.22587655484676364 0.47453671693801885 0.044588079676032073 1.2040648460388186 0.37446653842926031 1.5231099724769595 0.072100423276424422 0.20707555115222934 0.093183934688568129 1.0000000180025095e-35 -0.052389351651072495 0.80684030055999767 0.65050083398818981 0.37446653842926031 0.054175121709704406 1.2758579254150393 0.12687792629003528 0.043633095920085914
decision_type=2 2 2 2 2 2 2 2 2 2 2 2 2 2 2 2 2 2 2 2 2 2 2 2 2 2 2 2 2 2 2 2 2 2 2 2 2 2 2 2 2 2 2 2 2 2
left_child=2 4 5 10 6 13 7 11 18 17 12 26 19 30 -12 28 -9 23 36 -3 -14 22 -19 -5 -13 -6 -2 -21 -8 37 -1 -4 -18 -23 -22 -20 40 38 -30 -40 -7 42 -29 -37 -43 -17
right_child=1 3 31 9 25 8 15 16 -10 -11 14 24 20 -15 -16 45 32 21 35 27 34 33 -24 -25 -26 -27 -28 41 29 -31 -32 -33 -34 -35 -36 43 -38 -39 39 -41 -42 44 -44 -45 -46 -47
leaf_value=0.028024739023882101 -0.018901305260083059 -0.0040613684758878596 0.029279064226460257 0.0031614159307740619 -0.021823189465399222 0.015156778441870114 -0.00049174516156749704 0.026630108621933792 0.01501306428352474 0.013557195311427765 0.0056076113075123266 -0.0064992911118128627 0.012267832389726799 0.004531346154209236 -0.00010271688914590412 0.0045453741325138667 -0.0045677263466331556 0.0055538627797453166 -0.046724974026273666 0.012087448708920409 0.0043122417330557208 0.0070626999669683652 0.016943779403591673 0.014010581057970768 -0.024783800341861749 -0.0094622041704857107 -0.0073612560725069146 -0.0079876024383252076 0.030769028529144347 0.034214625294610661 0.018550506483714698 -0.00070842500254374337 0.0021010963052711918 -0.0074371585081963038 5.7979855292847409e-06 0.00058327786599971486 0.0029589540834089232 -0.0055839906859103056 -0.022496600332749549 0.015237185933562504 0.0076826138194113968 -0.0023708325165368027 -0.00078384011876394177 -0.090100755269493474 0.0023670526266477551 -0.0010104618687006251
leaf_weight=9368.2309193313122 10468.597930621356 32594.710840627551 18523.715939573944 49846.342897072434 8129.4578732587397 9678.8505901992321 15851.311085306108 599.22596085444093 33085.170488074422 15369.822870515287 57456.019399270415 33315.621337946504 5000.149443000555 1701.0549249202013 24880.78169953078 19272.763416890055 39182.506603848189 5473.8657635301352 152.16528142988682 2793.0079962313175 36093.167422175407 34000.478479340672 10140.244131818414 4194.0765552818775 1373.7737144343555 4460.3945485986769 4584.8968738354743 8091.39259647578 143.07745692878962 212.94629619643092 7428.9954487457871 411.64271817356348 9916.4431760646403 1692.3805542290211 36853.143358059227 5041.2240933775902 7229.3573362007737 12436.364919636399 2870.1908592507243 283.02621556445956 14417.879464238882 17554.823879525065 53254.555124089122 32.861951410770416 61229.686021372676 20296.372326515615
leaf_count=59234 118875 102982 129318 134278 101427 35592 43585 4029 148790 55619 145635 230337 10343 6055 59923 71624 267788 16359 128 8372 114488 100796 30409 11400 10973 40210 43661 30823 160 884 35274 2929 62339 5298 125882 17456 23316 75909 3097 247 50730 57550 214202 27 167860 87716
internal_value=0.00281909 0.000605255 0.0160493 0.00282597 -0.0049225 0.0133453 -0.0039984 -0.00628069 0.0110259 0.00708094 0.00129623 -0.00970007 0.000456123 0.0220698 0.00388206 -0.000817898 -0.0028573 0.00613528 0.00741484 -0.000579359 0.00278778 0.0083781 0.012955 0.00400504 -0.00722781 -0.0174512 -0.0153914 0.000214813 -0.00394585 -0.0073775 0.0238432 0.0286267 -0.00322056 0.00637381 0.00213689 -0.00151901 0.00890559 -0.00795385 -0.0168659 -0.0190844 0.0106881 -2.22707e-05 -0.00173483 -0.000108031 0.00131114 0.00169565
internal_weight=746987 639916 107071 456519 183397 88135.8 170807 99441.1 69637.5 120717 335801 49742.9 253465 18498.3 82336.8 71366.1 49698.2 105347 36552.3 175518 77946.5 51307 15614.1 54040.4 34689.4 12589.9 15053.5 142923 31796.9 15945.6 16797.2 18935.4 49098.9 35692.9 72946.3 5226.25 31326.1 15732.7 3296.29 3153.22 24096.7 140130 61345.9 5074.09 78784.5 39569.1
internal_count=3063929 2555080 508849 1392219 1162861 376602 1021224 738002 276039 354159 1038060 403846 832502 100563 205558 283222 334156 298540 127249 581789 250713 152862 46768 145678 241310 141637 162536 478807 123882 80297 94508 132247 330127 106094 240370 17611 109638 79413 3504 3344 86322 470435 245025 17483 225410 159340
is_linear=0
shrinkage=0.035


Tree=73
num_leaves=47
num_cat=0
split_feature=75 17 17 17 72 107 95 26 17 17 17 107 7 7 7 6 7 6 48 3 36 18 3 97 6 7 6 51 7 129 5 58 79 21 7 17 7 105 6 6 10 2 7 62 36 6
split_gain=16886 5988.81 2917.63 2271.2 1651.89 1410.93 955.467 956.443 790.965 585.198 572.642 547.776 465.017 577.916 486.817 472.138 961.079 659.104 499.86 455.811 426.725 397.354 489.378 396.747 385.563 568.671 381.045 374.789 369.313 363.324 353.071 346.772 345.163 338.507 329.17 328.458 326.419 319.146 348.126 346.157 341.987 309.843 302.708 301.896 290.765 288.074
threshold=0.076125711202621474 0.22396993637084964 0.70072525739669811 0.53458327054977428 0.48794487118721014 0.054931467399001128 0.60885444283485424 0.22396993637084964 0.66838845610618602 1.0000000180025095e-35 0.65050083398818981 0.287338137626648 -0.3762653768062591 0.022479261271655563 0.015750389546155933 0.030925905331969265 0.24743579328060153 0.046031622216105468 0.42082132399082189 0.10022674873471261 0.20707555115222934 0.58756005764007579 0.20028442144393924 0.061138343065977103 0.37287150323390966 0.25081019103527075 -0.17736332118511197 1.0000000180025095e-35 0.21682713925838473 -0.068708509206771837 1.2120085358619692 1.0000000180025095e-35 1.1942191123962405 0.77082881331443798 0.37795858085155493 0.42514967918396002 0.50812992453575145 -0.0041113360784947863 0.083094760775566115 0.094441667199134841 0.48828019201755529 -0.16637046635150907 -0.066759269684553132 0.077808924019336714 1.1988850235939028 0.11745913326740266
decision_type=2 2 2 2 2 2 2 2 2 2 2 2 2 2 2 2 2 2 2 2 2 2 2 2 2 2 2 2 2 2 2 2 2 2 2 2 2 2 2 2 2 2 2 2 2 2
left_child=2 4 5 11 6 19 7 9 29 31 24 21 45 14 23 16 18 -17 -15 32 41 22 37 -14 42 28 -9 -27 -26 -7 -6 -2 -1 -24 -28 -18 -10 40 -39 43 -3 -8 -5 -40 -4 -13
right_child=1 3 44 10 30 8 20 26 36 -11 -12 12 13 15 -16 17 35 -19 -20 -21 -22 -23 33 -25 25 27 34 -29 -30 -31 -32 -33 -34 -35 -36 -37 -38 38 39 -41 -42 -43 -44 -45 -46 -47
leaf_value=0.023706309480700277 -0.016099195006586738 0.0068229827533131801 0.029010903131209922 0.011840561692038768 -0.013247982187425683 0.0094138086291918992 -0.010281761686548914 0.024985083812148715 0.014679192507594932 -0.0057078883406581453 0.013195291371693884 -0.007627344421115804 -0.0024713862603151495 -0.00525432459724221 0.019229741974653752 -0.015772879148487174 0.03169924007994656 3.7910353017698964e-05 0.0086758121341958001 0.0043851759201490072 0.001379606198372429 0.0010032346026936172 0.0016567239290327062 0.020183346206074624 0.007489715234824031 0.0073928093247327478 -0.0045761975651166598 0.016738353240711028 -0.0010753889178437923 0.00077193101518471005 -0.026201156334294196 -0.0062454044111268248 -0.078703126797768794 -0.018535421572132078 0.0028194150560479389 0.012526236763573145 0.028692665912083415 0.014228941769176506 -0.00030780025534016557 0.0079612792082445118 -0.0061023969673342591 -0.0021418303918742409 0.0030076064829085178 -0.032966076547798068 0.00058968073206585301 0.0025253886796516656
leaf_weight=16444.492647409439 17930.618424221873 6784.8799745738506 18028.935027778149 5263.1739384233952 8728.5572005808353 39483.748113647103 7277.7633360847831 589.8058638125658 20340.283271558583 21404.98832180351 15241.148118309677 13778.830789774656 4167.0569882318377 7903.6200087890029 3646.2662557810545 3285.9580763876438 1463.8892564326525 171158.41189303994 5243.9825866520405 1696.516474224627 42349.407660327852 53467.255027368665 18393.25097964704 1218.9116814434528 21202.423559725285 9660.8786972761154 38979.612247169018 11580.12803158164 8690.921013250947 7022.7519701123238 3675.7390160411596 5804.8928530216217 34.692322850227356 1070.5286617577076 9085.8108124397695 4369.8813169598579 2268.1801217496395 10520.878785774112 1761.6401542276144 18558.614224597812 3969.4932543188334 26873.214219298214 48702.472081594169 425.92414447665215 452.90698473900557 4549.8660625144839
leaf_count=94489 190910 14799 129018 15277 95973 143369 37825 3888 96328 124161 55619 67092 15592 24735 10256 8069 2410 565076 15885 6055 178004 147310 52652 3619 62726 28939 267335 34870 26327 24815 45664 59578 19 1908 57547 6180 11527 22485 2754 47538 9615 101976 130401 552 3229 19533
internal_value=0.00272984 0.000584934 0.0156825 0.00272986 -0.00476938 0.0130059 -0.00387076 -0.00623829 0.0107221 -0.00990742 0.00685519 0.00125108 0.000230913 0.000714301 0.00936485 0.000310031 0.0055513 -0.000260395 0.000302533 0.0216835 -0.000967591 0.00321029 0.00512911 0.00267079 0.00593499 0.00811295 -0.00283323 0.0124915 0.00499957 0.00810929 -0.0170979 -0.0136919 0.0234616 0.000540315 -0.00317784 0.0173665 0.0160927 0.00725399 0.0090427 0.00640885 0.0020506 -0.00387825 0.00387045 -0.00674321 0.0283153 -0.00510658
internal_weight=744553 638781 105773 456080 182700 87290.7 170296 93795.7 69115 45140.5 120341 335739 220787 202458 9032.23 193426 18981.4 174444 13147.6 18175.7 76500.4 114952 61485.2 5385.97 105100 51134.4 48655.2 21241 29893.3 46506.5 12404.3 23735.5 16479.2 19463.8 48065.4 5833.77 22608.5 42021.4 31267.1 20746.2 10754.4 34151 53965.6 2187.56 18481.8 18328.7
internal_count=3063929 2555080 508849 1392219 1162861 376602 1021224 703419 276039 374649 354159 1038060 738447 651822 29467 622355 49210 573145 40620 100563 317805 299613 152303 19211 298540 152862 328770 63809 89053 168184 141637 250488 94508 54560 324882 8590 107855 97743 73329 50844 24414 139801 145678 3306 132247 86625
is_linear=0
shrinkage=0.035


Tree=74
num_leaves=47
num_cat=0
split_feature=75 17 17 17 75 74 7 17 7 48 106 95 27 6 7 25 36 72 6 17 95 7 36 6 89 116 106 14 75 6 7 48 129 6 112 98 66 143 141 5 5 36 17 6 6 7
split_gain=15957.9 5635.73 2864.02 2788.79 1251.5 1204.97 790.713 701.692 674.759 654.865 640.429 615.887 675.857 601.294 579.736 567.034 569.198 495.536 462.691 452.494 439.619 439.408 419.645 392.896 381.908 373.688 362.948 336.868 311.784 303.412 654.638 337.864 317.818 293.458 291.107 848.512 578.48 559.868 440.352 354.7 289.42 284.7 281.971 276.375 273.963 404.767
threshold=0.076125711202621474 1.0000000180025095e-35 0.70072525739669811 0.50316895544528972 0.040545130148530013 0.35535739362239843 -0.3762653768062591 0.63123199343681347 -0.35478727519512171 0.50335456430912029 0.25398422777652746 0.58756631612777721 1.0000000180025095e-35 0.11745913326740266 0.50225088000297557 1.0000000180025095e-35 0.6168709695339204 0.071880850940942778 0.022408133372664455 0.65050083398818981 0.7165275812149049 0.57547074556350719 0.95146143436431896 -0.14435185492038724 0.77802231907844555 0.36465089023113256 0.3018264919519425 0.50316895544528972 0.40042778849601751 0.37287150323390966 0.40570861101150518 0.79581734538078319 -0.072504729032516466 0.22598484903573993 0.64809393882751476 0.76124998927116405 -0.47240312397480005 -0.23224056512117383 -0.43810448050498957 0.86779105663299572 1.2120085358619692 1.1988850235939028 0.68507987260818493 0.066672742366790785 0.083094760775566115 0.24380346387624743
decision_type=2 2 2 2 2 2 2 2 2 2 2 2 2 2 2 2 2 2 2 2 2 2 2 2 2 2 2 2 2 2 2 2 2 2 2 2 2 2 2 2 2 2 2 2 2 2
left_child=2 5 4 6 10 11 13 26 -8 15 -1 12 40 -3 18 17 27 24 -6 33 23 43 28 -11 44 34 29 -17 -13 32 31 -31 -5 -20 39 36 37 -36 -38 -7 -2 -4 -9 -16 45 -10
right_child=1 3 41 7 14 25 8 42 9 20 -12 22 -14 -15 21 16 -18 -19 19 -21 -22 -23 -24 -25 -26 -27 -28 -29 -30 30 -32 -33 -34 -35 35 -37 38 -39 -40 -41 -42 -43 -44 -45 -46 -47
leaf_value=0.014058213517861377 -0.010559170507018909 -0.0074300735127694325 0.028708226364830201 0.0039510205867947078 0.016443031047552677 -0.0078146900586190254 0.016317971439002835 0.0097435172949896388 0.00095326157549174373 0.015769805172110869 0.026795972346790212 -0.0015329427195971098 -0.0022821356424025294 0.0023176732504948225 -0.00050351958174801859 -0.0038726287794415555 0.0023911924124543457 -0.0005889828801622488 -0.00077259482192727042 0.011953596710173653 0.010279503003530865 -0.0038621377433236256 0.014092552195325302 0.0019693218467847174 0.024181654530960363 0.082176822760214915 0.015375801122089779 0.0024260421319168266 -0.0083020559856600354 0.0053237505870116011 0.014345212624141583 -0.0073457426901729619 -0.002484380078582934 0.0072117270973838469 0.17387966103768532 -0.018983342859890135 0.16211793197410848 0.02765298470503709 -0.010662217771354366 -0.023748730842755604 -0.02081330846480809 0.00056959404904431622 0.021267686555945523 0.025231847069022498 0.0017602196104122801 0.011094821089312572
leaf_weight=9599.7397263422608 23854.087588571012 26007.515726268291 17589.217668689787 55618.450976930559 9318.5705874338746 2186.8743521012366 3415.2670487016439 24301.725994899869 8495.4720648005605 2617.5815461724997 9802.466659963131 27210.228745512664 12754.956719763577 11037.668370597064 559.74715629965067 86203.610339216888 30072.737038239837 72312.01268260181 7520.6642011404037 20558.844179093838 10082.311479598284 845.85383873432875 1706.4466242939234 69034.212177880108 1081.1713006943464 39.618774350732565 3849.9941788166761 11822.871324539185 12015.653168648481 45136.243003562093 10253.070709615946 2728.9782738685608 11306.637383624911 22497.119454152882 61.100358217954636 963.12126201763749 14.083255261182783 66.974236343055964 174.72297240793705 8025.3998540490866 3934.635311987251 452.68334652483463 2915.1673299521208 5778.658462844789 45188.703788161278 11149.792139098048
leaf_count=46557 228274 144019 129018 144330 39841 27494 10620 82338 20698 7904 60674 117475 105094 49590 2176 292567 102418 263757 23276 90761 29711 3407 9182 244433 1960 194 10082 44175 84437 131580 30293 8408 30463 82599 280 9957 51 478 1340 114481 48178 3229 12170 27311 128578 18071
internal_value=0.00264331 0.000565327 0.015319 0.00192512 0.012671 -0.00739683 0.000337502 0.00587611 0.000850159 0.000698081 0.0205004 -0.00589703 -0.00895445 -0.00452558 0.0104047 -0.000142938 -0.00182053 0.00141168 0.00927574 0.00795323 0.00343841 0.0197997 -0.00286755 0.00247488 0.00360649 -0.017984 0.00479731 -0.00311276 -0.00360763 0.00447081 0.00632101 0.0046004 0.00286354 0.00521129 -0.0183728 -0.00261692 0.0465281 0.102138 0.00677698 -0.020344 -0.0120156 0.0280031 0.0109826 0.0229594 0.00326104 0.00671124
internal_weight=742163 637639 104524 544631 86481.7 93007.9 388521 156110 351476 348060 19402.2 81476 40543.7 37045.2 67079.5 266326 128099 138227 59895.2 50576.6 81734.1 7184.26 40932.3 71651.8 65915.1 11531.9 128893 98026.5 39225.9 125043 58118.3 47865.2 66925.1 30017.8 11492.3 1280 316.881 128.075 188.806 10212.3 27788.7 18041.9 27216.9 6338.41 64834 19645.3
internal_count=3063929 2555080 508849 1808165 376602 746915 1358501 449664 1164892 1154272 107231 592640 381546 193609 269371 872224 439160 433064 236477 196636 282048 32894 211094 252337 169307 154275 355156 336742 201912 345074 170281 139988 174793 105875 154081 12106 2149 758 1391 141975 276452 132247 94508 29487 167347 38769
is_linear=0
shrinkage=0.035


Tree=75
num_leaves=47
num_cat=0
split_feature=75 17 17 17 107 17 72 17 123 10 109 5 106 50 75 7 17 22 129 7 7 5 112 142 142 73 70 6 141 50 115 124 7 93 36 96 21 89 75 36 10 3 10 21 93 7
split_gain=15077.2 5303.5 2809 2252.42 1344.47 1253.25 1134.94 746.108 715.115 654.196 540.871 526.066 454.081 443.569 442.522 416.015 391.664 343.105 341.423 317.788 315.291 314.124 320.98 405.791 384.172 332.092 516.976 292.84 289.947 288.135 301.223 286.012 283.641 283.04 278.672 271.725 271.347 267.244 265.94 261.989 250.031 372.85 293.96 259.651 281.992 248.8
threshold=0.076125711202621474 0.37446653842926031 0.70072525739669811 1.0000000180025095e-35 0.054931467399001128 0.58756005764007579 0.4072988629341126 0.66838845610618602 0.40177945792675024 0.40253517031669622 0.49913181364536291 1.1281778812408449 0.29641240835189825 1.0000000180025095e-35 0.044588079676032073 -0.3762653768062591 0.68507987260818493 1.1152438521385195 -0.068708509206771837 0.35569444298744207 0.50812992453575145 1.1961061358451845 0.62224116921424877 0.44571438431739813 0.56314489245414745 0.54022806882858287 -0.016045955941081044 0.39306172728538519 -0.32024364173412317 0.99490949511528026 0.62500000000000011 0.13084390014410022 0.18285956978797915 -0.060518976300954812 1.1988850235939028 0.0519815031439066 0.20707555115222934 0.74335461854934703 0.027847968041896824 0.66012796759605419 0.50498560070991527 0.10022674873471261 0.17917595058679583 0.82420018315315258 -0.37885223329067225 -0.37151309847831721
decision_type=2 2 2 2 2 2 2 2 2 2 2 2 2 2 2 2 2 2 2 2 2 2 2 2 2 2 2 2 2 2 2 2 2 2 2 2 2 2 2 2 2 2 2 2 2 2
left_child=2 3 4 6 14 12 9 18 13 10 11 19 29 15 33 -5 -7 37 38 -2 -9 22 -8 25 -25 26 -24 28 35 30 32 -19 -3 -1 -4 -10 -20 45 -6 -32 41 42 -30 44 -43 -17
right_child=1 5 34 8 7 16 21 20 27 -11 -12 -13 -14 -15 -16 17 -18 31 36 -21 -22 -23 23 24 -26 -27 -28 -29 40 -31 39 -33 -34 -35 -36 -37 -38 -39 -40 -41 -42 43 -44 -45 -46 -47
leaf_value=-0.018533156603449129 -0.0066556314677660546 0.0074273576238004183 0.028404516856451626 -0.0076512379215141115 0.02316434451461228 0.0076179301658290365 -0.015090258611040177 0.014005028943979564 -0.034308830611359302 -0.0010703799182724984 -0.020985989213358383 -0.013393944417830239 0.0074157740352595054 0.001691456088681305 0.015235036180462146 0.026296697459240424 0.020839996249267856 0.012426784120748425 -0.044528862836391923 0.00092761930350534333 0.028037061123462229 -0.023771536114612826 0.11203554867071369 0.094665606573250155 -0.01729440826143842 -0.012495137469171708 -0.0077811748755003554 0.013571089966770837 0.026730212126189336 -0.012164566606105548 0.0019163018854655572 -0.025804318005400888 -0.0020753157422587201 0.027210303247300366 0.00055018278691622475 -0.0033502478910229535 0.0014979991068809902 0.025691659288092954 0.0082598407655798955 0.00466004606423119 0.00064127645594490236 0.037132975330926202 0.0091797801523054584 0.034600012387754252 -0.0013606211380423052 -0.0017432944854242939
leaf_weight=164.6878304630518 27619.433328170329 4451.348669052124 17162.714494206011 16342.688210621476 1523.2586225122213 60720.275174498558 8385.6414912715554 19925.4523370713 414.13096136599779 26622.578923683614 3557.8406073711812 11453.179219201207 22717.839371614158 41711.34405515343 8551.7753401622176 382.69125138968229 2871.7684572115541 294.06650592386723 154.58916352689266 8962.5880657620728 2180.2832543924451 4624.754094555974 66.345141027122736 100.56204432249069 55.269621878862381 889.65857253596187 110.9053547270596 3495.2057837024331 1503.423679202795 1686.5586354881525 122754.37500473857 1214.851574473083 28125.672296047211 8886.0605710670352 452.46741560846567 2018.546492010355 6828.081410355866 432.72983168065548 37482.337934464216 65338.33770956099 14169.794236660004 236.12402285635471 5260.4689287990332 272.17319755256176 6268.2805118486285 141414.85201187432
leaf_count=956 216745 13292 129018 99087 6701 189903 106058 96328 250 139681 34535 105053 54882 185356 40109 1149 12170 419 128 74323 11527 62820 202 349 379 5965 805 10689 2573 5438 334070 1472 84294 59498 3229 5808 24687 455 136668 184925 34834 637 11701 241 17447 557073
internal_value=0.00255936 0.000546423 0.014961 -0.00255325 0.0123427 0.00383906 -0.00718239 0.0101119 -0.000735315 -0.00552711 -0.00782628 -0.00684889 0.00270284 -0.00152293 0.0209654 -0.00236057 0.00821708 -0.00175868 0.0075698 -0.00479765 0.0153966 -0.0162719 -0.0126486 0.00408127 0.0557332 -0.00372428 0.0392185 0.00398872 0.00287484 0.0022211 0.00233141 -0.0183281 -0.000775466 0.0263653 0.02769 -0.00869557 0.000440405 -0.00158207 0.00884559 0.00286957 0.00389258 0.00729256 0.0131023 0.00148596 6.837e-05 -0.00166645
internal_weight=739858 636546 103312 327880 85696.5 308666 92448.8 68094 235431 78215.6 51593 48035.2 245074 201793 17602.5 160082 63592 143739 45988.3 36582 22105.7 14233.1 9608.38 1222.74 155.832 1066.91 177.25 33638.1 30142.9 222356 220670 1508.92 32577 9050.75 17615.2 2432.68 6982.67 142230 39005.6 188093 27710.3 13540.5 6763.89 6776.58 6504.4 141798
internal_count=3063929 2555080 508849 1676106 376602 878974 746915 276039 929191 570337 430656 396121 676901 845011 100563 659655 202073 560568 168184 291068 107855 176578 113758 7700 728 6972 1007 84180 73491 622019 616581 1891 97586 60454 132247 6058 24815 558677 143369 518995 67433 32599 14274 18325 18084 558222
is_linear=0
shrinkage=0.035


Tree=76
num_leaves=47
num_cat=0
split_feature=75 17 17 74 17 107 5 17 48 36 99 75 22 3 17 98 3 129 89 14 40 28 36 129 110 7 96 7 6 7 106 75 140 97 96 48 106 7 36 22 125 6 7 10 92 3
split_gain=14241.6 4962.25 2752.7 1845.01 1480.26 1300.45 777.611 718.249 698.591 616.484 524.233 443.363 468.158 442.636 428.255 409.647 440.093 419.037 376.695 374.68 370.453 367.117 342.638 334.524 327.774 325.906 328.813 323.803 303.526 344.316 330.391 297.444 292.071 294.359 291.836 287.329 305.318 286.858 272.681 271.726 431.644 268.73 262.735 259.429 269.173 256.924
threshold=0.076125711202621474 0.31061333417892462 0.70072525739669811 0.19971223175525668 0.56247621774673473 0.054931467399001128 1.1766744852066042 0.65050083398818981 0.39170669019222265 0.20707555115222934 0.086544971913099303 0.21031963080167773 0.40690016746521002 0.10022674873471261 0.66838845610618602 0.79999998211860668 0.090617798268795027 -0.19854246824979779 0.6168709695339204 0.37446653842926031 0.3354459702968598 0.14931328594684604 1.0000000180025095e-35 -0.068708509206771837 -0.049335181713104241 0.50812992453575145 0.20810047537088397 0.37795858085155493 0.37287150323390966 0.25081019103527075 0.27501803636550909 0.044588079676032073 0.09823355078697206 0.045646110549569137 1.0000000180025095e-35 0.76330652832984935 0.1245204731822014 0.53609806299209606 1.1988850235939028 1.0000000180025095e-35 -0.20352824777364728 0.39410215616226202 -0.066759269684553132 0.71388667821884166 0.14595288783311847 0.11288097128272058
decision_type=2 2 2 2 2 2 2 2 2 2 2 2 2 2 2 2 2 2 2 2 2 2 2 2 2 2 2 2 2 2 2 2 2 2 2 2 2 2 2 2 2 2 2 2 2 2
left_child=2 3 5 8 15 13 22 23 9 11 -10 12 -2 31 28 35 17 -17 24 -13 -12 -11 -5 45 43 -9 -27 -24 30 -30 42 -1 33 -18 -34 36 -3 -8 -4 40 -26 -23 -6 -19 -45 -7
right_child=1 4 38 6 14 7 37 25 10 21 20 19 -14 -15 -16 16 32 18 -20 -21 -22 41 27 -25 39 26 -28 -29 29 -31 -32 -33 34 -35 -36 -37 -38 -39 -40 -41 -42 -43 -44 44 -46 -47
leaf_value=0.026788513712073948 0.0039147309139693377 -0.0035482624547895675 0.028099673547092117 -0.012470191792597639 0.011820501025067497 0.0091076349221201128 -0.02050786669408208 0.012560502502772408 0.0057585710588612541 0.0011312989409872039 0.00097173723447391269 -0.0078532314425682499 -0.0056882365775005614 0.0034120844341303676 0.015228469939129834 0.011032247507204307 0.0038590917736834882 0.0090371752257867814 0.028370594997697052 0.0012836490783631421 -0.0072002359144294091 -0.00497327877272796 -0.006606964514618523 -0.0017726574718708622 0.031859719636169757 0.027495570843908856 -0.036124438523699308 0.0054961885959542633 0.0054919708449724935 0.011864336953262986 0.016917625507926679 0.017047366892191773 -0.028758064355946963 6.7275954079746653e-05 -0.0029700114433678423 0.006740634964586361 0.00083965889263787959 0.0033178330681746439 0.00053142459719954986 0.0020633614973571248 -0.029914647474536222 0.0041684014332167285 0.0023195622045462968 -0.053867788853485893 0.0092656109685706131 -0.00016625986827271914
leaf_weight=8593.6406892463565 11440.154076419771 24926.152786105871 16749.101428944618 10699.179181829095 3986.5154777616262 26398.489880383015 8745.1493905447423 29014.329252280295 21405.774184480309 46411.873977400362 25544.226053446531 51561.73527258262 13611.185853384435 1666.2343100383878 7196.3262948617339 12930.282684057951 56921.259404599667 12208.950011044741 749.71052376925945 6150.5337637886405 9251.2454268820584 28313.88695140928 17909.134825609624 5203.034460619092 167.30527506768703 2662.2577471584082 98.265571542084217 3184.48124961555 22793.809574872255 19120.392328590155 2324.7339795604348 7049.7202718257904 577.76316092908382 44838.11086255312 6845.4577471613884 7978.9257691651583 87942.712888598442 663.81619055569172 452.25891554355621 30061.416492059827 695.58036561310291 4569.8395717851818 33452.743091449142 160.02494288980961 161.50655722618103 4245.8418439179659
leaf_count=59234 15730 88425 129018 119209 12113 95924 118528 134328 92317 198454 131127 273046 58924 6055 28462 32101 157024 31894 1445 31649 54833 132561 167258 17611 85 13978 484 29987 70534 60464 6765 35274 183 140318 19483 24566 243436 9922 3229 86038 420 23044 94111 264 360 13714
internal_value=0.00247774 0.000528045 0.0146085 -0.0031952 0.00309707 0.0120209 -0.00998768 0.00982787 -0.00191268 -0.00307875 0.00144955 -0.00519165 -0.00130263 0.0205812 0.00704424 0.00187531 0.00300211 0.00549089 0.00386851 -0.00687931 -0.0012016 -0.000873107 -0.00736898 0.00642964 0.00344172 0.0136594 0.0251543 -0.00477831 0.00632199 0.0084004 0.00413003 0.0224074 0.00169943 0.0021885 -0.00499993 0.000324397 -0.000129437 -0.018825 0.0273758 0.00150577 -0.0177898 -0.00370207 0.00333318 0.00821581 -0.0225401 0.00782265
internal_weight=737635 635502 102133 259462 376040 84931.8 41201.8 67622.2 218260 162059 56201.2 82763.6 25051.3 17309.6 88874.5 287165 166317 57134.8 44204.5 57712.3 34795.5 79295.6 31792.8 35847.4 43454.8 31774.9 2760.52 21093.6 81678.2 41914.2 39764 15643.4 109183 101759 7423.22 120848 112869 9408.97 17201.4 30924.3 862.886 32883.7 37439.3 12530.5 321.532 30644.3
internal_count=3063929 2555080 508849 1456589 1098491 376602 444904 276039 1011685 733408 278277 379349 74654 100563 272449 826042 469615 152607 120506 304695 185960 354059 316454 127249 119061 148790 14462 197245 243987 130998 112989 94508 317008 297342 19666 356427 331861 128450 132247 86543 505 155605 106224 32518 624 109638
is_linear=0
shrinkage=0.035


Tree=77
num_leaves=47
num_cat=0
split_feature=75 17 17 17 17 107 74 89 95 27 3 74 17 106 17 95 58 22 14 51 129 116 129 74 7 141 2 7 121 125 3 129 7 143 26 112 78 2 66 96 7 36 74 129 126 7
split_gain=13463 5088.97 2241.03 2060.61 1407.77 1244.82 1083.27 674.94 550.107 627.688 538.993 515.079 490.024 464.485 444.523 406.57 393.399 362.975 353.021 350.742 332.365 331.807 326.578 319.971 310.172 375.059 420.811 543.518 462.91 588.117 306.583 298.437 358.875 727.419 285.747 310.882 333.99 799.558 277.155 593.998 272.99 269.134 255.623 264.821 253.83 358.216
threshold=0.069550991058349623 0.37446653842926031 0.70072525739669811 1.0000000180025095e-35 0.58756005764007579 0.086326103657484068 0.35535739362239843 0.66327300667762767 0.58756631612777721 1.0000000180025095e-35 0.097519297152757659 0.0027461076388135557 0.65050083398818981 0.29641240835189825 0.68507987260818493 0.65078115463256847 1.0000000180025095e-35 1.2091473340988161 0.31061333417892462 0.70072525739669811 -0.06305289268493651 0.36465089023113256 -0.27125689387321467 0.0011149210622534158 0.22474335134029391 -0.2221087962388992 -0.036910150200128548 0.24944926798343661 0.044420231133699424 -0.027202259749174115 0.08512731641530992 -0.31304390728473658 0.22898191958665851 0.36600509285926824 0.68507987260818493 0.64809393882751476 0.3354459702968598 -0.60184401273727406 -0.15565542131662366 0.11253800243139268 0.051346804946661002 1.2040648460388186 0.070843391120433821 -0.11839924752712248 0.0021718963980674748 0.24380346387624743
decision_type=2 2 2 2 2 2 2 2 2 2 2 2 2 2 2 2 2 2 2 2 2 2 2 2 2 2 2 2 2 2 2 2 2 2 2 2 2 2 2 2 2 2 2 2 2 2
left_child=2 3 5 6 13 10 8 11 9 -2 19 22 20 23 -6 18 24 42 -13 -1 -7 34 30 -3 40 26 -26 28 29 -28 -5 -27 33 -33 35 -8 37 -37 39 -34 -10 -4 43 -17 45 -40
right_child=1 4 41 7 14 12 21 -9 16 -11 -12 15 -14 -15 -16 17 -18 -19 -20 -21 -22 -23 -24 -25 25 31 27 -29 -30 -31 -32 32 38 -35 -36 36 -38 -39 44 -41 -42 -43 -44 -45 -46 -47
leaf_value=0.018627534262617672 -0.011337925082791097 -0.00069485356180296596 0.027939246854787124 0.0101730754873286 0.0073820718332348826 0.0071914933396355681 -0.020297949885459812 0.009453399593529881 -0.0015149678185458794 -0.001897301238222016 0.0037209507529292513 -0.0022863579542834137 0.012782202187067361 0.0071329426230450216 0.019076138027646732 0.0058850179861023354 0.0034936302044379342 -0.026258096722895811 0.0015955448234494219 0.029370145182255652 -0.0056119470350386698 0.074380900379707779 -0.0057780509112894396 0.0026890006819556486 -0.0059755165541849689 -0.014609111392097852 0.055046903766435437 0.00061327982389768748 0.093065786072897366 -0.018227113899302684 -0.003970141169236034 0.004864717747057397 -0.030567715681477637 0.11598336426899417 0.028937541652642972 0.16646884162866196 -0.0078030528045133175 -0.013414599147675966 -0.028371940495390428 0.0001398617691563138 -0.011068333797622247 -0.00091162256518817323 -0.0012204607972315688 -0.0029439185671642169 0.0081749193687884244 0.0025829764323552187
leaf_weight=15862.932150892913 27196.363518226892 42093.483457356691 15927.21800898388 3318.3348041027784 69782.738026611507 17876.858022615314 9622.3707305751741 7829.1804639399052 5559.6023348085582 12642.033985078335 2425.202511228621 97009.836576916277 23706.54279371351 24477.477147147059 4221.2927451506257 28393.905991666019 9941.7024531923234 520.33526510745287 40744.871959418058 4903.7025818303227 2878.9449148401618 42.542099893093109 36356.729983024299 183126.95411092788 942.01663609594107 2291.1867338605225 362.58089039474726 643.17400794103742 177.23783911764622 206.99823189526796 4307.7890060096979 294.02660731598735 1128.9126600474119 89.972294174134731 154.7820919752121 41.186424769461155 1123.9827374629676 81.987196195870638 653.90889639034867 2409.0527371279895 10766.159622851759 405.19644084572792 12844.179330401123 4871.0798107460141 3753.982157535851 1492.2462413944304
leaf_count=92775 276452 113835 126329 6913 224970 62955 140374 17931 47607 105094 9296 452003 111380 60994 20028 73661 54932 298 181173 31235 9877 194 133836 517137 4179 8477 321 4581 175 316 11825 728 1794 121 1604 202 11148 753 830 16647 46948 2896 41804 13522 15717 8062
internal_value=0.00239846 0.000698223 0.0155867 -0.00237556 0.00381107 0.0127754 -0.00683091 -0.000647215 -0.00541926 -0.00834306 0.0193493 -0.000993775 0.00934401 0.00255435 0.00805073 -0.000181839 -0.00255722 0.00264276 -0.00113809 0.0211724 0.00541406 -0.0170965 -0.00439687 0.00205652 -0.00451275 -0.000775719 0.0120587 0.0242601 0.0444465 0.0284898 0.00218597 -0.00325202 -0.00059458 0.0323065 -0.0174905 -0.0181681 -0.00170973 0.051605 -0.00195379 -0.00969117 -0.0078173 0.0272229 0.00297246 0.00459161 0.00268951 -0.00689737
internal_weight=735503 651516 83986.6 327814 323702 67654.2 91618 236196 80551.2 39838.4 23191.8 228367 44462.3 249698 74004 184384 40712.8 46629.5 137755 20766.6 20755.8 11066.9 43982.9 225220 30771.1 14445.3 2332.01 1389.99 746.817 569.579 7626.12 12113.3 9822.1 383.999 11024.3 10869.5 1247.16 123.174 9438.1 3537.97 16325.8 16332.4 46109.2 33265 5900.14 2146.16
internal_count=3063929 2617186 446743 1680222 936964 317518 747256 932966 592981 381546 133306 915035 184212 691966 244998 762461 211435 129285 633176 124010 72832 154275 152574 630972 156503 61948 9572 5393 812 637 18738 52376 43899 849 154081 152477 12103 955 43050 18441 94555 129225 128987 87183 24609 8892
is_linear=0
shrinkage=0.035


Tree=78
num_leaves=47
num_cat=0
split_feature=75 17 17 72 17 107 74 59 71 48 26 17 7 106 36 106 98 51 6 17 109 6 7 7 6 7 104 6 7 6 75 105 52 7 96 1 126 66 7 141 112 124 7 75 70 68
split_gain=12729.3 4746.83 2198.13 1946.3 1333.3 1206.02 889.001 598.755 598.567 525.296 516.886 463.358 458.392 454.806 470.904 450.182 486.443 388.698 368.728 358.169 353.305 352.966 876.503 457.848 451.865 405.317 351.66 332.743 329.522 369.883 328.081 323.289 318.583 385.32 308.585 705.503 673.732 412.671 396.793 442.762 435.871 429.788 395.81 379.568 423.816 352.471
threshold=0.069550991058349623 0.37446653842926031 0.70072525739669811 0.18897622823715213 0.61035025119781505 0.1003679856657982 0.50449839234352123 1.0000000180025095e-35 -0.073447287082672105 0.2834331095218659 0.37446653842926031 0.63123199343681347 0.52361816167831432 0.25872252881526953 0.4567199051380158 0.2610385417938233 0.80000004172325145 0.70072525739669811 -0.29239469766616816 0.68507987260818493 0.62352082133293163 0.373243197798729 0.40570861101150518 0.20370446145534518 0.030925905331969265 0.24743579328060153 -0.002927208435721695 0.38939373195171362 0.24491057544946673 0.033700782805681236 0.54157263040542614 -0.011649170890450476 0.65032026171684276 -0.27292747795581812 1.0000000180025095e-35 0.057936275377869613 -0.0060946494340896598 0.028898844495415691 0.24380346387624743 -0.23100593686103818 0.438973218202591 0.2627608478069306 0.24796082824468615 0.14883446693420413 0.00021448512416100132 -0.0037162509979680176
decision_type=2 2 2 2 2 2 2 2 2 2 2 2 2 2 2 2 2 2 2 2 2 2 2 2 2 2 2 2 2 2 2 2 2 2 2 2 2 2 2 2 2 2 2 2 2 2
left_child=2 3 5 9 15 8 7 10 -1 13 12 31 -5 14 20 21 -17 -10 -9 -6 -2 24 23 27 25 -3 -15 -23 -20 -30 -18 -7 33 -11 35 37 -37 38 39 -28 45 43 -38 -42 -45 -41
right_child=1 4 -4 6 19 11 -8 18 17 32 -12 -13 -14 26 -16 16 30 -19 28 -21 -22 22 -24 -25 -26 -27 34 -29 29 -31 -32 -33 -34 -35 -36 36 42 -39 -40 40 41 -43 -44 44 -46 -47
leaf_value=0.0058516151485739423 -0.0045759401097572351 0.001736161023648258 0.026909135647891443 -0.010667935842978385 0.0079684697052838666 -0.023058697382024894 -0.020125931544704264 0.04749918073283594 0.018002854416297124 -0.0031523908118826563 -0.0017267283765002926 0.011268573565901399 0.0027755647761641498 -0.0029155481934016732 0.00091928626466952139 0.0013407865702431674 0.0081959005256909967 0.029023654812567419 -0.0045647990045277085 0.018676152858474404 -0.022232319761124192 -0.0081760834649395268 0.013504925953933876 0.001065437386366523 -9.7023012088719358e-05 0.011302900211394252 0.034558524054011282 0.0080147022508917955 0.050697219904391924 0.0027525788650904852 0.030477822484063059 0.0044305176542295032 -0.0041115994700030049 0.0036825257388918503 0.00088325586127327633 -0.006433284542341179 0.051116980603922724 -0.020869733665986628 0.021195536385045063 -0.0061367141393702512 -0.032430570711320911 -0.043952608504553688 0.0096769004640821984 0.023718833734380346 -0.017669620934203403 0.042224356468305288
leaf_weight=4015.8815254867077 65396.127567250282 14605.342119067907 15951.541114628315 40488.398095738143 47564.110329717398 540.63825114071369 5683.9242057725787 181.87260525673628 17116.755202800035 12234.145489916205 13162.712784081697 27511.728849969804 3361.7857207097113 26083.616685591638 22325.178246531636 17132.93795042485 25926.315659813583 5118.5567764863372 16741.080846570432 4161.9804505333304 1413.1884268820286 1673.2792965918779 9941.4677648991346 65772.974921837449 105971.28390773386 8630.0376671105623 379.00548160821199 21103.122860848904 195.97608188539743 8305.9924250282347 830.92564003169537 12703.305965200067 10260.611998237669 57883.990678571165 35979.445005476475 538.15268886089325 1008.3333952724934 798.74606801569462 1482.114495486021 370.7709379196167 452.21487858891487 441.89760833978653 396.54611790180206 661.70266084372997 549.11562512814999 358.58022919297218
leaf_count=17152 311884 41429 129225 345622 161118 1848 80461 899 98972 69182 85612 123745 29115 69542 103602 40871 66353 32726 128292 20028 9234 5292 28746 200802 296897 12354 109 61008 415 56074 2066 43075 47010 226826 114021 187 275 321 366 154 150 179 130 218 232 110
internal_value=0.00232157 0.00067477 0.0152325 -0.00229762 0.00368231 0.0124505 -0.00674355 -0.00581935 0.0183014 -0.000658296 -0.00781115 0.00867947 -0.00963685 -0.00182627 -0.00348101 0.00270126 0.00594684 0.0205474 -0.00135182 0.00883227 -0.00495151 0.00207547 0.00365378 0.00254684 0.000872188 0.0052918 0.000295948 0.00682301 -0.00171533 0.00389374 0.00889485 0.00329777 0.00164666 0.00248968 0.00222567 0.00871287 0.0268053 0.00229054 0.00625386 -0.000661867 -0.00543774 -0.0135138 0.0395171 -0.00529152 0.00494708 0.0177783
internal_weight=733407 650449 82958.4 327135 323314 67006.9 88121.7 82437.8 26251.2 239013 57012.9 40755.7 43850.2 158635 89134.5 271588 43890.2 22235.3 25424.9 51726.1 66809.3 227698 98490.8 88549.4 129207 23235.4 69500.2 22776.4 25243 8501.97 26757.2 13243.9 80378.7 70118.1 43416.6 7437.18 1943.03 5494.15 4695.4 3213.29 2834.28 2104.93 1404.88 1663.03 1210.82 729.351
internal_count=3063929 2617186 446743 1680222 936964 317518 726490 646029 148850 953732 460349 168668 374737 610714 424720 755818 109290 131698 185680 181146 321118 646528 295848 267102 350680 53783 185994 66300 184781 56489 68419 44923 343018 296008 116452 2431 592 1839 1518 1152 1043 779 405 600 450 264
is_linear=0
shrinkage=0.035


Tree=79
num_leaves=47
num_cat=0
split_feature=75 17 17 17 17 107 72 109 123 3 7 17 5 112 48 81 3 17 51 6 90 14 25 39 48 107 22 124 96 79 79 3 10 68 10 96 127 7 39 37 22 96 124 110 107 98
split_gain=12031.4 4427.88 2154.26 1864.17 1254.57 1164.76 1012.23 689.012 636.784 509.649 493.88 464.364 441.556 433.096 404.684 384.921 597.316 343.542 342.577 336.109 331.552 313.045 536.423 301.997 284.253 281.04 315.01 314.965 273.19 448.018 261.612 261.043 487.741 261.622 261.679 279.004 254.415 246.383 244.077 242.102 236.595 232.979 558.266 460.672 280.923 256.873
threshold=0.069550991058349623 0.37446653842926031 0.70072525739669811 1.0000000180025095e-35 0.61035025119781505 0.086326103657484068 0.52142679691314708 0.49913181364536291 0.40177945792675024 0.10022674873471261 0.44669444859027868 0.66838845610618602 1.0900513529777529 0.57923510670661937 0.39170669019222265 0.70000001788139354 0.091897182166576399 0.68507987260818493 0.70072525739669811 -0.17736332118511197 0.010860043112188579 0.37446653842926031 1.0000000180025095e-35 0.50316895544528972 0.82538226246833812 0.47872313857078558 1.1152438521385195 0.1338731646537781 0.43132111430168157 1.146727502346039 1.1942191123962405 0.10565354675054552 0.37376695871353155 -0.057676810771226876 0.71388667821884166 0.036261685192584998 0.22138892859220508 0.23157240450382235 1.0000000180025095e-35 1.0492934584617617 1.0776907801628115 1.0000000180025095e-35 0.1727302968502045 -0.012687308248132466 0.28191246092319494 0.8125000298023225
decision_type=2 2 2 2 2 2 2 2 2 2 2 2 2 2 2 2 2 2 2 2 2 2 2 2 2 2 2 2 2 2 2 2 2 2 2 2 2 2 2 2 2 2 2 2 2 2
left_child=2 3 5 6 15 9 7 10 14 18 12 -7 -2 38 21 24 20 -6 30 -16 -17 22 25 -12 41 26 -5 -28 -18 -30 -1 32 -10 -34 -35 -36 -22 -21 -14 -15 -33 42 45 -44 -43 -3
right_child=1 4 -4 8 17 11 -8 -9 31 -11 23 -13 13 39 19 16 28 -19 -20 37 36 -23 -24 -25 -26 -27 27 -29 29 -31 -32 40 33 34 35 -37 -38 -39 -40 -41 -42 44 43 -45 -46 -47
leaf_value=0.018126636907420116 -0.0035220123305456531 -0.058742256731341105 0.026593421542666341 0.00070651776641268607 0.0077246131578009537 0.0060520415899292038 -0.01858056839446726 -0.018347751445681185 0.015326620210922405 0.0028519876902005628 0.00024472787917098485 0.013515724621896591 -0.015900676157897416 -0.0039125025484870596 0.020332770040315602 0.011671781916015556 0.0020729968182473819 0.018280464630205828 0.028658212345751603 -0.0010980039541591178 0.0045393137841368003 0.001469030329033835 -0.0058029609201705945 0.017377123946067313 0.0080726509920164731 -0.0045618891362906649 0.022182514810056425 -0.033525291949462861 -0.014015652188390435 0.048379292680066834 -0.054510085200401522 -1.4830283148631901e-05 -0.015387592849902624 0.0077048793772065815 -0.033625701006603233 -0.00043960223270969443 0.016795330392776513 0.0035646827148810229 -0.0058627290329621943 0.077148282716602651 0.030296853752025073 0.0037748277898126633 -0.025801503128879931 0.0085473872277149598 -0.00099431142741659832 -0.014799327251881735
leaf_weight=15472.499051965773 44859.92277142033 340.4649151712656 15582.609728153795 48620.908898018301 47352.36491446197 27684.343594074249 7746.8205398842692 4710.4338586814702 5554.0959615409374 2265.8310400918126 7622.0314284078777 16199.152418874204 10705.970653578639 9419.1239843331277 1085.8915443643928 10253.499064989388 108907.0295374915 4104.4065387398005 4704.4700711667538 35358.349424250424 66415.02870029211 22185.183674730361 50432.318975158036 1504.3997133523226 5777.7843526899815 19966.469867929816 152.01583898067474 595.48389686644077 2185.9789587557316 144.78628386557102 55.285575971007347 15961.013886615634 885.61686010658741 8243.8913055807352 337.18398387730122 3250.442777723074 2137.3649867773056 22847.342832528055 4122.3313430547714 39.354185983538628 315.7917902469635 21472.339071854949 668.10113835334778 1640.5852695554495 51182.044485285878 319.03221800923347
leaf_count=93269 330541 123 129225 168611 161118 102631 106092 47189 12210 8636 62290 81581 112236 42459 3829 27330 305113 20028 31368 161801 180896 95217 218826 8830 17214 103892 166 446 4803 39 33 43608 2363 19480 141 9470 5363 92702 37469 150 204 60107 195 421 154115 99
internal_value=0.00224695 0.000652102 0.0148823 -0.00222182 0.00355827 0.0121309 -0.00648492 -0.00535438 -0.000581262 0.0186061 -0.00457099 0.00880886 -0.00558103 -0.00938206 -0.00133493 0.00260824 0.00347081 0.0085688 0.0203687 0.0010934 0.00580202 -0.00234928 -0.00305668 0.00307935 0.000594203 -0.00105865 0.000358405 -0.0220982 0.00181897 -0.0100217 0.0178465 0.00380811 0.00667898 0.00289606 0.00427248 -0.00361198 0.004923 0.000732258 -0.0131142 -0.00352561 0.000583667 2.21175e-05 -0.00957909 -0.00143003 0.000415239 -0.0378231
internal_weight=731387 649423 81964.2 326522 322901 66381.6 90730.4 82983.6 235792 22498.1 78273.1 43883.5 69146.7 24286.8 201244 271444 190044 51456.8 20232.3 59291.6 78805.9 141952 119767 9126.43 81400.4 69334.9 49368.4 747.5 111238 2330.77 15527.8 34548 18271.2 12717.1 11831.5 3587.63 68552.4 58205.7 14828.3 9458.48 16276.8 75622.6 2968.18 2308.69 72654.4 659.497
internal_count=3063929 2617186 446743 1680222 936964 317518 747256 641164 932966 133306 593975 184212 522855 192314 845490 755818 523544 181146 124670 258332 213589 587158 491941 71120 232274 273115 169223 612 309955 4842 93302 87476 43664 31454 29091 9611 186259 254503 149705 42609 43812 215060 838 616 214222 222
is_linear=0
shrinkage=0.035


Tree=80
num_leaves=47
num_cat=0
split_feature=75 17 17 17 72 107 95 26 3 129 74 18 17 66 17 51 7 7 7 6 6 95 6 6 44 6 36 6 6 7 7 105 109 105 7 36 7 107 21 59 51 7 21 48 7 6
split_gain=11368.1 4152.53 2109.55 1795.51 1269.43 1124.65 727.928 802.409 625.357 504.471 542.656 501.305 471.247 450.506 429.086 401.427 353.68 566.769 695.545 677.446 644.61 551.955 506.579 442.866 366.321 353.051 347.207 341.295 319.441 347.146 306.508 305.215 302.727 299.708 284.072 276.665 272.545 308.42 281.539 270.975 268.586 265.992 264.256 263.274 340.415 429.586
threshold=0.069550991058349623 0.22396993637084964 0.70072525739669811 0.56247621774673473 0.48794487118721014 0.1003679856657982 0.60885444283485424 0.22396993637084964 0.097519297152757659 -0.34506142139434809 1.0000000180025095e-35 0.31061333417892462 0.66838845610618602 0.085192151367664351 0.63123199343681347 0.70072525739669811 -0.3762653768062591 0.20645257085561755 0.23893519490957263 0.029085938818752769 0.092232167720794692 0.20382595062255862 0.39254590868949896 0.11745913326740266 0.8230096995830537 0.37223149836063391 0.20707555115222934 -0.17736332118511197 0.37287150323390966 0.25081019103527075 0.35569444298744207 0.005532861454412342 0.62352082133293163 -0.011649170890450476 -0.35478727519512171 1.1988850235939028 -0.066759269684553132 0.19351200014352801 1.4237452149391177 0.31061333417892462 1.0000000180025095e-35 0.37795858085155493 0.62490582466125499 1.0000000180025095e-35 0.23985957354307177 0.47453671693801885
decision_type=2 2 2 2 2 2 2 2 2 2 2 2 2 2 2 2 2 2 2 2 2 2 2 2 2 2 2 2 2 2 2 2 2 2 2 2 2 2 2 2 2 2 2 2 2 2
left_child=2 4 5 9 6 8 7 11 15 13 -11 -2 28 -3 33 31 23 22 20 -20 -19 -21 25 -12 -23 34 43 -9 36 -30 -6 -1 -13 -7 -18 39 -5 -38 -39 -4 -31 -29 -26 44 45 -8
right_child=1 3 35 12 30 14 26 27 -10 10 16 32 -14 -15 -16 -17 17 18 19 21 -22 24 -24 -25 42 -27 -28 41 29 40 -32 -33 -34 -35 -36 -37 37 38 -40 -41 -42 -43 -44 -45 -46 -47
leaf_value=0.017982920805302366 -0.014467438013771348 0.010975905891979212 0.019833579733668137 0.011515338712090432 -0.017940565037918056 -0.022269565059312657 -0.0091460565974687755 0.024088569525920978 0.0020781498145670749 -0.0017609397344736486 -0.0068830455159561493 -0.0055232104229195342 0.013753690467881221 -0.025189761579848955 0.010690895944862151 0.028141989903933431 0.01397166403010245 -0.014967839785057507 0.013037873773340836 -0.0064846491326837983 -0.0013993115474321923 0.0019679433637423346 0.0087964613921605699 0.0043997400561716247 0.019068166557267677 -0.0036179893145767668 0.001504074524350569 -0.00372174816454413 0.0048867164006408358 0.0061457945964918928 -0.003292032865841941 -0.0041874537494319868 -0.023152906385871943 0.0040892494825897222 0.0031731451881942736 -0.0014974029743098037 0.0071666382066263943 0.00066598165521434139 -0.063598942220595714 0.030209609712606923 0.014089692932150939 0.0029464710836152809 -0.041030064508991916 0.0018977268540819085 0.00027874605524504955 0.028080411262420571
leaf_weight=16758.161932401359 12889.018941368908 8896.6097714006901 4482.9532763324678 4704.4843304306269 9286.2304345183074 545.4932509958744 15332.520679444075 595.44238775968552 2840.7843988910317 69126.287623904645 12240.971360996366 29447.070501010865 9945.3813305273652 437.22259023785591 27090.536577731371 5118.6244368292391 3185.3688053041697 4800.6969773620367 6653.3337890654802 9600.0630100518465 39872.672428928316 127237.21596186608 23383.795096538961 6529.9924027472734 2067.0392586439848 9131.2731881812215 42364.673725921661 38224.179141901433 24590.037949092686 8642.1833997294307 2161.4155025333166 794.02361184358597 1238.7302463799715 12627.609170086682 46301.502647794783 425.84922984242439 12327.443858169019 26318.291104510427 77.771834641695023 10316.285371638834 13214.696163840592 9059.4776501767337 88.082354858517647 8929.8764918744564 9098.0252091959119 383.57522622868419
leaf_count=99668 150536 19124 37772 14562 113051 1848 55847 3888 11085 199345 59375 213453 43311 1227 123745 34028 9133 8343 10342 41226 118383 391517 72236 24928 5722 30223 178990 267335 77723 27705 28586 4069 10660 43075 141989 3196 39376 73158 31 88257 43645 57547 321 47764 35142 1442
internal_value=0.00217466 0.000630185 0.0145367 0.00235996 -0.00390525 0.011817 -0.00313449 -0.00523886 0.0175667 0.00123483 0.00102656 -0.00867515 0.00652501 0.00926578 0.00817158 0.0195061 0.00168856 0.0020089 0.000960682 0.00213254 -0.00285943 0.00160991 0.00444136 -0.0029574 0.00221082 0.00270316 -0.000605512 -0.00211061 0.00572413 0.00774197 -0.0151787 0.0169784 -0.00623956 0.00298744 0.00387001 0.0262764 0.00356506 0.00259732 0.000461894 0.0270764 0.0109516 -0.00244373 0.0165007 -0.0032541 -0.00510845 -0.00822656
internal_weight=729383 648383 81000.3 469372 179010 65775.2 167563 91453.9 25511.6 369552 360218 43574.8 99820.3 9333.83 40263.6 22670.8 291092 272321 190319 145646 44673.4 138992 82001.9 18771 129392 58618.1 76108.7 47879.1 89874.9 46446.9 11447.6 17552.2 30685.8 13173.1 49486.9 15225.1 43428 38723.5 26396.1 14799.2 21856.9 47283.7 2155.12 33744 24814.1 15716.1
internal_count=3063929 2617186 446743 1452945 1164241 317518 1022604 703419 148850 1133434 1113083 374649 319511 20351 168668 137765 913738 829435 575854 449128 126726 438786 253581 84303 397560 181345 319185 328770 276200 149073 141637 103737 224113 44923 151122 129225 127127 112565 73189 126029 71350 324882 6043 140195 92431 57289
is_linear=0
shrinkage=0.035


Tree=81
num_leaves=47
num_cat=0
split_feature=75 72 107 3 74 3 107 58 6 59 5 6 4 115 96 111 138 109 7 67 74 10 105 105 89 7 7 6 6 10 7 112 7 2 123 129 140 7 48 113 140 1 94 132 93 63
split_gain=10739.1 3852.91 1617.78 1117.78 1041.34 962.195 783.052 708.348 681.349 623.609 603.032 577.199 538.892 458.015 603.898 1002.12 667.569 508.274 452.404 449.778 442.658 438.208 546.107 440.777 421.312 402.484 443.051 463.331 489.598 390.661 387.78 363.558 336.059 380.461 491.968 328.472 323.942 353.914 340.929 332.314 395.33 496.523 302.023 298.764 293.305 356.387
threshold=0.069550991058349623 0.13349740207195285 0.14620486646890643 0.10436459630727769 0.50449839234352123 0.093183934688568129 0.20130124688148501 1.0000000180025095e-35 0.37287150323390966 0.31061333417892462 1.2391905188560488 0.46845349669456487 0.3354459702968598 0.84999999403953563 1.0000000180025095e-35 0.031120826490223411 -0.0021158112213015552 0.14946590363979342 0.40570861101150518 -0.018123024143278595 0.0011149210622534158 0.2484906688332558 -0.0078690536320209486 0.0063819820061326036 0.773259997367859 0.50812992453575145 0.26562823355197912 0.36071938276290899 0.019839516840875152 0.34011973440647131 0.44669444859027868 0.46369962394237524 0.22474335134029391 -0.075725376605987535 0.12397171556949617 -0.20113097131252286 -0.16596817225217816 0.39208520948886877 0.82181063294410717 0.077868115156888976 -0.27728280425071711 1.0000000180025095e-35 0.045685729011893279 0.39999996125698095 -0.060518976300954812 -0.086761027574539171
decision_type=2 2 2 2 2 2 2 2 2 2 2 2 2 2 2 2 2 2 2 2 2 2 2 2 2 2 2 2 2 2 2 2 2 2 2 2 2 2 2 2 2 2 2 2 2 2
left_child=2 3 5 6 7 9 21 10 13 -1 12 20 31 14 15 16 19 29 -10 -8 -5 -2 -23 -24 35 26 27 28 -11 -18 -9 -3 -33 -34 -35 -16 39 -38 -39 40 -22 -42 -17 -36 -15 -46
right_child=1 4 -4 11 -6 -7 8 30 18 25 -12 -13 -14 44 24 42 17 -19 -20 -21 36 22 23 -25 -26 -27 -28 -29 -30 -31 -32 32 33 34 43 -37 37 38 -40 -41 41 -43 -44 -45 45 -47
leaf_value=0.015241715699365581 0.011042625643099515 -0.0094035726837496721 0.0079688306233255731 -0.0028858580567798428 -0.019180650625186039 0.0038099180852188691 -0.0037298383693269285 -0.00167250792797277 0.0040968807036681583 0.024031029221108387 -0.013221444104853942 0.0073332743516740517 -0.0016913630284812649 0.0076643058203268687 0.0053086323713394555 -0.020517174364614733 0.045444320602184902 -0.021742860685994483 0.012438758977772128 -0.050510118386079716 -0.016960680293550273 -0.006503419516751055 0.0079426644328799718 -0.0023424361139218514 0.037803945804098321 0.031696116734445737 0.0087388042496976941 0.030222853625641168 0.0060805458259177783 0.00098889499840197951 0.0065104659030491702 -0.0073105930126302291 -0.0082059528164340981 0.12843841575161816 0.0075527318245548047 -0.0024771649860593531 -0.00023760163117250499 0.0020036476172402315 0.010320059335529553 0.0040301295030162627 0.0052327257639495067 0.047006210222968789 -0.065988992485228062 0.098580570837404721 -0.0056188833493795052 0.0036321183466433813
leaf_weight=19770.604094583541 23012.692288473248 29446.453072659671 31208.950449697673 45700.827169895172 5481.1982772164047 5119.9476172477007 515.92862927913666 42450.987130369991 56977.902310907841 5451.9282772243023 10724.73060746491 14849.372710444033 43949.23303200677 12878.826041333377 8161.4563901424408 283.8107623308897 509.89004267752171 408.31925550103188 9256.9750263616443 488.49567548930645 267.44772323966026 4471.3412801548839 33794.568854026496 6007.9922699853778 339.13089670240879 5803.5538364723325 2993.2938534170389 6881.6544584222138 2834.6167377457023 457.64727330207825 8511.1839308291674 8101.5147969871759 2202.3656628876925 36.445918761193752 3974.5840438865125 35432.341760754585 148747.48307018727 49090.100271597505 6881.3583421781659 5509.6995993033051 613.14323130249977 808.44571823626757 518.0208116620779 38.737378522753716 6888.8734853416681 19602.263025090098
leaf_count=118734 71244 207494 137348 135326 80654 20779 155 263000 182142 37563 99889 47639 288727 33133 22176 91 107 119 30818 162 431 11177 99458 15653 224 43620 18236 54245 16218 116 43538 46312 10928 53 15288 114451 500719 178571 21739 18166 647 600 192 80 21356 54611
internal_value=0.0021045 0.000608934 0.0141964 0.00212333 -0.0042051 0.0181729 0.00397895 -0.00365501 0.00259269 0.0198534 -0.00538843 0.000624914 -0.00443014 0.000546616 -0.00178148 -0.0164902 -0.00504109 0.0107785 0.00526389 -0.0266546 0.000238042 0.00712469 0.00508681 0.00638984 -0.000713804 0.0236528 0.0210724 0.0235014 0.0179005 0.0245615 -0.000305094 -0.00717744 -0.00260792 0.00348558 0.00984862 -0.00101881 0.000911826 0.00065505 0.00302725 0.00820623 0.0217612 0.0290928 -0.0501769 0.00857938 0.00333278 0.00122539
internal_weight=727456 647392 80064.5 492474 154917 48855.6 220006 149436 152720 43735.7 98474.1 272468 87749.3 86485 47115 3182.11 2380.28 1375.86 66234.9 1004.42 257619 67286.6 44273.9 39802.6 43932.9 23965 18161.5 15168.2 8286.55 967.537 50962.2 43800.1 14353.6 6252.13 4049.77 43593.8 211918 204719 55971.5 7198.74 1689.04 1421.59 801.832 4013.32 39370 26491.1
internal_count=3063929 2617186 446743 1561223 1055963 309395 657385 975309 459853 288616 668771 903838 568882 246893 137793 942 659 342 212960 317 856199 197532 126288 115111 136851 169882 126262 108026 53781 223 306538 280155 72661 26349 15421 136627 720873 701029 200310 19844 1678 1247 283 15368 109100 75967
is_linear=0
shrinkage=0.035


Tree=82
num_leaves=47
num_cat=0
split_feature=75 17 17 17 107 74 17 123 74 109 17 5 106 10 129 39 22 98 3 116 27 21 3 10 10 7 48 7 27 93 36 75 58 96 106 127 10 96 105 92 66 75 17 2 106 96
split_gain=10139.3 3729.37 2049.6 1858.8 1077.16 901.6 889.59 577.214 599.593 511.357 479.289 395.704 383.722 381.08 349.305 343.868 322.356 318.78 316.477 312.158 309.558 299.761 290.556 488.548 299.477 289.916 306.884 284.987 283.4 279.029 269.77 268.588 267.469 266.965 263.697 260.13 260.057 329.995 559.962 944.563 384.144 651.956 251.812 251.435 250.773 295.56
threshold=0.069550991058349623 0.42514967918396002 0.70072525739669811 1.0000000180025095e-35 0.054931467399001128 0.35535739362239843 0.63123199343681347 0.40177945792675024 1.0000000180025095e-35 0.49913181364536291 0.66838845610618602 1.2822849154472353 0.26566220819950109 0.2484906688332558 -0.068708509206771837 0.56247621774673473 1.1152438521385195 0.82499995827674877 0.082649879157543196 0.36465089023113256 0.24964435398578647 1.3166165351867678 0.10565354675054552 0.71388667821884166 0.2484906688332558 -0.3762653768062591 0.50335456430912029 0.50225088000297557 1.0000000180025095e-35 -0.33779986202716822 1.1988850235939028 0.54157263040542614 0.31061333417892462 0.036261685192584998 0.2997309416532517 -0.050405753776431077 0.29957322776317602 0.065142817795276656 -0.010941821616142986 -0.19066546112298963 -0.54162549972534169 0.66508987545967113 0.68507987260818493 -0.11891385912895201 0.32345661520957952 0.072333425283432021
decision_type=2 2 2 2 2 2 2 2 2 2 2 2 2 2 2 2 2 2 2 2 2 2 2 2 2 2 2 2 2 2 2 2 2 2 2 2 2 2 2 2 2 2 2 2 2 2
left_child=2 3 4 5 18 9 12 8 -5 11 14 13 43 20 -6 34 25 35 21 28 -2 -1 23 24 -9 -10 -27 -12 36 -24 32 -19 -4 -25 -15 -14 -7 38 39 -38 41 -40 -8 -3 45 -36
right_child=1 6 30 7 10 19 42 22 16 -11 27 -13 17 15 -16 -17 -18 31 -20 -21 -22 -23 29 33 -26 26 -28 -29 -30 -31 -32 -33 -34 -35 44 -37 37 -39 40 -41 -42 -43 -44 -45 -46 -47
leaf_value=0.022050459902048181 -0.007765039134732297 -0.00056992997602577826 0.019632806094667971 -0.0045280332378994743 0.0077543442751177218 -0.023554057643326666 0.0080297507839700213 0.018630443434204155 -0.0036450157106925111 -0.016853985909315163 0.011880284155955942 -0.011252836422390047 -0.0058415788488704393 -0.005620444594855248 -0.0024270734161796165 0.0088174455484919412 -0.016105638502523726 0.0093763704159203383 0.0063225097149765533 0.072183539886180662 0.0006559743938376626 -0.085325725965371427 0.018667444769785206 -0.032742347803358905 0.0069277642555256947 -0.00027576182790244594 0.0030981053471222137 0.026647299926499921 0.00074829789873480899 -0.00062602715948745777 -0.0018091108278876979 0.034893526266353517 0.029914227734060217 -0.0013237678960880057 0.031616042640473817 0.005647124221611944 -0.03296960148545295 -0.015995378913009964 -0.030170444301102335 0.16669980904380921 -0.019038082250435157 0.12071667841854883 0.017416801083905926 0.0029902974434418161 -0.0007232668564644345 0.0037088463628503886
leaf_weight=12208.75364992395 25012.319375313818 28260.500056758523 4695.3507339991629 44963.352078258991 27434.845901124179 4974.4687561094761 29158.721950247884 3407.6630161553621 23283.140903517604 4052.3916004560888 16395.714033678174 8402.6982963457704 3209.2878286615014 13438.54434369877 4854.384970203042 4121.1115274950862 1520.2440461665392 14843.864747337997 1879.8125011920929 43.43182447552681 6797.6661757491529 26.14700585603714 967.320009149611 357.71991634368896 12547.18687698245 144398.98501404747 42811.640895724297 1775.4314699396491 1090.5546415150166 16220.457226887345 422.7321440950036 518.4433731585741 9483.9717918261886 3732.6821515113115 647.61346818879247 9684.5154469534755 48.336597140878439 3612.1438060179353 64.600421730428934 60.615695662796497 448.20044462382793 65.906167484819889 3981.9412984251976 173137.86802867055 15087.708067134023 1620.040189422667
leaf_count=85361 222149 78938 40760 157946 109160 80800 105201 7248 136928 39675 85979 65093 7323 107368 18153 25960 2408 39474 8210 194 55537 55 2323 152 30409 552202 162554 10600 14343 43798 3196 1259 85269 10924 854 23960 157 56981 169 152 1306 173 20028 486855 64928 11417
internal_value=0.002036 0.000588309 0.0138574 -0.00161118 0.0111775 -0.00602504 0.00380055 -0.000267021 -0.00085717 -0.00475111 0.00878457 -0.00409687 0.00302677 -0.00319466 0.00622323 -0.000669442 -7.85161e-05 0.00684618 0.0197243 -0.0157072 -0.00596544 0.0217786 0.00380536 0.00666774 0.00943385 3.76504e-05 0.000495808 0.0133319 -0.0161179 0.000465427 0.0256989 0.0102514 0.02652 -0.0041175 -0.00194082 0.0027855 -0.0181013 -0.0117669 0.0103783 0.0809433 -0.0035862 0.0479206 0.00916084 0.00249068 0.000908836 0.011745
internal_weight=725771 646594 79177.1 383799 64575.1 89588.4 262795 294210 256977 79180.1 50460.4 75127.7 229654 66725 32289.2 34915 212014 28256.1 14114.7 10408.3 31810 12234.9 37233 20045.3 15954.8 210494 187211 18171.1 10364.8 17187.8 14602.1 15362.3 14179.3 4090.4 30793.9 12893.8 9274.27 4299.8 687.659 108.952 578.707 130.507 33140.7 201398 17355.4 2267.65
internal_count=3063929 2617186 446743 1854148 317518 747256 763038 1106892 1012038 592981 223892 553306 637809 488213 127313 210527 854092 72016 93626 154275 277686 85416 94854 48733 37657 851684 714756 96579 154081 46121 129225 40733 126029 11076 184567 31283 139738 58938 1957 309 1648 342 125229 565793 77199 12271
is_linear=0
shrinkage=0.035


Tree=83
num_leaves=47
num_cat=0
split_feature=73 17 17 107 17 74 7 7 130 109 74 107 51 17 95 7 10 17 5 112 98 10 130 109 5 3 50 7 7 7 57 115 95 7 106 27 73 10 124 143 7 74 108 106 7 73
split_gain=9168.11 3210.45 3000.75 1617.17 1268.86 859.487 540.448 580.713 537.337 484.953 469.831 447.809 388.784 386.645 377.164 373.622 365.581 356.398 351.221 303.719 580.691 668.167 558.49 389.121 345.307 296.23 283.086 303.748 358.23 272.96 272.717 270.979 252.222 251.939 251.576 308.66 255.533 253.518 370.255 470.139 336.318 249.193 245.761 318.441 416.232 360.619
threshold=0.08283525332808496 0.68507987260818493 1.0000000180025095e-35 0.040678951889276511 0.46720869839191442 0.35535739362239843 0.50812992453575145 0.25887389481067663 -0.32817311584949488 0.49913181364536291 0.0011149210622534158 0.14620486646890643 0.71544814109802257 0.56247621774673473 0.62022769451141369 0.44669444859027868 0.50498560070991527 0.63123199343681347 1.2822849154472353 0.62224116921424877 0.76124998927116405 0.40253517031669622 0.24876873195171359 0.21141312271356585 0.86779105663299572 0.082649879157543196 0.22396993637084964 0.0089192749001085776 0.022479261271655563 0.015750389546155933 0.50316895544528972 0.70000001788139354 0.13691394031047824 0.44721445441246038 0.2997309416532517 0.24964435398578647 0.2283786162734032 0.2484906688332558 0.35685493052005773 0.67956462502479564 0.24380346387624743 0.042568879202008254 0.024961484596133236 0.32345661520957952 0.20203755050897601 0.20183850824832919
decision_type=2 2 2 2 2 2 2 2 2 2 2 2 2 2 2 2 2 2 2 2 2 2 2 2 2 2 2 2 2 2 2 2 2 2 2 2 2 2 2 2 2 2 2 2 2 2
left_child=1 3 5 8 10 9 7 -3 16 15 -4 12 -5 -13 26 18 -1 -6 34 24 21 -21 -22 -23 -7 -10 27 -12 29 -29 -17 -25 -28 -26 35 36 -2 38 -36 40 -40 -16 -39 44 -44 -46
right_child=2 6 4 11 17 19 -8 -9 25 -11 14 13 -14 -15 41 30 -18 -19 -20 20 22 23 -24 31 33 -27 32 28 -30 -31 -32 -33 -34 -35 37 -37 -38 42 39 -41 -42 -43 43 -45 45 -47
leaf_value=0.010347119033515749 -0.0013123444359702527 0.021975744906000367 -0.0028657679908835861 0.0079063404571126112 0.0030103289692399518 -0.0049635674959985759 0.03139318528640557 0.0084922600830596509 0.022082337796729336 -0.016476417636764114 -0.0051862183954010724 0.00044643699269663077 0.019371626741496766 0.0061799772295506915 0.005098208653225334 0.00048411907150604688 -0.14172514924459967 0.007949494975816292 -0.012417296438334726 0.15057068964466125 -0.018583546248880378 -0.020262850018772337 0.10703706326861234 -0.0078343566102961355 -0.023314801622868638 0.0067516939881277467 0.013430879589889555 0.001501934312743033 -0.00059104957632466698 0.024112662300283777 0.019544689264383103 0.090340272586184128 0.0017862184466838587 0.0034145018116416115 -0.014161425774795315 0.00082335960566722564 -0.0088812036901408445 -0.0026791653711091125 -0.017449683575999062 0.11659038583164769 0.043434277570118092 0.00091074576630763196 -0.0014651212813675085 0.0028420131834650296 -0.0082973513478207684 0.058156282622405769
leaf_weight=33.957038179039955 7051.2003849036992 15902.678313560784 62409.755610249937 27885.955434508622 145972.29737050831 2000.6860075816512 5079.1508169062436 5206.5324393734336 10721.19604279846 4000.7709662392735 17904.228214472532 21096.122836843133 4164.9095104150474 45470.019975461066 30234.959685362875 8141.7016156986356 36.549759902060032 20398.491760469973 6819.9356946907938 49.007245093584061 1015.2918701134622 158.20897002890706 39.333109833300114 50.399842817336321 6391.0456590093672 1813.3695408552885 2451.9795578941703 1351.6586241871119 143175.67964683473 1264.3853724747896 1030.84378265962 96.025675237178802 31335.740118034184 461.11751238629222 2964.9482393227518 7259.9833347797394 24349.887933190912 9647.3338130973279 276.79127962514758 47.283736884593964 177.21081801131368 41049.218498699367 444.15875688195229 5981.5068571791053 126.38684515655041 446.32374072819948
leaf_count=199 44234 121293 202999 112364 400595 27394 42765 34266 69897 39681 106424 54613 21014 166047 79833 65413 116 73958 51689 176 11877 1638 161 405 103146 7177 8079 5255 557882 3811 6090 284 128124 9194 13157 59646 238909 44207 1866 96 709 120293 3258 22484 252 959
internal_value=0.00196995 0.0101073 6.36002e-05 0.00751046 0.00112256 -0.00585418 0.0211316 0.0186539 0.019313 -0.00461205 -0.000130184 0.00600071 0.00939984 0.00436324 0.000505055 -0.00397578 -0.073303 0.00361623 -0.00490102 -0.01538 -0.000274237 0.0381534 -0.0133112 0.0174814 -0.0177801 0.0198695 -0.000282648 -0.00088474 -0.000356237 0.0124636 0.00263854 0.0575128 0.00263377 -0.0215134 -0.00402752 -0.00567896 -0.00718245 -0.000851793 -0.00945464 0.0182055 0.00655271 0.00268725 0.000941865 0.00593276 0.0239815 0.0435421
internal_weight=723986 137410 586576 111222 497548 89027.4 26188.4 21109.2 12605.1 78766.3 331178 98617 32050.9 66566.1 268768 74765.5 70.5068 166371 65593 10261.1 1408.27 353.642 1054.62 304.634 8852.85 12534.6 197484 163696 145792 2616.04 9172.55 146.426 33787.7 6852.16 58773 38661.1 31401.1 20111.9 3466.23 501.286 454.002 71284.2 16645.7 6998.38 1016.87 572.711
internal_count=3063929 629751 2434178 431427 1687253 746925 198324 155559 77389 592650 1212700 354038 133378 220660 1009701 552969 315 474553 481466 154275 14541 2503 12038 2327 139734 77074 809575 673372 566948 9066 71503 689 136203 112340 429777 342789 283143 86988 15828 2671 2575 200126 71160 26953 4469 1211
is_linear=0
shrinkage=0.035


Tree=84
num_leaves=47
num_cat=0
split_feature=75 17 17 17 107 72 17 10 5 89 74 75 17 74 106 6 98 6 7 7 6 7 39 129 98 129 129 74 6 75 3 14 36 58 6 75 17 124 127 6 71 142 7 7 124 5
split_gain=9055.7 3333.27 1895.29 1631.07 1003.19 858.424 838.581 533.025 524.733 523.091 489.663 445.71 378.216 362.197 362.043 328.715 328.193 326.898 822.799 360.293 463.566 375.377 372.917 342.586 300.479 299.789 287.644 274.365 268.15 307.94 267.985 265.818 264.698 260.573 254.732 253.776 252.341 247.908 245.542 258.97 501.065 404.961 346.555 266.066 239.353 233.795
threshold=0.068220831453800215 0.42514967918396002 0.70072525739669811 1.0000000180025095e-35 0.086326103657484068 0.52142679691314708 0.63123199343681347 0.40253517031669622 1.0298300981521609 0.66327300667762767 1.0000000180025095e-35 0.045906120911240585 0.66838845610618602 0.049182610586285598 0.26566220819950109 -0.32836462557315821 0.88571429252624523 0.37287150323390966 0.40570861101150518 0.21630370616912845 0.39254590868949896 0.24491057544946673 1.4597964882850649 -0.081735745072364793 0.82499995827674877 -0.23919002711772916 -0.066723838448524461 0.14251009374856952 0.27852417528629309 0.20256056636571887 0.082649879157543196 0.63123199343681347 1.2040648460388186 0.37446653842926031 -0.17736332118511197 0.54157263040542614 0.68507987260818493 0.11312934011220933 -0.031048095785081383 0.13386882841587069 0.0084426044486463087 -0.53833469748496998 0.44363036751747137 0.18285956978797915 0.42146149277687078 1.2120085358619692
decision_type=2 2 2 2 2 2 2 2 2 2 2 2 2 2 2 2 2 2 2 2 2 2 2 2 2 2 2 2 2 2 2 2 2 2 2 2 2 2 2 2 2 2 2 2 2 2
left_child=2 3 4 5 11 7 14 8 16 10 25 30 26 -12 17 -15 -2 23 19 20 -19 -21 -22 -3 38 -5 -6 -10 29 -17 -1 -27 33 -4 -18 -26 -8 -9 39 40 41 -16 43 -43 -20 -7
right_child=1 6 32 9 12 45 36 37 27 -11 13 -13 -14 15 24 28 34 18 44 21 22 -23 -24 -25 35 31 -28 -29 -30 -31 -32 -33 -34 -35 -36 -37 -38 -39 -40 -41 -42 42 -44 -45 -46 -47
leaf_value=0.023323868687993313 -0.001670790923445643 0.0020999955160949726 0.019583459507524364 0.0013782845426371325 0.0065611227656985826 -0.01256752421972249 0.0075776334957739925 0.0028135581219778686 -0.0065314665361216129 0.0085233185653685317 0.0019988679751043893 0.011496570517905981 0.01198856643601229 0.022481649576403324 0.021369846919718744 0.00091909119796772611 0.027927226858611237 -0.0032771033747790298 0.0094164535687830467 -0.0032625091740505173 0.0080137587757246158 0.0033502782026888921 -0.0066199490330520888 -0.0025300181035342924 0.0089760514897568814 -0.0055384982662489805 -0.0037683428989677341 -0.014675717139262594 0.00045314764611703508 -0.0041228545077562281 0.00093823152893272876 0.0069738488303122317 -0.0036013210745517131 0.02971059426974762 -0.010159947584600924 0.033864996542359686 0.016720963394672408 -0.0037928506203502386 0.0058002752685531031 0.0042527245131767184 0.021110606531761871 -0.015174180461257628 0.0035308127522002083 -0.051818990740445998 0.020656475836579414 -0.025781313191479929
leaf_weight=10302.867713030428 23146.970584470779 84757.375984013081 5021.4860444478691 12011.884248174727 21218.239482060075 4722.1107511110604 30021.966865293682 12992.142300106585 9118.6842196658254 8081.077574506402 85975.185713775456 9370.214459747076 14943.826141148806 729.05664958059788 219.11389617621899 21516.558543398976 214.29941515251994 6681.9958376735449 9384.0902404263616 19291.566545411944 28061.203369490802 23100.487752832472 2303.6153111159801 25449.166300497949 15016.856829255819 39980.500791363418 3905.7875145971775 11460.130709405988 75989.32421791926 47776.950691383332 700.97532080113888 2188.4321332648396 379.77712238579988 8473.5164916627109 9592.1279386840761 514.48889251053333 4220.2541765123606 14967.113325253129 9049.8809829652309 2010.8131848499179 402.8377538844943 386.4797307997942 303.58178554475307 681.7739245519042 3092.2152960598469 2533.5658236369491
leaf_count=77968 188924 222485 45315 30967 81314 67180 109872 64409 53781 18801 287169 49147 79184 2716 365 51722 2145 20276 29095 59328 81533 69141 7178 71027 40338 142062 14576 151612 343216 223289 3656 7961 2882 80150 87592 1259 22106 92761 22668 5972 565 1201 920 311 8878 38912
internal_value=0.00190589 0.000578563 0.0134774 -0.00150936 0.0107972 -0.00566817 0.00359674 -0.0046401 -0.00668563 -0.000254914 -0.000503006 0.0171206 0.00757953 0.000196661 0.00283794 -0.000864499 -0.0039457 0.00231632 0.00385756 0.00254458 0.00506573 0.000340721 0.0069022 0.00103066 0.00652459 -0.00349864 0.00495444 -0.0110703 -0.000982638 -0.00255719 0.0218999 -0.00488804 0.0251425 0.0259533 -0.00931017 0.00981384 0.00870751 -0.000722718 0.00260789 -0.0046022 -0.0135231 -0.0223444 -0.0293956 -0.0387283 0.0122116 -0.0172003
internal_weight=722263 647946 74316.7 382996 60441.9 88747.1 264950 81491.5 53532.2 294249 286168 20374.1 40067.9 231987 230708 146012 32953.4 202122 91915.2 79438.9 37046.8 42392.1 30364.8 110207 28585.8 54180.8 25124 20578.8 145283 69293.5 11003.8 42168.9 13874.8 13495 9806.43 15531.3 34242.2 27959.3 13054.5 4004.6 1993.79 1590.95 1371.84 1068.25 12476.3 7255.68
internal_count=3063929 2629737 434192 1855219 305845 747316 774518 641224 484054 1107903 1089102 130771 175074 908112 642540 620943 278661 568941 275429 237456 108987 128469 88711 293512 73599 180990 95890 205393 618227 275011 81624 150023 128347 125465 89737 41597 131978 157170 32002 9334 3362 2797 2432 1512 37973 106092
is_linear=0
shrinkage=0.035


Tree=85
num_leaves=47
num_cat=0
split_feature=75 72 75 18 7 73 112 6 48 96 36 5 74 74 74 4 48 74 36 6 96 40 97 2 140 96 97 2 36 10 92 105 7 7 94 95 20 125 93 105 6 94 75 112 109 96
split_gain=8547.21 3079.92 1332.99 984.233 890.005 801.548 572.351 530.785 518.841 509.894 426.893 402.027 396.712 409.994 361.749 361.201 362.052 361.115 345.128 325.866 319.131 313.799 329.149 293.23 268.206 287.52 261.836 256.967 256.003 248.644 265.995 246.941 252.107 260.919 304.497 246.927 294.128 256.511 300.731 244.974 236.879 230.742 228.943 228.329 230.534 227.286
threshold=0.068220831453800215 0.13349740207195285 0.043251061812043197 1.0000000180025095e-35 0.50225088000297557 0.1048712804913521 0.46369962394237524 0.46845349669456487 0.78715720772743236 0.2122672572731972 0.46715016663074499 1.0298300981521609 0.0011149210622534158 0.065904930233955397 0.015217065345495941 0.35638883709907537 0.14931328594684604 1.0000000180025095e-35 0.95796635746955883 0.40074701607227331 0.12698195874691012 0.58018696308135997 0.072815012186765685 -0.10986560210585593 0.11126290261745454 0.10530756041407587 0.093889050185680403 0.2111969739198685 1.2209130525588991 0.77213487029075634 0.9676211178302766 0.0044960002414882192 0.57547074556350719 0.50225088000297557 0.021992602385580543 0.22768769413232806 0.78416755795478832 -0.00048926472663879384 0.014929022639989855 -0.013543858658522366 0.030925905331969265 -0.018167680129408833 0.38952495157718664 0.69419550895690929 0.43195596337318426 0.28627683222293859
decision_type=2 2 2 2 2 2 2 2 2 2 2 2 2 2 2 2 2 2 2 2 2 2 2 2 2 2 2 2 2 2 2 2 2 2 2 2 2 2 2 2 2 2 2 2 2 2
left_child=2 5 8 6 14 17 11 12 28 -6 15 -3 -7 23 39 16 42 -2 45 20 -17 22 40 24 29 -26 -18 -9 31 -14 -31 32 33 34 -1 37 -37 38 -30 -4 -12 -25 43 -5 -45 -8
right_child=1 3 4 10 9 7 18 27 -10 -11 21 -13 13 -15 -16 19 26 -19 -20 -21 -22 -23 -24 41 25 -27 -28 -29 35 30 -32 -33 -34 -35 -36 36 -38 -39 -40 -41 -42 -43 -44 44 -46 -47
leaf_value=0.019387784159574931 0.00073733630221016954 -0.00978933814223641 -0.024007432968537284 -0.0067786251718888564 0.024881918727377366 -0.0016171886159719263 -0.0028466455831566788 0.0064200913798708121 0.027467780180228794 -0.010557821004909171 0.021281826697071432 -0.023836701249507649 9.3392642511958574e-06 -0.00045810349058778829 0.011337749468195612 0.0073212421746870716 0.0029938965567874549 0.0052617966925143098 0.041121803141900386 0.0050721383485526862 -0.0043894818039475775 -0.013598119888799391 -0.0021668751891742817 0.0049612143223788834 -0.03234350107735489 -0.0050899043335129943 -0.0067014694319681269 0.033632492470464542 -0.19983550030235409 0.033792279483747176 -0.031692875991850257 0.0036001886788600093 -0.018070934304910559 0.030354653800362372 0.0062702169101199225 0.0078987776881064651 -0.12012128911393644 0.00027273137474071449 -0.016435495966549085 0.0050329333949635175 0.0030248286585521631 0.0020326185226467973 -0.011954862499648016 0.004340464943723866 0.059409902710336929 -0.01676344934480049
leaf_weight=13633.187991317362 27542.119965448976 4889.745500151068 355.77641540765762 22377.696557026356 5655.9015201441944 68221.975837156177 6793.1472813263535 16472.942483052611 6942.0825103223324 541.56399450451136 905.56439067795873 5128.0344327297062 32306.037244483829 98691.519016437232 17077.361086282879 3172.7027511708438 7630.6361276060343 100434.87453621998 190.45215535908937 7231.3399094007909 27614.905858449638 1996.1833210997283 24595.901696655899 50204.327457047999 589.51005859673023 2349.8689110130072 6161.9693603441119 430.95526295900345 18.006206132471561 470.59672032296658 85.345044821500778 1503.2712797261775 224.9851771555841 2132.2954280301929 2588.6555065661669 870.73589523881674 16.553188323974609 50.62815684825182 22.523863725364208 21872.45187497884 19586.598273586482 96009.799863249063 12002.886220112443 1015.0215993523598 96.744365386664867 1819.5386005081236
leaf_count=100337 75330 68837 1299 113357 37732 204356 60087 52530 57003 2642 2913 93204 103627 377697 88837 16155 47029 317486 1318 40614 190458 14237 146746 144550 654 7764 44455 1189 171 888 184 7938 1409 17678 15831 5011 147 279 137 97741 101054 287519 94824 3319 310 17046
internal_value=0.00184401 0.000559074 0.0131533 -0.00377609 0.00945333 0.00190415 -0.0112711 0.00107006 0.0191618 0.0217764 -0.0027259 -0.0169909 0.000776532 0.00135835 0.00750706 -0.00417448 -0.00615168 0.00428823 -0.004754 -0.0016106 -0.0031812 -3.955e-05 0.000562264 0.00234328 -0.000495428 -0.0106135 -0.00133799 0.00712606 0.0164165 0.000411101 0.0234927 0.017268 0.0183719 0.0188249 0.0172981 -0.00105097 0.00470987 -0.0540423 -0.113364 0.00456138 0.00383804 0.00303841 -0.00802152 -0.00600871 0.00943354 -0.00579738
internal_weight=720525 647019 73506 153209 45503.1 493810 18820.9 365833 28002.9 6197.47 134388 10017.8 348929 280707 39305.6 87303.9 49285 127977 8803.14 38018.9 30787.6 47084.2 45088.1 182015 35801.4 2939.38 13792.6 16903.9 21060.8 32862 555.942 20082.4 18579.1 18354.1 16221.8 978.447 887.289 91.1582 40.5301 22228.2 20492.2 146214 35492.3 23489.5 1111.77 8612.69
internal_count=3063929 2629737 434192 1055963 228251 1573774 240492 1180958 205941 40374 815471 162041 1127239 922883 187877 550521 303294 392816 78451 247227 206613 264950 250713 545186 113117 8418 91484 53719 148938 104699 1072 143193 135255 133846 116168 5745 5158 587 308 99040 103967 432069 211810 116986 3629 77133
is_linear=0
shrinkage=0.035


Tree=86
num_leaves=47
num_cat=0
split_feature=75 17 17 17 75 107 7 7 3 129 129 109 6 7 72 17 123 17 6 74 95 26 129 71 114 39 95 7 36 59 89 96 2 22 129 67 107 107 6 6 6 6 67 124 95 68
split_gain=8062.37 2966.39 1838.99 1378.21 1002.17 948.589 557.911 543.988 451.055 674.437 519.61 448.992 405.294 404.908 399.726 388.724 381.495 349.455 343.194 332.311 330.645 322.509 307.853 303.912 291.472 287.506 269.462 266.395 257.923 267.884 245.244 318.978 286.361 271.098 594.118 508.155 444.166 310.008 242.773 396.546 241.773 236.699 259.92 241.628 235.899 271.375
threshold=0.068220831453800215 0.22396993637084964 0.70072525739669811 0.58756005764007579 0.45380972325801855 0.054931467399001128 0.35569444298744207 0.4497112780809403 0.086667828261852278 -0.33623918890953058 -0.084589391946792589 0.62352082133293163 0.40074701607227331 0.022479261271655563 0.52142679691314708 0.66838845610618602 0.30797559022903448 0.68507987260818493 0.34527637064456945 0.0011149210622534158 0.13691394031047824 0.22396993637084964 -0.066723838448524461 -0.073447287082672105 0.50654721260070812 1.0000000180025095e-35 0.22219666093587878 0.50225088000297557 1.1988850235939028 0.37446653842926031 0.14931328594684604 0.48893818259239202 -0.036910150200128548 1.0000000180025095e-35 -0.12519924342632291 0.011844831984490158 0.20904982089996341 0.37211802601814276 0.28891204297542578 0.085356719791889205 -0.17736332118511197 0.083094760775566115 -0.028336073271930214 0.33920548856258398 0.22219666093587878 -1.0000000180025095e-35
decision_type=2 2 2 2 2 2 2 2 2 2 2 2 2 2 2 2 2 2 2 2 2 2 2 2 2 2 2 2 2 2 2 2 2 2 2 2 2 2 2 2 2 2 2 2 2 2
left_child=2 4 5 8 7 23 14 11 9 -3 18 12 16 -14 24 22 21 -5 30 -10 -15 25 -7 -1 -6 -2 -8 -17 29 -4 31 33 -33 34 35 -11 -37 -38 39 -9 -23 42 -32 -43 45 -30
right_child=1 3 28 17 6 15 26 38 19 10 -12 -13 13 20 -16 27 -18 -19 -20 -21 -22 40 -24 -25 -26 -27 -28 -29 44 -31 41 32 -34 -35 -36 36 37 -39 -40 -41 -42 43 -44 -45 -46 -47
leaf_value=0.0049677879982293772 -0.0097844851946020071 0.01508869825275135 0.018435903851883137 0.0057953861063692646 -0.0084777607164821123 0.0068497448529998188 0.012539574538759153 0.01157360616230828 -0.0023780025158566006 -0.044898815899479999 -0.0016459136865417021 -0.014551724702957307 0.023614893849376054 0.036408486527106106 -0.017551864189122617 0.010647537036991455 -0.0003322216344073589 0.016245686272150141 0.0064152546699856724 0.00092327733399608666 0.00064525921829904716 0.022786123606477398 -0.0035249836928192592 0.02066698272876661 0.044806124823689078 -0.0027521747816332525 -0.0033642791433613878 0.025624109789175977 0.0052858263303924317 0.029105505328909334 -0.0047044506810071844 0.016900209470048895 -0.052716727366190222 0.00073754415358802514 0.037893762799079855 0.029986526308342795 -0.057050755487510776 0.0041138450619879622 0.01006772491172683 -0.003288882607495837 -0.0026019107492260612 -0.0015039564015670627 0.0091936946770938711 0.0074554049870488156 0.0054246532559882425 -0.18354663690786685
leaf_weight=1752.0246160328388 20044.439999274909 5349.3757085353136 4448.3750034980476 69607.435902290046 24266.280840169638 25445.92560685426 1516.9382856525481 3100.9960415288806 44609.103152379394 660.50973003357649 29324.893813528121 3769.2157646045089 1095.9787427596748 318.71052103862166 7283.1205795463175 15301.179734058678 38350.703998502344 4151.4069578275084 35097.667570218444 229424.30319669843 12855.199786111712 460.66704422980547 4058.021479524672 11232.769761607051 120.50703078508377 11060.463885705918 9113.6629794184119 1607.6422422491014 18.306851029396061 8476.2128545120358 1904.7490860819817 96.375428050756454 256.40848064422607 19013.090436831117 223.126131772995 296.55833566188812 194.1059228181839 203.99462406337261 5583.0555788874626 7519.2432833760977 29852.727940972894 12272.467849515378 12052.30362277478 5263.9299027174711 383.95487168803811 12.16578885912895
leaf_count=8267 141119 11688 41419 231867 203338 104294 13040 15659 131025 430 89439 34270 5260 1803 96986 83593 125151 22106 105997 739649 82768 2687 15385 83963 766 77325 94701 10343 130 83746 5328 101 353 53887 99 82 90 118 27142 46223 196267 30791 27933 14249 2928 124
internal_value=0.00178331 0.00053995 0.0128303 0.00199224 -0.00333137 0.0101909 -0.0080278 -0.00184859 0.00117445 0.00294269 0.00238587 -0.00267566 -0.00228231 0.00323354 -0.0103563 0.00784929 -0.00307148 0.00638496 0.00373667 0.000385799 0.00152731 -0.00478158 0.00542206 0.0185527 -0.00820314 -0.00728519 -0.00108826 0.0120806 0.024573 0.0254442 0.00194313 -0.000991503 -0.0337094 -0.000420879 -0.0143314 -0.0230658 -0.0020868 -0.0260914 0.00416296 0.00105407 -0.00221137 0.00389485 0.00729515 0.00118652 -0.00255197 -0.0876558
internal_weight=719050 646314 72736.6 470002 176312 59397.6 42300.5 134011 396243 122210 116860 117808 114039 14269.9 31669.9 46412.8 99769 73758.8 87535.3 274033 13173.9 61418.3 29503.9 12984.8 24386.8 31104.9 10630.6 16908.8 13339 12924.6 52437.6 20944.2 352.784 20591.4 1578.29 1355.17 694.659 398.101 16203.3 10620.2 30313.4 31493.5 13957.1 17536.4 414.428 30.4726
internal_count=3063929 2629737 434192 1465232 1164505 305845 408831 755674 1211259 340585 328897 666650 632380 89831 301090 213615 542549 253973 239458 870674 84571 417398 119679 92230 204104 218444 107741 93936 128347 125165 133461 55160 454 54706 819 720 290 208 89024 61882 198954 78301 33261 45040 3182 254
is_linear=0
shrinkage=0.035


Tree=87
num_leaves=47
num_cat=0
split_feature=75 17 17 17 107 109 17 75 123 74 7 75 17 106 78 5 58 3 6 7 129 7 6 39 7 44 22 93 89 91 6 95 69 92 6 6 7 6 22 67 93 129 7 124 75 36
split_gain=7604.92 2809.25 1791.54 1365.42 918.616 770.805 736.487 622.632 479.117 475.716 440.673 427.591 339.481 336.507 334.538 300.041 287.961 286.634 284.978 780.354 331.67 322.954 426.836 346.056 342.182 311.757 284.841 283.198 274.285 629.464 448.196 273.892 349.836 401.339 285.15 279.547 572.667 675.177 276.06 306.879 288.657 262.434 260.052 256.944 254.886 252.106
threshold=0.068220831453800215 0.42514967918396002 0.70072525739669811 1.0000000180025095e-35 0.086326103657484068 0.49913181364536291 0.63123199343681347 0.42738364636898046 0.40177945792675024 0.0027461076388135557 0.35569444298744207 0.049852624535560615 0.63123199343681347 0.27501803636550909 0.20707555115222934 1.1766744852066042 1.0000000180025095e-35 0.082649879157543196 0.37287150323390966 0.40570861101150518 -0.079046644270420061 0.21630370616912845 0.39254590868949896 1.4597964882850649 0.24491057544946673 0.54616111516952526 1.1152438521385195 -0.51085105538368214 0.35638883709907537 -0.99834722280502308 0.086228664964437499 0.77997007966041576 -0.30438153445720667 -0.82676440477371205 -0.17736332118511197 0.056327166035771377 0.24796082824468615 0.032655861228704459 0.20707555115222934 -0.083937600255012498 0.10882700979709627 -0.06305289268493651 0.52983158826828014 0.13618545979261401 0.54157263040542614 0.20707555115222934
decision_type=2 2 2 2 2 2 2 2 2 2 2 2 2 2 2 2 2 2 2 2 2 2 2 2 2 2 2 2 2 2 2 2 2 2 2 2 2 2 2 2 2 2 2 2 2 2
left_child=2 3 4 5 11 7 13 14 9 -5 15 17 41 18 -2 -9 -16 -1 20 21 27 22 -20 -24 -23 -26 31 -3 -17 30 -30 34 33 -33 -11 36 45 -38 39 -35 -41 -6 -39 -28 -15 -36
right_child=1 6 -4 8 12 -7 -8 10 -10 26 -12 -13 -14 44 16 28 -18 -19 19 -21 -22 24 23 -25 25 -27 43 -29 29 -31 -32 32 -34 38 35 -37 37 42 -40 40 -42 -43 -44 -45 -46 -47
leaf_value=0.021829600158178988 -0.0052443097503205392 0.020621083137707587 0.024248591749001295 -0.0040146042260300876 0.0041702634088571274 -0.0183679414732957 0.0081215330935562862 -0.0083965605945456739 0.0034491805265538761 0.010010951035137928 -0.00056964830374135679 0.0096153378464793882 0.0091041111256980542 0.0059752028677057898 -0.0018047112021521245 -0.02391941334076569 0.0059535066220323439 0.0017704094504837273 -0.0032992509852383454 0.01168257763928212 -0.0026802890918688426 -0.0032087317162457622 0.0075137893113173485 -0.0065259541003150215 0.0022141378846179363 0.021991122238220341 0.00930728959465278 0.001732445754874468 0.18599476351437572 -0.01140930446290582 -0.017886316118591542 -0.0099662288254195805 -0.0030210673496569298 0.073269947382171657 -0.009394826546911355 9.4736066812541877e-05 0.028211064084904626 -0.021476543258402429 0.010198778641877933 0.029037679292148028 -0.028379445036517129 -0.010303466284924788 0.0082511813287334621 -0.023783950844184755 0.03099525249626069 -0.0016987473985452641
leaf_weight=11010.831952344626 24262.571591109037 977.31706227362156 13048.959830123931 46090.56371332705 11155.409563712776 5145.5825056638569 33800.534124847502 15941.794288028032 37331.395828947425 3275.369704388082 6497.8020081110299 7619.1461524702609 26419.78689019382 23527.260133773088 21632.79487561062 3508.0887315534055 8031.3741712830961 949.95522881299257 6719.3283417224884 12560.009547710419 24163.804930754006 19414.087290987372 28164.160235658288 2323.1895659267902 22278.150680758059 1015.4614287987351 382.97454398870468 88526.72602596879 28.291787948459387 2611.7487879674882 19.784504288807511 789.75100483745337 2826.1668731868267 170.29370041936636 11564.954800382257 174420.53336828947 1386.7925462573767 685.07618613541126 2392.2045844420791 1080.4288543313742 114.08123284578323 1773.1678387150168 748.0557849407196 1110.4835205301642 504.18899516761303 9502.4851149097085
leaf_count=86321 201127 2392 128347 162644 40144 62199 131978 166892 95663 13518 83885 39544 128956 61599 114230 48415 45626 4906 20399 38556 67054 59703 82163 7239 67002 2871 730 232303 187 24579 176 1669 6820 225 48663 717675 2448 2213 7008 913 177 5974 2745 1666 1259 43126
internal_value=0.00172489 0.000521609 0.0125154 -0.00139885 0.0099149 -0.00523183 0.00329747 -0.00441148 -0.000255132 -0.000794281 -0.00858484 0.0161096 0.00683019 0.00258884 -0.00219668 -0.0109392 0.000296258 0.0202389 0.00213172 0.00357447 0.000957768 0.00229925 0.00468277 0.00644258 0.000222163 0.00308211 -8.8862e-05 0.00194016 -0.0174951 -0.00898401 0.109256 2.01715e-05 0.00664321 0.0126483 -0.000222214 -0.000391573 -0.003942 0.0108538 0.0174127 0.0299507 0.0234324 0.00218064 -0.00598369 -0.0152891 0.0065081 -0.00592539
internal_weight=717503 645526 71977.3 381551 58928.3 87679.8 263974 82534.3 293872 256540 28607.5 19579.9 39348.4 230174 53926.7 22109.7 29664.2 11960.8 206142 92474.4 113668 79914.4 37206.7 30487.3 42707.7 23293.6 210450 89504 6167.91 2659.83 48.0763 208956 7372.93 4546.76 201583 198308 23887.4 2819.92 3757.01 1364.8 1194.51 12928.6 1433.13 1493.46 24031.4 21067.4
internal_count=3063929 2629737 434192 1855219 305845 747316 774518 685117 1107903 1012240 324134 130771 175074 642540 360983 240249 159856 91227 579682 277933 301749 239377 109801 89402 129576 69873 849596 234695 73357 24942 363 847200 16812 9992 830388 816870 99195 7406 8323 1315 1090 46118 4958 2396 62858 91789
is_linear=0
shrinkage=0.035


Tree=88
num_leaves=47
num_cat=0
split_feature=73 107 72 51 5 6 3 3 104 26 96 93 92 94 105 112 74 64 105 36 7 142 16 105 130 94 142 109 95 95 22 129 123 98 142 78 113 63 7 140 79 36 7 6 6 96
split_gain=6835.51 2236.76 2174.54 975.367 775.31 666.161 610.359 606.022 524.302 521.496 467.061 593.109 507.447 429.855 419.189 417.635 429.425 408.733 385.336 369.906 363.291 359.124 358.102 348.048 346.557 342.352 372.527 307.968 306.579 302.343 352.606 279.117 276.447 275.276 367.286 269.076 317.417 585.408 352.848 306.279 268.08 265.951 258.335 324.098 273.575 271.448
threshold=0.080300413072109236 0.14620486646890643 0.16283749043941501 0.71544814109802257 1.2949316501617434 0.46845349669456487 0.10022674873471261 0.11629071831703187 -0.0060762183275073758 0.58756005764007579 0.072333425283432021 -0.050599982962012284 0.70511433482170116 0.029429873451590541 0.0044960002414882192 0.57923510670661937 0.43497599661350256 -0.93379473686218251 -0.0037453367840498681 1.2160123586654665 0.39208520948886877 0.50357347726821911 0.61035025119781505 0.0069574995432049045 0.01198675110936165 0.025541899725794796 -0.00024215877056121823 0.51508614420890819 0.62022769451141369 0.22219666093587878 0.67529118061065685 -0.028881117701530453 0.38140706717967993 0.71249994635581981 0.13021961599588397 0.52612900733947765 0.037328321486711509 -0.13914521038532254 0.24233642220497134 0.10792779177427293 0.88263097405433666 0.59014239907264721 0.23583399504423144 0.030925905331969265 -0.17736332118511197 1.0000000180025095e-35
decision_type=2 2 2 2 2 2 2 2 2 2 2 2 2 2 2 2 2 2 2 2 2 2 2 2 2 2 2 2 2 2 2 2 2 2 2 2 2 2 2 2 2 2 2 2 2 2
left_child=1 3 5 6 9 7 8 13 -1 15 11 12 -3 23 18 16 27 -9 -10 -5 -19 24 31 32 25 33 -27 42 -14 30 -21 40 -2 -13 -35 39 37 -37 -39 -15 -12 -17 44 -44 -4 -45
right_child=2 10 4 19 -6 -7 -8 17 14 -11 22 21 28 35 -16 41 -18 20 -20 29 -22 -23 -24 -25 -26 26 -28 -29 -30 -31 -32 -33 -34 34 -36 36 -38 38 -40 -41 -42 -43 43 45 -46 -47
leaf_value=-0.0021178677171389154 0.0039410850946701211 0.024304126931116658 0.010062276194115561 0.025089169736226932 -0.014749907129319333 0.0065629588769293709 0.00062764244675951521 0.0012168472694350496 0.0054778197936109019 0.0024571688196160868 0.0053414408980669327 0.0095276181586820483 0.011445654013572622 -0.00011872291970811635 0.0018850286370513316 -0.00017724393017302107 -0.015475251325877981 -0.002555567951334881 0.016684890977734838 -0.16542536937098321 0.0016159541429805416 0.031712921778317797 0.013375422871049376 0.00032668047637878444 0.011259035644435535 -0.02672713040913538 -0.094651068236468933 -0.014529673675522719 -0.063962483395578223 0.0051893484604366366 0.02454072209829564 -0.0040684456323393237 0.0097740013729326718 -0.045795307595314028 0.01781291143348529 -0.063887747248366072 -0.0039178619195508321 -0.039940958878244573 0.022466720145653488 0.0088242393049555497 -0.033691096837575943 0.015213524087105745 0.014230956522269309 0.017245623023694694 -0.0064443458767448015 -0.0030839522251594901
leaf_weight=2532.2637877166271 79341.276059467345 829.27441954612732 1262.8572716601193 10456.112853072584 7932.1414408218116 26258.303444150835 5233.6189635917544 123276.66168377921 4271.9748259149492 15808.265157200396 53841.985519323498 249.05996134132147 114.05912908911705 54491.159633032978 3071.0203926302493 8056.631070394069 4714.3426867909729 105923.40085845441 31865.523546230048 22.094159595668316 33706.252899892628 135.25224713981152 6157.9243225753307 30038.935837931931 245.78636015206575 208.74495106190443 195.00141280889511 3646.0033612921834 145.39920762181282 700.00784725323319 18.357443988323212 4305.6386583074927 11383.361957348883 549.73771411925554 135.33385089784861 325.65211646258831 3497.1053184941411 179.16184566915035 271.00721868127584 5127.0050873160362 210.46216026693583 1652.1928910836577 1469.6372798420489 820.22046529129148 40557.286202615127 30683.741649726406
leaf_count=10845 241523 568 8107 82601 87312 86450 18312 416739 20198 85506 199960 199 131 169836 14080 47064 75489 388450 205074 196 132179 221 31109 91857 531 121 105 34461 110 4245 115 16155 28229 581 127 189 9794 150 147 12381 371 9401 4558 492 305528 222132
internal_value=0.00166852 0.00908638 9.17599e-05 0.0141131 -0.00418985 0.00114549 0.0118972 0.000827544 0.0133098 -0.00341819 0.00474209 -0.00921773 0.0109533 0.00236428 0.0143066 -0.00441856 -0.00522059 -0.00025179 0.0153614 0.0233972 -0.00154848 -0.0219924 0.00535054 0.00359252 -0.026687 -0.0336839 -0.06046 -0.00460302 -0.0312703 -0.000493686 -0.0869935 0.00450232 0.00467364 -0.0217895 -0.0331715 4.24631e-05 -0.0084353 -0.0286007 -0.00255026 0.000651012 0.00518558 0.00244875 -0.00411788 -0.0018005 -0.00594431 -0.0025512
internal_weight=715917 125495 590423 58171 116603 473819 46974.4 447561 41740.8 108671 67323.7 2807.65 1088.73 184655 39208.5 92862.9 83154.1 262906 36137.5 11196.6 139630 1718.92 64516 120764 1583.66 1337.88 403.746 78439.7 259.458 740.459 40.4516 58358.1 90724.6 934.132 685.072 63891.1 4272.93 775.821 450.169 59618.2 54052.4 9708.82 74793.7 32973.6 41820.1 31504
internal_count=3063929 605955 2457974 355666 880050 1577924 268509 1491474 250197 792738 250289 2694 809 554106 239352 707232 650767 937368 225272 87157 520629 1885 247595 361609 1664 1133 226 575278 241 4556 311 216486 269752 907 708 192497 10280 486 297 182217 200331 56465 540817 227182 313635 222624
is_linear=0
shrinkage=0.035


Tree=89
num_leaves=47
num_cat=0
split_feature=75 3 107 75 51 18 3 64 107 105 26 112 39 44 105 7 26 63 108 7 7 7 75 6 6 78 111 93 22 91 110 91 125 138 129 6 7 79 111 93 112 6 91 1 22 78
split_gain=6793.02 2251.03 1257.9 1234.73 847.159 724.247 694.642 636.818 625.675 514.027 491.495 489.073 444.893 437.955 427.25 352.49 354.684 319.285 361.019 314.092 513.857 462.184 324.235 311.242 302.893 286.553 374.11 315.105 307.523 283.49 443.575 578.554 283.264 311.572 276.95 273.534 328.453 270.159 266.151 408.255 341.338 320.663 260.772 407.794 606.349 576.596
threshold=0.068220831453800215 0.15975149720907214 0.1704014986753464 0.38612751662731176 0.90606299042701732 0.22396993637084964 0.093183934688568129 -0.93379473686218251 0.40150317549705511 0.0044960002414882192 0.22396993637084964 0.46369962394237524 1.0000000180025095e-35 0.49501426517963415 -0.0037453367840498681 0.39208520948886877 0.65050083398818981 -0.071846876293420778 0.094922356307506575 0.50225088000297557 0.25887389481067663 0.57547074556350719 0.034527998417615897 0.085356719791889205 0.37287150323390966 0.39170669019222265 0.065882168710231795 0.0838478058576584 1.0000000180025095e-35 -0.99834722280502308 0.27925190329551702 -0.9990255832672118 0.02397822588682175 -0.030497530475258824 -0.11576998233795165 0.31019175052642828 0.37795858085155493 0.14931328594684604 0.0021230113925412302 -0.33779986202716822 0.50334015488624584 0.029085938818752769 -0.21505693346261975 0.050629837438464172 0.20707555115222934 0.14931328594684604
decision_type=2 2 2 2 2 2 2 2 2 2 2 2 2 2 2 2 2 2 2 2 2 2 2 2 2 2 2 2 2 2 2 2 2 2 2 2 2 2 2 2 2 2 2 2 2 2
left_child=2 8 4 7 6 10 9 38 13 14 11 12 -5 17 -1 16 37 18 25 20 22 -21 -16 34 -15 -2 27 -27 32 30 -13 -32 33 -28 -20 -7 -37 42 41 40 -40 -3 -9 -44 45 -45
right_child=1 3 -4 5 -6 35 -8 15 -10 -11 -12 29 -14 24 19 -17 -18 -19 23 21 -22 -23 -24 -25 -26 26 28 -29 -30 -31 31 -33 -34 -35 -36 36 -38 -39 39 -41 -42 -43 43 44 -46 -47
leaf_value=0.0041914158294490229 0.0003394159949678333 0.0075985422298138873 0.0050836009454295825 -0.021812125389823994 0.027023652950710957 -0.0047337744595629004 0.0010564122767534874 -0.00526018456214294 0.00025722882113862782 -9.41320725647452e-05 -0.0013246217986636274 -0.013416281690672513 -0.0056440785351345845 0.0043416275604189428 0.023673099264680832 0.0018169732722409552 0.0019056681322963201 0.0035342093280498234 0.027563523497372858 0.027875514021039039 0.0057696919652581195 -0.016182449143447082 0.014672200075577181 0.0020885784199536081 0.010598213346018707 0.0066442330215286836 -0.048050516628495826 -0.020632674085318763 -0.010117431806905743 -0.0078803924634579438 0.0077258517213167014 0.19571506581448692 -0.053150800048218393 0.019275269538905664 -0.015745528374164857 -0.0030632498722583195 0.0069711576650347508 -0.005548193492996476 0.0090932969899896552 0.0027012259134260295 0.037265117173441525 -0.0009850018143799941 -0.0032797514391280339 -0.0049683075062993192 -0.00048734703388468364 0.024187899098407763
leaf_weight=3336.4669102542102 20970.327518548816 5970.3970466777682 22482.502183970064 8080.8332337159663 6352.0375309064984 33415.667326204479 5000.3044527620077 16525.401740148664 101313.87608721852 2580.8660783283412 6351.8079661428928 96.091562535613775 2818.1771181412041 22858.98273967579 8159.621368099004 24428.428399857134 16396.780828975141 151441.44653675705 1332.47277790308 4879.900948792696 5045.6011431366205 306.1656607799232 12443.032054170966 2741.8660993352532 16215.180319864303 2567.9795451238751 142.80007360875607 643.73879519850016 3230.458345554769 10795.589612530544 43.296281531453133 32.379986636340618 434.81919335573912 188.46311575174332 204.88409758359194 10596.346840564162 6406.8324327506125 46731.3462141864 1963.1126842834055 50080.930948097259 717.93177552893758 49403.375960182399 16753.995612744242 1149.9383498206735 7958.0154847130179 2967.7407887354493
leaf_count=19678 60078 17522 99904 129400 55919 209213 21039 64501 346413 14085 63144 983 35232 75453 70506 109829 68807 453003 2325 38578 33019 1834 79630 8473 57209 6410 119 1493 9579 86805 340 73 372 229 615 67987 35548 238707 7047 175208 1894 176694 72196 3713 37168 5955
internal_value=0.00161338 0.000483496 0.0119204 -0.00160062 0.0151145 -0.00540875 0.0132989 -0.000358158 0.00253805 0.0149638 -0.00989819 -0.0123872 -0.0176377 0.00357433 0.0161012 -0.00198081 -0.00283613 0.00285907 -0.000290777 0.0173886 0.0157917 0.0252571 0.0182433 0.00917378 0.00693947 -0.00173003 -0.00774696 0.001146 -0.0148868 -0.00716183 0.0366923 0.0967374 -0.0347521 -0.0100599 0.0217473 -0.00289507 0.000718346 -0.00368061 0.00163619 0.00341489 0.0167068 -5.86436e-05 -0.00175569 0.000253484 0.00515546 0.016048
internal_weight=714558 643972 70586.5 319684 48104 78637 41752 241047 324287 36751.7 28218.2 21866.4 10899 222973 34170.8 132912 108483 183899 32457.8 30834.3 25648.3 5186.07 20602.7 4279.22 39074.2 28178.6 7208.26 3211.72 3996.54 10967.4 171.768 75.6763 766.082 331.263 1537.36 50418.8 17003.2 92086.4 108136 52762 2681.04 55373.8 45355.1 28829.7 12075.7 4117.68
internal_count=3063929 2629737 434192 1607966 334288 628725 278369 979241 1021771 257330 315977 252833 164632 675358 243245 600876 491047 542696 89693 223567 183155 40412 150136 11413 132662 78280 18202 7903 10299 88201 1396 413 720 348 2940 312748 103535 422240 378365 184149 8941 194216 183533 119032 46836 9668
is_linear=0
shrinkage=0.035


Tree=90
num_leaves=47
num_cat=0
split_feature=75 17 17 17 17 106 109 5 7 89 74 106 6 7 95 7 6 75 7 17 75 108 58 114 26 7 6 39 7 44 38 52 91 72 106 70 143 36 59 17 75 124 75 111 22 132
split_gain=6423.02 2848.66 1193.17 1175.44 979.358 795.048 718.633 578.362 445.249 440.274 440.026 400.778 383.845 838.61 376.404 355.548 347.237 342.115 394.266 326.036 310.61 313.945 309.912 376.403 304.469 298.751 452.32 341.48 339.433 432.964 294.194 277.799 266.8 349.316 264.308 376.201 589.85 259.812 253.212 242.662 237.299 231.213 229.258 235.644 347.203 448.803
threshold=0.057570345699787147 0.42514967918396002 0.70072525739669811 1.0000000180025095e-35 0.65050083398818981 0.25398422777652746 0.49913181364536291 1.2538685202598574 0.56594872474670421 0.66327300667762767 1.0000000180025095e-35 0.27501803636550909 0.37287150323390966 0.40570861101150518 0.76203528046607982 0.44669444859027868 0.032655861228704459 0.034527998417615897 0.50225088000297557 0.65050083398818981 0.43181872367858892 0.057403717190027244 0.22396993637084964 0.062411088496446616 0.56247621774673473 0.21472994238138202 0.39254590868949896 1.3163185119628908 0.24796082824468615 0.50335456430912029 0.31061333417892462 0.65032026171684276 -0.99834722280502308 0.38401357829570776 0.2997309416532517 -0.019285808317363259 0.34824007749557501 1.1988850235939028 0.31061333417892462 0.68507987260818493 0.10838478431105615 0.52718570828437816 0.54157263040542614 0.048406502231955535 0.35638883709907537 0.025000005960464481
decision_type=2 2 2 2 2 2 2 2 2 2 2 2 2 2 2 2 2 2 2 2 2 2 2 2 2 2 2 2 2 2 2 2 2 2 2 2 2 2 2 2 2 2 2 2 2 2
left_child=2 3 5 6 11 19 7 15 17 10 -5 12 16 25 -9 20 -3 -7 -19 -1 21 -2 23 -12 -22 26 -14 -28 30 -30 40 -24 33 -16 -23 36 -36 38 -4 -6 -27 -15 43 -13 45 -45
right_child=1 4 37 9 39 8 -8 14 -10 -11 22 42 13 41 32 -17 -18 18 -20 -21 24 34 31 -25 -26 28 27 -29 29 -31 -32 -33 -34 -35 35 -37 -38 -39 -40 -41 -42 -43 -44 44 -46 -47
leaf_value=0.00044642342699765169 -0.0037861632549024281 0.0045026270371156842 0.016803059119578644 -0.0033169806870339009 0.0075764449470863129 0.024953758052853478 -0.017745741761962884 -0.017614715149883046 -0.025715050831765496 0.0075953720894097309 0.00028961311559037552 0.0077702048136747658 -0.0035625421666603423 0.009580375601497184 0.0047912523105281234 0.0041678757572715126 -0.0001057776235365285 0.0097339598578716265 0.027131123566443524 0.0095726844564294807 -0.0085911316468212061 -0.0010880019668466619 0.0031550259667640504 -0.0036509615315980441 0.0080541002697953196 -0.013811990741183226 0.0076116337491794177 -0.0030535138683541363 0.0022220715105361836 0.021311522571381396 0.0043425414965795224 -0.00266281471697434 -0.0063401714325802133 0.12460241748717694 -0.0018614140296005436 0.0074556212932046827 0.10188505841820082 -0.0042722435489494434 0.028551509197894395 0.014969879997330265 -0.0028826490011495173 0.023543196574132019 0.03000558784217584 -0.002910796678236282 0.0038348639767415596 -0.05420488297475437
leaf_weight=6978.418985735625 31707.961673874408 25170.537660270929 3272.607952170074 54410.616585277021 21052.377397067845 5485.826060116291 5008.06748957932 5768.3912668135017 285.02083786204457 8501.4872103706002 123749.02234480903 21800.623525172472 6922.4949226975441 14949.129338108003 95.826058004051447 7812.9805728252977 97946.075520917773 6826.6600145250559 2083.8213952071965 15341.149522088468 18333.133791510016 6536.0773914027959 57352.938142538071 39061.166844189167 1447.638249322772 2884.0372587442398 29131.190910622478 4204.3136731386185 21564.462833203375 1555.2021618634462 5958.6723435819149 12184.573217839003 6261.280878605321 37.719205159693956 132.50760995596647 3631.7817922271788 129.29478205740452 383.11446370556951 7453.4798587970436 7348.8098604530096 15471.602901339531 1608.8297749906778 500.08418071269989 640.36404265463352 3964.7522615939379 304.99088901281357
leaf_count=29265 215012 60607 33090 182779 87084 45588 62218 77887 1737 20869 472741 62768 21176 49049 386 63343 273975 40983 14781 86242 206491 55416 227479 160874 13223 9518 87159 13163 66206 4718 18103 50967 39334 231 708 13166 271 3060 80878 45532 47492 4687 1259 1003 11034 377
internal_value=0.00156001 0.000666677 0.0139089 -0.00130429 0.00332847 0.0108851 -0.00488207 -0.00409407 0.0172104 -0.000251152 -0.000483961 0.00264055 0.00215996 0.00372272 -0.0111351 -0.00286492 0.000836489 0.0180712 0.013819 0.00672055 -0.0037528 -0.00205354 0.000179499 -0.000655849 -0.00737045 0.00235814 0.00457542 0.00626596 0.000475778 0.00351175 -0.00241082 0.00213534 -0.00527787 0.0425965 0.00321226 0.0104238 0.0504773 0.0239679 0.0249792 0.00949256 -0.0046043 0.0109456 0.00665456 0.00621041 -0.000714257 -0.019706
internal_weight=713251 665141 48110.1 382162 282979 37000.9 86902.7 81894.6 14681.3 295260 286758 254577 227367 104250 12163.2 69731.4 123117 14396.3 8910.48 22319.6 61918.4 42137.6 232348 162810 19780.8 87692 40258 33335.5 47434 23119.7 24314.3 69537.5 6394.83 133.545 10429.7 3893.58 261.802 11109.2 10726.1 28401.2 18355.6 16558 27210.8 26710.7 4910.11 945.355
internal_count=3063929 2728305 335624 1863395 864910 218596 747686 685468 103089 1115709 1094840 732294 655853 321271 117838 567630 334582 101352 55764 115507 504287 284573 912061 633615 219714 267535 121498 100322 146037 70924 75113 278446 39951 617 69561 14145 979 117028 113968 132616 57010 53736 76441 75182 12414 1380
is_linear=0
shrinkage=0.035


Tree=91
num_leaves=47
num_cat=0
split_feature=75 17 17 75 17 107 18 48 106 36 109 14 106 39 112 53 51 91 81 36 5 123 18 17 36 59 98 127 104 22 2 75 71 1 98 22 112 71 126 21 17 92 127 127 109 107
split_gain=6067.59 2657.43 1164.22 1128.43 923.379 803.482 721.778 504.586 388.172 460.878 392.105 388.009 375.765 346.382 338.205 323.299 321.243 309.76 347.106 308.591 305.03 268.218 265.684 255.337 252.095 251.731 249.169 257.024 240.682 368.257 318.487 300.891 371.527 271.458 359.239 283.916 259.653 233.192 339.852 353.964 232.527 231.646 239.855 277.664 240.341 236.771
threshold=0.057570345699787147 0.42514967918396002 0.70072525739669811 0.38294176757335668 0.65050083398818981 0.088557366281747832 1.0000000180025095e-35 0.20707555115222934 0.25872252881526953 0.6168709695339204 0.62352082133293163 0.42514967918396002 0.26566220819950109 1.0000000180025095e-35 0.46369962394237524 1.1456996798515322 0.70072525739669811 -0.99834722280502308 0.70000001788139354 0.92256030440330516 0.85936224460601818 0.47939741611480718 0.31061333417892462 0.58756005764007579 1.1988850235939028 0.31061333417892462 0.82499995827674877 -0.031048095785081383 -0.002927208435721695 0.95365807414054882 0.51461645960807811 0.26633498072624212 -0.44967670738697046 0.0050968928262591371 0.78750005364418041 0.94839325547218334 0.19584646075963977 -0.096184510737657533 -0.37640564143657679 0.20707555115222934 0.68507987260818493 -0.63144743442535389 0.18814221769571307 0.20247022062540057 0.12682253867387774 0.084011409431695952
decision_type=2 2 2 2 2 2 2 2 2 2 2 2 2 2 2 2 2 2 2 2 2 2 2 2 2 2 2 2 2 2 2 2 2 2 2 2 2 2 2 2 2 2 2 2 2 2
left_child=2 3 5 7 12 16 13 8 9 10 -2 21 23 14 20 -9 -1 18 -16 -17 -5 22 -8 -3 25 -4 27 37 29 30 33 -32 -33 -10 35 41 -36 38 -14 -40 -6 -35 44 -44 -43 -46
right_child=1 4 24 6 40 -7 11 15 28 -11 -12 -13 26 -15 17 19 -18 -19 -20 -21 -22 -23 -24 -25 -26 -27 -28 -29 -30 -31 31 32 -34 34 36 -37 -38 -39 39 -41 -42 42 43 -45 45 -47
leaf_value=0.014067208929804958 -0.00328986678957167 0.0013476314281779386 0.016466238511160039 -0.0053675500715666168 0.0073495600175217286 0.0064043923895984759 -0.007450939939727317 0.0020840890016844615 -0.0071763805483467781 0.0025238679379871766 -0.016490505172100479 0.0043892158191560149 0.04111589348629352 -0.0021845454534649197 0.11975365944950503 -0.016804141670529838 0.026298362266515718 -0.009507961842923858 -0.0022126417507295805 -0.0010048417184474086 -0.024394227082957923 0.0053219056317535688 -0.0028149991595011878 0.0040723692922584589 -0.0041099570898656089 0.028286810818052708 0.0089396659531444152 0.0057057287409946634 0.0022093949908251588 -0.02618006415783462 0.065192180543627118 -0.017533116785946816 0.094547485835479991 -0.019057645656116753 0.040265404545995191 0.065589499632959694 0.0042892234840774621 0.0017432011114271691 -0.047463835096061682 -0.0089996714805863909 0.014623981317497512 0.0048596993146639515 0.078896992524233378 -0.010119990184364215 0.0085120693051818248 -0.015216801230755386
leaf_weight=11046.60384355858 87057.952525608242 165812.74388991296 3223.6643594764173 1324.0699666254222 20944.82230874896 22157.482875570655 24813.185393683612 107883.87951721251 7860.2797317653894 17333.486484277993 2841.4652416147292 7301.9368715360761 115.75385040044785 3635.2855411395431 42.468338835984468 2095.7715458758175 3469.4792762063444 5437.9039754476398 68.82023106329143 5426.9413216151297 4761.7650362607092 3500.6755623333156 38902.690118763596 56490.322379663587 384.5151474326849 7263.3416722156107 17320.016946621239 10423.114802002907 44306.846358153969 747.60123857483268 162.82376323640347 188.737344391644 38.511698227375746 1333.9489747732878 246.90730883926153 62.526811927556992 8939.2673364467919 2708.0489477515221 403.21431788802147 1049.6588008254766 7261.0542970187962 2155.8005101196468 86.948343239724636 77.210710093379021 644.93128820508718 2481.7238317579031
leaf_count=81508 402076 460129 33090 19551 87084 107618 193816 454419 20006 74664 24368 38115 187 42665 238 12323 29470 54394 627 23749 92699 12103 233294 183238 3060 80878 49578 28897 119649 774 186 534 64 3380 267 22 25559 7067 208 2990 45532 6171 102 283 2050 5247
internal_value=0.00150877 0.000644209 0.0135865 -0.00126015 0.00321745 0.010601 -0.0046914 -0.000204857 -0.00138118 -0.00270072 -0.00370827 -0.00327016 0.00255091 -0.0116224 -0.0145678 0.00159477 0.0170008 -0.00830245 0.0480009 -0.00541745 -0.0202655 -0.00410267 -0.00462107 0.00204016 0.0236453 0.0246655 0.00609561 0.00274174 0.000659561 -0.0020837 -0.0013351 0.0297928 0.00336707 -0.00185108 0.00076145 -0.00530605 0.0052828 -0.00447794 -0.0151893 -0.0198319 0.00922524 -0.00601851 -0.00280599 0.0380967 -0.00412053 -0.0103126
internal_weight=711836 664291 47545.1 381762 282529 36673.6 89788.8 291974 176567 107233 89899.4 74518.5 254323 15270.3 11635 115407 14516.1 5549.19 111.289 7522.71 6085.84 67216.6 63715.9 222303 10871.5 10487 32019.8 14699.8 69334.1 25027.2 24279.6 390.073 227.249 23889.5 16029.3 6843.09 9186.17 4276.68 1568.63 1452.87 28205.9 6780.56 5446.61 164.159 5282.46 3126.66
internal_count=3063929 2728305 335624 1863395 864910 218596 687502 1175893 685402 501108 426444 477328 732294 210174 167509 490491 110978 55259 865 36072 112250 439213 427110 643367 117028 113968 88927 39349 184294 64645 63871 784 598 63087 43081 17255 25826 10452 3385 3198 132616 17233 13853 385 13468 7297
is_linear=0
shrinkage=0.035


Tree=92
num_leaves=47
num_cat=0
split_feature=75 3 18 107 107 10 64 51 6 10 89 26 3 98 7 94 59 127 59 104 109 61 10 105 105 7 22 6 6 110 6 39 7 1 6 96 129 91 109 128 143 64 91 138 72 143
split_gain=5729.02 2258.29 1172.5 883.602 745.805 639.302 609.713 584.878 558.363 479.129 452.241 440.769 439.187 435.714 414.822 409.512 402.73 383.316 344.55 338.584 320.955 314.087 310.012 418.362 366.702 304.384 292.27 291.782 282.413 344.475 280.965 280.902 261.954 291.646 279.869 271.912 752.072 797.759 424.856 581.416 480.21 449.128 421.977 408.93 254.504 252.24
threshold=0.057570345699787147 0.11629071831703187 0.22396993637084964 0.12500649690628055 0.19858156144618991 0.47004804015159612 -0.8396807312965392 0.70072525739669811 0.37287150323390966 0.65539333224296581 0.76669082045555126 0.22396993637084964 0.081283997744321837 0.90000006556510936 0.40570861101150518 0.027405819855630401 0.82850518822669994 -0.028224321082234379 0.22396993637084964 -0.010525008663535116 0.49913181364536291 -0.15320943295955655 0.37376695871353155 -0.0078690536320209486 0.0063819820061326036 0.54448783397674572 0.6168709695339204 0.083094760775566115 0.095957152545452132 0.14618421345949176 0.0055324055720120677 1.0000000180025095e-35 0.39208520948886877 -0.11459387093782424 0.46845349669456487 1.0000000180025095e-35 -0.36996018886566157 -0.27898699045181269 0.22863342612981799 0.015358151867985727 0.31405763328075414 0.019936126656830314 0.70438140630722057 0.040869029238820083 0.63281741738319408 -0.3917118608951568
decision_type=2 2 2 2 2 2 2 2 2 2 2 2 2 2 2 2 2 2 2 2 2 2 2 2 2 2 2 2 2 2 2 2 2 2 2 2 2 2 2 2 2 2 2 2 2 2
left_child=3 4 5 7 16 11 -4 12 9 10 13 18 19 15 -10 -6 22 -11 44 -1 32 31 27 -24 -25 -5 -27 -2 29 -29 -13 -7 33 -8 35 36 -35 43 39 42 -40 -41 -39 -38 -3 -16
right_child=1 2 6 25 8 21 20 -9 14 17 -12 30 -14 -15 45 -17 -18 -19 -20 -21 -22 -23 23 24 -26 26 -28 28 -30 -31 -32 -33 -34 34 -36 -37 37 38 40 41 -42 -43 -44 -45 -46 -47
leaf_value=-0.023830095778367203 0.011199099926168202 -0.012693400885220873 0.0010493049921611653 0.0063655859567145366 0.0013184221924042515 -0.012859639898698708 -0.0047263018331365802 0.025767696798322089 0.0029380388056857395 -0.028162026826584387 0.032359870079924101 0.013898983138536209 -0.00059453590919378914 0.0046515682976122456 -0.0033236498130069453 -0.0039661011896978465 0.013072469415337002 -0.0034211885084012568 -0.001518901893653091 0.016602906018902311 -0.010219183448699879 0.0027289013136984142 -0.0088399162494566461 0.0054453559710460611 -0.0048624365538883531 0.028658699648632446 -0.02422831461210247 -0.010470194754630908 0.0059955372526689695 0.054116410176601182 -0.0052935462089804394 0.0054892547110843301 0.0010613505824437932 -0.042448035186467011 0.0070099182161751624 -0.0021790054790619493 -0.018156996548019805 0.025353253360108855 -0.014919839701531965 0.012625180449479191 0.030764368225722399 0.05683565323836437 -0.016571462536655663 0.022252394216335576 -0.025324441758442971 0.011828318003379856
leaf_weight=252.19814284518361 13871.286623951048 14568.982667157426 180226.55206641927 18172.835063975304 41810.778945557773 3739.2008299250156 41640.925544206053 7353.9759711846709 66384.221869766712 1264.3088561445475 537.6963964253664 1079.5098047889769 2183.9257679060102 22128.340002551675 1534.5186146944761 31484.23903670162 8397.1956673339009 1943.9592677429318 2999.7251555155963 17649.613559927791 5432.4446371346712 10313.29568107985 3516.5169186890125 27467.850305233151 4991.0452045612037 1252.8795987255871 137.75421556830406 2020.7779681831598 26424.711638644338 100.52437994629145 6704.6197649519891 1400.9441669192165 36173.326197061688 368.95594003051519 4817.389652300626 81467.234451327473 1489.7188930623233 741.63747507333755 795.37626016139984 420.98287383466959 428.76986943557858 873.21401812881231 479.28239662572742 380.32988904416561 2263.1969067100435 10762.597931750119
leaf_count=1642 43489 160107 677814 95494 118889 29726 201632 70295 219500 2585 409 8630 11325 65563 5815 99380 33898 3979 31216 144993 34012 58736 8984 86945 13221 11209 666 4674 96919 79 67105 8916 165253 167 17543 380903 611 256 311 156 140 245 193 138 41695 38471
internal_value=0.00145908 0.000622441 -0.00104096 0.0132664 0.00312914 -0.00649466 -0.000380555 0.0173186 0.00183101 8.40696e-05 0.000529356 -0.00968396 0.0142179 0.000347881 0.00403256 -0.000951591 0.00578888 -0.0132081 -0.0124537 0.016025 -0.00184888 -0.000793109 0.00500763 0.00261665 0.0038595 0.00757884 0.0233319 0.00703463 0.00500876 -0.00726145 -0.00262213 -0.00785639 -0.00158112 -0.00229505 -0.00119742 -0.00165012 0.00555064 0.00875132 0.0180768 0.0262913 0.00114642 0.042586 0.00888767 -0.009889 -0.0144007 0.00993614
internal_weight=710449 663446 398806 47003.2 264641 43069.5 355736 27439.7 177851 99169.3 95961.1 27616 20085.7 95423.4 78681.3 73295 86789.9 3208.27 19831.9 17901.8 175510 15453.4 78392.7 35975.4 32458.9 19563.5 1390.63 42417.3 28546 2121.3 7784.13 5140.14 170077 133904 92262.9 87445.5 5978.27 5609.31 3739.26 2515.12 1224.15 1294.2 1220.92 1870.05 16832.2 12297.1
internal_count=3063929 2728305 1885505 335624 842800 406131 1479374 228255 554591 290805 284241 308753 157960 283832 263786 218269 288209 6564 233018 146635 801560 97378 254311 109150 100166 107369 11875 145161 101672 4753 75735 38642 767548 602295 400663 383120 2217 2050 1301 850 451 401 449 749 201802 44286
is_linear=0
shrinkage=0.035


Tree=93
num_leaves=47
num_cat=0
split_feature=17 3 17 75 17 129 72 74 23 95 26 21 62 63 107 129 142 17 18 97 13 64 63 6 140 96 129 79 92 68 98 7 96 36 98 108 105 7 63 64 123 7 7 10 112 39
split_gain=5451.33 2098.91 1421.51 1395.01 1095.38 816.708 619.122 470.772 451.137 429.259 599.815 391.581 436.397 380.603 395.449 365.726 338.629 337.376 332.4 329.999 316.109 313.827 386.975 292.101 287.541 348.869 282.635 395.107 281.98 371.68 297.987 276.235 269.278 264.103 263.788 259.443 528.076 261.024 314.273 258.902 248.58 248.575 382.497 247.684 246.242 239.881
threshold=0.65050083398818981 0.11629071831703187 0.70072525739669811 0.040545130148530013 1.0000000180025095e-35 -0.19744588434696195 0.52142679691314708 1.0000000180025095e-35 1.0000000180025095e-35 0.60073482990264904 1.0000000180025095e-35 0.14931328594684604 -0.17348335683345792 -0.086761027574539171 0.15093246847391131 -0.31304390728473658 0.19560725986957553 0.46720869839191442 0.65050083398818981 1.0000000180025095e-35 0.46720869839191442 -0.51307904720306385 -0.065616015344858156 0.46845349669456487 0.025902658700942997 0.036261685192584998 -0.29527980089187617 1.1226205229759219 0.0029074683552607898 0.0024996355641633277 0.73750004172325145 0.50812992453575145 0.0519815031439066 0.95146143436431896 0.7500000298023225 0.025969028472900394 -0.0031713745556771751 0.23724339902400973 -0.0019448717357590792 -0.93860885500907887 0.30477298796176916 0.50812992453575145 0.26039944589138037 0.60402545332908641 0.62224116921424877 1.0000000180025095e-35
decision_type=2 2 2 2 2 2 2 2 2 2 2 2 2 2 2 2 2 2 2 2 2 2 2 2 2 2 2 2 2 2 2 2 2 2 2 2 2 2 2 2 2 2 2 2 2 2
left_child=1 3 31 18 6 11 9 20 17 10 45 12 32 14 -14 19 -17 -7 -1 -16 -6 35 -23 39 25 28 -13 -28 -24 -30 -31 -2 34 -11 -5 37 -37 -15 -39 -9 -19 42 -4 -44 -26 -3
right_child=2 4 41 5 7 8 -8 23 -10 33 -12 26 13 21 15 16 -18 40 -20 -21 -22 22 24 -25 44 -27 27 -29 29 30 -32 -33 -34 -35 -36 36 -38 38 -40 -41 -42 -43 43 -45 -46 -47
leaf_value=0.020555738332047182 0.0080959423102464623 -0.015854973451410112 0.022557097543349412 -0.0016725084693918195 -0.0040330194190171982 0.00029916606293153538 -0.014975874035047103 0.0015409476667543611 -0.0019317443662270465 -0.0016852514882604933 -0.0033869674844105024 0.011895042868100211 0.0048887091532027914 0.018754491091412789 -0.072874965819103618 -0.029327375619330902 0.01569194583923406 0.0031054377469797462 0.0015483655402861623 -0.0025983915371952594 0.006005137138167433 0.027181192949868913 -0.054286861793824762 0.0057056561598765902 0.010256641420957179 -0.0014008202183791792 0.0060098049698952731 -0.070898907077398932 0.0019938703776383503 -0.064417508953038563 -0.015632507776172436 0.018912388258954665 0.0051939571505067424 0.013307516869837367 0.046874168604117285 0.042301113901623333 0.0017182209170199839 -0.048437236500427909 -0.00031688124333352345 -0.00074621110317623219 0.0098563761827349834 0.03096330747312416 0.0054481705325462549 -0.11198363046407571 -0.013006589326596934 -0.0050304109395299858
leaf_weight=6658.8511409498751 39221.809170175344 8744.959188695997 8085.5276496186852 186.20309542864561 46958.216982483864 62493.084427699447 6577.5027985405177 103319.78376718611 40122.040301363915 35276.02949155122 26484.638970306143 12707.489802479744 747.07515214383602 547.48945283144712 299.95375778526068 605.25900739431381 302.78998078405857 77964.98325041309 1358.9158068522811 112.72596254199743 4179.4995475262403 464.24920609593391 308.12501274049282 12378.62616173923 1753.652229309082 1621.2124086841941 36796.448043201119 76.027310401201248 631.67025852203369 257.75857778638601 380.85238941013813 3122.8288736455142 945.16492161899805 1494.4343292750418 506.25701653957367 714.24430383741856 866.09660989418626 211.41136983036995 708.57435513287783 146710.39326077327 7305.55078471452 3054.201546240598 1590.4049389846623 16.311089791357517 809.80256145074964 3529.4669588431716
leaf_count=55535 194344 122478 86045 117 154688 202755 106092 356133 128709 198458 252362 39673 1818 1315 165 1222 505 238028 6168 327 11643 450 176 40684 2886 5287 120572 37 240 115 147 19269 3049 8126 258 433 1369 281 934 581069 25584 34765 14599 197 1973 42849
internal_value=0.00141068 0.000520092 0.0119836 0.00297305 -0.00108232 0.0025127 -0.00468094 -0.000139865 0.00135923 -0.00378317 -0.00635292 0.00597626 0.000563472 -0.00187719 -0.0154327 -0.0269043 -0.0143016 0.00225293 0.0173389 -0.0540117 -0.00321182 0.00115196 -0.0033511 0.000458818 -0.00583789 -0.0128264 0.00739297 0.00583948 -0.0245065 -0.0170548 -0.0357532 0.00889641 0.0174191 -0.0010736 0.0339052 0.010344 0.020156 -0.000255741 -0.0116265 0.000198889 0.00368458 0.0222297 0.0194592 0.00383841 0.0028911 -0.0127471
internal_weight=709209 654118 55091.1 258464 395654 250446 82107 313547 187886 75529.5 38759.1 62560.5 12980.6 11342.9 2067.8 1320.73 908.049 147764 8017.77 412.68 51137.7 9275.14 6227.32 262409 5763.07 3199.62 49580 36872.5 1578.41 1270.28 638.611 42344.6 1637.63 36770.5 692.46 3047.82 1580.34 1467.48 919.986 250030 85270.5 12746.4 9692.24 1606.72 2563.45 12274.4
internal_count=3063929 2714710 349219 840128 1874582 778425 730365 1144217 595076 624273 417689 183349 23067 19643 4037 2219 1727 466367 61703 492 166331 15606 11274 977886 10824 5965 160282 120609 678 502 262 213613 3424 206584 375 4332 1802 2530 1215 937202 263612 135606 100841 14796 4859 165327
is_linear=0
shrinkage=0.035


Tree=94
num_leaves=47
num_cat=0
split_feature=17 3 107 18 17 10 106 7 64 6 73 140 81 26 36 2 36 36 96 79 79 97 48 21 106 10 105 82 6 116 6 7 7 21 106 21 6 53 68 89 113 71 109 6 140 107
split_gain=5176.11 2539.84 1340.29 1057.99 748.463 584.54 577.015 552.677 530.422 472.444 449.999 432.483 448.555 413.315 337.944 334.231 332.738 331.921 310.331 301.46 287.986 269.236 318.952 293.75 268.262 267.524 267.51 271.414 261.043 252.891 250.202 282.54 251.422 243.345 242.331 523.133 250.792 241.081 239.336 239.227 353.501 423.872 507.343 377.04 365.441 358.236
threshold=0.68507987260818493 0.11629071831703187 0.043062696233391769 0.22396993637084964 0.56247621774673473 0.47004804015159612 0.25745639204978948 0.50812992453575145 -0.8590542972087859 0.39410215616226202 0.048561003059148795 0.1212967485189438 0.70000001788139354 0.22396993637084964 0.96777313947677623 -0.15320943295955655 0.61270344257354747 0.594905585050583 0.48893818259239202 1.0240213274955752 1.2807927131652834 0.048867769539356239 0.14931328594684604 1.2758579254150393 0.117636326700449 0.64769724011421215 0.0040992842987179765 1.0000000180025095e-35 0.0055324055720120677 0.36465089023113256 0.37287150323390966 -0.066759269684553132 0.56082165241241466 0.52967563271522533 0.14273145049810412 0.14931328594684604 0.038208844140172012 0.78566908836364757 -0.092766616493463502 0.44559228420257574 0.089097209274768843 -0.24538711458444593 0.078887630254030242 0.10583214089274408 -0.18307341635227201 0.32872161269187933
decision_type=2 2 2 2 2 2 2 2 2 2 2 2 2 2 2 2 2 2 2 2 2 2 2 2 2 2 2 2 2 2 2 2 2 2 2 2 2 2 2 2 2 2 2 2 2 2
left_child=1 2 10 5 11 13 30 9 20 -2 -1 12 24 17 15 -7 21 -3 -14 25 39 22 23 -10 -4 -13 27 -20 -15 -17 31 -6 34 -28 35 -33 -36 -18 -37 40 41 -5 43 45 -44 -43
right_child=7 3 4 8 6 14 -8 -9 16 -11 -12 19 18 28 -16 29 37 -19 26 -21 -22 -23 -24 -25 -26 -27 33 -29 -30 -31 -32 32 -34 -35 36 38 -38 -39 -40 -41 -42 42 44 -45 -46 -47
leaf_value=0.020279168988092729 0.01049487436721378 -0.014155360324584403 -0.0089275420015990179 -0.00095640774773008764 0.011117181697120958 -0.0093286517242093196 0.01389989548440441 0.028904856098195555 -0.0029195165162757063 0.021531259255652774 0.008475796714735152 0.0084831344921945714 0.0022427678147140398 0.013409378802305907 0.024044104680615963 0.0014407226925840541 0.0020333298966035839 -0.0023694728378522421 -0.032612768896940182 0.04944637281812813 0.054446111295105563 -0.0052644480239001862 0.0013649038733677876 -0.043964696691952902 -0.0010398891545851966 -0.0024307135702231297 -0.032948823509915487 0.011010197167295191 -0.005035774616590021 0.077845110108628032 0.0060776085406678984 -0.11821741100359658 0.012115292474655211 0.022220717157726722 0.0076229260989869076 -0.055331826507313053 -0.00027716831587553965 -0.0034484239638813124 -0.0034552580356059736 -0.0032470937341566248 0.00074535395839717686 0.016877845556474175 0.035351875838061382 0.0063793365731407555 0.0029488581681586389 0.044035587827352625
leaf_weight=6303.707007791847 12004.210324395448 15952.318979177624 6057.2123020812869 7149.4067512005568 3922.8845898807049 4881.9074905570596 8592.121841609478 4169.9884817413986 63758.862664319575 7891.6249535046518 10667.368739340454 13114.849972359836 109125.4125643149 1088.2204738929868 638.89612466469407 9864.8424538020045 38967.356550998986 3590.26056115143 828.65013632923365 194.00132986903191 117.38513716310263 35365.896427042782 29042.361907429993 208.3780225366354 41049.696565337479 3476.985854331404 127.36294589191675 217.41233272105455 6657.6175450962037 47.364006336778402 47056.459105744958 43.599309712648392 2390.6829221472144 363.73675607144833 7135.3298382721841 104.53891597688198 15835.419019892812 13135.307685703039 7874.0491973310709 15165.922484677285 141674.20803284273 1409.2892742753029 445.68576307594776 1539.5367606878281 7666.6871131844819 1042.4266254492104
leaf_count=54859 92405 193783 24584 21312 14767 37553 38465 43590 295061 71627 42972 34143 324643 8630 2987 56763 159110 39275 940 58 52 181486 124338 97 124445 9556 103 771 67113 201 177824 28 9907 418 24867 318 55686 64016 26002 46352 569426 849 484 5382 15317 1364
internal_value=0.00136389 0.000802403 0.0033297 -0.000997672 0.00272439 -0.0062023 0.00526128 0.0173155 -0.000374183 0.014878 0.0128662 0.00137324 0.000804797 -0.00928063 -0.00075718 -0.00183815 -0.00170781 -0.011992 0.00202241 0.00671333 0.000991705 -0.00266519 -0.00167649 -0.00305747 -0.00205531 0.00619545 -0.0135631 -0.0235268 -0.00243489 0.00185356 0.00438043 0.00223884 0.00119348 0.00767032 0.00034855 -0.0048859 0.00217778 0.00065095 -0.00417713 0.000954168 0.00135026 0.00579941 0.00978917 0.0199968 0.00475494 0.0285077
internal_weight=707957 683892 284481 399410 267510 42721.4 92955.1 24065.8 356689 19895.8 16971.1 174555 157769 27288.4 15433 14794.1 180478 19542.6 110663 16785.8 176211 128375 93009.6 63967.2 47106.9 16591.8 1537.16 1046.06 7745.84 9912.21 84363 37306.5 33383.6 491.1 30992.9 8022.19 22970.7 52102.7 7978.59 176093 160927 19253 12103.6 3991.25 8112.37 2451.72
internal_count=3063929 2856307 965356 1890951 867525 406305 347864 207622 1484646 164032 97831 519661 475904 308801 97504 94517 824108 233058 326875 43757 660538 600982 419496 295158 149029 43699 2232 1711 75743 56964 309399 131575 116808 521 106901 26348 80553 223126 26320 660486 614134 44708 23396 7595 15801 2213
is_linear=0
shrinkage=0.035


Tree=95
num_leaves=47
num_cat=0
split_feature=17 3 75 75 129 17 7 7 73 7 74 64 58 6 97 51 6 106 106 5 129 6 79 79 7 21 108 62 63 126 104 110 129 97 94 90 107 89 21 94 62 47 7 129 10 1
split_gain=4905.06 2369.65 1303.91 1012.66 708.151 706.551 607 544.837 491.647 460.864 454.642 444.611 378.885 345.533 337.599 341.999 328.758 327.122 320.398 310.918 298.213 285.205 269.986 259.254 259.006 256.431 461.581 386.186 385.88 378.581 359.544 355.41 350.183 397.4 318.274 269.633 262.933 250.833 336.394 320.223 258.164 250.338 250.134 249.774 249.457 268.006
threshold=0.68507987260818493 0.11629071831703187 0.034527998417615897 0.38612751662731176 -0.19744588434696195 0.53458327054977428 0.35569444298744207 0.50812992453575145 0.063713967800140395 0.25887389481067663 0.6391788423061372 -0.82431364059448231 1.0000000180025095e-35 0.37919771671295172 0.044548602774739272 0.37446653842926031 0.30092589557170873 0.25398422777652746 0.26969671249389654 0.14931328594684604 -0.27464218437671656 0.37287150323390966 0.3114724606275559 1.2807927131652834 0.25081019103527075 0.14931328594684604 0.061770789325237281 -0.094644952565431581 -0.018505002371966835 0.45466494560241705 0.028993768617510799 0.094466552138328566 -0.24880595505237577 1.0000000180025095e-35 -0.028120066970586773 0.30528171360492712 0.15343380719423297 0.37498413026332861 1.1137883663177492 0.0030622010817751293 -0.049011465162038796 0.53458327054977428 -0.066759269684553132 -0.10033106058835982 0.34011973440647131 0.057936275377869613
decision_type=2 2 2 2 2 2 2 2 2 2 2 2 2 2 2 2 2 2 2 2 2 2 2 2 2 2 2 2 2 2 2 2 2 2 2 2 2 2 2 2 2 2 2 2 2 2
left_child=1 2 17 11 8 19 10 9 -4 41 12 23 14 -14 15 -5 -8 -1 21 -6 -13 42 -22 -3 -23 26 27 35 31 30 -28 32 33 34 -29 -10 -36 38 -21 -40 -39 -2 -7 -44 -34 -46
right_child=7 3 4 6 5 18 16 -9 25 -11 -12 20 13 -15 -16 -17 -18 -19 -20 37 22 24 -24 -25 -26 -27 29 28 -30 -31 -32 -33 44 -35 36 -37 -38 40 39 -41 -42 -43 43 -45 45 -47
leaf_value=0.0081616750401771083 0.015562851436139761 0.0011235165027169522 0.012051205790368369 -0.0056778662826091793 -0.0044178336733275399 0.010069990521976459 -0.0040450380129332516 0.028635954070588696 0.016525450765832447 0.0057451625616972276 -0.021482670669901505 -0.0067873435817634208 0.00043315853326059573 -0.013151003975538167 -0.012179239040536664 0.033315062356358699 0.0038909249488930536 0.022713617279602825 0.011765537787981416 -1.5965100460426376e-06 -0.00024054249352517768 0.0028637960593740032 -0.0041327058658428848 0.051414778920665191 0.0079940286966919735 0.0057822325762351048 0.019650327380457345 -0.0044943422476746223 -0.0018015981794536776 -0.03244907206573374 -0.024523110445449244 0.032427691410977233 0.013218468226159526 -0.0073709338739401846 -0.017136149878190742 -0.0075531419856054889 -0.066639093233082008 -0.0023966712603319955 0.00053706582583898127 -0.07311925157271891 0.0066558039012166465 0.027414202625544237 0.0026200337552851468 -0.0035285639117891214 -0.03958772790735203 0.025163546919147087
leaf_weight=3086.8648439273238 11611.187069956213 167837.82090315409 13042.977820839733 20822.183422470465 16737.135932851583 3599.628233127296 12579.340065091848 4063.7658179737628 1592.2741631641984 5327.0499020405114 2381.0495145171881 11844.891172060743 14859.271284649149 2706.2611217238009 13980.911918330938 273.28381589241326 12993.7286396157 4934.331126768142 6207.600281573832 79427.886077098548 111526.17933492176 25117.072974644601 27142.245957566425 119.67233794927597 23206.925824616104 41430.858671788126 2465.7859383076429 184.76561699807644 4246.8402030691504 210.9011882469058 243.14027056843042 148.1880905777216 447.3600949794054 495.54594730585814 174.67704330384731 880.24115124344826 603.94635508954525 5243.0611284673214 138.35322563350201 144.72725263237953 14574.910479892045 2706.6389061100781 22286.288940113038 12700.249393451959 318.77967409789562 98.440547414124012
leaf_count=16773 98180 591665 58458 167447 55326 13043 104099 43590 2555 37550 42887 42743 100670 21132 117130 1647 92207 44572 27011 252448 479797 87997 129472 55 87646 127034 4136 75 7442 487 453 277 851 1672 174 2006 303 15113 207 165 43128 28302 73553 41630 678 143
internal_value=0.00131864 0.000775332 0.00321903 -0.000963692 0.00281446 0.00181449 -0.00446827 0.0169671 0.0059584 0.0145448 -0.00653881 -7.66878e-05 -0.00586035 -0.00166298 -0.00796141 -0.00516298 -1.245e-05 0.0171248 0.00408623 -4.98904e-06 -0.00145814 0.00353686 -0.00100258 0.00116124 0.00532839 0.00447282 -6.562e-06 -0.0038593 -0.0082106 0.0121012 0.0156369 -0.0191879 -0.0225586 -0.0329864 -0.0460262 0.00795216 -0.0557607 0.000737224 -0.000138871 -0.0378261 0.00426043 0.0178144 0.0012925 0.000387597 -0.00484616 -0.0241492
internal_weight=706765 683057 283990 399067 275969 209384 80596 23708.6 66584.7 19644.9 55023 318471 52641.9 17565.5 35076.4 21095.5 25573.1 8021.2 93117.8 116266 150513 86910.2 138668 167957 48324 53541.7 12110.9 9191.06 6718.54 2919.83 2708.93 2471.7 2323.52 1458.93 963.389 2472.52 778.623 99528.9 79711 283.08 19818 14317.8 38586.2 34986.5 864.58 417.22
internal_count=3063929 2856307 965356 1890951 904011 697267 647219 207622 206744 164032 450913 1243732 408026 121802 286224 169094 196306 61345 330880 366387 652012 303869 609269 591720 175643 148286 21252 16176 11615 5076 4589 4173 3896 2224 552 4561 477 311061 252820 372 58241 126482 128226 115183 1672 821
is_linear=0
shrinkage=0.035


Tree=96
num_leaves=47
num_cat=0
split_feature=17 3 75 17 17 72 7 124 6 74 95 26 81 14 3 10 130 7 6 50 50 95 97 6 10 91 72 91 94 98 93 22 10 89 17 36 48 64 36 53 48 7 95 10 127 138
split_gain=4647.15 2211.12 1239.97 961.001 571.457 555.218 536.623 531.178 455.12 432.052 410.598 562.756 353.314 327.618 308.143 353.606 314.774 358.191 288.103 289.715 292.442 275.225 249.29 240.555 233.736 233.261 379.886 537.084 230.268 259.425 293.793 247.467 241.5 240.473 258.298 226.941 223.982 223.559 223.348 254.25 223.276 219.94 219.2 226.474 271.438 289.828
threshold=0.68507987260818493 0.11629071831703187 0.034527998417615897 1.0000000180025095e-35 0.61035025119781505 0.52142679691314708 0.50812992453575145 0.091473430395126357 0.39410215616226202 1.0000000180025095e-35 0.60073482990264904 1.0000000180025095e-35 0.70000001788139354 0.56247621774673473 0.083910979330539717 0.69622436165809642 -0.2820762544870376 0.17569444328546527 0.46845349669456487 1.0000000180025095e-35 0.94885653257370006 0.55072030425071727 0.060311645269393928 0.075932096689939513 0.17917595058679583 -0.99834722280502308 0.37577258050441747 -0.9990255832672118 0.030558533966541294 0.90000006556510936 -0.044619118794798844 0.75985208153724682 0.17917595058679583 0.6434457302093507 0.31061333417892462 0.61270344257354747 0.69700351357460033 -0.82431364059448231 1.0000000180025095e-35 0.74141654372215282 0.76330652832984935 0.56082165241241466 0.29090048372745519 0.17917595058679583 0.24250693619251254 0.047466313466429717
decision_type=2 2 2 2 2 2 2 2 2 2 2 2 2 2 2 2 2 2 2 2 2 2 2 2 2 2 2 2 2 2 2 2 2 2 2 2 2 2 2 2 2 2 2 2 2 2
left_child=1 2 21 5 7 10 8 14 -2 13 11 -3 40 37 15 24 17 -17 19 -11 22 -1 -21 25 -4 26 -12 -28 33 32 31 -31 -30 34 -14 -25 -26 -5 -13 -40 42 -6 -9 -44 -45 -46
right_child=6 3 4 9 41 -7 -8 12 -10 18 23 38 28 -15 -16 16 -18 -19 -20 20 -22 -23 -24 35 36 -27 27 -29 29 30 -32 -33 -34 -35 -36 -37 -38 -39 39 -41 -42 -43 43 44 45 -47
leaf_value=0.0074664741749204391 0.0098925419054982332 -0.012266413057407438 0.015688970689026808 -0.0021139667027773516 0.00544098377490977 -0.014233721380076237 0.028364968380295948 -0.007057349635328258 0.020878326879821291 -0.00044608321961828743 0.004116498040686048 -0.0083709789069930946 -0.0018373711583113085 0.0035157362729617923 0.0009876516064498441 0.012370083148526976 -0.00012318894222649289 -0.12991462837143938 0.0055844708245041111 0.004770634623592159 -0.0099226575964992333 0.021369961749793748 0.00031951792399016504 -0.00054885531236893931 0.0056897009356727058 -0.0058129579563520354 -0.024143069184203007 0.18794323239574748 0.0015985519728916261 0.013207561670720114 -0.00024638448043693258 -0.0060220670555804195 -0.0047860380786024356 0.017346346673219076 0.0037656654126137471 0.0078535119653963918 0.015437104574527204 -0.0072124356181251011 0.0005812256653440432 -0.010566630498202003 0.0058731013471185929 0.016214714126059758 0.0029382929075563763 -0.0035574585456370836 0.036047117678316198 -0.0019938435007074338
leaf_weight=2618.2801579646766 11774.552993200719 12065.648145247251 4949.376884598285 26042.290073804557 52346.929962787777 6378.6824654061347 3960.8803902566433 8902.1903489306569 7626.448818501085 188216.28986404836 188.83883296325803 7236.7059740163386 11866.538451060653 8016.9405846148729 14106.012339934707 37.00041539222002 4969.1829439997673 42.935670256614685 13022.679139010608 33607.887199483812 2315.5955563932657 5286.4146124608815 28477.058105662465 20380.894398368895 18099.346356250346 11081.289544066414 22.066240485757589 30.952569078654051 13336.448060065508 4819.2481225281954 8585.1461829990149 983.24347946047783 15906.104982748628 1435.8306025639176 66706.355837211013 4874.1018583476543 3436.4323538541794 17703.477229692042 16122.553154950961 2961.1367486212403 4709.8220984302461 2425.8278541713953 12335.997430451214 24581.834119003266 440.10171641409397 542.95264524966478
leaf_count=14058 92405 165327 15967 80953 213115 106092 43590 34851 71627 702648 900 75870 41069 25263 43821 161 19028 77 43324 118596 8868 47287 118000 109780 61921 67837 183 74 41876 13314 26185 3086 45032 2753 187708 27810 15893 62934 148052 28440 15320 12191 36605 71386 937 1715
internal_value=0.00127486 0.00074914 0.00311236 -0.000930881 0.00272005 -0.00432485 0.0166224 0.00192604 0.0142166 -6.09905e-05 -0.00348052 -0.00600883 0.00104957 -0.00298611 0.00528886 0.00721206 -0.00127365 -0.0676874 0.000509022 0.000247216 0.00227343 0.016775 0.00272937 -0.000826459 0.00883002 -0.00506408 0.0285222 0.106045 0.00206424 1.85833e-05 0.00386547 0.0099447 -0.00187423 0.00317957 0.00291927 0.0010739 0.00724935 -0.00417817 -0.0031378 -0.00115086 -0.00138556 0.00592002 -0.00211685 -0.000955259 -0.00283463 0.0151432
internal_weight=705577 682215 283470 398745 275565 81342.9 23361.9 220792 19401 317402 74964.2 38386 175152 51762.7 45640.3 31534.3 5049.12 79.9361 265640 252617 64400.5 7904.69 62084.9 36578.1 26485.2 11323.1 241.858 53.0188 123639 43630.2 14387.6 5802.49 29242.6 80008.7 78572.9 25255 21535.8 43745.8 26320.4 19083.7 51512.9 54772.8 46803.1 37900.9 25564.9 983.054
internal_count=3063929 2856307 965356 1890951 904011 730365 207622 678705 164032 1160586 624273 417689 521837 169150 156868 113047 19266 238 991436 948112 245464 61345 236596 206584 93781 68994 1157 257 361023 129493 42585 16400 86908 231530 228777 137590 77814 143887 252362 176492 160814 225306 145494 110643 74038 2652
is_linear=0
shrinkage=0.035


Tree=97
num_leaves=47
num_cat=0
split_feature=17 17 124 18 48 17 36 112 3 17 123 6 40 28 5 14 106 89 52 106 6 74 53 58 106 123 3 6 6 6 44 129 35 113 4 1 63 93 1 126 124 129 129 3 124 95
split_gain=4400.89 2077.65 1123.44 792.175 577.506 558.815 482.165 459.676 448.752 447.814 397.088 404.039 386.083 383.827 377.764 371.217 358.123 418.342 353.602 334.958 321.81 408.125 269.02 265.466 259.953 313.688 255.962 253.875 348.592 342.97 460.422 294.531 245.02 244.791 283.963 270.072 407.722 373.609 436.271 570.755 416.523 351.315 415.535 342.286 275.469 272.827
threshold=0.68507987260818493 0.37446653842926031 0.030394385568797592 1.0000000180025095e-35 0.39170669019222265 0.61035025119781505 0.20707555115222934 0.4003798514604569 0.097519297152757659 0.70072525739669811 0.3843125998973847 0.065258223563432707 0.61270344257354747 0.14931328594684604 1.0542090535163882 0.37446653842926031 0.32345661520957952 0.68376818299293529 1.0000000180025095e-35 0.26969671249389654 -0.17736332118511197 0.15491610020399096 0.20707555115222934 0.37446653842926031 0.1469550430774689 0.12397171556949617 0.17001145333051684 0.030925905331969265 0.373243197798729 0.38254591822624212 0.53307747840881359 -0.06305289268493651 1.1344867944717409 1.0000000180025095e-35 0.40690015256404882 -0.19381548464298246 -0.14842668175697324 -0.02207880653440952 0.046132789924740798 0.22608485817909243 0.39746108651161199 -0.34506142139434809 -0.13133108615875241 0.30218017101287847 0.21439495682716372 0.6610703468322755
decision_type=2 2 2 2 2 2 2 2 2 2 2 2 2 2 2 2 2 2 2 2 2 2 2 2 2 2 2 2 2 2 2 2 2 2 2 2 2 2 2 2 2 2 2 2 2 2
left_child=1 3 8 7 6 16 10 14 24 -2 11 -5 20 -8 -1 18 27 -18 33 -7 21 -6 -22 -24 25 -3 -15 -4 31 30 -30 -29 -9 35 -35 36 -13 -37 39 -39 -41 -40 43 -43 -44 -46
right_child=9 2 5 4 12 19 13 32 -10 -11 -12 15 -14 26 -16 -17 17 -19 -20 -21 22 -23 23 -25 -26 -27 -28 28 29 -31 -32 -33 -34 34 -36 37 -38 38 41 40 -42 42 44 -45 45 -47
leaf_value=-0.0078730263343605011 0.011233590961551635 0.012120422626237118 0.0042826651429995642 -0.0086409515831599674 0.012261991644823479 0.0044706653395687754 0.0015750587081748524 -0.0042782450436312939 0.00016906245491940582 0.021014066180506077 0.00095870781367693328 0.039682737786691485 -0.0093822732619371872 0.00069548223730667028 -0.023557837024490678 0.0036998386078603749 0.006879686723205573 -0.068134468301597001 -0.010698862566520332 0.016785153935765955 0.0044722024801215846 0.0743087378383923 -0.0021134588753703451 0.0030244457851267077 0.016104155930147104 -0.027346167149142835 -0.0046991687442963824 0.00023410965024125849 0.0027050591199267388 0.0012374838700892903 0.013933148253288766 -0.0043927353407192202 0.056288886165957792 -0.0057243171217013248 0.00085229782824780228 0.014630660027123826 -0.026479126381631982 -0.02930193917622656 -0.035361237329861392 -0.0050046295116358266 0.053473142460972387 0.029049395496920496 -0.047209946130556998 -0.017115234079604486 -0.022750761528615621 0.035860534843337927
leaf_weight=4271.5887037925422 11158.31657468155 685.8524032086134 27673.829937055707 21517.197037355974 1216.9142559766769 64711.293955378234 63994.189659252763 12213.149052772671 3334.4202360585332 11868.95213790983 20306.086325515062 130.02985414862633 3741.7248168103397 17480.673232980072 3371.8867756724358 8506.4320224523544 16232.248942699283 85.609467435628176 8549.6222283691168 2819.5518183745444 29388.464399956167 140.10116206482053 26814.328452993184 22777.259563408792 11667.797278821468 377.4101702272892 28060.686468921602 106959.30322832987 14067.183033403009 83220.84096513316 6558.8045173808932 19999.531336612999 76.378411669284105 31765.280845887959 10763.584101229906 2853.0461831055582 712.94514536857605 1171.1120403409004 196.82589073479176 639.45593493431807 188.21463053673506 1319.1481195241213 183.65289058163762 226.71341226622462 204.6133458763361 174.84697199985385
leaf_count=67034 72016 2694 69509 117228 4249 256643 283518 108053 10546 135606 56143 117 22889 66187 73504 43134 51892 344 54915 16238 136454 574 141365 107363 68063 1528 157368 294021 43299 254180 20005 59008 419 193799 69019 1516 896 694 105 339 90 538 139 397 194 97
internal_value=0.00123257 0.000723892 0.00255856 -0.00131208 -0.000867377 0.0021339 -0.00181424 -0.00806969 0.0116026 0.0162793 -0.00345761 -0.00446416 0.00159814 -0.0001726 -0.0148065 -0.00313361 0.00143278 0.0064607 -0.00411794 0.0049864 0.00211033 0.0189732 0.00181907 0.000246268 0.014595 -0.00195509 -0.00262847 0.00111519 0.000735271 0.00223919 0.00627889 -0.000494851 -0.00387383 -0.00300314 -0.00405976 0.00261129 -0.016055 0.0048225 -0.00168756 -0.0136357 0.00857203 0.00867442 0.012877 0.0222333 -0.0127564 0.00437115
internal_weight=704377 681350 358394 322956 303023 342328 218944 19933 16065.5 23027.3 109409 89102.7 84078.8 109536 7643.48 67585.5 274797 16317.9 59079.1 67530.8 80337.1 1357.02 78980.1 49591.6 12731.1 1063.26 45541.4 258479 230806 103847 20626 126959 12289.5 50529.5 42528.9 8000.6 842.975 7157.63 4304.58 1998.78 827.671 2305.8 2108.97 1545.86 563.113 379.46
internal_count=3063929 2856307 1147970 1708337 1459327 1065139 1046433 249010 82831 207622 539360 483217 412894 507073 140538 365989 792258 52236 322855 272881 390005 4823 385182 248728 72285 4222 223555 740022 670513 317484 63304 353029 108472 267940 262818 5122 1013 4109 2593 1123 429 1470 1365 935 430 291
is_linear=0
shrinkage=0.035


Tree=98
num_leaves=47
num_cat=0
split_feature=75 17 75 17 106 17 14 18 106 59 106 97 112 7 7 7 6 7 129 79 54 127 18 62 6 7 6 75 2 92 109 96 138 22 93 129 104 112 62 7 106 62 110 111 1 89
split_gain=4167.34 1999.81 943.911 705.421 696.006 667.948 636.99 549.322 448.176 377.755 439.648 447.937 372.178 344.451 342.295 326.391 306.204 537.45 342.915 426.278 321.189 289.456 282.03 322.71 278.152 326.087 529.711 354.907 310.359 277.887 286.462 577.499 331.115 266.547 421.674 410.773 723.435 549.464 468.824 464.718 706.226 715.253 680.353 471.336 449.807 444.423
threshold=0.051135212182998664 0.50316895544528972 0.34276518225669866 0.70072525739669811 0.25398422777652746 0.66838845610618602 0.37446653842926031 1.0000000180025095e-35 0.29308144748210913 0.37446653842926031 0.12045205384492876 0.071154918521642699 0.46369962394237524 0.36332665383815771 0.56594872474670421 0.098165120929479613 0.37287150323390966 0.4122235774993897 -0.072504729032516466 0.83565959334373485 0.85439807176589977 -0.15340222418308255 1.0000000180025095e-35 -0.047603629529476159 -0.32836462557315821 0.24380346387624743 0.083094760775566115 0.073514819145202651 0.51461645960807811 -0.5660860240459441 -0.0018258746713399885 0.036261685192584998 0.18868431448936465 0.55829167366027843 0.17715738713741305 -0.31304390728473658 -3.9060367271304124e-05 0.51039406657218944 -0.074863817542791353 0.24796082824468615 0.26836012303829199 0.099320545792579665 0.0070120273157954225 0.069631803780794158 -0.092048350721597658 0.14931328594684604
decision_type=2 2 2 2 2 2 2 2 2 2 2 2 2 2 2 2 2 2 2 2 2 2 2 2 2 2 2 2 2 2 2 2 2 2 2 2 2 2 2 2 2 2 2 2 2 2
left_child=3 2 9 4 -1 8 7 12 16 10 13 21 -4 15 -6 -2 18 20 -3 -20 -18 22 23 -12 -23 28 27 -27 -26 -14 31 -31 -33 34 35 36 38 -38 -29 40 41 42 44 -42 -37 -44
right_child=1 5 6 -5 14 -7 -8 -9 -10 -11 11 -13 29 -15 -16 -17 17 -19 19 -21 -22 24 -24 -25 25 26 -28 33 -30 30 -32 32 -34 -35 -36 39 37 -39 -40 -41 43 -43 45 -45 -46 -47
leaf_value=0.0053935870310622604 -0.011111343413228392 0.0020435095852852007 -0.016081845608770951 0.021900337325358194 0.018013260480771925 0.0098381610318884431 0.0031799948713184716 -0.0032666524556791404 0.010831893423486005 0.0022710540731248926 -0.021772240193575914 -0.0026923556159014869 -0.016027216327349006 -0.0087505997136297607 -0.028174912294951591 0.0003087129602422845 0.0033730743757871598 0.010234044618592937 -0.0033627437229681663 -0.069566012776903233 -0.0065924463353508531 0.014086920498345153 0.0051281406323424499 0.052988616027156522 -0.0011948286679561309 -0.025080308992951893 0.00011410248498126284 0.0047849599905480404 0.025792416739488268 0.1176436398511212 -0.0031940995785128086 -0.0090605857202199734 0.088799956331156865 0.0016134398107745204 -0.014361877802855324 -0.018485367523654109 0.025163521110798562 -0.031288690543548811 -0.048846354361401542 0.0067907229876921103 0.037145244756436539 -0.026045010001684559 0.019345030151051455 -0.00047238772656497827 0.042188408020999477 -0.019724343540620269
leaf_weight=15002.971115406603 3634.0747779980302 70686.658511243761 7410.397466128692 8467.8223502598703 10319.777349770069 18933.347942378372 15982.641280073673 88355.328874258325 8333.4898802787066 87317.416609410197 88.822077121585608 52070.067019350827 2093.940327372402 12278.318469297141 195.07725805416703 19421.165034124628 61801.11262537539 14226.145522251725 14016.975950412452 114.20185199379921 4227.1491490900517 1847.7291124686599 12513.30731241405 292.29240636527538 86517.937726033852 431.16232144087553 54989.846597634256 316.92005875334144 519.16715188324451 65.970997393131256 5372.2813835162669 254.00602781958878 44.621587062254548 8366.5340785868466 873.6425803899765 168.81480063125491 975.09846737608314 263.55469261109829 527.88372613862157 7577.0456268079579 2672.044306114316 602.76317343115807 684.32269030064344 480.64476397633553 1125.2749076783657 731.89034806191921
leaf_count=85040 23603 205299 142592 104671 85859 112430 86472 552044 28722 324310 295 197608 20143 62541 1297 82456 198134 50750 40693 155 13655 5384 42251 667 283558 1476 210094 301 1496 48 50168 2990 239 23452 1666 487 743 327 562 16914 619 548 400 125 330 315
internal_value=0.00119154 0.000584273 -0.000630833 0.0131466 0.010237 0.00359686 -0.00332239 -0.00432577 0.00291504 0.00027001 -0.000377199 0.0001709 -0.0104614 -0.00401657 0.0171399 -0.00149341 0.00251493 0.00406459 0.00104836 -0.00392769 0.00273441 0.000987642 0.00604185 0.0354749 0.000603291 0.000454287 0.0020556 0.00619275 -0.00103199 -0.00513329 -0.00114293 0.0286194 0.00699424 0.00673046 0.00924684 0.0105313 -0.0039582 0.0130519 -0.0288249 0.0126824 0.0195726 0.00826207 0.0159358 0.0314175 0.034218 -0.000837666
internal_weight=703192 669206 476867 33985.6 25517.8 192339 119579 103597 173406 357288 269970 234637 15241.2 35333.6 10514.9 23055.2 165072 80254.4 84817.8 14131.2 66028.3 182567 12894.4 381.114 169672 167825 80787.4 25797.6 87037.1 7830.82 5736.88 364.599 298.628 25366.4 16999.9 16126.3 2083.46 1238.65 844.804 14042.8 6465.75 3313.07 2710.3 3152.69 1294.09 1416.21
internal_count=3063929 2787062 2137224 276867 172196 649838 854696 768224 537408 1282528 958218 789618 216180 168600 87156 106059 508686 262539 246147 40848 211789 592010 43213 962 548797 543413 258359 48265 285054 73588 53445 3277 3229 46789 23337 21671 1933 1070 863 19738 2824 2080 1532 744 817 715
is_linear=0
shrinkage=0.035


end of trees

feature_importances:
Column_17=690
Column_7=324
Column_75=285
Column_6=234
Column_3=212
Column_107=212
Column_74=160
Column_95=138
Column_18=137
Column_106=135
Column_72=110
Column_21=102
Column_36=102
Column_5=97
Column_129=96
Column_73=86
Column_112=72
Column_96=71
Column_48=68
Column_22=65
Column_98=64
Column_10=63
Column_26=61
Column_109=50
Column_89=38
Column_105=36
Column_16=33
Column_123=33
Column_64=31
Column_14=28
Column_2=27
Column_90=26
Column_124=26
Column_1=25
Column_79=24
Column_97=24
Column_58=23
Column_94=21
Column_51=20
Column_93=20
Column_140=20
Column_39=19
Column_113=19
Column_59=18
Column_142=17
Column_25=16
Column_91=15
Column_141=15
Column_62=14
Column_127=14
Column_71=13
Column_99=13
Column_132=13
Column_44=12
Column_63=11
Column_81=11
Column_104=11
Column_115=11
Column_116=11
Column_143=11
Column_92=10
Column_108=10
Column_111=10
Column_66=9
Column_68=9
Column_78=9
Column_126=9
Column_70=8
Column_110=8
Column_125=8
Column_138=8
Column_60=7
Column_65=7
Column_20=6
Column_50=6
Column_67=6
Column_27=5
Column_53=5
Column_4=4
Column_40=4
Column_56=4
Column_69=4
Column_114=4
Column_128=4
Column_130=4
Column_28=3
Column_32=3
Column_38=3
Column_52=3
Column_57=3
Column_13=2
Column_37=2
Column_47=2
Column_88=2
Column_133=2
Column_23=1
Column_24=1
Column_35=1
Column_54=1
Column_61=1
Column_82=1
Column_87=1
Column_121=1

parameters:
[boosting: gbdt]
[objective: binary]
[metric: binary_logloss]
[tree_learner: serial]
[device_type: cpu]
[data_sample_strategy: bagging]
[data: ]
[valid: ]
[num_iterations: 450]
[learning_rate: 0.035]
[num_leaves: 47]
[num_threads: 10]
[seed: 20260826]
[deterministic: 0]
[force_col_wise: 0]
[force_row_wise: 0]
[histogram_pool_size: -1]
[max_depth: -1]
[min_data_in_leaf: 100]
[min_sum_hessian_in_leaf: 0.001]
[bagging_fraction: 1]
[pos_bagging_fraction: 1]
[neg_bagging_fraction: 1]
[bagging_freq: 0]
[bagging_seed: 26062]
[bagging_by_query: 0]
[feature_fraction: 0.8]
[feature_fraction_bynode: 1]
[feature_fraction_seed: 27632]
[extra_trees: 0]
[extra_seed: 31828]
[early_stopping_round: 0]
[early_stopping_min_delta: 0]
[first_metric_only: 0]
[max_delta_step: 0]
[lambda_l1: 0.25]
[lambda_l2: 6]
[linear_lambda: 0]
[min_gain_to_split: 0]
[drop_rate: 0.1]
[max_drop: 50]
[skip_drop: 0.5]
[xgboost_dart_mode: 0]
[uniform_drop: 0]
[drop_seed: 14724]
[top_rate: 0.2]
[other_rate: 0.1]
[min_data_per_group: 100]
[max_cat_threshold: 32]
[cat_l2: 10]
[cat_smooth: 10]
[max_cat_to_onehot: 4]
[top_k: 20]
[monotone_constraints: ]
[monotone_constraints_method: basic]
[monotone_penalty: 0]
[feature_contri: ]
[forcedsplits_filename: ]
[refit_decay_rate: 0.9]
[cegb_tradeoff: 1]
[cegb_penalty_split: 0]
[cegb_penalty_feature_lazy: ]
[cegb_penalty_feature_coupled: ]
[path_smooth: 0]
[interaction_constraints: ]
[verbosity: -1]
[saved_feature_importance_type: 0]
[use_quantized_grad: 0]
[num_grad_quant_bins: 4]
[quant_train_renew_leaf: 0]
[stochastic_rounding: 1]
[linear_tree: 0]
[max_bin: 255]
[max_bin_by_feature: ]
[min_data_in_bin: 3]
[bin_construct_sample_cnt: 200000]
[data_random_seed: 4779]
[is_enable_sparse: 1]
[enable_bundle: 1]
[use_missing: 1]
[zero_as_missing: 0]
[feature_pre_filter: 1]
[pre_partition: 0]
[two_round: 0]
[header: 0]
[label_column: ]
[weight_column: ]
[group_column: ]
[ignore_column: ]
[categorical_feature: ]
[forcedbins_filename: ]
[precise_float_parser: 0]
[parser_config_file: ]
[objective_seed: 19760]
[num_class: 1]
[is_unbalance: 0]
[scale_pos_weight: 2.04551]
[sigmoid: 1]
[boost_from_average: 1]
[reg_sqrt: 0]
[alpha: 0.9]
[fair_c: 1]
[poisson_max_delta_step: 0.7]
[tweedie_variance_power: 1.5]
[lambdarank_truncation_level: 30]
[lambdarank_norm: 1]
[label_gain: ]
[lambdarank_position_bias_regularization: 0]
[eval_at: ]
[multi_error_top_k: 1]
[auc_mu_weights: ]
[num_machines: 1]
[local_listen_port: 12400]
[time_out: 120]
[machine_list_filename: ]
[machines: ]
[gpu_platform_id: -1]
[gpu_device_id: -1]
[gpu_device_id_list: ]
[gpu_use_dp: 0]
[num_gpu: 1]

end of parameters

pandas_categorical:null
