tree
version=v4
num_class=1
num_tree_per_iteration=1
label_index=0
max_feature_idx=143
objective=binary sigmoid:1
feature_names=Column_0 Column_1 Column_2 Column_3 Column_4 Column_5 Column_6 Column_7 Column_8 Column_9 Column_10 Column_11 Column_12 Column_13 Column_14 Column_15 Column_16 Column_17 Column_18 Column_19 Column_20 Column_21 Column_22 Column_23 Column_24 Column_25 Column_26 Column_27 Column_28 Column_29 Column_30 Column_31 Column_32 Column_33 Column_34 Column_35 Column_36 Column_37 Column_38 Column_39 Column_40 Column_41 Column_42 Column_43 Column_44 Column_45 Column_46 Column_47 Column_48 Column_49 Column_50 Column_51 Column_52 Column_53 Column_54 Column_55 Column_56 Column_57 Column_58 Column_59 Column_60 Column_61 Column_62 Column_63 Column_64 Column_65 Column_66 Column_67 Column_68 Column_69 Column_70 Column_71 Column_72 Column_73 Column_74 Column_75 Column_76 Column_77 Column_78 Column_79 Column_80 Column_81 Column_82 Column_83 Column_84 Column_85 Column_86 Column_87 Column_88 Column_89 Column_90 Column_91 Column_92 Column_93 Column_94 Column_95 Column_96 Column_97 Column_98 Column_99 Column_100 Column_101 Column_102 Column_103 Column_104 Column_105 Column_106 Column_107 Column_108 Column_109 Column_110 Column_111 Column_112 Column_113 Column_114 Column_115 Column_116 Column_117 Column_118 Column_119 Column_120 Column_121 Column_122 Column_123 Column_124 Column_125 Column_126 Column_127 Column_128 Column_129 Column_130 Column_131 Column_132 Column_133 Column_134 Column_135 Column_136 Column_137 Column_138 Column_139 Column_140 Column_141 Column_142 Column_143
feature_infos=none [-9.6535634994506836:12.46760368347168] [-7.5843863487243652:8.1417827606201172] [0:12.583332061767578] [0.1155245304107666:1.1723979711532593] [0.1155245304107666:1.5492819547653198] [-0.38448148965835571:0.68055558204650879] [-0.65025806427001953:0.86527776718139648] [0:1] [0:1.3044185638427734] [0.13862943649291992:0.90217190980911255] [0:0.54930615425109863] [0:0.82395923137664795] [0:1.0585266351699829] [0:1.3506693840026855] [0:0.70830333232879639] [0:0.70830333232879639] [0:0.70830333232879639] [0:0.70830333232879639] [0:1.6026564836502075] [0:1.6030337810516357] [0:1.6898586750030518] [0:1.6898586750030518] [0:1.0656700134277344] [0:1.3010016679763794] [0:1.5429251194000244] [0:1.8345595598220825] [0:1.6896346807479858] [0:1.3916201591491699] [0:1.3010016679763794] [0:1.5439667701721191] [0:1.7971031665802002] [0:1.5660536289215088] [0:1.5118430852890015] [0:1.7438534498214722] [0:2.0457096099853516] [0:1.6423828601837158] [0:1.632354736328125] [0:1.8872706890106201] [0:2.1903092861175537] [0:1.1190284490585327] [0:1.1728370189666748] [0:1.4113616943359375] [0:1.5783870220184326] [0:1.1793015003204346] [0:1.2225872278213501] [0:1.4623311758041382] [0:1.6230599880218506] [0:1.2879225015640259] [0:1.4032820463180542] [0:1.8172299861907959] [0:1.8294690847396851] [0:1.3916201591491699] [0:2.2348928451538086] [0:1.7438534498214722] [0:2.8609259128570557] [0:2.0457096099853516] [0:3.3494265079498291] [0:1.8872706890106201] [0:3.1557281017303467] [-9.6535634994506836:12.46760368347168] [-7.5843863487243652:8.1417827606201172] [-13.66785717010498:12.388174057006836] [-8.2542238235473633:7.9279866218566895] [-1.0000001192092896:1.0000001192092896] [-35.375019073486328:30.961002349853516] [-12.579435348510742:11.500823020935059] [-3.5814781188964844:3.769134521484375] [-2.0355026721954346:2.1851363182067871] [-1.0000002384185791:1.0000001192092896] [-8.2255687713623047:7.0233769416809082] [-12.581667900085449:10.916526794433594] [0:11.538161277770996] [0:11.570680618286133] [0:11.538161277770996] [0:11.572292327880859] none none [0.1155245304107666:0.75180989503860474] [0:1.5000805854797363] [0:1.5000805854797363] [0.40000000596046448:1] [0:0.93826955556869507] [0:0.37446653842926025] [0:0.51589179039001465] [0:0.51789182424545288] [0:0.4939054548740387] [-13.66785717010498:12.388174057006836] [-8.2542238235473633:7.9279866218566895] [0.1155245304107666:1.4958962202072144] [0:1] [-1:1] [-1:1] [-10.51795482635498:11.709933280944824] [-4.1629676818847656:7.6325139999389648] [0.1155245304107666:1.4481215476989746] [0:0.88206243515014648] [0:0.87680411338806152] [0.40000000596046448:1] [0:0.44278201460838318] [0:0.20687729120254517] [0:0.29770714044570923] [0:0.33574318885803223] [0:0.33850625157356262] [-0.89354348182678223:3.1129403114318848] [-0.51129573583602905:0.55857759714126587] [0.1155245304107666:0.96733206510543823] [0:0.9375] [-0.7383720874786377:0.48908889293670654] [-0.41887304186820984:1] [-7.7621240615844727:9.3918819427490234] [-3.8528227806091309:6.1734857559204102] [0.1155245304107666:1.2726359367370605] [0:1.1452763080596924] [0:1.0413804054260254] [0.40000000596046448:1] [0:0.61478424072265625] [0:0.22396993637084961] [0:0.47583281993865967] [0:0.42514967918395996] [0:0.4292483925819397] [-3.5814781188964844:3.769134521484375] [-2.0355026721954346:2.1851363182067871] [0.1155245304107666:1.1733081340789795] [0:1] [-0.99058210849761963:0.967537522315979] [-0.99404531717300415:1] [-6.7183928489685059:7.0379838943481445] [-2.8705458641052246:3.1927292346954346] [-1.0919362306594849:0.90213322639465332] [-0.67706358432769775:0.73374128341674805] [-0.59833836555480957:0.68660831451416016] [-0.60000002384185791:1] [-0.29696744680404663:0.35349369049072266] [-0.20598980784416199:0.20598980784416199] [-0.3298821747303009:0.41197961568832397] [-0.45136472582817078:0.36129647493362427] [-0.4292483925819397:0.4023594856262207] [-5.1987872123718262:7.2942094802856445] [-2.6283888816833496:3.9474730491638184] [-0.83932173252105713:1.0427672863006592] [-1:1] [-1.6220695972442627:1.8621906042098999] [-1.8485181331634521:1.9173072576522827]
tree_sizes=5237 5327 5319 5338 5334 5344 5337 5361 5340 5361 5349 5367 5361 5370 5364 5354 5372 5378 5369 5380 5359 5360

Tree=0
num_leaves=47
num_cat=0
split_feature=72 75 17 17 74 75 74 75 17 17 17 106 17 107 75 75 106 17 57 17 75 74 19 17 15 106 74 14 17 75 109 15 74 15 5 112 66 123 66 75 15 7 95 140 14 14
split_gain=2.66619e+06 530158 273614 118795 69778.1 66012.3 35277.4 31493.1 22347.6 14656.2 13980.6 11125.7 8664.86 7395.55 7279.93 7185.96 6105.84 5960.44 5313.5 5209.86 5204.84 4410.93 3854.89 3394.15 3207.66 3012.15 2962.39 2916.72 2849.99 2806.36 2692.87 2621.28 2212.42 2162.03 2039.33 2012.22 1866.6 2253.36 1800.08 1766.51 1675.92 1653.93 1640.27 1628.22 1584.61 1549.21
threshold=0.050147121772170074 0.077760003507137312 0.31061333417892462 0.50316895544528972 0.049743559211492545 0.047758344560861594 0.081198122352361693 0.20726486295461657 0.50316895544528972 0.31061333417892462 1.0000000180025095e-35 0.26865153014659887 0.58756005764007579 0.27966918051242834 0.14874279499053958 0.034938812255859382 0.29389709234237676 0.42514967918396002 0.37446653842926031 0.37446653842926031 0.057036424055695541 0.20091687887907031 1.0000000180025095e-35 0.42514967918396002 0.31061333417892462 0.29884487390518194 0.049743559211492545 0.37446653842926031 0.42514967918396002 0.080269478261470809 0.29763019084930425 0.22396993637084964 0.058753916993737228 0.22396993637084964 1.110202491283417 0.51546016335487377 -0.070644591003656373 0.37814317643642431 0.040891867130994804 0.38300344347953802 0.31061333417892462 -0.20864969491958615 0.72051566839218151 0.16503389179706576 0.22396993637084964 0.37446653842926031
decision_type=2 2 2 2 2 2 2 2 2 2 2 2 2 2 2 2 2 2 2 2 2 2 2 2 2 2 2 2 2 2 2 2 2 2 2 2 2 2 2 2 2 2 2 2 2 2
left_child=1 5 6 7 8 15 14 11 25 13 21 19 31 36 32 -1 23 45 30 43 -7 35 -13 -11 41 28 39 -12 -4 -10 -19 -5 42 -21 -23 44 -9 -38 -39 -16 -22 -14 -2 -3 -8 -6
right_child=2 3 4 12 17 20 10 9 29 16 27 22 24 -15 26 -17 -18 18 -20 33 40 34 -24 -25 -26 -27 -28 -29 -30 -31 -32 -33 -34 -35 -36 -37 37 38 -40 -41 -42 -43 -44 -45 -46 -47
leaf_value=-1.4441053791202285 -1.6198458163114704 -1.5922223611077226 -1.6023732356710707 -1.5318600742636668 -1.6336368222734949 -1.4795288632962333 -1.6731228684549058 -1.6069741217298517 -1.5262837507695277 -1.5930418198679597 -1.6549605305639834 -1.5453978294010104 -1.4779372879733785 -1.627854430132867 -1.6234391383046196 -1.4614087292640814 -1.5348247729431941 -1.6127765175918778 -1.5909190432306302 -1.5652558485972556 -1.5006597673264614 -1.6729517394267543 -1.5141469758843773 -1.5623163196300809 -1.4814456725992127 -1.560053427869432 -1.6474325092420061 -1.6333370462571064 -1.5787543974973821 -1.5509110599721065 -1.6409402373581414 -1.5117889866133327 -1.6319577510425545 -1.5419325687917791 -1.6851746330278194 -1.6534379979256855 -1.6054130589259392 -1.5507700624807421 -1.6142034629929281 -1.6452492285970126 -1.4828020858118238 -1.5101972995412876 -1.5765934763728742 -1.5336749679452124 -1.6589673082282104 -1.6146260648690274
leaf_weight=76414.509861260653 1534.7592273652554 9678.5347250401974 14134.725846588612 28645.665570646524 24964.909419760108 30668.69378221035 33263.95585128665 4341.9041389524937 8372.3614438772202 11643.713103562593 44717.639071896672 18828.289622202516 2228.6096035540104 14322.5824110955 15698.824567198753 49939.88409794867 4259.3370173275471 21619.50654835999 13017.684089228511 18630.680857032537 44521.147246748209 35754.593479752541 6644.8312232047319 7155.998753324151 7337.5493629872799 4289.1194553524256 24484.399177372456 9210.1601597070694 11344.053999647498 18668.325059935451 5155.7044737637043 11489.895137444139 2091.2248814851046 6757.5255261808634 31532.021061584353 13004.82645919919 2221.7612395137548 3340.0319087058306 666.6617473512888 6409.8869908750057 8131.7026009261608 27294.371457278728 3677.681719109416 620.84498091042042 13686.107350587845 6655.7109491676092
leaf_count=136340 7569 43772 68807 100740 134157 78766 195839 16246 30304 55416 261518 56055 5724 76521 73095 108722 12599 109603 65807 76283 133554 211553 20256 29363 18956 15261 130018 52577 49662 74997 28629 36468 9704 25610 158266 56931 9277 9329 2574 32911 21524 87450 13708 1530 83778 36160
internal_value=-1.56791 -1.50506 -1.63637 -1.54806 -1.59525 -1.4669 -1.65881 -1.57156 -1.5663 -1.59281 -1.6662 -1.55491 -1.51477 -1.61145 -1.63395 -1.45093 -1.5727 -1.61828 -1.60927 -1.56756 -1.49112 -1.67253 -1.53722 -1.58132 -1.50247 -1.58724 -1.63904 -1.65127 -1.59184 -1.54326 -1.6182 -1.52609 -1.60147 -1.55902 -1.67868 -1.66562 -1.58925 -1.57695 -1.56125 -1.62976 -1.49788 -1.50773 -1.58928 -1.58863 -1.669 -1.62963
internal_weight=759073 395785 363288 186109 128222 209676 235066 109113 56808.6 47952 181169 61160.7 76996.1 24892.9 53896.8 126354 23059 71413.5 39792.9 35687.6 83321.5 127242 25473.1 18799.7 36860.5 29767.9 46593.1 53927.8 25478.8 27040.7 26775.2 40135.6 7303.67 25388.2 67286.6 59954.9 10570.4 6228.45 4006.69 22108.7 52652.8 29523 5212.44 10299.4 46950.1 31620.6
internal_count=3063929 1163075 1900854 684169 613387 478906 1287467 434831 239031 211325 1020462 223506 249338 113947 267005 245062 97378 374356 204039 147195 233844 706367 76311 84779 112130 133730 236024 314095 118469 105301 138232 137208 30981 101893 369819 336548 37426 21180 11903 106006 155078 93174 21277 45302 279617 170317
is_linear=0
shrinkage=1


Tree=1
num_leaves=47
num_cat=0
split_feature=72 75 17 16 16 75 107 17 16 75 16 106 16 17 95 123 17 72 17 75 95 95 16 16 75 14 107 109 16 75 75 5 75 95 16 20 16 107 123 16 66 89 75 107 18 16
split_gain=2.10794e+06 369290 244577 95822.4 62264.2 48569.1 32847.7 31822.5 22091.2 13095.7 10485.5 9545.13 9492.02 9017.77 8413.09 7375.84 7353.91 6476.75 6409.12 5300.34 5166.27 4491.81 4909.07 4442.03 4360.14 4357.5 4249.62 3694.13 3263.28 3249.55 3229.28 3160.2 3025.56 2330.95 2323.73 2249.23 2179.47 2097.66 1908.77 1898.41 1888 2344.35 1768.49 1721.59 1585.16 2229.09
threshold=0.050147121772170074 0.081490874290466322 0.31061333417892462 0.31061333417892462 0.31061333417892462 0.049039345234632499 0.34345048666000372 1.0000000180025095e-35 0.46720869839191442 0.090657841414213194 0.53458327054977428 0.19943242520093921 1.0000000180025095e-35 0.22396993637084964 0.73908051848411571 0.21093811094760898 0.37446653842926031 0.18818177282810214 0.50316895544528972 0.033271059393882758 0.67508739233016979 0.50832253694534313 0.22396993637084964 0.37446653842926031 0.15861959010362628 0.37446653842926031 0.42978157103061682 0.48454424738883978 0.53458327054977428 0.13132147490978244 0.063592888414859786 1.0878710746765139 0.24171825498342517 0.5106625258922578 0.42514967918396002 1.0000000180025095e-35 0.22396993637084964 0.19304851442575457 0.37814317643642431 0.65050083398818981 -0.088848926126956926 0.6168709695339204 0.068820696324110045 0.5110878348350526 0.46720869839191442 1.0000000180025095e-35
decision_type=2 2 2 2 2 2 2 2 2 2 2 2 2 2 2 2 2 2 2 2 2 2 2 2 2 2 2 2 2 2 2 2 2 2 2 2 2 2 2 2 2 2 2 2 2 2
left_child=1 5 7 6 9 19 13 17 11 27 30 23 15 24 25 -11 36 20 -6 -1 -2 -15 37 -5 44 32 -14 33 -10 -16 -7 -19 -9 35 -20 -4 -8 -23 -24 -21 -26 -42 -35 -18 45 -3
right_child=2 3 4 8 18 10 16 14 28 12 -12 -13 26 21 29 -17 43 31 34 39 -22 22 38 -25 40 -27 -28 -29 -30 -31 -32 -33 -34 42 -36 -37 -38 -39 -40 -41 41 -43 -44 -45 -46 -47
leaf_value=0.17390842838485762 -0.018002137650427061 0.068916177331882808 0.024276459582484616 0.08030689721093813 0.074719611579148887 0.13673530060226222 0.020099098745490575 0.009538914052903899 0.12928611289148273 0.0099042473736994305 0.15618724158122715 0.12752108461642356 0.056615033266299346 0.064786062788899437 0.067132246801974077 0.037157899069791049 0.068275302668747179 -0.019228311603585835 0.098056403005156167 0.15796549760109452 0.0069080395057333826 0.093553927565440204 0.10368773104696333 0.10412738589878867 0.029882253923186049 0.019083756763287239 0.034180263771206025 0.010367318190195974 0.15194496861272408 0.023745564979992285 0.12174726625175039 -0.032426282580785407 -0.0059246402583191604 0.11308488818386377 0.12376055666835219 0.073102640464547022 0.043899220325467718 0.073791798695243063 0.13498795371210592 0.1747781286351566 0.045422802896271812 0.091755993128303528 0.07606732959801954 0.044693963426333201 0.03783829854864218 0.12380170948317151
leaf_weight=79919.470025122166 28082.581130370498 1787.9545910507441 1729.7020320594311 15867.82844081521 10675.965351194143 35286.156177222729 14543.373193696141 22422.21419146657 16693.697289451957 25773.491151750088 23304.339151710272 15106.780980721116 21004.933261096478 7670.7311261445284 2781.0624805539846 23044.362340837717 9835.3950035274029 47978.780336618423 10367.804633364081 58706.528316825628 16008.932788714767 15807.093841031194 11655.221811756492 24855.062452942133 4601.3804752975702 15891.232539504766 20466.925328329206 1181.6692742109299 15426.015152454376 8829.4052095711231 37001.405489325523 41479.065680101514 50167.448719054461 2336.7431512027979 7692.9779483228922 3531.3058994263411 6985.7729456275702 11604.81335747242 3116.8336127400398 10323.243504270911 4503.9187688976526 1916.8024873137474 5200.0689594596624 6269.7662491947412 655.16156281530857 1907.4562587589025
leaf_count=123544 174201 6159 9695 63366 44980 89780 76392 115113 45819 142745 49616 39619 94402 33474 10581 103476 39723 281085 38516 116135 66628 49655 34272 83763 17495 88348 105352 6188 33784 34720 107438 216086 300705 7688 23763 15418 33497 37200 7121 16529 16661 4974 21164 29604 2790 4665
internal_value=0.0746433 0.126716 0.0128118 0.0902182 0.0506978 0.155192 0.0672765 -0.00875644 0.117043 0.038122 0.135694 0.10371 0.033237 0.0823009 0.00616381 0.0227724 0.0412271 -0.0199386 0.0963101 0.167699 -0.00895774 0.0895337 0.0940237 0.0948591 0.058818 0.00248692 0.0455499 0.0696444 0.140195 0.0341681 0.129074 -0.0253497 -0.00114759 0.0751096 0.109043 0.0570973 0.0278322 0.0852059 0.110345 0.160495 0.0470596 0.0593289 0.0876264 0.0591157 0.0884999 0.0974035
internal_weight=801999 435352 366647 190811 133006 244541 102862 233641 87949.4 104269 95591.9 55829.7 90289.7 65227.4 100091 48817.9 37634.3 133549 28736.7 148949 44091.5 49854.7 42184 40722.9 15372.7 88480.9 41471.9 13979.5 32119.7 11610.5 72287.6 89457.8 72589.7 12797.8 18060.8 5261.01 21529.1 27411.9 14772.1 69029.8 11022.1 6420.72 7536.81 16105.2 4350.57 3695.41
internal_count=3063929 1163075 1900854 660033 613387 503042 393682 1287467 266351 506128 246834 186748 445975 214466 549467 246221 179216 738000 107259 256208 240829 161722 128248 147129 52744 504166 199754 60153 79603 45301 197218 497171 415818 53965 62279 25113 109889 86855 41393 132664 39130 21635 28852 69327 13614 10824
is_linear=0
shrinkage=0.035


Tree=2
num_leaves=47
num_cat=0
split_feature=72 74 16 107 16 107 16 3 107 74 16 16 3 16 74 3 16 107 16 95 107 107 3 5 16 16 16 95 57 107 20 16 72 18 16 18 16 72 95 16 3 26 26 18 5 106
split_gain=1.71497e+06 211612 169468 133218 48003.9 38472.2 35663.1 25904.2 24571.2 19610.2 15968.8 14414.3 14364.5 10864.4 8012.68 6202.94 5745.02 5450.57 5611.4 5169.47 5059.86 4647.96 4369.31 4367.96 3892.01 3208.68 3177.37 2992.18 2667.23 2619.34 2559.45 2498.61 2326.61 2210.82 2185.15 2126.57 1926.57 1903.56 1856.2 1762.1 1761.16 1744.96 1681.58 1653.79 1620.32 1573.24
threshold=0.050147121772170074 0.064436677843332305 0.37446653842926031 0.1320987865328789 0.31061333417892462 0.2009304687380791 1.0000000180025095e-35 0.063062664121389403 0.3962239027023316 0.14724960923194888 0.50316895544528972 0.22396993637084964 0.17981072515249255 0.22396993637084964 0.049743559211492545 0.11350025609135629 0.22396993637084964 0.080063417553901686 0.58756005764007579 0.50405517220497142 0.060744812712073333 0.33214367926120764 0.14451719820499423 1.0933871865272524 0.42514967918396002 0.22396993637084964 0.58756005764007579 0.63552489876747142 0.42514967918396002 0.3406220823526383 1.0000000180025095e-35 0.42514967918396002 0.002983082784339786 0.53458327054977428 0.31061333417892462 0.22396993637084964 0.22396993637084964 0.075925324112176909 0.48186480998992925 0.31061333417892462 0.045759489759802825 0.50316895544528972 0.22396993637084964 0.66838845610618602 0.59953638911247265 0.19293082505464557
decision_type=2 2 2 2 2 2 2 2 2 2 2 2 2 2 2 2 2 2 2 2 2 2 2 2 2 2 2 2 2 2 2 2 2 2 2 2 2 2 2 2 2 2 2 2 2 2
left_child=2 4 3 7 12 17 9 20 11 28 31 15 14 -10 21 27 33 -4 -19 -13 -1 37 -9 41 43 29 -12 -5 38 35 -16 45 -17 -8 -15 -14 -22 -2 42 -18 -21 -11 -3 -6 -29 -7
right_child=1 6 5 8 24 10 16 22 13 23 26 19 25 34 30 32 39 18 -20 40 36 -23 -24 -25 -26 -27 -28 44 -30 -31 -32 -33 -34 -35 -36 -37 -38 -39 -40 -41 -42 -43 -44 -45 -46 -47
leaf_value=0.14136097035278172 0.079110694292298653 -0.018939582281681046 0.15137304578952218 0.058962690804036218 0.067785793641666633 0.088327142632543112 0.0047773567141791888 0.10268371120803213 0.023548870027018318 -0.019617624325274401 0.12302560559640727 0.076191398328371296 0.0085196362784795698 0.049949374303797256 0.027316202741775538 0.029972956634687509 0.038357435058549667 0.12944430018745373 0.14741990769712793 0.11183284990560047 0.10751196484823666 0.040303404725442332 0.072323353324579537 -0.031816711504725585 0.10802283080253659 0.044014585144393832 0.14115303405875768 0.066812510808896969 0.0096412125170608279 0.010603127398793702 0.054816322691204726 0.10876473378089754 0.056375949387423845 0.027024570847775431 0.070433494225547316 0.034914895360584924 0.12881829682444521 0.058511740685007974 0.00028920567726169855 0.069499858890180108 0.093039076233897386 -0.0023430889086350666 -0.0039691336461715448 0.089443065901492633 0.095700925687907182 0.11239102910007776
leaf_weight=41382.386496633291 11962.297395974398 15850.558029338717 63682.768892899156 7858.6755795329809 7872.9828350991011 16863.019830226898 9811.8645132929087 19197.45415648818 17521.304874703288 53177.048990353942 31685.960377469659 15689.341042175889 4978.1626505255699 14209.216058433056 17754.696978017688 6291.2154569625854 6360.1550628691912 46747.312684953213 40258.410873100162 11835.988721460104 8773.87772141397 9526.9144394248724 8438.6352079212666 43210.26760405302 9256.3679450899363 7696.447831556201 19725.35209530592 3473.5091077685356 20206.587140619755 20622.939449891448 5419.0275971740484 33450.772606253624 11816.958267763257 12376.882293492556 11741.613444373012 15084.918294906616 13992.853486359119 10401.818769395351 44549.164174079895 3453.9264280945063 13407.454053148627 8281.5847789049149 21881.308223441243 9978.9599735587835 8102.5099677443504 4285.2275126129389
leaf_count=71625 41976 96183 91920 30476 30986 55257 57029 52693 88546 317879 71881 58247 20036 62889 86287 21758 31784 98888 62743 27970 22099 44192 26877 234435 27051 35838 35046 9321 121916 113631 25438 90731 41267 64726 44663 62673 29560 39905 215219 14154 37417 52018 132430 35068 20591 10610
internal_value=0.0686505 0.012243 0.112981 0.0899534 0.0480805 0.132151 -0.00732112 0.121805 0.0659751 -0.0126335 0.115976 0.0776701 0.0372122 0.0448555 0.0494378 0.0619859 0.0270621 0.143526 0.137771 0.0920439 0.134018 0.0608215 0.0934313 -0.0232889 0.089537 0.0232935 0.129997 0.0757281 -0.00175057 0.0193677 0.0337598 0.10276 0.0472164 0.0171912 0.059232 0.0283705 0.120638 0.0695485 -0.00454877 0.0493542 0.101876 -0.0172905 -0.0102602 0.0799183 0.0870725 0.0932341
internal_weight=840147 369715 470432 213733 130556 256699 239159 91785.2 121948 207157 106010 78475.7 103447 43472.1 55064.8 37542.9 32002.8 150688 87005.7 40932.8 64149.1 31891 27636.1 104669 27108.3 48382.5 51411.3 19434.7 102488 40686 23173.7 54599 18108.2 22188.7 25950.8 20063.1 22766.7 22364.1 82281 9814.08 25243.4 61458.6 37731.9 17851.9 11576 21148.2
internal_count=3063929 1900854 1163075 645999 563081 517076 1337773 202854 443145 1170080 263525 247047 469976 196098 237798 123413 167693 253551 161631 123634 123284 126073 79570 604332 93105 232178 106927 60388 565748 196340 111725 156598 63025 121755 107552 82709 51659 81881 443832 45938 65387 369897 228613 66054 29912 65867
is_linear=0
shrinkage=0.035


Tree=3
num_leaves=47
num_cat=0
split_feature=74 75 16 21 75 107 16 16 72 16 75 74 16 106 16 75 106 61 14 16 96 5 95 74 123 16 16 20 5 4 74 74 48 75 107 16 75 16 7 73 57 36 57 16 25 95
split_gain=1.44324e+06 346436 91987.8 60285.4 45701.8 23897.9 22687 15441.7 11940.7 10203.4 10013.4 9400.96 7365.4 6364.32 5420.1 4511.31 4333.4 3698.71 3380.41 3287.61 3258.63 3105.98 3079.98 3027.2 2932.27 2866.73 2865.97 2623.12 2575.68 2496.54 2411.56 2194.27 2189.21 2181.94 2119.44 2017.97 1905.37 1890.82 1705.05 1474.74 1344.02 1259.7 1217.03 1192.98 1178.28 1232.26
threshold=0.049743559211492545 0.090657841414213194 0.31061333417892462 1.0000000180025095e-35 0.051693238317966468 0.36695048213005071 0.22396993637084964 0.46720869839191442 0.10759276896715166 0.46720869839191442 0.18359893560409549 0.14938494563102725 0.22396993637084964 0.19943242520093921 0.22396993637084964 0.039495743811130531 0.18575203418731692 -0.10642659291625022 0.37446653842926031 0.37446653842926031 0.090194713324308409 1.0933871865272524 0.6298988163471223 0.071208421140909209 0.26980963349342352 1.0000000180025095e-35 0.31061333417892462 1.0000000180025095e-35 0.59953638911247265 0.39170669019222265 1.0000000180025095e-35 0.072133380919694914 0.40690015256404882 0.22491506487131122 0.57310491800308239 0.58756005764007579 0.18359893560409549 0.53458327054977428 -0.20864969491958615 0.049308879300951965 0.42514967918396002 0.65032026171684276 0.42514967918396002 0.31061333417892462 0.22396993637084964 0.6788403093814851
decision_type=2 2 2 2 2 2 2 2 2 2 2 2 2 2 2 2 2 2 2 2 2 2 2 2 2 2 2 2 2 2 2 2 2 2 2 2 2 2 2 2 2 2 2 2 2 2
left_child=1 4 5 11 15 8 10 13 14 16 23 20 33 19 17 -1 26 36 32 41 29 44 -19 42 -16 -24 -6 -18 -27 -2 -10 -8 -12 -7 -14 -11 -3 -9 -34 -29 -25 -4 -5 -33 45 -13
right_child=3 2 7 6 9 12 31 37 30 35 18 21 34 -15 24 -17 27 22 -20 -21 -22 -23 25 40 -26 28 -28 39 -30 -31 -32 43 38 -35 -36 -37 -38 -39 -40 -41 -42 -43 -44 -45 -46 -47
leaf_value=0.13350653257605602 0.0043894854108725246 0.055336973453423366 0.058650678178483816 0.02647211088178978 0.06251352802860248 0.032505946767178572 0.068568498122772242 0.10197348879268353 0.01504501323676213 0.11155419688484669 -0.0045221577190225938 -0.023990598842727875 0.054334251026414676 0.10042823317536685 0.068060493448742196 0.12191047676401355 0.086635462113765688 0.048867505852606762 0.017340671963457361 0.082710268401932699 -0.011245537165048372 -0.032323662418660221 0.055140844931832987 0.007051425036008082 0.09365586519741799 0.058732039123207382 0.090334454930922015 0.11694944048435267 0.083654013581570222 0.057816184189451551 0.042261019036671954 0.032171621867241665 -0.006900361740954845 0.014175354434522046 0.033326579789464315 0.12773619768563096 0.024249065547741463 0.11874211149841329 0.01662525322861513 0.10176635545995023 0.027634567191869585 0.075395917451121189 0.043977422421500371 0.060226889214366343 -0.0053345426916545542 -0.008469221763847179
leaf_weight=128735.81244745851 11498.598658517003 4515.2938675433397 14062.522535264492 16123.754262447357 5784.1235501915216 12118.716143578291 7139.3959004580975 18558.340054452419 6580.7819205969572 34754.667033389211 51629.620654478669 35787.036470726132 14074.320836052299 16094.476569399238 13635.304139718413 62034.70080524683 12044.57427957654 15105.866456240416 15240.411801680923 31705.974914878607 36204.127118691802 39499.560738831758 14016.626536145806 13608.881136074662 9326.6791175454855 7731.3616335839033 22215.751576006413 10395.455825969577 15278.046342283487 1175.7382085323334 10160.464366137981 5367.3229500949383 5365.4213863611221 23195.861952915788 10187.967519924045 13558.297861874104 5224.6056773364544 15675.794179990888 12691.302493870258 37266.188566669822 5438.1388953477144 9293.3486024737358 7004.7405349314213 2864.6466055810452 6546.849311619997 7608.3085787296295
leaf_count=173311 13714 14599 53808 82787 21260 54359 28362 44925 26169 75514 303088 228382 57781 37474 45890 108232 30967 58539 84117 97460 219584 216431 43934 78642 21424 20676 63307 21174 40398 2361 40587 26797 35289 122798 48096 22216 20184 29411 73446 93073 29680 32801 34191 11511 40864 34316
internal_value=0.0635896 0.0945275 0.0649121 -0.00178444 0.118681 0.0482811 0.0141945 0.0903381 0.058604 0.103167 0.00933605 -0.0182431 0.0306769 0.0810279 0.0639357 0.12974 0.0960289 0.0585311 0.00241251 0.0753468 -0.00589885 -0.0249881 0.0622336 0.0232751 0.0784789 0.0676776 0.0846022 0.101378 0.0752979 0.00937133 0.0315725 0.0543477 -0.000853369 0.0204705 0.0455237 0.116111 0.0386871 0.109672 0.00963434 0.105092 0.0129355 0.0653317 0.0317842 0.0419724 -0.019183 -0.0212711
internal_weight=874126 593332 266542 280794 326790 161152 142474 105390 101575 136019 127102 138320 59576.9 71156.3 84833.8 190771 87706.1 61871.8 84926.8 55061.8 48878.5 89441.8 52131.9 42175.5 22962 37026 27999.9 59706.2 23009.4 12674.3 16741.2 15371.4 69686.3 35314.6 24262.3 48313 9739.9 34234.1 18056.7 47661.6 19047 23355.9 23128.5 8231.97 49942.2 43395.3
internal_count=3063929 1520367 911313 1543562 609054 615434 787910 295879 332400 327511 721240 755652 283034 221543 265644 281543 229781 198330 495940 184069 235659 519993 163547 225300 67314 105008 84567 145214 61074 16075 66756 66670 411823 177157 105877 97730 34783 74336 108735 114247 108322 86609 116978 38308 303562 262698
is_linear=0
shrinkage=0.035


Tree=4
num_leaves=47
num_cat=0
split_feature=74 75 16 17 75 75 16 16 17 74 16 95 95 3 106 3 3 75 75 123 17 5 17 16 17 16 106 17 95 95 10 16 75 106 98 16 14 123 36 25 21 74 14 16 73 16
split_gain=1.23346e+06 282817 75208 71244 39606.9 18736.5 14187.7 12658 9514.02 9106.46 8701.27 6473.01 6129.76 6279.36 5365.52 5148.59 5112.59 4634.02 4280.91 3726.72 3393.71 3314.77 3161.54 2823.18 2444.06 2430.56 2404.44 2374.62 2158.39 2048.24 2017.64 1988.73 1677.2 1601.79 1591.12 1536.39 1527.55 1515.12 1510.38 1482.21 1422.46 1337.45 1323.2 1319.9 1282.99 1274.84
threshold=0.049743559211492545 0.093351885676383986 0.31061333417892462 0.22396993637084964 0.053070941939949996 0.19251058995723727 0.22396993637084964 0.42514967918396002 0.37446653842926031 0.18477755784988406 0.46720869839191442 0.53663459420204174 0.66457965970039379 0.066780988126993193 0.19943242520093921 0.057120069861412055 0.049219632521271713 0.17982689291238788 0.03798066824674607 0.22158832103013995 0.42514967918396002 1.0301751494407656 0.22396993637084964 0.53458327054977428 0.22396993637084964 1.0000000180025095e-35 0.17384142428636554 1.0000000180025095e-35 0.5060986876487733 0.67508739233016979 0.37376695871353155 0.22396993637084964 0.068820696324110045 0.18739927560091021 0.8750000298023225 0.58756005764007579 0.37446653842926031 0.38163572549819952 0.65365403890609752 0.22396993637084964 1.0000000180025095e-35 0.059593481943011291 0.22396993637084964 0.22396993637084964 0.23333442211151126 0.63123199343681347
decision_type=2 2 2 2 2 2 2 2 2 2 2 2 2 2 2 2 2 2 2 2 2 2 2 2 2 2 2 2 2 2 2 2 2 2 2 2 2 2 2 2 2 2 2 2 2 2
left_child=1 4 5 9 18 11 17 14 12 27 16 31 24 30 38 37 28 25 -1 -10 -8 39 -15 33 -7 26 -5 29 -6 42 -14 -3 -18 -9 -21 -12 -19 -13 -4 -11 -17 -28 -2 -34 -31 -20
right_child=3 2 7 6 10 8 20 23 19 21 35 15 13 22 -16 40 32 36 45 34 -22 -23 -24 -25 -26 -27 41 -29 -30 44 -32 -33 43 -35 -36 -37 -38 -39 -40 -41 -42 -43 -44 -45 -46 -47
leaf_value=0.12091680002181744 -0.022237048732422538 0.034959032679562747 0.059144012254554588 0.0074925055296377833 0.084094597080567782 0.0050539150580222354 0.031411417462025505 0.08643067479340677 0.038710880205594794 -0.019979206116922232 0.10106601748031492 0.072610148837186889 0.093706100281727128 0.018266859544066993 0.089650327465537374 0.045474900123672501 0.088048063413647973 0.0053364885726569786 0.10864226985968656 0.057780434210173558 0.064165829986529727 -0.031170946991499207 0.048985295093935344 0.10761736244479585 0.0238542374647694 0.040691418463999672 0.040401126376457083 -0.0016755228931258507 0.1030592918424246 0.010014239683775496 0.054103838232262468 0.052698959109855774 0.066596537464749167 0.10806314407918957 0.086120936902456674 0.11506422750375862 0.020674747114522884 0.09566467678115774 0.072669805074522476 -0.0015082494878592792 0.061884034307156784 0.020876984995675311 -0.0080245590106669817 0.080706086997836143 -0.010019740539673836 0.12107489101682811
leaf_weight=128830.78415243328 24907.908453866839 14348.465229555964 24589.458154767752 12202.081630975008 10780.391275882721 13086.671003133059 6540.2328099608421 29434.053404048085 10725.808406710625 31525.744121909142 36205.103648379445 8423.6810995936394 2365.2174126505852 12204.601348862052 14311.778270050883 9013.2843437790871 22388.645109131932 41288.388014063239 68581.020456507802 6886.0961850881577 9582.688441067934 41626.82344494015 6189.3155723363161 15792.57605047524 24035.99945384264 8579.8956863731146 6415.1994613111019 39235.347739815712 24763.607063904405 6009.1266403049231 4856.3831033855677 16988.014786168933 12799.04051284492 5028.5499029755592 3825.9202464669943 13716.459477603436 9849.0380572676659 6190.5701257139444 17589.037576422095 6405.0045243054628 23900.061870083213 13112.345399439335 11854.722856208682 23596.733395382762 11214.060888424516 12518.299524843693
leaf_count=160877 160028 62747 85754 69058 28651 69370 30875 74100 46441 195304 74585 20793 4730 43660 31952 14060 55499 228763 116407 23767 36370 237213 19742 27786 115941 39599 26129 219585 49265 25071 13261 66655 38961 9814 11355 21200 52535 12899 56365 38869 81499 59173 75292 65653 49698 16578
internal_value=0.059251 0.0866501 0.059649 -0.00173114 0.107216 0.0446934 0.0206292 0.082488 0.0332044 -0.0156527 0.0930846 0.0569526 0.0263214 0.0394913 0.0711005 0.0651004 0.0868115 0.0152898 0.116923 0.0533343 0.0508962 -0.0243503 0.0286163 0.0952781 0.0172288 0.0241635 0.0196871 -0.00822873 0.0973228 -0.0129905 0.0671426 0.0445847 0.0804464 0.0896057 0.0679459 0.104926 0.00829288 0.0824119 0.0647942 -0.0168612 0.0573998 0.027302 -0.0176563 0.0757563 -0.00302837 0.11057
internal_weight=904314 623966 269786 280349 354180 163040 107570 106745 84176 172779 144250 78864.1 62738.2 25615.5 56490.3 47527.6 94328.4 91446.9 209930 21437.8 16122.9 79557.6 18393.9 50255.2 37122.7 40309.5 31729.6 93221.2 35544 53985.8 7221.6 31336.5 58784.4 34462.6 10712 49921.6 51137.4 14614.3 42178.5 37930.7 32913.3 19527.5 36762.6 36395.8 17223.2 81099.3
internal_count=3063929 1520367 892691 1543562 627676 606920 542502 285771 348267 1001060 333814 258653 266704 81393 174071 129251 238029 475257 293862 81563 67245 471386 63402 111700 185311 193959 154360 529674 77916 310089 17991 129402 160113 83914 35122 95785 281298 33692 142119 234173 95559 85302 235320 104614 74769 132985
is_linear=0
shrinkage=0.035


Tree=5
num_leaves=47
num_cat=0
split_feature=72 75 17 16 16 17 75 107 16 3 17 95 72 95 16 17 17 106 95 16 14 3 5 75 3 75 16 95 75 75 75 18 75 95 16 16 95 26 123 106 75 5 16 16 16 56
split_gain=1.04705e+06 165606 140446 50501.4 27309.4 23599 21539.9 17130.5 8942.79 8725.53 6484.01 6195.88 5616.81 5346.8 5188.25 5036.79 4820.23 4548.31 4254.42 4101.2 3462.98 3104.63 2955.57 2171.12 2110.14 1854.48 1834.71 1779.12 1777.91 1650.98 1635.73 1608.05 1586.04 1569.51 1502.2 1451.13 1446.62 1488.3 1411.64 1393.19 1289.91 1261.21 1253.39 1236.49 1193.49 1162.14
threshold=0.056276356801390655 0.081490874290466322 0.31061333417892462 0.31061333417892462 0.22396993637084964 1.0000000180025095e-35 0.046413419768214233 0.34345048666000372 0.46720869839191442 0.049219632521271713 0.50316895544528972 0.57814249396324169 0.18818177282810214 0.73908051848411571 0.53458327054977428 0.37446653842926031 0.22396993637084964 0.18142321705818179 0.67508739233016979 1.0000000180025095e-35 0.37446653842926031 0.050269667059183128 1.0878710746765139 0.24171825498342517 1.0000000180025095e-35 0.080269478261470809 0.37446653842926031 0.45695841312408453 0.029717182740569118 0.25737924873828893 0.13132147490978244 0.68507987260818493 0.22491506487131122 0.5130985975265504 0.37446653842926031 0.58756005764007579 0.69904357194900524 0.50316895544528972 0.21172437071800235 0.18206328153610232 0.29462598264217382 0.79298034310340892 0.22396993637084964 0.31061333417892462 0.22396993637084964 1.0000000180025095e-35
decision_type=2 2 2 2 2 2 2 2 2 2 2 2 2 2 2 2 2 2 2 2 2 2 2 2 2 2 2 2 2 2 2 2 2 2 2 2 2 2 2 2 2 2 2 2 2 2
left_child=1 6 5 7 11 12 28 9 17 24 43 19 18 20 21 32 29 26 -2 39 23 27 36 45 -3 -13 -5 -8 -1 -11 -15 -21 -9 -18 -12 -10 37 -14 -26 41 -20 -4 -35 -6 -17 -7
right_child=2 3 4 8 10 13 14 15 35 16 34 25 22 30 -16 44 33 -19 40 31 -22 -23 -24 -25 38 -27 -28 -29 -30 -31 -32 -33 -34 42 -36 -37 -38 -39 -40 -41 -42 -43 -44 -45 -46 -47
leaf_value=0.11242264629451119 -0.016635161071358422 0.058915983381614953 0.014663015111974289 0.057072849683312936 0.036940984970538375 0.00087460325543131179 0.082004392413003543 0.034376556944919076 0.089318272189568101 0.040418466165374062 0.061910228914644712 0.065711135091572767 -0.023482466913541042 0.051486868197170015 0.1020687941093638 0.034858355530615087 0.041052321212379561 0.084575211005784856 0.013887797720581362 0.022051201682762138 0.016042793001379098 0.080997956638229396 -0.03092309756264907 -0.0059844810660155505 0.058558114457584881 0.035640883859476807 0.071470117440772321 0.096912685268452509 0.10544516150556191 0.014148378453128108 0.019771175688082909 0.040863363270696909 0.015176038594550521 0.054192899025296448 0.079281381442517437 0.10523576473825239 -0.0042082853307234235 -0.0038836779909765407 0.083150487370724474 0.019559037177260194 -0.0066753906492756365 -0.0032919870711718754 0.069527768863212824 0.052797844848804815 0.051273003660548384 0.017268433240915645
leaf_weight=87212.625004008412 26951.706955730915 9411.571320399642 8122.8843472450972 17767.991671204567 12039.17725302279 13803.917463064194 13651.58796402812 7455.3118208497763 33071.489306539297 7352.1497680693865 12675.87782214582 2837.1315760612488 32204.931266844273 2607.9814161807299 36712.226101234555 10200.254412561655 8233.4737311005592 24850.390400126576 9957.0420506894588 15303.965541034937 16238.14630793035 55726.00554074347 38183.498552389443 49033.086818322539 3512.8242823183537 22419.496542617679 28680.571711584926 37992.06123419106 98369.958131119609 4887.9846221804619 8453.9910504370928 8778.5186041146517 18033.480471745133 25873.87309525907 12127.939987272024 9240.4863490462303 8004.0549552440643 5571.1416774988174 17273.940184876323 11122.733018890023 5974.567312091589 11670.495765820146 8889.0120734125376 12252.421008884907 11788.080967277288 8591.3224852830172
leaf_count=98305 174201 23595 44209 60272 51684 64318 31229 31145 66945 22880 42843 9054 210774 8848 58227 43108 33084 54202 39269 74123 86767 131064 216086 294586 11385 87284 79302 68202 135646 17865 31819 37784 90687 75475 31818 13676 34185 36126 37869 53928 26387 67090 22040 43344 43704 47495
internal_value=0.0554808 0.0846104 0.00819106 0.0629088 0.0372649 -0.00848112 0.100837 0.0482586 0.0800444 0.0576264 0.057826 0.0246833 -0.0184681 0.0043505 0.0906701 0.031396 0.049344 0.072462 -0.00816063 0.0180895 0.0014563 0.0867671 -0.0237315 -0.00186067 0.0727629 0.0390339 0.065971 0.092982 0.108728 0.0299405 0.0272731 0.0289174 0.0207992 0.0548626 0.0704214 0.0928091 -0.0177298 -0.0205934 0.0790131 0.00965078 0.00617617 0.00407823 0.0581257 0.0449504 0.0436703 0.00716698
internal_weight=931113 576187 354926 246523 129351 225575 329664 132912 113611 85434.8 49095.4 80255.2 126847 98728.4 144082 47477.1 55236.5 71299 42883.3 54998.6 87666.5 107370 83963.6 71428.3 30198.3 25256.6 46448.6 51643.6 185583 12240.1 11062 24082.5 25488.8 42996.4 24803.8 42312 45780.1 37776.1 20786.8 30916.1 15931.6 19793.4 34762.9 24291.6 21988.3 22395.2
internal_count=3063929 1249907 1814022 727234 543161 1270861 522673 452837 274397 244193 169689 373472 737028 533833 288722 208644 171344 193776 239857 277134 493166 230495 497171 406399 72849 96338 139574 99431 233951 40745 40667 111907 121832 130599 74661 80621 281085 246900 49254 165227 65656 111299 97515 95028 86812 111813
is_linear=0
shrinkage=0.035


Tree=6
num_leaves=47
num_cat=0
split_feature=74 73 17 17 73 73 16 16 74 16 17 106 16 107 107 106 95 26 106 3 16 17 3 16 16 16 16 17 112 106 16 3 74 16 10 3 17 17 14 57 64 16 106 22 3 3
split_gain=938639 195601 63996.7 61416.4 24880.1 13549.1 11228.9 10950.2 8448.99 6141.7 5943.23 5035.61 4396.97 3868.65 3609.05 3481.96 3345.52 3312.08 3039.09 2829.84 2571.93 2557.42 2516.25 2313.89 2273.84 2236.06 2138.39 2050.92 2049.04 1919.12 2082.68 1811.13 1791.25 1744.17 1734.62 1624 1525.29 1463.63 1249.81 1212.03 1130.97 1091.47 1080.22 1055.1 1041.27 992.434
threshold=0.049743559211492545 0.081997167319059386 0.46720869839191442 0.22396993637084964 0.049308879300951965 0.21636166423559192 0.22396993637084964 0.42514967918396002 0.18477755784988406 0.46720869839191442 0.31061333417892462 0.26720170676708227 0.22396993637084964 0.12509951740503314 0.41707852482795721 0.19617328792810443 0.7073960304260255 0.22396993637084964 0.18271385878324511 0.053551085293293006 1.0000000180025095e-35 0.37446653842926031 0.077942878007888808 0.61035025119781505 0.31061333417892462 0.31061333417892462 0.53458327054977428 1.0000000180025095e-35 0.50871947407722484 0.31254909932613378 0.31061333417892462 0.044598059728741653 0.067931525409221663 1.0000000180025095e-35 0.40253517031669622 0.050269667059183128 0.22396993637084964 0.31061333417892462 0.22396993637084964 0.31061333417892462 -0.99097982048988331 0.37446653842926031 0.18739927560091021 1.0117896199226382 0.050269667059183128 0.24759166687726977
decision_type=2 2 2 2 2 2 2 2 2 2 2 2 2 2 2 2 2 2 2 2 2 2 2 2 2 2 2 2 2 2 2 2 2 2 2 2 2 2 2 2 2 2 2 2 2 2
left_child=1 4 5 8 13 11 14 15 27 18 16 12 -3 35 20 24 36 -10 25 43 32 -8 34 -15 -4 -6 42 28 38 30 -12 -17 -5 -16 -18 -1 -7 -21 -2 -34 -24 -14 -9 -13 -20 -30
right_child=3 2 7 6 9 10 21 26 17 -11 29 19 41 23 33 31 22 -19 44 37 -22 -23 40 -25 -26 -27 -28 -29 45 -31 -32 -33 39 -35 -36 -37 -38 -39 -40 -41 -42 -43 -44 -45 -46 -47
leaf_value=0.10268270691892405 -0.020613589619147825 0.028258540122398059 0.045013869588959927 0.023827360970341892 0.045595295257545715 0.0025284940743480607 0.021953388767047912 0.074504823017501068 -0.027869367295971642 0.089764342962346616 0.028466843682080186 0.072307824003529184 0.045648672822904239 0.08673406810763698 0.00077381713309384605 0.08392381071973315 0.085350713643602263 -0.011382706142242689 0.083617270351326684 0.043575329642322365 0.036623482113605756 0.052737833585068214 0.04154918939721669 0.099982859014417072 0.061840094183983438 0.069791317571012687 0.090805024927613984 -0.00177022453641691 0.0085268330074772056 0.062672302804159627 0.048276335244561999 0.065749037413303693 0.004835938255714994 0.016592172924038022 0.0374762682948808 0.091773276159029749 0.019585990864937348 0.060488661789432747 -0.0069478450019743818 0.02219346128310163 0.017388716343245153 0.06183583825405254 0.090550348082392984 -0.01183541896144447 0.074368812694972058 -0.0099943072407449388
leaf_weight=144633.81896904111 27081.802471660078 20776.346567064524 15968.232380539179 20561.704895481467 6156.5325374156237 12755.483491584659 4500.2360679507256 32653.781079411507 56739.46796323359 47817.528441607952 17327.123876616359 12432.066219896078 23725.013182356954 45293.092451959848 27077.346603602171 9057.9975772947073 1494.4912066906691 20274.371261142194 27105.583787083626 14825.415730282664 9122.3101255595684 12594.726743876934 3193.6816129684448 25808.889156088233 26077.435336709023 20210.046667829156 22328.038527563214 39304.450449734926 6937.4072931259871 3740.0624627768993 10452.61636890471 27379.26468989253 17329.298575237393 12467.227818652987 2479.2997023165226 19577.990380108356 12933.86893633008 11021.851286664605 11771.238218083978 6884.2140866219997 9282.2279720008373 6590.0660904049873 6297.2185965627432 183.50231663882732 35429.649374887347 7232.9067037031054
leaf_count=168166 171441 82592 58764 90571 21004 66958 21324 74573 342826 80528 74595 25230 84166 79207 153616 18749 2605 128560 50246 42476 40728 45921 9672 32003 76719 51366 35979 219585 30019 9207 34102 73900 88298 65099 6691 29603 62005 27877 75551 36945 31930 18560 11442 211 79241 33078
internal_value=0.0521657 0.0745101 0.0536303 -0.00172461 0.091513 0.0387424 0.0185681 0.0710139 -0.0149708 0.0796273 0.0276188 0.0478889 0.0406764 0.0984165 0.0137948 0.0623442 0.0190156 -0.0235305 0.0741692 0.0574616 0.0196863 0.0446449 0.031338 0.0915513 0.0554573 0.0641536 0.0821103 -0.00782976 -0.0123206 0.0391145 0.0359296 0.0702804 0.016231 0.00576286 0.055585 0.101385 0.0111194 0.0508003 -0.0164752 0.00977554 0.0235912 0.0491794 0.0771127 0.0710782 0.0783853 -0.000926463
internal_weight=954887 675008 302975 279879 372033 163213 110537 139762 169342 136719 73658.9 89554.3 51091.4 235314 93442.1 78482.9 42139.1 77013.8 88901.8 38462.8 53897.5 17095 16449.7 71102 42045.7 26366.6 61279 92327.8 53023.4 31519.8 27779.7 36437.3 44775.2 39544.6 3973.79 164212 25689.4 25847.3 38853 24213.5 12475.9 30315.1 38951 12615.6 62535.2 14170.3
internal_count=3063929 1520367 929003 1543562 591364 578877 542502 350126 1001060 282385 297765 281112 185318 308979 475257 228132 179861 471386 201857 95794 256542 67245 50898 111210 135483 72370 121994 529674 310089 117904 108697 92649 215814 218715 9296 197769 128963 70353 246992 125243 41602 102726 86015 25441 129487 63097
is_linear=0
shrinkage=0.035


Tree=7
num_leaves=47
num_cat=0
split_feature=72 75 17 17 17 20 75 75 17 20 75 112 112 17 107 3 124 14 107 107 3 72 20 5 17 3 17 75 75 5 32 7 107 112 32 18 7 7 107 57 44 5 26 75 17 5
split_gain=802586 125143 116727 36169.2 21148.2 16625.4 14259.3 10599.8 6990.79 5466.46 5304.41 5602.04 5219.19 4471.56 4295.31 4094.1 3232.76 3228.4 2999.02 2472.85 2454.32 2366.93 2178.38 2092.86 2055.94 1960.45 1768.34 1702.35 1437.91 1426.74 1403.48 1388.18 1361.79 1327.45 1291.52 1270.86 1175.28 1177.62 1156.12 1107.91 1086.54 1060.85 1055.56 1053.83 1050.66 1028.48
threshold=0.056276356801390655 0.07657115533947946 0.31061333417892462 0.46720869839191442 1.0000000180025095e-35 0.14931328594684604 0.046413419768214233 0.20332089811563495 0.46720869839191442 0.37498413026332861 0.39338120818138128 0.50412592291831981 0.35053002834320074 0.31061333417892462 0.18548426032066348 0.049219632521271713 0.093654070049524321 0.37446653842926031 0.27966918051242834 0.29060286283493048 0.050269667059183128 0.044760592281818397 1.0000000180025095e-35 1.0878710746765139 0.56247621774673473 0.076740618795156493 0.42514967918396002 0.25737924873828893 0.027827974408864978 1.0194991230964663 0.66012796759605419 0.059722460806369788 0.24918405711650851 0.47976516187191015 0.24964435398578647 0.58756005764007579 0.27633059024810797 -0.37745736539363856 0.25652962923049932 1.0000000180025095e-35 0.8230096995830537 1.0690463781356814 0.50316895544528972 0.12363468855619432 0.37446653842926031 0.84844553470611583
decision_type=2 2 2 2 2 2 2 2 2 2 2 2 2 2 2 2 2 2 2 2 2 2 2 2 2 2 2 2 2 2 2 2 2 2 2 2 2 2 2 2 2 2 2 2 2 2
left_child=1 6 4 7 10 12 28 15 30 21 11 29 22 18 33 16 -3 27 25 -15 -8 31 45 42 -11 -9 38 39 -1 -2 -7 -5 -33 -6 -10 -17 37 -21 -14 -16 -28 -13 -12 -35 -37 -4
right_child=2 3 5 9 14 8 20 13 34 24 23 41 26 19 17 35 -18 -19 -20 36 -22 -23 -24 -25 -26 -27 40 -29 -30 -31 -32 32 -34 43 -36 44 -38 -39 -40 -41 -42 -43 -44 -45 -46 -47
leaf_value=0.097188853241421097 -0.011695293310077085 0.078999813996381063 0.015399264568662207 0.076465189854313401 0.010074470622884359 0.028133289931314219 0.083442766977220389 0.049536702501739645 0.047883382357236881 0.066519364944359852 -0.020682165497025975 0.016917491216168756 0.032628787657229687 0.060444336760927399 -0.00043020535619033652 0.05097801176172452 0.053455881234472445 0.015032221702832405 0.013174446378769059 0.023083741846155657 0.074066829947362856 0.046971873920473819 0.028299488290858252 -0.031040494301422049 0.078098409112534795 0.023527938644985383 0.038122236144745532 -0.0062917120435370582 0.091081724395983332 -0.024900167621157689 0.046920668783336429 0.06891313190945253 0.056184293346238624 0.051924339410123643 0.061169536816539145 0.028610635168667572 0.024671097479728087 0.047366323533498476 0.012278506769941459 0.015936427518382382 0.081970672525775001 -0.00090766339798875292 -0.00099109395026315546 0.023150098232445394 0.044940093810495886 0.0025910310803386525
leaf_weight=83179.180995628238 25872.532378152013 9551.8550447523594 14494.544519081712 8722.9080844223499 7361.3945444226265 21052.145484164357 73214.857257440686 6208.8151776045561 15308.937940910459 30014.36014688015 29582.880093127489 7528.2078853473067 7268.3531648367643 6760.3696171790361 13792.215326875448 22612.114363670349 16908.946290552616 15925.690061464906 17646.353051185608 3163.3070423603058 65745.71685013175 13156.560464590788 8865.8105558156967 31612.666920632124 52037.039947614074 8337.3208110034466 15702.535785660148 46025.827355317771 117358.41319665313 16384.256085366011 6363.7420032471418 16933.657045528293 27207.958077892661 2101.7915214896202 22260.38308390975 7675.3220964223146 7286.1531228721142 11100.864412158728 6478.798772290349 8001.5115675032139 724.0657242834568 8943.7988951802254 3760.2363379970193 6095.5587632879615 13251.319711357355 16337.441127434373
leaf_count=86106 163322 17526 71715 20196 36523 90150 120481 15052 50919 71388 189746 29320 25944 16119 62473 58106 45190 83730 84809 13829 132939 44735 40094 182552 99523 26709 58779 276090 147845 105673 24164 38634 72600 7282 65672 29163 32344 34379 29650 43165 2130 41986 24429 24570 42234 83944
internal_value=0.0492226 0.0733734 0.00750865 0.055985 -0.00803669 0.0332125 0.0876402 0.0425475 0.0459553 0.0678258 -0.0176944 -0.0100698 0.0213578 0.031812 0.00399237 0.0518228 0.0626929 0.000854149 0.0228812 0.0419601 0.0790102 0.0603103 0.0130146 -0.0245863 0.0738681 0.0346459 0.0323293 -0.00247612 0.0936177 -0.0168182 0.0325038 0.0636241 0.0610762 0.0208765 0.0557644 0.0452086 0.0361459 0.0419939 0.0230482 0.00558109 0.0400848 0.00724164 -0.0184624 0.0305614 0.0389612 0.00861447
internal_weight=975919 618073 357845 278575 222989 134857 339498 130503 64985.2 148072 123685 58728.8 69871.5 60503.2 99304 69999.6 26460.8 83745.2 32192.5 28310.7 138961 66021.1 39697.8 64955.8 82051.4 14546.1 30173.8 67819.6 200538 42256.8 27415.9 52864.5 44141.6 15558.7 37569.3 43538.8 21550.3 14264.2 13747.2 21793.7 16426.6 16472 33343.1 8197.35 20926.6 30832
internal_count=3063929 1249907 1814022 762536 1270861 543161 487371 415460 230905 347076 737028 340301 312256 223241 533833 192219 62716 465458 126570 96671 253420 176165 195753 396727 170911 41761 116503 381728 233951 268995 114314 131430 111234 68375 116591 129503 80552 48208 55594 105638 60909 71306 214175 31852 71397 155659
is_linear=0
shrinkage=0.035


Tree=8
num_leaves=47
num_cat=0
split_feature=74 3 16 21 107 16 107 16 16 74 16 3 18 107 90 18 16 64 107 16 5 56 107 16 96 107 4 69 16 14 18 16 16 89 74 3 3 5 106 106 26 95 123 16 95 21
split_gain=740783 110488 45653.3 41350.5 31654 23001 12825.5 12249.6 8086.81 7990.18 6331.41 5630.02 4926.22 4664.5 3787.66 3572.48 3199.71 3047.61 2948.92 3148.45 2932.72 2603.92 2475.3 2465.95 2399.78 2287.42 2060.34 2034.28 1895.57 1730.48 1508.6 1475.76 1458.17 1451.99 1390.9 1278.52 1244.21 1204.78 1196.67 1106.88 1095.64 1138.14 1080.72 1078.95 1188.86 1038.84
threshold=0.050312785431742675 0.071701113134622588 0.31061333417892462 1.0000000180025095e-35 0.19565273821353915 0.37446653842926031 0.30095578730106359 0.22396993637084964 0.42514967918396002 0.14938494563102725 0.22396993637084964 0.15441767126321795 0.53458327054977428 0.50017428398132335 0.010305874049663545 0.50316895544528972 0.50316895544528972 -0.93287119269371022 0.082556519657373442 0.53458327054977428 1.0933871865272524 1.0000000180025095e-35 0.21957967430353167 0.53458327054977428 0.090194713324308409 0.18306206166744235 0.39170669019222265 -0.70718398690223683 0.22396993637084964 0.37446653842926031 0.31061333417892462 0.22396993637084964 0.22396993637084964 0.55829170346260082 0.065385926514863982 0.28964795172214514 0.049219632521271713 0.55233678221702587 0.18271385878324511 0.1764863803982735 0.50316895544528972 0.6788403093814851 0.25910800695419317 1.0000000180025095e-35 0.44663871824741369 0.14931328594684604
decision_type=2 2 2 2 2 2 2 2 2 2 2 2 2 2 2 2 2 2 2 2 2 2 2 2 2 2 2 2 2 2 2 2 2 2 2 2 2 2 2 2 2 2 2 2 2 2
left_child=1 4 6 9 10 13 11 12 22 24 14 27 25 28 36 -8 -7 45 -12 39 40 34 -4 -10 26 -5 -2 38 33 -27 -19 -17 -15 37 -14 -9 -1 -6 -3 -20 41 -11 -16 44 -23 -13
right_child=3 2 8 7 5 16 15 35 23 20 18 17 21 32 42 31 -18 30 19 -21 -22 43 -24 -25 -26 29 -28 -29 -30 -31 -32 -33 -34 -35 -36 -37 -38 -39 -40 -41 -42 -43 -44 -45 -46 -47
leaf_value=0.086003376920532268 0.0033038336582392231 0.035752438152116782 0.066246864511761039 0.017568991143217465 0.023138041793404906 0.06653853715359119 0.012098369046928939 0.044299276011311652 0.066527335908470417 -0.022049653497215493 0.089090961578906891 0.03305243125252761 0.016700653925620593 0.011814670757593029 0.045081394402588661 0.023399035461872452 0.079801955835211852 0.012611414903286381 0.064914506210855871 0.086921460468473738 -0.030558466219707807 0.0081757422135587555 0.049655733780346316 0.080122194352755485 -0.0097728290801007336 -0.0064929410813915032 0.050469681259732203 0.043538987907505558 0.056814527042320997 0.010884367860991655 0.032133750632608579 0.036584961889611259 0.035968320947087747 0.068804168207689614 0.0022910961251077599 0.022042033072395408 0.068293708246173535 0.044723385653344536 0.060840798635006486 0.077678473962037878 -0.0035848808190948479 -0.0067182920252097785 0.065106967476108099 0.02994895444531746 0.02332066116629701 0.049540561291017179
leaf_weight=18380.256999716163 11648.6624077335 2603.4634152799845 15041.6126165241 7259.1632200330496 4796.1803343594074 40790.328173428774 22163.939231202006 12656.636368393898 42335.242947906256 33465.596790447831 126364.42977875471 6966.3195430338383 11848.306819885969 4930.3044649064541 4006.353106662631 22651.486797332764 50036.428674548864 7228.8075662180781 10539.067185148597 59325.392991483212 35635.010734073818 12083.47516335547 42055.740425556898 27079.90199919045 34759.904494389892 40442.743059925735 1251.1741284951568 18912.540723785758 25522.028313279152 8488.2762829661369 14804.854720875621 19322.364570200443 8114.2269128412008 2085.2825421094894 26677.144287273288 4242.3171245157719 6843.455741122365 9469.8331419527531 25034.757247194648 44891.06219214201 6249.2422756552696 7219.3443069905043 20706.491719901562 9548.5549925118685 13402.650439694524 14673.26102308929
leaf_count=23162 13642 9236 32194 35497 16691 86763 104224 46149 88053 228639 142000 16842 58220 24059 11325 94978 74859 25672 21808 70891 216431 68954 120688 40261 219244 244871 2354 54559 64514 45433 46136 71272 29496 3619 149776 18095 13579 28386 57837 72436 40875 34048 40710 44306 66786 44359
internal_value=0.0465837 0.0653456 0.0482179 -0.00204795 0.0763583 0.0630366 0.0354408 0.0106979 0.0638051 -0.0164008 0.0830276 0.0439475 0.00704632 0.045146 0.0716521 0.0234711 0.0738502 0.0349106 0.0853816 0.0812925 -0.0229871 0.0130064 0.0540331 0.0718375 -0.00498869 -0.000756589 0.00790053 0.05242 0.0508409 -0.00347728 0.0257344 0.0294737 0.0268495 0.041499 0.00672482 0.0387221 0.0812163 0.0374799 0.0584861 0.0752591 -0.0172351 -0.0193308 0.0618726 0.0199113 0.0161441 0.0442437
internal_weight=994554 717675 280874 276878 436801 145745 154362 146649 126512 130229 291057 90224 129750 54917.9 49936.6 64137.8 90826.8 43673.2 241120 114756 82569.2 73560.1 57097.4 69415.1 47659.7 56190.2 12899.8 46550.8 41873.3 48931 22033.7 41973.9 13044.5 16351.3 38525.5 16899 25223.7 14266 27638.2 55430.1 46934.2 40684.9 24712.8 35034.7 25486.1 21639.6
internal_count=3063929 1530609 806311 1533320 724298 328387 525115 778087 281196 755233 395911 254641 713843 166765 88776 270474 161622 133009 307135 165135 519993 388042 152882 128314 235240 325801 15996 121632 113210 290304 71808 166250 53555 48696 207996 64244 36741 45077 67073 94244 303562 262687 52035 180046 135740 61201
is_linear=0
shrinkage=0.035


Tree=9
num_leaves=47
num_cat=0
split_feature=74 75 16 21 75 107 16 74 16 75 16 73 16 106 5 61 14 96 57 106 74 75 4 16 16 95 74 74 20 74 48 26 107 7 1 16 7 21 55 14 95 13 61 107 36 112
split_gain=662084 144932 40586 38751 18851 12831.9 11053.2 7691.19 6922.23 5873.32 4232.23 4207.25 4148.51 3432.08 2883.37 2550.84 2540.56 2245.5 2097.82 2030.5 2017.67 1959.17 1844.22 1787.66 1731.81 1708.29 1680.32 1665.59 1618.5 1453.7 1426.33 1378.02 1232.56 1198.98 1158.53 1146.89 1112.95 1083.73 1067.93 1059.77 1063.14 1050.62 1018 992.844 1535.53 990.675
threshold=0.050312785431742675 0.086675375699996962 0.31061333417892462 1.0000000180025095e-35 0.050367143005132682 0.36695048213005071 0.22396993637084964 0.14938494563102725 0.42514967918396002 0.19430118799209598 0.22396993637084964 0.16205202043056491 0.50316895544528972 0.2365350425243378 1.0933871865272524 -0.16697777062654492 0.31061333417892462 0.090194713324308409 0.42514967918396002 0.17384142428636554 1.0000000180025095e-35 0.036510195583105094 0.39170669019222265 0.37446653842926031 0.53458327054977428 0.57814249396324169 0.030414531938731674 0.065385926514863982 1.0000000180025095e-35 1.0000000180025095e-35 0.40690015256404882 0.22396993637084964 0.57310491800308239 -0.064811728894710527 0.043760918080806739 0.31061333417892462 -0.37745736539363856 0.3114724606275559 0.81924167275428783 0.37446653842926031 0.6788403093814851 0.37446653842926031 0.097590737044811263 0.46516336500644689 0.65692242980003368 0.54992738366127025
decision_type=2 2 2 2 2 2 2 2 2 2 2 2 2 2 2 2 2 2 2 2 2 2 2 2 2 2 2 2 2 2 2 2 2 2 2 2 2 2 2 2 2 2 2 2 2 2
left_child=1 4 5 7 21 11 9 17 13 18 29 25 19 43 39 38 30 22 27 23 31 -1 -2 -6 -10 37 -22 -5 -27 41 -11 42 -12 -32 -21 -8 -31 -3 -13 40 -9 -7 -17 -4 -45 -19
right_child=3 2 8 6 12 10 35 14 24 16 32 15 -14 -15 -16 20 -18 45 -20 34 26 -23 -24 -25 -26 28 -28 -29 -30 36 33 -33 -34 -35 -36 -37 -38 -39 -40 -41 -42 -43 -44 44 -46 -47
leaf_value=0.084627510126086047 0.003181169607528313 0.023183529583721319 0.051936040637798581 0.02097601744085997 0.043829794290868931 0.002763347172879323 0.029304006893904864 -0.021419404966653344 0.062973846246567808 -0.0058605449355573136 0.038160130453583095 0.014828553659589089 0.075431245741616179 0.069130661728854487 -0.030175297045688967 0.027611104675576138 0.01127032520091276 -0.012526252547516039 0.027541157020979454 0.068122715802110406 0.050424049911534076 0.078025240371079149 0.047169470235840505 0.061171566229758015 0.075029497432775108 0.043162235266766075 0.033224311088629124 0.0052901276844494463 0.056623582898389903 0.00012350061197290789 -0.0077955273417761109 0.039831332114127239 0.023254026814749081 0.013326466059656679 0.057297358210161839 0.047840821818021156 0.022023713168084769 0.042552210247522211 0.06411575023924114 -0.0026421886167144401 -0.0065155142360928484 0.045458599088011281 0.0051367146794153917 0.035841056555021344 0.052967824179529444 0.0021020981909838977
leaf_weight=144300.55411876738 11674.172208406031 4429.3419554382563 33988.710579246283 13950.127544417977 10350.666511848569 12970.994394928217 10508.607465907931 33587.920040309429 46035.760431960225 44627.027640275657 16661.352742508054 9437.4900620430708 47605.493321910501 11130.450030237436 34838.664890512824 8065.7920070439577 21690.821952044964 27373.511108107865 14467.633214265108 68369.477154925466 16247.913245931268 91554.906565725803 1291.5228090882301 25286.103923723102 21781.85470020771 19943.440257564187 12283.136928826571 20453.242049157619 24669.260777518153 3260.0621394664049 4834.213378302753 7718.1262935400009 11553.580215990543 10290.340306654572 15058.209734737873 6752.056712448597 22238.335425138474 18152.430564031005 566.10977490246296 5655.453830935061 7112.9572627544403 740.80459426343441 3562.9643306434155 15757.286317303777 10919.169721394777 7149.5923026427627
leaf_count=148957 13642 13641 90193 64104 29115 62403 42803 234088 93650 262841 58657 34467 71305 18647 216431 21904 116952 181145 68403 124959 46358 120689 2354 53252 31934 40267 38529 111593 59238 18547 32085 21290 48470 57865 32981 21441 97264 58591 1718 35749 33725 2902 12151 49203 29327 38099
internal_value=0.0442052 0.0615747 0.0444586 -0.0019851 0.0756959 0.0340368 0.0102555 -0.0160224 0.0588263 0.00676839 0.0217258 0.0406719 0.0666778 0.0512398 -0.022566 0.0337468 0.00101204 -0.00483284 0.0163597 0.0631742 0.0371061 0.0820667 0.00758334 0.0561431 0.0668523 0.0466336 0.0430281 0.0116534 0.0506127 0.0142834 -0.00271249 0.0283619 0.0320629 0.00657432 0.0661732 0.0365699 0.0192247 0.0387607 0.0176554 -0.0168439 -0.0188163 0.00508955 0.0207321 0.0479507 0.042862 -0.00949669
internal_weight=1.0109e+06 734640 332114 276258 402525 192501 147574 128684 139613 130313 67425.1 125076 166670 71795.6 81195 57881.5 81442.4 47488.8 48871 119064 47877.9 235855 12965.7 35636.8 67817.6 67194.5 28531.1 34403.4 44612.7 39210.2 59751.6 19346.9 28214.9 15124.6 83427.7 17260.7 25498.4 22581.8 10003.6 46356.3 40700.9 13711.8 11628.8 60665.2 26676.5 34523.1
internal_count=3063929 1530609 949351 1533320 581258 636397 778087 755233 312954 713843 288243 348154 311612 187370 519993 176417 469743 235240 244100 240307 140232 269646 15996 82367 125584 171737 84887 175697 99505 181116 352791 55345 107127 89950 157940 64244 115811 72232 36185 303562 267813 65305 34055 168723 78530 219244
is_linear=0
shrinkage=0.035


Tree=10
num_leaves=47
num_cat=0
split_feature=72 17 73 17 16 72 73 107 16 107 16 17 106 5 16 106 16 3 112 14 14 107 16 107 16 106 16 16 17 17 16 112 106 3 16 44 32 16 32 109 17 16 32 107 96 124
split_gain=573904 92119.4 88678.7 32039.6 20088.6 9045.64 8009.99 6961.11 8340.28 6900.78 5857.36 5162.82 4593.52 4268.47 2724.63 2695.25 2537.59 2423.15 2286.62 2156.43 2130.82 2086.31 2029.2 1760.51 1754 1589.11 1633.27 1579.16 1467.31 1466.43 1454.15 1407.45 1325.21 1288.28 1286.42 1183.51 1125.82 1058.1 994.352 948.877 937.531 931.973 902.927 864.795 854.341 878.16
threshold=0.056276356801390655 0.22396993637084964 0.063041254878044142 0.50316895544528972 0.22396993637084964 0.19073586910963061 0.040359202772378928 0.20871005952358249 0.22396993637084964 0.35779914259910589 0.46720869839191442 0.46720869839191442 0.27667106688022619 1.0878710746765139 0.56247621774673473 0.18206328153610232 0.31061333417892462 0.14451719820499423 0.40432567894458776 0.22396993637084964 0.37446653842926031 0.50714594125747692 1.0000000180025095e-35 0.12509951740503314 0.37446653842926031 0.17436352372169497 0.37446653842926031 1.0000000180025095e-35 0.31061333417892462 0.31061333417892462 0.22396993637084964 0.49665457010269171 0.23036924749612811 0.15642264485359195 0.58756005764007579 0.8230096995830537 0.65692242980003368 0.37446653842926031 0.65365403890609752 0.48454424738883978 1.0000000180025095e-35 0.63123199343681347 0.74527040123939525 0.65570104122161876 0.49004587531089788 0.096103649586439147
decision_type=2 2 2 2 2 2 2 2 2 2 2 2 2 2 2 2 2 2 2 2 2 2 2 2 2 2 2 2 2 2 2 2 2 2 2 2 2 2 2 2 2 2 2 2 2 2
left_child=2 5 6 7 9 12 23 17 21 18 15 38 19 20 25 16 -5 44 27 -2 31 28 -11 -1 32 26 -8 39 -9 -19 -17 40 36 -14 -12 -20 43 -13 -6 -3 -7 -25 -24 -10 -4 -46
right_child=1 4 3 10 11 13 14 8 24 22 34 37 33 -15 -16 30 -18 29 35 -21 -22 -23 42 41 -26 -27 -28 -29 -30 -31 -32 -33 -34 -35 -36 -37 -38 -39 -40 -41 -42 -43 -44 -45 45 -47
leaf_value=0.080345717959380794 -0.01404829803038588 0.014535448867462337 0.052997930210111073 0.033093683566102476 0.024624721211422926 -0.021281729492991813 0.039726044063741521 0.018287730106419514 0.033644666466772749 0.0013598363165226819 0.064389186364072065 0.04358008789501986 0.019321203692462416 -0.027416355150440896 0.076183944972492507 0.050427776713445033 0.052334321378294052 0.028196378668485064 0.029821982905241361 0.00061631573664451057 0.0034616956255584565 0.0092494083903079272 0.012015269844342135 0.069532682482822711 0.049949019260390116 0.067364914820604263 0.061440254104450788 0.027772243437386653 0.033017454307774328 0.048879127299098921 0.063153968880848843 -0.0029407968245550387 0.049296073407513193 0.0034785384865598221 0.07555348663696751 0.070849487150585755 0.044677788310390681 0.055883705912224302 0.04015903095510899 -0.010888049723076568 -0.010218938576699419 0.079482101502244509 0.031720418228986719 0.01847907420135346 0.047328014349302588 -0.016070712287892856
leaf_weight=148980.51394289732 32280.210723742843 21198.518424108624 38158.823894873261 11279.964459523559 19260.350816845894 30067.97899659723 5165.557375818491 16585.150098413229 18766.309848502278 33066.664470732212 49310.369215518236 18601.212566241622 9944.4205489680171 38262.32397415489 32638.313822478056 16109.644281551242 33395.739981129766 10579.67949013412 27579.272542387247 19824.65633444488 8745.3500362187624 13289.176229208708 20494.298672497272 35476.624031171203 17866.971882984042 71958.484429582953 25087.969556123018 12627.9693646878 16622.319603770971 7010.0759560167789 36025.010174378753 9470.40494351089 8368.3640904575586 17095.62638477236 17409.937134891748 887.08865037560463 8530.459769114852 16209.118473634124 6875.1689204573631 1960.3052553907037 13672.675360970199 17825.88505859673 3307.721603512764 6142.7521189302206 649.82814386487007 447.85990193486214
leaf_count=153932 202394 99688 81839 38419 74670 210081 14781 58254 61245 181793 84129 56177 39761 239771 40200 40207 79318 29996 97263 119747 50775 65653 99738 51611 42517 113663 45772 49378 51011 16607 69694 45313 17002 74063 22075 2488 27157 37621 24133 10388 83669 19028 15111 24795 586 416
internal_value=0.0420491 0.006562 0.0613747 0.0483734 0.0240997 -0.0112403 0.0739667 0.0373901 0.0320938 0.0158514 0.0593203 0.0404887 -0.00239511 -0.0182248 0.0673465 0.0538107 0.0474816 0.0472776 0.0237106 -0.00846917 -0.0125462 0.0209758 0.00697006 0.0783778 0.0407534 0.0645202 0.0577416 0.0178159 0.0256657 0.0364535 0.059228 -0.0151773 0.0368167 0.00930826 0.0673091 0.0311155 0.0336852 0.0493181 0.0287198 0.0123808 -0.0178257 0.0728688 0.0147613 0.0299104 0.052121 0.0215065
internal_weight=1.02511e+06 361431 663682 326548 182068 179364 337133 163018 106172 121122 163531 60945.9 79144.9 100219 134850 96810.4 44675.7 56846.3 64253.2 52104.9 61956.4 46496.6 56868.7 202283 59674.9 102212 30253.5 35786.8 33207.5 17589.8 52134.7 53211.1 41807.9 27040 66720.3 28466.4 33439.5 34810.3 26135.5 23158.8 43740.7 53302.5 23802 24909.1 39256.5 1097.69
internal_count=3063929 1814022 1249907 810920 748448 1065574 438987 477078 347634 555847 333842 192601 435965 629609 214416 227638 117737 129444 259205 322141 389838 174918 296642 224571 172716 174216 60553 159454 109265 46603 109901 339063 130199 113824 106204 99751 113197 93798 98803 110076 293750 70639 114849 86040 82841 1002
is_linear=0
shrinkage=0.035


Tree=11
num_leaves=47
num_cat=0
split_feature=74 75 17 17 75 3 74 20 17 95 17 26 17 95 3 3 112 106 106 75 14 112 17 32 5 32 17 17 20 7 5 75 78 5 74 3 112 3 32 20 32 4 7 90 78 14
split_gain=540653 120993 42094.6 33953.3 16910.3 8028.16 6997.68 6349.76 6342.81 5222.76 3298.37 3037.7 2892.89 2721.09 2612.71 2575.5 2098.3 2074.51 1905.95 1849.5 1690.44 2210.49 1649.33 1534.97 1471.29 1437.54 1416.03 1265.43 1077.75 1062.8 1043.87 971.828 969.484 1242.05 955.559 936.03 931.745 930.094 914.263 888.056 861.8 854.399 850.073 823.425 778.013 773.818
threshold=0.050312785431742675 0.086675375699996962 0.22396993637084964 0.42514967918396002 0.050367143005132682 0.15642264485359195 0.18477755784988406 1.0000000180025095e-35 0.53458327054977428 0.63260900974273693 0.22396993637084964 0.22396993637084964 0.42514967918396002 0.48186480998992925 0.050269667059183128 0.049219632521271713 0.60749313235282909 0.26865153014659887 0.29719167947769171 0.033271059393882758 0.31061333417892462 0.51065576076507579 0.22396993637084964 0.60404199361801159 0.79581734538078319 0.65692242980003368 0.37446653842926031 1.0000000180025095e-35 0.35638883709907537 0.20645257085561755 1.1734956502914431 0.066178206354379668 0.2834331095218659 0.63257101178169262 0.0033707526745274667 0.049219632521271713 0.40789026021957403 0.22596037387847903 0.65692242980003368 0.3354459702968598 0.7184627652168275 0.14931328594684604 0.3819605559110642 0.097599670290946974 0.68099015951156627 0.50316895544528972
decision_type=2 2 2 2 2 2 2 2 2 2 2 2 2 2 2 2 2 2 2 2 2 2 2 2 2 2 2 2 2 2 2 2 2 2 2 2 2 2 2 2 2 2 2 2 2 2
left_child=1 4 6 5 19 9 20 13 17 22 16 30 -9 24 -6 43 -7 23 25 -1 21 27 -3 29 -4 -12 44 -2 -17 -5 36 -16 35 -34 41 -11 -8 -23 -24 -25 -33 -18 -31 -10 -15 -13
right_child=2 3 7 8 14 10 11 12 15 32 18 45 -14 26 31 28 34 -19 -20 -21 -22 37 38 39 -26 -27 -28 -29 -30 42 -32 40 33 -35 -36 -37 -38 -39 -40 -41 -42 -43 -44 -45 -46 -47
leaf_value=0.076840966486195428 -0.017608807101794487 0.0073154799319940797 0.0096665726765859297 0.044279885941606631 0.064206861053017969 0.0033484425129535604 -0.026423899865249616 0.01624813716827176 0.069436433807408951 0.061989212847866716 0.018473432692000448 -0.012230861020181045 0.035596639531632474 0.0071119066818598553 0.059557543369972037 0.045908763818683661 -0.002101346726086765 0.054797166422334107 0.038243701856664002 0.070696895129008522 0.0034383287174319936 0.0086457990775628303 0.026085248236214338 0.040607950028176631 -0.0045927909481862927 0.034652818577446558 0.021338121631056469 -0.0068872570986058205 0.055305994590696995 0.028016857557622604 -0.031857138111757388 0.049866925942059923 0.029100265390150586 0.045915260928472382 0.035750671997441343 0.041868866346984904 -0.013560833666281148 -0.0065863350495148987 0.040616540864622283 0.054066869864150227 0.06089074858844451 0.028090950939186881 0.039254662463850058 0.058739323916968539 0.054054539730114808 0.010454108165339921
leaf_weight=126257.22357322276 30045.26769323647 4835.6323412507772 15547.650588393211 16893.307644426823 80586.171384707093 18344.502446010709 19203.301401920617 18745.789254963398 15444.347346201539 6672.1804372668266 33429.946472376585 17411.625447489321 19159.585213765502 19432.490371599793 41812.507679477334 25272.797590523958 2318.2178841084242 15339.837123647332 10793.863242596388 117707.07279868424 15796.089505016804 9649.3073371052742 24054.952383458614 11343.200688034296 20603.183622695506 8434.8262864202261 20109.771484717727 24491.118847809732 37748.916100203991 17147.289501279593 21942.043983571231 39943.486815676093 7515.8416054397821 19388.568519338965 4358.4943434894085 5048.1106385439634 10805.372210532427 9987.0089844688773 6841.9677221775055 13117.412396088243 11329.112879112363 2266.3804688602686 16088.655700862408 21748.231491267681 436.60114482045174 2054.875509031117
leaf_count=123566 201849 22591 81933 46454 127032 81173 142904 89533 23590 10470 129307 116699 69557 90943 75434 66305 7737 30117 27344 146080 94044 41020 85075 33733 116935 30271 83685 144927 76470 45551 136773 87047 16889 43942 13061 11416 63149 46320 22920 28720 22099 6005 49330 40880 1188 11861
internal_value=0.0400788 0.0552677 -0.00194879 0.0399102 0.0679332 0.0277099 -0.0134505 0.0143286 0.0498097 0.0359886 0.0200078 -0.0216303 0.0260323 0.00849951 0.0595793 0.0558696 0.0101283 0.0430533 0.0251254 0.0738784 -0.0069563 -0.00917019 0.0263361 0.0406338 0.00154018 0.0217379 0.0147911 -0.0127954 0.0515424 0.0371134 -0.0260489 0.0555691 0.0449126 0.0412258 0.0240229 0.0533497 -0.0217962 0.000898661 0.0293107 0.0478374 0.0523097 0.0128394 0.0334632 0.0631921 0.00815987 -0.00983331
internal_weight=1.0375e+06 762083 275421 344447 417636 154303 161386 114035 190144 74357.3 79946.2 71417.2 37905.4 76129.7 173671 100214 27287.6 89929.7 52658.6 243964 89968.8 74172.7 35732.6 74589.9 36150.8 41864.8 39978.9 54536.4 63021.7 50129.3 51950.7 93085.1 38624.7 26904.4 8943.09 11720.3 30008.7 19636.3 30896.9 24460.6 51272.6 4584.6 33235.9 37192.6 19869.1 19466.5
internal_count=3063929 1530609 1533320 949351 581258 508201 999546 533774 441150 213303 294898 471386 159090 374684 311612 207245 107976 233905 186922 269646 528160 434116 130586 203788 198868 159578 175816 346776 142775 141335 342826 184580 82717 60831 26803 21886 206053 87340 107995 62453 109146 13742 94881 64470 92131 128560
is_linear=0
shrinkage=0.035


Tree=12
num_leaves=47
num_cat=0
split_feature=74 73 17 17 73 73 74 16 16 17 95 16 26 17 95 16 95 107 95 3 16 14 112 16 95 16 16 17 16 5 17 74 10 16 95 16 16 17 5 73 3 6 112 3 74 74
split_gain=490341 105982 40508 37359.1 9501.84 9450.86 6781.66 6613.53 5813.11 4652.86 3221.6 4222.72 2957.53 2863.85 2565.1 2475.41 2383.28 2353.52 2236.92 1938.63 1602.29 1601.59 2057.39 1600.77 1442.23 1546.24 1414.96 1398.6 1392.57 1386.63 1366.34 1233.34 1207.87 1160.1 1099.21 1448.72 1093.23 1073.37 1036.22 1032.92 962.668 953.083 909.306 882.49 878.027 894.272
threshold=0.049743559211492545 0.068171668797731413 0.22396993637084964 0.50316895544528972 0.046814966946840293 0.21636166423559192 0.18477755784988406 1.0000000180025095e-35 0.42514967918396002 0.31061333417892462 0.61813953518867504 0.22396993637084964 0.22396993637084964 0.37446653842926031 0.49280548095703131 0.53458327054977428 0.4383001327514649 0.12509951740503314 0.71170765161514293 0.054851571097970016 0.58756005764007579 0.37446653842926031 0.51065576076507579 0.31061333417892462 0.65135192871093761 0.31061333417892462 0.61035025119781505 1.0000000180025095e-35 0.37446653842926031 0.75453233718872081 1.0000000180025095e-35 0.074737697839736952 0.48828019201755529 0.31061333417892462 0.50405517220497142 0.37446653842926031 0.22396993637084964 0.22396993637084964 1.1734956502914431 0.16205202043056491 0.050269667059183128 -0.17736332118511197 0.40789026021957403 0.22596037387847903 1.0000000180025095e-35 0.042698059231042869
decision_type=2 2 2 2 2 2 2 2 2 2 2 2 2 2 2 2 2 2 2 2 2 2 2 2 2 2 2 2 2 2 2 2 2 2 2 2 2 2 2 2 2 2 2 2 2 2
left_child=1 4 6 5 17 10 21 16 14 18 11 -3 38 -9 23 34 29 40 37 -12 -10 22 27 -5 25 -11 -19 -2 -13 -4 -20 39 -32 -15 35 -6 -16 -7 42 -18 -1 -14 -8 -24 -21 -46
right_child=2 3 7 8 15 9 12 13 20 24 19 28 41 33 36 -17 31 26 30 44 -22 -23 43 -25 -26 -27 -28 -29 -30 -31 32 -33 -34 -35 -36 -37 -38 -39 -40 -41 -42 -43 -44 -45 45 -47
leaf_value=0.073031828937467527 -0.016654206766916906 0.01935301585396549 0.0095955595187156607 0.030457569899827185 0.037598931310008597 0.00043281730844233325 -0.026012176327383917 0.012844057869832826 0.056333818737145894 0.020446298177581305 0.050973912283080167 0.033322428600911391 0.045300719962057492 0.027551393814397272 0.04505180964755727 0.066721837948025803 0.023668070350792901 0.060865034385917671 0.0094005771440902174 0.03057626517507521 0.068626494205792365 0.0060093021156800907 0.0087165942440284947 0.044643043428670481 0.044356125389886071 0.035259541405641477 0.070913010382835789 -0.005849663715305771 0.045827725205976146 -0.0061028936194428025 0.042574696533885743 0.0060625389962372491 0.020153946818331797 0.044126262838688673 0.058142785623201479 0.054183307527502181 0.055885887907009338 0.014279982138017783 -0.031509841316102009 0.0095852513022103084 0.064601216485812143 -0.010656637169783616 -0.013219618886433703 -0.0059846498140432788 0.044274993304663744 0.025202820523998443
leaf_weight=159651.13345769048 32031.439983971417 23821.968583002687 11164.588380590081 14901.671672165394 8632.3592484295368 13385.055037483573 18831.221220657229 15230.410731956363 69969.116047352552 19460.392340436578 21127.826423123479 35468.991924718022 374.47186280041933 20325.412641555071 19298.272179350257 29401.122463777661 15034.804056987166 46021.533221110702 5704.7769824266434 13620.561413601041 16160.673170804977 10689.04187386483 9885.3391920104623 28559.278361931443 7102.3630707114935 15575.093878954649 28042.070441603661 27107.073716089129 15865.907652229071 17991.633606679738 5358.6902526468039 19545.513047374785 6574.7070693522692 6975.4945436269045 53278.519411191344 26422.155731812119 28765.732723325491 14059.115672811866 21416.831897050142 11107.315443485975 19081.014330357313 18954.684377327561 10698.40004734695 10112.731803305447 21885.01219432056 3527.2732772231102
leaf_count=161322 217569 88601 59353 47113 22101 67659 142904 73443 123198 76581 36333 109075 2265 79632 46609 37924 57168 68586 18309 30603 19930 62480 41694 69273 16754 43358 30420 160850 37033 104796 12260 96930 19197 19997 86604 48494 56100 62436 136773 51183 24809 126295 63149 47081 50756 8929
internal_value=0.0382699 0.0526333 -0.0016262 0.0401436 0.066122 0.0305873 -0.0130763 0.0139917 0.0521128 0.0216003 0.0363786 0.0315401 -0.02122 0.0250119 0.045962 0.0578986 0.00772761 0.0699503 0.0137817 0.0424192 0.058645 -0.00670398 -0.0084216 0.0397843 0.029962 0.0270367 0.064675 -0.011703 0.0371925 -9.05571e-05 0.0235052 0.0127164 0.030239 0.0317954 0.0549574 0.0501067 0.0515422 0.00752834 -0.0256426 0.0176884 0.072134 -0.00955838 -0.0213814 0.00128239 0.0377813 0.0416347
internal_weight=1.0482e+06 770722 277476 400192 370530 222538 160101 117375 177655 87220.2 135318 75156.9 70275.6 42531.3 91525 117734 74843.9 252796 45082.3 60160.7 86129.8 89825.6 79136.6 43461 42137.8 35035.5 74063.6 59138.5 51334.9 29156.2 17638.2 45687.6 11933.4 27300.9 88333 35054.5 48064 27444.2 50946.5 26142.1 178732 19329.2 29529.6 19998.1 39032.8 25412.3
internal_count=3063929 1520367 1543562 1040107 480260 677884 1001060 542502 362223 316554 361330 234709 471386 173072 219095 195123 369430 285137 179861 126621 143128 529674 467194 116386 136693 119939 99006 378419 146108 164149 49766 205281 31457 99629 157199 70595 102709 130095 342826 108351 186131 128560 206053 88775 90288 59685
is_linear=0
shrinkage=0.035


Tree=13
num_leaves=47
num_cat=0
split_feature=72 75 20 72 75 75 75 106 20 20 18 75 107 32 32 75 107 5 3 14 95 2 3 5 3 6 6 79 73 112 6 123 36 10 72 72 56 75 14 109 26 15 18 75 107 5
split_gain=430959 79397.9 51771.6 20615 14943 8880.24 6746.68 6025.29 4944.46 4844.02 4528.05 3174.82 3096.46 2455.26 2338.91 2193 2134.9 2130.73 2090.78 2081.43 2344.55 1906.36 1767.61 1576.98 1451.12 1428.43 1406.7 1395.45 1338.91 1310.51 1235.75 1174.8 1148.7 1028.62 988.517 1269.56 980.952 979.268 972.494 962.08 926.117 893.517 931.976 882.152 882.134 875.002
threshold=0.059507101774215705 0.071367334574460997 1.0000000180025095e-35 0.16190548241138461 0.15861959010362628 0.04368626885116101 0.22491506487131122 0.20673239976167682 0.24964435398578647 0.2834331095218659 1.0000000180025095e-35 0.12819354981184009 0.47577235102653509 0.60404199361801159 0.65365403890609752 0.11608851701021196 0.64645564556121837 0.84844553470611583 0.046934435144066818 0.37446653842926031 0.60154676437377941 -0.078075837343931184 0.045759489759802825 1.1045632362365725 0.050269667059183128 -0.17736332118511197 0.40185187757015234 0.24964435398578647 0.050534203648567207 0.50412592291831981 0.026112055405974392 0.36077885329723364 0.62093681097030651 0.42766661942005163 0.0016889213002286854 0.03716836869716645 1.0000000180025095e-35 0.38992431759834295 0.46720869839191442 0.28989069163799291 0.22396993637084964 0.22396993637084964 0.42514967918396002 0.39338120818138128 0.075325828045606627 1.0249226093292239
decision_type=2 2 2 2 2 2 2 2 2 2 2 2 2 2 2 2 2 2 2 2 2 2 2 2 2 2 2 2 2 2 2 2 2 2 2 2 2 2 2 2 2 2 2 2 2 2
left_child=1 5 3 7 9 44 15 17 12 18 29 33 21 16 25 -4 28 32 31 20 45 -6 39 -13 -7 -8 38 34 -10 40 -16 -3 -2 -9 -23 -36 -17 -22 -27 -11 -5 42 -30 -31 -1 -12
right_child=2 4 6 10 8 24 14 11 13 22 19 23 -14 -15 30 36 -18 -19 -20 -21 37 27 -24 -25 -26 26 -28 -29 41 43 -32 -33 -34 -35 35 -37 -38 -39 -40 -41 -42 -43 -44 -45 -46 -47
leaf_value=0.070685900589269615 0.00041364156167096025 0.042728521791569406 0.041063931740929413 -0.03248707911866186 0.016014532080749915 0.060686649542384764 0.045393862803185768 0.018338646032162873 0.064656998373108385 0.053211038572712047 -0.012561470682422313 0.013243047570358473 0.012934822676097735 0.049190707851447378 0.071614364608520983 0.021233066656064108 0.018900511967219768 -0.0086623541437351407 0.035730308061938512 0.0059627820920892466 0.0034452658000902721 0.026826841781838976 0.046982747281901945 0.00027183951842190925 0.053880489552913712 0.0031359034235532435 0.026827318215686961 0.014419526236498925 0.021158904412108138 0.0037896435667776431 0.027086155138786018 0.059248732662453771 0.016410000022964766 0.036325510485860905 0.046211875990625428 0.029783750485943183 0.032141596369726556 -0.010803919793235119 0.019977720680443026 0.065737428856359817 -0.015849505458155694 0.046795142147178059 0.036410829029212638 -0.019670826911669367 0.065947787864127583 -0.022351525383637705
leaf_weight=118447.43467026949 20393.057395733893 16512.986244767904 23053.172265559435 19745.96980316937 10298.239833578467 85832.771234273911 1378.7961197271943 8203.4824357107282 2122.5462673902512 45423.710692599416 30822.33468747139 34517.767894543707 19258.136495962739 18121.557607710361 867.23041135072708 17390.085216857493 9216.7634753882885 30405.778333857656 55012.437228262424 9224.8768890202045 13589.260496802628 11575.317936494946 73713.348588019609 17205.098372668028 70883.406451702118 23334.357573769987 4701.5520411357284 4448.6256298869848 6130.6067340523005 2420.2881692498922 6296.6098866313696 7856.4215005785227 7524.4680235683918 7458.4593095257878 13827.002518728375 9980.1071442514658 24308.885405302048 10443.233894154429 5117.3178067803383 9170.1287661641836 5197.5822257846594 7694.219499796629 25307.12130369246 10341.373083360493 84881.864377886057 17591.254020683467
leaf_count=114767 115174 33901 63241 138495 33748 120032 4999 29025 3022 82812 208086 140357 83687 38331 1138 66839 33329 183288 139538 51934 63590 28939 156937 80087 122642 115122 21129 16056 18654 11671 26485 11734 40919 22888 32020 29889 84911 59495 21622 12631 36079 16433 68515 52994 94955 131789
internal_value=0.0366052 0.0523763 0.00494367 -0.0039084 0.0403935 0.0638798 0.0253237 0.00598334 0.0314624 0.0463259 -0.0143247 0.0131117 0.0248703 0.0381281 0.0143397 0.0323945 0.0341505 -0.00225285 0.0395213 -0.00969167 -0.0116855 0.0294533 0.0505336 0.00892901 0.0576104 0.0105601 0.00910316 0.0329247 0.0375541 -0.0243565 0.0325332 0.0480681 0.00472797 0.0269155 0.0352483 0.0393347 0.0275962 -0.00274745 0.00616895 0.0553222 -0.0290252 0.0360741 0.0334415 -0.0152211 0.06871 -0.0161212
internal_weight=1.05725e+06 705715 351532 245084 345669 360045 106448 125708 137980 207689 119376 67384.8 69387.4 68592.8 41695.9 64752.1 50471.3 58323.3 79381.8 81671 72446.1 50129.3 128307 51722.9 156716 34532 33153.2 39831.1 41254.5 37705.2 7163.84 24369.4 27917.5 15661.9 35382.4 23807.1 41699 24032.5 28451.7 54593.8 24943.6 39131.9 31437.7 12761.7 203329 48413.6
internal_count=3063929 1292572 1771357 1365871 840176 452396 405486 611738 402623 437553 754133 272357 224339 178284 190495 214991 139953 339381 185173 514894 462960 140652 252380 220444 242674 162872 157873 106904 106624 239239 27623 45635 156093 51913 90848 61909 151750 123085 136744 95443 174574 103602 87169 64665 209722 339875
is_linear=0
shrinkage=0.035


Tree=14
num_leaves=47
num_cat=0
split_feature=74 75 17 17 75 16 73 74 16 106 106 5 16 32 17 106 16 95 3 16 75 75 16 14 112 6 3 5 25 95 16 56 17 16 3 73 106 2 6 97 62 3 16 3 78 98
split_gain=410445 97245.4 35688.1 27365.4 12610.4 8139.76 6796.23 6176.95 5432.23 3154.4 3053.18 2837.58 2817.49 2707.89 2421.57 2131.09 2297.95 2062.39 1919.87 1725.61 1685.46 1586.01 1526.8 1465.98 1945.61 1455.39 1416.72 1233.1 1200.59 1198.96 1461.27 1132.13 1061.95 1055.54 1050.27 1001.56 948.562 921.586 895.196 838.043 893.813 832.393 798.899 787.572 1009.33 784.962
threshold=0.049743559211492545 0.080269478261470809 0.22396993637084964 0.42514967918396002 0.049039345234632499 0.42514967918396002 0.18166315555572513 0.18477755784988406 1.0000000180025095e-35 0.19867298752069476 0.26720170676708227 1.0301751494407656 0.53458327054977428 0.65692242980003368 0.42514967918396002 0.28223316371440893 0.22396993637084964 0.4383001327514649 0.045759489759802825 0.22396993637084964 0.37962117791175848 0.033271059393882758 0.53458327054977428 0.31061333417892462 0.44915439188480383 0.026112055405974392 0.046934435144066818 0.75453233718872081 0.22396993637084964 0.45695841312408453 0.37446653842926031 1.0000000180025095e-35 1.0000000180025095e-35 0.22396993637084964 0.051475655287504203 0.21018748730421069 0.17791830748319629 -0.13999809324741361 0.34957833588123327 0.1179783381521702 0.19185314327478412 0.22596037387847903 0.31061333417892462 0.0754726678133011 0.3114724606275559 0.65000012516975414
decision_type=2 2 2 2 2 2 2 2 2 2 2 2 2 2 2 2 2 2 2 2 2 2 2 2 2 2 2 2 2 2 2 2 2 2 2 2 2 2 2 2 2 2 2 2 2 2
left_child=1 4 7 6 21 9 10 23 17 19 33 28 29 15 -10 16 -8 27 -11 -5 37 -1 36 24 32 -15 -12 -4 -9 30 -6 -19 -2 -3 -31 -33 -7 -17 43 40 -39 -26 -16 44 -22 -21
right_child=2 3 8 5 12 22 13 11 14 18 26 -13 -14 25 42 20 -18 31 -20 45 38 -23 -24 -25 41 -27 -28 -29 -30 34 -32 35 -34 -35 -36 -37 -38 39 -40 -41 -42 -43 -44 -45 -46 -47
leaf_value=0.067618033443652525 -0.017620142459893101 0.017590086969774644 0.0089216054817869601 0.020611630715663218 0.031856981284917721 0.046294519340506601 0.0045730854176766018 -0.016406119080186087 0.014231871937199516 0.052871387949386311 0.047879742370801372 -0.027617281028579067 0.060742828975913273 0.068341390592266571 0.026593349375748452 0.012226304377209679 0.020229891450511579 0.007078473900243667 0.039673071864006634 0.024726848196587995 0.051171246378299368 0.061894013481773084 0.058800046107391563 0.0031310878939689278 0.0056264511302945098 0.028816221219204199 0.033945946215268058 -0.0058516088903793756 0.00070265682288945348 0.056222190784668523 0.048268306275009117 0.024280792192572887 -0.0071187979923686409 0.030157033264099926 0.048399149295373228 0.0078516196786654942 0.057614744380317696 0.030896665414522934 0.038785571495595202 0.018530152731093728 0.052521385531468422 -0.0069276217705784701 0.041412623775392343 -0.0015580675458407786 0.0021626151940761893 0.036872924138040677
leaf_weight=129058.81812171638 25635.951897166669 14703.534868836403 11280.042825847864 11366.100232973695 8431.829318985343 44591.771735146642 28480.912403389812 28025.903034351766 21344.129648894072 19830.333087801933 14229.359374567866 34107.940829984844 38006.705766171217 1261.5069748610258 16081.529200717807 3637.8153259307146 19243.098080158234 26838.091615103185 42967.783462539315 7444.9442264437675 913.45610804855824 112487.14062389731 27036.368079125881 15930.69898685813 12512.692711941898 11912.660426780581 24388.766892373562 17890.238536946476 6120.0063984841108 41564.328691333532 32386.419507846236 12219.977099016309 21878.460073709488 18591.044524848461 43696.145980104804 7251.2626324668527 11561.228667899966 9600.1209091544151 1132.5754913538694 4447.6852154135704 3121.9595827460289 13383.783606827259 6211.8189128637314 5425.8559856116772 1171.7897881269455 55797.703901261091
leaf_count=123566 181005 50506 59353 39317 21193 86164 130846 195304 97200 34033 22851 237213 49686 2086 59127 11129 68697 114330 98344 22819 1649 133973 36799 94297 55631 43988 54831 104796 38869 61060 59181 52440 132186 54309 81746 38511 17964 22949 4038 12930 6171 66555 16745 18594 3000 145948
internal_value=0.0350528 0.0479232 -0.00162158 0.0352704 0.059865 0.043296 0.0243583 -0.0125491 0.0128358 0.0380604 0.0323878 -0.0204765 0.0523713 0.0179656 0.0226652 0.0154596 0.0108881 0.00715154 0.0438456 0.0331878 0.0228635 0.064954 0.0519402 -0.00649184 -0.00858029 0.032631 0.0390869 -0.0001379 -0.0133399 0.0498449 0.0448836 0.0117428 -0.0127864 0.0246117 0.0522167 0.0181672 0.0486313 0.0282597 0.00986195 0.0316508 0.0362262 -0.000861493 0.030733 0.00547201 0.0237206 0.0354457
internal_weight=1.0652e+06 788490 276713 382858 405631 220596 162262 157595 119117 137407 71912.7 68253.9 164085 90349.4 43637.5 77175.3 47724 75479.6 62798.1 74608.7 29451.3 241546 83189.4 89341.6 73410.9 13174.2 38618.1 29170.3 34145.9 126079 40818.2 46309.3 47514.4 33294.6 85260.5 19471.2 56153 20807.6 8643.68 17169.8 12722.1 25896.5 22293.3 7511.1 2085.25 63242.6
internal_count=3063929 1520367 1543562 989962 530405 481388 508574 1001060 542502 340461 182497 471386 272866 326077 173072 280003 199543 369430 132377 208084 80460 257539 140927 529674 435377 46074 77682 164149 234173 223180 80374 205281 313191 104815 142806 90951 104128 53179 27281 42050 29120 122186 75872 23243 4649 168767
is_linear=0
shrinkage=0.035


Tree=15
num_leaves=47
num_cat=0
split_feature=74 75 17 17 75 73 74 17 17 75 26 3 95 95 106 109 32 5 95 78 17 44 32 3 3 26 14 3 129 5 32 17 6 7 69 75 112 14 7 106 18 48 7 3 18 75
split_gain=375961 91927.2 33311.4 27544.1 8646.5 7105.24 5941.22 5350.4 4279.4 3019.81 2657.38 2382.74 2195.84 2186.61 2015.47 2013.16 1652.32 1609.48 1611.87 1495.05 1438.9 1402.76 1294.39 1283.3 1278.76 1270.42 1041.21 986.687 970.278 956.235 933.713 910.883 904.029 902.134 896.587 889.654 870.566 844.568 836.948 823.758 798.611 795.425 771.583 720.727 714.405 701.19
threshold=0.049743559211492545 0.071367334574460997 0.22396993637084964 0.42514967918396002 0.04368626885116101 0.14007166773080829 0.19795359671115878 0.53458327054977428 0.37446653842926031 0.31295207142829901 0.22396993637084964 0.041356112807989127 0.6545722782611848 0.59653252363204967 0.26472660899162298 0.28989069163799291 0.65692242980003368 1.0249226093292239 0.70317384600639354 0.3114724606275559 0.22396993637084964 0.77957999706268322 0.60404199361801159 0.055960671976208694 0.050269667059183128 0.50316895544528972 0.37446653842926031 0.06558308377861978 -0.32691334187984461 1.1734956502914431 0.4567199051380158 0.31061333417892462 -0.17736332118511197 0.059722460806369788 -0.95359054207801808 0.027827974408864978 0.58142375946044933 0.31061333417892462 0.20645257085561755 0.25655086338520056 0.66838845610618602 1.0000000180025095e-35 0.52263563871383678 0.049219632521271713 0.42514967918396002 0.28931874036788946
decision_type=2 2 2 2 2 2 2 2 2 2 2 2 2 2 2 2 2 2 2 2 2 2 2 2 2 2 2 2 2 2 2 2 2 2 2 2 2 2 2 2 2 2 2 2 2 2
left_child=1 4 6 5 35 13 17 14 37 12 29 -9 16 -3 22 21 31 18 25 -19 36 26 38 44 -6 -2 40 -14 -22 42 33 -7 -12 -13 -29 -1 -11 39 -5 -4 -10 -24 -8 -16 -15 -21
right_child=2 3 8 7 24 9 10 11 15 20 32 30 27 23 43 -17 -18 19 -20 45 28 -23 41 -25 -26 -27 -28 34 -30 -31 -32 -33 -34 -35 -36 -37 -38 -39 -40 -41 -42 -43 -44 -45 -46 -47
leaf_value=0.066027177953941835 -0.0086027116664847657 0.024193742216254106 -0.00092265547776900728 0.03614434330315227 0.055531094151961509 0.008398260593187875 -0.022041234035786512 0.052437470092919984 0.012577457581214896 -0.0014107770966416207 0.04502072462375914 0.048671386584743341 0.041162750207269186 0.053673198213539254 0.052826596847308546 0.0037730841924203304 0.030833913399766693 -0.018151987166535516 0.012471110821084267 0.0036212308554006015 0.051573449144574506 0.048647776208621582 0.049468868293570015 0.033562059469365239 0.049269006166842939 0.0041510421092189635 0.029089668477311436 0.03368081725163119 0.015631733793042137 -0.031098760865090794 0.046782962505922544 0.019551557036693316 -0.010084275333239353 0.037967666475261015 0.019369961113067966 0.061340684455346565 0.015080033332389232 0.01184844802301256 0.026959809825565534 0.010832274190371612 0.022135547354251502 0.035841184885199884 0.0073152929148749754 0.039909937889667707 0.038334716798465417 -0.011064784353215718
leaf_weight=92419.614926248789 36080.013961926103 16456.142968773842 28201.937635399401 18545.493372678757 87252.02399289608 15247.976218596101 24554.241019837558 49072.94799014926 22249.426017567515 12211.212403267622 366.99599363654852 12247.486790195107 7927.2510810345411 8942.6563130617142 8962.6946220695972 10038.431578472257 10276.747300162911 22128.279978372157 7231.6449990272522 7574.1027287095785 957.17753191292286 2127.3087589740753 7214.895872592926 18789.491496175528 75207.330528795719 13014.464576542377 11417.541408196092 11004.60329541564 21399.032291769981 19035.352118231356 47460.284137129784 21844.346704795957 16606.609469793737 47392.569137454033 10537.56750908494 112647.48506119847 5769.4618760943413 15339.203597247601 35839.314615190029 9847.9460984393954 20717.956227660179 19928.806919485331 1144.8370140939951 13375.387710139155 6538.7454454451799 8385.9898741543293
leaf_count=86106 232440 50810 152845 47577 119828 63066 179649 78834 95131 56709 2155 24285 14269 13096 13330 45484 35342 145364 27255 35543 1878 6791 12879 40867 126367 80856 43852 27099 81852 129447 93013 74430 113085 104286 28285 123690 16950 74922 95964 40055 83422 51521 9254 27011 11023 46012
internal_value=0.0336203 0.0458334 -0.00157174 0.0348062 0.0586726 0.0237541 -0.0122279 0.0419415 0.012299 0.0190149 -0.020673 0.0460383 0.0230862 0.0346976 0.0357793 0.0182202 0.0184145 -0.0067073 -0.00294876 -0.0122639 0.011257 0.0207856 0.0332207 0.039736 0.0526342 -0.00522154 0.0196904 0.0305898 0.0171844 -0.0251469 0.0431033 0.014969 -0.00887682 0.0401706 0.0266883 0.0634547 0.00388341 0.00491677 0.0300956 0.00212072 0.0171888 0.0394739 -0.0207317 0.0451057 0.0472127 -0.00409602
internal_weight=1.07153e+06 795469 276062 427942 367526 167902 156123 260040 119940 117175 61708 156173 76838.5 50727 103867 66550.7 47369.1 94414.5 56326.1 38088.4 40336.9 56512.2 81528.5 34270.9 162459 49094.5 54384.9 29469.4 22356.2 44734.4 107100 37092.3 16973.6 59640.1 21542.2 205067 17980.7 53389.1 54384.8 38049.9 42967.4 27143.7 25699.1 22338.1 15481.4 15960.1
internal_count=3063929 1520367 1543562 1064376 455991 515676 1001060 548700 542502 399880 433590 300418 242491 115796 248282 274680 172838 567470 340551 226919 157389 229196 207941 64986 246195 313296 222405 69653 83730 318350 221584 137496 115240 128571 55384 209796 73659 267822 143541 192900 178553 64400 188903 40341 24119 81555
is_linear=0
shrinkage=0.035


Tree=16
num_leaves=47
num_cat=0
split_feature=72 75 17 16 16 107 72 75 16 107 26 3 106 20 106 17 26 56 17 112 16 44 75 16 72 90 18 32 95 106 36 17 7 123 14 44 125 112 48 96 109 3 36 36 107 95
split_gain=334664 64893.2 57631.9 21304.4 11977.4 8422.4 6863.14 5429.38 5042.13 4596.93 3478 3467.06 3333.05 2764.62 2694.53 2573.23 1849.34 1837.79 1802.49 1600.16 1429.48 1319.57 1287.07 1259.43 1208.66 1174.99 1164.64 1125.66 1069.82 1034.1 1004.17 982.021 964.817 960.876 986.389 942.276 928.358 918.983 895.831 862.356 824.449 818.43 800.538 806.051 769.36 748.789
threshold=0.056276356801390655 0.063592888414859786 0.22396993637084964 0.31061333417892462 0.31061333417892462 0.27147418260574346 0.19951994717121127 0.042336003854870803 0.46720869839191442 0.35779914259910589 0.22396993637084964 0.049219632521271713 0.27667106688022619 1.0000000180025095e-35 0.18893740326166156 0.37446653842926031 0.31061333417892462 1.0000000180025095e-35 0.22396993637084964 0.44915439188480383 0.58756005764007579 0.79581734538078319 0.18709916621446612 0.61035025119781505 0.46061180531978613 0.0083808777853846567 1.0000000180025095e-35 0.68650066852569591 0.5248224437236787 0.17187106609344485 1.0000000180025095e-35 0.53458327054977428 -0.37745736539363856 0.54186072945594799 0.42514967918396002 0.7334306836128236 0.39493305981159216 0.61674705147743236 0.35638883709907537 0.093363493680953993 0.44688628613948828 1.0000000180025095e-35 0.64691844582557689 0.7598521113395692 0.10871103033423425 0.48186480998992925
decision_type=2 2 2 2 2 2 2 2 2 2 2 2 2 2 2 2 2 2 2 2 2 2 2 2 2 2 2 2 2 2 2 2 2 2 2 2 2 2 2 2 2 2 2 2 2 2
left_child=1 7 6 5 9 11 12 44 14 17 19 25 16 -11 42 32 -2 30 37 26 29 -19 36 -10 -21 -3 -8 35 -20 -9 40 -6 -7 34 -12 -15 -14 -13 39 -34 -4 -27 -5 -44 -1 -17
right_child=2 3 4 8 31 15 10 20 23 13 33 18 22 27 -16 45 -18 21 28 24 -22 -23 -24 -25 -26 41 -28 -29 -30 -31 -32 -33 38 -35 -36 -37 -38 -39 -40 -41 -42 -43 43 -45 -46 -47
leaf_value=0.062720561307505279 -0.012741432454236016 0.053252655025650256 0.010036948811243699 0.032538052543620619 0.030219721757444876 -0.00052371514945187309 -0.032532666957544559 0.045049583515522407 0.049410072634124946 0.00076128249725244414 -0.0099585758347714316 0.0075111864496079025 0.015219750807707183 0.01033909134785399 0.047146280524969802 0.021036553777609972 0.00058900183523556075 0.023213960354936836 0.021307455621429439 -0.0081048144517966124 0.059694950070041441 0.047212679959423798 0.0021870812689876646 0.061731097925636934 -0.025512867402905693 0.029885913470835065 -0.020258459300530138 0.026230250461485416 0.034451752259194592 0.052677941275361691 0.018727632526193409 0.041548975982558987 0.029243655655563708 0.085537696245809175 0.0063642702475398558 0.050860587167350466 0.061295508833191292 0.02588425190963901 0.02452707688217429 0.0086852695433034706 -0.016877174923894272 0.042563069299297221 0.048785673315058141 0.036703209777809526 0.057568245634977172 0.03070525013012956
leaf_weight=146913.10222658515 32832.863859526813 9372.8867578059435 13388.650912821293 39865.386127158999 19075.033730015159 5838.000605404377 16131.900571599603 31319.674805298448 68902.798725381494 36493.600536547601 21632.61910032481 5813.1881142258644 8450.9690205007792 31691.086415305734 40755.273961335421 22142.297233596444 20835.701994664967 36860.799232266843 9126.4766995757818 15460.673943482339 25519.377934277058 3040.5179528295994 19639.098805464804 12066.226474285126 7145.4832491949201 8677.8184585571289 23079.779200389981 7574.6342709958553 46177.546314433217 74416.712412655354 24814.39314737916 18666.803946867585 2858.9013759195805 133.56050017476082 5732.560263030231 713.53336255252361 567.13949463516474 7842.6163960248232 8684.9760727584362 19729.072745755315 1550.5575319379568 22939.819145217538 9130.995323985815 27099.073051944375 48376.297543555498 17759.098667472601
leaf_count=143151 212636 13310 44506 96412 52855 29505 122838 52127 107121 192057 146456 17584 30779 139009 67509 75030 129408 141325 27880 86883 29170 8818 87196 13540 41046 16989 173838 29243 99609 105112 90627 40225 3221 301 32873 2255 1320 19191 33631 79480 7528 42118 15871 62789 54562 44995
internal_value=0.032279 0.0462656 0.00505931 0.0365258 0.018136 0.0280526 -0.00971085 0.0577415 0.0445328 0.0138577 -0.0164298 0.0342702 -0.00242062 0.00772723 0.0398754 0.0191736 -0.00756652 0.0197421 0.0294723 -0.021036 0.0522269 0.0250497 0.00721576 0.0512507 -0.0136129 0.0423362 -0.0253126 0.0140846 0.0322853 0.0504211 0.0144116 0.035829 0.012536 -0.00607215 -0.00653824 0.0112409 0.0181572 0.0180703 0.0149739 0.0112948 0.00723726 0.0390903 0.0359777 0.0397561 0.0614461 0.025344
internal_weight=1.07684e+06 711328 365512 384782 193870 186963 171642 326545 197820 156128 89316.6 109950 82325.8 76472.9 116851 77012.3 53668.6 79654.9 68959.8 61817.8 131256 39901.3 28657.2 80969 22606.2 40990.5 39211.7 39979.3 55304 105736 39753.6 37741.8 37111 27498.7 27365.2 32404.6 9018.11 13655.8 31273 22588 14939.2 31617.6 76095.5 36230.1 195289 39901.4
internal_count=3063929 1249907 1814022 865785 748448 502543 1065574 384122 363242 655368 604235 236681 461339 362564 242581 265862 342044 292804 164264 424605 186409 150143 119295 120661 127929 72417 296676 170507 127489 157239 142661 93080 145837 179630 179329 141264 32099 36775 116332 82701 52034 59107 175072 78660 197713 120025
is_linear=0
shrinkage=0.035


Tree=17
num_leaves=47
num_cat=0
split_feature=74 75 17 16 107 75 17 16 3 5 16 17 17 106 95 16 14 107 112 25 123 75 109 17 14 106 95 95 16 75 16 75 3 79 32 106 16 16 74 74 10 13 74 16 62 109
split_gain=319825 83806.6 28176.9 24798 8702.63 8513.74 7535.39 5329.03 4460.24 3370.85 2985.75 2961.1 2701.67 2449.48 2227.6 2043.62 1795.37 1753.45 1579.41 1576.28 1494.49 1473.56 1425.19 1397.64 1297.54 1204.62 1170.99 1095.02 1080.51 1077.31 1068.29 1066.67 1003.5 970.689 934.003 926.176 930.448 914.249 876.257 919.504 872.811 826.17 796.569 795.429 785.568 874.614
threshold=0.050312785431742675 0.071367334574460997 1.0000000180025095e-35 0.31061333417892462 0.34345048666000372 0.045049941167235381 0.37446653842926031 0.46720869839191442 0.057120069861412055 1.0878710746765139 1.0000000180025095e-35 0.22396993637084964 0.37446653842926031 0.21812499314546588 0.69062173366546642 0.56247621774673473 0.31061333417892462 0.37887960672378546 0.54697197675704967 0.22396993637084964 0.38002867996692663 0.17260726541280749 0.28630246222019201 0.31061333417892462 0.37446653842926031 0.16034918278455737 0.7561432719230653 0.56810840964317333 0.37446653842926031 0.28683258593082434 0.58756005764007579 0.029717182740569118 0.22596037387847903 1.0000000180025095e-35 0.74527040123939525 0.17247367650270465 0.42514967918396002 0.22396993637084964 1.0000000180025095e-35 0.030414531938731674 0.42766661942005163 0.53458327054977428 0.0033707526745274667 1.0000000180025095e-35 -0.031808953732252114 0.25411893427371984
decision_type=2 2 2 2 2 2 2 2 2 2 2 2 2 2 2 2 2 2 2 2 2 2 2 2 2 2 2 2 2 2 2 2 2 2 2 2 2 2 2 2 2 2 2 2 2 2
left_child=1 5 9 4 8 31 16 13 20 14 22 21 24 28 19 35 17 -4 -11 -2 23 26 25 -3 37 -8 -10 -13 -5 -20 -9 -1 33 44 42 36 -7 -6 -29 -40 -22 -18 -23 -19 -16 -46
right_child=2 3 6 7 12 15 10 30 11 18 -12 27 -14 -15 32 -17 41 43 29 -21 40 34 -24 -25 -26 -27 -28 38 -30 -31 -32 -33 -34 -35 -36 -37 -38 -39 39 -41 -42 -43 -44 -45 45 -47
leaf_value=0.061416945126866067 -0.01684071165778683 0.017343231086107025 0.0040649252493533527 0.02982597092922018 0.0021065125771238223 0.031655423531453737 0.0038000998017403815 0.046174130523739067 0.00097993319621150678 -0.028021087862294677 0.025066446873498689 0.022382139368511363 0.021846367337167178 0.046592898490043645 0.0028031071735399103 0.055912810443247085 0.0080876540755426638 -0.0094852058514873251 0.0031993772323127261 -0.00083811722952323916 0.053872557963720653 -0.00085903237085191723 -0.0040867737670598767 0.036518631319907326 0.019732524697703195 0.018284205406278824 0.032279885917134529 0.024422741355315056 0.03711164228398052 -0.019541410518643981 0.056652009197960505 0.056442079811356849 -0.0037795544507070599 0.0048121878748960964 0.036515872896241967 0.048047362015967363 0.044539775013059925 0.01479743331455729 0.038672330558324058 0.027628787209238045 0.038810566916208142 0.051507156551282574 0.014736706959213421 0.0019906957885150746 0.078649833560448967 -0.010564655348976172
leaf_weight=104469.36883641779 41716.389445982873 5838.8276643306017 35281.750698812306 42019.764521718025 24434.267105713487 9156.6347631663084 10805.45635047555 57214.275602146983 1823.8532290458679 29739.637359566987 27801.634589076042 26245.359707549214 36802.038838580251 24008.655073419213 407.14780229330063 32480.492112204432 25892.729803815484 29961.0219617486 3511.4855799227953 9205.8294814303517 8294.8317404836416 8523.176886767149 7160.4019265621901 23359.127581492066 10608.323758333921 20176.294310897589 7439.1046028137207 16865.678794443607 62188.024630218744 9311.7675344198942 15267.694801405072 110393.72167029977 7903.6874068751931 2252.2627184018493 1371.4752141162753 84753.052759110928 28473.59965839982 9716.4446945786476 22087.43430288136 16047.364356786013 11210.917601168156 542.54678499698639 7570.9110834226012 9820.5039426460862 701.72542674094439 164.39591999351978
leaf_count=98305 311907 14830 167582 108659 113529 19939 56604 91710 6113 223841 95986 78399 118835 37104 602 39281 133019 190805 16136 62933 11379 27124 34968 46764 43191 81182 17736 36568 131678 51408 18215 123681 37751 11398 5268 128780 46555 36252 48476 38362 19301 2025 24575 54048 816 309
internal_value=0.0310254 0.0420735 -0.00177827 0.0317317 0.0240949 0.0543505 0.00713272 0.0407959 0.0289215 -0.0159998 0.0163437 0.0249523 0.0148215 0.0365031 -0.0108145 0.0480882 0.00114765 -0.0016148 -0.0235931 -0.0139483 0.0377169 0.0148411 0.00998251 0.0326887 0.00904313 0.0132346 0.0261226 0.0282773 0.0341758 -0.0133149 0.0483858 0.0588626 0.00314751 0.0186594 0.00885047 0.0460088 0.0414104 0.00571951 0.0310874 0.0340304 0.0452307 0.00899059 0.00647966 -0.00665216 0.0430093 0.0617501
internal_weight=1.08102e+06 808664 272357 438938 238239 369727 167442 200698 156678 104914 65943.8 107974 81561.1 128216 62351.4 154864 101499 75063.3 42562.9 50922.2 48703.7 26728.5 38142.2 29198 44759 30981.8 9262.96 81245.8 104208 12823.3 72482 214863 11429.2 3525.53 17465.6 122383 37630.2 34150.7 55000.5 38134.8 19505.7 26435.3 16094.1 39781.5 1273.27 866.121
internal_count=3063929 1530609 1533320 1074068 686702 456541 816219 387366 374895 717101 268740 282621 311807 277441 425716 234555 547479 412435 291385 374840 92274 80816 172754 61594 192972 137786 23849 201805 240337 67544 109925 221986 50876 13125 56967 195274 66494 149781 123406 86838 30680 135044 51699 244853 1727 1125
is_linear=0
shrinkage=0.035


Tree=18
num_leaves=47
num_cat=0
split_feature=74 75 17 17 75 17 73 17 74 20 74 95 95 14 107 106 14 95 72 107 5 32 5 26 95 75 17 17 6 20 6 2 17 20 47 73 5 107 24 74 74 107 96 75 22 72
split_gain=295061 79546.3 27126.2 22526 7461.14 7257.21 5881.83 4736.45 3304.72 2592.09 2439.42 1850.42 1786.31 1657.46 1682.6 1623.96 1612.25 1611.63 1577.09 1411.73 1403.35 1391.98 1369.05 1353.65 1333.83 1200.12 1111.36 1059.9 998.921 851.154 849.286 835.961 811.98 807.221 795.488 810.194 784.311 777.1 772.474 764.935 735.146 725.09 695.817 681.428 657.947 645.656
threshold=0.049743559211492545 0.068820696324110045 1.0000000180025095e-35 0.42514967918396002 0.042336003854870803 0.37446653842926031 0.14007166773080829 0.56247621774673473 0.23189315199851993 1.0000000180025095e-35 1.0000000180025095e-35 0.59653252363204967 0.65135192871093761 0.31061333417892462 0.37887960672378546 0.26865153014659887 0.56247621774673473 0.67508739233016979 0.040740510448813445 0.14857155829668048 1.110202491283417 0.60404199361801159 1.0690463781356814 0.31061333417892462 0.44042286276817327 0.054386887699365623 0.31061333417892462 0.22396993637084964 0.34957833588123327 1.0000000180025095e-35 0.026112055405974392 -0.1443207040429115 0.50316895544528972 0.4769654124975205 1.0000000180025095e-35 0.096530105918645873 0.79581734538078319 0.075325828045606627 0.50316895544528972 0.10591508820652963 0.030414531938731674 0.41080753505229956 0.036261685192584998 0.28683258593082434 0.53307747840881359 0.053902758285403259
decision_type=2 2 2 2 2 2 2 2 2 2 2 2 2 2 2 2 2 2 2 2 2 2 2 2 2 2 2 2 2 2 2 2 2 2 2 2 2 2 2 2 2 2 2 2 2 2
left_child=1 4 8 6 37 13 11 15 17 24 16 -3 26 14 34 21 19 23 33 -8 -10 32 -19 -2 36 -6 -12 -21 -16 -13 -23 -14 42 44 35 -4 -7 -1 -15 -26 -33 -11 -5 -24 -9 -29
right_child=2 3 5 7 25 9 10 18 20 41 12 29 31 38 28 -17 -18 22 -20 27 -22 30 43 -25 39 -27 -28 45 -30 -31 -32 40 -34 -35 -36 -37 -38 -39 -40 -41 -42 -43 -44 -45 -46 -47
leaf_value=0.059328569055676378 -0.018750708420308671 0.020946018455575633 0.033786818014302569 0.0027099211504122886 0.050288465813461906 0.011060889545751431 0.021033704457259196 0.046110114434800994 -0.017404723331317064 0.029152695105129321 0.010343821060613743 0.029101320307485329 0.013560332221312288 0.0071962538936683976 -0.010688852350654154 0.040186875169552938 0.033267078837958555 0.0085665546079194462 0.035738561645787051 -0.0023135658372089654 -0.030359746248755429 0.049388427843049629 -0.00042945174380976619 -0.0054231282727212034 0.013994104300229508 0.044237259970027656 0.021241315641543381 0.01422991773913451 0.00076606056881080807 0.039866557066777129 0.033941543835355269 0.036591036532347646 0.03154080206529284 0.047597076321245012 0.015237822891954651 0.0005524380789887289 -0.0048227503685669554 0.054779028624311318 0.032987179280292239 0.045645822167533975 0.023240362014745181 0.017750957364556466 0.025275886197680814 -0.017513790737202588 0.038158050861219095 0.0015270635860610178
leaf_weight=115076.65709914267 28509.719075188041 16984.686560437083 921.8876114487648 1755.2233086824417 81932.695546165109 6786.0345208197832 9028.6816317290068 20589.065784335136 22603.014642611146 15536.390787675977 19949.178735136986 16707.49186052382 4017.9569798856974 25313.730063006282 25018.949114635587 26520.951789692044 3516.9455314129591 8274.0767319574952 41184.58653973043 13234.187062986195 18794.386570759118 5052.0130281001329 5078.1568725481629 13892.091750942171 24156.484234884381 80226.237329781055 27026.552001342177 15312.778915524483 14862.100802205503 19805.144021064043 33545.176731571555 12177.491652980447 36545.294243693352 42171.822227060795 6373.1969790458679 28468.698292553425 8662.5255365967751 79432.97133269906 1502.3126536086202 968.78768664598465 8730.1813393682241 12282.77487835288 37211.494249686599 6545.428863234818 34646.318286597729 7212.5622142553329
leaf_count=110564 218593 50837 2810 723 107856 32781 21916 33469 170563 49416 87862 29575 12422 129481 151109 46343 11004 34280 89395 51224 138408 5110 23744 97789 96522 128117 90029 48317 95254 37362 79086 28249 81953 62297 33721 132543 47039 87239 6664 3388 21602 45534 102427 33923 68130 27259
internal_value=0.0298506 0.0404836 -0.00150406 0.0307472 0.0528469 0.00706665 0.0208497 0.0369038 -0.0156251 0.0158952 0.0165515 0.0305045 0.0206385 0.00117292 -0.00147754 0.0323743 0.010466 -0.0105299 0.0414982 0.00867116 -0.0232901 0.0305565 -0.00231073 -0.0143858 0.0102503 0.0472965 0.0166156 0.00554657 -0.00642036 0.0349464 0.035971 0.0282141 0.0277861 0.043931 0.00403423 0.00160187 0.00215542 0.0574724 0.00864852 0.0152255 0.031025 0.0241238 0.0242602 -0.0100547 0.041127 0.0101644
internal_weight=1.08415e+06 809594 274551 452926 356669 170854 173704 279222 103697 68393 120207 53497.3 71901.4 102461 75644.8 140630 48305.2 62299.5 138592 44788.2 41397.4 114109 19897.7 42401.8 40573.8 162159 46975.7 35759.5 39881 36512.6 38597.2 24925.6 75512 97407.2 35763.8 29390.6 15448.6 194510 26816 25125.3 20907.7 27819.2 38966.7 11623.6 55235.4 22525.3
internal_count=3063929 1520367 1543562 1086591 433776 826262 517658 568933 717300 274680 399884 117774 240164 551582 415437 315642 159720 408329 253291 148716 308971 269299 91947 316382 179730 235973 177891 126800 246363 66937 84196 62273 185103 163896 169074 135353 79820 197803 136145 99910 49851 94950 103150 57667 101599 75576
is_linear=0
shrinkage=0.035


Tree=19
num_leaves=47
num_cat=0
split_feature=72 75 17 17 17 72 75 75 20 5 17 95 112 18 3 14 123 107 20 95 26 115 109 20 17 32 3 17 17 57 112 109 95 95 44 10 5 17 36 48 5 17 96 132 129 20
split_gain=266305 52905.9 52272.6 14819.8 9355.43 6414.21 4853.97 4208.02 3866.51 3729.94 2725.98 2600.23 2412.57 2221.38 1872.81 1866.51 1753.85 1622.88 2344.99 1402.69 1291.32 1163.07 1122.56 1111.15 1082.12 1077.11 1044.49 1040.25 1001.45 916.934 916.385 862.659 860.009 822.321 758.011 728.257 715.718 712.236 700.146 688.006 686.409 678.23 673.92 794.18 668.174 652.457
threshold=0.050147121772170074 0.061023002490401275 0.22396993637084964 0.50316895544528972 0.42514967918396002 0.16190548241138461 0.15861959010362628 0.039495743811130531 0.14931328594684604 1.1187247037887575 0.31061333417892462 0.63850912451744091 0.35053002834320074 0.58756005764007579 0.041356112807989127 0.37446653842926031 0.37210942804813391 0.35198441147804266 1.0000000180025095e-35 0.65783134102821361 0.22396993637084964 0.82499998807907116 0.25411893427371984 1.0000000180025095e-35 0.58756005764007579 0.65365403890609752 0.076740618795156493 0.53458327054977428 1.0000000180025095e-35 1.0000000180025095e-35 0.58142375946044933 0.28989069163799291 0.64523574709892284 0.76795449852943432 0.8230096995830537 0.37376695871353155 1.0249226093292239 1.0000000180025095e-35 0.5852390229701997 0.14931328594684604 1.0770414471626284 0.37446653842926031 0.036261685192584998 -0.049999967217445367 -0.16734339296817777 0.24964435398578647
decision_type=2 2 2 2 2 2 2 2 2 2 2 2 2 2 2 2 2 2 2 2 2 2 2 2 2 2 2 2 2 2 2 2 2 2 2 2 2 2 2 2 2 2 2 2 2 2
left_child=1 7 5 6 17 11 13 -1 12 15 16 20 22 23 31 19 -8 33 -19 28 -2 44 -6 -3 -16 39 35 -10 -7 36 37 -5 -23 -4 40 -18 -13 -11 -21 -20 -14 -15 43 -31 -12 -26
right_child=2 3 4 14 8 9 10 -9 27 30 21 29 34 41 24 -17 26 18 25 38 -22 32 -24 -25 45 -27 -28 -29 -30 42 -32 -33 -34 -35 -36 -37 -38 -39 -40 -41 -42 -43 -44 -45 -46 -47
leaf_value=0.056232628994153891 -0.012705945229770322 0.029965596117712039 0.012521747979104964 0.042314137516112828 0.013336618205949509 -0.018595820781431495 0.0087822259467097586 0.047998239589147805 0.023996061148228831 -0.029413799383903438 0.028555577206498668 0.012320550116660851 0.026998049686246851 0.016172471296451225 0.033104831715501291 0.0038463098889986061 0.048220047807270572 -0.0012900003909445306 0.0041280387119757133 -0.0058549085421035424 0.00023358973939229129 0.02721318118620291 -0.0033047138333811557 0.041866719231322277 0.031868327761380245 0.023995147437498799 0.015181208174036438 0.032892251746809639 -0.0078883709140452844 0.089242286276711463 -0.013001800488149787 0.052281547767586041 0.041151943233190498 0.025604272996218209 0.051464656010254392 0.02490177436213421 -0.0018218244252109852 -0.012516516326111444 0.015174985206545222 0.015448804262990496 0.013217426974944097 0.028336675263446621 0.015293776632676479 -0.001133571579783104 0.017331881267782099 0.041162359289561544
leaf_weight=172766.97942987084 18230.14250587672 14743.46189981699 35631.025525577366 63291.693062052131 21105.197361424565 31335.712527967989 27388.164188101888 136583.11464652419 27444.083686962724 21912.48032502085 9550.3959869593382 7324.3868003934622 16107.440796002746 6960.9978278279305 51072.558746874332 10634.286004059017 2572.0872451514006 29870.445197738707 15677.686913996935 12469.293605610728 19601.465096019208 21492.016226440668 6488.9836296439171 28117.912984937429 11027.913351878524 7348.0602076798677 8586.7582915276289 39359.83752848208 16273.344719395041 323.92292159795761 7346.6026249304414 12959.904029995203 7302.6931612938643 7057.0061548799276 1226.2308572679758 4608.3304655253887 10899.404384560883 3567.8779873326421 2290.2762865573168 11333.26298725605 6135.8604801297188 29757.466478213668 7879.5577930212021 185.8785333186388 20527.399478450418 62165.500992849469
leaf_count=173192 122165 23191 136921 103832 86230 252318 103790 182685 81861 170156 22528 21997 48525 20274 104015 61955 3577 161894 68873 59364 122830 57596 30243 48726 23623 26696 21951 93182 105126 116 40668 16547 13263 19365 2754 8818 43231 24141 12042 49164 21091 68138 37740 206 61029 106300
internal_value=0.0287405 0.0418377 0.00581626 0.0331259 0.0168967 -0.00881146 0.0258814 0.052598 0.0236972 -0.0141122 0.0208252 -0.000106091 0.0164429 0.0323617 0.0396861 -0.00970446 0.0141394 0.00939877 0.00588228 -0.0120153 -0.00600246 0.025724 0.0094231 0.0377779 0.0370294 0.012117 0.0234377 0.0292402 -0.0149375 0.00827495 -0.0239105 0.0440123 0.0307564 0.014688 0.0246914 0.0332891 0.00386389 -0.0270516 -0.00258622 0.00888071 0.0232016 0.0260339 0.0178462 0.0566435 0.0209009 0.0397649
internal_weight=1.08654e+06 691475 395060 382125 224785 170275 181608 309350 117868 105830 102028 64444.8 51063.7 79579.8 200518 73002.9 43155.3 106917 64229.5 62368.6 37831.6 58872.5 27594.2 42861.4 124266 34359 15767.2 66803.9 47609.1 26613.2 32827 76251.6 28794.7 42688 23469.5 7180.42 18223.8 25480.4 14759.6 27010.9 22243.3 36718.5 8389.36 509.801 30077.8 73193.4
internal_count=3063929 1163075 1900854 807198 826799 1074055 452881 355877 363886 725770 292552 348285 188843 160329 354317 490805 138136 462913 306627 428850 244995 154416 116473 71917 233938 144733 34346 175043 357444 103290 234965 120379 70859 156286 72370 12395 65228 194297 71406 118037 69616 88412 38062 322 83557 129923
is_linear=0
shrinkage=0.035


Tree=20
num_leaves=47
num_cat=0
split_feature=74 75 17 16 75 75 17 17 16 74 16 95 95 3 95 16 109 51 95 16 25 96 25 7 3 95 10 74 107 6 74 4 16 62 75 13 75 107 16 6 115 107 129 95 3 126
split_gain=253619 73402.7 23964.6 22069 7686.15 6502.9 6118.55 4001.87 3250.52 3130.78 2639.07 2578.78 2566.04 2240.91 1839.35 1673.38 1536.08 1519.13 1462.46 1301.77 1190.4 1168.86 1152.26 1132.88 1071.91 1071.07 1062.4 1010.21 989.119 1576.73 916.056 998.639 882.157 869.659 843.682 839.505 838.151 818.369 785.124 774.192 756.948 750.434 746.133 719.132 710.047 709.08
threshold=0.049743559211492545 0.066178206354379668 1.0000000180025095e-35 0.37446653842926031 0.15861959010362628 0.042336003854870803 0.37446653842926031 0.31061333417892462 0.50316895544528972 0.23189315199851993 0.22396993637084964 0.49069486558437353 0.60954701900482189 0.052501652389764793 0.71170765161514293 0.58756005764007579 0.28989069163799291 1.0000000180025095e-35 0.67508739233016979 0.22396993637084964 1.0000000180025095e-35 0.065142817795276656 0.22396993637084964 0.12795946747064593 0.076740618795156493 0.45695841312408453 0.47004804015159612 1.0000000180025095e-35 0.37887960672378546 0.34957833588123327 0.0033707526745274667 0.20707555115222934 0.22396993637084964 0.084185257554054274 0.39338120818138128 0.46720869839191442 0.027827974408864978 0.5490044653415681 0.63123199343681347 -0.32601864635944361 0.97499999403953563 0.41707852482795721 -0.10625505447387694 0.117636326700449 0.050269667059183128 0.016055963933467868
decision_type=2 2 2 2 2 2 2 2 2 2 2 2 2 2 2 2 2 2 2 2 2 2 2 2 2 2 2 2 2 2 2 2 2 2 2 2 2 2 2 2 2 2 2 2 2 2
left_child=1 5 9 4 11 36 17 14 25 18 16 19 35 -13 27 44 41 28 22 -3 -11 33 -2 -19 26 -5 -16 -6 -4 -30 31 -26 -23 -15 -20 37 -1 -9 -10 -25 -14 -8 -27 -41 -7 -35
right_child=2 3 6 8 7 15 10 12 38 20 -12 13 40 21 24 -17 -18 23 34 -21 -22 32 -24 39 30 42 -28 -29 29 -31 -32 -33 -34 45 -36 -37 -38 -39 -40 43 -42 -43 -44 -45 -46 -47
leaf_value=0.056578242411822459 -0.016242862071722045 0.012043293436843707 0.0031023662604903368 0.033015148312788491 0.00020633484022536015 0.045135216300840504 0.016658582091372821 0.021288042683014492 0.044192791446217045 -0.025028206622641439 0.027080449804034519 0.038670947848169344 0.029290904628694894 0.01012232397947096 0.042246512772239092 0.052269817999511609 -0.0026990359471687222 -0.0024364778691954988 0.0026917981457541883 0.025205814267973303 -0.0077132831942295097 0.026657180195460033 -0.00022206262374795737 0.0607515835790748 -0.0022664677357728249 0.043909403979728555 0.017351453990145649 0.011319224774918823 -0.011547839504900929 0.0021408982495215133 0.021394073781557166 0.021151405498812725 0.03565133161443107 0.052201435696955824 -0.012883587139471631 0.041447628575710736 0.051909651327458117 0.012823485961210478 0.056680128760634656 0.036037044620630926 0.045617333568650456 0.0071358763905420147 0.031493683915621837 0.0093572122402328824 0.03974580191779039 0.013149976508844911
leaf_weight=90594.053897976875 35013.981571815908 11982.783809602261 29655.115502946079 72551.70912630856 17570.251968614757 64506.44283336401 29609.269682779908 35778.867988064885 50316.159107461572 34373.713587775826 15788.626465946436 36870.293619021773 20783.492819786072 6916.5584619045258 3826.3317949175835 26943.573177054524 8656.4429768621922 9772.9415596425533 13637.451900683343 39984.17704038322 5675.1181939765811 38936.498570799828 6525.4834721982479 384.82589170336723 6255.3016074597836 23568.357787549496 4681.9708297848701 23320.651093758643 22457.124386459589 19044.20729392767 9440.5298601686954 3459.8763643801212 20495.419298604131 1284.4421912431717 6188.4862862676382 1926.0394797474146 101882.06916175783 23054.112921103835 7134.9238137900829 1314.7043989747763 4208.2283456921577 15440.994757592678 8039.9997858703136 19992.526538342237 57295.125547468662 1030.3528068512678
leaf_count=86106 270827 40498 132276 146313 74750 88834 116714 105521 72741 266532 45921 58901 44562 3597 5497 30885 40767 61750 60857 104616 42439 97728 45555 1625 18240 37179 9681 97365 124940 116922 25956 8617 42239 401 31090 4577 111697 79709 7488 5829 8430 71278 14878 108240 92894 467
internal_value=0.0276917 0.0374828 -0.00146838 0.0285626 0.0231213 0.049858 0.00648376 0.0175682 0.0390596 -0.0149641 0.0145023 0.0285609 0.0226081 0.0317052 0.0112624 0.0443555 0.0108018 0.00105296 -0.00999432 0.0221726 -0.0225763 0.0279615 -0.0137267 0.00745609 0.018232 0.0353671 0.0285701 0.00654512 -0.00177873 -0.00526671 0.0136322 0.00608037 0.0297623 0.0163554 -0.0021719 0.0187212 0.0541088 0.0179729 0.0457495 0.0119128 0.0320507 0.0133963 0.0407582 0.0110135 0.0426022 0.0349017
internal_weight=1.08817e+06 814639 273531 473417 311806 341221 172117 154306 161611 101414 69495.3 157501 85750.7 105534 68554.9 148745 53706.7 102621 61365.4 51967 40048.8 68663.3 41539.5 31465 27664 104160 8508.3 40890.9 71156.4 41501.3 19155.7 9715.18 59431.9 9231.35 19825.9 60759 192476 58833 57451.1 21692.1 24991.7 45050.3 31608.4 21307.2 121802 2314.79
internal_count=3063929 1520367 1543562 1109951 831352 410416 826262 482905 278599 717300 274680 348447 242799 203333 240106 212613 228759 551582 408329 145114 308971 144432 316382 177444 67991 198370 15178 172115 374138 241862 52813 26857 139967 4465 91947 189807 197803 185230 80229 115694 52992 187992 52057 114069 181728 868
is_linear=0
shrinkage=0.035


Tree=21
num_leaves=47
num_cat=0
split_feature=74 75 16 21 75 75 74 16 16 16 107 106 107 106 14 3 47 16 18 3 106 74 96 4 74 112 16 96 106 91 32 72 14 74 16 106 4 36 7 98 16 129 75 6 10 16
split_gain=235164 70820.5 20652.1 19044.8 7103.21 6543.98 5075.62 4942.87 3125.9 2754.61 2743.28 2455.48 2310.55 2187.73 2113.48 2051.56 1657.42 1625.59 1619.36 1490.93 1365.38 1317.84 1229.99 1494.46 1120.59 1107.49 1074.2 1032.67 1022.68 1182.37 961.522 950.124 939.672 988.284 924.729 901.887 886.651 880.011 909.896 869.805 868.696 854.677 839.771 835.411 812.6 885.963
threshold=0.049743559211492545 0.066178206354379668 0.37446653842926031 1.0000000180025095e-35 0.15861959010362628 0.042336003854870803 0.14938494563102725 1.0000000180025095e-35 0.50316895544528972 0.22396993637084964 0.35779914259910589 0.18351552635431292 0.52157750725746166 0.2018454968929291 1.0000000180025095e-35 0.052501652389764793 1.0000000180025095e-35 0.58756005764007579 0.53458327054977428 0.14451719820499423 0.17791830748319629 0.0033707526745274667 0.090194713324308409 0.39170669019222265 0.072133380919694914 0.45955453813076025 0.22396993637084964 0.065142817795276656 0.27529977262020117 0.68651703000068676 0.65692242980003368 0.048342503607273109 0.37446653842926031 1.0000000180025095e-35 0.31061333417892462 0.17187106609344485 0.20707555115222934 0.2834331095218659 0.24325971305370334 0.8750000298023225 0.22396993637084964 -0.24369494616985318 0.027827974408864978 0.026112055405974392 0.73011478781700145 1.0000000180025095e-35
decision_type=2 2 2 2 2 2 2 2 2 2 2 2 2 2 2 2 2 2 2 2 2 2 2 2 2 2 2 2 2 2 2 2 2 2 2 2 2 2 2 2 2 2 2 2 2 2
left_child=1 5 4 6 11 42 22 12 20 10 19 26 16 30 25 -13 24 35 -9 -6 -4 36 23 37 -5 -8 -3 28 31 -30 -11 -17 33 -12 -20 -7 -21 38 -2 -15 -29 -39 -1 -32 45 -40
right_child=3 2 8 7 9 17 14 18 -10 13 32 15 -14 39 -16 27 -18 -19 34 21 -22 -23 -24 -25 -26 -27 -28 40 29 -31 43 -33 -34 -35 -36 -37 -38 41 44 -41 -42 -43 -44 -45 -46 -47
leaf_value=0.055086328851146428 -0.012755643778860234 0.011549975617976953 0.03145569510559789 0.0080031039211597346 0.024910686859505347 0.036516532926263577 -0.028040186781822969 0.0052153420232089829 0.044098637004898127 0.014959140420016807 -0.0054928547473214861 0.036914353676521419 -0.0060972226874748663 0.026512049540556543 -0.011238796046131896 0.01618597133942775 0.01480598767113226 0.050620419573719273 0.016276707409381662 -0.0018444325481016858 0.040411739403524251 0.019317186507887683 -0.0069581754925467096 0.039939391836919441 -0.0018118686857769614 -0.015745638837020921 0.023745524799783854 0.025339603129862488 0.015121491912805922 0.050790776763378821 0.060226822012451414 -0.018492863075432214 0.016669627035568423 0.0077426657689488067 0.030035441819587599 0.043084275014778711 0.015469714714701835 -0.017330764400435593 -0.0012410382876173231 0.041688983223058633 0.034003755522986318 0.03613108239808719 0.050398107495952402 0.024315132900030956 0.046899471228078818 0.062419035368235641
leaf_weight=89804.911108151078 5170.0771915912628 11560.010125294328 75822.390210717916 25398.114939332008 22668.498028323054 37235.003833457828 25153.767374567688 14497.907348334789 57515.035654932261 30883.467826038599 10817.042976483703 37707.993225648999 30281.536150716245 12508.213393270969 29516.361687451601 2492.4923042953014 17440.612388029695 26849.52706348896 30870.073131375015 8567.617164991796 28934.09959320724 19513.707131594419 32460.258808992803 1388.7179245948792 32446.78537581116 14007.171674057841 38001.215071588755 39645.742829978466 3743.6966128945351 1636.0465993434191 868.49832944571972 1573.7085425406694 7694.3986372500658 19113.36509527266 7436.8012010753155 84657.600310757756 6269.710774987936 481.27777630835772 4001.1586876660585 7406.7126301676035 22231.429481312633 1485.4311032816768 101275.62052436173 9041.2530699819326 582.1202295050025 280.98410758376122
leaf_count=86106 7119 38969 152347 116977 50099 61165 216222 73923 80229 100596 50181 60362 186396 26750 216049 1105 86435 30885 121885 26667 46023 57259 219584 2361 182915 87722 99709 99009 1941 675 873 910 31105 80795 19379 120563 18084 805 3069 13757 45767 2319 111697 26739 288 114
internal_value=0.0267031 0.0361089 0.0273983 -0.00142273 0.0221573 0.048315 -0.0122952 0.00643982 0.0375368 0.0168367 0.0131023 0.0273683 0.00206632 0.0226566 -0.0183151 0.0303059 0.00535022 0.0428042 0.0151819 0.0179425 0.0339316 0.0133404 -0.00327661 0.00564692 0.00249785 -0.023646 0.0209029 0.0268091 0.0160113 0.0260151 0.0180089 0.00275488 0.00576518 0.00295883 0.0189523 0.04108 0.0054746 0.00166002 -0.00253903 0.0321679 0.0284556 0.023031 0.0526032 0.0274979 0.00832045 0.00301564
internal_weight=1.08894e+06 816039 476216 272899 313945 339823 114527 158372 162272 155352 94644.3 158592 105567 60708.1 68677.3 109031 75285.5 148742 52804.8 57019.5 104756 34351 45850 13389.8 57844.9 39160.9 49561.2 71323.1 9445.94 5379.74 40793.2 4066.2 37624.8 29930.4 38306.9 121893 14837.3 12001 10034.3 19914.9 61877.2 1966.71 191081 9909.75 4864.26 4282.14
internal_count=3063929 1520367 1109951 1543562 831352 410416 755652 787910 278599 482905 314190 348447 572723 168715 519993 209769 386327 212613 215187 152109 198370 102010 235659 16075 299892 303944 138678 149407 4631 2616 128208 2015 162081 130976 141264 181728 44751 13714 10590 40507 144776 3124 197803 27612 3471 3183
is_linear=0
shrinkage=0.035


end of trees

feature_importances:
Column_16=156
Column_17=100
Column_75=94
Column_3=58
Column_74=58
Column_95=58
Column_107=55
Column_106=46
Column_5=36
Column_14=31
Column_72=25
Column_112=22
Column_20=21
Column_32=20
Column_73=18
Column_18=16
Column_26=16
Column_7=15
Column_6=12
Column_123=12
Column_109=11
Column_96=10
Column_36=9
Column_10=8
Column_57=8
Column_4=7
Column_21=7
Column_25=6
Column_44=6
Column_15=5
Column_48=5
Column_56=5
Column_78=4
Column_129=4
Column_2=3
Column_13=3
Column_61=3
Column_62=3
Column_66=3
Column_90=3
Column_98=3
Column_22=2
Column_47=2
Column_64=2
Column_69=2
Column_79=2
Column_89=2
Column_115=2
Column_124=2
Column_1=1
Column_19=1
Column_24=1
Column_51=1
Column_55=1
Column_91=1
Column_97=1
Column_125=1
Column_126=1
Column_132=1
Column_140=1

parameters:
[boosting: gbdt]
[objective: binary]
[metric: binary_logloss]
[tree_learner: serial]
[device_type: cpu]
[data_sample_strategy: bagging]
[data: ]
[valid: ]
[num_iterations: 450]
[learning_rate: 0.035]
[num_leaves: 47]
[num_threads: 10]
[seed: 20260825]
[deterministic: 0]
[force_col_wise: 0]
[force_row_wise: 0]
[histogram_pool_size: -1]
[max_depth: -1]
[min_data_in_leaf: 100]
[min_sum_hessian_in_leaf: 0.001]
[bagging_fraction: 1]
[pos_bagging_fraction: 1]
[neg_bagging_fraction: 1]
[bagging_freq: 0]
[bagging_seed: 15314]
[bagging_by_query: 0]
[feature_fraction: 0.8]
[feature_fraction_bynode: 1]
[feature_fraction_seed: 3569]
[extra_trees: 0]
[extra_seed: 27901]
[early_stopping_round: 0]
[early_stopping_min_delta: 0]
[first_metric_only: 0]
[max_delta_step: 0]
[lambda_l1: 0.25]
[lambda_l2: 6]
[linear_lambda: 0]
[min_gain_to_split: 0]
[drop_rate: 0.1]
[max_drop: 50]
[skip_drop: 0.5]
[xgboost_dart_mode: 0]
[uniform_drop: 0]
[drop_seed: 29628]
[top_rate: 0.2]
[other_rate: 0.1]
[min_data_per_group: 100]
[max_cat_threshold: 32]
[cat_l2: 10]
[cat_smooth: 10]
[max_cat_to_onehot: 4]
[top_k: 20]
[monotone_constraints: ]
[monotone_constraints_method: basic]
[monotone_penalty: 0]
[feature_contri: ]
[forcedsplits_filename: ]
[refit_decay_rate: 0.9]
[cegb_tradeoff: 1]
[cegb_penalty_split: 0]
[cegb_penalty_feature_lazy: ]
[cegb_penalty_feature_coupled: ]
[path_smooth: 0]
[interaction_constraints: ]
[verbosity: -1]
[saved_feature_importance_type: 0]
[use_quantized_grad: 0]
[num_grad_quant_bins: 4]
[quant_train_renew_leaf: 0]
[stochastic_rounding: 1]
[linear_tree: 0]
[max_bin: 255]
[max_bin_by_feature: ]
[min_data_in_bin: 3]
[bin_construct_sample_cnt: 200000]
[data_random_seed: 4775]
[is_enable_sparse: 1]
[enable_bundle: 1]
[use_missing: 1]
[zero_as_missing: 0]
[feature_pre_filter: 1]
[pre_partition: 0]
[two_round: 0]
[header: 0]
[label_column: ]
[weight_column: ]
[group_column: ]
[ignore_column: ]
[categorical_feature: ]
[forcedbins_filename: ]
[precise_float_parser: 0]
[parser_config_file: ]
[objective_seed: 9445]
[num_class: 1]
[is_unbalance: 0]
[scale_pos_weight: 4.75549]
[sigmoid: 1]
[boost_from_average: 1]
[reg_sqrt: 0]
[alpha: 0.9]
[fair_c: 1]
[poisson_max_delta_step: 0.7]
[tweedie_variance_power: 1.5]
[lambdarank_truncation_level: 30]
[lambdarank_norm: 1]
[label_gain: ]
[lambdarank_position_bias_regularization: 0]
[eval_at: ]
[multi_error_top_k: 1]
[auc_mu_weights: ]
[num_machines: 1]
[local_listen_port: 12400]
[time_out: 120]
[machine_list_filename: ]
[machines: ]
[gpu_platform_id: -1]
[gpu_device_id: -1]
[gpu_device_id_list: ]
[gpu_use_dp: 0]
[num_gpu: 1]

end of parameters

pandas_categorical:null
