tree
version=v4
num_class=1
num_tree_per_iteration=1
label_index=0
max_feature_idx=143
objective=lambdarank
feature_names=Column_0 Column_1 Column_2 Column_3 Column_4 Column_5 Column_6 Column_7 Column_8 Column_9 Column_10 Column_11 Column_12 Column_13 Column_14 Column_15 Column_16 Column_17 Column_18 Column_19 Column_20 Column_21 Column_22 Column_23 Column_24 Column_25 Column_26 Column_27 Column_28 Column_29 Column_30 Column_31 Column_32 Column_33 Column_34 Column_35 Column_36 Column_37 Column_38 Column_39 Column_40 Column_41 Column_42 Column_43 Column_44 Column_45 Column_46 Column_47 Column_48 Column_49 Column_50 Column_51 Column_52 Column_53 Column_54 Column_55 Column_56 Column_57 Column_58 Column_59 Column_60 Column_61 Column_62 Column_63 Column_64 Column_65 Column_66 Column_67 Column_68 Column_69 Column_70 Column_71 Column_72 Column_73 Column_74 Column_75 Column_76 Column_77 Column_78 Column_79 Column_80 Column_81 Column_82 Column_83 Column_84 Column_85 Column_86 Column_87 Column_88 Column_89 Column_90 Column_91 Column_92 Column_93 Column_94 Column_95 Column_96 Column_97 Column_98 Column_99 Column_100 Column_101 Column_102 Column_103 Column_104 Column_105 Column_106 Column_107 Column_108 Column_109 Column_110 Column_111 Column_112 Column_113 Column_114 Column_115 Column_116 Column_117 Column_118 Column_119 Column_120 Column_121 Column_122 Column_123 Column_124 Column_125 Column_126 Column_127 Column_128 Column_129 Column_130 Column_131 Column_132 Column_133 Column_134 Column_135 Column_136 Column_137 Column_138 Column_139 Column_140 Column_141 Column_142 Column_143
feature_infos=none [-12.040122985839844:12.468829154968262] [-7.5451779365539551:8.0092935562133789] [0:12.57548999786377] [0.1155245304107666:1.1719568967819214] [0.1155245304107666:1.5468153953552246] [-0.38448148965835571:0.68055558204650879] [-0.65025806427001953:0.86565214395523071] [0:1] [0:1.3047124147415161] [0.13862943649291992:0.90217190980911255] [0:0.54930615425109863] [0:0.83305114507675171] [0:1.0621237754821777] [0:1.3517929315567017] [0:0.70830333232879639] [0:0.70830333232879639] [0:0.70830333232879639] [0:0.70830333232879639] [0:1.5866714715957642] [0:1.6030226945877075] [0:1.6125447750091553] [0:1.6126703023910522] [0:1.1164770126342773] [0:1.3169645071029663] [0:1.5429251194000244] [0:1.8361797332763672] [0:1.6505895853042603] [0:1.3916201591491699] [0:1.3182499408721924] [0:1.5439667701721191] [0:1.7978572845458984] [0:1.5660121440887451] [0:1.5130223035812378] [0:1.7450189590454102] [0:2.0435347557067871] [0:1.6423304080963135] [0:1.6366963386535645] [0:1.8872706890106201] [0:2.1888949871063232] [0:1.1190284490585327] [0:1.1135867834091187] [0:1.4104768037796021] [0:1.5691608190536499] [0:1.1716622114181519] [0:1.2130075693130493] [0:1.4630506038665771] [0:1.626446008682251] [0:1.2879959344863892] [0:1.4023679494857788] [0:1.8205183744430542] [0:1.8291370868682861] [0:1.3916201591491699] [0:2.2347836494445801] [0:1.7450189590454102] [0:2.8743386268615723] [0:2.0435347557067871] [0:3.3510963916778564] [0:1.8872706890106201] [0:3.1539819240570068] [-12.040122985839844:12.468829154968262] [-7.5451779365539551:8.0092935562133789] [-13.66785717010498:14.311351776123047] [-8.2542238235473633:7.9279866218566895] [-1.0000001192092896:1.0000001192092896] [-35.704551696777344:34.506988525390625] [-12.572701454162598:10.634106636047363] [-3.5814781188964844:3.769134521484375] [-2.0355026721954346:1.8981958627700806] [-1.0000001192092896:1] [-10.24339485168457:10.568971633911133] [-12.574316024780273:10.631599426269531] [0:11.547878265380859] [0:11.572422981262207] [0:11.539509773254395] [0:11.56773853302002] none none [0.1155245304107666:0.75180989503860474] [0:1.6026453971862793] [0:1.4224400520324707] [0.40000000596046448:1] [0:0.93826955556869507] [0:0.37446653842926025] [0:0.47583281993865967] [0:0.48900288343429565] [0:0.4939054548740387] [-13.66785717010498:14.311351776123047] [-8.2542238235473633:7.9279866218566895] [0.1155245304107666:1.5208333730697632] [0:1] [-1:1] [-1:1] [-10.51795482635498:11.709933280944824] [-4.1629676818847656:7.6325139999389648] [0.1155245304107666:1.4481215476989746] [0:0.89515024423599243] [0:0.88141244649887085] [0.40000006556510925:1] [0:0.44278201460838318] [0:0.20687729120254517] [0:0.29770714044570923] [0:0.33574318885803223] [0:0.33850625157356262] [-0.89354348182678223:1.7869356870651245] [-0.51129573583602905:0.50392770767211914] [0.1155245304107666:0.94124442338943481] [0:0.9375] [-0.43188965320587158:0.53791242837905884] [-0.41887304186820984:1] [-7.7621240615844727:9.3918819427490234] [-3.8528227806091309:6.1734857559204102] [0.1155245304107666:1.223438024520874] [0:1.1009762287139893] [0:1.0572494268417358] [0.40000000596046448:1] [0:0.61478424072265625] [0:0.22396993637084961] [0:0.47583281993865967] [0:0.45136472582817078] [0:0.4292483925819397] [-3.5814781188964844:3.769134521484375] [-2.0355026721954346:1.8981958627700806] [0.1155245304107666:1.1700452566146851] [0:1] [-0.99058210849761963:0.967537522315979] [-0.99404531717300415:1] [-7.0244364738464355:7.0379838943481445] [-2.8705458641052246:3.1927292346954346] [-1.0932767391204834:1.0646880865097046] [-0.67706358432769775:0.76147711277008057] [-0.68617415428161621:0.76147711277008057] [-0.60000002384185791:1] [-0.29696744680404663:0.35349369049072266] [-0.20598980784416199:0.20598980784416199] [-0.3298821747303009:0.41197961568832397] [-0.45136472582817078:0.45136472582817078] [-0.4292483925819397:0.4023594856262207] [-5.1987872123718262:7.2942094802856445] [-2.608295202255249:3.7897646427154541] [-0.97637343406677246:1.0376276969909668] [-1:1] [-1.5449514389038086:1.5900989770889282] [-1.8485181331634521:1.7964627742767334]
tree_sizes=3608 3609 3612 3618 3606 3608 3625 3615 3624 3623 3610 3617 3607 3614 3619 3637 3618 3625 3596 3631 3622 3608 3619 3637 3628 3633 3618 3630 3627 3635 3641 3623 3622 3642 3637 3638 3633 3623 3644 3623 3633 3620 3621 3636 3615 3642 3629 3622 3629 3622 3632 3610 3632 3640 3623 3662 3646 3614 3636 3635 3627 3651 3650 3635 3645 3617 3641 3619 3650 3627 3648 3626 3612 3630 3636 3631 3623 3632 3654 3633 3636 3626 3652 3638 3619 3627 3622 3650 3616 3648 3623 3613 3628 3637 3616 3617 3613 3654 3637 3621 3629 3648 3653 3603 3621 3629 3639 3596 3634 3603 3619 3611 3626 3609 3640 3596 3621 3630 3623 3630 3604 3616 3624 3627 3608 3634 3616 3644 3647 3590 3644 3631 3607 3622 3627 3625 3610 3615 3610 3612 3599 3631 3589 3626 3634 3600 3586 3635 3651 3603 3650 3602 3614 3618 3625 3597 3625 3592 3560 3622 3644 3630 3575 3627 3567 3620 3619 3593 3619 3616 3620 3627 3598 3625 3610 3584 3620 3581 3629 3595 3626 3622 3591 3610 3621 3600 3585 3623 3633 3597 3605 3605 3582 3586 3615 3571 3627 3622 3577 3573 3575 3608 3573 3632 3571 3607 3598 3603 3589 3517 3567 3623 3554 3555 3630 3623 3613 3557 3613 3622 3628 3587 3606 3555 3603 3618 3627 3613 3594 3625 3593 3602 3594 3588 3605 3600 3597 3572 3581 3590 3609 3593 3624 3603 3624 3586 3609 3617 3571 3622

Tree=0
num_leaves=31
num_cat=0
split_feature=74 15 17 73 74 72 14 16 17 4 25 26 26 66 24 6 75 7 6 4 6 73 14 73 24 6 16 73 6 73
split_gain=32578.5 7273.93 6100.34 2105.57 1954.93 1356.68 1176.83 1033.03 941.974 693.949 608.897 551.525 529.548 436.177 392.55 353.126 312.717 302.49 301.135 296.571 279.999 279.734 265.044 259.809 250.179 247.534 214.285 210.66 208.811 198.467
threshold=0.043343961238861091 0.22396993637084964 1.0000000180025095e-35 0.01753973122686148 0.33297042548656469 0.029407446272671226 0.31061333417892462 0.53458327054977428 0.31061333417892462 0.20707555115222934 0.31061333417892462 0.22396993637084964 1.0000000180025095e-35 -0.13185963034629819 0.53458327054977428 0.29969795048236852 0.34873658418655401 -0.3992552757263183 0.29020731151103979 0.20707555115222934 0.053747521713376052 0.028616840951144699 0.37446653842926031 0.07279387861490251 0.37446653842926031 0.27632133662700659 0.42514967918396002 0.019819206558167938 0.31696049869060522 1.0000000180025095e-35
decision_type=2 2 2 2 2 2 2 2 2 2 2 2 2 2 2 2 2 2 2 2 2 2 2 2 2 2 2 2 2 2
left_child=1 5 4 29 11 8 13 18 23 -7 21 15 -6 -4 -9 17 -13 -2 24 -15 -19 -10 -11 -1 -5 -25 -20 -12 -21 -3
right_child=2 3 6 7 12 9 -8 14 10 22 27 16 -14 19 -16 -17 -18 20 26 28 -22 -23 -24 25 -26 -27 -28 -29 -30 -31
leaf_value=0.018744795065816229 -0.01237437778804387 0.053768171016480869 -0.0063925089298361125 0.018724175614382627 -0.045873475713879119 -0.0070661476632873383 0.0003257237737554693 0.026610780451072725 0.023392699722025859 0.0015003201767710373 0.043799810558008412 -0.02091740188713909 -0.028328087010827823 -0.020210217764191876 0.042450790564762128 -0.032911942397225703 -0.0081283095169160692 -0.034068800382496614 0.0092638683107159562 -0.0073403610530961899 -0.021713324521542132 0.0096093492954118648 0.0096142446724777082 0.0052276043785388481 0.032832083630386866 -0.0039015319227156892 0.019009576162152233 0.019997919776030468 -0.016038312394781522 0.039949127884773117
leaf_weight=939.27367458734807 2193.1880431704194 1606.4125440232456 9519.3270472869008 4251.0997133238998 4722.148382555999 7017.1958195424559 11017.785587369464 4393.3259327646447 1433.1110496333858 10823.861167124025 354.02579756040359 3654.4590217258374 2347.4332430569048 5431.4653667432176 2104.8198451165808 3917.4780382918143 3267.088700975437 2233.9785495170472 4594.5281329429708 5231.2726664882503 6551.6180650561582 17502.03840898809 5445.1530010853021 8673.7545005632855 1557.8385768674198 3859.1651776069484 3661.231434649002 6105.8791507962742 4753.2011366276711 2503.4703419497819
leaf_count=15187 70914 3503 257829 49813 113536 174825 241423 95025 33647 278622 2363 89813 60652 146194 12102 127766 83333 47990 68564 127361 125444 304358 97194 66026 6122 46034 60252 57434 163803 36800
internal_value=0 0.0120152 -0.016089 0.0257958 -0.026354 0.00654344 -0.00783922 0.0218695 0.00997387 0.000816736 0.0133753 -0.0219037 -0.0400675 -0.0114466 0.0317652 -0.0251576 -0.0148896 -0.0223793 0.0172894 -0.0145647 -0.0248696 0.0106575 0.00421798 0.00355984 0.0225284 0.00241583 0.0135935 0.0213293 -0.0114863 0.0453986
internal_weight=151667 86826.2 64840.4 24672.7 28887.4 62153.5 35953.1 20562.8 38867.2 23286.2 25395.1 21817.8 7069.58 24935.3 6498.15 14896.3 6921.55 10978.8 14064.7 15415.9 8785.6 18935.1 16269 13472.2 5808.94 12532.9 8255.76 6459.9 9984.47 4109.88
internal_count=3063929 1407871 1656058 332181 719448 1075690 936610 291878 525049 550641 397802 545260 174188 695187 107127 372114 173146 244348 184751 437358 173434 338005 375816 127247 55935 112060 128816 59797 291164 40303
is_linear=0
shrinkage=0.03


Tree=1
num_leaves=31
num_cat=0
split_feature=72 17 73 16 18 13 24 18 5 73 3 16 18 9 26 13 19 36 9 26 13 12 6 72 4 26 6 9 19 64
split_gain=44140.2 13257.5 10990.2 4432.27 3428.25 3407.06 2571.83 2273.1 1979.98 1762.59 1611.97 1212.78 1801.22 1017.65 897.448 738.426 729.134 717.975 689.308 675.675 613.135 606.784 606.135 586.926 482.719 458.739 452.964 442.009 380.516 380.261
threshold=0.031636750325560577 1.0000000180025095e-35 0.023572044447064403 0.37446653842926031 1.0000000180025095e-35 0.22396993637084964 0.37446653842926031 0.58756005764007579 1.1620228886604311 0.012415385339409115 0.025666924193501476 0.22396993637084964 0.70072525739669811 0.40253517031669622 0.22396993637084964 0.50316895544528972 0.42082133889198309 1.0000000180025095e-35 0.40253517031669622 0.31061333417892462 0.46720869839191442 0.46720869839191442 0.31696049869060522 0.2520140558481217 0.24964435398578647 0.22396993637084964 0.35213264822959905 0.17917595058679583 0.39170669019222265 -0.99996706843376149
decision_type=2 2 2 2 2 2 2 2 2 2 2 2 2 2 2 2 2 2 2 2 2 2 2 2 2 2 2 2 2 2
left_child=2 4 9 10 8 11 16 19 17 27 18 12 22 21 -12 -7 26 -2 -4 -6 29 -8 24 -10 -3 -24 -5 -1 -11 -16
right_child=1 5 3 6 7 15 13 -9 23 28 14 -13 -14 -15 20 -17 -18 -19 -20 -21 -22 -23 25 -25 -26 -27 -28 -29 -30 -31
leaf_value=0.033580771594069636 -0.029662172037541925 -0.0075380641228187089 0.0079837212441637266 0.012067242386174723 -0.014189652879612078 0.0030409059699546075 0.01684311662899475 -0.030989686631211918 -0.015223844835632046 0.019174046076887462 -0.0022491703622380694 -0.0014296606658370094 -0.019407705303484728 0.036619412116555498 0.00973710156064065 0.017675297425900696 0.017422296612562959 -0.015918577330559843 0.027035288453846014 -0.0047613257063427129 0.020473717434088209 0.033042336865311057 -0.013540555876084001 -0.04150149382497581 -0.0022001536678449172 -0.0065175553346475054 0.0056938082586069508 0.047431042327204916 0.029988940352500212 0.0019803608714188629
leaf_weight=3710.329916446557 5876.7057428612534 28514.909769330814 42535.954206702183 18722.913939039223 30394.829842878513 29049.993788518128 11650.453926882008 6686.9595488451305 844.04092128924094 7061.2552515285497 32062.498852921417 36355.764847032959 10768.916920295567 4173.0520111629739 7300.9335375181399 3470.9342760923319 10815.209395502345 8237.7745784792933 1777.905714340508 8836.2872981583932 2080.6277457801625 2539.2870017383248 15262.288641679334 8915.2661998800468 32781.730950680329 18574.188199501368 21664.221013881383 4889.3567971196026 5057.8002737947972 25724.548225335544
leaf_count=19503 62015 219065 131875 101434 318035 174042 33734 83380 5912 35566 159224 332009 125776 5880 19927 13643 55405 78368 3100 93571 4620 4289 178188 99319 239137 186016 137416 9050 25284 109146
internal_value=0 -0.00856892 0.0103868 0.00801775 -0.0196218 -0.00415494 0.0139598 -0.0148251 -0.0288435 0.0310822 0.00430952 -0.0061576 -0.00778053 0.0235917 0.00137917 0.00460494 0.0105038 -0.021648 0.00875056 -0.0120669 0.00469294 0.0197508 -0.00646354 -0.0392365 -0.00468373 -0.00968671 0.00864946 0.0414743 0.0236963 0.00369625
internal_weight=446337 244571 201766 181048 69791.9 174779 69565.1 45918.1 23873.8 20718.7 111482 142258 105902 18362.8 67168.6 32520.9 51202.3 14114.5 44313.9 39231.1 35106.1 14189.7 95133.1 9759.31 61296.6 33836.5 40387.1 8599.69 12119.1 33025.5
internal_count=3063929 2208476 855453 766050 740600 1467876 338158 494986 245614 89403 427892 1280191 948182 43903 292917 187685 294255 140383 134975 411606 133693 38023 822406 105231 458202 364204 238850 28553 60850 129073
is_linear=0
shrinkage=0.03


Tree=2
num_leaves=31
num_cat=0
split_feature=74 73 17 16 74 24 25 73 75 5 5 5 5 19 74 7 17 74 6 22 16 75 74 6 5 75 36 73 15 7
split_gain=36745.6 10956.7 7354.16 5225.76 2666.4 2297.3 1978.17 1743.59 1306.85 1294.3 1287.14 978.842 972.938 846.018 772.615 747.489 696.006 642.23 574.593 562.172 547.9 499.771 436.687 426.026 418.234 389.777 379.519 376.137 369.119 352.28
threshold=0.033403364941477783 0.023572044447064403 1.0000000180025095e-35 0.31061333417892462 0.33297042548656469 0.37446653842926031 0.22396993637084964 0.012415385339409115 0.33138765394687658 1.1721775531768801 0.37498413026332861 1.0888435840606692 0.24964435398578647 0.50335456430912029 0.20262710750103 -0.4054999947547912 0.22396993637084964 0.049849977716803558 0.35213264822959905 1.0000000180025095e-35 0.53458327054977428 0.11560627818107606 0.022883728146553043 0.31696049869060522 0.8696076273918153 0.24427580088377002 0.14931328594684604 1.0000000180025095e-35 0.50316895544528972 0.2555124312639237
decision_type=2 2 2 2 2 2 2 2 2 2 2 2 2 2 2 2 2 2 2 2 2 2 2 2 2 2 2 2 2 2
left_child=1 7 4 12 8 13 15 27 14 24 20 26 -3 18 25 -4 -14 -17 29 -13 -7 -19 -20 -18 -6 -2 -10 -1 -9 -5
right_child=2 3 6 5 9 10 -8 28 11 -11 -12 19 16 -15 -16 17 23 21 22 -21 -22 -23 -24 -25 -26 -27 -28 -29 -30 -31
leaf_value=0.049663247355766445 -0.023214034324284236 0.0054670347132661024 -0.00088606448481106347 0.012019237551365672 -0.014000221189437563 0.019242855528700427 0.00067246428120105713 0.019255104220598819 -0.012531229366151315 -0.043361991095782759 0.0076476138935582146 -0.02775251324023988 -0.0049273589205708112 0.016585210831624304 -0.034180041675057567 -0.0050775575816909002 0.0030598835759899565 -0.019706910439886871 0.0059867750410233468 -0.013169571249509758 0.030717897814681285 -0.010277230403368399 -0.0023843742900709745 -0.0020567287221350274 -0.028723338850240289 -0.01373296294799631 -0.0035166052552547322 0.035401185136563533 0.034295486642417813 0.0058160169875211753
leaf_weight=2447.3220108300447 8620.0153437984845 36417.007317679934 10267.664439291708 22687.804706095252 2649.9742214098806 10246.205225161277 28566.809157372103 9782.4182480711024 7248.0345325820381 4954.9301129835076 6496.6653898828663 4040.5276194568141 22420.765372623224 9462.4029745918233 3684.6907980018295 20900.196087967008 40714.822365117492 5674.1407781589369 30045.940125109744 5819.6450632564374 5942.2286459985189 46932.091586505063 6892.2075719095301 22868.287068036851 5114.902104808396 7183.7054889361025 10013.329070303254 5512.6614406416193 1736.3862978492398 12962.845140327932
leaf_count=4251 105438 87927 100532 108207 32709 23123 249462 50819 83246 70973 29037 44550 108892 42835 41511 213850 207741 74110 194839 78154 13528 480749 66325 164618 70506 85227 110848 24302 10031 85589
internal_value=0 0.00741812 -0.0106574 0.0055662 -0.0192014 0.0104855 -0.00614457 0.029009 -0.0158763 -0.0313763 0.0189352 -0.0116148 0.00135731 0.00814847 -0.0218031 -0.00846914 -0.000383013 -0.00952821 0.00704777 -0.0191547 0.0234618 -0.0112958 0.00442461 0.00121956 -0.0237091 -0.0189092 -0.00730413 0.0398094 0.0215339 0.00976473
internal_weight=418307 246636 171671 227157 59329.8 104736 112341 19478.8 46609.9 12719.8 22685.1 27121.5 122421 82051.2 19488.4 83774.1 86003.9 73506.4 72588.8 9860.17 16188.4 52606.2 36938.1 63583.1 7764.88 15803.7 17261.4 7959.98 11518.8 35650.6
internal_count=3063929 1222064 1841865 1132661 723162 563483 1118703 89403 548974 174188 65688 316798 569178 497795 232176 869241 481251 768709 454960 122704 36651 554859 261164 372359 103215 190665 194094 28553 60850 193796
is_linear=0
shrinkage=0.03


Tree=3
num_leaves=31
num_cat=0
split_feature=16 15 18 72 16 14 13 16 74 74 18 26 25 27 7 7 6 18 7 6 16 72 11 74 18 17 4 14 74 17
split_gain=31047.1 10439.6 5125.4 3287.51 2193.63 1764.66 1300.71 1267.31 1195.65 1124.46 932.788 929.352 890.289 655.632 638.947 712.228 681.06 627.972 597.499 591.437 684.965 514.423 450.404 384.223 369.994 354.027 333.637 333.306 329.044 323.116
threshold=1.0000000180025095e-35 0.31061333417892462 1.0000000180025095e-35 0.022881638258695606 0.58756005764007579 0.22396993637084964 0.31061333417892462 0.22396993637084964 0.080945663154125228 0.25977967679500585 0.65050083398818981 1.0000000180025095e-35 0.46720869839191442 0.83676335215568554 -0.39685551822185511 0.27237541973590856 0.21661805361509326 0.68507987260818493 0.0095833335071802157 0.44248470664024359 0.31061333417892462 0.0030032132053747778 1.0000000180025095e-35 0.04756260663270951 0.70072525739669811 0.46720869839191442 1.0053142905235293 0.81924167275428783 0.18289228528738025 1.0000000180025095e-35
decision_type=2 2 2 2 2 2 2 2 2 2 2 2 2 2 2 2 2 2 2 2 2 2 2 2 2 2 2 2 2 2
left_child=2 3 9 7 21 8 19 -2 -4 -1 14 -11 24 18 16 28 -10 23 -6 20 -5 -3 -14 -7 -9 -24 -25 -8 -16 -12
right_child=1 4 5 6 13 17 27 12 10 11 29 -13 22 -15 15 -17 -18 -19 -20 -21 -22 -23 25 26 -26 -27 -28 -29 -30 -31
leaf_value=-0.014204852576983208 0.0027287813938396445 0.019290349934544551 -0.0075278868179751157 -0.0030818369077882757 0.043919457712524902 0.0049234580987073924 0.0062698248000922349 0.0092341808209789097 -0.003039076591856251 -0.035885084828423931 -0.035479602382095195 -0.020185041644953269 0.0085571719938067649 0.042111712784826137 -0.015927856772777565 -0.0094118812092975485 -0.030806735258416516 -0.014999792871258757 0.023544022638445336 -0.011039374777983887 0.0027118396744779038 0.010824820610482932 0.011491410333591226 -0.0042725702502667733 0.0042189664921736007 0.025363361576833204 0.017882781930259533 0.020002488228467653 -0.024104727183673982 -0.020328728351864889
leaf_weight=5685.9216540896596 42877.691671219203 12012.354410989443 35906.82830606855 55189.086519489574 1483.4754471210763 5554.8572047431953 11943.077869608533 46219.188414171454 7551.1885061776848 9021.9028109954525 2218.863714933279 5473.8518681445858 3961.4796993560158 2863.272546231281 12884.714408620959 11730.994458114437 884.76873755035922 3894.7736088179518 10464.095001924317 5827.4567431987962 27519.791644266981 14033.640238808002 2425.6766892969608 25922.811434558767 18573.470081704087 5295.881985032931 622.55984434415586 1833.3364809416234 6798.9973946635146 3015.8138902920764
leaf_count=38656 150890 33391 316548 511486 5111 19964 67036 188984 98398 138831 34203 71523 15787 6147 126860 170376 12523 52917 64142 75224 254715 79713 5786 269676 120109 11662 2965 6438 74685 39183
internal_value=0 0.00604383 -0.0115669 0.00347523 0.0199778 -0.00915765 -0.000470746 0.00685776 -0.0116139 -0.025528 -0.0148671 -0.029964 0.00917244 0.0291967 -0.0133004 -0.015269 -0.00596512 -0.00363002 0.0260882 -0.00180518 -0.00115401 0.0147316 0.0167951 -0.00224867 0.00779694 0.0210144 -0.00375018 0.00810294 -0.0187568 -0.0267739
internal_weight=399692 262523 137169 221666 40856.8 116987 102313 119353 80992.2 20181.7 45085.3 14495.8 76475.7 14810.8 39850.7 31414.7 8435.96 35995 11947.6 88536.3 82708.9 26046 11683 32100.2 64792.7 7721.56 26545.4 13776.4 19683.7 5234.68
internal_count=3063929 1596621 1467308 1408117 188504 1218298 914899 493218 872776 249010 556228 210354 342328 75400 482842 371921 110921 345522 69253 841425 766201 113104 33235 292605 309093 17448 272641 73474 201545 73386
is_linear=0
shrinkage=0.03


Tree=4
num_leaves=31
num_cat=0
split_feature=74 15 17 9 9 74 14 17 75 5 75 14 75 19 15 6 75 74 5 15 6 6 4 74 36 9 26 26 14 75
split_gain=27474.8 8110.76 5718.66 2473.97 2200.07 2053.23 1725.91 1656.43 1255.02 1199.71 1073.42 920.798 809.21 695.1 656.893 615.673 565.82 532.263 528.879 493.512 474.017 439.294 428.5 412.517 406.091 393.647 380.905 328.571 312.506 303.382
threshold=0.033403364941477783 0.31061333417892462 1.0000000180025095e-35 0.40253517031669622 0.2484906688332558 0.43339970707893377 0.31061333417892462 0.37446653842926031 0.023934200406074527 1.0888435840606692 0.021746934391558174 0.53458327054977428 0.34873658418655401 0.51129707694053661 1.0000000180025095e-35 0.2937582284212113 0.086185678839683547 0.25977967679500585 0.8696076273918153 1.0000000180025095e-35 0.22965335100889209 0.014005722478032114 0.39170669019222265 0.20593928545713427 0.14931328594684604 0.82702690362930309 0.22396993637084964 0.22396993637084964 0.80962154269218456 0.13731009513139728
decision_type=2 2 2 2 2 2 2 2 2 2 2 2 2 2 2 2 2 2 2 2 2 2 2 2 2 2 2 2 2 2
left_child=1 3 5 7 8 9 20 14 -3 12 -9 15 23 -10 26 19 -16 -11 -7 -12 21 29 -5 -2 -14 -6 -1 -22 -13 -4
right_child=2 4 6 22 25 18 -8 10 13 17 11 28 24 -15 16 -17 -18 -19 -20 -21 27 -23 -24 -25 -26 -27 -28 -29 -30 -31
leaf_value=-0.0055095698554588511 -0.015006732468580248 0.031004372525761898 -0.024047661735544762 0.030455156311420078 0.029442657075659691 -0.015838353261348158 0.00026354451596850869 0.024232006202315248 0.010065307136394776 -0.018943533367145847 0.0031488100402450514 0.010588408185926596 -0.013165505388129007 0.02021430567268697 0.014951113454997627 0.0017690808165863768 0.0015055974915182831 -0.031453932263292406 -0.037771696774774252 0.0091284114797468407 -0.013389319600453449 -0.0046643935019756071 0.012254512186479412 -0.028596919225634079 -0.0038184223413124008 0.045247354461940878 0.0011860998885461346 -0.0072163343678596599 0.022462633599608595 -0.0089715874478561147
leaf_weight=21796.479224835086 10112.593590652832 4102.1912204817636 1763.8582890650723 3470.6683187894523 5543.7363359718584 1231.3413794615772 31265.316177601926 2750.3957646763884 19410.68642510986 12473.278839252671 21742.867958124727 9491.3790746552404 7180.9820306148613 8851.4393682763912 3047.206974222092 45808.254438638629 36717.76565737417 4075.6378608312516 5230.0672378871386 29001.75861278153 19141.983330632327 33403.671941196662 1764.4855836154893 2516.5913853459933 10029.291221360705 1936.3572601657361 11774.381883451017 13088.24609931244 2530.3907383810729 3782.6806975818472
leaf_count=126096 139602 27940 28088 7090 15830 17103 286200 19327 98347 162298 145101 42442 94341 40272 12848 348900 138033 72986 86158 130939 280984 297719 7371 32713 117961 2509 52811 184287 6208 41425
internal_value=0 0.00658864 -0.00974699 0.00400639 0.0188937 -0.0177619 -0.00561167 0.00342952 0.015501 -0.0155523 0.00573557 0.00526611 -0.0119563 0.0132465 -7.11794e-05 0.00429082 0.00253745 -0.0220317 -0.033605 0.00656683 -0.00819223 -0.00596395 0.0243356 -0.0177234 -0.0077209 0.0335566 -0.00316119 -0.0108839 0.0130948 -0.0137806
internal_weight=385036 229740 155296 189896 39844.4 52849.8 102446 184661 32364.3 46388.4 111325 108575 29839.5 28262.1 73335.8 96552.9 39765 16548.9 6461.41 50744.6 71180.4 38950.2 5235.15 12629.2 17210.3 7480.09 33570.9 32230.2 12021.8 5546.54
internal_count=3063929 1222064 1841865 1037166 184898 723162 1118703 1022705 166559 619901 692917 673590 384617 138619 329788 624940 150881 235284 103261 276040 832503 367232 14461 172315 212302 18339 178907 465271 48650 69513
is_linear=0
shrinkage=0.03


Tree=5
num_leaves=31
num_cat=0
split_feature=16 73 16 18 15 9 5 73 5 9 13 18 14 13 6 69 4 19 7 69 64 53 75 36 9 18 7 64 21 19
split_gain=25033.9 8887.79 4288.75 4144.3 1601.32 1562.55 1442.29 1411.74 1168.63 804.18 766.749 761.614 736.471 678.617 659.491 617.548 609.633 523.511 458.145 420.532 414.95 348.147 344.018 339.173 335.928 330.691 312.653 305.282 288.224 278.414
threshold=1.0000000180025095e-35 0.025321914814412597 0.46720869839191442 1.0000000180025095e-35 1.0000000180025095e-35 0.2484906688332558 0.94754627346992504 0.012415385339409115 1.1620228886604311 0.42766661942005163 0.46720869839191442 0.70072525739669811 0.37446653842926031 0.50316895544528972 0.21661805361509326 -0.50685647130012501 0.20707555115222934 0.49501426517963415 -0.57484117150306691 -0.27800031006336207 -0.54094305634498585 1.0000000180025095e-35 0.26041416823863989 0.72287821769714367 0.17917595058679583 0.70072525739669811 0.2522247731685639 -0.96114543080329884 0.44559229910373693 0.39170669019222265
decision_type=2 2 2 2 2 2 2 2 2 2 2 2 2 2 2 2 2 2 2 2 2 2 2 2 2 2 2 2 2 2
left_child=3 7 4 8 12 10 11 24 18 13 17 16 19 14 22 -8 -5 25 -1 -3 -17 -20 26 -7 -2 -4 -6 -10 -16 -9
right_child=1 2 5 6 9 23 15 29 27 -11 -12 -13 -14 -15 28 20 -18 -19 21 -21 -22 -23 -24 -25 -26 -27 -28 -29 -30 -31
leaf_value=-0.040851711515803281 0.029475697703989931 -0.001048416923332528 0.011052708433338485 -0.0091110717882638449 0.0094364537545326352 0.03284621323254984 -0.0093801779427637507 0.015544151180563947 -0.017143458662956395 0.02056583688968168 0.02287110165024191 -0.018506790471338221 0.0040244310361637293 0.015932654760680533 -0.0010457280904188409 -0.010451961632087772 -0.0024174027502355277 0.016838265732135423 -0.021498213385345015 -0.0063124732714741659 -0.019110370346185884 -0.010548423640657513 0.0024105926699013857 0.017343888692722898 0.043040787385223156 0.0042868984407053766 0.0024460430647769075 -0.036583755424252816 0.0034471412169476733 0.025023443699183624
leaf_weight=755.19825150060933 3197.4407504468691 40740.472131808317 10943.348401037743 18175.90085974292 24549.4520405113 3592.3915324076079 26954.357485320943 7069.5361685839016 843.93274181196466 2692.9054896691814 3905.8618833969813 3783.0089032389806 18436.379770849366 4096.1510131210089 26686.079818190075 7602.3612125101499 37537.745239431621 5988.6954935785616 5958.3333446645993 20546.499860093434 14565.475562794367 4682.0791385160992 16007.560885807499 1992.1021566027775 3504.1703677875921 16040.842493266508 7529.5530172553845 5818.2721907190571 24778.161361546721 4650.0396688643377
leaf_count=12218 19503 377471 71769 162396 73719 9447 325213 43285 12449 7263 11414 59521 127175 11548 162220 94744 384622 32719 75738 204711 191802 54894 54385 8598 9050 145041 42741 93711 155685 28877
internal_value=0 0.00556177 0.00394564 -0.0108421 0.00198215 0.012548 -0.00862897 0.0256054 -0.0241493 0.00439186 0.0103063 -0.0054871 -0.00123207 0.00397082 0.00347797 -0.0124335 -0.00460171 0.00881515 -0.0183018 -0.00281357 -0.0161436 -0.0166862 0.00600391 0.0273334 0.0365908 0.00703215 0.00779632 -0.0341336 0.00111744 0.0193129
internal_weight=373624 246948 228526 126677 186063 42463.2 108619 18421.2 18057.8 106340 36878.7 59496.7 79723.4 103647 99550.8 49122.2 55713.6 32972.9 11395.6 61287 22167.8 10640.4 48086.6 5584.49 6701.61 26984.2 32079 6662.2 51464.2 11719.6
internal_count=3063929 1596621 1495906 1467308 1216918 278988 1218298 100715 249010 507561 260943 606539 709357 500298 488750 611759 547018 249529 142850 582182 286546 130632 170845 18045 28553 216810 116460 106160 317905 72162
is_linear=0
shrinkage=0.03


Tree=6
num_leaves=31
num_cat=0
split_feature=16 16 74 72 9 5 9 5 13 19 16 65 65 36 19 74 74 13 13 14 66 27 58 17 64 66 66 17 72 9
split_gain=22651.1 7782.89 3704.15 2558.14 2361.15 1667.13 1475.14 1183.49 1099.66 930.8 706.267 565.493 834.157 552.498 433.718 427.343 422.939 380.748 373.899 349.561 326.562 320.923 301.636 283.41 257.153 255.107 248.638 225.212 220.519 215.187
threshold=1.0000000180025095e-35 0.50316895544528972 0.19941495358943942 0.024863399565219883 0.17917595058679583 1.1084876060485842 0.34011973440647131 0.94754627346992504 0.22396993637084964 0.39170669019222265 0.22396993637084964 0.025088024325668815 -0.015913497656583783 0.63257101178169262 0.51129707694053661 0.080945663154125228 0.49850925803184515 0.50316895544528972 0.53458327054977428 0.37446653842926031 0.009677627123892309 1.0000000180025095e-35 0.42514967918396002 0.22396993637084964 -0.93885669112205494 -0.46291837096214289 -0.039005111902952187 0.68507987260818493 0.016791875474154953 0.82380083203315746
decision_type=2 2 2 2 2 2 2 2 2 2 2 2 2 2 2 2 2 2 2 2 2 2 2 2 2 2 2 2 2 2
left_child=2 3 7 6 9 11 10 19 23 22 -2 12 -4 29 17 -9 -7 20 -10 24 26 -14 -3 -5 -1 -17 -12 -25 -15 -6
right_child=1 4 5 8 13 16 -8 15 18 -11 14 -13 21 28 -16 25 -18 -19 -20 -21 -22 -23 -24 27 -26 -27 -28 -29 -30 -31
leaf_value=-0.0020854208790764667 0.0018251852282979433 0.012492805682840615 -0.0093234077854729668 -0.0079581635791504002 0.03272534504465572 -0.026376674948562953 0.021476375762012868 -0.0082911978386586965 0.0032055116127179127 0.019575267687420551 0.0040253474035116628 -0.0065080661257130058 -0.028246097486893652 0.025446104363520936 0.014129551595473695 -0.0062233514634110797 -0.040787275682706119 0.017637456997425662 0.015132065547285051 8.3967097268932567e-06 -0.00083022036911460737 -0.014405567648711743 0.0049575319016973238 -0.001849931775702955 -0.0074333950521537368 -0.015624593839142251 0.0081062227504546079 -0.011562324612395902 0.0079746798179378374 0.046087400331002532
leaf_weight=11317.622057390749 38997.001879577525 10734.827661352465 5676.8756030661752 9174.8428807895398 3912.0009226971306 7261.3093214647088 5158.458337620832 21012.970659218787 19996.283621862996 12754.616098234779 23404.927578876959 5355.1782643809274 5595.6219255994365 3059.1910286094062 6680.4006453086622 3031.1290374117671 2481.0201897250954 2469.6067700777203 2680.2572685778141 11591.361702439492 6316.8794404090731 2085.076096378325 8637.7631294281455 51626.943870859628 28445.981470010971 18550.602864799555 31612.118357172003 2238.504156695446 832.38126869662665 1557.7318754978478
leaf_count=106967 155835 80191 78924 87096 13793 127338 14426 221630 132653 79213 114708 72200 77690 11672 24096 39605 43428 5560 8678 112263 39256 25413 75744 562152 299165 262685 150709 33006 5699 2134
internal_value=0 0.00532226 -0.0105154 0.00287309 0.0171483 -0.0199978 0.00580424 -0.00764269 -0.00104711 0.0132819 0.00506501 -0.0147525 -0.0180545 0.0304057 0.00685725 -0.0113398 -0.0300622 0.00609491 0.00461779 -0.0045755 0.00562896 -0.0244989 0.00913496 -0.0030851 -0.00591172 -0.0143058 0.00637067 -0.00225446 0.0217223 0.0365625
internal_weight=364249 241845 122405 200356 41488.5 28455.1 114639 93949.7 85716.8 32127.2 109481 18712.8 13357.6 9361.31 70483.9 42594.7 9742.33 63803.5 22676.5 51355 61333.9 7680.7 19372.6 63040.3 39763.6 21581.7 55017 53865.4 3891.57 5469.73
internal_count=3063929 1596621 1467308 1328175 268446 424993 504590 1042315 823585 235148 490164 254227 182027 33298 334329 523920 170766 310233 141331 518395 304673 103103 155935 682254 406132 302290 265417 595158 17371 15927
is_linear=0
shrinkage=0.03


Tree=7
num_leaves=31
num_cat=0
split_feature=16 73 16 18 25 72 5 73 5 13 18 5 18 4 69 25 6 31 65 65 18 72 15 71 13 66 16 15 72 7
split_gain=20740.5 7636.21 3788.03 3669.28 1409.11 1255.91 1246.3 1244.48 978.108 835.551 603.077 593.294 555.349 529.45 481.653 456.107 416.344 392.312 390.061 536.498 380.178 355.402 325.713 313.181 309.652 306.172 303 264.646 260.287 254.582
threshold=1.0000000180025095e-35 0.025321914814412597 0.42514967918396002 1.0000000180025095e-35 0.58756005764007579 0.024863399565219883 0.94754627346992504 0.012415385339409115 1.1620228886604311 0.31061333417892462 0.70072525739669811 0.20707555115222934 0.70072525739669811 0.20707555115222934 -0.50685647130012501 0.22396993637084964 0.2937582284212113 1.0000000180025095e-35 0.0068744230084121236 -0.015913497656583783 0.70072525739669811 0.2520140558481217 0.46720869839191442 0.018419012427330021 0.53458327054977428 -0.029721639119088646 0.53458327054977428 0.50316895544528972 0.060529105365276344 0.37824505567550665
decision_type=2 2 2 2 2 2 2 2 2 2 2 2 2 2 2 2 2 2 2 2 2 2 2 2 2 2 2 2 2 2
left_child=3 7 5 8 12 15 10 -2 18 20 13 -6 26 -5 -8 23 17 -17 19 -1 -7 -10 -14 -3 -13 -16 -4 -9 -15 -30
right_child=1 2 4 6 11 9 14 27 21 -11 -12 24 22 28 25 16 -18 -19 -20 -21 -22 -23 -24 -25 -26 -27 -28 -29 29 -31
leaf_value=-0.012835012810342706 0.035001897252080416 0.0029462512395534947 0.0091192099712223383 -0.0086628530638763329 0.02710427016621908 -0.0017736096121416078 -0.0090295273535821643 0.016302449411305299 -0.014021952292065383 0.00603031026258238 -0.017252197683647445 0.0073747487353139022 0.0038158913158422392 0.0044889884942611565 -0.01109890420146257 0.0073037567052231123 0.0031625872619933473 0.018103540543650969 -0.0099256096244504412 -0.029496073298620282 -0.0078885266336826843 -0.035660423398007429 0.018077123399947121 -0.0040815807142783106 0.021219536578685014 -0.018575766566841651 0.017012753302183294 0.029109157276120942 -0.0047304710470875786 0.0015956778881891058
leaf_weight=3202.4829850117094 6200.8480214359006 51190.632075179368 14019.780221878318 17297.293206958806 5376.7465084437281 53267.827487950795 25026.667115151118 9580.476415220066 793.84836713282857 11267.843518356094 3466.5113876179093 3390.0176453583408 21328.232395232131 4473.4036970721791 8865.127985915693 11920.419212359469 15612.47611329332 4060.8283782522194 3747.8925285057339 3834.4385049713383 11046.60022116336 5268.0033064997624 1542.5310307827312 6418.7826816212619 2552.8151467146818 11189.170609297755 6379.9891808039974 1720.2495478943456 24252.863272303715 7490.5325591574656
leaf_count=42944 28553 231126 83771 162396 12799 524877 325213 60985 6841 60183 59521 20511 192693 29805 122922 31508 71500 7801 49444 50462 160934 99319 10783 39604 7449 163624 40367 11177 270366 84451
internal_value=0 0.00513192 0.00361026 -0.0102231 0.0104591 0.00134115 -0.00808136 0.0241999 -0.0231932 -0.00150403 -0.00513193 0.0198819 0.00799239 -0.00434549 -0.0118084 0.00375189 0.00664853 0.0100521 -0.0177613 -0.0219259 -0.0028244 -0.0328385 0.00478094 0.00216291 0.013333 -0.0152737 0.011591 0.018262 -0.00228265 -0.00323753
internal_weight=355785 236877 219376 118908 54590.1 164785 102062 17501.6 16846.7 75582.3 56980.6 11319.6 43270.5 53514.1 45081 89203.1 31593.7 15981.2 10784.8 7036.92 64314.4 6061.85 22870.8 57609.4 5942.83 20054.3 20399.8 11300.7 36216.8 31743.4
internal_count=3063929 1596621 1495906 1467308 368373 1127533 1218298 100715 249010 745994 606539 40759 327614 547018 611759 381539 110809 39309 142850 93406 685811 106160 203476 270730 27960 286546 124138 72162 384622 354817
is_linear=0
shrinkage=0.03


Tree=8
num_leaves=31
num_cat=0
split_feature=74 15 17 16 5 16 14 75 74 13 75 7 7 26 8 7 24 27 7 18 5 72 17 18 17 7 70 70 70 18
split_gain=19402.1 6409.51 4517.58 1829.99 1509.42 1482.41 1150.15 1048.42 1030.06 835.942 620.961 559.778 534.422 526.117 525.42 483.137 470.37 424.261 405.879 394.891 364.809 343.355 341.013 287.42 351.578 267.33 249.474 251.049 248.427 247.203
threshold=0.033953232690691955 0.31061333417892462 1.0000000180025095e-35 0.22396993637084964 1.0888435840606692 0.53458327054977428 0.37446653842926031 0.021746934391558174 0.26560337841510778 0.50316895544528972 0.016084345057606701 -0.57484117150306691 -0.4054999947547912 0.22396993637084964 1.0000000180025095e-35 -0.21457178145647046 0.31061333417892462 0.83116993308067333 0.27237541973590856 0.70072525739669811 0.14931328594684604 0.1770802512764931 0.22396993637084964 0.70072525739669811 0.50316895544528972 -0.4054999947547912 0.015329721849411728 -0.0026695764390751715 0.00088366586714982997 0.56247621774673473
decision_type=2 2 2 2 2 2 2 2 2 2 2 2 2 2 2 2 2 2 2 2 2 2 2 2 2 2 2 2 2 2
left_child=1 3 4 13 11 20 19 -5 29 14 -7 -2 -13 21 23 -12 -16 -17 26 22 -3 -1 25 24 -9 -4 27 -14 -29 -6
right_child=2 5 6 7 8 10 -8 9 -10 -11 15 12 18 -15 16 17 -18 -19 -20 -21 -22 -23 -24 -25 -26 -27 -28 28 -30 -31
leaf_value=-0.0015539308412731267 -0.034408156787237423 0.017065947362883718 -0.0022423013178566073 0.023937818440363832 -0.016103699752519737 0.036645812676703554 0.0012930813016381838 0.0029527194118775905 -0.033098209355699737 0.01835772028455154 0.039368305995156429 -0.0025591403202750982 -0.012410188774279584 0.0028615278487116461 0.0071344027576186152 0.017278261398605273 0.019635635494519445 0.031370027613781354 -0.0070689783554243628 -0.012512491459989986 0.0078075087288456317 -0.011184137929901371 -0.0041330489626904155 0.0012557514875027559 0.0078614705480546995 -0.010471091079394323 -0.0074219995455909026 -0.025134676869176576 -0.014888083579522001 -0.029815856267982641
leaf_weight=39261.681330866937 980.63532373658381 5848.904771482572 4466.4898047489114 2843.5646160899196 9697.0592759814463 2680.5261226826115 21372.411711944034 29625.044194911607 6186.1185349200532 4330.1193662942387 1192.5158435665071 5088.0549294625525 5700.9716404830979 28958.253425103147 12544.101669556228 12307.005391078419 3455.4861180307344 2286.762406996917 6812.1630535284348 9017.5264534159796 11137.034998279822 3637.6175923547707 39754.47096214816 25498.656822279445 23600.784939816222 17449.834929956996 2740.3361553477298 4771.5347625924769 3897.8073680085945 1353.4966872178484
leaf_count=222850 17228 16902 51232 20182 140370 13896 195124 166696 128452 11661 4570 79975 73150 146596 36622 79077 8598 6384 110754 161807 64105 26694 494743 245310 162297 205609 33681 62452 51889 25023
internal_value=0 0.0057758 -0.00867501 0.00340365 -0.0162179 0.0174 -0.00480486 0.00598898 -0.0232931 0.00547273 0.0232837 -0.0121489 -0.0113917 -0.000262563 0.00488292 0.0210058 0.00983885 0.0194947 -0.0132693 -0.00664858 0.0109991 -0.00237159 -0.00579033 0.0038752 0.00512981 -0.00879501 -0.0157353 -0.0173177 -0.0205372 -0.0177938
internal_weight=348497 209208 139289 173755 47228.2 35452.7 92060.7 101898 17236.7 99054.2 18466.8 29991.5 29010.9 71857.6 94724.1 15786.3 15999.6 14593.8 23922.8 70688.3 16985.9 42899.3 61670.8 78724.5 53225.8 21916.3 17110.6 14370.3 8669.34 11050.6
internal_count=3063929 1232440 1831489 1047506 722974 184934 1108515 651366 293845 631184 103927 429129 411901 396140 619523 90031 45220 85461 331926 913391 81007 249544 751584 574303 328993 256841 221172 187491 114341 165393
is_linear=0
shrinkage=0.03


Tree=9
num_leaves=31
num_cat=0
split_feature=74 75 17 20 9 18 26 13 75 5 19 3 13 9 4 24 75 3 5 3 65 65 26 7 74 7 74 4 74 7
split_gain=17643.1 4835.21 4128.57 3188.55 1973.09 1462.99 1026.91 948.407 784.846 734.549 715.607 640.225 802.9 604.949 513.612 512.874 500.244 390.314 353.46 349.16 337.191 395.125 316.794 280.321 278.73 266.758 262.904 252.772 237.132 226.836
threshold=0.033953232690691955 0.023934200406074527 1.0000000180025095e-35 0.3354459702968598 0.2484906688332558 1.0000000180025095e-35 0.31061333417892462 0.56247621774673473 0.28211888670921331 1.1620228886604311 0.51129707694053661 0.049702063202857978 0.42514967918396002 0.40253517031669622 0.14931328594684604 0.46720869839191442 0.011792182456701996 0.025666924193501476 0.79009422659873974 0.02989230211824179 0.0068744230084121236 -0.015913497656583783 0.31061333417892462 -0.3992552757263183 0.049849977716803558 -0.4054999947547912 0.20262710750103 0.20707555115222934 0.32435926795005804 -0.56683048605918873
decision_type=2 2 2 2 2 2 2 2 2 2 2 2 2 2 2 2 2 2 2 2 2 2 2 2 2 2 2 2 2 2
left_child=1 16 5 11 7 9 24 10 26 20 17 13 14 -3 -13 19 -1 -5 -8 -6 21 -2 23 29 -4 -26 -7 -19 -11 -10
right_child=2 3 6 4 15 8 18 -9 22 28 -12 12 -14 -15 -16 -17 -18 27 -20 -21 -22 -23 -24 -25 25 -27 -28 -29 -30 -31
leaf_value=0.037583923648484577 -0.013927051373755781 0.0033348788201401089 -0.0038400755905605511 0.0087085956116835159 0.02172671802894063 -0.017521692987579201 0.00094254040901400394 0.022624940072422533 -0.029187104590433503 -0.024211329509592538 0.012799230681146844 -0.006201431235990938 0.013271669330378004 0.024087979999083277 -1.8075206673459209e-05 0.029819123191902601 0.022162270383911751 0.00012749500129179223 -0.0052862141562552874 0.0058851769313097088 -0.010412886668512294 -0.030112388303061892 -0.0030904342532612522 -0.013561183440099531 -0.0029064825691798909 -0.0099001321957695974 -0.033534921301765067 0.0050506458501512223 -0.037630864268705794 -0.0025341306952225851
leaf_weight=2646.9277437606652 2466.2836860663374 36233.800737949205 13998.626093955827 19814.935899571166 3205.0682256799191 8968.4434791966924 26708.210353545845 3397.6127908099443 306.64910710882396 1897.250019048035 13307.884642525576 16241.483230461366 3440.6010521110147 1306.0888732085004 47271.931820309139 3992.1662683859468 6777.0800367113552 12991.788128042885 11826.606206845609 2061.3379179015756 3027.4564749798737 3053.0702144343668 5888.3690542858676 11951.584459324426 5823.8742593119387 31434.994289251161 1032.4962188112549 33835.129615970596 3328.5603109922959 3864.2516383186739
leaf_count=14219 40502 170883 175685 107393 11455 139050 265707 9206 5957 32990 63417 102913 10446 3294 315739 9349 49695 104664 164933 11874 46512 48020 79708 179909 71047 431143 16284 247893 70387 63655
internal_value=0 0.00551997 -0.00840848 0.0045159 0.00856901 -0.0157396 -0.0046698 0.00710873 -0.0122191 -0.0239161 0.00644819 0.000923673 -0.000834615 0.00405953 -0.00159963 0.0217055 0.0265083 0.00517917 -0.000969342 0.0155362 -0.0184818 -0.0228962 -0.00904957 -0.0112244 -0.00745138 -0.00880752 -0.0191881 0.00368498 -0.032782 -0.00452085
internal_weight=342101 206524 135577 197100 92605.9 45784.4 89792.3 83347.4 32011.8 13772.6 79949.7 104494 66954 37539.9 63513.4 9258.57 9424.01 66641.9 38534.8 5266.41 8546.81 5519.35 22010.9 16122.5 51257.5 37258.9 10000.9 46826.9 5225.81 4170.9
internal_count=3063929 1232440 1831489 1168526 565251 722974 1108515 532573 484563 238411 523367 603275 429098 174177 418652 32678 63914 459950 430640 23329 135034 88522 329229 249521 677875 502190 155334 352557 103377 69612
is_linear=0
shrinkage=0.03


Tree=10
num_leaves=31
num_cat=0
split_feature=16 17 73 15 74 74 13 16 3 26 5 5 73 73 75 66 66 74 25 3 5 25 36 26 4 15 69 22 5 36
split_gain=17015.7 5645.8 4698.58 2154.02 1487.34 1338.77 883.979 748.61 730.188 641.083 630.644 618.289 439.481 439.213 387.566 305.428 302.141 282.972 260.419 256.723 234.299 233.425 233.269 228.757 223.135 212.157 211.852 208.871 202.026 191.499
threshold=0.22396993637084964 1.0000000180025095e-35 0.019819206558167938 0.31061333417892462 0.33297042548656469 0.025306520052254203 0.50316895544528972 0.53458327054977428 0.031939454376697547 0.22396993637084964 1.0888435840606692 1.1721775531768801 0.012415385339409115 0.034388998523354537 0.28466124832630163 1.0000000180025095e-35 -0.024985798634588715 0.17726073414087298 0.66838845610618602 0.16590004414319995 0.8696076273918153 0.37446653842926031 0.20707555115222934 0.37446653842926031 1.0016734004020693 0.58756005764007579 -0.58921131491661061 1.2064728736877444 0.14931328594684604 0.72717973589897167
decision_type=2 2 2 2 2 2 2 2 2 2 2 2 2 2 2 2 2 2 2 2 2 2 2 2 2 2 2 2 2 2
left_child=1 4 12 6 10 13 8 28 15 -7 14 20 -2 -3 17 21 27 -1 25 -15 -6 -4 -16 -21 -11 -9 -12 -10 -5 -20
right_child=2 5 3 7 11 9 -8 18 16 24 26 -13 -14 19 22 -17 -18 -19 29 23 -22 -23 -24 -25 -26 -27 -28 -29 -30 -31
leaf_value=-0.012522071961804273 0.033146211335238485 0.014709572397059053 0.0073369184164954306 0.014097821722512852 -0.011736689290153028 -0.0082046268910638629 0.016764240861969489 0.014920630206364725 0.0030914030364910224 -0.0030562327192568072 -0.013980162738979467 -0.036279281820275781 0.020572023880001313 0.0016284727806702927 -0.010776669276905564 0.0012910774892158283 -0.00084280426552674952 -0.027080593197204489 0.032923851104064615 -0.0044497872790596246 -0.024378699041874705 0.014472087886234074 -0.0041014641400771695 0.0022454414329942237 0.013205108738053556 0.032136554078837705 -0.0216077896510635 0.022666638296372027 0.0067023068885279811 0.018787695413184195
leaf_weight=7100.5272704074741 5345.7036673389375 1887.2048302338808 22834.861162643821 4903.1193150575273 2069.0215290432679 39318.647665829456 4834.8479800391942 8327.965065377648 50076.446651743143 36686.980138972984 6806.4814486902033 3234.4292856828833 4767.0860956288525 34651.433677785797 9050.8636441514245 6251.3994031769689 23336.984292006295 1449.2426162832999 1762.4697335627861 15771.822646788787 3709.7871250652242 5043.4670100547373 9846.0913773979992 6475.3405442235526 771.51725525129586 698.98858781298622 6403.3108874929603 491.62241293210536 10375.762874931097 1738.0607647090219
leaf_count=93977 26900 11787 113595 14089 32709 515126 14837 57716 410955 433907 101011 70973 34557 170084 122800 53511 230609 23189 4441 93872 70506 16953 123979 34567 3490 4540 108857 707 61788 7897
internal_value=0 -0.00609093 0.00748222 0.00606186 -0.0147432 -0.0029204 0.00421896 0.0135406 0.00365688 -0.005529 -0.0122965 -0.0257689 0.0272298 0.000486626 -0.00970148 0.00728603 0.00198056 -0.0150019 0.0189771 1.38017e-05 -0.0198644 0.00862979 -0.00730045 -0.00250079 -0.00271981 0.0162679 -0.0176833 0.00328358 0.00907895 0.0259358
internal_weight=336021 185233 150789 140676 49669.8 135563 112870 27806.4 108035 76777.1 40656.5 9013.24 10112.8 58785.8 27446.7 34129.7 73905.1 8549.77 12527.5 56898.6 5778.81 27878.3 18897 22247.2 37458.5 9026.95 13209.8 50568.1 15278.9 3500.53
internal_count=3063929 2010834 1053095 991638 748001 1262833 841167 150471 826330 952523 573813 174188 61457 310310 363945 184059 642271 117166 74594 298523 103215 130548 246779 128439 437397 62256 209868 411662 75877 12338
is_linear=0
shrinkage=0.03


Tree=11
num_leaves=31
num_cat=0
split_feature=16 74 73 16 26 72 22 13 14 73 9 25 72 73 7 74 26 18 73 6 19 18 6 7 9 7 3 6 59 14
split_gain=15981.5 4595 4423.55 1819.71 1713.43 1281.43 997.433 857.733 842.051 799.434 766.516 730.165 555.966 425.28 402.287 387.932 359.249 349.793 298.626 285.197 271.286 269.848 254.341 305.68 235.267 232.93 232.434 225.982 223.054 215.633
threshold=0.22396993637084964 0.14829488098621371 0.025321914814412597 0.53458327054977428 0.22396993637084964 0.05399464629590512 1.0000000180025095e-35 0.42514967918396002 0.22396993637084964 0.012415385339409115 0.48828019201755529 0.53458327054977428 0.024863399565219883 0.034388998523354537 -0.3992552757263183 0.49850925803184515 0.22396993637084964 0.70072525739669811 0.34703943133354193 0.48132444918155676 0.41415111720561987 0.70072525739669811 0.3808619230985642 0.26190848648548132 0.42766661942005163 0.66874989867210399 0.048794252797961242 0.20000749826431277 1.0000000180025095e-35 0.81924167275428783
decision_type=2 2 2 2 2 2 2 2 2 2 2 2 2 2 2 2 2 2 2 2 2 2 2 2 2 2 2 2 2 2
left_child=1 5 9 7 6 13 15 10 17 -2 12 21 20 -1 27 28 26 -7 -6 -10 -4 -5 -20 -24 -13 -16 -15 -8 -3 -9
right_child=2 4 3 11 18 8 14 29 19 -11 -12 24 -14 16 25 -17 -18 -19 22 -21 -22 -23 23 -25 -26 -27 -28 -29 -30 -31
leaf_value=0.013760832202571497 0.03249216183827984 -0.025108925185493191 0.0038504019887315335 0.015456569034070092 -0.012701829750331442 -0.0075312787702455043 -0.0028299416832149619 0.0092600685005725294 -0.0015498089179187375 0.017771629149482923 0.022940949525794709 0.019575658510753401 0.00020170112805336908 0.00039630589848282282 -0.018468275153074063 -0.035528570975019456 0.0024091002896700119 -0.016787840453082629 -0.0060069030216253127 -0.019858944049746443 0.0092946469882968837 0.0073668732533007921 -0.008775787607972433 0.016700935450904827 0.034442362806031523 -0.00092202438845783634 -0.0045334942667201571 -0.02499529907135906 -0.011595971734051634 0.018610362435086552
leaf_weight=1931.2457374205987 5171.2685467213159 6736.2863026997366 50556.369952497422 5836.8702396218432 5109.0410886875907 46101.676254916849 3160.0679800239013 6324.0069301994517 30672.141493308533 9343.5985687932698 1745.6587427230552 4328.3188186159823 40695.683445395785 14994.751920263108 10106.010889051249 3030.5685008886503 22669.609090406215 3993.0696031524567 8138.4511905926047 781.39632686506957 9843.1434575696476 10232.996162721422 701.15889026247896 1059.6217372098472 1243.2632085001096 731.14157035248354 20196.835038520745 472.77508658077568 1327.690416857542 3435.3735049236566
leaf_count=11960 26900 115648 273802 39173 71575 583525 49218 24227 331046 67531 5118 19579 441657 67853 168978 62583 126232 77784 104649 14044 43328 99328 11644 10904 2905 12287 159781 8713 22410 9547
internal_value=0 -0.00596394 0.00729323 0.00559168 -0.0148626 -0.00340914 -0.0195861 0.00406006 -0.00585501 0.023024 0.0032531 0.0135583 0.00291221 -7.30677e-05 -0.0143897 -0.0263554 -0.000535802 -0.00827049 -0.00681344 -0.00200727 0.00473827 0.0103086 -0.00377006 0.00655643 0.0229162 -0.0172857 -0.00243303 -0.00574008 -0.0228915 0.0125582
internal_weight=330670 181914 148757 134242 40572.8 141341 25564.5 112600 81548.3 14514.9 102841 21641.4 101095 59792.4 14470 11094.5 57861.2 50094.7 15008.3 31453.5 60399.5 16069.9 9899.23 1760.78 5571.58 10837.2 35191.6 3632.84 8063.98 9759.38
internal_count=3063929 2010834 1053095 958664 638609 1372225 439837 797679 1006399 94431 763905 160985 758787 365826 239196 200641 353866 661309 198772 345090 317130 138501 127197 22548 22484 181265 227634 57931 138058 33774
is_linear=0
shrinkage=0.03


Tree=12
num_leaves=31
num_cat=0
split_feature=16 17 16 9 5 9 72 72 72 14 19 75 14 7 18 13 19 14 4 6 9 22 7 75 5 6 26 6 6 18
split_gain=14844 5034.21 3624.79 1302.84 1258.93 1149.01 999.678 768.973 696.278 656.541 597.592 538.908 438.082 433.174 410.99 383.978 331.1 326.955 324.582 320.574 305.345 303.133 290.715 270.299 235.793 233.083 231.416 220.622 219.26 217.092
threshold=0.22396993637084964 1.0000000180025095e-35 0.53458327054977428 0.17917595058679583 1.0888435840606692 0.37376695871353155 0.043360829353332526 0.022881638258695606 0.26392978429794317 0.22396993637084964 0.3354459702968598 0.026082620024681095 0.50316895544528972 -0.57484117150306691 0.63123199343681347 0.50316895544528972 0.51129707694053661 0.37446653842926031 0.2834331095218659 0.22965335100889209 1.0000000180025095e-35 1.0000000180025095e-35 -0.21457178145647046 0.034738782793283469 0.14931328594684604 0.48132444918155676 0.22396993637084964 0.2937582284212113 0.014005722478032114 0.56247621774673473
decision_type=2 2 2 2 2 2 2 2 2 2 2 2 2 2 2 2 2 2 2 2 2 2 2 2 2 2 2 2 2 2
left_child=1 4 5 10 13 7 23 11 29 19 22 -2 -9 -1 17 16 27 20 -5 28 -15 -10 -4 -3 -7 -11 -25 -13 -8 -6
right_child=2 6 3 18 8 24 9 12 21 25 -12 15 -14 14 -16 -17 -18 -19 -20 -21 -22 -23 -24 26 -26 -27 -28 -29 -30 -31
leaf_value=-0.031131024627481893 0.01859799576967534 0.012843891429632544 0.02439303386250706 0.033710999806924054 -0.013290349804880048 0.024864546858627715 -0.011684220460337964 -0.000249822596347623 -0.030740893867784953 -0.0013192277896056353 0.017896022170941116 0.0062463297147306862 0.0070752285024504218 -0.0089701999578943661 -0.02244143394705549 0.016349345791990273 0.011819261361521945 -0.00022901877780170512 0.020469050824538326 -0.010325585484875699 -0.019367773579167899 -0.016488228123846704 0.0067095297469648802 -0.0015530882907924999 0.010264275480053585 -0.01761563179140558 0.0026591660258118142 0.0024309233548368528 -0.0041322931930476842 -0.02709486910386601
leaf_weight=894.2439128421247 3007.2427193211624 1556.9230736707686 906.89276650873944 3853.6358803806361 7764.5476057276828 2849.9096460891888 4026.0507940992829 37739.627013893914 5891.2519484789518 33739.60487099993 11249.691385963699 27668.723586405162 9120.4052513437346 21727.466575789033 2204.5308935040084 2856.2840967085212 5946.3194814496674 3372.8947620256804 2988.4160919825081 17796.654135744437 2880.7052917305264 1762.293202446308 10434.844006671512 28840.755852179485 1544.1071069985628 804.93591571832076 19788.859748371411 26924.493194657029 24597.495728427079 1184.5026418458438
leaf_count=17517 26439 11148 6332 11495 112672 7804 58670 423589 126441 350820 82362 123439 56869 301023 44358 7626 23743 44184 16317 317329 38367 38595 96334 168660 7720 14812 94820 163026 246574 24844
internal_value=0 -0.00580633 0.00705934 0.0164746 -0.0141537 0.00470347 -0.00277112 0.00411907 -0.0208237 -0.00483315 0.0129966 0.00619554 0.00117624 -0.0105882 -0.00997547 0.00560601 0.00509801 -0.00899009 0.0279433 -0.0071635 -0.0101905 -0.02747 0.00813201 0.00055553 0.0197489 -0.00170108 0.00016099 0.00436503 -0.00519615 -0.0151293
internal_weight=325924 178834 147091 29433.5 47682.4 117657 131151 113263 16602.6 80964.7 22591.4 66403.1 46860 31079.8 30185.6 63395.8 60539.5 27981.1 6842.05 46420.2 24608.2 7653.55 11341.7 50186.5 4394.02 34544.5 48629.6 54593.2 28623.5 8949.05
internal_count=3063929 2010834 1053095 212840 748001 840255 1262833 824731 302552 988205 185028 344273 480458 445449 427932 317834 310208 383574 27812 622573 339390 165036 102666 274628 15524 365632 263480 286465 305244 137516
is_linear=0
shrinkage=0.03


Tree=13
num_leaves=31
num_cat=0
split_feature=16 17 73 15 74 74 13 5 16 14 6 18 28 73 5 7 73 74 6 74 32 27 6 6 17 70 6 26 7 6
split_gain=13856.4 4664.2 4010.83 2017.54 1237.9 1086.24 706.028 655.24 603.296 571.887 531.646 425.126 379.969 371.981 362.458 348.437 345.765 292.502 284.082 264.492 263.265 238.027 210.124 207.497 203.937 194.975 189.927 186.643 183.595 181.243
threshold=0.22396993637084964 1.0000000180025095e-35 0.019819206558167938 0.31061333417892462 0.37473751604557043 0.025306520052254203 0.53458327054977428 1.0888435840606692 0.53458327054977428 0.22396993637084964 0.2937582284212113 0.63123199343681347 1.0000000180025095e-35 1.0000000180025095e-35 1.1721775531768801 0.0095833335071802157 0.028616840951144699 0.022883728146553043 0.22965335100889209 0.25977967679500585 1.0000000180025095e-35 0.91516658663749706 0.48132444918155676 0.014005722478032114 0.50316895544528972 0.022338556125760082 0.28611345589160925 0.61035025119781505 0.21740452945232394 0.21661805361509326
decision_type=2 2 2 2 2 2 2 2 2 2 2 2 2 2 2 2 2 2 2 2 2 2 2 2 2 2 2 2 2 2
left_child=1 4 13 6 7 16 10 11 26 18 12 20 -4 -2 25 -10 -3 24 23 -9 -1 -17 -11 -7 -12 -6 -5 -14 -20 -18
right_child=2 5 3 8 14 9 -8 19 15 22 17 -13 27 -15 -16 21 29 -19 28 -21 -22 -23 -24 -25 -26 -27 -28 -29 -30 -31
leaf_value=-0.011696787535461349 0.039315554203178393 0.015554419196985702 0.0036458505035375757 0.0140545389529242 -0.023583595362709531 -0.012088294134422624 0.016470745970667489 -0.015459052274913378 0.035575151789218516 -0.0015703631979509102 9.7380403466686824e-05 -0.021777494129542017 0.0077427698026013569 0.023054947685418988 -0.0347604641622676 0.015031333926747536 0.0013616530646352761 -0.001763901112815443 -0.015759433238366628 -0.027043642405484472 -0.0054368190358641318 0.030184079958431535 -0.017921909691634735 -0.0043452040451198463 0.0046590195714884888 -0.0072705872663064658 0.0065713268193087144 0.016148447262220821 -0.0085565575744202382 -0.0022213941683236382
leaf_weight=10369.39138213855 1514.8024489935488 1321.2489997983794 33192.27860139322 4391.3197793089785 3239.4816220774228 3607.0846981432405 3779.2007352490909 10727.913821848284 931.86101283505559 29439.532799128676 14758.673079982866 2207.2119562507287 14203.556371413986 8016.5870154429576 2532.6553756971261 9970.1311437203549 34601.847545016324 18967.804181342712 4284.0201045114081 2135.5928221363574 14539.625064483494 1031.826246912824 720.83225021488033 22805.219963963144 21926.935409104801 834.48621393933718 10062.864214381669 2859.7398324673995 12530.209707666421 20072.988653279957
leaf_count=141217 4002 8263 224092 17245 63530 56583 11510 170895 4021 328958 88542 46137 86305 57455 59316 67519 156292 247062 81106 55253 195127 3054 14381 237349 173723 16526 58632 9933 234146 145755
internal_value=0 -0.00566465 0.0068458 0.00552757 -0.0138038 -0.00273365 0.00373554 -0.0118135 0.0129747 -0.00513468 0.00328046 -0.00916549 0.00551713 0.0256551 -0.0258332 0.0179675 0.000413137 0.00126039 -0.00734672 -0.0173905 -0.00804443 0.0164633 -0.00196364 -0.00540451 0.0028242 -0.0202537 0.00884837 0.00915525 -0.0103953 4.60462e-05
internal_weight=321577 175969 145608 136076 46586.4 129383 109688 39979.7 26388 73386.9 105909 27116.2 50255.6 9531.39 6606.62 11933.8 55996.1 55653.4 43226.5 12863.5 24909 11002 30160.4 26412.3 36685.6 4073.97 14454.2 17063.3 16814.2 54674.8
internal_count=3063929 2010834 1053095 991638 748001 1262833 841167 608629 150471 952523 829657 382481 320330 61457 139372 74594 310310 509327 609184 226148 336344 70573 343339 293932 262265 80056 75877 96238 315252 302047
is_linear=0
shrinkage=0.03


Tree=14
num_leaves=31
num_cat=0
split_feature=16 17 73 74 15 74 9 14 73 13 5 5 15 18 6 9 6 25 18 9 74 17 18 73 19 18 75 16 18 65
split_gain=12965.8 5513.94 2954.77 1528.63 1326.37 1160.28 859.669 642.642 594.942 549.661 521.592 492.558 361.309 331.865 311.61 303.113 286.619 287.224 280.211 272.865 241.803 237.012 234.391 234.102 229.9 222.025 217.015 204.01 220.446 197.812
threshold=0.31061333417892462 1.0000000180025095e-35 0.01753973122686148 0.024832602590322498 0.37446653842926031 0.33297042548656469 0.29957322776317602 0.31061333417892462 0.028616840951144699 0.53458327054977428 0.91924014687538158 1.1721775531768801 0.53458327054977428 0.70072525739669811 0.35040436685085302 0.17917595058679583 0.21661805361509326 0.22396993637084964 0.58756005764007579 0.2484906688332558 0.18557421863079074 0.22396993637084964 0.65050083398818981 0.37796886265277868 0.24964435398578647 0.31061333417892462 0.33978316187858587 0.58756005764007579 0.68507987260818493 0.025088024325668815
decision_type=2 2 2 2 2 2 2 2 2 2 2 2 2 2 2 2 2 2 2 2 2 2 2 2 2 2 2 2 2 2
left_child=1 5 15 8 6 10 9 13 -3 14 22 29 19 21 27 -2 17 23 20 -6 -12 -5 -1 25 -16 -10 -22 28 -4 -7
right_child=2 3 4 7 12 11 -8 -9 16 -11 18 -13 -14 -15 24 -17 -18 -19 -20 -21 26 -23 -24 -25 -26 -27 -28 -29 -30 -31
leaf_value=-0.0057647433013723447 0.021974572978771263 0.015624501095731803 0.007689133507237344 -0.0081623319743718004 0.011475823512052293 -0.021993297971560421 0.017752864573292986 -0.00055248511838131324 0.0071263523918271929 0.017153758438082214 -0.010591943931472877 -0.033783500090507235 0.025464631398910812 -0.012838781595429848 0.00081753910709322496 0.034459996775637512 -0.00144925693096339 0.0062583501753125962 -0.024845889652151575 0.023970599295127647 -0.027025818840445741 -0.0039898038545643551 -0.019735763014132671 -0.0045373709120232787 0.0057342234737271566 0.00068256317088225471 -0.014652790735200273 0.014516588034940077 0.0025296587441388657 -0.0090879197139248462
leaf_weight=13665.344085569777 4343.528945517377 2477.9655234729144 20572.500843781512 19203.655572592048 11035.866889603669 3721.4022990233861 5048.0783128240146 25265.235647966969 5965.1410653511994 3188.7349774434697 13063.380651045969 2863.7206201392692 2638.6869991837302 6191.5527396380785 24457.091331081348 2982.5224283873104 32867.779834349873 11762.220614186022 1998.5332194846997 1837.5646634725854 1636.1577965976903 33905.369688963823 1171.0550037923094 6015.3506596158259 13167.080879750138 24850.008430816233 5923.1916688813653 2624.2733100149781 11699.08628742327 1512.8324937500583
leaf_count=181374 35214 17156 112505 247897 69560 73682 20501 262410 20460 9218 178080 70973 16377 126000 252915 10872 228638 35860 44176 5872 30723 455744 25072 31030 97303 130862 114388 22669 106865 29533
internal_value=0 -0.00421642 0.00871228 -0.00171275 0.00731383 -0.0134761 0.00576989 -0.00455941 0.00115522 0.00496994 -0.0112476 -0.0237732 0.0153478 -0.00626635 0.00443323 0.0270742 0.000714275 0.00217776 -0.0141149 0.0132666 -0.0130702 -0.00549913 -0.00687282 0.000873925 0.00253874 0.00193085 -0.0173443 0.00647518 0.00581941 -0.0182739
internal_weight=317655 214060 103595 168504 96269 45555.6 80756.8 84565.8 83938.5 75708.8 37457.7 8097.96 15512.1 59300.6 72520 7326.05 81460.5 48592.7 22621.3 12873.4 20622.7 53109 14836.4 36830.5 37624.2 30815.1 7559.35 34895.9 32271.6 5234.23
internal_count=3063929 2304058 759871 1556057 713785 748001 621976 1092051 464006 601475 573813 174188 91809 829641 592257 46086 446850 218212 367367 75432 323191 703641 206446 182352 350218 151322 145111 242039 219370 103215
is_linear=0
shrinkage=0.03


Tree=15
num_leaves=31
num_cat=0
split_feature=16 16 18 73 73 9 26 15 13 72 26 72 72 73 13 9 24 13 6 6 15 73 70 18 72 6 73 4 6 71
split_gain=12145.2 4998.84 2403.7 1878.02 1164.38 943.015 797.499 660.987 650.349 658.955 456.077 434.47 415.648 406.641 375.405 347.751 303.473 291.339 285.799 264.414 251.708 230.856 224.958 217.815 198.912 190.664 187.146 180.582 169.632 167.339
threshold=1.0000000180025095e-35 0.42514967918396002 1.0000000180025095e-35 0.01521358545869589 0.028616840951144699 0.17917595058679583 0.22396993637084964 0.53458327054977428 0.37446653842926031 0.024863399565219883 1.0000000180025095e-35 0.18423765897750857 0.45738236606121069 0.34056109189987188 0.42514967918396002 0.42766661942005163 0.46720869839191442 1.0000000180025095e-35 0.30568799376487737 0.21661805361509326 0.22396993637084964 0.37796886265277868 -0.017148691229522225 0.70072525739669811 0.10094125941395761 0.2937582284212113 0.01521358545869589 0.20707555115222934 0.32422405481338507 0.015472103375941517
decision_type=2 2 2 2 2 2 2 2 2 2 2 2 2 2 2 2 2 2 2 2 2 2 2 2 2 2 2 2 2 2
left_child=2 4 10 -3 26 7 11 14 9 15 12 18 22 -13 20 19 -7 28 -4 21 -5 29 -1 24 -11 -10 -2 -26 -8 -6
right_child=1 3 6 5 8 16 17 -9 25 23 -12 13 -14 -15 -16 -17 -18 -19 -20 -21 -22 -23 -24 -25 27 -27 -28 -29 -30 -31
leaf_value=-0.0062513444642988492 0.023901346437821526 0.029252813495425606 -0.005538629941972341 0.0039670542311829723 0.0049048252611965416 0.014079160102620093 -0.0033665994742820941 0.023989585761111997 0.013045683580603104 0.00019851480695494682 -0.01331418644030348 -0.020137365449509802 -0.032388365392565309 -0.0098880835579011964 0.015676186416195368 0.016719954288709111 0.02556767788695212 -0.00029414601851202965 -0.011532958800179391 -0.00024602082855975206 0.008797711992855688 -0.0030401279496872248 -0.022064297964224405 -0.0061603361576540502 -0.0096144056938546937 0.0047692174836508582 0.011451553786752956 -0.0022883770272295301 -0.0092179554594665428 -0.0014973773851114777
leaf_weight=1025.3455633784761 1565.4603095217026 4934.7522048621322 27271.063888598175 18960.409873576689 32507.966363233863 4740.9684264869429 11039.627279039065 2268.3462321292609 4010.127940652892 31071.394975146279 5565.4428180888062 4972.91197200038 3462.7632776931569 11693.261228777905 4413.0926371639362 1431.3229033518583 3704.9500757558271 16988.463984913629 9715.4933579558419 31803.85964437644 19925.7356342079 4466.2455035438761 3933.3990882022772 9963.4434464132646 3689.321480539511 6692.5871473602019 3602.2994750066428 16858.593406434171 7489.5738573320414 4139.5147885244805
leaf_count=17131 11299 29569 304144 188826 124006 29027 123169 15635 12473 336202 82881 79770 77445 189754 16811 4652 10517 187037 193234 191459 149203 16601 71553 166180 38393 36062 25643 171829 141190 22234
internal_value=0 0.00412846 -0.00843427 0.0115425 0.00124914 0.00992237 -0.00661991 0.00821429 0.00075566 0.00019491 -0.0199958 -0.00892823 -0.0244024 -0.0129507 0.00738562 0.00209588 0.019129 -0.00313223 -0.0071144 0.00180786 0.00644311 0.00339664 -0.0188032 -0.00210005 -0.00131584 0.00787441 0.0152394 -0.00360558 -0.00573346 0.00418146
internal_weight=313908 210750 103157 58948.3 151802 54013.5 89170.4 45567.6 146634 135932 13987 53652.7 8421.51 16666.2 43299.2 74348.9 8445.92 35517.7 36986.6 72917.6 38886.1 41113.7 4958.74 61582.8 51619.3 10702.7 5167.76 20547.9 18529.2 36647.5
internal_count=3063929 1596621 1467308 439588 1157033 410019 1218298 370475 1120091 1071556 249010 766902 166129 269524 354840 358952 39544 451396 497378 354300 338029 162841 88684 712604 546424 48535 36942 210222 264359 146240
is_linear=0
shrinkage=0.03


Tree=16
num_leaves=31
num_cat=0
split_feature=16 17 73 16 74 74 25 5 73 5 26 18 72 18 5 73 25 74 17 18 32 7 7 7 18 72 72 36 26 73
split_gain=11588.4 3867.46 3546.97 1534.73 1025.29 828.675 744.546 579.998 550.834 483.658 450.25 337.151 314.067 310.47 306.507 289.941 272.815 229.876 229.537 291.058 228.6 225.336 223.881 278.407 189.001 182.237 180.078 175.458 165.798 159.985
threshold=0.22396993637084964 1.0000000180025095e-35 0.025321914814412597 0.46720869839191442 0.37473751604557043 0.025306520052254203 0.58756005764007579 1.0888435840606692 0.012415385339409115 0.2834331095218659 0.22396993637084964 0.63123199343681347 0.001907210855279118 0.70072525739669811 0.87494146823883068 0.034388998523354537 0.37446653842926031 0.25977967679500585 0.37446653842926031 0.70072525739669811 1.0000000180025095e-35 0.26190848648548132 0.37824505567550665 0.39143033325672155 0.70072525739669811 0.19787062704563144 0.024863399565219883 0.85349649190902721 0.37446653842926031 0.34056109189987188
decision_type=2 2 2 2 2 2 2 2 2 2 2 2 2 2 2 2 2 2 2 2 2 2 2 2 2 2 2 2 2 2
left_child=1 4 8 9 7 15 13 11 -2 16 24 20 -8 -5 -6 -3 -4 -9 -11 -20 -1 -18 27 -24 25 -7 -15 -12 -17 -27
right_child=2 5 3 6 14 10 12 17 -10 18 22 -13 -14 26 -16 28 21 -19 19 -21 -22 -23 23 -25 -26 29 -28 -29 -30 -31
leaf_value=-0.01104848996743522 0.029566155695749587 0.012042879297748886 0.0039349901347006788 0.0114348625455546 -0.011896914954196902 -0.0053074275950904014 0.023796043252791291 -0.014661050202456437 0.016660903775172872 -0.0020495894910788808 -0.0028289542781648799 -0.020202843783555365 0.011355927859529037 0.0072944498894681473 -0.027996531818420305 -0.0011350198410371339 0.013435656766056861 -0.025811331936338167 0.003716556180652818 -0.0011417657778522692 -0.0050697287937627794 0.0028277288321338621 0.0091967596807208136 -0.0018834947716409862 -0.014168795275852306 -0.019620268440742654 0.00053194050173493567 -0.01027192549183951 0.0028914379117915925 -0.008378191497245625
leaf_weight=9821.6425559600902 4614.8923522640252 1789.8025155709474 15042.718563940609 12391.900689376052 1386.679778843536 25968.925359914399 4283.7008398338221 10176.990552730509 8463.4125765473 13400.718621737557 22218.987565004965 2055.7489087894937 3208.0830309016164 11078.0092497195 4717.4140773789841 40610.903818070947 6572.9009468602017 1999.3994420249946 38952.293947241385 15515.441491299774 13939.516199040401 2487.5755885338876 2982.8805349232862 6439.7469535465352 3121.3259762529051 1469.125777423149 5213.2670156544482 3268.1236823752988 11896.695746148005 5112.4895594028058
leaf_count=141217 26900 11787 53397 84462 25686 351866 12766 170895 67531 99840 262489 46137 19093 93153 113686 234621 21708 55253 306358 188394 195127 9979 27752 91615 68864 21977 69514 55541 63902 72419
internal_value=0 -0.00530089 0.00634252 0.00482323 -0.0129382 -0.00260365 0.0100578 -0.0111022 0.0212227 0.00276392 -0.004747 -0.00855393 0.0184785 0.00785601 -0.0243501 0.000182573 0.00641419 -0.0165002 0.00146717 0.00233257 -0.00754267 0.0105263 -0.00232431 0.00162607 -0.00711728 -0.0064393 0.00513136 -0.00378498 -0.000222505 -0.0108987
internal_weight=310201 168976 141225 128147 44097.4 124879 36175 37993.3 13078.3 91971.6 70581.6 25816.9 7491.78 28683.2 6104.09 54297.4 24103.2 12176.4 67868.5 54467.7 23761.2 9060.48 34909.7 9422.63 35671.9 32550.5 16291.3 25487.1 52507.6 6581.62
internal_count=3063929 2010834 1053095 958664 748001 1262833 278988 608629 94431 679676 952523 382481 31859 247129 139372 310310 85084 226148 594592 494752 336344 31687 437397 119367 515126 446262 162667 318030 298523 94396
is_linear=0
shrinkage=0.03


Tree=17
num_leaves=31
num_cat=0
split_feature=16 17 73 15 15 5 16 73 26 22 7 7 9 13 9 7 64 7 6 6 27 13 52 60 6 39 73 6 7 7
split_gain=10977.4 4620.21 2548.24 1148.96 1026.3 961.317 680.142 590.505 541.304 465.975 356.647 353.667 350.885 343.503 325.813 307.441 302.85 283.789 284.542 267.483 256.5 240.839 235.419 235.138 235.126 213.732 227.54 209.095 211.358 221.831
threshold=0.31061333417892462 1.0000000180025095e-35 0.019819206558167938 0.22396993637084964 1.0000000180025095e-35 1.0888435840606692 0.53458327054977428 0.038635572418570525 0.22396993637084964 1.0000000180025095e-35 -0.059700617566704743 -0.57484117150306691 0.29957322776317602 0.50316895544528972 0.17917595058679583 -0.4054999947547912 -0.5291682481765746 0.27237541973590856 0.15391666442155841 0.21661805361509326 0.82181063294410717 0.37446653842926031 0.39170669019222265 -0.18768164515495298 0.35366602241992956 1.0000000180025095e-35 0.26579493284225469 0.30833633244037634 0.37428300082683569 0.39143033325672155
decision_type=2 2 2 2 2 2 2 2 2 2 2 2 2 2 2 2 2 2 2 2 2 2 2 2 2 2 2 2 2 2
left_child=1 5 14 13 8 11 12 -6 16 25 -8 -1 -5 24 -2 -13 -3 18 22 -9 -12 27 23 -17 -4 26 -7 -10 -29 -30
right_child=2 4 3 6 7 9 10 19 21 -11 20 15 -14 -15 -16 17 -18 -19 -20 -21 -22 -23 -24 -25 -26 -27 -28 28 29 -31
leaf_value=-0.028932655160954789 0.019670533691491528 -0.0033448036362302047 0.0051443802447635537 0.0065546832818618806 0.01506717327562895 -0.010690499640690567 0.032228472372003124 0.0030358560999755235 0.00017265781537809867 -0.01354450045216834 0.012657404530096955 -0.0019414548724171546 0.018859197837187744 0.015387736127966447 0.032218319579325465 -0.01784598073385707 -0.0077500867341400237 -0.0049107711276432106 -0.018088523133490839 -0.0012977303268319378 0.024803301311911854 0.0065258020544469979 0.0031774271438109337 -0.0079824783962847787 0.00096453009378904208 -0.013482160702690324 -0.028780275710952399 -0.0058755472321687695 0.0061755939249059479 -0.0040373426443987507
leaf_weight=810.61002395185642 5151.3237901865505 30745.253132911879 25505.953975462471 24839.303013448021 2825.2735036764061 717.50968870869838 1077.3806554442272 27139.65951650159 25976.230128006486 7447.414199107734 11699.148935531441 4781.5793694694294 2275.3509408691898 2156.0332533358596 2951.9846493473742 3197.381135136995 25878.713730493575 6345.0853817574098 5328.895712655838 24284.514568019658 1810.9209352734033 3455.8606193677988 1151.6913569783501 6842.138354453753 23072.25498682246 1381.8551781254355 5305.6129102856648 14838.128747370094 3270.0718775572022 4603.9910857256036
leaf_count=17517 44845 365644 192881 148920 19143 3186 5109 107305 209305 157676 90094 81818 7435 7172 11925 35521 339355 115855 115692 177887 6369 21913 10767 68279 245121 23852 117838 218154 30929 66422
internal_value=0 -0.00396081 0.00812821 0.00671336 -0.00164672 -0.0126699 0.0104024 0.00172364 -0.00332778 -0.0188571 0.0156261 -0.00943839 0.00759002 0.00368041 0.0242558 -0.00886255 -0.00535862 -0.0103091 -0.0123805 0.000989337 0.0142927 -0.00112213 -0.0096567 -0.0111301 0.00315949 -0.0241894 -0.0266346 -0.00166556 -0.00376781 0.000204466
internal_weight=306867 206327 100540 92436.3 163018 43309.8 41702.1 54249.4 108768 14852.4 14587.5 28457.4 27114.7 50734.2 8103.31 27646.8 56624 22865.2 16520.1 51424.2 13510.1 52144.3 11191.2 10039.5 48578.2 7404.98 6023.12 48688.4 22712.2 7874.06
internal_count=3063929 2304058 759871 703101 1556057 748001 257927 304335 1251722 302552 101572 445449 156355 445174 56770 427932 704999 346114 230259 285192 96463 546723 114567 103800 438002 144876 121024 524810 315505 97351
is_linear=0
shrinkage=0.03


Tree=18
num_leaves=31
num_cat=0
split_feature=16 17 73 16 74 74 9 5 13 3 73 14 9 15 3 14 4 5 6 74 18 18 73 18 14 24 7 9 20 7
split_gain=10444.6 3405 3183.45 1420.56 943.585 727.62 586.449 567.348 536.416 504.408 491.913 434.278 381.808 335.685 303.778 248.531 239.095 234.815 233.419 229.535 227.029 205.7 198.491 187.64 186.362 185.881 184.785 168.149 167.228 166.785
threshold=0.22396993637084964 1.0000000180025095e-35 0.025321914814412597 0.50316895544528972 0.41589276492595678 0.043343961238861091 0.2484906688332558 1.025986433029175 0.53458327054977428 0.025666924193501476 0.012415385339409115 0.22396993637084964 1.0000000180025095e-35 0.42514967918396002 0.196578323841095 0.46720869839191442 0.24964435398578647 1.2028460502624514 0.30568799376487737 0.25402575731277471 0.70072525739669811 0.70072525739669811 0.026942956261336807 0.56247621774673473 0.56247621774673473 0.50316895544528972 -0.4054999947547912 0.17917595058679583 1.133175849914551 0.2232090309262276
decision_type=2 2 2 2 2 2 2 2 2 2 2 2 2 2 2 2 2 2 2 2 2 2 2 2 2 2 2 2 2 2
left_child=1 4 10 8 7 14 13 16 9 12 27 26 -4 21 20 18 -1 -6 28 23 22 -5 -3 -9 -16 -8 -7 -2 -11 -28
right_child=2 5 3 6 17 11 25 19 -10 15 -12 -13 -14 -15 24 -17 -18 -19 -20 -21 -22 -23 -24 -25 -26 -27 29 -29 -30 -31
leaf_value=-0.011300483248861851 0.022394676374700471 0.014496585001495211 0.0038724513775094623 0.011090437707355677 -0.01998523533202538 -0.0018892447913988809 0.014940613702369002 -0.011965770130886488 0.013727539687131154 0.0019795176806010743 0.016080123654896444 -0.0020312238331903869 0.012113827168402699 0.015825731276711344 -0.0038055568982482274 0.0047171235913268271 -0.0049642778967203555 -0.034064283698004794 -0.0016204314262125428 -0.022131437823142662 -0.0067249594748334755 0.0045305236756615101 0.0014145368369442922 -0.023488519394445347 0.0077130840206880514 0.028948466888100256 -0.011433676865682319 0.034240274753539628 0.021423443180660817 -0.0065391328341136397
leaf_weight=9408.9557294359474 2137.6648612303543 1069.8240528243477 18039.914107809425 7132.1973406942561 2951.0693086649626 4878.0668930467582 1642.438175704563 11312.21393913278 4010.9670280702412 27411.460228612181 8204.6299387961626 25087.841938145633 7032.4873814587481 5142.734260017518 21702.704372953624 14573.982686233474 12485.013949249202 1698.1959621100686 27916.154396748054 3333.3762495503324 3044.7445879220613 10868.156310277496 37589.439507568371 1436.8449014206999 1338.4106559623033 1812.9117017397657 9563.093164131591 2272.4737790422514 400.06828051898628 18275.39637231041
leaf_count=123492 18244 7240 92294 49310 68050 67886 9540 182473 12367 211383 67531 304549 27466 34544 158502 90978 208251 43884 312617 87734 40920 112872 232909 34117 6720 4866 158963 8656 427 285144
internal_value=0 -0.00509558 0.00607265 0.00463352 -0.0123986 -0.00255504 0.0107909 -0.0108345 0.0029852 0.00253282 0.0204389 -0.00500139 0.00618579 0.00906636 -0.000370686 0.00122969 -0.00768904 -0.0251536 0.000317292 -0.0151134 0.00115665 0.00713186 0.00177814 -0.0132717 -0.00313504 0.0223164 -0.00727833 0.028525 0.00226242 -0.00822207
internal_weight=303773 165175 138598 125983 42625.7 122550 26598.4 37976.4 99385 95374.1 12614.8 57804.4 25072.4 23143.1 64745.1 70301.7 21894 4649.27 55727.7 16082.4 41704 18000.4 38659.3 12749.1 23041.1 3455.35 32716.6 4410.14 27811.5 27838.5
internal_count=3063929 2010834 1053095 958664 748001 1262833 211132 636067 747532 735165 94431 816542 119760 196726 446291 615405 331743 111934 524427 304324 281069 162182 240149 216590 165222 14406 511993 26900 211810 444107
is_linear=0
shrinkage=0.03


Tree=19
num_leaves=31
num_cat=0
split_feature=17 73 17 19 74 74 3 12 73 26 5 5 20 25 25 3 64 72 73 5 74 25 4 64 26 73 7 73 19 73
split_gain=9417.87 3695.93 2302.4 1863.59 886.801 711.561 639.219 573.715 473.305 465.701 424.219 403.197 399.576 350.879 240.418 235.758 219.534 217.308 197.694 177.97 172.713 170.645 168.194 166.739 165.491 164.392 163.812 146.465 144.239 139.256
threshold=0.31061333417892462 0.025321914814412597 1.0000000180025095e-35 0.20707555115222934 0.33297042548656469 0.031767975538969047 0.056658374145627029 0.37446653842926031 0.012415385339409115 0.22396993637084964 0.91924014687538158 1.1721775531768801 0.50335456430912029 0.37446653842926031 0.22396993637084964 0.015322975814342501 -0.64790844917297352 0.001907210855279118 0.13509077578783038 0.69952896237373363 0.17172410339117053 0.65050083398818981 0.20707555115222934 -0.51751914620399464 0.37446653842926031 0.032892329618334777 0.37824505567550665 0.38182531297206884 0.39170669019222265 0.46056361496448522
decision_type=2 2 2 2 2 2 2 2 2 2 2 2 2 2 2 2 2 2 2 2 2 2 2 2 2 2 2 2 2 2
left_child=2 8 4 5 10 13 18 12 -2 23 22 24 -5 25 -7 21 -12 -15 -4 -11 -18 -14 -1 -8 -6 -3 -21 -22 -10 -24
right_child=1 3 6 7 11 14 9 -9 28 19 16 -13 15 17 -16 -17 20 -19 -20 26 27 -23 29 -25 -26 -27 -28 -29 -30 -31
leaf_value=-0.010865879726391674 0.027840841133500743 0.0088048523655869949 0.006635766583034392 0.0045305262480868792 -0.019030606675601414 -0.0035713772598494108 -0.005632796237297396 0.018468259904642962 0.012378490848638086 -0.00022780569707569055 -0.0092399934735300383 -0.031358697502594401 0.012450626359540331 0.011650619797793728 0.0015263869982546918 0.0078628289207411661 -0.012371677249945062 0.0035799698988273395 -0.00042348954632250051 -0.0064679082779184847 -0.025085115703360882 0.025087163334592783 -0.0060379299592241359 -0.010164403363675819 -0.004044236220299484 0.0015042228108022356 0.0010010431700002169 -0.014912697381089099 0.020379360743956035 0.0021769799649435304
leaf_weight=4496.6585864063891 4398.894239078043 2912.1717855128227 5071.5736537184566 27821.947313738754 3921.6263180552996 29786.241385525529 17156.980252092471 4179.9361698199064 4961.3854449263308 16774.351641506073 8738.5841173031076 2533.9761675000191 5398.5293545799796 5782.1680060368963 11552.08037706092 14413.303290705662 6911.3811374730722 6256.8185849465663 12034.836911770748 11403.692092034733 2399.5463105732924 1175.3712135050446 6830.4958376568684 12767.076471207605 801.94899292202899 57950.400133838702 3437.1476224156795 2782.6844478737185 3474.4290135721385 2546.7820479535731
leaf_count=58110 27550 26212 26749 184178 87666 473330 182662 13354 41127 132597 151655 70973 26918 18489 133606 103702 107611 42992 51934 133460 49686 3713 113215 160271 15549 463189 41204 58415 28691 35121
internal_value=0 0.00434535 -0.00648731 0.00315435 -0.0121615 0.000997333 -0.00345918 0.00780417 0.0198572 -0.0048851 -0.0101648 -0.0216983 0.00688938 0.0027802 -0.00214668 0.0100148 -0.0128718 0.00745915 0.00167018 -0.00234545 -0.0154918 0.0147245 -0.00609722 -0.00756745 -0.0164928 0.00185418 -0.00473799 -0.0196394 0.0156824 -0.00380638
internal_weight=300673 180064 120609 167229 41963.7 114240 78645.7 52989.1 12834.7 61539.2 34706.1 7257.55 48809.2 72901.6 41338.3 20987.2 20832.2 12039 17106.4 31615.2 12093.6 6573.9 13873.9 29924.1 4723.58 60862.6 14840.8 5182.23 8435.81 9377.28
internal_count=3063929 1587051 1476878 1489683 748001 1157818 728877 331865 97368 650194 573813 174188 318511 550882 606936 134333 367367 61481 78683 307261 215712 30631 206446 342933 103215 489401 174664 108101 69818 148336
is_linear=0
shrinkage=0.03


Tree=20
num_leaves=31
num_cat=0
split_feature=16 17 73 74 24 18 14 11 73 15 18 14 74 73 3 14 18 6 14 16 17 7 7 72 6 7 6 17 7 6
split_gain=9563 3881.81 2173.45 1030.91 913.146 859.97 491.275 481.745 447.488 441.002 403.782 382.975 360.908 358.462 331.587 261.27 259.763 254.981 250.9 239.638 225.093 222.984 204.275 248.97 201.35 190.172 189.434 219.853 217.57 174.155
threshold=0.31061333417892462 1.0000000180025095e-35 0.023572044447064403 0.024832602590322498 0.37446653842926031 1.0000000180025095e-35 0.31061333417892462 1.0000000180025095e-35 0.028616840951144699 0.37446653842926031 0.56247621774673473 0.22396993637084964 0.49850925803184515 0.012415385339409115 0.16590004414319995 0.37446653842926031 0.70072525739669811 0.22965335100889209 0.42514967918396002 0.53458327054977428 0.50316895544528972 -0.3992552757263183 0.27237541973590856 0.18695982545614245 0.21661805361509326 0.21740452945232394 0.014005722478032114 0.37446653842926031 -0.4054999947547912 0.073806658387184157
decision_type=2 2 2 2 2 2 2 2 2 2 2 2 2 2 2 2 2 2 2 2 2 2 2 2 2 2 2 2 2 2
left_child=1 5 13 8 9 11 17 -6 -3 16 15 12 -1 -2 24 21 20 26 -16 -9 -4 -7 23 -23 -10 -19 -5 28 -28 -30
right_child=2 3 4 6 7 10 -8 19 14 -11 -12 -13 -14 -15 18 -17 -18 25 -20 -21 -22 22 -24 -25 -26 -27 27 -29 29 -31
leaf_value=-0.017606290088134916 0.027793357271617476 0.013953624294069517 0.0028540267701809442 -0.0096511986802439789 0.0053508208723696818 -0.0029352343045338631 -0.00044038636361290695 0.012971504462379978 0.0035340997210450815 0.01199794160975823 -0.01774467923697735 -0.0058521424212153155 -0.03072150095380485 0.016256115058429336 -0.0035886217440022467 0.002122221843302464 0.001519143273457551 -0.012604227496917505 0.0034972979624218006 0.022369852618421286 0.0074341239793788332 -0.0081818983277398942 -0.0055641677644305805 -0.01702528438492773 -0.00039573293684980751 -0.006382874719568955 0.00039609086603523749 0.0013237267657513264 -0.012580443689201979 -0.0047452595590444383
leaf_weight=8504.6067632938575 3991.2449039444327 2259.5554407091695 17169.183593753492 4367.830867109762 5625.5338083170354 4929.0844453161772 23981.534559850639 7256.0975236780941 28598.015559175285 6700.4272669224301 4106.7659742357209 1875.7958196171094 2441.0274662710872 6251.320055022632 22499.87061311584 2265.5021311651217 24986.072327342001 5924.6965083566029 5616.4880774999037 3705.6993890400045 22103.77006170596 5908.6251754231052 5777.4535237013188 5590.5454643006669 19892.115763106733 17526.942490101123 5635.8101164284162 7844.4635587610537 3320.2588145072805 11073.429963410133
leaf_count=154820 25014 17156 108039 72387 37288 92698 262410 24038 129950 52727 96623 30498 63692 52396 147303 30911 277756 119357 27768 13030 169583 65394 122799 90566 141829 330751 70601 95547 31611 109387
internal_value=0 -0.00376012 0.00768779 -0.00162389 0.00615731 -0.0119398 -0.00403064 0.012494 0.00080756 0.00467538 -0.0090412 -0.0183955 -0.0205417 0.0207614 0.000419041 -0.00757773 0.00391107 -0.00557637 -0.00217269 0.0161561 0.00543243 -0.00856776 -0.0101734 -0.0124861 0.00192197 -0.00795668 -0.00384411 -0.00293272 -0.0045999 -0.00655594
internal_weight=297730 199940 97789.3 158541 87546.8 41399.4 79675 16587.3 78866 70959.5 28578 12821.4 10945.6 10242.6 76606.5 24471.2 64259 55693.4 28116.4 10961.8 39273 22205.7 17276.6 11499.2 48490.1 23451.6 32241.8 27874 20029.5 14393.7
internal_count=3063929 2304058 759871 1556057 682461 748001 1092051 74356 464006 608105 498991 249010 218512 77410 446850 402368 555378 829641 175071 37068 277622 371457 278759 155960 271779 450108 379533 307146 211599 140998
is_linear=0
shrinkage=0.03


Tree=21
num_leaves=31
num_cat=0
split_feature=16 17 15 16 5 9 74 74 75 13 25 9 9 7 6 7 7 6 32 26 7 20 1 32 4 6 28 36 16 7
split_gain=9035.7 2870.5 2640.88 883.357 846.253 703.469 587.602 568.657 535.518 441.279 398.861 334.338 312.995 298.529 295.403 261.745 238.801 239.847 234.277 220.174 202.624 195.699 194.221 189.537 187.782 182.999 180.18 178.48 176.717 169.179
threshold=0.22396993637084964 1.0000000180025095e-35 0.31061333417892462 0.58756005764007579 1.0888435840606692 0.37376695871353155 0.04756260663270951 0.26560337841510778 0.033184546977281577 0.50316895544528972 0.22396993637084964 0.2484906688332558 1.0000000180025095e-35 -0.57484117150306691 0.30833633244037634 -0.4054999947547912 0.27237541973590856 0.15391666442155841 0.20707555115222934 0.22396993637084964 -0.4054999947547912 0.52967563271522533 -0.18768164515495298 0.37498413026332861 0.37498413026332861 0.2937582284212113 1.0000000180025095e-35 0.72717973589897167 0.37446653842926031 0.056972391903400428
decision_type=2 2 2 2 2 2 2 2 2 2 2 2 2 2 2 2 2 2 2 2 2 2 2 2 2 2 2 2 2 2
left_child=1 4 5 11 13 8 19 -6 -2 14 20 21 -5 -1 26 -15 17 18 22 -3 -8 -4 -17 -18 -7 -21 -10 -14 -16 -19
right_child=2 6 3 12 7 24 10 -9 9 -11 -12 -13 27 15 28 16 23 29 -20 25 -22 -23 -24 -25 -26 -27 -28 -29 -30 -31
leaf_value=-0.027235510805981175 0.011906461565001159 -0.0020814105558037942 0.0059233169060687292 0.016284997758674081 -0.013554427438629597 0.022844825342453794 -0.001284943002467776 -0.02659314288840613 0.0024424171541169168 0.01276875983838408 -0.00023776616194972106 0.01995399962384177 0.031505365242801925 -0.0014969514062341811 -0.0012653368647593355 -0.018670845619884986 -0.0078018771775268348 -0.0024290371205217781 -0.0019367913212703586 0.0034517298573254985 -0.0071711810016339556 0.012765208010387793 -0.008328415051790241 0.003800991935471917 0.009155336255471198 -0.0014372305773856387 0.0063870781422485853 0.018654266494001912 0.0024417761734632825 -0.01898696042208035
leaf_weight=746.29516729770694 5785.3200805829838 37312.137769774999 10774.96879129493 5853.620326731645 9568.0649730064615 1937.4501497363672 6221.2163548150711 4405.1589694897557 29955.90521211538 3628.3786072037183 13050.542309620301 2567.6002561814385 2785.3870892456616 4560.7811741005862 25354.061686363653 2435.3085153627762 4258.3856174767716 639.91053951151844 3130.5674396784743 16612.603137398371 34317.732494003212 5793.8903835383244 5003.5342681766633 1799.6439074950176 1703.1537692891434 11767.89355169714 15990.096689314116 1534.772362067597 21284.406875609537 4296.37546823718
leaf_count=17517 57252 296595 69165 51518 174100 6140 82314 128452 215554 12368 158407 9348 12699 81818 249330 31028 85752 13104 29033 79526 539785 34591 54506 30103 9335 106206 95973 11183 218639 102588
internal_value=0 -0.00481931 0.00571841 0.0136852 -0.0116832 0.00350749 -0.00246866 -0.0176717 0.00304454 0.00251115 -0.00479982 0.00988384 0.0208283 -0.00856672 0.00210857 -0.00802915 -0.00940998 -0.0113834 -0.00882674 -0.000566743 -0.00626819 0.0083186 -0.0117231 -0.00435407 0.0164589 0.00142446 0.00381577 0.0269624 0.000426447 -0.0168451
internal_weight=295075 160126 134949 29310.2 40844 105639 119282 13973.2 101998 96212.8 53589.5 19136.5 10173.8 26870.8 92584.5 26124.5 21563.7 15505.7 10569.4 65692.6 40538.9 16568.9 7438.84 6058.03 3640.6 28380.5 45946 4320.16 46638.5 4936.29
internal_count=3063929 2010834 1053095 188504 748001 864591 1262833 302552 849116 791864 780506 113104 75400 445449 779496 427932 346114 230259 114567 482327 622099 103756 85534 115855 15475 185732 311527 23882 467969 115692
is_linear=0
shrinkage=0.03


Tree=22
num_leaves=31
num_cat=0
split_feature=16 17 15 3 9 18 14 16 14 3 14 18 74 17 9 9 26 6 9 18 6 14 9 14 6 9 36 6 74 6
split_gain=8558.11 3427.15 1825.23 911.166 877.414 813.944 782.12 525.886 411.761 472.823 353.057 352.631 328.792 304.067 271.998 259.817 255.836 241.728 235.653 224.315 181.859 181.8 155.244 153.936 147.997 144.282 142.545 140.879 128.711 128.655
threshold=0.31061333417892462 1.0000000180025095e-35 0.37446653842926031 0.051980789750814445 0.48828019201755529 1.0000000180025095e-35 0.31061333417892462 0.58756005764007579 0.83743754029273998 0.031939454376697547 0.22396993637084964 0.56247621774673473 0.49850925803184515 0.22396993637084964 1.0000000180025095e-35 0.40253517031669622 0.31061333417892462 0.31696049869060522 1.0000000180025095e-35 0.65050083398818981 0.30833633244037634 0.50316895544528972 0.2484906688332558 0.71544814109802257 0.28611345589160925 1.0000000180025095e-35 0.14931328594684604 0.10734022036194803 0.20262710750103 0.02389999479055405
decision_type=2 2 2 2 2 2 2 2 2 2 2 2 2 2 2 2 2 2 2 2 2 2 2 2 2 2 2 2 2 2
left_child=1 5 4 15 8 10 13 22 9 14 12 16 26 19 -2 27 25 -15 -9 -5 23 24 -4 -8 -11 -7 -1 -3 -13 -16
right_child=2 3 7 6 -6 11 20 18 -10 21 -12 28 -14 17 29 -17 -18 -19 -20 -21 -22 -23 -24 -25 -26 -27 -28 -29 -30 -31
leaf_value=-0.021477210865707422 0.005856780101580388 0.0043690912662754265 0.0096622086735138647 -0.0064703930835881178 0.023755355016860182 -0.0080624869553914125 0.0024422766626584218 0.017026957737071587 0.017301097758387913 0.0039627454502499165 -0.0056578132906854152 -0.014806471288009552 -0.029879931226803828 -0.0018337882004488915 0.022343927644227057 0.019077287058964856 -0.0015092564135591837 -0.0059725262972157465 0.027340730315070061 -0.018036874416996865 -0.0011617500691719087 0.0064538291496114416 0.020537017567273393 0.017106691246871111 0.00026496305857306838 -0.017560319427438589 -0.013502309114923644 0.00053978715984684096 -0.031372606884315909 0.011076466794255845
leaf_weight=3682.9996501795176 18111.931929503189 15288.231193182815 8253.6969541251892 24013.627549545548 2259.7543467944488 16853.479679527169 16403.692191161215 4555.7704886242864 2297.7045319462195 16868.402425905573 1842.4255505336914 3460.8725377273222 2325.983004295289 36958.984456899285 1089.1683895178139 837.08310996880755 5511.6594313022797 19355.263230531185 3600.5449167405022 1608.5140202491311 20724.823896972812 9455.7720123429317 1381.6711514707422 666.89684740640223 23055.752442917175 1575.1131161391968 4552.3665840902686 19907.117277785728 482.75049147417303 5732.4117447468161
leaf_count=73069 138656 71859 51770 277913 7680 286543 109348 40431 7719 138096 30498 86740 63692 374039 4907 3216 89588 331101 19576 28791 223550 54692 5016 2776 255581 26237 81751 133464 9883 35747
internal_value=0 -0.00360189 0.00730523 -0.00158451 0.00534668 -0.0114007 -0.00284323 0.0159841 0.00480241 0.004415 -0.0177943 -0.00855421 -0.0199082 -0.00448994 0.00778245 0.0025978 -0.00718237 -0.00325668 0.0215916 -0.00719939 0.000726658 0.00271408 0.01123 0.00301931 0.00182767 -0.00887816 -0.0170781 0.0022036 -0.0168653 0.0128882
internal_weight=292714 196052 96662.6 155764 78870.9 40287.7 119732 17791.7 76611.1 74313.4 12403.8 27883.9 10561.3 81936.4 24933.5 36032.4 23940.3 56314.2 8156.32 25622.1 37795.4 49379.9 9635.37 17070.6 39924.2 18428.6 8235.37 35195.3 3943.62 6821.58
internal_count=3063929 2304058 759871 1556057 643078 748001 1347518 116793 635398 627679 249010 498991 218512 1011844 179310 208539 402368 705140 60007 306704 335674 448369 56786 112124 393677 312780 154820 205323 96623 40654
is_linear=0
shrinkage=0.03


Tree=23
num_leaves=31
num_cat=0
split_feature=15 73 18 72 15 25 73 12 14 7 72 14 20 6 19 72 7 69 69 6 6 75 31 6 70 71 14 7 73 6
split_gain=7976.91 2706.94 2551.8 1172.82 1086.92 774.581 405.031 394.714 386.657 378.886 353.114 335.111 330.419 326.81 325.72 317.587 306.179 218.017 190.319 189.596 187.021 198.329 192.062 178.037 175.792 175.658 165.993 164.405 161.615 156.476
threshold=1.0000000180025095e-35 0.026942956261336807 1.0000000180025095e-35 0.0814541131258011 0.31061333417892462 0.22396993637084964 0.01521358545869589 0.37446653842926031 0.31061333417892462 -0.39685551822185511 0.17219432443380359 0.22396993637084964 0.3354459702968598 0.21661805361509326 0.53974768519401561 0.48569498956203466 0.27237541973590856 1.0000000180025095e-35 -1.0000000180025095e-35 0.055906148627400405 0.27632133662700659 0.26488482952117925 1.0000000180025095e-35 -0.12860955297946927 -0.017148691229522225 -0.36054709553718561 0.56247621774673473 -0.56683048605918873 0.28339347243309027 0.35213264822959905
decision_type=2 2 2 2 2 2 2 2 2 2 2 2 2 2 2 2 2 2 2 2 2 2 2 2 2 2 2 2 2 2
left_child=2 6 11 8 7 9 -2 12 17 13 29 15 20 -5 19 24 25 18 -4 23 21 22 -3 -6 -1 -12 -7 -21 -18 -11
right_child=1 4 3 5 14 26 -8 -9 -10 10 16 -13 -14 -15 -16 -17 28 -19 -20 27 -22 -23 -24 -25 -26 -27 -28 -29 -30 -31
leaf_value=-0.0063676162288797784 0.024916216999791987 0.0031660179635250199 -0.0010242067324129889 -0.0007912275725583919 0.00040538673238154374 -0.0016105171655649828 0.01417041692187342 0.014969735045010972 0.0029357795788509324 -0.0046020434545051923 -0.0082831981766790623 -0.005625790980127862 0.004550933300413275 -0.017319761429609004 0.016724255985344213 -0.027002551667737393 -0.016817181350393146 -0.0049386909418901309 0.013963333932198965 0.023929204470357023 -0.001278862147276119 -0.00080983096163788585 0.012216050052943461 0.022166309427356638 -0.018259068602479805 -0.015890106244529037 0.0057350534699959193 0.0063643396236501368 -0.0046985524272745889 -0.0093381330929102873
leaf_weight=1414.1512029186415 5569.6538647164998 13548.446848399471 40889.209615870175 10477.089485327939 441.5581809906289 13154.395871101529 7349.7164600802644 2339.1565788211301 20514.326281412272 18157.029113265606 3701.4950973021914 1832.5452211402589 38526.309420673031 1196.1048946499941 5417.3170981908916 3450.5447206921453 1163.345478617819 15232.980138343351 773.01179060083814 494.14408157020807 21262.438159799902 9965.0308191678487 2497.9141338127665 1452.1489123525098 5484.0184649181683 10625.68313787294 3502.5567098991887 13503.324711123481 6598.852773381921 9613.8780843597633
leaf_count=25104 40282 61322 467745 160722 2727 162942 63889 8178 181412 225654 49438 30498 264378 23333 30220 88859 24287 197948 6713 2157 174783 46202 9376 5051 104549 159274 29795 91226 121411 204454
internal_value=0 0.00582451 -0.00424801 -0.00321254 0.00429106 -0.00580397 0.0188097 0.00282075 -0.000594759 -0.00735741 -0.00849644 -0.0174689 0.0024888 -0.00249058 0.0103709 -0.0195627 -0.0113278 -0.00186794 -0.000744702 0.00820104 0.00080791 0.0025138 0.0045778 0.0171062 -0.015827 -0.013928 -6.46441e-05 0.0069914 -0.00652312 -0.00624288
internal_weight=290148 122367 167781 155600 109448 78190.4 12919.4 88139.3 77409.5 61533.5 49860.3 12181.3 85800.1 11673.2 21308.5 10348.7 22089.4 56895.2 41662.2 15891.2 47273.8 26011.4 16046.4 1893.71 6898.17 14327.2 16657 13997.5 7762.2 27770.9
internal_count=3063929 799791 2264138 2015128 695620 1161310 104171 564239 853818 968573 784518 249010 556061 184055 131381 218512 354410 672406 474458 101161 291683 116900 70698 7778 129653 208712 192737 93383 145698 430108
is_linear=0
shrinkage=0.03


Tree=24
num_leaves=31
num_cat=0
split_feature=16 16 17 73 5 9 74 13 74 15 9 26 72 4 3 3 4 5 19 7 9 73 6 73 14 14 74 6 1 75
split_gain=7931.84 2437.38 2406.26 845.128 796.1 686.537 500.73 477.418 474.495 463.709 404.068 358.843 303.288 265.941 250.459 233.63 231.859 178.975 178.88 176.066 174.845 172.153 165.129 164.15 156.827 143.199 139.085 135.907 132.874 131.072
threshold=0.22396993637084964 0.53458327054977428 1.0000000180025095e-35 0.028616840951144699 1.0888435840606692 0.17917595058679583 0.26560337841510778 0.53458327054977428 0.025306520052254203 0.46720869839191442 0.48828019201755529 1.0000000180025095e-35 0.024863399565219883 0.20707555115222934 0.020218890160322193 0.17953137308359149 0.24964435398578647 0.87229588627815258 0.51129707694053661 -0.21457178145647046 1.0000000180025095e-35 0.034388998523354537 0.23894166946411136 0.01521358545869589 0.37446653842926031 0.31061333417892462 0.14611623436212542 0.48132444918155676 -0.30610413849353785 0.021746934391558174
decision_type=2 2 2 2 2 2 2 2 2 2 2 2 2 2 2 2 2 2 2 2 2 2 2 2 2 2 2 2 2 2
left_child=2 3 4 23 13 9 -6 10 15 19 12 22 18 20 -7 21 -13 -15 -5 -3 -1 -4 -10 -2 -17 -14 -19 -18 -8 -21
right_child=1 5 8 7 6 14 28 -9 11 -11 -12 16 25 17 -16 24 27 26 -20 29 -22 -23 -24 -25 -26 -27 -28 -29 -30 -31
leaf_value=-0.010536081545213056 0.020965749516979198 0.021674746848752428 0.010794828655486106 0.0029673176544653145 -0.013009938981721335 0.027898209520771731 -0.016110579727238318 0.012546083391756412 -0.0054450132616482823 0.019550184085469498 0.017563101951387869 -0.0059292650848776791 -0.0015186282511767213 -0.0025099584710554014 0.014672311114928439 -0.0044162047523162188 -0.0010363523172406009 -0.0036727536454852689 0.0088778186464101207 0.018535491455023135 -0.023866302048720464 0.00080028940263811863 -0.011230237453172252 0.010665532645978139 0.0023029520914728597 0.0021090963630702032 -0.01170007806362061 -0.015864646406265323 -0.028616270341718528 0.0070446952481529766
leaf_weight=8325.9240691662053 2055.2596417083114 874.34529978455976 1629.5704001120466 49313.975724678545 9304.2732746342372 3545.0593792783329 1038.475681273907 4284.5414839293808 12412.113215077494 4550.1633187269908 1534.9043289059773 13760.176767697529 22315.362775869202 8299.6327833000978 2052.3454967923462 14227.943901957944 32342.390038416954 3090.0365414173575 5082.3032813104801 956.3727770964033 991.70464043726679 30781.589593182201 6929.9289406138705 4378.9798526864033 4002.7104919962585 17444.751549851731 5259.0945104043276 562.11318731680512 3138.1421034505911 13317.825900603581
leaf_count=123210 16644 6840 11787 293012 174100 14946 32105 14019 151052 37016 5517 201375 293762 140437 12866 101321 439260 51558 22618 10411 16259 176758 147905 36719 20444 157964 113985 12931 96347 130761
internal_value=0 0.00542184 -0.00457471 0.00343168 -0.0109795 0.0137916 -0.0168945 0.00275305 -0.00240845 0.0111525 0.00231402 -0.00408431 0.00206465 -0.00790633 0.0230635 -0.000223887 -0.00265968 -0.00563228 0.00352024 0.00862536 -0.011965 0.0013042 -0.00751989 0.0139674 -0.00294052 7.29749e-05 -0.00873286 -0.0012917 -0.0255263 0.00781987
internal_weight=287802 131706 156096 106410 39447.3 25296.1 13480.9 99975.8 116649 19698.7 95691.3 66006.7 94156.4 25966.4 5597.4 50641.8 46664.7 16648.8 54396.3 15148.5 9317.63 32411.2 19342 6434.24 18230.7 39760.1 8349.13 32904.5 4176.62 14274.2
internal_count=3063929 1053095 2010834 840255 748001 212840 302552 786892 1262833 185028 772873 952523 767356 445449 27812 310310 653566 305980 315630 148012 139469 188545 298957 53363 121765 451726 165543 452191 128452 141172
is_linear=0
shrinkage=0.03


Tree=25
num_leaves=31
num_cat=0
split_feature=16 17 73 16 72 18 14 9 73 15 26 18 6 12 72 26 26 9 6 6 7 54 19 17 13 3 6 72 36 7
split_gain=7573.74 2940.59 1790.44 943.089 770.613 716.739 429.633 401.437 378.43 358.252 321.058 307.411 298.541 286.317 277.795 251.972 231.809 230.27 208.308 181.224 176.705 171.122 170.846 170.623 170.376 167.011 165.659 161.128 146.048 141.474
threshold=0.31061333417892462 1.0000000180025095e-35 0.019819206558167938 0.53458327054977428 0.05399464629590512 1.0000000180025095e-35 0.31061333417892462 0.29957322776317602 0.028616840951144699 0.46720869839191442 1.0000000180025095e-35 0.56247621774673473 0.051660211756825454 0.31061333417892462 0.45738236606121069 0.22396993637084964 0.31061333417892462 1.0000000180025095e-35 0.021199905313551429 0.30568799376487737 -0.3992552757263183 1.0000000180025095e-35 0.2834331095218659 0.31061333417892462 0.46720869839191442 0.048794252797961242 0.32805556058883673 0.18695982545614245 0.46715016663074499 -0.56683048605918873
decision_type=2 2 2 2 2 2 2 2 2 2 2 2 2 2 2 2 2 2 2 2 2 2 2 2 2 2 2 2 2 2
left_child=1 5 17 7 8 10 21 13 -3 12 14 16 18 22 28 25 20 -2 -5 24 -7 23 -4 -6 -17 -10 -23 -22 -1 -14
right_child=2 4 3 9 6 11 -8 -9 15 -11 -12 -13 29 -15 -16 19 -18 -19 -20 -21 27 26 -24 -25 -26 -27 -28 -29 -30 -31
leaf_value=-0.019413821417707415 0.016194241710619284 0.012978255479364247 0.0018221615605009669 0.010220869146482885 -0.0079847039543283222 -0.0027463945211003366 -0.00046622930977475481 0.013496124791765719 0.00060708353110495181 0.019195375356286827 -0.010898117199210031 -0.016023490749019698 0.02132983178463356 0.01037965063006774 -0.028377645138005336 0.0035023603980148419 -0.0013808862797867936 0.027026543119237734 0.026853945446661118 -0.00046260277615083403 -0.0069391064443557081 0.00030089983092862 0.0054231680000118602 -0.0038624525842901724 0.023049186085740744 -0.0032855550863436457 -0.0067085898727903513 -0.013374361999592292 -0.0066730166011639454 0.0068924717883255921
leaf_weight=3192.8835441570845 3713.123560565582 2143.5137632787519 40962.68418696872 1383.0042179662269 22369.029961599037 3843.4291155152023 24727.546550230472 3802.3532013846561 18946.638322536426 4201.2145594549365 4753.3006780059077 3785.3899212848482 638.3156962543726 4953.2368838286493 2789.0569191099348 19895.320990907261 5441.2534937430173 3424.3217291249894 1342.2287392390426 14849.13278489263 7368.2727016034769 8117.7201905392576 16692.851655454142 15191.884538866143 405.84987836331129 20810.321768338326 4840.5721299800207 6708.8476082145935 1093.6029101457098 13093.033366039075
leaf_count=67351 36655 17202 380982 13490 309826 76948 258327 16583 110193 28753 82881 96623 4438 17102 77445 89970 89588 20115 3826 128964 102046 113423 109758 232468 964 198390 96330 133786 21333 128169
internal_value=0 -0.00342926 0.0069625 0.00577768 -0.00154735 -0.0107817 -0.00370669 0.00403578 0.000561467 0.0113755 -0.016945 -0.00809394 0.00937469 0.00346033 -0.0209982 0.000205419 -0.00680637 0.0214041 0.018442 0.0020558 -0.0084528 -0.00529254 0.00286513 -0.00631813 0.00389782 -0.00143049 -0.00231841 -0.0100093 -0.0161736 0.00756995
internal_weight=285480 191274 94206.4 87068.9 152298 38976 75246.8 66411.1 77050.8 20657.8 11828.8 27147.2 16456.6 62608.8 7075.54 74907.3 23361.8 7137.45 2725.23 35150.3 17920.5 50519.2 57655.5 37560.9 20301.2 39757 12958.3 14077.1 4286.49 13731.3
internal_count=3063929 2304058 759871 703101 1556057 748001 1010374 524425 545683 178676 249010 498991 149923 507842 166129 528481 402368 56770 17316 219898 312780 752047 490740 542294 90934 308583 209753 235832 88684 132607
is_linear=0
shrinkage=0.03


Tree=26
num_leaves=31
num_cat=0
split_feature=16 16 17 5 3 3 14 9 74 74 9 26 12 75 7 25 7 74 3 16 9 36 6 7 7 15 6 6 6 9
split_gain=7244.39 2232.21 2169.32 740.359 661.172 638.29 521.374 461.081 454.536 422.762 409.43 336.4 305.411 296.75 249.448 215.399 206.967 195.164 193.648 192.465 191.496 179.055 171.023 165.789 175.377 157.566 170.835 153.196 149.622 148.448
threshold=0.22396993637084964 0.53458327054977428 1.0000000180025095e-35 1.0888435840606692 0.023464738391339782 0.024544504471123222 0.68507987260818493 0.47004804015159612 0.26560337841510778 0.043343961238861091 1.0000000180025095e-35 0.22396993637084964 0.42514967918396002 0.033184546977281577 -0.57484117150306691 0.22396993637084964 -0.4054999947547912 0.15027627348899844 0.196578323841095 0.42514967918396002 1.0000000180025095e-35 0.71161216497421276 0.22965335100889209 0.37824505567550665 0.39143033325672155 0.46720869839191442 0.37779843807220465 0.30833633244037634 0.2570874840021134 1.0000000180025095e-35
decision_type=2 2 2 2 2 2 2 2 2 2 2 2 2 2 2 2 2 2 2 2 2 2 2 2 2 2 2 2 2 2
left_child=2 5 3 14 10 7 19 13 -5 18 -3 22 25 -2 -1 16 -16 -18 28 27 -15 -12 -11 -13 -25 26 -6 -7 -4 -19
right_child=1 4 9 8 12 6 -8 -9 -10 11 21 23 -14 20 15 -17 17 29 -20 -21 -22 -23 -24 24 -26 -27 -28 -29 -30 -31
leaf_value=-0.02549078068733418 0.015438281511422075 0.013237159043618224 0.0020369539017043134 -0.012636323207758661 0.009968921164771943 0.0018386226589151477 0.010334282339308642 0.022747694071422866 -0.024762630785902986 -0.004924092713664124 0.029412510267146634 -0.0033958243926492057 0.022799218659810751 0.0035279430583607233 -0.0018968476922252269 0.00015231013430721963 -0.006078696270470911 -0.010688597573882642 -0.0029318437247812849 0.0038857783012137266 0.00961413730506646 0.017520448519513725 -0.010003828048841907 0.0080059061925895816 -0.0015342468259820436 0.015742713698161218 0.0025888032862493018 -0.0013865518813755704 -0.0017916796378894121 -0.02047850520906638
leaf_weight=677.72143273934489 2799.0399874877767 5281.6442768423585 24838.977273514378 9120.3697040553961 5888.2939785036433 26848.817587797763 6028.8134063202888 1602.4008199628443 4015.3774088636565 16950.357076811721 3256.3364026568597 20464.751994827995 1340.619944793405 17797.497560875257 3890.3714142887038 3220.046010725142 8015.6690757732285 7949.3405021532817 21243.47140847519 17359.781171172799 6302.6202411362901 1794.4000748991093 9221.1328115139331 2654.0884435834596 4985.2850605924614 1912.4242630787194 5430.1719594280003 26171.365788136376 14572.024603760103 1697.4331122989533
leaf_count=17517 28541 49767 141496 174100 52128 199555 26402 5460 128452 220959 15435 284695 4561 97841 72950 60314 107218 156629 165222 162599 27462 12432 207345 24630 78913 15214 63303 292395 139573 30821
internal_value=0 0.00521656 -0.00441117 -0.0105655 0.0132902 0.00329954 0.0018701 0.00713071 -0.0163499 -0.00234459 0.0190956 -0.00426796 0.00916931 0.00619699 -0.00757777 -0.0070835 -0.00816459 -0.00954414 -0.000623257 0.00114444 0.00512111 0.0252057 -0.00671529 -0.00198813 0.00178208 0.00778144 0.00643078 0.00024657 0.000621183 -0.0124195
internal_weight=283331 129814 153516 38586.3 24903.9 104910 76408.8 28501.6 13135.7 114930 10332.4 54275.6 14571.5 26899.2 25450.6 24772.9 21552.8 17662.4 60654.5 70380 24100.1 5050.74 26171.5 28104.1 7639.37 13230.9 11318.5 53020.2 39411 9646.77
internal_count=3063929 1053095 2010834 748001 212840 840255 680951 159304 302552 1262833 77634 816542 135206 153844 445449 427932 367618 294668 446291 654549 125303 27867 428304 388238 103543 130645 115431 491950 281069 187450
is_linear=0
shrinkage=0.03


Tree=27
num_leaves=31
num_cat=0
split_feature=17 15 18 73 74 25 9 74 7 73 19 13 7 7 74 72 75 9 7 18 18 13 54 22 7 7 75 52 65 9
split_gain=6876.87 2455.34 1872.49 989.142 847.114 587.168 495.161 468.496 454.274 341.528 315.332 294.225 289.838 284.998 277.962 275.708 238.001 223.222 199.306 188.449 186.382 183.684 175.589 200.954 181.323 210.688 175.387 172.939 170.313 163.568
threshold=0.37446653842926031 0.22396993637084964 1.0000000180025095e-35 0.025321914814412597 0.049849977716803558 0.22396993637084964 0.29957322776317602 0.021268988959491256 -0.40296079218387598 0.063684668391942992 0.52612900733947765 0.46720869839191442 0.27237541973590856 -0.54633793234825123 0.49850925803184515 0.2004266753792763 0.033184546977281577 1.0000000180025095e-35 0.37824505567550665 0.70072525739669811 0.65050083398818981 0.66838845610618602 1.0000000180025095e-35 1.0000000180025095e-35 0.2463922128081322 0.24397265166044238 0.33138765394687658 1.0000000180025095e-35 -0.003053071908652782 0.53471076488494884
decision_type=2 2 2 2 2 2 2 2 2 2 2 2 2 2 2 2 2 2 2 2 2 2 2 2 2 2 2 2 2 2
left_child=2 7 14 17 9 8 10 11 13 -4 21 16 15 -6 27 -10 -2 -3 -7 -9 -14 -5 23 24 25 28 -17 -1 -11 -18
right_child=1 3 4 6 5 18 -8 19 12 22 -12 -13 20 -15 -16 26 29 -19 -20 -21 -22 -23 -24 -25 -26 -27 -28 -29 -30 -31
leaf_value=-0.017628401723405972 0.010596099814877769 0.015172218291121689 0.0072556590282580021 0.0052447014585559138 -0.017012223802852201 -0.002884501226625486 0.019185011869448806 0.00090396572116711827 -0.0087809672780120255 -0.0088562365405172715 0.013073775993043026 0.014445180688395835 -0.0044940310643448072 -0.0003287742579396655 -0.025484467614994889 -0.02119451058133939 0.0026012848441339781 0.025003544774869595 0.0052643511086018059 -0.0034064538452948743 -0.016698519484613806 0.019424079838778797 0.00081549505485775339 -0.0036993411556186227 -0.010190580741923919 0.019996599357800439 -0.012247768531443631 -0.0092669452006264429 0.0050577088885914896 0.019283089148477435
leaf_weight=5115.226794941831 3788.6284593045129 4608.3356879927451 3960.9507630314838 25834.665670479269 1021.4140984805417 9838.0470459058124 3385.0281396568753 31858.39783609868 17160.653657922427 1011.3055892484263 6486.7085171805811 2245.7815362708643 12443.645572452311 9104.930411763351 2395.4555170578387 3013.3970037058752 47394.799039405421 3838.975907736778 3719.03404363757 12789.587583277142 1235.6274834879441 846.22966374643147 16220.888027532143 36455.545609392866 909.4977678982541 666.70170394983143 5801.447490277038 3976.1958156450419 3591.6845794254914 531.17604109831154
leaf_count=103579 38590 46284 27588 190425 21784 136948 12620 407741 256439 2270 39686 7906 249342 144036 70266 54407 343327 23760 39918 240752 31951 2570 122564 266885 2700 417 96773 75165 5305 1931
internal_value=0 0.00459251 -0.00479158 0.010399 -0.00373537 -0.00618347 0.008259 0.00194234 -0.00769075 -0.00126664 0.00714159 0.0038232 -0.00913887 -0.00201808 -0.0163857 -0.0110005 0.00336076 0.0196504 -0.000647849 -0.000330864 -0.00560133 0.00569744 -0.00184071 -0.00285139 0.00214975 0.00428654 -0.015315 -0.0139776 0.00199472 0.00278786
internal_weight=281250 143608 137642 44999.9 126155 63338.2 36552.6 98608.4 49781.1 62816.6 33167.6 53960.4 39654.8 10126.3 11486.9 25975.5 51714.6 8447.31 13557.1 44648 13679.3 26680.9 58855.6 42634.7 6179.19 5269.69 8814.84 9091.42 4602.99 47926
internal_count=3063929 1355592 1708337 315345 1459327 1031598 245301 1040247 854732 427729 232681 391754 688912 165820 249010 407619 383848 70044 176866 648493 281293 192995 400141 277577 10692 7992 151180 178744 7575 345258
is_linear=0
shrinkage=0.03


Tree=28
num_leaves=31
num_cat=0
split_feature=15 73 74 15 26 26 9 22 73 13 74 4 9 75 19 13 39 9 6 18 22 75 21 18 75 56 32 25 6 26
split_gain=6325.98 2228.78 2124.16 922.56 825.734 696.682 402.389 353.402 331.677 331.6 312.309 306.811 283.737 274.032 264.7 254.856 177.62 176.93 176.59 160.734 157.876 156.143 153.435 152.74 151.839 150.163 144.37 142.031 136.396 135.828
threshold=1.0000000180025095e-35 0.026942956261336807 0.15027627348899844 0.31061333417892462 1.0000000180025095e-35 0.22396993637084964 0.42766661942005163 1.0000000180025095e-35 0.012415385339409115 0.50316895544528972 0.049849977716803558 0.24964435398578647 0.44998097419738775 0.20136991888284686 0.53974768519401561 0.37446653842926031 1.0000000180025095e-35 1.0000000180025095e-35 0.30833633244037634 0.37446653842926031 1.1235182881355288 0.33138765394687658 0.2834331095218659 0.22396993637084964 0.040543025359511382 0.22396993637084964 0.42082132399082189 0.22396993637084964 0.32805556058883673 0.31061333417892462
decision_type=2 2 2 2 2 2 2 2 2 2 2 2 2 2 2 2 2 2 2 2 2 2 2 2 2 2 2 2 2 2
left_child=2 8 5 6 7 10 9 16 -2 13 23 17 14 19 -5 18 -4 -6 26 29 22 -9 -15 -1 -21 -24 -7 -13 -12 -3
right_child=1 3 4 12 11 15 -8 21 -10 -11 28 27 -14 20 -16 -17 -18 -19 -20 24 -22 -23 25 -25 -26 -27 -28 -29 -30 -31
leaf_value=-0.0074768738719795565 0.024746638744344657 0.0074063522150290186 -0.024586765804169415 0.0066972362328392519 -0.010226119656496245 5.7965407918512911e-05 0.015549194392804982 -0.019160664165039615 0.014071138108197113 0.012101119033230153 -0.0054215652619878417 -0.0063477846125207984 0.023907900495210816 -0.0027813307634165195 0.014811298180122374 0.0065730139788752742 -0.011214679649343182 -0.024829890319061132 -0.0021629234534006692 0.0088410910015290275 -0.041445012639146815 -0.0089875404078955928 -0.00030109134173156082 -0.0018867484182202136 0.002304385734739615 0.0057117428990277252 0.0051308604338411307 0.00054970960627499408 -0.010150973767699661 0.025993063839389676
leaf_weight=5014.9085572535259 3854.0874263436417 2397.1260253827786 4878.3752596667327 14402.470267302124 5476.2602316234697 22795.464261477755 2076.8555151289329 1935.8742408418329 8271.7663762422453 2928.1529316073284 20472.479535384482 8233.7878069197759 1176.2223961567506 12862.004947878886 4838.5047356096329 5074.9729468269506 1108.4979340556602 864.8689006868517 27588.285516990436 3451.2014433964505 80.120575220324099 4596.2003756295308 12302.55135572236 35714.591825591284 43233.771369044436 5364.5922113733832 6482.2566419833456 3984.7807745477185 7513.7732180218445 413.02755464240909
leaf_count=38656 28318 10601 133036 98615 97728 200493 8214 46462 75853 11249 293781 151977 3533 74907 29233 32102 25257 15532 418759 33524 192 102116 70729 411232 320706 33308 55913 53536 187558 809
internal_value=0 0.00529267 -0.00385013 0.00389256 -0.010899 -0.00217314 0.00251837 -0.0168527 0.0174717 0.00219164 -0.0042529 -0.00688005 0.00961907 0.00182877 0.00874056 0.000134156 -0.0221208 -0.012233 -0.000440818 0.00320856 -0.000402338 -0.0120131 -0.000289063 -0.00257582 0.00278843 0.00152532 0.00118183 -0.00409853 -0.00669275 0.0101728
internal_weight=279388 117652 161735 105527 31078.6 130657 85109.4 12518.9 12125.9 83032.5 68715.8 18559.7 20417.2 80104.4 19241 61941 5986.87 6341.13 56866 49495.1 30609.3 6532.07 30529.1 40729.5 46685 17667.1 29277.7 12218.6 27986.3 2810.15
internal_count=3063929 799791 2264138 695620 625644 1638494 564239 306871 104171 556025 931227 318773 131381 544776 127848 707267 158293 113260 675165 365640 179136 148578 178944 449888 354230 104037 256406 205513 481339 11410
is_linear=0
shrinkage=0.03


Tree=29
num_leaves=31
num_cat=0
split_feature=16 17 73 16 5 72 74 14 75 9 25 73 12 4 69 25 18 17 15 9 71 9 5 73 22 1 20 3 70 7
split_gain=6496.02 2402.9 1495.79 750.594 675.023 597.106 407.493 364.5 340.848 319.736 302.801 289.029 274.742 223.735 185.954 184.717 161.296 161.178 159.081 153.67 147.139 142.636 137.743 133.22 127.504 124.435 122.478 120.469 119.505 116.241
threshold=0.31061333417892462 1.0000000180025095e-35 0.025321914814412597 0.53458327054977428 1.0888435840606692 0.05399464629590512 0.26560337841510778 0.42514967918396002 0.03632833436131478 0.48828019201755529 0.66838845610618602 0.012415385339409115 0.31061333417892462 0.20707555115222934 -0.61082923412322987 0.22396993637084964 0.70072525739669811 0.50316895544528972 0.46720869839191442 0.2484906688332558 0.0072768034879118213 1.0000000180025095e-35 0.87229588627815258 0.1059556156396866 1.0000000180025095e-35 -0.30610413849353785 0.90922018885612499 0.35045462846755987 0.0021594604477286343 -0.21457178145647046
decision_type=2 2 2 2 2 2 2 2 2 2 2 2 2 2 2 2 2 2 2 2 2 2 2 2 2 2 2 2 2 2
left_child=1 4 11 9 13 8 -6 14 -3 12 18 -2 16 21 -7 20 17 23 29 22 26 -1 -15 -4 27 -8 -10 -17 -16 -5
right_child=2 5 3 10 6 7 25 -9 15 -11 -12 -13 -14 19 28 24 -18 -19 -20 -21 -22 -23 -24 -25 -26 -27 -28 -29 -30 -31
leaf_value=-0.0096714351319304344 0.024566053354582867 0.010968534578791751 0.006461897987577063 0.01900725648952695 -0.012090778177487807 -0.0029591042984130661 -0.014355653593376344 0.0010711337138063495 -0.00027796965069663121 0.018087022949885692 0.019027920132024041 0.013803077986573768 0.0098636116308524428 -0.0014127868722375076 -0.0076365543567560173 0.013355692604118695 0.00038985609238749143 0.0057309168049751299 0.016553971781857007 -0.01699328816239333 -0.0040319685611138684 -0.022317091127622472 -0.0071413521274043068 0.00046517360162751206 0.0018027124750961546 -0.026961016197821399 0.015702216707053244 -0.013763806289551652 -0.0031773130247512577 0.0068454508842631595
leaf_weight=7891.4869025747612 3405.4537580470205 2632.0645603330049 4325.2258886320051 749.20199556369334 8873.8664251505106 33843.172575091165 958.13018341374118 13241.468980379286 42933.218470379245 1348.0509564792737 3153.5141661250964 6676.6245254135283 5304.3000929647824 7537.3402709526999 18463.54076259696 1451.7696638740599 18110.766513805487 19573.754308431817 2051.7384496695595 904.99720600340515 10788.221126180259 894.12038280395791 7578.9789660828683 14517.586719067767 16906.709594625281 2863.812868006964 432.03630958590657 160.62723359465599 7667.0887357976753 12166.398006912525
leaf_count=123210 25014 23970 25296 6297 174100 479907 32105 128346 310136 4725 14959 62224 18904 131751 293153 795 208522 155776 16759 16301 108414 16259 157928 98425 101176 96347 806 386 108968 122970
internal_value=0 -0.00321762 0.00654979 0.00519755 -0.0100025 -0.00150412 -0.0156286 -0.00343319 0.00037145 0.00365327 0.0105796 0.0174473 0.00333736 -0.0071209 -0.00442777 -1.28768e-05 0.00272423 0.00382445 0.00879466 -0.00500851 -0.000897427 -0.0109685 -0.00428639 0.00184299 0.00257311 -0.0238204 -0.000117226 0.0106239 -0.00632901 0.00755694
internal_weight=277405 186023 91382.6 81300.5 37502.7 148520 12695.8 73215.3 75304.6 63179.7 18120.9 10082.1 61831.6 24806.9 59973.8 72672.6 56527.3 38416.6 14967.3 16021.3 54153.5 8785.61 15116.3 18842.8 18519.1 3821.94 43365.3 1612.4 26130.6 12915.6
internal_count=3063929 2304058 759871 672633 748001 1556057 302552 1010374 545683 511648 160985 87238 506923 445449 882028 521713 488019 279497 146026 305980 419356 139469 289679 123721 102357 128452 310942 1181 402121 129267
is_linear=0
shrinkage=0.03


Tree=30
num_leaves=31
num_cat=0
split_feature=16 17 73 16 26 3 14 74 15 9 69 73 12 4 7 9 6 66 9 17 39 19 7 7 66 6 6 52 65 65
split_gain=6194.7 2289.18 1439.3 810.362 586.127 573.614 577.961 468.484 312.351 308.945 282.568 281.679 225.694 204.415 187.947 183.379 177.651 152.652 151.015 147.038 146.228 141.553 140.781 156.639 130.465 128.994 127.684 192.111 127.321 178.164
threshold=0.31061333417892462 1.0000000180025095e-35 0.019819206558167938 0.53458327054977428 1.0000000180025095e-35 0.051980789750814445 0.31061333417892462 0.25977967679500585 0.31061333417892462 0.29957322776317602 -0.51951128244400013 0.041294191032648093 0.31061333417892462 0.24964435398578647 0.0095833335071802157 1.0000000180025095e-35 0.37779843807220465 0.0021791630424559121 0.40253517031669622 0.22396993637084964 1.0000000180025095e-35 0.55233678221702587 0.24667835235595706 0.070918992161750807 -0.040367623791098588 0.40833660960197454 0.30833633244037634 0.76669082045555126 0.010405003093183042 -0.00413804524578154
decision_type=2 2 2 2 2 2 2 2 2 2 2 2 2 2 2 2 2 2 2 2 2 2 2 2 2 2 2 2 2 2
left_child=1 4 15 9 7 11 10 -1 16 12 19 -3 17 28 -10 -2 -5 25 22 -7 -9 -16 23 -13 -12 -4 27 -8 29 -6
right_child=2 5 3 8 13 6 26 20 14 -11 24 18 -14 -15 21 -17 -18 -19 -20 -21 -22 -23 -24 -25 -26 -27 -28 -29 -30 -31
leaf_value=-0.010643799717682811 0.015082030457648896 0.0098245833178286016 0.0040439010022549704 0.01035905503368942 -0.0071711220192381287 -0.0051387860610401844 0.0020470054345870865 -0.0238600799549443 0.029000716446229886 0.012232849730624612 -0.0042962308555379294 -0.0018139928693626209 0.0094535488639647634 -0.0037634036931876516 0.010559261141142284 0.025117518299450203 0.0023209050925542961 -0.00061383506904992785 0.015299414909965205 -0.0014449520783331724 -0.010726752388740986 0.018518839022812088 -0.0020308598962974788 0.0040762557752908012 -0.0082494156223780878 -0.00065355002564037538 -0.0010135862683866717 0.023126775515505963 -0.004275366613653255 -0.018123365498100848
leaf_weight=12401.872597862319 3482.2030369823333 3628.9888443093805 39547.179728655086 5836.2037267525739 2710.9769730302796 13692.651795174621 16154.291470717872 4170.1448483577769 740.33052667882293 3614.2651722738519 15262.601193937182 5897.3911355501041 4793.5863665661309 11834.396195223933 5950.4590998113854 3151.0724698219565 4301.8992368821346 10362.736813927069 645.47669550962746 33265.396751328837 947.34700876538409 3061.9488610121189 10949.063501947676 13041.323090806254 14843.506373834462 6065.4462574317586 19817.000256625819 394.81783605227247 2401.1618980719359 2653.6451080842235
leaf_count=229718 36655 30093 318548 51071 44247 169089 110722 135426 4021 16583 193369 36766 17102 227185 48865 20115 53011 110019 2535 420797 26994 21708 75750 63395 228589 62173 223550 1402 38405 46026
internal_value=0 -0.0031552 0.00641082 0.0053511 -0.00981435 -0.00148017 -0.00250655 -0.0138019 0.0106434 0.00371544 -0.00397755 0.00192752 0.00320802 -0.00624785 0.0144769 0.0198622 0.00695093 0.00267245 0.000987612 -0.00252249 -0.02144 0.013271 0.000676368 0.00224184 -0.00624629 0.00341915 0.000610644 0.00255565 -0.0100295 -0.012599
internal_weight=275619 184712 90907.3 84274.1 37119.5 147593 113430 17519.4 19890.8 64383.2 77064.2 34162.2 60768.9 19600.2 9752.74 6633.28 10138.1 55975.4 30533.3 46958 5117.49 9012.41 29887.8 18938.7 30106.1 45612.6 36366.1 16549.1 7765.78 5364.62
internal_count=3063929 2304058 759871 703101 748001 1556057 1347518 392138 178676 524425 1011844 208539 507842 355863 74594 56770 104082 490740 178446 589886 162420 70573 175911 100161 421958 380721 335674 112124 128678 90273
is_linear=0
shrinkage=0.03


Tree=31
num_leaves=31
num_cat=0
split_feature=72 73 26 25 74 14 9 20 73 12 72 73 22 74 19 2 19 6 5 6 7 5 26 73 71 65 64 70 14 75
split_gain=5267.88 2290.32 1541.77 1005.74 802.229 555.158 521.104 462.213 445.731 381.929 309.691 256.059 219.306 216.898 189.397 185.452 184.303 159.83 156.347 156.012 164.98 153.895 149.581 128.437 126.281 125.53 124.138 122.357 121.957 117.999
threshold=0.05399464629590512 0.030175910331308845 1.0000000180025095e-35 0.37446653842926031 0.18557421863079074 0.37446653842926031 0.47004804015159612 0.3354459702968598 0.01521358545869589 0.37446653842926031 0.18695982545614245 0.39286127686500555 1.0000000180025095e-35 0.41589276492595678 0.51129707694053661 -1.1736065149307249 1.0000000180025095e-35 0.29020731151103979 1.1620228886604311 0.37996348738670355 0.27237541973590856 0.67236691713333141 0.22396993637084964 1.0000000180025095e-35 0.044475806877017028 0.043192677199840553 -0.11514721065759657 -0.0075720280874520532 0.75503185391426098 0.33138765394687658
decision_type=2 2 2 2 2 2 2 2 2 2 2 2 2 2 2 2 2 2 2 2 2 2 2 2 2 2 2 2 2 2
left_child=1 8 4 7 -2 10 9 22 23 14 -4 26 18 19 17 -7 -9 -5 25 -13 -21 28 24 -1 -3 -6 -12 -27 -17 -14
right_child=2 3 5 6 12 15 -8 16 -10 -11 11 13 29 -15 -16 21 -18 -19 -20 20 -22 -23 -24 -25 -26 27 -28 -29 -30 -31
leaf_value=0.031607966666926557 -0.0073375718120174153 -0.001125366848948682 -0.0025408069473130111 0.00797021620166013 -0.019728954395257851 0.031714302299112311 0.021542198082483786 0.00086606559607372755 0.011077601588042984 0.015268307108550207 -0.0077715903924124568 -0.0043410531587498588 -0.021839616686912609 -0.0145958880234951 0.012388464061755778 0.0016264199659135532 0.0047741856711932705 0.001913878265215756 -0.026134579553501753 -0.0068653761036146154 0.014128511868646247 -0.0022759586516899223 0.0012193869885427269 0.019538502021891856 -0.0070509954421110414 0.018529855736987344 -0.015124470173849559 -0.012250473675501562 0.0096348311395283159 -0.009667275901993783
leaf_weight=1010.5310122947849 24463.812661930213 34213.807864829898 36627.401849977672 5627.2952062922996 1612.3739045484181 172.27756134513766 2216.8772745467722 16638.013194272004 10341.863049860374 3693.628221522551 4479.8622829395026 10397.469897787028 931.14816571358824 1673.0406834961759 2603.5504505388672 14616.507724205963 31297.622204015148 12941.123114567134 3063.7287539116223 537.2711673322483 889.77160409721546 9185.947325350251 27577.435569266323 3969.1710727424361 3571.8615104290657 161.80596170184435 3867.4330411182018 384.86789099079033 1935.3060546317138 3157.9234755043144
leaf_count=4251 413577 276698 562892 22726 43556 934 7335 193287 96343 13111 72056 151995 23825 38352 13585 132755 229294 99394 96249 11413 11812 121905 189289 36631 36492 2877 63637 11058 11037 75563
internal_value=0 0.00362454 -0.0047762 0.00242225 -0.0101924 -0.00260781 0.00761556 0.00118059 0.0146366 0.00637049 -0.00422755 -0.00705452 -0.0176858 -0.00449756 0.00481539 0.00104743 0.00341799 0.00375086 -0.0217647 -0.00306393 0.00622423 0.000837085 -0.000460301 0.0220121 -0.00168632 -0.0155248 -0.0111844 -0.00306344 0.00256517 -0.0124588
internal_weight=273861 155703 118158 140381 33775.7 84382.3 27082.5 113299 15321.6 24865.6 58472.3 21844.8 9311.85 13497.6 21172 25910 47935.6 18568.4 5222.78 11824.5 1427.04 25737.8 65363.1 4979.7 37785.7 2159.05 8347.3 546.674 16551.8 4089.07
internal_count=3063929 1218436 1845493 1081211 666705 1178788 156151 925060 137225 148816 912157 349265 253128 213572 135705 266631 422581 122120 153740 175220 23225 265697 502479 40882 313190 57491 135693 13935 143792 99388
is_linear=0
shrinkage=0.03


Tree=32
num_leaves=31
num_cat=0
split_feature=17 15 18 73 5 9 73 74 5 25 20 73 32 18 6 36 73 13 2 64 18 64 6 15 15 74 9 65 65 72
split_gain=5736.78 1984.06 1518.06 784.451 669.678 401.281 401.004 398.63 348.034 316.187 284.389 267.561 244.861 242.551 223.59 187.053 184.904 179.06 179.004 165.729 148.256 138.26 133.911 133.231 122.48 121.981 120.066 116.142 131.58 174.995
threshold=0.37446653842926031 0.22396993637084964 1.0000000180025095e-35 0.025321914814412597 0.82655596733093273 0.48828019201755529 0.032892329618334777 0.043343961238861091 1.1620228886604311 0.22396993637084964 0.52967563271522533 0.068964086472988143 0.24964435398578647 0.66838845610618602 0.35213264822959905 1.0000000180025095e-35 1.0000000180025095e-35 0.50316895544528972 -1.1736065149307249 -0.58609643578529347 0.66838845610618602 -0.96114543080329884 0.29020731151103979 0.53458327054977428 0.53458327054977428 0.026587995700538162 0.40253517031669622 0.013093825429677965 -0.023286121897399422 0.20334322750568393
decision_type=2 2 2 2 2 2 2 2 2 2 2 2 2 2 2 2 2 2 2 2 2 2 2 2 2 2 2 2 2 2
left_child=2 6 8 16 11 10 -2 -6 15 14 22 -4 -13 19 -8 -1 -3 26 -14 -9 -20 -10 -5 -12 -18 -16 -11 28 -21 -30
right_child=1 3 4 5 7 -7 9 13 21 17 23 12 18 -15 25 -17 24 -19 20 27 -22 -23 -24 -25 -26 -27 -28 -29 29 -31
leaf_value=-0.017478669366883182 0.0096575479910025359 0.031220309778869106 0.0093133453627252862 0.0082716602981582447 -0.002256757866552472 0.022896860494130845 0.0016078450445557934 -0.004845577822847261 -0.008199907371688589 0.0028529577124025061 0.0096413449458906276 -0.0031887026848861095 0.03305820481499061 -0.016017443674034855 -0.00015993748727562569 -0.0074930631887384132 0.014451094921028912 0.012132124711608409 0.0012652448947890796 -0.0058758627513282426 -0.0069317796502202144 -0.025096528555053517 0.0032664110838875994 0.020359166775889861 0.024249903535557012 -0.0044365527184998671 0.013489549677589422 -0.0051040412730036389 -0.0095073260467827096 -0.018366321016403585
leaf_weight=2760.4217744214839 5570.9771254416555 865.68839944899082 2018.6948244820815 7218.7811754541472 18458.999676005158 1489.4838770609349 36245.163946983463 17388.7887173372 512.33066528386553 26803.659057469864 11066.216919472499 40032.591829053767 148.79455430433154 2864.5648405110987 13124.836131250195 4374.4409315358935 5589.8281886090699 2192.958132898435 20671.516216839547 3978.1993181909929 2192.7728587211459 3155.9591600378917 14451.968477913644 1154.359577495954 1460.9557170541375 11061.27683695656 987.08391243312508 5121.6523534230946 6129.1179881109274 2999.32014651387
leaf_count=62938 53580 3426 8245 40336 173136 4776 382682 305001 12449 220241 78970 353821 534 69761 139792 79912 53044 9707 176394 75638 35448 93711 112833 8386 13574 229333 4912 94798 103825 62726
internal_value=0 0.00425358 -0.00446096 0.00958447 -0.0035062 0.00767258 0.00184858 -0.005882 -0.0152378 0.00136697 0.00700073 -0.00142672 -0.00177126 -0.00762044 0.000117193 -0.0113647 0.0181205 0.00388536 0.000694404 -0.00694325 0.000477847 -0.0227494 0.00493514 0.0106605 0.0164947 -0.0021164 0.0032328 -0.00894256 -0.0104402 -0.0124254
internal_weight=272091 139283 132808 43297.3 122005 35380.8 95986 56940.6 10803.2 90415 33891.3 65064.4 63045.7 38481.6 60431.3 7134.86 7916.47 29983.7 23013.1 35617.1 22864.3 3668.29 21670.7 12220.6 7050.78 24186.1 27790.7 18228.3 13106.6 9128.44
internal_count=3063929 1355592 1708337 315345 1459327 245301 1040247 884885 249010 986667 240525 574442 566197 711749 751807 142850 70044 234860 212376 641988 211842 106160 153169 87356 66618 369125 225153 336987 242189 166551
is_linear=0
shrinkage=0.03


Tree=33
num_leaves=31
num_cat=0
split_feature=15 73 74 15 26 14 73 72 74 20 14 4 20 7 7 28 70 70 2 71 3 7 75 18 6 25 7 7 6 73
split_gain=5110.37 1805.33 1686.77 774.895 653.473 613.955 300.826 300.774 262.482 260.177 246.027 245.584 244.151 185.047 187.842 157.783 150.535 233.13 147.14 139.961 143.835 135.165 134.008 167.775 126.786 124.866 161.098 128.989 120.499 117.633
threshold=1.0000000180025095e-35 0.028616840951144699 0.15027627348899844 0.31061333417892462 1.0000000180025095e-35 0.22396993637084964 0.01521358545869589 0.0814541131258011 0.44992445409297949 0.3354459702968598 0.56247621774673473 0.24964435398578647 0.58523899316787731 -0.38495139777660364 0.66874989867210399 0.24964435398578647 0.0034932708367705349 -0.0012762543046846984 -0.15710953623056409 1.0000000180025095e-35 0.048794252797961242 -0.007851991802453993 0.19760419428348544 0.68507987260818493 0.30833633244037634 0.22396993637084964 0.096712969243526473 0.27237541973590856 0.29020731151103979 0.13829530030488971
decision_type=2 2 2 2 2 2 2 2 2 2 2 2 2 2 2 2 2 2 2 2 2 2 2 2 2 2 2 2 2 2
left_child=2 6 5 9 8 7 -2 19 13 22 24 16 21 -4 18 -11 17 -6 -15 20 -1 -5 23 -3 29 26 -13 -28 -17 -7
right_child=1 3 4 12 11 10 -8 -9 -10 15 -12 25 -14 14 -16 28 -18 -19 -20 -21 -22 -23 -24 -25 -26 -27 27 -29 -30 -31
leaf_value=0.0031818260650210155 0.021546611011448162 0.0040422100864933152 -0.0045423718523628235 0.016371403187282411 -0.0077684908012826438 0.0044295615106426291 0.01194252545039981 -0.0059925835451563655 -0.025290962790892092 0.0030577927162348129 0.0055640182786781036 -0.00040236601121824425 0.013977949992695049 -0.022619153441536023 0.0027618677708842834 0.012714661374348409 -0.0043502130754165917 -0.022145780750092065 -0.013568424213616386 -0.0049510551709716754 -0.0020541057639015489 0.0057244851698724916 -0.00099337854776082504 -0.0015075229873501037 -0.0020736009018314902 0.00050683873551986812 -0.012989686643605194 -0.0031084126124142721 0.0050656728378265367 -0.00020581522763951835
leaf_weight=5715.86529079912 4751.1396507933096 15606.397612979752 1738.8933360106021 1175.2513540349901 2157.0913629335409 6960.0804980960675 7748.4414506132016 31145.61934640113 2036.2324415554103 29203.248583088047 7424.2934808399878 2913.6491746185347 5946.1307526122546 2428.2527461825812 481.04284213698702 2880.5397878624499 1909.6636183806841 1926.9869013448479 4954.4367068475331 11797.975732255436 27053.938572752173 12186.775967688416 21755.87901618192 7143.2665975289419 20376.425973453501 3927.2476841213065 3148.2157351185451 1916.2916200292238 5224.4640418126946 16839.277470339672
leaf_count=67366 40282 85264 46699 6143 40486 61029 73584 509632 68611 211115 60732 54489 39059 62841 12177 12653 35172 37602 116543 166222 331484 82541 133371 74225 301431 53536 58435 39053 41554 140598
internal_value=0 0.00484497 -0.00350968 0.00351504 -0.00996802 -0.00201097 0.0155992 -0.00373076 -0.0155013 0.00223895 0.000512498 -0.00636711 0.00892037 -0.0134153 -0.0153734 0.0040866 -0.0113185 -0.0145682 -0.0165566 -0.00214962 -0.00114042 0.00666589 0.000689763 0.00229947 -0.000336798 -0.003871 -0.00602573 -0.00925713 0.00778963 0.00115012
internal_weight=270473 113622 156851 101122 29538 127313 12499.6 75713.4 11638.9 81813.8 51600.1 17899.1 19308.2 9602.63 7863.73 37308.3 5993.74 4084.08 7382.69 44567.8 32769.8 13362 44505.5 22749.7 44175.8 11905.4 7978.16 5064.51 8105 23799.4
internal_count=3063929 799791 2264138 685925 625644 1638494 113866 1074704 306871 558182 563790 318773 127743 238260 191561 265322 113260 78088 179384 565072 398850 88684 292860 159489 503058 205513 151977 97488 54207 201627
is_linear=0
shrinkage=0.03


Tree=34
num_leaves=31
num_cat=0
split_feature=16 16 18 26 9 73 15 13 72 72 4 14 72 3 9 3 18 73 7 7 7 64 54 22 75 13 7 69 6 28
split_gain=5369.86 1752.44 1495.95 617.545 554.732 475.087 374.727 310.398 277.408 268.431 245.039 233.21 230.901 230.829 210.734 202.045 178.509 178.832 176.736 274.002 213.751 170.916 161.531 158.064 153.665 149.521 139.929 128.712 126.831 126.03
threshold=0.22396993637084964 0.50316895544528972 1.0000000180025095e-35 1.0000000180025095e-35 0.17917595058679583 0.031544998288154609 0.53458327054977428 0.50316895544528972 0.11387657746672632 0.0814541131258011 0.24964435398578647 0.22396993637084964 0.48569498956203466 0.025666924193501476 1.0000000180025095e-35 0.020218890160322193 0.70072525739669811 0.062478423118591316 0.37824505567550665 0.19498275965452197 0.396410882472992 -0.84099236130714405 1.0000000180025095e-35 1.2673993706703188 0.023934200406074527 0.31061333417892462 -0.06856480240821837 -0.29399639368057245 0.37981314957141882 0.14931328594684604
decision_type=2 2 2 2 2 2 2 2 2 2 2 2 2 2 2 2 2 2 2 2 2 2 2 2 2 2 2 2 2 2
left_child=2 5 11 9 6 -2 24 13 16 -4 22 12 29 14 -7 -6 17 -5 19 -12 -20 23 -10 -15 -3 -21 -26 -11 -22 -1
right_child=1 4 3 8 15 7 -8 -9 10 27 18 -13 -14 21 -16 -17 -18 -19 20 25 28 -23 -24 -25 26 -27 -28 -29 -30 -31
leaf_value=-0.016100572620644793 0.010742261790178441 0.016154625686097771 -0.0034564876717897838 0.0062607128149076091 0.023844967087535685 0.00245429591533878 0.020360693759460764 0.0099589673460038757 -0.0096123088006385051 -0.0068616073773984905 0.00051476202954915489 -0.0044201724787888584 -0.023730009670311289 0.0020051107819173881 0.0091187758872137373 0.012467992516204198 -0.0061489544430696728 -0.00059236739623794437 0.0085006210584294591 -0.0079271635777998974 -0.0014875457209103371 -0.00093013721532203 -0.0015765497616809481 0.02282837167060707 0.017395611736911537 0.0021541303213211955 0.0063009214806508795 -0.011834240223545395 -0.029502987793771446 -0.006466662394279156
leaf_weight=4298.9824528517929 6033.8089599641098 1767.4040236688743 15022.024827050205 3655.2947831648635 3488.3317319621565 14901.908411105047 2327.21857746772 4235.7901080669835 8571.1264854489855 12238.05956579218 8305.3337692006025 1653.5325678870431 2861.9090682481183 32359.361919249641 5985.6935837846249 2382.3196731050266 4848.0119847484166 53977.156556286413 2692.9121463903575 10148.940957679355 3438.0464149491163 29593.141470552422 3057.2041800775914 327.530876734294 1081.3167894652579 1520.1504968001973 18492.525309993332 7626.0481441277079 147.92510971962474 1720.464621800129
leaf_count=97767 55671 20704 197306 24819 17116 84633 20860 15607 129861 231204 114938 30498 88859 281513 25718 16182 96879 480356 29689 176120 54276 321174 47253 333 9158 15013 184426 160277 3833 31886
internal_value=0 0.00461696 -0.00389469 -0.00304624 0.0109858 0.00260308 0.00893528 0.00204068 -0.00185086 -0.00648442 -0.00387635 -0.0147815 -0.0167072 0.00163688 0.00436571 0.0192406 -0.000622582 -0.000157234 -0.00226969 -0.00364966 0.00211909 0.000721389 -0.00750128 0.00221667 0.00768556 -0.00661318 0.00691748 -0.00877288 -0.00267605 -0.0133539
internal_weight=268759 122976 145783 135248 29539.1 93437.2 23668.5 87403.4 100362 34886.1 37881.6 10534.9 8881.36 83167.6 20887.6 5870.65 62480.5 57632.5 26253.3 19974.4 6278.88 62280 11628.3 32686.9 21341.2 11669.1 19573.8 19864.1 3585.97 6019.45
internal_count=3063929 1053095 2010834 1761824 268446 784649 235148 728978 1173037 588787 570983 249010 218512 713371 110351 33298 602054 505175 393869 306071 87798 603020 177114 281846 214288 191133 193584 391481 58109 129653
is_linear=0
shrinkage=0.03


Tree=35
num_leaves=31
num_cat=0
split_feature=17 73 18 19 25 74 7 9 73 6 9 53 26 6 14 73 74 7 13 74 14 2 48 20 6 6 7 74 58 18
split_gain=5141.22 1638.58 1318.71 782.554 540.487 392.238 358.297 350.539 342.665 304.443 281.901 263.553 221.013 219.192 217.744 211.206 205.636 196.903 196.04 183.419 168.821 153.684 152.034 129.474 115.421 218.023 160.729 123.516 114.97 113.387
threshold=0.37446653842926031 0.030175910331308845 1.0000000180025095e-35 0.2834331095218659 1.0000000180025095e-35 0.043343961238861091 -0.4054999947547912 0.29957322776317602 0.01521358545869589 0.2937582284212113 0.2484906688332558 0.24964435398578647 0.22396993637084964 0.21661805361509326 0.56247621774673473 0.068964086472988143 0.49850925803184515 0.4467186182737351 0.61035025119781505 0.18289228528738025 0.50316895544528972 -1.1736065149307249 1.0000000180025095e-35 0.70446783304214489 0.014005722478032114 0.029104033485054973 0.25044368207454687 0.021268988959491256 1.0000000180025095e-35 0.68507987260818493
decision_type=2 2 2 2 2 2 2 2 2 2 2 2 2 2 2 2 2 2 2 2 2 2 2 2 2 2 2 2 2 2
left_child=2 8 12 7 5 -4 13 9 -2 14 18 15 16 -7 24 -6 28 19 23 -8 -11 -13 -23 -5 27 26 -26 -3 -1 -17
right_child=1 3 4 10 11 6 17 -9 -10 20 -12 21 -14 -15 -16 29 -18 -19 -20 -21 -22 22 -24 -25 25 -27 -28 -29 -30 -31
leaf_value=-0.016155676047899525 0.020735519083473937 0.0022339024564646923 -0.0019128838730382782 0.0046788739939156053 0.0088106154578637425 0.00044827337614909463 -0.0083134899174823751 0.010561658394553539 0.010596743987233478 -0.0012528904548955357 0.015798985572337387 0.032003424193481587 -0.0056664249605797674 -0.017242196706319355 0.01119405312905526 -0.0027788108777195924 -0.025856726526643944 -0.0036373302681228163 0.017769736157854717 -0.014388343010591142 0.0036762763014779693 0.0053992825981061081 -0.00048980353722457388 0.010476183206438946 0.0049592814143683281 0.0025144350922699532 0.019893186967140777 -0.0058304542916164477 -0.0059883680796791409 -0.010755224449519046
leaf_weight=5355.7683330250002 4445.5327330560685 4276.4368870675098 19092.188734479838 21031.962650049129 1380.2149621488061 6723.1639636766267 20207.834401993598 3781.6486037750728 9288.8476635974075 38723.022273921713 3084.6992667887826 144.04633164871484 2044.8522216419224 691.51412557018921 2754.8509555056226 39466.946711649216 1745.4899768946925 6020.5976725384244 1256.0263773668557 5761.1129272872713 7453.5508582044858 5682.1221795859165 12881.892626661109 4154.9743348736083 1491.1053084621672 31253.750463915174 1150.4612655173987 2841.5348633459653 1240.5895665931312 1669.0235271688434
leaf_count=121077 38508 39434 177281 154305 4990 114007 345069 24310 90193 540595 13637 489 39947 16893 13224 350670 61925 123033 4453 126135 60201 37087 137252 27783 11533 279999 3984 53433 26061 26421
internal_value=0 0.00405624 -0.00427076 0.00296068 -0.00338081 -0.00544293 -0.00715283 0.00161875 0.0138839 0.00124225 0.00721927 -0.00141027 -0.0145229 -0.00120939 0.00303489 -0.00271589 -0.0166896 -0.00852996 0.00621599 -0.00966335 -0.000456906 0.00155661 0.00131328 0.00563692 0.00248569 0.00321497 0.0114853 -0.000986269 -0.014249 -0.00310356
internal_weight=267096 136988 130107 123254 119721 58496.4 39404.2 93726.4 13734.4 89944.7 29527.7 61224.2 10386.7 7414.68 43768.1 42516.2 8341.85 31989.5 26443 25968.9 46176.6 18708.1 18564 25186.9 41013.3 33895.3 2641.57 7117.97 6596.36 41136
internal_count=3063929 1355592 1708337 1226891 1459327 902418 725137 1026713 128701 1002403 200178 556909 249010 130900 401607 382081 209063 594237 186541 471204 600796 174828 174339 182088 388383 295516 15517 92867 147138 377091
is_linear=0
shrinkage=0.03


Tree=36
num_leaves=31
num_cat=0
split_feature=16 17 16 5 15 17 75 75 18 24 25 5 24 7 18 24 18 7 7 2 7 39 53 72 16 7 31 75 33 72
split_gain=5012.48 1757.81 1170.36 536.074 454.355 421.556 305.516 300.55 284.659 259.105 243.163 240.61 248.238 178.615 177.809 157.904 155.692 152.15 130.447 128.283 124.558 124.087 121.736 150.369 117.548 111.098 109.945 107.311 104.923 105.16
threshold=0.31061333417892462 1.0000000180025095e-35 0.53458327054977428 1.0888435840606692 0.46720869839191442 0.22396993637084964 0.050006553530693061 0.026082620024681095 1.0000000180025095e-35 0.53458327054977428 0.22396993637084964 0.14931328594684604 0.31061333417892462 -0.57484117150306691 0.65050083398818981 1.0000000180025095e-35 0.70072525739669811 -0.3992552757263183 -0.21457178145647046 -0.078104279935359941 0.22900585085153582 1.0000000180025095e-35 0.14931328594684604 0.20606220513582232 0.42514967918396002 0.68595293164253246 0.90606299042701732 0.019111314788460735 1.0000000180025095e-35 0.19224619865417483
decision_type=2 2 2 2 2 2 2 2 2 2 2 2 2 2 2 2 2 2 2 2 2 2 2 2 2 2 2 2 2 2
left_child=1 3 7 13 9 14 -7 -2 21 18 16 12 -9 -1 19 17 28 -15 -4 -3 -11 -5 23 -19 -13 -10 -12 -20 29 -8
right_child=2 5 4 8 -6 6 10 11 25 20 26 24 -14 15 -16 -17 -18 22 27 -21 -22 -23 -24 -25 -26 -27 -28 -29 -30 -31
leaf_value=-0.022639444480567525 0.015516257051072223 -0.0063178883823375104 0.018897928748075315 -0.022519181699360343 0.019075349107082622 0.0072782733098092321 -0.0013435718174240052 0.0032920006778178485 -0.011092691713540489 0.011597217259939247 0.001135317224940571 0.0014016281896834367 0.012142285939329801 -0.0015068262940141979 -0.012133632929653498 0.0014145674737722144 -0.005762203594957006 -0.0063185772362499733 0.018638986856314613 -0.0024090105239399895 0.02676271589881735 -0.010051259912625302 -0.0045348066608107756 -0.013489149498296289 0.0043352844007643124 0.0096567291254548594 0.012160654969291163 0.0066392056533678681 0.0018154206332589573 -0.0061903085600462527
leaf_weight=580.71132846846012 1915.3784956205636 10721.457073079888 917.80074365390465 3600.7177003463148 5684.2114656787016 4449.709972829558 47514.906833452842 6173.1192474693526 7056.4245212843525 950.16698655416258 30653.561902360409 30596.276366565726 5307.8256705291569 4091.2967325914942 2314.7651196424849 2415.7422523613786 7744.9090209769201 5280.5135654317273 703.75914556451607 25631.004977337434 1023.6796218315139 911.18301097105723 5950.4036793689302 5277.1479019972612 20558.31634661014 236.982567018189 832.40734916832298 13546.463381210633 8636.5752400722122 4399.6605284822872
leaf_count=17517 22301 135000 8025 113726 45433 42387 513366 28603 161645 5648 250931 281549 18903 81126 42607 47073 157855 81575 8398 246837 2919 21773 108735 109423 195675 5408 5405 142417 98956 62713
internal_value=0 -0.00288464 0.00588621 -0.00886891 0.0117246 -0.00140189 -0.000409341 0.00382103 -0.0140881 0.00928291 -0.000752488 0.00346235 0.00738683 -0.00625555 -0.00407697 -0.0058381 -0.00175804 -0.00668897 0.00794788 -0.00356255 0.0195029 -0.0200134 -0.00797234 -0.0099069 0.00258096 -0.0104129 0.00142845 0.0072372 -0.00124546 -0.00175486
internal_weight=265677 178300 87377 35401.1 22826.1 142899 104232 64550.9 11805.3 17141.9 99782 62635.5 11480.9 23595.8 38667.2 23015.1 68296.1 20599.4 15168 36352.5 1973.85 4511.9 16508.1 10557.7 51154.6 7293.41 31486 14250.2 60551.1 51914.6
internal_count=3063929 2304058 759871 748001 212840 1556057 1131613 547031 302552 167407 1089226 524730 47506 445449 424444 427932 832890 380859 158840 381837 8567 135499 299733 190998 477224 167053 256336 150815 675035 576079
is_linear=0
shrinkage=0.03


Tree=37
num_leaves=31
num_cat=0
split_feature=16 17 16 5 3 14 73 13 3 74 3 73 64 4 13 58 16 17 7 7 6 26 1 5 25 18 6 70 7 22
split_gain=4775.74 1669.87 1133.22 510.609 454.737 436.555 403.142 336.682 301.031 296.89 261.692 238.906 221.057 169.934 147.298 139.736 131.836 129.365 126.126 141.134 121.001 120.94 113.157 111.288 107.248 103.991 102.743 100.131 100.064 99.4475
threshold=0.31061333417892462 1.0000000180025095e-35 0.58756005764007579 1.0888435840606692 0.054208571091294296 0.31061333417892462 0.01753973122686148 0.53458327054977428 0.023464738391339782 0.26560337841510778 0.025666924193501476 0.041294191032648093 -0.84099236130714405 0.14931328594684604 0.46720869839191442 0.70072525739669811 0.42514967918396002 0.31061333417892462 0.24667835235595706 0.070918992161750807 0.02389999479055405 0.98538365960121166 -0.30610413849353785 0.8696076273918153 0.75503185391426098 0.68507987260818493 0.30568799376487737 0.0044387939851731071 -0.57484117150306691 1.1732037067413332
decision_type=2 2 2 2 2 2 2 2 2 2 2 2 2 2 2 2 2 2 2 2 2 2 2 2 2 2 2 2 2 2
left_child=1 3 6 13 11 12 -2 10 24 -5 25 -3 -6 28 21 -10 29 27 19 -13 -20 -7 -11 -15 -4 -8 -16 -14 -1 -12
right_child=2 4 8 9 5 14 7 -9 15 22 16 18 17 23 26 -17 -18 -19 20 -21 -22 -23 -24 -25 -26 -27 -28 -29 -30 -31
leaf_value=-0.027351843335806258 0.016339276445458226 0.0090470846115429382 0.016389779410949625 -0.010762236615169665 -0.0018710656977702609 0.00030920696402490224 0.0083274990679540022 0.012395160079822646 0.012369533879688229 -0.011826568206901301 0.00060906856930971758 -0.0015989564911959039 -0.0079616262093590816 -0.0022868271302212439 0.016965425480571662 0.0033365223592523251 0.0039382418277266124 -0.0033156486909396593 0.014499331269215134 0.0039713586313376457 -0.002356402053372608 -0.0085671716389948954 -0.02457678424226346 -0.0070189086914986265 0.025749694588262203 0.0037978543794563503 0.0032486832200822055 -0.0031917770414856004 -0.0097372965458549354 0.018935286006458652
leaf_weight=305.32952569494955 2414.1327058242168 3523.0271837884793 4754.3510540224379 8290.1057748814637 33948.681541721635 31571.415097483608 10715.5107881109 3945.4308863952756 5021.4678706234845 853.51446929445956 26279.031277324713 5898.3176234706771 15873.825196356855 8742.6937273353105 745.91214572498575 2230.7113507545437 21943.874030907871 18139.430677072611 393.53950489568524 13355.589195460838 10685.418979820795 1440.6626968613127 2501.1045360394492 9174.5807859643246 1459.8640950005502 7969.2380960488517 1436.6617620862089 5292.5837749800412 5223.3053267059004 265.25515183154494
leaf_count=9695 22553 30800 49331 174100 415188 298250 60604 14268 49708 32105 251504 39197 228557 157813 2407 29522 214252 283961 1545 69368 81192 22358 96347 197924 6069 61512 10119 73115 80017 548
internal_value=0 -0.00282357 0.00575729 -0.00868467 -0.00137807 -0.0023256 0.0042915 0.00388158 0.0137572 -0.0138196 0.00338075 0.00165692 -0.00364486 -0.00613221 0.0004203 0.00959504 0.00221792 -0.00517644 0.000797352 0.00226472 -0.00175224 -7.90171e-05 -0.021352 -0.00471118 0.0186045 0.00639703 0.00796101 -0.00676998 -0.01073 0.000795196
internal_weight=264395 177396 86998.9 35090.6 142305 108449 73532.5 71118.3 13466.4 11644.7 67172.9 33855.9 73254.5 23445.9 35194.7 7252.18 48488.2 39305.8 30332.9 19253.9 11079 33012.1 3354.62 17917.3 6214.22 18684.7 2182.57 21166.4 5528.63 26544.3
internal_count=3063929 2304058 759871 748001 1556057 1333955 625241 602688 134630 302552 588420 222102 1000821 445449 333134 79230 466304 585633 191302 108565 82737 320608 128452 355737 55400 122116 12526 301672 89712 252052
is_linear=0
shrinkage=0.03


Tree=38
num_leaves=31
num_cat=0
split_feature=16 17 15 5 73 3 26 72 16 73 16 18 17 14 70 70 72 64 14 70 70 26 4 72 18 2 70 56 36 7
split_gain=4586.12 1603.71 1100.91 487.215 483.481 418.365 413.606 317.03 303.749 226.056 206.346 205.793 200.121 171.413 158.151 189.887 171.843 153.345 151.667 142.528 141.341 129.043 120.187 117.197 117.333 112.425 115.403 109.637 107.286 105.141
threshold=0.31061333417892462 1.0000000180025095e-35 0.42514967918396002 1.025986433029175 0.01753973122686148 0.054208571091294296 0.22396993637084964 0.45738236606121069 0.46720869839191442 0.052673982456326492 0.63123199343681347 0.70072525739669811 0.31061333417892462 0.46720869839191442 0.014458179008215668 -0.0037498875753954049 0.20334322750568393 -0.8459239900112151 0.83743754029273998 0.00041249472997151321 -8.4953435361967405e-06 0.87028044462203991 0.3114724606275559 0.021867183968424801 0.68507987260818493 -0.10091152414679526 -0.018230828456580635 1.0000000180025095e-35 0.74716442823410045 0.24667835235595706
decision_type=2 2 2 2 2 2 2 2 2 2 2 2 2 2 2 2 2 2 2 2 2 2 2 2 2 2 2 2 2 2
left_child=1 3 4 14 -2 9 12 25 18 -3 -4 21 -7 17 15 -1 -17 -8 23 20 -18 -10 -19 24 -6 27 -27 -5 -23 -11
right_child=2 5 10 7 8 6 13 -9 11 29 -12 -13 -14 -15 -16 16 19 22 -20 -21 -22 28 -24 -25 -26 26 -28 -29 -30 -31
leaf_value=-0.0027770232587401591 0.016582229696490931 0.0071863701699427778 0.011619997100676998 -0.01700883205721742 0.0050949367148084039 -0.0061284273973575042 0.00036765729186635077 -0.022182377185631704 0.0082019853595550682 0.0018683166496448864 0.02055258216038278 0.0042061940213103232 -0.0022742237336697969 0.0022043044916373908 0.00014074431746899336 -0.0056299883823644906 -0.011122649713820158 -0.0057420479527034666 0.01196449918433835 -0.0079178633411494462 -0.025646027543123371 0.02257411177412268 -0.0013877466272994696 0.00058747908127643547 0.000756884348775415 0.00059385280987116565 -0.0099034710449165241 -0.0061525881460464792 0.0071669185520341601 -0.0019288147664073916
leaf_weight=6511.1498491059756 2840.6513500906876 5392.9005368590006 6009.0261590346927 3454.3605223416525 16569.943436787871 25791.132297162403 20676.731245288451 2587.8488979967733 9812.458131555235 18041.192084309703 3828.3768264460377 14706.896258706693 22901.016747708112 14864.992808954092 3690.5989900064378 5117.6732140701497 1187.0638714993838 9659.7399795707897 1486.8216572860256 2108.7607602619682 1248.1564337734017 1128.3558734552935 13944.701075144054 21009.677903987118 8490.0715365547512 1095.2973725096381 6700.0639333037398 1114.7849924631591 644.29819223051891 10309.776907633641
leaf_count=119179 27071 47561 41767 84558 90912 344766 218170 87522 78378 98716 35058 168281 340182 125942 64803 92501 24428 118281 5599 44019 26121 3492 186614 237615 67545 26111 151694 27065 4153 75825
internal_value=0 -0.00277495 0.00565703 -0.00854297 0.00444447 -0.00135633 -0.00226856 -0.0126334 0.00397665 0.00155876 0.0151036 0.00656423 -0.00431614 -0.000582639 -0.00546173 -0.0067402 -0.00940833 -0.00151842 0.00254555 -0.013654 -0.0185982 0.0095548 -0.00317054 0.00224046 0.00362578 -0.0106279 -0.00842841 -0.0143688 0.0170054 0.000487261
internal_weight=262925 176398 86526.6 34815.8 76689.2 141582 107838 14952.4 73848.5 33743.9 9837.4 26292 48692.1 59146.2 19863.4 16172.8 9661.65 44281.2 47556.5 4543.98 2435.22 11585.1 23604.4 46069.7 25060 12364.5 7795.36 4569.15 1772.65 28351
internal_count=3063929 2304058 759871 748001 683046 1556057 1333955 376950 655975 222102 76825 254304 684948 649007 371051 306248 187069 523065 401671 94568 50549 86023 304895 396072 158457 289428 177805 111623 7645 174541
is_linear=0
shrinkage=0.03


Tree=39
num_leaves=31
num_cat=0
split_feature=17 16 18 5 73 72 5 18 19 73 72 53 7 14 73 75 2 65 65 13 66 3 64 7 4 5 7 2 18 73
split_gain=4440.71 1634.7 1130.88 497.542 462.489 428.324 291.172 277.408 266.07 256.577 237.204 234.223 213.5 186.937 182.802 172.124 169.464 161.006 206.542 133.76 131.262 127.977 119.104 113.33 107.682 170.181 135.258 102.205 102.184 107.036
threshold=0.37446653842926031 0.50316895544528972 1.0000000180025095e-35 0.82655596733093273 0.01521358545869589 0.022881638258695606 1.1620228886604311 0.66838845610618602 0.49501426517963415 0.026942956261336807 0.17219432443380359 0.24964435398578647 -0.21457178145647046 0.37446653842926031 0.063684668391942992 0.32589967548847204 -1.1736065149307249 0.0068744230084121236 -0.015913497656583783 0.37446653842926031 0.0010059467167593541 0.075121678411960616 -0.96114543080329884 0.08094974979758264 0.51887804269790661 1.3384286761283877 0.096712969243526473 -0.071582600474357591 0.68507987260818493 0.18158587068319323
decision_type=2 2 2 2 2 2 2 2 2 2 2 2 2 2 2 2 2 2 2 2 2 2 2 2 2 2 2 2 2 2
left_child=2 5 6 11 -3 9 17 10 12 -2 21 14 -6 -7 -4 -12 -13 18 -1 20 -11 -5 -8 -24 26 27 -17 -26 29 -16
right_child=1 4 3 7 8 13 22 -9 -10 19 15 16 -14 -15 28 24 -18 -19 -20 -21 -22 -23 23 -25 25 -27 -28 -29 -30 -31
leaf_value=-0.0066604623868419923 0.011025710505644184 0.021864563049405691 0.0083808162153682503 0.00026155364492797168 0.018431008282734272 -0.00086987155681153051 -0.0070577956595148763 -0.013571134476037099 0.014580318018559477 0.0035655113738800974 -0.012519119944525073 0.031824543016829632 0.0064164785344767395 0.0029884903544473108 0.00029122160011389806 -0.0026764103405373203 0.0011225576957638813 -0.0038744630034377972 -0.019957206838233963 0.008366640494267304 -0.0012597670199088482 -0.0042522721892738783 -0.0066713397663269534 -0.02546282579288893 -0.010790405430411125 0.038597658220422541 -0.0096027515420795094 0.0057661829747627314 -0.01003934119053931 -0.0034417431432111293
leaf_weight=2022.4481263300695 4354.7477374632726 2746.9894333989942 1320.9114983438049 7153.10486137314 1431.8692653018516 39096.124148647476 480.26356404923717 3417.3686630252632 5795.7301428651845 36188.306639653165 4721.6937107211852 159.2121232226491 18616.052420716238 15891.610436641378 8832.5269417106174 4249.9134184527356 19024.818085059989 2407.2838834787835 2202.2187497222039 4434.4140921523795 5897.529964393354 26912.65435653548 330.8217832147493 2517.7634115244437 562.7140908925212 101.16396179614821 6316.2838442560751 818.59537862503203 1744.2210651017376 31759.310204172012
leaf_count=42944 41566 23929 5422 70947 11092 603172 12449 81600 46329 222938 96927 570 187096 148918 50045 88614 176896 49444 50462 17738 52814 392516 14781 78930 13671 2409 121779 16422 29726 311783
internal_value=0 0.00380022 -0.00402149 -0.00319567 0.010165 0.00208091 -0.0137238 -0.00530023 0.00891805 0.00406468 -0.00474313 -0.00137841 0.00727831 0.00024526 -0.00259249 -0.00766384 0.00138418 -0.0100782 -0.0136051 0.00341207 0.00288918 -0.00330441 -0.0209646 -0.0232945 -0.00575724 0.0018078 -0.00681935 -0.000987028 -0.00293572 -0.00262941
internal_weight=261509 134453 127055 117094 28590.6 105863 9960.8 54253.5 25843.7 50875 50836.1 62841 20047.9 54987.7 43657 16770.4 19184 6631.95 4224.67 46520.3 42085.8 34065.8 3328.85 2848.59 12048.7 1482.47 10566.2 1381.31 42336.1 40591.8
internal_count=3063929 1355592 1708337 1459327 268446 1087146 249010 884885 244517 335056 803285 574442 198188 752090 396976 339822 177466 142850 93406 293490 275752 463463 106160 93711 242895 32502 210393 30093 391554 361828
is_linear=0
shrinkage=0.03


Tree=40
num_leaves=31
num_cat=0
split_feature=16 16 18 17 73 3 18 12 5 26 3 12 3 18 73 25 36 17 20 58 73 6 6 4 5 64 40 33 4 74
split_gain=4278.66 1402.27 1163.29 530.387 442.687 368.675 299.415 286.906 277.845 271.231 207.506 199.593 191.183 186.887 167.32 152.312 152.023 142.14 173.798 136.649 131.391 120.927 185.768 117.835 290.264 112.841 109.899 107.563 103.829 101.464
threshold=0.22396993637084964 0.53458327054977428 1.0000000180025095e-35 0.22396993637084964 0.037166325375437743 0.023464738391339782 0.65050083398818981 0.37446653842926031 1.1620228886604311 0.22396993637084964 0.073909584432840361 0.42514967918396002 0.025666924193501476 0.70072525739669811 0.012415385339409115 0.22396993637084964 1.0000000180025095e-35 0.50316895544528972 1.133175849914551 1.0000000180025095e-35 0.01753973122686148 0.068837314844131484 0.14687036722898486 0.55233678221702587 1.3265168666839602 -0.96114543080329884 0.80801811814308178 1.0000000180025095e-35 0.39170669019222265 0.20262710750103
decision_type=2 2 2 2 2 2 2 2 2 2 2 2 2 2 2 2 2 2 2 2 2 2 2 2 2 2 2 2 2 2
left_child=2 4 8 6 20 14 9 12 16 10 -4 -7 -6 15 -3 27 -1 18 -14 21 -2 -12 -23 -24 -25 -10 -11 -5 -19 -8
right_child=1 5 3 13 7 11 29 -9 25 26 19 -13 17 -15 -16 -17 -18 28 -20 -21 -22 22 23 24 -26 -27 -28 -29 -30 -31
leaf_value=-0.015744331299029326 0.015332085414736574 0.023794121096861177 -0.00093008045327222109 -0.0019293727676320473 0.0041591143917659949 0.0066442688902546973 -0.011379760557481045 0.010600135293851129 -0.0070985136798524954 -0.0018660959759669684 -0.012258946784405219 0.019611540311450446 -0.00070745351611425727 -0.0058707195611208485 0.013589848503445918 0.0020458368575670019 -0.0063348954322791605 0.00079854975533080231 0.02682757075131309 -0.0037452300434702955 0.0068846187636965178 -0.0036310504017758932 -0.011367991964231564 -0.0090087275567187763 0.034870372468163983 -0.022940093217234031 0.02302259875664844 0.0021984098382914199 0.0043375259025838636 -0.029689939157018543
leaf_weight=2495.242800163207 2172.8660993279627 1824.2678596494952 6267.6766599411931 40065.441689123109 20361.363227383699 12083.471145612813 3681.3412928793405 3331.2007247712463 479.58954498945968 22585.030690270782 5129.5442918361805 1170.1012508175336 33079.632489287702 6367.7601380677661 7170.1600843228516 16017.777179629309 4082.4130284722196 17623.672461499053 203.59821849875152 8529.2099597324559 7034.9372719900275 7724.7852873102238 7150.9593768210616 588.17505475366488 172.0046435497643 2787.8644460725045 156.80442149122246 6615.9360989569395 12942.944957862142 292.77750695083523
leaf_count=62938 21780 14963 33815 479940 111600 130645 88617 12040 12449 300143 78293 4561 278159 138996 62671 137305 79912 218993 150 147806 65290 82082 162478 18101 4128 93711 1388 82148 132243 6584
internal_value=0 0.0041904 -0.00353178 -0.00278597 0.00262844 0.010981 -0.0047935 0.00197001 -0.0134761 -0.00424969 -0.00588591 0.007795 0.00162808 -0.000975518 0.0156697 -0.000477944 -0.00991246 0.000820671 -0.000535679 -0.0069458 0.00888434 -0.00825921 -0.00694396 -0.0101748 0.00104439 -0.0206278 -0.00169027 -0.00134413 0.00229759 -0.0127583
internal_weight=260189 118998 141190 131345 96750.2 22248 62278.3 87542.4 9845.11 58304.2 35562.4 13253.6 84211.2 69066.9 8994.43 62699.2 6577.66 63849.8 33283.2 29294.7 9207.8 20765.5 15635.9 7911.14 760.18 3267.45 22741.8 46681.4 30566.6 3974.12
internal_count=3063929 1053095 2010834 1761824 840255 212840 923435 753185 249010 828234 526703 135206 741145 838389 77634 699393 142850 629545 278309 492888 87070 345082 266789 184707 22229 106160 301531 562088 351236 95201
is_linear=0
shrinkage=0.03


Tree=41
num_leaves=31
num_cat=0
split_feature=16 17 15 5 75 73 26 13 74 15 16 5 6 61 6 4 33 17 22 7 1 13 7 6 7 6 7 7 6 16
split_gain=4131.32 1401.54 984.334 444.171 437.477 369.773 380.172 313.427 260.592 201.537 194.124 180.672 178.83 191.351 158.758 154.73 143.797 123.39 119.997 126.46 133.441 109.836 107.318 148.257 107.292 146.135 105.484 150.193 102.459 101.79
threshold=0.31061333417892462 1.0000000180025095e-35 0.42514967918396002 1.0888435840606692 0.029818445444107059 0.046521574258804328 0.22396993637084964 0.56247621774673473 0.30964486300945288 0.22396993637084964 0.63123199343681347 0.63257101178169262 0.22250916063785556 -0.20781050622463224 0.29020731151103979 0.14931328594684604 1.0000000180025095e-35 0.31061333417892462 1.0000000180025095e-35 0.24900344014167788 -0.34404355287551874 0.46720869839191442 0.049958098679780967 0.075978700071573271 0.37824505567550665 0.17786761373281482 0.43593853712081915 0.24397265166044238 0.44248470664024359 0.42514967918396002
decision_type=2 2 2 2 2 2 2 2 2 2 2 2 2 2 2 2 2 2 2 2 2 2 2 2 2 2 2 2 2 2
left_child=1 3 4 15 -2 -3 12 9 22 28 -4 18 16 -14 26 -1 17 -7 19 20 -8 -20 -5 -24 25 -13 27 -11 29 -6
right_child=2 5 10 8 7 6 11 -9 -10 14 -12 24 13 -15 -16 -17 -18 -19 21 -21 -22 -23 23 -25 -26 -27 -28 -29 -30 -31
leaf_value=-0.010165921475028632 0.012965095991715589 0.0064568603250336875 0.011047749522627914 -0.0036382606496723753 0.0011375346880456011 -0.0042068663034381939 -0.023947229476731474 0.013053477842169679 -0.021389906386296672 0.0081747321790117018 0.019814728349485028 -0.00038397933331030839 -0.014979052730560286 -0.004653591615480116 0.0035561296034523531 -0.0043388312334660352 0.0031826671095715495 -0.00075598897101849356 0.00049377393186464586 -0.02089765827543974 0.010953687906291995 0.0075402106696757926 -0.01923747891143179 -0.0094228986591811652 0.0010787234296231461 -0.004872116739597596 0.003631091176809651 0.019299787756057354 -0.0027699951029326922 0.0042791168392096865
leaf_weight=5357.5704988622165 4862.7072203185962 5290.559925577807 5891.6799371302186 1666.9001987377414 22627.03383226326 21640.50893238408 99.371425399556756 3057.7738478053361 2566.155074399212 5016.8778345712926 3728.8615283019317 13304.842904992809 1751.8410202112282 20427.725491206395 16183.427361118811 17539.89499379578 4112.7548921205453 16394.428326251684 29507.784219739726 126.85227582696825 2239.0873543573543 2131.1989446976222 1915.3962220665853 5067.8818472492858 9905.3378316391609 12822.967385274533 2808.40953744133 1398.9856907026842 3743.3737735809991 15745.772307856052
leaf_count=89712 55050 46143 41767 47432 207391 201212 423 11128 103441 27434 35058 116309 34527 340609 135044 355737 41684 172891 235009 423 2176 12245 30394 121285 131784 220622 23495 3814 56525 163165
internal_value=0 -0.00265053 0.00541745 -0.00810189 0.00426448 -0.00131965 -0.00162584 0.00366429 -0.0129929 0.00323829 0.0144531 -9.80698e-05 -0.00329142 -0.0054719 0.0053484 -0.00570399 -0.00214346 -0.00271977 0.00146686 0.00783664 0.00943031 0.000969457 -0.0104925 -0.012125 -0.00157935 -0.00258724 0.00848943 0.0106118 0.00196482 0.00242707
internal_weight=258934 173869 85064.9 34113.8 75444.4 139755 134465 70581.7 11216.3 67523.9 9620.54 70137.4 64327.3 22179.6 25407.7 22897.5 42147.7 38034.9 34104.3 2465.31 2338.46 31639 8650.18 6983.28 36033.1 26127.8 9224.27 6415.86 42116.2 38372.8
internal_count=3063929 2304058 759871 748001 683046 1556057 1509914 627996 302552 616868 76825 718991 790923 375136 189787 445449 415787 374103 250276 3022 2599 247254 199111 151679 468715 336931 54743 31248 427081 370556
is_linear=0
shrinkage=0.03


Tree=42
num_leaves=31
num_cat=0
split_feature=16 17 75 18 9 19 15 18 5 75 26 13 3 14 7 6 38 7 6 30 6 36 6 6 57 27 6 5 4 72
split_gain=3983.48 1663.16 736.672 661.461 498.349 389.533 352.988 267.77 258.063 241.867 239.533 217.805 193.073 184.13 153.461 155.376 192.888 149.962 140.981 170.723 140.798 140.011 132.542 132.515 127.534 121.237 119.721 151.887 191.273 115.976
threshold=0.37446653842926031 0.22396993637084964 0.023934200406074527 1.0000000180025095e-35 0.53471076488494884 0.52258238196372997 1.0000000180025095e-35 0.65050083398818981 1.1620228886604311 0.040543025359511382 0.22396993637084964 0.56247621774673473 0.077707804739475264 0.50316895544528972 0.37824505567550665 0.28611345589160925 0.53458327054977428 -0.39685551822185511 0.2937582284212113 1.0000000180025095e-35 0.068837314844131484 1.0000000180025095e-35 0.36169528961181646 0.48132444918155676 1.0000000180025095e-35 1.0382493734359743 0.32805556058883673 1.3903343081474306 0.55233678221702587 0.2004266753792763
decision_type=2 2 2 2 2 2 2 2 2 2 2 2 2 2 2 2 2 2 2 2 2 2 2 2 2 2 2 2 2 2
left_child=1 3 -2 8 5 11 13 10 21 -8 12 22 -5 23 15 16 -12 -14 19 25 24 -1 -4 -3 -19 -11 -22 -28 -29 -9
right_child=2 6 4 7 -6 -7 9 29 -10 18 14 -13 17 -15 -16 -17 -18 20 -20 -21 26 -23 -24 -25 -26 -27 27 28 -30 -31
leaf_value=-0.015296235559814995 0.018304997309963555 -0.0015972808732316508 0.0055452870464739604 -0.00090780951985402938 0.021410615927511211 0.011913336455294726 0.011016785421877038 -0.010228414945183605 -0.02008006286349133 0.0020386673706689214 -0.0015127043870812509 0.012891681322744307 -0.00247926489009844 0.0032102245660812216 0.0032827075110413743 -0.0067171944849724998 0.022633017173300549 -0.01559392469136482 -0.00022969309434646206 0.011000711142030476 -0.0049863758465891394 -0.0061853414853122301 0.0023382228378111252 -0.010810940159777953 -0.0048320577857648437 0.024241549776544385 -0.011481474087274925 -0.010950856358245662 0.039695763939931968 -0.025722768508588765
leaf_weight=2439.8509262272128 4489.947513812629 66411.853755560645 21389.74262550351 6318.2952269351808 1756.9734017411247 6828.430663641775 2517.588596314803 3376.7055109172506 3170.463338445421 21599.931229082984 11491.143402124115 2499.0182986415457 5996.8040305687027 7333.6632377826609 4468.9671401834348 6317.7261279269587 301.66979661420919 3347.8162146640825 22505.692772479728 2216.1536812176928 12551.116991268878 4041.703879905428 25368.199340385647 1431.6145457274979 1415.7661576040555 219.71478191949427 5126.6002586257237 147.53167144797044 117.010270504863 498.83858419803437
leaf_count=62938 49093 886821 182158 35216 6399 48563 24443 83283 106160 111186 121286 9798 113073 62253 56110 122585 1550 49152 193953 7332 169845 79912 276240 32972 18476 273 135210 3360 2371 11918
internal_value=0 -0.00210686 0.0066031 -0.00576494 0.00569348 0.00519954 -1.23704e-05 -0.00461791 -0.0130652 0.00196702 -0.00410361 0.00426783 -0.00565697 -0.00130418 -0.00169357 -0.00292223 -0.000887191 -0.00670197 0.00147649 0.00307401 -0.00781639 -0.00962297 0.00380576 -0.0017924 -0.0124031 0.00226685 -0.0065959 -0.0103357 0.0116916 -0.0122484
internal_weight=257697 195364 62332.3 71128 57842.4 56085.4 124236 61476 9652.02 49059.1 57600.4 49257 35020.9 75177.1 22579.5 18110.5 11792.8 28702.6 46541.5 24035.8 22705.8 6481.55 46757.9 67843.5 4763.58 21819.6 17942.3 5391.14 264.542 3875.54
internal_count=3063929 2491678 572251 1172445 523158 516759 1319233 923435 249010 337187 828234 468196 526703 982046 301531 245421 122836 491487 312744 118791 378414 142850 458398 919793 67628 111459 310786 140941 5731 95201
is_linear=0
shrinkage=0.03


Tree=43
num_leaves=31
num_cat=0
split_feature=17 16 18 9 26 72 9 75 74 54 26 72 18 75 3 26 72 7 75 4 70 12 11 75 72 4 13 36 7 18
split_gain=3842.57 1419.39 947.556 411.233 405.343 369.635 239.738 227.39 223.135 221.272 179.826 189.607 178.923 176.434 163.174 150.803 205.175 166.945 170.027 142.505 125.877 121.444 118.062 116.614 137.982 108.11 106.991 106.396 101.619 96.2995
threshold=0.37446653842926031 0.50316895544528972 1.0000000180025095e-35 0.17917595058679583 1.0000000180025095e-35 0.022881638258695606 0.29957322776317602 0.023934200406074527 0.043343961238861091 1.0000000180025095e-35 0.22396993637084964 0.45738236606121069 0.68507987260818493 0.034738782793283469 0.020218890160322193 0.37446653842926031 0.18695982545614245 0.37824505567550665 0.19011529535055163 0.3354459702968598 -0.017148691229522225 0.42514967918396002 1.0000000180025095e-35 0.32316802442073828 0.20334322750568393 0.55233678221702587 0.37446653842926031 0.64691844582557689 0.3548355251550675 0.58756005764007579
decision_type=2 2 2 2 2 2 2 2 2 2 2 2 2 2 2 2 2 2 2 2 2 2 2 2 2 2 2 2 2 2
left_child=2 5 10 7 8 6 13 -3 -4 12 11 20 15 -2 27 16 -6 18 29 -7 -1 -9 -11 24 -10 -25 -15 -5 -20 -17
right_child=1 3 4 14 9 19 -8 21 23 22 -12 -13 -14 26 -16 17 -18 -19 28 -21 -22 -23 -24 25 -26 -27 -28 -29 -30 -31
leaf_value=-0.0021552455973633216 0.0096356130884909345 0.016510569137079576 -0.0022919804301225143 0.026025777046108235 -0.0025506142488026908 -0.0013721609662249831 0.012199479155052553 0.0062427378877966859 -0.0089639286478400346 -0.00075739978222989237 -0.0046536050786061649 -0.021311841400064986 -0.010445047861658898 0.0023011346180105757 0.010822994906742413 0.011442464738234895 -0.007775706278152026 0.0044488554680727523 -0.0017079675810368774 0.0017041651401010897 -0.013898450680722974 0.017466191902294526 0.0041552577906864606 -0.006434958452844833 -0.019586484359003013 0.0083535845674809952 0.007549710268962959 0.014607203518159428 -0.0073837735810645165 -0.00077973596096265162
leaf_weight=1046.1812998799724 3646.7679270602093 2404.5484268788132 9003.888062993763 1870.1757606440224 29223.631313573394 25846.432837578061 2890.0962079809979 19269.755066556841 7951.8377724272432 18598.0320716282 1923.5647839049925 2708.7941512516554 2748.0277101578395 39466.85586757306 2234.2856346679619 1201.9410559688695 8801.6373016552388 4591.2964578223764 11091.661924929766 28481.121056040342 3865.9851532623143 906.71289138169959 5763.6368931826437 9152.2851902852708 1279.5544793553418 464.0166843571933 3833.5548564502969 1246.4817228018073 3814.9580886711483 1115.957015814085
leaf_count=21744 40852 29920 94536 9047 254153 387006 13403 201665 154327 251686 39947 95381 54495 265190 16182 3839 147981 43800 117506 365084 91938 3563 28792 189294 32915 13130 15611 8069 60542 12331
internal_value=0 0.00356288 -0.00378493 0.00956776 -0.0030295 0.00195231 0.00381807 0.00779292 -0.00617907 -0.00202036 -0.0128657 -0.0149344 -0.00296449 0.00330102 0.0170453 -0.00262022 -0.00376087 -0.00063153 -0.00198672 0.000240521 -0.0114021 0.0067507 0.000405174 -0.00803488 -0.0104446 -0.00571772 0.00276657 0.021485 -0.00316243 0.00556492
internal_weight=256444 132097 124347 27932 114802 104165 49837.3 22581 27851.6 86950.8 9544.53 7620.96 62589.1 46947.2 5350.94 59841.1 38025.3 21815.8 17224.5 54327.6 4912.17 20176.5 24361.7 18847.7 9231.39 9616.3 43300.4 3116.66 14906.6 2317.9
internal_count=3063929 1355592 1708337 268446 1459327 1087146 335056 235148 484202 975125 249010 209063 694647 321653 33298 640152 402134 238018 194218 752090 113682 205228 280478 389666 187242 202424 280801 17116 178048 16170
is_linear=0
shrinkage=0.03


Tree=44
num_leaves=31
num_cat=0
split_feature=16 16 18 5 75 19 74 5 12 3 14 7 7 7 3 72 65 65 6 64 6 6 75 22 2 72 5 4 64 7
split_gain=3698.11 1230.62 982.068 421.126 360.354 334.523 267.578 246.869 241.617 252.818 215.965 204.077 174.456 168.177 167.81 150.823 142.293 182.55 130.803 128.524 122.132 194.9 121.246 116.739 108.479 106.845 105.719 112.703 103 104.895
threshold=0.22396993637084964 0.53458327054977428 1.0000000180025095e-35 0.83002835512161266 0.031541910022497184 0.49501426517963415 0.080945663154125228 1.1620228886604311 0.37446653842926031 0.025666924193501476 0.37446653842926031 -0.21457178145647046 -0.3992552757263183 0.27237541973590856 0.16171395033597949 0.2004266753792763 0.0068744230084121236 -0.015913497656583783 0.21661805361509326 -0.86010774970054615 0.051660211756825454 0.021199905313551429 0.25578215718269354 1.2673993706703188 -1.1736065149307249 0.023889117874205116 1.3811918497085574 0.4769654124975205 -0.96114543080329884 0.08094974979758264
decision_type=2 2 2 2 2 2 2 2 2 2 2 2 2 2 2 2 2 2 2 2 2 2 2 2 2 2 2 2 2 2
left_child=2 4 7 10 -2 11 -5 16 9 -6 14 -3 18 15 -4 -14 17 -1 -8 23 21 -13 -15 -11 -12 -22 -24 -28 -9 -30
right_child=1 5 3 6 8 -7 12 28 -10 19 24 20 13 22 -16 -17 -18 -19 -20 -21 25 -23 26 -25 -26 -27 27 -29 29 -31
leaf_value=-0.0060709223056415349 0.011771221283601557 0.019182203385359559 -0.00026495541466863926 -0.0027048874579154217 0.0044867920987013551 0.01638955742942784 -0.00033612039869169243 -0.0064952924728358058 0.010033377532120811 0.0019494650422832596 0.026275634102678896 0.0045779312437141855 -0.0075598722372232216 -0.011078193853865546 -0.0038188084348722302 -0.014230122280973239 -0.0033506016724584426 -0.0188777742021695 -0.016534374268496826 -0.00054811005057260999 0.0076304548740475323 0.022890881389728834 -0.003375600059874596 0.020109246623549574 0.0015378143885121519 0.0014127634729076441 0.00031417370608731741 0.035204725314371507 -0.0054832475400821146 -0.024114412144231732
leaf_weight=1951.561543547461 3598.1262729368755 1355.5371234943159 23914.760545282072 35834.267650352624 23165.987725103274 6029.7353012172389 4865.0362925057416 463.89389450015733 3322.892198334448 33301.547007922898 156.95839948859066 1054.7106973929331 8509.8237595618921 1896.0827306787251 23920.733824945637 4777.3074042569206 2331.4239286572556 2069.132197829982 490.34481056517689 31273.585683523677 8709.2608148317522 1039.9658790200483 5773.4622579252464 317.78674983559176 18677.649482041539 3486.7204617300158 221.3409902981366 129.9518124468741 311.99307141901227 2312.3610683142906
leaf_count=42944 41777 10944 198190 495765 136411 52685 95210 12449 12342 297546 614 12115 160615 54181 298091 104926 49444 50462 13942 351795 84011 3484 143226 384 189475 49601 5100 2489 14781 78930
internal_value=0 0.00393595 -0.0033126 -0.00262966 0.00246367 0.0103853 -0.00439883 -0.0126515 0.00209664 0.00179666 -0.000970972 0.00806754 -0.0066745 -0.00789096 -0.00204237 -0.00996202 -0.00925758 -0.0126749 -0.00183132 0.000836023 0.00700788 0.0136984 -0.00445627 0.00212363 0.00174974 0.00585429 -0.00239965 0.0134847 -0.0196098 -0.0219129
internal_weight=255264 116656 138608 129168 94979.9 21675.9 62497.6 9440.37 91381.8 88058.9 66670.1 15646.2 26663.4 21308 47835.5 13287.1 6352.12 4020.69 5355.38 64892.9 14290.7 2094.68 8020.84 33619.3 18834.6 12196 6124.76 351.293 3088.25 2624.35
internal_count=3063929 1053095 2010834 1761824 840255 212840 1075454 249010 798478 786136 686370 160155 579689 470537 496281 265541 142850 93406 109152 649725 149211 15599 204996 297930 190089 133612 150815 7589 106160 93711
is_linear=0
shrinkage=0.03


Tree=45
num_leaves=31
num_cat=0
split_feature=16 17 16 26 74 9 19 75 19 75 13 25 14 2 7 72 73 73 71 3 58 32 7 7 7 2 30 20 64 7
split_gain=3580.16 1180.43 884.976 565.221 386.641 379.645 247.588 234.175 232.856 189.537 183.708 177.308 154.398 143.952 146.228 139.364 180.197 125.502 111.187 117.138 106.754 102.008 108.471 170.906 103.521 94.7028 94.3495 93.7303 90.8569 90.1298
threshold=0.31061333417892462 0.22396993637084964 0.58756005764007579 1.0000000180025095e-35 0.32435926795005804 0.48828019201755529 0.46715016663074499 0.050006553530693061 0.49501426517963415 0.031541910022497184 0.53458327054977428 0.22396993637084964 0.37446653842926031 -0.085436709225177751 -0.3992552757263183 0.17450125515460971 0.34703943133354193 1.2413532137870791 0.0072768034879118213 0.196578323841095 0.70072525739669811 0.20707555115222934 0.21002949774265292 0.37428300082683569 -0.57484117150306691 -1.1736065149307249 0.63123199343681347 0.98171016573905956 1.0000000180025095e-35 0.66874989867210399
decision_type=2 2 2 2 2 2 2 2 2 2 2 2 2 2 2 2 2 2 2 2 2 2 2 2 2 2 2 2 2 2
left_child=1 3 5 4 13 6 9 -3 20 -2 28 18 15 14 -1 -5 -17 21 19 27 -4 22 24 -24 -18 -14 -13 -9 -11 -16
right_child=2 7 8 12 -6 -7 -8 11 -10 10 -12 26 25 -15 29 16 17 -19 -20 -21 -22 -23 23 -25 -26 -27 -28 -29 -30 -31
leaf_value=-0.0017586541379164637 0.01026869857638849 0.006460710472784595 0.011619650247086373 -0.0028647579164848549 -0.018985246787107442 0.017395910134616256 0.008232024045643889 4.0009433395492586e-05 0.017989818086766998 0.0025992627636848894 0.0099443670902045894 0.00090518248594132085 0.024972656355676352 -0.0059418350526964968 -0.014280985018144251 -0.012111540857488478 -0.022146268200291117 -0.020021940345655635 -0.0038905220566256213 -0.0028036985938188794 0.0041378541372372665 -0.00021462752901960959 -0.016059675491528522 -0.00061019631365126763 -0.001911771452711399 -0.00033296425380234659 0.011622443757203225 0.020534022678284868 -0.00048783882714294538 0.00070875748761119813
leaf_weight=1205.5003469404764 2875.0309573610284 4269.4483543855313 5871.274039989803 22228.554690151272 3180.0627940777995 1793.7029479602352 8470.3904270714556 32046.293642018893 4378.3776384010853 44209.133702687745 2748.0338480826467 29852.898988122004 131.21194545086473 13567.491134832519 5326.40216647138 3941.0855001015007 237.88822486977006 456.44442590081599 14710.946276152274 18937.158405688999 2436.479215503161 4014.4371935862873 1861.1962925184635 986.04782496480038 3882.8343482778218 8505.4417262458592 754.20667397743091 198.11890851845965 10641.970041558612 386.23258436963079
leaf_count=26760 33979 42387 60791 246247 122785 7572 55908 372832 40655 396874 10428 251307 711 249288 111442 81410 7602 14025 220375 239341 33184 65897 33010 19269 75608 110338 5029 342 120480 8053
internal_value=0 -0.00248955 0.00509329 -0.00548475 -0.00925541 0.00378425 0.00342907 -0.000411378 0.0123887 0.00275577 0.00238 -0.000715723 -0.0035544 -0.00774138 -0.0112644 -0.00438501 -0.00658062 -0.00467106 -0.00159215 -0.000931193 0.00942899 -0.00402558 -0.00621915 -0.0107192 -0.00310134 6.23519e-05 0.0011709 0.000168601 0.00200024 -0.013267
internal_weight=254104 170680 83424.4 69910.8 23665.7 70738.3 68944.6 100769 12686.1 60474.2 57599.1 96499.6 46245.1 20485.6 6918.14 37608.5 15379.9 11438.8 65892.5 51181.6 8307.75 10982.4 6967.97 2847.24 4120.72 8636.65 30607.1 32244.4 54851.1 5712.63
internal_count=3063929 2304058 759871 1172445 518328 625241 617669 1131613 134630 561761 527782 1089226 654117 395543 146255 543068 296821 215411 832890 612515 93975 201386 135489 52279 83210 111049 256336 373174 517354 119495
is_linear=0
shrinkage=0.03


Tree=46
num_leaves=31
num_cat=0
split_feature=17 15 18 73 5 9 73 14 5 20 52 74 6 72 75 72 73 2 73 18 18 6 6 70 6 9 6 13 14 15
split_gain=3444.83 1243.05 837.509 495.383 377.298 255.883 250.504 241.937 233.349 207.348 206.127 200.311 181.892 159.992 156.333 186.069 146.665 136.142 132.664 120.061 117.407 113.886 165.171 113.118 110.561 105.133 101.348 100.121 98.2997 97.9262
threshold=0.37446653842926031 0.22396993637084964 1.0000000180025095e-35 0.025321914814412597 0.82655596733093273 0.48828019201755529 0.038635572418570525 0.46720869839191442 0.91924014687538158 0.50335456430912029 0.24964435398578647 0.043343961238861091 0.26574076712131506 0.45738236606121069 0.3047808855772019 0.20334322750568393 0.13829530030488971 -1.1736065149307249 1.0000000180025095e-35 0.37446653842926031 0.56247621774673473 0.014005722478032114 0.029104033485054973 -0.017148691229522225 0.29020731151103979 0.37376695871353155 0.11574076116085054 0.53458327054977428 0.78919351100921642 0.56247621774673473
decision_type=2 2 2 2 2 2 2 2 2 2 2 2 2 2 2 2 2 2 2 2 2 2 2 2 2 2 2 2 2 2
left_child=2 6 8 18 10 9 -2 12 -1 24 16 -6 21 23 15 -13 20 -12 -3 -16 -4 -8 -23 -10 -5 -14 -24 -18 -9 -20
right_child=1 3 4 5 11 -7 7 28 13 -11 17 14 25 -15 19 -17 27 -19 29 -21 -22 22 26 -25 -26 -27 -28 -29 -30 -31
leaf_value=-0.0048661295560901343 0.0066783046018185355 0.027923774059648805 0.0042018238157296665 0.0069655211570634383 -0.0021173630271812053 0.019338189346856164 -0.0019572980946279714 0.003743663128122585 -0.0024894847836628518 0.0087026018263833792 0.027931491564386752 -0.0070798144352803788 -0.0014759485626351313 -0.021674371218051929 -0.0062108472490673373 -0.016989169139547806 -0.0033252257886452734 0.0011714366272997264 0.012082243405028916 -0.0014401294655583886 -0.0045711217565351011 0.0098206207930251564 0.0004265346319877126 -0.014418597367974857 0.0020922337347064036 0.010891747514437626 0.0042363806121444095 0.011498696911149771 0.011637197618453946 0.022309802716304672
leaf_weight=2712.2248892021744 7575.4758147132816 658.37459106277674 4758.9097695788441 6318.634636094328 17179.224232055538 1293.6277297912166 6013.4657188678975 11488.585533655132 915.09295834889053 12673.739060693901 168.82547528110445 13315.360109394285 34278.740806289017 2322.7432399202371 11934.947072254879 1956.5602246536582 36232.193368082226 17473.780302576895 5259.8597485778446 7891.6732898756163 1924.8484260731493 2577.7673145792214 16561.391485562606 3322.0350739316491 12450.094136745902 625.92457963945344 10126.573461911175 410.80101442337036 1618.7811797815375 1011.047309985559
leaf_count=55523 82237 3426 17992 38257 173136 4776 83556 91982 20304 98186 549 265321 508664 87705 235770 49283 368467 165691 55880 161375 19906 15930 156119 85478 104082 4528 88603 1837 8628 10738
internal_value=0 0.00339108 -0.00361285 0.00782186 -0.00290282 0.00627774 0.00145664 0.000981367 -0.0122796 0.00573787 -0.00129914 -0.00477279 0.000282459 -0.0153392 -0.00607199 -0.00835376 -0.00241222 0.00143404 0.0151082 -0.00431284 0.00167342 0.00180153 0.0025742 -0.0118481 0.00373424 -0.00125281 0.00187274 -0.00315768 0.00472212 0.0137451
internal_weight=253051 130532 122519 39665.4 113247 32736.1 90866.7 83291.2 9272.1 31442.5 60969.4 52277.8 70183.9 6559.87 35098.5 15271.9 43326.8 17642.6 6929.28 19826.6 6683.76 35279.2 29265.7 4237.13 18768.7 34904.7 26688 36643 13107.4 6270.91
internal_count=3063929 1355592 1708337 315345 1459327 245301 1040247 958010 249010 240525 574442 884885 857400 193487 711749 314604 408202 166240 70044 397145 37898 344208 260652 105782 142339 513192 244722 370304 100610 66618
is_linear=0
shrinkage=0.03


Tree=47
num_leaves=31
num_cat=0
split_feature=17 15 74 26 15 15 26 3 75 39 3 75 14 5 13 12 6 64 64 6 6 6 73 7 6 52 7 6 56 17
split_gain=3295.44 1196.27 741.466 368.236 351.458 339.973 332.477 281.367 229.879 207.175 194.435 180.38 176.125 171.984 150.684 142.187 140.237 136.267 132.544 128.744 116.417 114.382 111.826 110.652 126.623 202.205 111.247 112.526 110.094 109.907
threshold=0.37446653842926031 0.31061333417892462 0.20262710750103 0.22396993637084964 1.0000000180025095e-35 0.53458327054977428 0.22396993637084964 0.072503291070461287 0.037720756605267532 1.0000000180025095e-35 0.024544504471123222 0.38888821005821234 0.50316895544528972 0.3114724606275559 0.61035025119781505 0.53458327054977428 0.2937582284212113 -0.36516906321048731 -0.91129219532012928 0.46734222769737249 0.3808619230985642 0.29020731151103979 1.0000000180025095e-35 0.37824505567550665 0.21246207505464557 0.42082132399082189 0.396410882472992 0.37912647426128393 0.58756005764007579 0.53458327054977428
decision_type=2 2 2 2 2 2 2 2 2 2 2 2 2 2 2 2 2 2 2 2 2 2 2 2 2 2 2 2 2 2
left_child=2 4 6 9 12 10 7 -1 -6 17 22 -5 19 -8 16 -12 -10 -4 -9 29 -13 -11 -3 24 25 -15 -25 -28 -22 -2
right_child=1 5 3 11 8 -7 13 18 14 21 15 20 -14 23 -16 -17 -18 -19 -20 -21 28 -23 -24 26 -26 -27 27 -29 -30 -31
leaf_value=-0.00051227707410868349 -0.0011679314681900187 0.027189805947534871 -0.010747961631927405 -0.011502984270658625 0.009629006970440666 0.019143950055273824 0.0027896628112662573 -0.0032426608325731472 0.0046751301955594163 -0.0026262742848379354 0.0046907529363744808 -0.0030488032797791149 0.0049990239535325793 -0.0020937584566175899 0.014408617136785347 0.02000770446493124 0.0013278168060210501 -0.018981097793602242 -0.0067552515750848516 -0.0064226365094216462 0.014398688315164212 -0.015770615370147519 0.010698449029798433 0.005166446168320302 -0.0047807943368119729 0.0078458121559215194 -0.00060273100164215648 -0.02184415784213296 -0.0095867326242752814 0.001807881644496818
leaf_weight=14001.797169247948 26440.096761163964 385.15092600975186 3163.2195294974372 1989.4658036772598 5371.9096774178615 2888.5621664900682 9666.4032398681156 15515.792598820983 20318.156499103061 2210.1053995721595 10571.320339752245 3969.9316163942567 6382.3753886709455 14681.641522041638 1029.0568652423099 571.92137584183365 25295.249866363301 4305.1736909505271 25734.161255807361 2902.1307250746759 715.63240967490128 813.46815676789265 8622.3737536845438 3740.3976411843323 13125.429697731757 2102.1664212208707 5654.6247775907395 229.77589818974957 223.08720504818484 19334.660305976111
leaf_count=93847 332922 1969 99520 38212 59625 25888 46683 207818 124329 46413 83662 68981 51557 133155 3921 1992 236452 141978 424935 63203 9534 30440 71130 37675 231063 14493 73246 5075 5269 298942
internal_value=0 0.00332008 -0.00354544 -0.00928046 0.0019855 0.00952084 -0.00259026 -0.00418738 0.00375376 -0.0128196 0.00813765 -0.00389247 0.000314788 -0.000796424 0.00307623 0.00548419 0.00281923 -0.0155022 -0.00543457 -0.000299664 -0.000800178 -0.0061803 0.0114159 -0.00167356 -0.00257387 -0.00084699 0.0011236 -0.00144721 0.00867728 8.8963e-05
internal_weight=251955 130113 121842 17390.1 107074 23039.3 104452 55251.8 52014.4 10492 20150.8 6898.12 55059.3 49200.4 46642.5 11143.2 45613.4 7468.39 41250 48676.9 4908.65 3023.57 9007.52 39534 29909.2 16783.8 9624.8 5884.4 938.72 45774.8
internal_count=3063929 1355592 1708337 440347 1170951 184641 1267990 726600 424327 318351 158753 121996 746624 541390 364702 85654 360781 241498 632753 695067 83784 76853 73099 494707 378711 147648 115996 78321 14803 631864
is_linear=0
shrinkage=0.03


Tree=48
num_leaves=31
num_cat=0
split_feature=16 16 75 18 9 19 73 26 5 25 6 72 12 6 52 65 65 6 6 71 3 69 20 73 55 66 64 5 26 75
split_gain=3251.6 1215.1 612.401 593.085 396.638 310.617 299.138 283.552 223.696 191.524 170.914 152.778 144.825 140.966 138.584 127.367 125.618 114.247 110.321 106.347 105.059 100.263 98.5579 120.311 101.582 96.5233 95.5248 94.9041 94.4611 83.3224
threshold=0.37446653842926031 1.0000000180025095e-35 0.023934200406074527 1.0000000180025095e-35 0.53471076488494884 0.52258238196372997 0.046521574258804328 1.0000000180025095e-35 1.1620228886604311 0.31061333417892462 0.30568799376487737 0.099734533578157439 0.42514967918396002 0.37041272222995764 0.6434457302093507 0.027611669152975086 -0.018341252580285069 0.35213264822959905 0.48132444918155676 0.0098657552152872103 0.024544504471123222 -0.57819780707359303 1.0470444560050967 0.1271360591053963 0.22396993637084964 0.0010059467167593541 -0.96114543080329884 0.6084289848804475 0.88521358370780956 0.016084345057606701
decision_type=2 2 2 2 2 2 2 2 2 2 2 2 2 2 2 2 2 2 2 2 2 2 2 2 2 2 2 2 2 2
left_child=1 3 29 8 5 12 20 21 15 11 14 19 17 28 -11 16 -1 25 27 22 -3 -5 24 -24 -8 -4 -10 -9 -12 -2
right_child=2 6 4 7 -6 -7 9 18 26 10 13 -13 -14 -15 -16 -17 -18 -19 -20 -21 -22 -23 23 -25 -26 -27 -28 -29 -30 -31
leaf_value=-0.0055171825817394368 0.021710488408180045 0.0090998236575513033 0.0062369320869108975 -0.0046547666262890582 0.01978872546107505 0.01088806783841304 -0.00067659045010555507 0.0011251545060925146 -0.0060459234011179174 0.0042799427676629802 -0.0017167577299890585 -0.004080332007669221 0.012459657286483992 0.0022681104014303012 0.019068677797665506 -0.0019828813444462382 -0.015865398685441102 0.0023205601241074862 -0.014485445633163689 -0.0030074039679204101 0.001931978706854471 -0.0085584266701571651 -0.0037128905476940975 0.027456222110328471 0.002526076556191597 0.00057628244608143656 -0.021015879541545983 -0.0028232698185533282 -0.01135861715012491 0.013217095648033044
leaf_weight=1851.8189947902283 1892.612756227667 4165.3129779806768 16883.135688946873 12771.708204468152 1630.0749384891242 6598.4551431201107 41168.410498321551 6316.1161237024935 458.93105046486016 8530.2988383118063 4454.4924358833814 12330.054661336413 1730.7272350052372 9764.2238505717833 607.95883835479617 1820.047124976234 2476.6386832665303 26191.295352160087 674.29906153213233 11840.812241109903 3302.7204085612902 11085.019567159361 193.7580166561529 254.98359361197799 11372.02534176514 3232.7079835086479 2496.7643654124113 41151.386341690144 1147.9447375807213 2387.0064700783114
leaf_count=41736 21510 34075 138840 239474 6399 48563 332864 82714 12449 43800 39925 174119 6689 97052 1715 39159 61955 287229 18474 140729 34123 236003 324 227 112518 35438 93711 641633 12899 27583
internal_value=0 -0.00192718 0.00605492 -0.00470834 0.00522189 0.00478579 0.000139714 -0.00379554 -0.0119216 -0.000286032 0.00202426 -0.00101987 0.00394665 9.15874e-05 0.00527223 -0.00865031 -0.0114484 0.00362733 -0.00246973 -0.000437515 0.00593319 -0.00646992 0.000136844 0.0140742 1.66593e-05 0.00532776 -0.0187043 -0.00229774 -0.00369988 0.016991
internal_weight=250782 190236 60546 81102.7 56266.4 54636.3 109133 71998.5 9104.2 101665 24504.9 77160 48037.9 15366.7 9138.26 6148.5 4328.46 46307.1 48141.8 64830 7468.03 23856.7 52989.2 448.742 52540.4 20115.8 2955.7 47467.5 5602.44 4279.62
internal_count=3063929 2491678 572251 1467308 523158 516759 1024370 1218298 249010 956172 195391 760781 468196 149876 45515 142850 103691 461507 742821 586662 68198 475477 445933 551 445382 174278 106160 724347 52824 49093
is_linear=0
shrinkage=0.03


Tree=49
num_leaves=31
num_cat=0
split_feature=16 17 15 5 72 75 75 31 24 5 6 16 61 14 22 15 72 73 73 13 6 5 6 7 7 66 32 5 6 61
split_gain=3118.82 1268.05 608.322 473.708 289.03 279.052 276.53 207.003 193.89 220.902 177.67 165.51 150.49 146.205 138.303 135.225 131.864 146.778 125.469 124.824 113.01 113.471 109.062 105.295 109.182 102.675 94.0339 90.3658 90.205 89.3497
threshold=0.37446653842926031 0.22396993637084964 0.42514967918396002 1.025986433029175 0.45738236606121069 0.048753544688224799 0.021746934391558174 1.0000000180025095e-35 0.37446653842926031 0.20707555115222934 0.30568799376487737 0.63123199343681347 -0.10935926437377928 0.37446653842926031 1.0000000180025095e-35 1.0000000180025095e-35 0.17450125515460971 0.39286127686500555 1.2413532137870791 0.46720869839191442 0.48230510950088507 1.0586262941360476 0.38023568689823156 0.096712969243526473 0.66874989867210399 0.0010059467167593541 1.0936229228973391 0.14931328594684604 0.28611345589160925 -1.1736065149307249
decision_type=2 2 2 2 2 2 2 2 2 2 2 2 2 2 2 2 2 2 2 2 2 2 2 2 2 2 2 2 2 2
left_child=1 3 6 13 12 -3 -2 15 25 -10 19 -4 23 16 -6 20 -1 -18 22 26 21 -7 28 -5 -25 -8 27 -9 -19 -15
right_child=2 5 11 4 14 7 8 10 9 -11 -12 -13 -14 29 -16 -17 17 18 -20 -21 -22 -23 -24 24 -26 -27 -28 -29 -30 -31
leaf_value=-0.002784669917197934 0.016264755220388418 0.0064605768503194503 0.0099003165092239921 -0.0046830495783834773 -0.022568692158653147 -0.0010280946444182169 0.004109153879352824 0.0098993507776189357 0.013839845276661347 0.0039650846226980526 -0.0002467943058608797 0.018255693458489337 -0.0057655763880583985 0.024073968238233073 -0.0070185306369431859 0.00046308197409138184 -0.010179023809421452 -0.003289228518568642 -0.019163938556210562 0.019427631405946128 -0.010932405837715441 -0.0043794113561422933 0.005882619958475741 -0.015246565878810153 0.0029398572376683326 0.00020149519666936224 0.020063238576723257 0.0024081974385913676 -0.012402996928755754 -0.00029878145148353483
leaf_weight=22649.631965988956 1783.5092381312279 5651.8888026085333 5621.5141830999928 1503.269584510097 1859.7468555051455 43962.219742481917 33872.847890836099 1748.2080341344699 3737.9638643783983 4493.634180203313 13189.242848351598 3463.4906482619117 13167.209692678851 133.58924229582772 719.0360923280241 34412.765123987047 5749.7394822818605 7317.2236131300451 473.37412348645739 505.20341547392309 1221.7433566924883 11463.456528199778 1014.4394390012021 4036.6521048143914 318.96055980233359 7371.3358045815257 322.56994752027094 8431.3478805007762 1125.9585130226333 8388.4187038183445
leaf_count=253098 21851 58904 41767 40130 75249 552493 337122 5102 14660 28973 167351 35058 266059 711 18698 239821 117632 125185 15516 1047 29557 189891 18929 94089 6609 92820 905 74162 30202 110338
internal_value=0 -0.00189264 0.00593901 -0.00515506 -0.00882995 -4.53429e-05 0.00467009 -0.000364628 0.00425076 0.0084543 0.00210149 0.0130928 -0.00754906 -0.00345977 -0.0182522 -0.00102004 -0.0042499 -0.00636477 -0.00415278 0.00491474 -0.00192107 -0.00172158 -0.00339318 -0.0115498 -0.0139123 0.00341096 0.00420904 0.00369853 -0.00451044 9.38681e-05
internal_weight=249710 189366 60344.3 68457.2 21604.9 120909 51259.3 115257 49475.8 8231.6 24196.6 9085 19026.1 46852.4 2578.78 91060.2 38330.4 15680.7 9931 11007.3 56647.4 55425.7 9457.62 5858.88 4355.61 41244.2 10502.1 10179.6 8443.18 8522.01
internal_count=3063929 2491678 572251 1172445 500834 1319233 495426 1260329 473575 43633 248567 76825 406887 671611 93947 1011762 560562 307464 189832 81216 771941 742384 174316 140828 100698 429942 80169 79264 155387 111049
is_linear=0
shrinkage=0.03


Tree=50
num_leaves=31
num_cat=0
split_feature=16 17 16 5 9 73 26 15 73 13 72 6 2 5 39 9 6 25 6 38 16 73 6 2 71 32 22 13 69 1
split_gain=3017.22 977.693 790.885 337.627 305.313 287.964 269.256 214.396 212.844 201.734 182.534 145.683 152.407 135.979 132.05 129.945 128.977 124.356 119.529 120.549 116.669 115.195 109.509 106.687 105.784 92.9771 92.2517 97.7319 86.7371 86.557
threshold=0.31061333417892462 1.0000000180025095e-35 0.58756005764007579 1.0888435840606692 0.48828019201755529 0.062478423118591316 0.22396993637084964 0.46720869839191442 0.037166325375437743 0.53458327054977428 0.35968706011772161 0.22250916063785556 -0.20781050622463224 0.63257101178169262 1.0000000180025095e-35 0.2484906688332558 0.029104033485054973 0.22396993637084964 0.27443908154964453 1.0000000180025095e-35 0.42514967918396002 0.14974483847618106 0.021199905313551429 -0.19631849974393842 0.015472103375941517 1.0936229228973391 1.0000000180025095e-35 0.46720869839191442 -0.42517527937889094 -0.39959216117858881
decision_type=2 2 2 2 2 2 2 2 2 2 2 2 2 2 2 2 2 2 2 2 2 2 2 2 2 2 2 2 2 2
left_child=1 3 4 17 8 15 11 16 -2 20 28 14 -13 26 21 24 22 18 19 -1 -10 -7 -4 -20 -3 -16 29 -28 -5 -8
right_child=2 5 7 10 -6 6 13 -9 9 -11 -12 12 -14 -15 25 -17 -18 -19 23 -21 -22 -23 -24 -25 -26 -27 27 -29 -30 -31
leaf_value=-0.0056276506840502536 0.0074849731848020207 0.004120504068480935 0.0095030887222721638 -0.0061793276227693318 0.016027013890943805 -0.00013010910863334586 -0.027231586825668633 0.01756442061382801 0.00085466373106927106 0.0097731122704449152 -0.017915664404616668 -0.013918414624392137 -0.0043488359682653122 -0.0015793062045955069 -9.2189702284537091e-05 0.018332606676528515 0.0073512408886641633 0.00068469518106162352 -0.017564837153537436 0.0017700190744069533 0.0036238062131976694 -0.00478176702137037 0.026350568234515263 -0.0072919849932520167 -0.0056545744612238394 0.023078174668367861 0.00023198530837000397 0.007023277611935985 -0.012629379799930174 0.0079723302886943893
leaf_weight=11287.4598974377 8924.3693644735031 8209.7351385386719 760.7998072928749 4322.3411754362605 1700.4020385751501 6775.0977273784229 60.81406772043556 3895.5114625075948 30801.527431601542 3249.8107765382156 2837.2158066409902 1628.9917819989496 18335.933151382545 34015.172329242836 15599.40741444251 517.22867547348142 6965.6489834058448 3113.0811331404257 1193.5104812798381 2401.6863021615864 24662.007360080956 16378.557998064207 648.12733312929049 3861.4593534761516 1130.0319022696931 153.43704812135547 27696.825941372081 2044.3146021831781 3339.9072753520741 2202.5633185445331
leaf_count=194557 90418 78769 9506 98337 7572 57189 357 36885 280050 12755 112102 34527 323741 458895 177679 3349 86182 62960 39199 38968 234446 160768 2057 109765 15427 556 230115 12069 92113 2616
internal_value=0 -0.00230912 0.00472814 -0.00699164 0.00348527 -0.00118451 -0.00157418 0.0117478 0.00316898 0.00251241 -0.0114131 -0.00304922 -0.0051325 -0.000258682 -0.00197965 0.00375091 0.00903452 -0.00486584 -0.00578787 -0.0043293 0.00208622 -0.00342108 0.017309 -0.00973033 0.00293541 0.000139012 0.00114479 0.000699831 -0.00899656 0.00697809
internal_weight=248713 167105 81608.2 32356.7 69338.1 134748 124891 12270.1 67637.7 58713.3 10499.5 58871.4 19964.9 66019.7 38906.5 9857 8374.58 21857.2 18744.1 13689.1 55463.5 23153.7 1408.93 5054.97 9339.77 15752.8 32004.5 29741.1 7662.25 2263.38
internal_count=3063929 2304058 759871 748001 625241 1556057 1458512 134630 617669 527251 302552 754460 358268 704052 396192 97545 97745 445449 382489 233525 514496 217957 11563 148964 94196 178235 245157 242184 190450 2973
is_linear=0
shrinkage=0.03


Tree=51
num_leaves=31
num_cat=0
split_feature=16 16 18 5 15 73 13 3 7 7 5 11 22 74 9 9 6 32 6 3 1 15 21 72 64 6 7 73 70 28
split_gain=2905.69 1026.95 750.432 324.718 320.538 317.647 206.702 232.96 210.579 234.346 204.845 195.186 182.098 152.474 149.615 147.545 141.4 229.285 140.953 140.468 169.467 139.885 138.314 136.487 129.817 125.444 107.066 109.194 106.626 104.464
threshold=0.22396993637084964 0.53458327054977428 1.0000000180025095e-35 1.0695914626121523 0.31061333417892462 0.028616840951144699 0.31061333417892462 0.196578323841095 0.37824505567550665 -0.4054999947547912 0.91924014687538158 0.31061333417892462 1.0000000180025095e-35 0.025306520052254203 0.82380083203315746 0.29957322776317602 0.2937582284212113 0.51129707694053661 0.071763537824153914 0.13317281007766726 -0.12965280562639234 0.58756005764007579 0.42082133889198309 0.45738236606121069 -0.96114543080329884 0.40777969360351568 0.24667835235595706 0.49306330084800726 -0.0026695764390751715 0.14931328594684604
decision_type=2 2 2 2 2 2 2 2 2 2 2 2 2 2 2 2 2 2 2 2 2 2 2 2 2 2 2 2 2 2
left_child=2 5 10 6 -3 -2 7 12 9 18 -1 16 19 -5 21 -14 17 -7 -9 26 -21 -6 -18 29 -11 -10 27 28 -4 -12
right_child=1 4 3 13 14 11 -8 8 25 24 23 -13 15 -15 -16 -17 22 -19 -20 20 -22 -23 -24 -25 -26 -27 -28 -29 -30 -31
leaf_value=-0.0043836837662593903 0.0093990713194100437 0.0055196425881369965 -0.019010546524271733 -0.00072596950880441421 0.010910926131670766 0.001805703740967926 0.0034552682581810139 0.0031240226610234813 -0.0005690049296866919 -0.0029917076803898514 -0.014276150386381126 0.017010368961728372 -0.0014555310739089399 -0.0066551531988252918 0.027766354722224756 0.0092149924228179803 -0.001971153376650955 0.0075185854344787259 -0.0043156977858337716 -0.0089971449424111009 0.01612132240514446 0.021538678828768032 0.0015803616503554372 -0.02046549504485631 -0.007407421759818093 0.013468128780704093 -0.0097574901514158822 -0.032712552186584067 0.0063492268225248828 -0.0038214579603924933
leaf_weight=2640.1043177922256 5186.8078501426353 9518.7135347437434 154.69436612538993 4873.2425282862969 9378.2780619740661 31522.183082887204 6708.3544430303155 4802.3466163131452 9977.0921927721065 8911.2862425593557 2847.8513260473555 744.90212034527212 41158.93983815964 19667.990802064858 584.78848950192332 1196.2161852639401 14087.490912647918 7907.9287585705752 4376.9183118831716 288.32175975269638 1417.360421578167 1268.9248218769208 32929.989323525457 2161.2232440128282 18363.812820034764 603.8615523611661 634.89856090815738 67.521688543260098 2516.5790369622337 1238.8433327966195
leaf_count=55523 53363 108631 358 52811 89462 231196 57435 63675 149483 106424 79141 2452 539763 412472 2060 10581 140235 60890 71666 590 1981 12687 352119 87705 283219 5904 1689 354 3419 26641
internal_value=0 0.00354395 -0.0029785 -0.00238266 0.00957424 0.00218899 -0.00163158 -0.00199298 -0.00348897 -0.00457031 -0.0114012 0.00175962 -0.000509315 -0.00547827 0.0130068 -0.00115322 0.00162737 0.00295221 -0.000423279 0.00485579 0.0118616 0.0121856 0.000516075 -0.0143611 -0.00596554 0.000236465 0.00130256 0.0038786 0.00485272 -0.0111148
internal_weight=247737 113130 134607 125719 20750.7 92379.3 101178 94469.8 47035.3 36454.4 8888.02 87192.5 47434.5 24541.2 11232 42355.2 86447.6 39430.1 9179.26 5079.38 1705.68 10647.2 47017.5 6247.92 27275.1 10581 3373.69 2738.8 2671.27 4086.69
internal_count=3063929 1053095 2010834 1761824 212840 840255 1296541 1239106 680371 524984 249010 786892 558735 465283 104209 550344 784440 292086 135341 8391 2571 102149 492354 193487 389643 155387 5820 4131 3777 105782
is_linear=0
shrinkage=0.03


Tree=52
num_leaves=31
num_cat=0
split_feature=17 16 18 15 54 26 15 75 6 72 75 9 26 72 15 14 9 6 18 6 75 72 9 21 2 6 7 7 18 32
split_gain=2842.93 1097.97 654.959 339.094 323.646 286.343 272.32 204.441 192.127 191.084 190.8 144.804 144.055 148.332 140.412 136.226 126.88 120.624 118.335 121.928 158.436 146.379 114.907 108.834 103.452 98.618 97.0946 129.946 95.2714 111.628
threshold=0.37446653842926031 0.50316895544528972 1.0000000180025095e-35 0.37446653842926031 1.0000000180025095e-35 0.22396993637084964 1.0000000180025095e-35 0.039157260209321983 0.31696049869060522 0.17219432443380359 1.4860929846763613 0.29957322776317602 0.22396993637084964 0.54213356971740734 0.58756005764007579 0.50316895544528972 0.2484906688332558 0.2937582284212113 0.68507987260818493 0.3775490671396256 0.31773675978183752 0.05399464629590512 1.0000000180025095e-35 0.52967563271522533 -0.20236522704362866 0.4333051890134812 0.66874989867210399 -0.35921296477317805 0.68507987260818493 0.53307747840881359
decision_type=2 2 2 2 2 2 2 2 2 2 2 2 2 2 2 2 2 2 2 2 2 2 2 2 2 2 2 2 2 2
left_child=2 6 12 16 5 9 15 -8 10 -4 -6 17 13 -1 22 25 -3 28 19 21 -21 -7 -5 -19 -10 -2 27 -11 29 -9
right_child=1 3 4 14 8 18 7 11 24 26 -12 -13 -14 -15 -16 -17 -18 23 -20 20 -22 -23 -24 -25 -26 -27 -28 -29 -30 -31
leaf_value=-0.010630387506295953 -0.00011408637933725692 0.0049830551782454229 -0.0041261168505280256 0.0088733449799492242 0.0015366570996033233 0.00056194464265731537 0.0098467528016152033 0.004178307574775381 -0.010873292705556559 -0.0038029658597552394 0.026391724167401584 0.0093931646346642958 -0.0036876719386912892 -0.020761967476974952 0.02183441712700869 0.0045018713860015607 0.013327466940852668 -0.00077789066107431589 -0.0090454631162261486 -0.0015648903902136569 0.0073508196728609872 -0.003907209139771277 0.016132016142231545 0.0031644966273755544 -0.0020141135231237081 -0.0062634026063074439 0.00097806398814599097 -0.011336166569848758 0.00052815770655222679 0.011514965370555914
leaf_weight=5232.9370649416232 41516.161139499571 14760.503280227626 32125.262470963593 5501.6853752516035 17726.977510886965 10434.416499032057 3865.6753742889559 11910.841339147883 1350.0926402942277 2786.0312800121974 278.44679474295117 2719.0325369699858 1824.233994949609 1740.2428240765439 1373.0374531724374 5606.4411453828216 1844.4364014423918 14608.675956501276 1898.1540374437755 4416.1183405378397 3015.0480891118641 17913.791791556869 3075.2119828758587 11076.316978776129 9624.9316498945118 2483.9607746487454 877.18020394313498 7995.36349303514 5047.7302353942068 2213.3644232493825
leaf_count=138170 586498 166319 384900 54423 194132 52981 42129 58388 26307 62154 1515 13491 39947 70893 13194 45905 12167 130413 38453 65641 31484 248403 22343 100387 158241 55318 18404 176712 44121 10496
internal_value=0 0.0031122 -0.00333049 0.00854027 -0.00270267 -0.00367128 0.00168541 0.00321468 1.99757e-05 -0.00532121 0.00192706 0.00267492 -0.0112068 -0.0131699 0.0129199 9.93438e-05 0.00591319 0.00226679 -0.00175346 -0.00136552 0.00205389 -0.0022622 0.0114827 0.000922265 -0.0031079 -0.000461877 -0.00861136 -0.00939205 0.00406728 0.00533127
internal_weight=246842 127603 119239 26554.9 110442 81461.4 101048 51441.6 28980.4 43783.8 18005.4 47576 8797.41 6973.18 9949.93 49606.6 16604.9 44856.9 37677.5 35779.4 7431.17 28348.2 8576.9 25685 10975 44000.1 11658.6 10781.4 19171.9 14124.2
internal_count=3063929 1355592 1708337 268446 1459327 1079132 1087146 399425 380195 642170 195647 357296 249010 209063 89960 687721 178486 343805 436962 398509 97125 301384 76766 230800 184548 641816 257270 238866 113005 68884
is_linear=0
shrinkage=0.03


Tree=53
num_leaves=31
num_cat=0
split_feature=16 16 5 19 73 18 4 25 7 75 72 72 15 14 73 72 71 18 5 7 7 20 70 73 18 36 2 72 7 60
split_gain=2713.67 1182.52 492.903 438.246 346.177 286.747 227.778 204.335 204.058 161.142 150.366 150.286 148.867 115.29 107.633 103.058 99.9914 99.0971 98.6924 98.4937 220.414 97.9905 105.417 95.6042 116.849 94.3178 92.4124 91.8776 88.4864 93.0536
threshold=0.42514967918396002 1.0000000180025095e-35 1.1000917553901675 0.49501426517963415 0.038635572418570525 1.0000000180025095e-35 0.20707555115222934 0.31061333417892462 -0.21457178145647046 0.029818445444107059 0.2090081870555878 0.099734533578157439 0.53458327054977428 0.81924167275428783 0.34703943133354193 0.025480625219643119 0.0098657552152872103 0.70072525739669811 0.69952896237373363 0.23893519490957263 0.2522247731685639 1.0470444560050967 -4.8542642616666847e-05 0.18158587068319323 0.37446653842926031 1.0895692706108095 0.04452198930084706 0.32876345515251165 0.077809751033782973 -0.30610413849353785
decision_type=2 2 2 2 2 2 2 2 2 2 2 2 2 2 2 2 2 2 2 2 2 2 2 2 2 2 2 2 2 2
left_child=1 2 6 8 -3 28 10 11 15 -10 -1 16 -5 -9 -12 -2 21 19 -8 -11 -21 23 -23 24 -6 -20 -7 -16 -4 -30
right_child=3 4 5 12 7 26 18 13 9 17 14 -13 -14 -15 27 -17 -18 -19 25 20 -22 22 -24 -25 -26 -27 -28 -29 29 -31
leaf_value=-0.0040424318929379224 0.017757761260609711 0.0069830756597583756 -0.0045938894387209314 0.010466512284856717 0.006462874854819751 -0.0087891393069012523 0.0006781859279912742 0.0016557760670012711 0.010935249629369398 0.0033738461634210213 -0.017834522427429941 -0.0037957447891597829 0.019619582955266418 0.0094483945152695221 -0.0016541128257903748 0.0035839057888181224 -0.0026096663774669944 0.0023094249062520981 -0.0022776259123868459 0.014066583171907881 0.0034523245662410659 0.029981611941081548 0.0025064320397409317 -0.0013558440980082985 0.0005805805749966431 -0.010695966342097461 -0.0040599307265904135 -0.010871538339672103 -0.0086507105995510571 -0.02111911255938808
leaf_weight=14630.981229078629 1670.2387592603918 6726.3878580315213 505.56889090742334 6470.7108505222423 3344.0725880351383 8816.5541217158025 11144.983428563341 27585.497249992099 3294.5508073379606 7747.7932071052492 1194.0285608023987 12524.547837449121 2135.8868274939014 1818.2176107205451 1503.1981557295076 641.94535224698484 13115.4933045051 15921.334598097004 28165.783470046743 3221.3418384776451 3888.6137774026138 200.80412805266678 328.48335534706712 22786.055768388091 33005.046264109202 1247.7831955703441 6458.2361130680656 2771.8731453844812 713.44403405525372 2321.2652711528644
leaf_count=202928 12026 64637 24444 52329 17376 185315 143517 220240 39918 66269 25174 179571 20335 8803 26448 7062 160914 191246 522021 14637 35766 244 502 165535 339211 33821 136061 61055 23346 83178
internal_value=0 -0.00149141 -0.00433635 0.00665927 0.000370518 -0.00857822 -0.00302005 -1.74269e-05 0.00521803 0.00463143 -0.00563128 -0.000760852 0.0127466 0.00213902 -0.00987491 0.0138375 -0.000238342 0.0039552 -0.00172544 0.00571739 0.00826722 0.000282989 0.0130853 0.000167449 0.00112252 -0.00263631 -0.00679149 -0.00763614 -0.0162696 -0.0182046
internal_weight=245901 200908 79473.7 44992.4 121435 18815.1 60658.6 114708 36385.8 34073.6 20100.1 85304.5 8606.6 29403.7 5469.1 2312.18 72780 30779.1 40558.6 14857.7 7109.96 59664.5 529.287 59135.2 36349.1 29413.6 15274.8 4275.07 3540.28 3034.71
internal_count=3063929 2624341 1467308 439588 1157033 452344 1014964 1092396 366924 347836 315605 863353 72664 229043 112677 19088 683782 307918 699359 116672 50403 522868 746 522122 356587 555842 321376 87503 130968 106524
is_linear=0
shrinkage=0.03


Tree=54
num_leaves=31
num_cat=0
split_feature=17 17 15 26 74 9 15 15 9 75 74 6 24 36 4 6 2 7 55 6 36 6 7 6 52 7 6 75 24 6
split_gain=2690.42 880.605 749.651 415.31 282.051 279.386 250.008 219.927 187.113 161.58 149.025 132.641 158.91 121.281 120.92 111.373 109.856 115.599 106.76 105.771 104.94 101.706 280.182 288.942 138.266 98.3386 97.4087 96.7574 90.6839 89.6299
threshold=0.50316895544528972 0.22396993637084964 0.31061333417892462 1.0000000180025095e-35 0.32435926795005804 0.17917595058679583 1.0000000180025095e-35 0.56247621774673473 0.17917595058679583 0.063181765377521529 0.021268988959491256 0.2937582284212113 0.37446653842926031 0.20707555115222934 0.3114724606275559 0.30833633244037634 -0.11524414271116255 0.096712969243526473 0.31061333417892462 0.027107000350952152 0.64691844582557689 0.31696049869060522 0.27237541973590856 0.36633905768394476 0.80801811814308178 -0.007851991802453993 0.3775490671396256 0.27723571658134466 1.0000000180025095e-35 0.40240287780761724
decision_type=2 2 2 2 2 2 2 2 2 2 2 2 2 2 2 2 2 2 2 2 2 2 2 2 2 2 2 2 2 2
left_child=1 3 5 4 16 10 14 8 25 -8 -2 12 18 -5 -3 -16 17 -1 -11 -7 -10 24 28 -24 -15 -4 -13 -25 -23 -12
right_child=2 6 7 13 -6 19 9 -9 20 11 29 26 -14 21 15 -17 -18 -19 -20 -21 -22 22 23 27 -26 -27 -28 -29 -30 -31
leaf_value=-0.0034030360281119142 0.0035192419325953874 -0.0030493360954409101 0.019529108872307098 -0.0047610497642846432 -0.016979721484123324 0.017622639717362672 0.0086192571598920319 0.019655694649521983 0.020252376098604571 0.0009070956512014618 0.0012559783433137984 -0.0031786512380369593 0.011008142875139614 -0.00045971136998748527 0.0016874572724371569 -0.002037368655028664 -0.0054237940994059271 -0.013066230086217536 0.0078010027097003875 0.0072084105176352612 0.0093232206214824438 -0.013752314748863704 -0.0087875593321827972 -0.0056226970485718491 0.023244875961087558 0.0066724768815412377 0.0010356081599807272 0.0088083324087495588 -0.0042400609693634258 -0.0037056123364702879
leaf_weight=1542.648325915623 32932.181884807331 28437.796530262392 556.96741368074436 21444.265661221434 2839.3709387119234 1058.4255524461623 2593.5240777407598 1876.437487227784 1752.7807998182252 16222.861114269122 16117.438331008001 8878.80254954868 1837.762002395466 14273.715656116372 13559.392599630519 15453.677078352193 13877.155326155706 4053.7489416899334 2306.2389228441752 5170.4044859193964 1463.8278503089678 2420.8200442832313 1812.8030620195204 499.41930226789555 220.94609238929115 12617.85096953492 11105.081503460591 2482.4720871119061 1446.5507331247791 4108.661886056143
leaf_count=38844 314856 341156 4476 316162 122785 4958 23145 18480 9405 77531 273153 71522 5500 165090 126924 253191 267944 88755 11328 48717 9968 66604 40673 9445 1114 118500 94348 28760 26269 84326
internal_value=0 -0.00214192 0.00461468 -0.00480776 -0.00814917 0.0029794 -0.000364963 0.00992878 0.00881048 0.00136647 0.00227452 0.000899379 0.00260298 -0.00313543 -0.00165928 -0.000296406 -0.00685817 -0.0104077 0.00176689 0.00898893 0.0152978 -0.00162928 -0.00420035 0.000645349 -9.17522e-05 0.0072221 -0.000836816 0.00638556 -0.0102036 0.000247342
internal_weight=244964 167309 77655 66913.9 22312.9 59387.1 100395 18267.9 16391.4 42944.3 53158.3 40350.7 20366.9 44601 57450.9 29013.1 19473.6 5596.4 18529.1 6228.83 3216.61 23156.7 8662.07 4794.69 14494.7 13174.8 19983.9 2981.89 3867.37 20226.1
internal_count=3063929 2177090 886839 1172445 518328 726010 1004645 160829 142349 283374 672335 260229 94359 654117 721271 380115 395543 127599 88859 53675 19373 337955 171751 78878 166204 122976 165870 38205 92873 357479
is_linear=0
shrinkage=0.03


Tree=55
num_leaves=31
num_cat=0
split_feature=17 17 19 26 16 73 74 13 26 56 6 6 14 72 11 56 2 32 44 2 72 6 73 3 70 70 74 22 69 19
split_gain=2587.25 845.347 673.914 392.149 328.183 301.722 270.102 196.031 153.766 134.891 137.343 127.717 125.084 120.878 109.704 108.281 146.8 103.261 98.2039 102.894 97.9963 94.5924 89.5332 86.5378 121.564 156.972 133.403 85.9015 82.953 80.4137
threshold=0.50316895544528972 0.22396993637084964 0.2834331095218659 1.0000000180025095e-35 0.61035025119781505 0.052673982456326492 0.32435926795005804 0.46720869839191442 0.53458327054977428 1.0000000180025095e-35 0.30833633244037634 0.3775490671396256 0.37446653842926031 0.0047272329684346923 0.31061333417892462 1.0000000180025095e-35 -0.071582600474357591 1.0936229228973391 1.0000000180025095e-35 0.31329004466533666 0.85128122568130504 0.3808619230985642 0.026942956261336807 0.077707804739475264 0.0023759538307785992 -0.00012309427256695923 0.22547587007284167 0.48623421788215643 -0.23035911470651624 1.0000000180025095e-35
decision_type=2 2 2 2 2 2 2 2 2 2 2 2 2 2 2 2 2 2 2 2 2 2 2 2 2 2 2 2 2 2
left_child=1 3 8 6 14 29 15 9 21 -7 17 -12 20 27 22 16 -1 18 19 -11 23 -2 -4 -5 25 -25 -27 -10 -18 -3
right_child=2 5 4 12 -6 7 -8 -9 13 10 11 -13 -14 -15 -16 -17 28 -19 -20 -21 -22 -23 -24 24 -26 26 -28 -29 -30 -31
leaf_value=-0.012459925848554281 0.0025805734006801584 0.0019842746391303418 0.011578643468427297 -0.00047658364928934873 0.014747128399286944 -0.0021181242407891819 -0.016706546847061975 0.0061167429478269008 0.016958206378311785 0.0051330807345046662 -0.0045431067082768008 0.00046933826335703943 0.00019886419543932904 0.0035067206887731571 0.01908706440564668 -0.0032392780884498477 -0.0035939591681660404 0.019899266017931891 0.00014268716068156187 -0.0096256754963455916 -0.018201282385396447 -0.00075047186605441813 0.0053930292606301205 -0.0040646562167479241 -0.0018091701439494417 -0.0078651075918581108 -0.019964011588715021 0.0071059460840641941 -0.0095188085111949042 0.0093258172783705212
leaf_weight=4710.8979728498671 30730.842182458102 2239.3781415243284 2439.7435306063562 6209.8221619557589 5982.6986340812291 48391.313535503257 2792.5243046234755 3580.9836757141165 1119.9806720197666 7250.2625837472733 8167.8571268705418 10389.47504903865 8390.6284426834318 8011.0951118983212 615.90827855747193 5679.2938364728761 5455.5082131595991 273.47894299961627 15919.540586136165 447.78743611485697 420.62551709118998 10220.492242004766 15528.984109945945 13324.379473453999 10629.549956084287 4470.6935324187216 1005.3873524057562 2789.144977096701 3494.720560935275 3366.2903576058452
leaf_count=106710 395770 22509 25344 30020 65761 472737 122785 16113 4744 46667 115836 137835 111049 91334 2293 121221 96943 746 162347 3467 12902 161718 124035 226774 176217 71642 25513 15840 70669 26388
internal_value=0 -0.00210586 0.00453065 -0.0047249 0.00863597 -0.000362291 -0.00798756 -0.000763902 0.00262247 -0.00103545 0.000198778 -0.00173711 -0.0030997 0.00562086 0.0066657 -0.00672522 -0.00817271 0.0017027 0.00148847 0.00426944 -0.00386728 0.00174912 0.00623554 -0.00369595 -0.00437494 -0.00582466 -0.0101002 0.00994426 -0.00591111 0.00639729
internal_weight=244049 166610 77438.9 66584 24567.3 100026 22132.9 94420.7 52871.6 90839.7 42448.4 18557.3 44451.1 11920.2 18584.6 19340.4 13661.1 23891.1 23617.6 7698.05 36060.5 40951.3 17968.7 35639.8 29430 18800.5 5476.08 3909.13 8950.23 5605.67
internal_count=3063929 2177090 886839 1172445 217433 1004645 518328 955748 669406 939635 466898 253671 654117 111918 151672 395543 274322 213227 212481 50134 543068 557488 149379 530166 500146 323929 97155 20584 167612 48897
is_linear=0
shrinkage=0.03


Tree=56
num_leaves=31
num_cat=0
split_feature=17 16 16 5 9 73 74 74 3 64 66 72 12 7 56 9 75 7 7 1 7 7 69 20 3 48 27 40 22 36
split_gain=2495.29 814.064 663.19 423.226 329.024 326.788 248.271 177.53 171.493 161.296 163.248 234.246 155.468 142.84 134.537 129.462 100.844 99.8598 137.808 96.3585 91.8896 102.843 90.95 88.7061 88.5152 87.0742 86.0394 80.4097 79.7137 79.0311
threshold=0.50316895544528972 1.0000000180025095e-35 0.58756005764007579 1.1000917553901675 0.17917595058679583 0.057593073695898063 0.27207657694816595 0.021268988959491256 0.025666924193501476 -0.22176136821508405 0.0010059467167593541 0.20334322750568393 0.37446653842926031 0.38773755729198461 1.0000000180025095e-35 1.0000000180025095e-35 0.031541910022497184 -0.41109667718410486 0.27237541973590856 -0.30610413849353785 -0.35921296477317805 0.68595293164253246 -0.76244956254959095 0.88635334372520458 0.024544504471123222 1.0000000180025095e-35 0.14931328594684604 0.14931328594684604 1.3449937105178835 0.71161216497421276
decision_type=2 2 2 2 2 2 2 2 2 2 2 2 2 2 2 2 2 2 2 2 2 2 2 2 2 2 2 2 2 2
left_child=1 3 4 9 7 24 20 16 15 17 11 -11 14 -6 23 -4 -2 -1 -19 -8 -5 22 -22 -7 -3 -16 -9 -27 -12 -17
right_child=2 5 8 6 13 12 19 26 -10 10 28 -13 -14 -15 25 29 -18 18 -20 -21 21 -23 -24 -25 -26 27 -28 -29 -30 -31
leaf_value=0.0020635105173241151 0.0089612339940884529 0.0093655634756916878 0.010516947384557995 -0.00093432834930837726 0.012054610849556762 -0.0021572404247195711 -0.0073196335113748521 -0.0012973727314112321 0.0075075894609262879 -0.0040728608289959493 -0.0030907319642694297 -0.014434239994422031 0.0078478316838292428 0.0028939888723428075 0.0027903697167324442 0.023726945231298865 0.0032501789452694897 -0.0040513217414097098 0.00035478635365323035 -0.020263469000477555 -0.005805730124626025 0.0027127792398375611 -0.011029182203746433 0.009401111337346434 0.0023206036755613435 -0.0019703964937275924 0.0028601218230151098 0.0011934999445683877 -0.039049467814640804 0.012912588782140862
leaf_weight=5047.6646600942622 3017.4263069205481 3654.7797570973635 3046.0648763272911 1970.5026017067139 5072.6528045634041 44339.900103977299 709.81420048511063 12547.204309322129 6131.4623389235639 4557.0211452546791 14732.183096364111 3455.0349079131993 1872.9708107896149 2200.4975632033311 10179.625440691714 1629.0162055749388 35646.157500333851 18343.269649363137 9797.9033518765937 1985.1431070804974 5690.3883222895383 770.69364567648154 6397.5985821792856 601.73896004096605 2869.3063722299994 14893.71658723813 6962.4155186771532 14040.089973759023 51.748641627840698 1002.9216541612986
leaf_count=83154 36373 27763 38521 45294 36183 371121 31760 239672 74043 69168 266519 76027 7380 21190 71559 12381 315502 272744 172775 94319 105458 14992 140057 1113 27635 164948 103289 133164 140 9685
internal_value=0 -0.00207323 0.00445358 -0.00442946 0.00327235 -0.000199614 -0.00849794 0.00251973 0.0109961 -0.00315537 -0.00509829 -0.00854653 -0.000691231 0.00928679 -0.000881922 0.0147544 0.00369688 -0.00182027 -0.00251726 -0.0168718 -0.00697168 -0.00789594 -0.00857336 -0.00200156 0.00627119 0.000404507 0.000186368 -0.000435012 -0.00322743 0.0196336
internal_weight=243217 165961 77255.8 73509 65446.4 92452.1 17524.1 58173.2 11809.5 55984.8 22796 8012.06 85928 7273.15 84055.1 5678 38663.6 33188.8 28141.2 2694.96 14829.2 12858.7 12088 44941.6 6524.09 39113.4 19509.6 28933.8 14783.9 2631.94
internal_count=3063929 2177090 886839 1372407 752209 804683 431880 694836 134630 940527 411854 145195 749285 57373 741905 60587 351875 528673 445519 126079 305801 260507 245515 372234 55398 369671 342961 298112 266659 22066
is_linear=0
shrinkage=0.03


Tree=57
num_leaves=31
num_cat=0
split_feature=16 16 16 18 75 5 15 75 56 5 74 53 13 6 33 6 6 13 7 13 2 69 69 18 6 20 2 36 2 2
split_gain=2425.18 850.841 498.069 441.504 238.054 200.622 176.92 162.717 160.655 150.815 145.576 139.784 135.29 106.876 119.05 105.509 103.243 96.5059 93.8587 91.1509 90.9384 89.4263 146.448 87.3715 96.8241 87.0846 86.5077 78.3951 77.125 75.089
threshold=0.37446653842926031 1.0000000180025095e-35 0.58756005764007579 0.22396993637084964 0.048753544688224799 1.1517086625099184 0.46720869839191442 0.021746934391558174 1.0000000180025095e-35 1.0668478608131411 0.2348895072937012 0.20707555115222934 0.61035025119781505 0.30833633244037634 0.50316895544528972 0.48132444918155676 0.029104033485054973 0.46720869839191442 0.25044368207454687 0.31061333417892462 -0.21368803828954694 -0.17895878106355664 1.0000000180025095e-35 0.68507987260818493 0.28611345589160925 1.0470444560050967 -0.10935926437377928 0.6168709695339204 -0.015929169021546837 0.29170720279216772
decision_type=2 2 2 2 2 2 2 2 2 2 2 2 2 2 2 2 2 2 2 2 2 2 2 2 2 2 2 2 2 2
left_child=1 3 7 5 -3 11 16 -2 25 15 -7 21 23 14 17 19 18 29 -4 -5 -15 -1 -23 24 27 -6 -27 -9 -26 -10
right_child=2 4 6 9 8 10 -8 12 13 -11 -12 -13 -14 20 -16 -17 -18 -19 -20 -21 -22 22 -24 -25 28 26 -28 -29 -30 -31
leaf_value=-0.0058149417544654126 0.015193804542899833 0.0061439864946476628 0.0086548511491389875 -0.002148818214724459 -0.0015529670999297502 -0.008610466322289418 0.016320776178290773 0.0052461679320272379 0.0020673569666114105 -0.0055328466133789354 -0.018693912302299772 -0.0014336600203438375 0.011709672595206088 -0.0082133134150661497 0.015329298038571455 -0.013441331322939872 0.0068501071365144077 0.012462617671285717 0.024733092457308158 0.0037223804508332032 -0.00011013137588025056 -0.022756647629050573 -0.0084291424418038562 0.0019849248193429085 -0.00058574356802942255 0.037335695529317411 0.0049136150057071844 0.011312127455848985 0.0045321105211775913 -0.0040852923458841225
leaf_weight=5278.3547467571989 1123.9688016506843 5490.3337073003931 725.87246128905099 42904.546170624802 51125.259898971359 2883.864842818497 3660.0563544520992 7080.3429768983042 23838.293828895199 14270.592429952056 2348.924539222804 3900.7688085323607 1799.7161945616826 1324.2812535131816 605.60891741979867 710.82478845998412 6760.7376991439378 754.99008401390165 602.59783281711861 2515.4971485425485 20259.27326632943 858.84786131824512 2557.4706087861705 21931.823496959114 3918.3780199379544 89.52809727191925 366.27548038959503 2637.9966143434867 8168.7093224498676 1925.5956810894422
leaf_count=92682 14858 58451 9400 706235 458421 43991 36885 45234 205360 316838 110582 71179 7147 18873 2860 21140 86182 2417 2163 24896 259852 23111 56654 249800 36472 68 340 15410 68700 17728
internal_value=0 -0.00169058 0.00532559 -0.00406264 6.37257e-05 -0.00821069 0.0108457 0.0039347 -0.000269326 -0.00283776 -0.0131485 -0.00615541 0.00365538 0.000966203 0.00221966 -0.00200352 0.0083611 0.00191784 0.0160037 -0.00182326 -0.000608949 -0.00827162 -0.0120547 0.00332282 0.00466765 -0.00143611 0.0115611 0.00689718 0.00287299 0.00160677
internal_weight=242419 184009 58410.2 78229.7 105779 17828.2 11749.3 46660.9 100289 60401.5 5232.79 12595.4 45537 48708 27124.5 46130.9 8089.21 26518.9 1328.47 45420 21583.6 8694.67 3416.32 43737.3 21805.4 51581.1 455.804 9718.34 12087.1 25763.9
internal_count=3063929 2491678 572251 1467308 1024370 398199 134630 437621 965919 1069109 154573 243626 422763 507090 228365 752271 97745 225505 11563 731131 278725 172447 79765 415616 165816 458829 408 60644 105172 223088
is_linear=0
shrinkage=0.03


Tree=58
num_leaves=31
num_cat=0
split_feature=16 18 16 16 9 26 73 73 5 3 13 4 26 9 3 36 6 20 22 25 7 33 2 36 6 13 1 6 6 21
split_gain=2336.99 668.966 632.427 361.425 245.621 206.969 190.246 171.697 171.244 167.445 159.995 141.143 134.542 120.045 110.998 95.8253 95.4793 89.8707 87.7034 90.3805 82.6344 78.2793 81.8137 74.2607 73.3963 75.9442 73.38 72.7596 70.4354 70.0979
threshold=0.31061333417892462 1.0000000180025095e-35 0.58756005764007579 1.0000000180025095e-35 0.48828019201755529 1.0000000180025095e-35 0.028616840951144699 0.037166325375437743 1.1620228886604311 0.025666924193501476 0.63123199343681347 0.14931328594684604 0.37446653842926031 1.0000000180025095e-35 0.2035058066248894 1.0000000180025095e-35 0.30833633244037634 0.50335456430912029 1.3449937105178835 0.61035025119781505 0.073396276682615294 1.0000000180025095e-35 -0.071582600474357591 0.71161216497421276 0.48132444918155676 0.50316895544528972 -0.33382380008697504 0.28611345589160925 0.21661805361509326 0.37498413026332861
decision_type=2 2 2 2 2 2 2 2 2 2 2 2 2 2 2 2 2 2 2 2 2 2 2 2 2 2 2 2 2 2
left_child=1 8 4 5 7 21 -5 -2 15 13 17 -7 14 -4 28 -1 18 27 19 -14 -10 22 -3 -15 25 -13 -22 -9 -8 -29
right_child=2 3 9 6 -6 11 12 10 20 -11 -12 24 16 23 -16 -17 -18 -19 -20 -21 26 -23 -24 -25 -26 -27 -28 29 -30 -31
leaf_value=-0.012474249370809367 0.0067660499685140126 -0.0087841475757772652 0.010328344165548137 0.0096213772947264329 0.014672175005372943 -0.005406731175390104 0.00051206732194254505 0.0028263279927623107 -0.0026172996519078667 0.007211527988294917 0.011421901039076764 -0.001228070985005224 0.0023620878113407777 0.023208886869819416 -0.0035035139054363884 -0.0044329560563850278 -0.00033912365454370801 0.0037786703015338444 0.035220188510337695 0.014629997912463529 -0.0081612180650007891 0.00012401498626100888 -0.0047752013575832536 0.012644312781871706 -0.013075252485077446 0.014446005945612879 -0.021361742232338606 -0.0034101639564190251 -0.0021529787269472449 0.00088070576509176085
leaf_weight=2105.1276764077193 8647.3718001596571 6886.98197456872 3026.8913141963567 1702.9835136583424 1610.5644678305835 9183.6158899134753 23312.270779293438 14601.739717758959 334.95369561243569 6083.7522435807186 1651.4915262404829 36892.102219404682 11883.703623467241 1587.1607316331356 15786.108886767703 3656.573403342918 16846.03395128384 16928.695902179985 72.191939888522029 562.65925640845671 487.81846555150696 1983.4199079837999 13780.104257670209 994.51026752649341 463.31189801800065 276.30319537641481 1831.6367958992196 4136.3861904721707 14455.552394183731 19868.354039268685
leaf_count=62938 90418 152938 38521 16793 7572 133196 170604 116994 16372 74043 6435 593120 79403 12381 176110 79912 203936 148841 34 2189 17530 43222 279317 9685 14320 2185 72258 38601 187681 216380
internal_value=0 -0.00205884 0.0042276 -0.00160881 0.00311048 -0.00321237 -0.000292302 0.00282669 -0.010293 0.0106678 0.0022305 -0.00207289 -0.000496418 0.0144083 -0.00139125 -0.00737836 0.00113535 0.00195629 0.00311937 0.00292156 -0.0165973 -0.00556652 -0.00611278 0.0191668 -0.0012587 -0.00110989 -0.0186062 0.00115676 -0.000507974 0.00014069
internal_weight=241640 162503 79136.9 154087 67444.6 69465.8 84621.5 65834 8416.11 11692.3 57186.7 46815.3 82918.5 5608.56 53553.9 5761.7 29364.6 55535.2 12518.6 12446.4 2654.41 22650.5 20667.1 2581.67 37631.7 37168.4 2319.46 38606.5 37767.8 24004.7
internal_count=3063929 2304058 759871 2055048 625241 1218298 836750 617669 249010 134630 527251 742821 819957 60587 534395 142850 285562 520816 81626 81592 106160 475477 432255 22066 609625 595305 89788 371975 358285 254981
is_linear=0
shrinkage=0.03


Tree=59
num_leaves=31
num_cat=0
split_feature=17 73 18 19 24 73 9 54 6 11 6 26 73 72 74 17 7 35 6 72 19 35 9 28 7 7 4 6 60 71
split_gain=2304.65 780.878 501.969 402.658 278.504 216.642 194.23 186.347 155.985 155.335 153.277 144.072 128.808 123.602 122.788 122.058 115.331 115.158 100.756 98.6036 98.4623 96.2809 96.1187 90.2535 88.7935 113.414 114.263 165.659 87.6435 85.4297
threshold=0.37446653842926031 0.025321914814412597 1.0000000180025095e-35 0.3114724606275559 0.22396993637084964 0.070205211639404311 0.2484906688332558 1.0000000180025095e-35 0.2937582284212113 0.31061333417892462 0.31696049869060522 0.22396993637084964 1.0000000180025095e-35 0.17219432443380359 0.53071638941764843 0.53458327054977428 0.2522247731685639 1.0000000180025095e-35 0.38217790424823767 0.049045359715819366 0.50335456430912029 0.75503185391426098 0.84826016426086437 0.20707555115222934 0.66874989867210399 -0.35921296477317805 0.55233678221702587 0.39818593859672552 -1.5356929302215574 -0.016809881664812561
decision_type=2 2 2 2 2 2 2 2 2 2 2 2 2 2 2 2 2 2 2 2 2 2 2 2 2 2 2 2 2 2
left_child=2 12 14 6 5 -4 8 11 17 22 21 13 -2 -7 23 -10 19 -3 -18 -12 -14 -9 -5 -1 25 -15 -27 -28 -6 -8
right_child=1 3 4 9 28 7 29 10 15 -11 16 -13 20 24 -16 -17 18 -19 -20 -21 -22 -23 -24 -25 -26 26 27 -29 -30 -31
leaf_value=-0.010457177908307446 0.025319356082496424 0.0010023757949261948 0.0041864879290753809 0.0049340073269506651 0.029039016545505631 -0.0042220215257378927 0.0023124255012874012 6.0419824676026332e-05 -0.0018929986445638625 0.017841858737803126 -0.0014580199000417207 -0.002453457347805436 0.0084350138215457532 -0.0034014394802449046 -0.018489036901381917 0.0012461300473481061 -0.0037584097984728606 0.0042335695410621729 0.007091964322234059 -0.011037772218620118 0.015784093966289221 0.0084851478192580192 0.022297744237524196 -0.0025080487253162742 0.001358762529842646 -0.011552902158107788 -0.014619179834914689 0.018674632064112982 0.0014979014484571066 0.010020512386815204
leaf_weight=5316.2746495714528 570.48967395164073 25715.513185509742 3587.6500167122576 23072.880847248627 100.91277828859165 29556.769905040252 2214.3692142739892 13552.361064483062 21949.810795741854 898.74916133563966 1488.0594074395485 28270.660698027044 5685.8589560119144 2707.739373406519 1328.5581598721765 22643.338387809708 2484.9229365116335 16172.897992286715 1111.3646784509183 2771.0139435730525 2321.499406926916 1337.8786462621065 287.05304682813585 1701.1805036261212 855.21607659122674 7130.2855744433764 252.64901413430925 278.63781748077599 12334.053287669434 3125.9801779669942
leaf_count=146948 3963 249682 31183 181769 284 369368 20005 162695 290255 3403 16324 361422 63950 62154 61830 329042 44666 164535 12431 74591 26843 13366 863 40232 18404 159626 8815 8271 115727 21282
internal_value=0 0.00283299 -0.00304009 0.00218727 -0.00249114 -0.00304166 0.00127891 -0.00332437 0.000935811 0.00562457 -0.000968812 -0.00410012 0.0115656 -0.00524117 -0.0101267 -0.000298954 -0.00435839 0.00225032 -0.000399903 -0.00769631 0.010573 0.000819754 0.00515135 -0.00853331 -0.00792195 -0.00868805 -0.0105531 0.0028427 0.00173103 0.00682933
internal_weight=240825 124658 116166 116081 107820 95385.2 91821.9 91797.6 86481.6 24258.7 22745.6 69052 8577.85 40781.3 8346.01 44593.1 7855.36 41888.4 3596.29 4259.07 8007.36 14890.2 23359.9 7017.46 11224.5 10369.3 7661.57 531.287 12435 5340.35
internal_count=3063929 1355592 1708337 1260836 1459327 1343316 1074801 1312133 1033514 186035 324073 988060 94756 626638 249010 619297 148012 414217 57097 90915 90793 176061 182632 187180 257270 238866 176712 17086 116011 41287
is_linear=0
shrinkage=0.03


Tree=60
num_leaves=31
num_cat=0
split_feature=17 17 15 26 73 74 9 16 31 75 6 14 6 11 12 6 39 2 14 9 7 6 15 56 7 7 74 7 7 7
split_gain=2225.23 703.176 637.031 328.891 261.062 223.79 223.042 221.27 170.501 122.183 120.091 114.185 104.724 104.406 96.7048 95.9809 93.5422 131.434 91.143 91.0142 89.6232 87.0381 83.3851 75.3363 74.8069 86.8498 89.9056 113.034 96.87 80.1514
threshold=0.50316895544528972 0.22396993637084964 0.31061333417892462 1.0000000180025095e-35 0.055076662451028831 0.32435926795005804 0.17917595058679583 0.58756005764007579 1.0000000180025095e-35 0.033184546977281577 0.15391666442155841 0.37446653842926031 0.3808619230985642 1.0000000180025095e-35 0.53458327054977428 0.027107000350952152 1.0000000180025095e-35 -0.083374395966529832 0.50316895544528972 0.85945245623588573 -0.007851991802453993 0.49072530865669256 0.61035025119781505 0.79961621761322033 -0.57484117150306691 -0.4054999947547912 0.1521863788366318 0.27237541973590856 0.34560325741767889 0.22254069149494174
decision_type=2 2 2 2 2 2 2 2 2 2 2 2 2 2 2 2 2 2 2 2 2 2 2 2 2 2 2 2 2 2
left_child=1 3 6 5 -3 16 9 20 14 -2 13 24 18 23 21 -8 17 -1 -11 22 -4 -6 -9 -10 -5 -26 -27 29 -29 -28
right_child=2 4 7 11 8 -7 15 19 10 12 -12 -13 -14 -15 -16 -17 -18 -19 -20 -21 -22 -23 -24 -25 25 26 27 28 -30 -31
leaf_value=-0.012193211066101637 0.007446659199187809 0.005751280366566921 0.019662659145627211 -0.014319258811354093 -0.0013990801506799807 -0.015612720182705177 0.016529694992184145 0.011233463134893974 0.00088991717916467468 0.0020485981144530581 7.8670153771280367e-05 0.00026789650813889169 -0.00050204178055317608 0.010744406698039938 0.02186176009826658 0.0064488781866799804 -0.0033229306671710129 -0.0056315466972751572 0.0070390388787420627 0.027571094102419764 0.005893930139729278 -0.011499511259453291 0.021484296838254466 0.011613031507730454 -0.00040351430358260431 -0.0031371102924478205 -0.0063110638112642082 0.014014530885263037 -0.0038747818728627884 -0.013816335750706871
leaf_weight=4098.5590257626318 3568.7699663390376 5888.2269845466944 441.31046556355432 576.90873744694545 70752.464525226504 2634.4375055768687 1020.3846940905787 5886.8773382930958 3934.7498620623373 31301.700765547692 14340.759284412605 8324.9377962886938 13916.359702907153 1971.1141211874783 155.69640440028161 5107.3086776309647 6392.3261804156937 8380.2987738264856 3679.5096569622401 381.01167080318555 10187.352797123705 772.49385191156762 817.81018741533626 690.05588436464313 6759.7030178086206 20271.841143819314 3137.8618812958302 307.13152758602519 2184.9086282910721 2179.9721033076057
leaf_count=98219 45578 52256 3041 16271 732378 122785 4958 64725 31563 394009 163327 111049 206014 5170 533 48717 134074 163250 26734 1582 82388 14819 9093 4599 106707 239277 72892 5169 55254 47498
internal_value=0 -0.00197167 0.004231 -0.00438704 -0.000371603 -0.00742464 0.00272341 0.00921571 -0.000761151 0.00209037 0.00162023 -0.00289301 0.00169877 0.0049691 -0.00145683 0.00813796 -0.00627827 -0.00779024 0.00257439 0.0133229 0.00647322 -0.00150887 0.0124966 0.00249951 -0.00363604 -0.0034574 -0.00419219 -0.00692725 -0.00164928 -0.00939666
internal_weight=240063 163754 76308.4 65248.9 98505.6 21505.6 58594 17714.4 92617.3 52466.3 20936.7 43743.3 48897.6 6595.92 71680.7 6127.69 18871.2 12478.9 34981.2 7085.7 10628.7 71525 6704.69 4624.81 35418.3 34841.4 28081.7 7809.87 2492.04 5317.83
internal_count=3063929 2177090 886839 1172445 1004645 518328 726010 160829 952389 672335 204659 654117 626757 41332 747730 53675 395543 261469 420743 75400 85429 747197 73818 36162 543068 526797 420090 180813 60423 120390
is_linear=0
shrinkage=0.03


Tree=61
num_leaves=31
num_cat=0
split_feature=15 73 18 20 14 26 54 72 15 9 72 6 73 66 28 73 14 51 2 15 26 6 52 26 11 14 2 51 5 72
split_gain=1963.84 776.384 612.171 355.489 247.15 213.373 195.271 169.721 161.355 160.913 138.524 132.049 123.294 113.201 93.5482 93.1418 107.955 92.6344 99.9557 85.4871 77.3863 77.386 73.0514 72.5096 71.8883 70.2993 69.4882 80.5215 68.003 67.9156
threshold=1.0000000180025095e-35 0.026942956261336807 0.22396993637084964 0.43984289467334753 0.50316895544528972 0.22396993637084964 1.0000000180025095e-35 0.54213356971740734 0.31061333417892462 0.42766661942005163 0.098560441285371794 0.32029703259468084 1.0000000180025095e-35 -0.33714999258518213 1.0000000180025095e-35 0.12550622224807742 0.68507987260818493 1.0000000180025095e-35 -0.032655388116836541 0.56247621774673473 1.0000000180025095e-35 0.48132444918155676 0.3114724606275559 0.31061333417892462 0.31061333417892462 0.78919351100921642 -0.09797757118940352 1.232715964317322 1.2240660190582278 0.2004266753792763
decision_type=2 2 2 2 2 2 2 2 2 2 2 2 2 2 2 2 2 2 2 2 2 2 2 2 2 2 2 2 2 2
left_child=2 12 5 9 6 7 10 17 14 15 20 -8 -2 -12 -5 -3 -17 18 -1 -14 -4 25 -7 29 -10 -6 -13 -28 -9 -15
right_child=1 3 4 8 21 22 11 28 24 -11 13 26 19 23 -16 16 -18 -19 -20 -21 -22 -23 -24 -25 -26 -27 27 -29 -30 -31
leaf_value=-0.012354389518446638 0.024999792112121541 0.0021955133381844063 -0.0036387670717305965 0.0018111596253110043 0.0023567417393065364 -0.0040544673047390447 0.001474498035684916 -0.012942854104738584 0.0074262787036151251 0.01109935850492399 -0.00091422992486546407 -0.0069705413162134385 0.009556938614698942 -0.0049496829264470202 0.0061124460313017005 -0.000638941558027036 0.0066230163962841425 -0.0021485103920511409 -0.0063191824739212378 0.019262198982235836 -0.00085662796351846228 -0.010186143862514955 0.0042654714764452364 -0.0028817396880752261 0.017453188966463404 0.010339033154230655 -0.00075270161643782607 -0.013141792013775588 -0.024439786649764476 -0.0089421298635694989
leaf_weight=4443.4508315509302 567.63572527002543 25126.930345858622 12702.263160264265 11951.029622709073 10022.59030403028 3544.8609781127889 20471.842470387142 1308.2272352649961 9583.1561759150936 1397.5040904390626 7141.8494594995864 2426.2317806483479 7845.8131785042497 11381.848382039956 7354.7297804574191 31747.935422648676 1951.8284630989656 2169.1636169614503 5606.7739094637727 914.87535698205465 30867.846575725038 401.93776664091274 1292.8064598967321 8291.1572427103529 689.66868831077591 1099.4376823301427 9996.1501316831273 491.67932872183155 735.70259218997671 5808.9037794079632
leaf_count=103675 4251 211287 203263 97063 94349 59920 277671 49074 79129 6564 127677 52491 88778 227209 55844 232951 10105 44472 104146 11142 376667 7869 20203 137076 2677 7061 193668 12105 33673 131869
internal_value=0 0.00323175 -0.00228502 0.00237572 -0.00149757 -0.00727598 -0.00193711 -0.00912226 0.00506884 0.00105269 -0.00277536 -2.37852e-05 0.0114676 -0.00425365 0.00345094 0.0008132 -0.000217473 -0.00777846 -0.0089918 0.0105793 -0.00166809 0.00268075 -0.00182845 -0.00518912 0.00810641 0.00314965 -0.00239899 -0.00133873 -0.017123 -0.00630079
internal_weight=239336 99131.1 140205 89802.8 121104 19101 109580 14263.3 29578.6 60224.2 76193.9 33385.9 9328.32 32623.8 19305.8 58826.7 33699.8 12219.4 10050.2 8760.69 43570.1 11524 4837.67 25481.9 10272.8 11122 12914.1 10487.8 2043.93 17190.8
internal_count=3063929 799791 2264138 695620 1848975 415163 1739696 335040 234713 460907 1203761 535935 104171 623831 152907 454343 243056 252293 207821 99920 579930 109279 80123 496154 81806 101410 258264 205773 82747 359078
is_linear=0
shrinkage=0.03


Tree=62
num_leaves=31
num_cat=0
split_feature=16 16 19 74 73 27 9 25 4 66 64 15 73 6 52 6 6 6 14 71 3 64 70 73 9 69 6 3 21 16
split_gain=2098.62 810.637 349.244 315.933 272.23 222.566 194.682 164.502 162.836 150.834 169.854 122.972 117.847 108.522 126.641 122.773 108.43 175.054 98.5586 96.6653 92.5822 100.853 83.9307 76.1202 76.0752 73.6781 73.4735 72.6655 71.6932 70.144
threshold=0.42514967918396002 1.0000000180025095e-35 0.49501426517963415 0.20262710750103 0.038635572418570525 1.0000000180025095e-35 0.53471076488494884 0.31061333417892462 0.20707555115222934 -0.043050147593021386 0.037712294608354575 0.53458327054977428 0.18158587068319323 0.30568799376487737 0.63989907503128063 0.36947260797023779 0.029104033485054973 0.021199905313551429 1.0000000180025095e-35 0.0098657552152872103 0.16171395033597949 -0.94547289609909047 -0.026709219440817829 0.01753973122686148 1.0000000180025095e-35 -0.87216457724571217 0.3808619230985642 0.35045462846755987 0.2834331095218659 0.56247621774673473
decision_type=2 2 2 2 2 2 2 2 2 2 2 2 2 2 2 2 2 2 2 2 2 2 2 2 2 2 2 2 2 2
left_child=1 3 6 8 23 9 16 12 20 -5 22 24 19 14 27 -15 17 -2 -10 -6 25 -22 -11 -3 -4 -1 -7 -9 -14 -18
right_child=2 4 11 5 7 26 -8 13 18 10 -12 -13 28 15 -16 -17 29 -19 -20 -21 21 -23 -24 -25 -26 -27 -28 -29 -30 -31
leaf_value=0.0017360436000884501 0.0042392828426508463 0.012525117077303997 0.0071708616135889563 -0.0064557741664627803 0.00089294584043686216 -0.0034458962399173919 0.016746408274931911 0.0049057584139253433 -0.0036946426711050484 -0.0025179941687819563 -0.0090964520447308524 0.018095305649645239 -0.0035345205972260622 -0.0032688766266558444 0.015835241587231156 0.0020797075091734786 0.002681317827992176 0.016811994260308324 -0.00063647534716542939 -0.0026436121732071123 -0.0029162417279624013 -0.0084945982013165354 -0.022265834803134904 0.0045254160562443494 0.014321170327550769 -0.0043615850654536289 0.0071380209788563945 -0.00082029160536809464 -0.0008879476590751221 0.0059075722443842878
leaf_weight=2565.5805466419552 2835.4639884367352 1352.5403557394748 4192.214244668532 5548.93362155465 37151.003385217773 2564.1152930605458 1159.6215334832668 7164.3892889877316 14693.368078576808 217.90634584950749 3082.4168976789551 1973.1302611836873 16293.372932492115 5596.1536718759453 781.09192605875432 12443.094724377384 21098.355923796786 1537.4357969736448 26760.227307237306 8553.8106390390894 4488.0691699966264 8374.9025785956765 1863.9970624106318 5147.6934599377855 1981.6692319635476 5826.0899799315521 762.42383734928444 2760.4254434979521 21211.233684557374 8523.3487252740306
leaf_count=32893 33094 14884 38500 173852 379914 50858 5875 35432 329493 6226 108201 20335 151116 53245 2411 121967 214818 5868 406044 120745 57993 127957 62062 49753 13829 97325 14404 15988 211578 107269
internal_value=0 -0.00132543 0.00597462 -0.00372713 0.000230695 -0.00779472 0.00467641 -0.000115905 -0.00281592 -0.00989887 -0.0135897 0.0115708 -0.000791844 0.00184044 0.00423261 0.000419858 0.00426263 0.00867198 -0.00172081 0.000230795 -0.00495081 -0.00655009 -0.0202098 0.00619733 0.00947445 -0.00249689 -0.00101311 0.00331301 -0.00203809 0.00361046
internal_weight=238504 195203 43301.2 76748 118455 14039.8 35154.2 111955 62708.2 10713.3 5164.32 8147.01 83209.4 28745.2 10705.9 18039.2 33994.6 4372.9 41453.6 45704.8 21254.6 12863 2081.9 6500.23 6173.88 8391.67 3326.54 9924.81 37504.6 29621.7
internal_count=3063929 2624341 439588 1467308 1157033 415603 366924 1092396 1051705 350341 176489 72664 863353 229043 53831 175212 361049 38962 735537 500659 316168 185950 68288 64637 52329 130218 65262 51420 362694 322087
is_linear=0
shrinkage=0.03


Tree=63
num_leaves=31
num_cat=0
split_feature=17 17 15 5 73 16 22 13 75 18 36 6 7 6 52 56 74 75 6 6 6 32 13 7 7 18 36 15 6 6
split_gain=2062.37 615.744 568.705 302.769 236.655 208.792 186.437 155.478 148.18 146.083 121.437 114.139 293.182 226.254 113.503 110.737 104.992 103.882 95.6648 89.7069 120.32 89.5134 86.7802 84.4149 81.5128 80.9572 79.0121 77.5637 76.7936 193.358
threshold=0.50316895544528972 0.22396993637084964 0.31061333417892462 1.1323377490043642 0.056337593123316772 0.58756005764007579 1.0000000180025095e-35 0.46720869839191442 0.039157260209321983 0.70072525739669811 0.20707555115222934 0.31696049869060522 0.27237541973590856 0.36633905768394476 0.80801811814308178 1.0000000180025095e-35 0.16109564900398257 0.27471527457237249 0.3834566473960877 0.31122234463691717 0.3775490671396256 1.0936229228973391 0.42514967918396002 -0.007851991802453993 0.20734930038452151 1.0000000180025095e-35 0.70688349008560192 0.61035025119781505 0.39818593859672552 0.39948576688766485
decision_type=2 2 2 2 2 2 2 2 2 2 2 2 2 2 2 2 2 2 2 2 2 2 2 2 2 2 2 2 2 2
left_child=1 3 8 10 -3 23 16 15 -2 22 25 14 18 -14 -12 -6 -5 -15 24 21 -21 -17 -10 -4 -13 -1 -20 -7 -8 -30
right_child=2 4 5 6 7 27 28 -9 9 -11 11 12 13 17 -16 19 -18 -19 26 20 -22 -23 -24 -25 -26 -27 -28 -29 29 -31
leaf_value=-0.009635972232799335 0.0069794356442596924 0.0053446416475132538 0.019123034105618802 -0.0079719961759195952 -0.0020292451867028388 0.011662432915994777 -0.0066908021519685975 0.0054199162546752248 0.0030697470684492014 0.00024585660851300873 -0.00068729404246352897 -0.0074527059888721001 -0.007775036975941515 -0.0064677048152379669 0.019558220995933368 0.0010895154080613032 -0.017479056903134935 0.0077428285115568275 -0.00024666773149334902 -0.0045295302970846368 0.00054949979646878714 0.018458869893805373 0.00978919821125219 0.0056092377748391178 -0.021057011929172351 -0.0041122166816857444 -0.010669010325173971 0.021262394939873728 0.030816666359071446 -0.0046237848199000547
leaf_weight=2679.4267411930814 6381.2306903632707 6038.2203561898496 431.15715062338859 1830.1531158229336 46865.646371682815 6069.4375446829363 7120.3002937172132 3491.9560791691765 28346.581416501052 21525.083734713728 17675.813718146441 659.52970257116249 1896.0484481640742 556.78407403221354 248.78043523989618 23802.961160202569 2478.3719596004375 2661.025849151134 1067.5963052416482 7142.9455784462625 10167.745138106693 266.12273795343935 1840.2027612321544 10077.112609853619 1019.0942577453097 22044.276499933065 1692.9204342615558 872.44646650209324 172.72710678336443 637.52836112049408
leaf_count=74840 79818 54089 3041 18165 470561 65872 168319 16092 303201 334439 232548 15889 44833 11675 1873 219302 111568 31751 21004 106501 137357 743 8552 82388 33717 334582 48188 9528 4538 18955
internal_value=0 -0.00190672 0.00409423 -0.00418335 -0.000406112 0.0088431 -0.00842989 -0.000784896 0.00266716 0.00213444 -0.00318706 -0.00181385 -0.00446168 0.000434929 -0.000401749 -0.00103071 -0.0134529 0.00527758 -0.0100989 0.000100179 -0.00154657 0.00128478 0.00348076 0.00617121 -0.015745 -0.0047125 -0.00664611 0.0128811 -0.00569502 0.00304002
internal_weight=237759 162216 75543.3 64440.4 97775.6 17450.2 12239.1 91737.4 58093.1 51711.9 52201.3 27477.6 9553 5113.86 17924.6 88245.4 4308.53 3217.81 4439.14 41379.8 17310.7 24069.1 30186.8 10508.3 1678.62 24723.7 2760.52 6941.88 7930.56 810.255
internal_count=3063929 2177090 886839 1172445 1004645 160829 321545 950556 726010 646192 850900 441478 207057 88259 234421 934464 129733 43426 118798 463903 243858 220045 311753 85429 49606 409422 69192 75400 191812 23493
is_linear=0
shrinkage=0.03


Tree=64
num_leaves=31
num_cat=0
split_feature=16 16 18 75 75 9 26 19 26 72 7 26 6 2 73 18 52 21 58 75 18 4 24 20 13 22 65 71 52 6
split_gain=1970.7 754.183 348.27 333.727 258.306 211.649 183.647 182.588 164.283 149.063 134.142 117.273 106.784 98.5035 98.1616 100.899 96.3407 92.8058 92.3552 91.0311 120.228 89.8385 84.5855 81.747 81.03 80.8125 88.301 81.3982 72.8955 71.9531
threshold=0.42514967918396002 1.0000000180025095e-35 0.22396993637084964 0.023934200406074527 0.03632833436131478 0.53471076488494884 0.22396993637084964 0.52258238196372997 0.31061333417892462 0.54213356971740734 -0.21457178145647046 1.0000000180025095e-35 0.30833633244037634 -0.20781050622463224 0.37796886265277868 0.31061333417892462 0.43366721272468572 0.2834331095218659 1.0000000180025095e-35 0.19192623347043994 0.37446653842926031 0.3354459702968598 0.31061333417892462 0.96777310967445385 1.0000000180025095e-35 1.0000000180025095e-35 0.011394262313842775 -0.24720341712236402 0.3114724606275559 0.22250916063785556
decision_type=2 2 2 2 2 2 2 2 2 2 2 2 2 2 2 2 2 2 2 2 2 2 2 2 2 2 2 2 2 2
left_child=1 2 6 -2 -3 7 9 10 14 18 -5 -4 16 -14 15 -6 19 24 -1 20 -10 -13 -18 -22 -17 26 27 -23 -8 -19
right_child=3 4 11 5 8 -7 28 -9 12 -11 -12 21 13 -15 -16 17 22 29 -20 -21 23 25 -24 -25 -26 -27 -28 -29 -30 -31
leaf_value=-0.0093413366041984035 0.014693659428543553 0.0080293340486222598 -0.0045475650803008432 0.011780116895527307 0.0033769671132946712 0.017421712864256225 -0.0043466003745067519 0.0098629113199222799 0.022695464285716751 -0.016896904160878429 0.0033539029646556424 -0.0029899904002649454 -0.005116268845684422 0.00056166743987931316 -0.0042602944945336714 -0.00084046794465170345 0.0040928980894606466 0.00096032199031868132 -0.0028764827514120182 -8.4012840579650476e-05 0.002918702819129303 -0.028770870736532672 0.013203791601008725 0.023041252927432726 -0.0056769988114736885 -0.00058723656485544116 0.022408767821135062 0.0061666865478826041 0.004522309637574524 -0.0017702072852596698
leaf_weight=8383.5297819103798 3495.0135876265704 3685.751859907381 17921.249352633284 1795.4727570090909 5066.4077141893795 1198.3728046179749 3047.2684939056053 5193.7166126576776 298.06331149116158 1907.1310035624992 31305.369219155982 21372.946371193015 3055.8501377610955 27140.550149200659 7757.1856922736042 6145.7893563406542 3465.5128634339198 19067.240836925746 2615.8239904059592 10796.613891089335 7660.5118445433909 64.526796970982105 1247.7047586319968 182.30802372982726 6331.8873259546235 19028.323687292868 283.75443754740991 479.1158005327452 1143.7733454973786 15944.321301972173
leaf_count=189813 44820 43226 396614 15774 29355 5449 55745 43119 598 81497 330426 333906 36552 306231 74666 61831 22678 190730 52278 73424 51197 507 3829 313 36656 336362 702 1018 18866 225747
internal_value=0 -0.00128724 -0.00361203 0.00581155 0.000216956 0.00502399 -0.00738296 0.00463412 -3.55067e-05 -0.00915441 0.00381247 -0.00252153 0.00116884 -1.33874e-05 -0.00111083 -0.000645595 0.00267821 -0.00107509 -0.0078059 0.00172192 0.00411641 -0.00164039 0.00651488 0.00339854 -0.00329619 -0.000187118 0.00896788 0.00183176 -0.00192312 -0.000283097
internal_weight=237081 194093 76247.4 42987.9 117846 39492.9 17097.5 38294.6 114160 12906.5 33100.8 59149.9 53847.1 30196.4 60312.8 52555.6 23650.7 47489.2 10999.4 18937.5 8140.88 41228.7 4713.22 7842.82 12477.7 19855.7 827.397 543.643 4191.04 35011.6
internal_count=3063929 2624341 1467308 439588 1157033 394768 398199 389319 1113807 323588 346200 1069109 494822 342783 618985 544319 152039 514964 242091 125532 52108 672495 26507 51510 98487 338589 2227 1525 74611 416477
is_linear=0
shrinkage=0.03


Tree=65
num_leaves=31
num_cat=0
split_feature=17 17 15 5 16 73 74 25 9 7 14 73 65 74 65 9 5 2 4 5 20 14 64 9 7 52 15 14 2 70
split_gain=1943.31 571.266 535.276 279.512 278.168 222.549 186.815 137.977 137.588 134.007 127.849 109.888 107.052 107.785 163.551 106.526 99.572 89.7515 105.988 130.327 85.6815 82.7744 80.337 78.1544 76.9402 76.1017 75.7642 70.363 69.6611 68.5888
threshold=0.50316895544528972 0.22396993637084964 0.22396993637084964 1.1385689377784731 0.61035025119781505 0.055076662451028831 0.30964486300945288 0.22396993637084964 0.17917595058679583 -0.06856480240821837 0.37446653842926031 1.2413532137870791 0.010405003093183042 0.17433530837297442 -0.0049731940962374202 0.48828019201755529 0.14931328594684604 -0.021009312011301514 0.55233678221702587 1.3384286761283877 0.50335456430912029 0.50316895544528972 -0.86010774970054615 0.85945245623588573 0.2522247731685639 0.44559228420257574 0.56247621774673473 0.65050083398818981 -1.1736065149307249 -0.026709219440817829
decision_type=2 2 2 2 2 2 2 2 2 2 2 2 2 2 2 2 2 2 2 2 2 2 2 2 2 2 2 2 2 2
left_child=1 3 8 10 9 -3 17 22 21 -4 11 12 13 -1 -15 20 24 -5 -19 -20 -11 -2 -7 26 25 -9 -6 -18 -12 -16
right_child=2 5 4 6 23 7 -8 16 -10 15 28 -13 -14 14 29 -17 27 18 19 -21 -22 -23 -24 -25 -26 -27 -28 -29 -30 -31
leaf_value=-0.003551775047632039 0.0010755974413756972 0.0052879705396762832 0.017025365998068916 -0.0099794774373838952 0.010168860565002099 -0.0003168854568564422 -0.017433737978482754 0.0038442981682224701 0.0069768723744625246 0.0030443649549505617 0.021474729012400159 -0.015212428091692943 -0.0012131474719124481 -0.0039938455304211872 0.0026215023615150991 0.016313363453502715 -0.00071133378893597457 -0.0052811263081589972 -0.0048974150029436466 0.031174355647486971 0.0070810763975081691 0.005351237312471684 -0.0026358729506300188 0.026789398579563816 -0.00078670282820094035 0.012595889977141306 0.018238178999432614 0.0036753223687933149 -5.3824449483777569e-05 -0.014718058555933163
leaf_weight=23826.36452665781 38436.579203677858 5799.1861931571329 890.1132501042448 4263.8597601078509 4698.4171944881818 22542.11768557399 1699.8897569475521 3930.6003634990193 4618.5499494759133 11403.657709095292 133.55175593588501 738.2096972956715 12422.655830380689 4146.8482613672968 221.18230356229469 737.99435794819146 24462.62903073011 5411.6142255815066 196.36177499344922 160.94557944021653 8106.8266096730367 4555.8882339639531 33333.96154259771 339.1539910598658 2277.081860108301 1157.4240464705508 1360.6352652359928 3798.3139387851115 8133.8011008687608 2604.1167542254552
leaf_count=313761 547258 52256 6433 100382 57863 262567 91210 15200 43930 103244 711 26678 224240 102625 4734 3591 225359 109742 7178 3318 69110 38173 410512 1546 11070 4485 15691 23196 110338 77528
internal_value=0 -0.00185675 0.00398431 -0.004059 0.00731337 -0.000408985 -0.00824296 -0.000770309 0.00205833 0.00565224 -0.00311843 -0.00376208 -0.00356502 -0.00451322 -0.00779427 0.0051488 0.000688498 -0.00667896 -0.00423351 0.0115036 0.004723 0.00152924 -0.00170049 0.0127938 0.00379427 0.00584433 0.0119925 -0.000121165 0.000303623 -0.0133572
internal_weight=236409 161261 75147.8 63959.4 27536.8 97301.3 11732.7 91502.1 47611 21138.6 52226.7 43959.4 43221.2 30798.5 6972.15 20248.5 35626 10032.8 5768.92 357.307 19510.5 42992.5 55876.1 6398.21 7365.11 5088.02 6059.05 28260.9 8267.35 2825.3
internal_count=3063929 2177090 886839 1172445 257478 1004645 311830 952389 629361 182378 860615 749566 722888 498648 184887 175945 279310 220620 120238 10496 172354 585431 673079 75100 30755 19685 73554 248555 111049 82262
is_linear=0
shrinkage=0.03


Tree=66
num_leaves=31
num_cat=0
split_feature=17 17 15 18 75 15 25 14 18 75 7 14 4 64 74 15 35 6 7 24 2 7 6 15 6 18 64 22 75 6
split_gain=1873 541.47 522.615 267.2 235.384 196.565 143.868 125.686 124.59 124.39 116.237 105.044 98.199 108.77 97.2879 96.5601 87.4751 107.974 91.029 95.9855 83.6609 159.938 119.101 78.5422 81.598 79.1076 75.5344 68.5353 72.4053 71.1261
threshold=0.50316895544528972 0.22396993637084964 0.42514967918396002 1.0000000180025095e-35 0.029818445444107059 1.0000000180025095e-35 0.37446653842926031 0.37446653842926031 0.65050083398818981 0.091491330415010466 -0.06856480240821837 0.22396993637084964 0.3114724606275559 -0.70211991667747486 0.53071638941764843 0.58756005764007579 1.0000000180025095e-35 0.02389999479055405 0.2463922128081322 0.37446653842926031 -0.078104279935359941 -0.40786957740783686 0.21661805361509326 0.22396993637084964 0.38167145848274237 0.70072525739669811 -0.94343081116676319 1.2064728736877444 0.19948582351207736 0.088708333671093001
decision_type=2 2 2 2 2 2 2 2 2 2 2 2 2 2 2 2 2 2 2 2 2 2 2 2 2 2 2 2 2 2
left_child=1 3 4 11 -2 12 23 8 20 -7 -8 14 13 -3 -1 -4 18 -18 19 -11 21 22 -5 24 -6 -26 -23 29 -29 -22
right_child=2 5 15 7 6 9 10 -9 -10 16 -12 -13 -14 -15 -16 -17 17 -19 -20 -21 27 26 -24 -25 25 -27 -28 28 -30 -31
leaf_value=-0.0091359767782583801 0.0098490311640069168 -0.001029343650670895 0.0098969562974933565 0.002351170521434499 0.0020431304369775295 0.0057985929861290066 0.017142076536066538 0.00028613032148053604 -0.010287718844626901 -5.0584818530249374e-05 0.0047492118124005311 -0.0016199613277113885 -0.00033606061141088742 -0.0048054034100760493 -0.019290950788324435 0.019209524645458904 0.011224678578479979 0.0016291392742537696 -0.0030788056133104428 0.0075449525259067432 -0.0043919799155998284 -0.0032805412588546817 -0.015422138684448135 0.0041026009986640825 0.0011911734092127681 -0.0042692533153697605 -0.0087027052271420532 0.0037005149987698813 -0.037553775081347135 -0.0013870345077941241
leaf_weight=5560.4144584908354 4316.1220828612422 14233.231057846511 6414.3002698014316 3019.0903862652194 29308.435254385113 4609.2169509504747 719.17225296469405 7819.2232231033267 2532.691736019071 12196.94272085937 12050.440534815018 1391.5667012135964 28368.945726167294 13270.819093766331 1005.4508325402712 1193.5105324924807 1143.6195321790874 13206.877552695107 8362.5455230256775 1702.7443681051955 11080.045827803988 3307.5002572764934 378.22380226047244 11188.204890760855 5632.5057919410465 4138.4857056781038 7758.8470272751874 60.162080559879541 97.370239151176065 19705.525657734717
leaf_count=162505 54615 160791 59993 52812 386066 35503 3821 100859 77676 73433 94893 30498 380115 180365 56007 13194 4374 99044 62715 8305 143815 54258 10367 110974 77988 85295 164425 172 288 318763
internal_value=0 -0.00182559 0.00391625 -0.00397444 0.00307387 -0.000415304 0.00260931 -0.00323995 -0.00381514 0.00115606 0.00545267 -0.00911637 -0.00157471 -0.00285191 -0.0107025 0.0113678 0.000570919 0.00239706 -0.000606247 0.000881466 -0.00345314 -0.00533692 0.000355331 0.00188654 0.00125163 -0.00112192 -0.00708431 -0.00257189 -0.0220693 -0.00246912
internal_weight=235772 160811 74961.2 63716.1 67353.4 97094.9 63037.2 55758.7 47939.5 41221.9 12769.6 7957.43 55873 27504.1 6565.87 7607.81 36612.7 14350.5 22262.2 13899.7 45406.8 14463.7 3397.31 50267.6 39079.4 9770.99 11066.3 30943.1 157.532 30785.6
internal_count=3063929 2177090 886839 1172445 813652 1004645 759037 923435 822576 283374 98714 249010 721271 341156 218512 73187 247871 103418 144453 81738 744900 281862 63179 660323 549349 163283 218683 463038 460 462578
is_linear=0
shrinkage=0.03


Tree=67
num_leaves=31
num_cat=0
split_feature=17 17 15 9 5 73 74 75 30 6 14 20 73 65 74 65 15 13 4 5 13 7 72 7 20 7 7 18 56 66
split_gain=1809.49 518.012 503.338 268.192 264.915 210.065 174.679 170.3 143.517 130.119 109.056 104.908 101.637 96.1635 99.0122 150.145 92.8377 91.4602 90.2812 177.728 84.5727 82.1108 103.693 87.1073 80.9411 73.2255 145.894 72.1014 71.7391 71.2789
threshold=0.50316895544528972 0.22396993637084964 0.42514967918396002 0.17917595058679583 1.1385689377784731 0.056337593123316772 0.30964486300945288 0.039157260209321983 1.0000000180025095e-35 0.02389999479055405 0.37446653842926031 0.88635334372520458 1.2413532137870791 0.010405003093183042 0.17433530837297442 -0.0049731940962374202 0.58756005764007579 0.37446653842926031 0.55233678221702587 1.3384286761283877 0.61035025119781505 0.049958098679780967 0.18423765897750857 0.66874989867210399 0.35638883709907537 0.24288779497146609 0.23500321805477145 0.70072525739669811 0.65050083398818981 -0.15323687344789502
decision_type=2 2 2 2 2 2 2 2 2 2 2 2 2 2 2 2 2 2 2 2 2 2 2 2 2 2 2 2 2 2
left_child=1 4 3 7 10 -3 18 -2 11 -5 12 20 13 14 -1 -16 -4 24 21 -20 27 -6 -23 28 -9 26 -11 -7 -24 -13
right_child=2 5 16 9 6 8 -8 17 -10 25 -12 29 -14 -15 15 -17 -18 -19 19 -21 -22 22 23 -25 -26 -27 -28 -29 -30 -31
leaf_value=-0.0033794080454920858 0.0066441503036688988 0.0050285106843651886 0.0097458562775917558 0.017047232203452473 -0.0014979998199131843 -0.0012240655978672231 -0.01701392217741712 4.4141408468569173e-05 0.002176219730381351 0.0066816821708891617 0.00016675709510092731 0.023345732198893548 -0.014730060305204525 -0.0011665565675814623 -0.0038323586017369373 -0.012882407491287788 0.01891919402773945 0.0060432689735358432 -0.0081493474623164381 0.027485116367012292 0.0089651214416386609 -0.0059202389797150465 -0.016382195440181824 0.0020983883261028861 0.0025128499207560167 0.0037394200426203524 0.023723351041690679 -0.0050921396737632985 0.0060862874322604125 0.003271667782834586
leaf_weight=23617.053055608725 7287.5219104611315 5978.4333371567773 6385.0478343393625 1278.2259296942502 1850.795171188307 72102.247702857974 1657.1272336418187 22057.294305200689 12743.840183088323 2175.080292665516 8289.8088655648171 240.76282845484093 720.98267041900544 12377.593867149648 4112.2842210796516 2759.43468688539 1181.6425791507354 4109.9951286995783 323.8637283204298 200.71443882107269 703.1686375355348 4854.8673340588866 2281.5486907083541 294.86544755008072 26098.429068649959 3610.5348227608483 569.29425003007054 4612.2664500879473 133.20674332321505 461.88234875164926
leaf_count=313761 95443 54089 59993 6179 46634 737631 91210 325928 118980 20088 111049 529 26678 224240 102625 82262 13194 25303 12168 4196 2884 82962 61968 8277 302547 35359 2805 89198 4415 1334
internal_value=0 -0.00179732 0.00385444 0.00302781 -0.00390361 -0.000416622 -0.00800245 0.00234878 -0.000775141 0.00832099 -0.0029867 -0.00125674 -0.00358651 -0.00339762 -0.00430295 -0.00747257 0.0111882 0.00174932 -0.0064934 0.00558144 -0.00136176 -0.00716872 -0.00855405 -0.0132558 0.00138227 0.00655547 0.0102478 -0.00145694 -0.0151329 0.0102497
internal_weight=235070 160317 74753.1 67186.4 63474.1 96842.6 11597 59553.2 90864.2 7633.14 51877.2 78120.3 43587.3 42866.4 30488.8 6871.72 7566.69 52265.7 9939.86 524.578 77417.7 9415.28 7564.49 2709.62 48155.7 6354.91 2744.37 76714.5 2414.76 702.645
internal_count=3063929 2177090 886839 813652 1172445 1004645 311830 749221 950556 64431 860615 831576 749566 722888 498648 184887 73187 653778 220620 16364 829713 204256 157622 74660 628475 58252 22893 826829 66383 1863
is_linear=0
shrinkage=0.03


Tree=68
num_leaves=31
num_cat=0
split_feature=16 16 16 5 75 4 72 54 75 15 13 14 22 3 64 3 22 3 22 65 33 36 66 21 22 1 3 22 4 2
split_gain=1750.73 554.533 388.638 306.489 190.427 157.214 149.192 139.777 134.032 132.419 99.2587 93.302 93.4681 90.4847 92.7215 89.2791 88.039 86.6459 87.4334 84.1123 76.7421 97.283 74.2689 73.3522 73.338 68.7055 68.3519 79.2826 77.502 70.4093
threshold=0.37446653842926031 1.0000000180025095e-35 0.58756005764007579 1.1000917553901675 0.047409605234861381 0.14931328594684604 0.35260759294033056 0.22396993637084964 0.021746934391558174 0.50316895544528972 0.61035025119781505 0.37446653842926031 1.2673993706703188 0.18858619034290316 -0.056474098935723298 0.17713167518377307 1.0000000180025095e-35 0.025666924193501476 1.0000000180025095e-35 -0.020117201842367646 1.0000000180025095e-35 1.0315482616424563 0.0010059467167593541 0.39964921772480017 1.3449937105178835 -0.33382380008697504 0.16366129368543628 1.0000000180025095e-35 0.3354459702968598 -0.05225661396980285
decision_type=2 2 2 2 2 2 2 2 2 2 2 2 2 2 2 2 2 2 2 2 2 2 2 2 2 2 2 2 2 2
left_child=1 3 8 5 -3 13 -5 11 -2 -4 17 15 -13 -1 -15 22 25 -10 -19 -16 21 24 -6 -9 26 -8 27 29 -28 -7
right_child=2 4 9 6 7 20 16 23 10 -11 -12 12 -14 14 19 -17 -18 18 -20 -21 -22 -23 -24 -25 -26 -27 28 -29 -30 -31
leaf_value=-0.0022818429764919677 0.013857836702712142 0.0056938481035157763 0.0078305249319682128 -0.0056789626541690064 -1.2614868237708488e-05 0.016972958550347726 -0.0076904296653899293 0.00013919987411530076 0.0049849014959873813 0.015579224442549288 0.010218472530681441 0.00091723525993376654 0.040017632337729619 -0.0050080283501271758 -0.00085684396518226271 -0.0030989270113466112 -0.0058351581101026015 0.018196323527067699 0.0018216792540095433 -0.014711109054255577 0.001753193641093227 -0.012270363056625318 -0.003414158087886737 0.0035637986623977668 -0.029251090136934079 -0.020608509273181943 -0.0042270266080377704 -0.00061667275528439489 -0.0010921435265061777 0.0020976446702264634
leaf_weight=5113.9798937446321 1070.1451387690031 4985.3860416280659 8420.5442770825757 14446.890158840688 31206.24655204812 443.59693801682442 522.20457378024003 11934.117574379547 12125.992096773523 2605.8364485135244 1705.4835924077779 16590.872991367185 51.215075477957726 4792.2392670143745 488.09568078105804 20419.390886934445 969.40937531160307 292.51002212520689 29948.383454172639 2077.4752994067967 5555.3517176153255 810.71506968769245 7086.0750304344692 10656.019595833146 83.397457310929894 1342.9749362125294 12793.554389016408 9181.3484993252496 15955.827720357745 801.17590097850552
leaf_count=76076 14858 55448 105687 330443 255757 681 24643 123780 96173 28943 7147 136119 33 70951 8427 232428 28876 353 319090 44977 100022 25644 96052 124753 343 68382 226737 172986 286461 1659
internal_value=0 -0.00145495 0.0046185 -0.00340988 -2.31773e-05 -0.00236613 -0.0069171 -0.000314443 0.00338448 0.00966715 0.00312883 -0.000935006 0.00104742 -0.00535069 -0.00748065 -0.00149704 -0.013209 0.0028424 0.0019826 -0.0120825 -0.0015498 -0.00200797 -0.000642486 0.00175517 -0.00179471 -0.0170184 -0.00173316 0.000347231 -0.00248773 0.00743972
internal_weight=234476 178308 56168.9 75378.2 102929 58096.8 17281.5 97943.9 45142.5 11026.4 44072.4 75353.8 16642.1 12471.8 7357.81 58711.7 2834.59 42366.9 30240.9 2565.57 45625 40069.6 38292.3 22590.1 39258.9 1865.18 39175.5 10426.1 28749.4 1244.77
internal_count=3063929 2491678 572251 1467308 1024370 1014964 452344 968922 437621 134630 422763 720389 136152 200431 124355 584237 121901 415616 319443 53404 814533 714511 351809 248533 688867 93025 688524 175326 513198 2340
is_linear=0
shrinkage=0.03


Tree=69
num_leaves=31
num_cat=0
split_feature=17 16 17 5 73 15 3 74 54 13 73 7 7 2 6 6 4 15 6 22 7 7 2 73 70 6 1 25 70 73
split_gain=1708.58 636.079 360.817 204.096 201.312 179.618 162.53 144.516 143.075 140.017 103.014 101.093 118.926 141.752 97.5765 182.497 123.069 91.9079 87.6815 86.5423 121.328 143.337 132.051 134.907 133.762 121.557 106.213 103.514 99.629 92.1405
threshold=0.42514967918396002 0.53458327054977428 1.0000000180025095e-35 0.91924014687538158 0.070205211639404311 0.37446653842926031 0.026772505603730682 0.44992445409297949 1.0000000180025095e-35 0.42514967918396002 0.026942956261336807 0.041677778586745269 0.27237541973590856 -0.15710953623056409 0.10734022036194803 0.077024687081575408 0.3354459702968598 1.0000000180025095e-35 0.070009611546993269 1.0000000180025095e-35 0.2463922128081322 0.24397265166044238 0.078606612980365767 0.088200718164443984 -0.0015571630792692301 0.089459877461195006 -0.0090380171313881857 0.31061333417892462 -0.00074795394903048862 0.20639491826295855
decision_type=2 2 2 2 2 2 2 2 2 2 2 2 2 2 2 2 2 2 2 2 2 2 2 2 2 2 2 2 2 2
left_child=2 6 3 -1 17 -3 10 11 19 -8 -2 -5 13 -13 15 -15 -17 -4 -10 20 21 22 23 -6 -25 -23 28 -21 -26 -30
right_child=1 5 4 7 8 -7 9 -9 18 -11 -12 12 -14 14 -16 16 -18 -19 -20 27 -22 25 -24 24 26 -27 -28 -29 29 -31
leaf_value=-0.002200414288725412 0.0092579200234469312 0.0054668080760383103 -0.00030424312295426525 -0.0020707706429306215 -0.029368769202415674 0.011436805874647307 0.00064785977059945456 -0.016717302766651898 0.003188176800295399 0.0058898449257172754 0.00324380828686621 -0.016041238193265576 -0.0034245291400111515 -0.010752242853153574 -0.012305523028474315 -0.0012269590272097847 0.019242037257894671 0.0075119019915654735 -0.00083156369893740351 -0.0034721723650884993 -0.0079436776916590318 0.016746573837551449 0.0083399732891196992 -0.012011409898649022 0.017899474478783907 -0.014519621615361328 0.0056287971250356455 -0.00035420538439099485 -0.021445658034728504 -0.0017217871483409452
leaf_weight=12267.594933322249 3041.0134887103777 11247.493652645993 2370.4352201601141 3659.2326863765375 157.04094742867164 7620.2027781878278 59184.52461335744 1337.8866355917999 6284.2148633264587 4967.7311947452836 16318.482270870125 2330.9112918504397 3938.4017264343274 2032.8112017069652 2274.5051977878466 1604.787487448717 312.34204447525553 3149.2692056300002 21861.596556342905 48490.835776399181 1259.317322058836 860.37763580679893 1362.3489355230704 823.23501412058249 129.12235425366089 125.2718092307914 1988.8387483798433 11948.242018145043 362.77192852436565 512.12147940183058
leaf_count=248528 34728 133354 25598 111246 325 79486 779996 75153 57079 26244 117010 57728 135523 40657 71033 7549 584 22082 272131 639400 4592 596 3884 2914 185 300 3692 109186 747 2399
internal_value=0 0.00290569 -0.00226322 -0.00516856 -0.00141275 0.0078801 0.00178146 -0.00724909 -0.00173263 0.00105419 0.00419046 -0.00646066 -0.00774495 -0.00973078 -0.00735815 -0.00449859 0.00213866 0.00415666 6.61036e-05 -0.00247695 0.000543846 0.00223943 0.000293337 -0.00247026 -0.00133255 0.0127256 0.00161546 -0.00285592 -0.00632083 -0.00996573
internal_weight=233823 102379 131444 29758.5 101685 18867.7 83511.8 17490.9 96165.3 64152.3 19359.5 16153 12493.8 8555.36 6224.45 3949.94 1917.13 5519.7 28145.8 68019.5 7580.45 6321.13 5335.48 3973.13 3816.09 985.649 2992.85 60439.1 1004.02 874.893
internal_count=3063929 1170818 1893111 748001 1145110 212840 957978 499473 1097430 806240 151738 424320 313074 177551 119823 48790 8133 47680 329210 768220 19634 15042 14146 10262 9937 896 7023 748586 3331 3146
is_linear=0
shrinkage=0.03


Tree=70
num_leaves=31
num_cat=0
split_feature=17 15 17 16 18 73 31 9 14 18 9 39 9 14 12 2 59 74 15 74 14 22 11 2 72 65 75 18 18 70
split_gain=1662.53 469.874 466.073 249.423 228.73 190.521 131.015 110.115 108.536 104.246 95.3996 95.2876 87.5887 85.1925 81.3255 80.1826 90.3285 77.1606 74.9827 72.5634 71.78 65.2916 64.0334 63.8071 63.2854 62.6142 62.2692 61.6009 61.2007 60.3848
threshold=0.50316895544528972 0.22396993637084964 0.22396993637084964 0.58756005764007579 1.0000000180025095e-35 0.055076662451028831 1.0000000180025095e-35 0.17917595058679583 0.37446653842926031 0.58756005764007579 0.48828019201755529 1.0000000180025095e-35 0.85945245623588573 0.65050083398818981 0.53458327054977428 -0.078104279935359941 1.0000000180025095e-35 0.53071638941764843 0.58756005764007579 0.20262710750103 0.50316895544528972 1.1732037067413332 0.31061333417892462 -1.1736065149307249 1.0000000180025095e-35 0.097759183496236815 0.033184546977281577 0.70072525739669811 0.22396993637084964 0.00098405242897570155
decision_type=2 2 2 2 2 2 2 2 2 2 2 2 2 2 2 2 2 2 2 2 2 2 2 2 2 2 2 2 2 2
left_child=2 7 4 10 11 -4 14 20 9 15 22 17 18 24 27 16 21 -1 -5 -11 26 28 -3 -10 -8 -13 -2 -7 -6 -30
right_child=1 3 5 12 8 6 13 -9 23 19 -12 25 -14 -15 -16 -17 -18 -19 -20 -21 -22 -23 -24 -25 -26 -27 -28 -29 29 -31
leaf_value=-0.0090623212268857393 0.005898249892434264 0.0042706735827565913 0.0048914411118868859 0.0094009557553512962 -0.010767074307211936 -0.0012003850515725355 0.0035907658807406151 0.0063228670882177502 0.021067384738983893 -0.0069148927763879762 0.015788541485107128 -0.0057008059433304907 0.025782494136232476 0.0071339005961784394 0.020354352063162627 -0.0022466202980531524 -0.0014025696566014516 -0.018614804827185069 0.017951414492917588 -0.022665862265395086 0.004998689458924825 0.028452793136917225 0.015148255831961761 -0.00013516346166592811 -0.00035837987485507589 0.0071903471490382016 0.00070150608459474783 -0.0050420937591676143 -0.0078096622770944292 -0.0020447891096316943
leaf_weight=4657.9455090053816 2199.1853224048245 17764.839084009378 5719.4912924664677 6568.9889321603405 2605.7830811392923 65791.086564720434 4995.8980715614744 4578.3008049066411 125.89611324016005 4337.1501772424963 706.00929730478674 1773.2101133163087 357.77004945091903 2058.9031083912123 150.70840239338577 29092.421168278539 4233.9168214157107 914.10662914055865 1079.9751299057971 277.68686551530845 4524.2652882041293 43.445567992981523 497.9032425545156 7686.9431298833224 13539.896670531831 415.18155812544865 35853.148245557459 3981.5240505696274 3815.9247503531806 2870.2518739863881
leaf_count=141612 29805 159498 52256 77853 46848 668256 21033 43930 575 120738 3706 45685 1716 11834 533 428498 78998 51697 12708 9443 38173 96 1997 100284 171792 10016 517453 78941 79225 58730
internal_value=0 0.00371049 -0.00172904 0.00686814 -0.00373828 -0.000416708 -0.00075236 0.00190359 -0.00305845 -0.00359974 0.00499173 -0.00855958 0.0113083 0.00135038 -0.00137179 -0.00313566 -0.0050402 -0.0106425 0.0106176 -0.00788245 0.00142772 -0.0066882 0.00457073 0.000216524 0.000706324 -0.00324439 0.00100255 -0.00141995 -0.00686516 -0.00533828
internal_weight=233218 74130.4 159087 26975.5 62849.9 96237.5 90518 47154.9 55089.4 47276.6 18968.8 7760.44 8006.73 20594.7 69923.3 42661.7 13569.3 5572.05 7648.96 4614.84 42576.6 9335.41 18262.7 7812.84 18535.8 2188.39 38052.3 69772.6 9291.96 6686.18
internal_count=3063929 886839 2177090 257478 1172445 1004645 952389 629361 923435 822576 165201 249010 92277 204659 747730 692395 263897 193309 90561 130181 585431 184899 161495 100859 192825 55701 547258 747197 184803 137955
is_linear=0
shrinkage=0.03


Tree=71
num_leaves=31
num_cat=0
split_feature=16 17 26 75 75 74 9 15 24 30 73 6 13 36 6 61 56 61 6 1 6 6 48 6 26 69 73 22 1 18
split_gain=1616.45 672.413 306.235 283.617 181.981 171.57 171.311 126.85 124.996 108.489 98.7947 97.7146 91.6797 90.6954 99.7785 110.626 90.2248 104.609 86.3266 112.724 100.939 71.9478 71.5224 77.7766 70.1172 69.5634 67.6075 78.9926 67.3232 67.2674
threshold=0.42514967918396002 0.31061333417892462 1.0000000180025095e-35 0.023934200406074527 0.03632833436131478 0.32435926795005804 0.53471076488494884 0.46720869839191442 0.22396993637084964 1.0000000180025095e-35 0.13829530030488971 0.35366602241992956 0.46720869839191442 0.20707555115222934 0.071044389158487334 -0.14842668175697324 1.0000000180025095e-35 -0.074195671826601015 0.079629648476839079 0.076446089893579497 0.072676122188568129 0.20909231901168826 0.14931328594684604 0.072676122188568129 0.31061333417892462 -0.99999734759330738 0.18158587068319323 1.3449937105178835 -1.5356929302215574 0.70072525739669811
decision_type=2 2 2 2 2 2 2 2 2 2 2 2 2 2 2 2 2 2 2 2 2 2 2 2 2 2 2 2 2 2
left_child=1 2 5 -2 -3 16 7 11 10 24 18 29 21 22 -15 -16 17 -1 19 20 -4 -11 23 -12 -6 -10 -25 -28 -27 -5
right_child=3 4 8 6 9 -7 -8 -9 25 12 13 -13 -14 14 15 -17 -18 -19 -20 -21 -22 -23 -24 26 -26 28 27 -29 -30 -31
leaf_value=-0.0099061833645285452 0.013705460149220241 0.0075814662444432072 0.005066819167974081 0.0074353962604146616 -0.0008760155234120309 -0.013486841253711131 0.016141871047920239 0.0095231470868096801 0.019182287982329401 0.0056120344666466997 -0.0077706541303606312 0.002298432857942876 0.010840441290627983 0.0017455957020318274 -0.007044307865093421 -0.0015638719688590866 -0.0022819196547438666 -0.004649500459036688 -0.0012451706237446936 -0.012073661328081161 0.02229858940274573 0.00049515544072307527 -0.0010953879344154599 0.0022688347116485092 0.0008641231932962777 0.029176500840685904 -0.0042804220686577426 -0.033637227841653128 0.00086691788638931463 0.0032805446929996093
leaf_weight=5006.9541654725326 3350.4521203389013 3172.4145352002233 1224.3088837624528 7826.6509383633966 47128.873923326508 2393.0266389834796 1121.8480632100254 3710.7204936308553 193.73578430525959 3545.4402404928114 6339.5934500134317 19487.514426638969 1170.5923762386665 5980.9401033754111 4129.0195884628702 16786.033266868333 7272.4940742498584 10718.018466520669 4056.5329909108113 250.41464566841023 406.04139342461713 8166.6495283822296 5233.8163549975725 1503.6071321392956 37353.251944516931 72.393861160380766 11042.782920492929 79.255684582516551 7488.9026087872917 6380.7985960519291
leaf_count=118743 44820 38777 8392 54340 610112 123950 5449 33812 861 23082 84737 222584 4938 64158 82463 238896 152934 200737 37444 2145 986 95526 85286 15264 375028 219 174894 210 84559 78583
internal_value=0 -0.00117196 -0.00305279 0.00533679 0.000515072 -0.00584527 0.00460757 0.00425983 -0.00195803 0.000284481 -0.00244397 0.003679 0.00284848 -0.00286961 -0.00167005 -0.00264717 -0.00504771 -0.00632565 0.0012177 0.00652349 0.00940524 0.00204589 -0.00420216 -0.00505889 -0.000106566 0.00161446 -0.00369487 -0.00450204 0.00115384 0.00557115
internal_weight=232593 190715 90177.9 41878 100537 25390.5 38527.5 37405.7 64787.4 97364.8 57032.3 33695 12882.7 51095 26896 20915.1 22997.5 15725 5937.3 1880.76 1630.35 11712.1 24199.1 18965.2 84482.1 7755.03 12625.6 11122 7561.3 14207.4
internal_count=3063929 2624341 1476878 439588 1147463 596364 394768 389319 880514 1108686 794875 355507 123546 745908 385517 321359 472414 319480 48967 11523 9378 118608 360391 275105 985140 85639 190368 175104 84778 132923
is_linear=0
shrinkage=0.03


Tree=72
num_leaves=31
num_cat=0
split_feature=16 72 75 54 26 7 16 26 7 7 3 26 74 7 7 3 36 73 7 73 7 64 51 11 20 15 13 56 7 7
split_gain=1556.23 481.88 353.014 245.244 239.83 214.939 208.927 204.826 165.649 162.74 124.658 107.119 103.237 121.193 99.839 88.7442 83.9571 75.622 74.7094 72.178 71.9973 68.2062 66.9176 63.9484 62.8411 62.6633 61.726 60.7619 61.6324 57.3174
threshold=0.37446653842926031 0.16307646781206134 0.023934200406074527 0.22396993637084964 0.37446653842926031 -0.35921296477317805 0.53458327054977428 0.22396993637084964 0.27237541973590856 -0.54633793234825123 0.082613453269004836 0.88521358370780956 0.20262710750103 0.23984282463788989 0.37049600481987005 0.031939454376697547 0.72717973589897167 0.081576459109783186 0.396410882472992 0.305474802851677 0.098941359668970122 -0.5291682481765746 1.2363002896308901 0.37446653842926031 1.1218333244323733 0.46720869839191442 0.42514967918396002 1.0000000180025095e-35 0.66874989867210399 0.077809751033782973
decision_type=2 2 2 2 2 2 2 2 2 2 2 2 2 2 2 2 2 2 2 2 2 2 2 2 2 2 2 2 2 2
left_child=1 3 -2 7 5 9 23 10 12 -3 21 25 -7 -14 20 -5 -13 -9 -16 -10 -6 -1 26 -4 -19 -8 -17 28 -21 -28
right_child=2 4 6 15 14 8 11 17 19 -11 -12 16 13 -15 18 22 -18 24 -20 27 -22 -23 -24 -25 -26 -27 29 -29 -30 -31
leaf_value=0.0019172630675511526 0.013454596701512351 -0.013877912575475096 0.0023860714608507599 0.0049589925661535986 0.0012057322712882104 -0.0069322607718137266 0.0047118928777294157 0.0032386003623026227 -0.010243222417426865 0.00038214754729929486 -0.0036565612682991928 0.018528727054398505 -0.0099087714113360974 -0.020278738512109453 0.0068620532014114404 0.00088672666610416901 0.0073231444502287243 -0.00032597509773371988 -0.0023234436703858628 -0.0064109867978980606 -0.0043116706126755579 -0.001788296973871043 -0.0083371531108841525 0.019625464434291438 0.020900244693596789 0.010513490909848868 0.024952239071766521 0.0025129270044899083 0.00261569903482843 0.0052739343165171199
leaf_weight=6268.3220065602218 3606.8466868177493 810.51456548405986 35685.131981132727 6658.7240828407812 3212.7714766153367 8068.6406714234581 11565.731290749027 6288.8682510668295 1148.766568264924 6218.9619605562948 32432.934877145977 1099.332983242115 4820.7855973077531 1290.6751833917806 2184.6299142901553 20496.947887078859 1347.9727280000225 45866.729147009173 1249.7632194901817 2770.1205066468974 6288.7578297390719 15554.710024729255 663.77666425646748 190.87093887478113 121.86790912039578 1962.3672962981509 146.02151045016944 1809.8919435223506 898.85035630769562 1246.5203615194187
leaf_count=71068 49093 30988 344917 51406 45115 133543 139191 53832 34201 134898 492132 5879 145976 47291 23587 296492 11656 488807 17840 95717 99232 145778 13446 625 101 20890 439 38851 22756 8182
internal_value=0 -0.00137729 0.00438359 -0.000518155 -0.00423717 -0.00580548 0.00375152 -0.0011859 -0.00733749 -0.00126839 -0.00247707 0.00660514 -0.0091675 -0.0121114 -0.000861194 0.00191674 0.0123806 0.000154128 0.00351936 -0.00341826 -0.00244586 -0.000723571 0.00101761 0.00248009 -0.000267816 0.00555666 0.00130296 -0.00198 -0.0041979 0.00740618
internal_weight=231977 176519 55458.3 135745 40773.1 27837.2 51851.4 106533 20807.7 7029.48 54256 15975.4 14180.1 6111.46 12935.9 29212 2447.31 52277.5 3434.39 6627.63 9501.53 21823 22553.3 35876 45988.6 13528.1 21889.5 5478.86 3668.97 1392.54
internal_count=3063929 2491678 572251 1621683 869995 684221 523158 1251718 518335 165886 708978 177616 326810 193267 185774 369965 17535 542740 41427 191525 144347 216846 318559 345542 488908 160081 305113 157324 118473 8621
is_linear=0
shrinkage=0.03


Tree=73
num_leaves=31
num_cat=0
split_feature=17 15 16 5 4 9 18 75 75 3 66 15 57 69 15 64 66 9 12 48 64 65 2 4 5 21 14 11 75 27
split_gain=1531.4 431.488 430.496 284.489 206.926 181.572 167.833 154.122 123.515 120.483 130.163 116.583 101.925 92.7243 92.3179 90.9093 104.517 78.6109 77.0533 70.5415 69.8986 70.615 68.1457 80.6334 125.112 63.2685 63.0827 60.6553 60.0074 91.036
threshold=0.50316895544528972 1.0000000180025095e-35 0.58756005764007579 1.1354824900627138 0.20707555115222934 0.40253517031669622 1.0000000180025095e-35 0.091491330415010466 0.031541910022497184 0.19872107356786731 -0.20312917977571485 0.50316895544528972 1.0000000180025095e-35 -0.73975828289985646 0.22396993637084964 1.0000000180025095e-35 -0.010869933757930992 0.87005141377449047 0.42514967918396002 1.0000000180025095e-35 -0.96114543080329884 -0.013891645241528748 -0.011867602355778216 0.55233678221702587 1.3265168666839602 1.2509149312973025 0.46720869839191442 0.31061333417892462 0.19011529535055163 1.0146516561508181
decision_type=2 2 2 2 2 2 2 2 2 2 2 2 2 2 2 2 2 2 2 2 2 2 2 2 2 2 2 2 2 2
left_child=1 3 5 4 9 8 20 -3 -2 -1 -11 17 18 25 26 16 -12 -4 28 -14 21 -5 -8 -24 -25 -6 -10 -16 29 -9
right_child=2 7 11 6 13 -7 22 12 14 10 15 -13 19 -15 27 -17 -18 -19 -20 -21 -22 -23 23 24 -26 -27 -28 -29 -30 -31
leaf_value=-0.0020001427518859128 0.0081161823924318279 0.0056666672136356797 0.0069013148440407335 0.013138943510223013 -1.6370746915271692e-05 0.011897889028742462 -0.0072627474211311013 0.00029092475379193232 0.00078438811970903577 -0.003474488736139948 -0.0071134774522611929 0.014760792315318729 0.0044453667858443489 -0.0022582468036429857 0.003624719056619671 -0.0050509490349957536 -0.016833360272531652 0.02541357898146054 0.014166428918393391 0.00054824164992159244 -0.015420831687584562 -0.01153576395672461 -0.0039506361768977564 -0.0028772296331319096 0.026821702468008562 0.032670896466359595 0.0041025671337353783 0.014910601075559917 -0.0025279726695996885 0.024915890317844736
leaf_weight=12418.681690471116 3159.7570686251274 4966.0405012493429 8038.1403025778418 163.57306029970641 31609.125345003933 1841.0235883258283 6572.9155572381569 7308.522358043876 35259.265290111362 8559.5582266770216 2015.4324787992518 2523.8520300157834 5722.2179386722855 31604.895982766891 15996.64283074392 3027.1705799482006 1988.0673736575409 208.75909092510119 283.24690990895033 15501.261078981566 2194.2951949020062 272.82001818876597 7359.8921039222332 347.60395464318572 196.94453971250914 49.382969655096531 6037.8705390548566 437.18862012494355 15545.061588109704 133.67413483373821
leaf_count=164987 39956 38742 104749 3881 458201 11296 139335 44695 506686 118960 32319 28943 31192 541192 140048 55439 43807 938 973 128220 103036 9827 144040 10549 3956 37 52477 1746 103568 134
internal_value=0 -0.00166563 0.0035767 -0.00272522 -0.00205953 0.00262491 -0.00627515 0.000656167 0.0023437 -0.0042062 -0.00596222 0.00911672 9.63773e-05 -0.00110885 0.00202714 -0.00898658 -0.0119533 0.00738257 -0.00127466 0.00159983 -0.013243 -0.0022414 -0.0050054 -0.00312502 0.00797291 3.85958e-05 0.00126998 0.00392879 -0.00146755 0.000746981
internal_weight=231343 157840 73502.5 108380 91272.3 62731.7 17108 49460 60890.7 28008.9 15590.2 10770.8 44494 63263.4 57731 7030.67 4003.5 8246.9 23270.5 21223.5 2630.69 436.393 14477.4 7904.44 544.548 31658.5 41297.1 16433.8 22987.3 7442.2
internal_count=3063929 2177090 886839 1829566 1414942 752209 414624 347524 740913 415512 250525 134630 308782 999430 700957 131565 76126 105687 149370 159412 116744 13708 297880 158545 14505 458238 559163 141794 148397 44829
is_linear=0
shrinkage=0.03


Tree=74
num_leaves=31
num_cat=0
split_feature=17 15 15 18 9 5 75 18 4 54 75 64 18 6 53 53 6 27 5 6 6 4 35 75 69 15 18 27 19 75
split_gain=1485.77 480.259 382.06 290.685 192.537 153.501 150.993 154.881 138.182 133.289 127.067 114.053 105.735 102.084 95.7306 95.4201 89.1107 103.566 112.669 87.0005 83.5584 79.75 77.8741 84.3521 77.6389 76.033 73.2822 70.4759 69.8615 68.2406
threshold=0.53458327054977428 1.0000000180025095e-35 0.42514967918396002 0.22396993637084964 0.17917595058679583 1.1517086625099184 0.20525999367237094 0.58756005764007579 0.3114724606275559 0.31061333417892462 0.039157260209321983 -0.70211991667747486 0.70072525739669811 0.075978700071573271 0.24964435398578647 0.20707555115222934 0.31696049869060522 1.0000000180025095e-35 1.4283766150474551 0.37569800019264227 0.40729099512100225 0.55233678221702587 0.31061333417892462 1.0757379531860354 -0.909998059272766 0.58756005764007579 0.70072525739669811 0.20707555115222934 0.98445251584053051 0.31773675978183752
decision_type=2 2 2 2 2 2 2 2 2 2 2 2 2 2 2 2 2 2 2 2 2 2 2 2 2 2 2 2 2 2
left_child=1 3 4 5 10 15 7 -3 9 11 -2 -5 -6 -7 -8 -1 22 18 20 -19 -18 -20 -10 -24 -12 -4 -26 -16 -9 -21
right_child=2 6 25 8 12 13 14 28 16 -11 24 -13 -14 -15 27 -17 17 19 21 29 -22 -23 23 -25 26 -27 -28 -29 -30 -31
leaf_value=-0.0061263388476407235 0.0063001302483331545 0.0048064500436132227 0.0092276487006908939 -0.0020851865997780941 0.011615006157260955 -0.016632458635227814 -0.0019604907592600767 0.00014628199865136151 -0.00038719013804874706 0.00083545013311498296 0.0034216032597562756 -0.0052776670502620296 0.0039285068736876795 -0.0074803557969421791 -0.0018802305823155611 -0.00060701765719545838 -0.0066193856152508366 -0.0032301752766314509 -0.010912041277052991 -0.00017709032053316509 -0.00045317158022077414 0.037592044894856784 0.0031739195118276539 0.028132394480369988 0.0024651105700214653 0.017789149750066617 -0.00077933217742425312 0.0039313687191496255 0.021815441764276727 0.0059565391983175467
leaf_weight=8932.74375851074 6778.2686360951047 12773.762419572362 5709.932024048976 19547.746366223291 3417.2056245435379 1671.3544437310775 18741.789642025251 15248.064528968651 19677.84312692791 6703.7904610307014 17309.512301932322 20804.384370324842 3059.3555038818158 3228.0420917215088 2873.6158538355958 4122.3411878653424 6899.731815468549 5744.073414852639 42.322183166397735 5550.4229806264048 2775.1437950610416 92.088619530783035 4890.9431009613327 121.13843763619661 12269.279993298289 1122.5953687746369 12794.227292233394 5401.4617118767928 131.09842465538532 2307.7881566467695
leaf_count=182474 90783 78917 56959 259033 24784 51702 128569 129342 257714 104764 203890 333581 32563 106017 20327 74970 190006 100360 1361 91008 65675 1341 52831 374 142675 13194 211426 33595 138 23556
internal_value=0 -0.00146662 0.00395124 -0.00258588 0.00312834 -0.00608681 0.000828072 0.00236542 -0.00192504 -0.00308085 0.00248711 -0.00373161 0.00798947 -0.0106144 -0.000773871 -0.00438459 -0.000794096 -0.00211999 -0.00446901 -0.000424852 -0.00485205 0.022413 0.000463109 0.0038 0.00187651 0.0106446 0.000808873 0.00191275 0.000336916 0.00162577
internal_weight=230742 168282 62460.4 113112 55627.8 17954.5 55169.8 28152.9 95157.4 47055.9 49151.3 40352.1 6476.56 4899.4 27016.9 13055.1 48101.5 23411.6 9809.29 13602.3 9674.88 134.411 24689.9 5012.08 42373 6832.53 25063.5 8275.08 15379.2 7858.21
internal_count=3063929 2287655 776274 1896767 706121 415163 390888 208397 1481604 697378 648774 592614 57347 157719 182491 257444 784226 473307 258383 214924 255681 2702 310919 53205 557991 70153 354101 53922 129480 114564
is_linear=0
shrinkage=0.03


Tree=75
num_leaves=31
num_cat=0
split_feature=16 16 19 26 73 7 26 9 4 73 56 61 7 16 6 6 52 3 26 73 11 53 7 6 7 1 19 73 33 6
split_gain=1436.17 523.687 259.076 254.765 198.833 140.454 138.991 123 118.532 104.856 93.3363 112.421 80.6261 80.4938 78.9209 88.3923 81.5744 83.7754 75.5442 75.1687 72.3454 70.5267 82.297 70.2683 68.3495 78.0262 67.8484 66.3308 65.4731 61.4931
threshold=0.42514967918396002 1.0000000180025095e-35 0.51129707694053661 1.0000000180025095e-35 0.038635572418570525 -0.21457178145647046 0.31061333417892462 0.84242001175880443 0.14931328594684604 0.84436446428298961 1.0000000180025095e-35 -0.071582600474357591 0.66874989867210399 0.63123199343681347 0.30833633244037634 0.36947260797023779 0.63989907503128063 0.28146789968013769 0.88521358370780956 0.37796886265277868 0.31061333417892462 1.2925206422805788 0.25420907139778143 0.2937582284212113 0.049958098679780967 0.36109387874603277 1.0000000180025095e-35 0.01753973122686148 1.0000000180025095e-35 0.033350311219692237
decision_type=2 2 2 2 2 2 2 2 2 2 2 2 2 2 2 2 2 2 2 2 2 2 2 2 2 2 2 2 2 2
left_child=1 3 5 9 27 26 19 29 -5 10 11 12 24 -4 16 18 17 -8 -16 23 -17 22 -11 28 -1 -26 -2 -3 -6 -7
right_child=2 4 13 8 6 7 14 -9 -10 21 -12 -13 -14 -15 15 20 -18 -19 -20 -21 -22 -23 -24 -25 25 -27 -28 -29 -30 -31
leaf_value=-0.0039217318085195095 0.0027597083464133984 0.011413505301665757 0.0081395730123298669 -0.0047739533563734213 -0.00042538668230732716 0.0066997693066833484 0.0031901518110779565 0.021236854831633931 -0.0010600161335071663 -0.02051980398644402 -0.0022381113840002072 -0.0045315193900451528 0.0035294061665631822 0.015110309242979408 -0.0015666933002556765 0.00081442617386604703 0.00981406854662999 -0.00078915310302903887 -0.010062478356291163 -0.0039638999947370001 0.019949696240721911 0.023334618950816344 -0.002786421046185717 -0.0022671652732090602 -0.010957104978599797 -0.024427410474821654 0.014979702128304465 0.0037783589683161346 0.0036289734043274519 0.002806615618094871
leaf_weight=1100.0639400630025 568.47151921724435 1291.3185629321961 4745.6929482647392 9654.3564960883232 27413.425126619142 4205.0463064912328 14399.24907120422 344.78986354917288 38868.985146335253 832.57702077549766 7323.493177837503 11196.86700039437 385.90650277052191 2191.8477924924518 7101.4496773994179 20864.806968282617 1228.1903147688136 7108.5511619539466 1082.9121869700029 7508.5660353216808 175.38474084530026 40.117250928771682 330.62733415639377 17464.768334148481 3890.8249401078356 430.59506566936034 1481.4288675757125 4950.5239396199759 4119.8958813776262 27839.620362150963
leaf_count=37957 6929 14884 38757 157161 233026 38677 94019 1221 668541 40838 176009 248824 8912 27628 79554 246852 5962 49827 13097 74666 779 1377 14174 257175 97456 16059 12503 49753 37439 313873
internal_value=0 -0.00110958 0.00506156 -0.00307613 0.000160026 0.00399503 -0.000139641 0.00351189 -0.00179938 -0.00550184 -0.00507222 -0.00629175 -0.00967931 0.01035 0.000980171 -5.09713e-05 0.00230556 0.00187484 -0.00269573 -0.00116944 0.000977908 -0.0141382 -0.01551 -0.000740827 -0.0106223 -0.0123217 0.0116051 0.00536494 0.000104575 0.00331841
internal_weight=230140 188763 41376.9 74054.4 114709 34439.4 108467 32389.5 48523.3 25531.1 24327.8 17004.3 5807.39 6937.54 51960.5 29224.6 22736 21507.8 8184.36 56506.7 21040.2 1203.32 1163.2 48998.1 5421.48 4321.42 2049.9 6241.84 31533.3 32044.7
internal_count=3063929 2624341 439588 1467308 1157033 373203 1092396 353771 825702 641606 585217 409208 160384 66385 490090 340282 149808 143846 92651 602306 247631 56389 55012 527640 151472 113515 19432 64637 270465 352550
is_linear=0
shrinkage=0.03


Tree=76
num_leaves=31
num_cat=0
split_feature=17 16 17 5 73 9 22 13 15 19 12 7 57 72 7 9 7 7 7 72 53 75 39 20 73 1 71 7 2 2
split_gain=1419.08 399.267 390.929 200.193 167.582 159.379 152.273 124.789 107.263 102.679 99.1843 98.7683 91.8537 89.4155 96.2935 85.3219 82.8905 95.8729 105.647 124.336 128.674 148.843 84.0783 73.372 100.45 66.093 65.507 65.4037 70.615 65.3746
threshold=0.50316895544528972 0.58756005764007579 0.22396993637084964 1.1450954079627993 0.056337593123316772 0.17917595058679583 1.0000000180025095e-35 0.46720869839191442 0.56247621774673473 0.2834331095218659 0.22396993637084964 0.39009414613246923 1.0000000180025095e-35 0.13873749971389773 0.077809751033782973 0.87005141377449047 -0.57484117150306691 -0.4054999947547912 0.37824505567550665 0.18945854902267459 0.20707555115222934 0.32316802442073828 0.22396993637084964 1.0470444560050967 0.11169258505105974 -0.34404355287551874 0.1919243857264519 0.19163800776004794 -0.10935926437377928 -0.17619551718235013
decision_type=2 2 2 2 2 2 2 2 2 2 2 2 2 2 2 2 2 2 2 2 2 2 2 2 2 2 2 2 2 2
left_child=2 5 3 10 -4 9 13 12 15 -2 16 -7 23 -5 -15 -3 29 -18 19 26 -21 -22 27 -6 -25 -16 -19 -23 -29 -1
right_child=1 8 4 6 7 11 -8 -9 -10 -11 -12 -13 -14 14 25 -17 17 18 -20 20 21 22 -24 24 -26 -27 -28 28 -30 -31
leaf_value=-0.022821077693488026 0.0012659190628553918 0.0071339803132215987 0.0045363165235259937 -0.0045619435879807723 -0.0019737285755929853 0.0092762176080724082 -0.0045930629060681825 0.004929131388884846 0.016381282814717648 0.0042563846043319658 0.0066387300091674557 0.0014574643812231705 9.7520311801143012e-05 0.00034620383206827849 -0.0064477592732616875 0.025048787322204051 0.00012132592108552232 -0.002278219633452247 -0.00055543203853124906 -0.00884459151387108 -0.013849750052750891 -0.0012761090317071995 -0.004610399182677501 -0.014177769025257539 0.022301480046075427 -0.019495427807038702 -0.010050015980955184 -0.0020789265614399215 0.015797993554803606 -0.0050105047646883949
leaf_weight=323.59581691870699 41746.426469063241 8928.8745162411506 5805.3595722855534 1028.3507145196199 45101.840051047606 4715.8036456152331 7043.5057571581565 3378.5767955081537 1460.0472126968962 13734.965169665098 1003.1474203166435 2106.0527574366424 40273.090541250014 322.98687865388638 434.65511208414682 242.83914626808837 8789.9673238151518 18223.175814267866 9439.8366109546914 7804.206340265453 784.80600113174296 771.02112060241052 1443.5096457789186 91.093515421263874 238.31856905668974 1918.76554588617 1028.2985262291622 281.54071817197837 662.91726854781155 436.38532223231596
leaf_count=15008 571510 115968 54089 8605 470260 36326 177967 16092 17493 123326 11017 21047 463903 18978 17750 1169 152641 231775 167786 181550 21727 16049 34117 91 210 78475 15230 5343 7339 11088
internal_value=0 0.00345642 -0.00160955 -0.00346751 -0.000400488 0.00253906 -0.00718811 -0.00072245 0.00882889 0.00200657 -0.00268269 0.00686533 -0.000945515 -0.0121103 -0.0149978 0.00761951 -0.00287035 -0.00271781 -0.00333499 -0.00418108 -0.00661325 -0.00219212 0.000716483 -0.00187015 0.0121512 -0.0171026 -0.00269558 0.00520176 0.0104779 -0.0126798
internal_weight=229564 72935 156629 61740.7 94888.3 62303.2 10748.3 89082.9 10631.8 55481.4 50992.4 6821.86 85704.3 3704.76 2676.41 9171.71 49989.3 49229.3 40439.3 30999.5 11748 3943.79 3158.99 45431.3 329.412 2353.42 19251.5 1715.48 944.458 759.981
internal_count=3063929 886839 2177090 1172445 1004645 752209 301775 950556 134630 694836 870670 57373 934464 123808 115203 117137 859653 833557 680916 513130 266125 84575 62848 470561 301 96225 247005 28731 12682 26096
is_linear=0
shrinkage=0.03


Tree=77
num_leaves=31
num_cat=0
split_feature=16 16 3 4 64 71 73 7 7 5 52 6 4 64 73 15 6 7 74 58 64 6 6 7 9 64 9 7 11 2
split_gain=1357.08 399.178 352.755 305.688 206.754 144.546 143.7 136.293 212.701 168.637 152.002 148.522 229.739 123.824 121.987 119.125 103.007 162.714 102.737 99.9286 94.2988 93.1987 86.8217 86.2124 86.0697 85.6889 88.8245 85.3691 85.0036 84.5157
threshold=0.31061333417892462 0.56247621774673473 0.20095144212245944 0.24964435398578647 -0.40928795933723444 0.0098657552152872103 0.028616840951144699 0.096712969243526473 0.37049600481987005 0.72717973589897167 0.77957999706268322 0.39818593859672552 0.46715016663074499 1.0000000180025095e-35 0.01753973122686148 0.22396993637084964 0.029104033485054973 0.24966152012348178 0.38703110814094549 0.22396993637084964 -0.019712634384632107 0.38889351487159735 0.057690709829330451 -0.4216910451650619 0.82380083203315746 -0.84099236130714405 0.40253517031669622 -0.41851301491260523 0.37446653842926031 0.18553353846073153
decision_type=2 2 2 2 2 2 2 2 2 2 2 2 2 2 2 2 2 2 2 2 2 2 2 2 2 2 2 2 2 2
left_child=2 14 5 4 19 6 -1 10 9 -9 22 21 -13 20 -2 -3 17 -16 29 -4 -6 -10 27 -24 -17 -8 -27 -5 -18 -11
right_child=1 15 3 7 13 -7 25 8 11 18 -12 12 -14 -15 16 24 28 -19 -20 -21 -22 -23 23 -25 -26 26 -28 -29 -30 -31
leaf_value=0.009682602067605928 0.010181330527243604 0.0036275837205991218 -0.0050436524772329025 0.0091793974959011038 -0.0069489891573457988 -0.0024983529848056425 0.0020798442673239334 -0.0013920861930519675 -0.00039014677696745811 -0.007346006918262633 0.025928021329330277 -0.018024191803071674 0.016045994159550964 -0.0058205998671964796 0.0026033853079843344 0.0091472182525067797 0.0015068060181820347 0.012822940865322598 -0.016007773033651647 0.00023222751513895485 -0.015798446421459975 -0.024394648955618842 -0.0081543212647773936 0.00017803586608706432 0.023575159003569129 -0.00062290747716252609 0.010502792104547541 0.00036916458834468618 0.019555402311209887 -0.001555131957324878
leaf_weight=1495.8746580738371 1704.287247372733 4101.9066425328638 12275.735399730373 1749.0193450726219 1701.5948695866682 18819.85986447442 16931.776880231511 9615.5246713427478 12766.39232841348 8916.5189653326524 212.96197240648326 211.66767085087486 1028.550745185581 4891.9033981953689 4988.9334343038499 9356.6462242632551 51740.55223426412 1948.8698791839415 971.9373243717564 4382.1184776478331 3041.5556328668608 143.26055907900445 1329.4044181467762 6897.6492005563778 385.95480222254992 41255.807746813021 652.07663389807567 2277.0777352601581 231.99762509390712 3047.9039860714111
leaf_count=15466 20449 57761 176863 23061 31132 311872 204913 103616 209972 193062 1629 7999 14124 99008 53396 109699 507998 7652 45815 63372 70053 4787 28258 126997 2085 477958 3983 35021 831 55097
internal_value=0 0.00332728 -0.00160238 -0.00306993 -0.00568087 -0.00020318 0.000512774 -0.00167327 -0.00259377 -0.00440256 0.00103639 0.00028917 0.0101884 -0.00917863 0.0022771 0.00792292 0.00204768 0.0054805 -0.00663876 -0.00365575 -0.0126332 -0.000664351 0.00059508 -0.00117115 0.00972869 0.000278932 -0.000448701 0.00420294 0.00158896 -0.00587219
internal_weight=229075 74459.1 154616 75460.8 26292.9 79155.4 60335.5 49167.9 36701.8 22551.9 12466.1 14149.9 1240.22 9635.05 60614.6 13844.5 58910.4 6937.8 12936.4 16657.9 4743.15 12909.7 12253.2 8227.05 9742.6 58839.7 41907.9 4026.1 51972.5 11964.4
internal_count=3063929 759871 2304058 1289866 440428 1014192 702320 849438 634472 397590 214966 236882 22123 200193 590326 169545 569877 61048 293974 240235 101185 214759 213337 155255 111784 686854 481941 58082 508829 248159
is_linear=0
shrinkage=0.03


Tree=78
num_leaves=31
num_cat=0
split_feature=17 15 15 26 73 74 16 4 9 13 59 66 3 66 20 70 69 35 6 70 66 69 71 5 14 3 3 66 48 20
split_gain=1346.46 421.158 338.079 264.165 182.312 161.574 146.351 142.989 117.608 98.4153 96.6561 92.5469 92.1921 92.9667 93.7559 79.2057 76.4243 74.359 93.4792 71.4048 70.2517 69.5556 68.1453 67.3169 64.8939 67.0198 63.0255 70.6183 62.174 60.6815
threshold=0.53458327054977428 1.0000000180025095e-35 0.31061333417892462 1.0000000180025095e-35 0.055076662451028831 0.18557421863079074 0.63123199343681347 0.3114724606275559 0.17917595058679583 0.46720869839191442 0.63123199343681347 -0.079978007823228822 0.16171395033597949 -0.18557402491569516 1.0470444560050967 -0.018230828456580635 -0.92221510410308827 1.0000000180025095e-35 0.02389999479055405 0.0059504534583538779 0.011110922787338497 -0.51951128244400013 -0.12098510935902594 1.2691753506660464 0.56247621774673473 0.69861006736755382 0.2035058066248894 1.0000000180025095e-35 0.5852390229701997 0.88635334372520458
decision_type=2 2 2 2 2 2 2 2 2 2 2 2 2 2 2 2 2 2 2 2 2 2 2 2 2 2 2 2 2 2
left_child=1 3 8 5 -3 21 -4 10 16 17 12 -7 -5 14 -14 -15 -2 23 -19 26 -18 22 -1 29 -9 -26 -17 -28 -10 -6
right_child=2 4 6 7 9 11 -8 24 28 -11 -12 -13 13 15 -16 19 20 18 -20 -21 -22 -23 -24 -25 25 -27 27 -29 -30 -31
leaf_value=-0.0037126153814167873 0.0036105179116365867 0.0062469854951222054 0.0059239787834756141 -0.001258484008921733 -0.0014166833976549254 -0.0054631179613554327 0.012661122873362305 -0.0008076964529328413 0.0088768057464568267 0.0054630629867634091 0.0010162367716881387 -0.012833524243947245 -0.0029672093735432807 0.00089579223665345071 0.032954922075572587 -0.0048181822130760965 0.0016719537676978605 0.0087436278065019125 0.00075861185186252992 -0.0030351208376514604 -0.0026013249026648872 -0.0055911711050530642 0.00066636559144805929 0.0099340246163229541 0.0016276036488605656 0.013289161888580172 -0.014416095298758189 -0.0069495838498326596 0.0013402794165760417 0.010068976443267239
leaf_weight=10916.28959585345 16319.605842355289 4946.75208419931 10989.64447786301 11135.550221079291 28214.631739526812 3105.954357601091 3951.1216895017133 36490.286729998275 3682.3953346329508 3010.6994428951293 4969.4461597750196 3050.2021450668144 11287.974593854815 1093.8101440168102 61.776119524613023 2063.845198129362 21467.976687476097 1433.6708670938388 16095.730850319611 2268.8761533121142 4123.6678172881366 10566.764856328049 4519.3527851502295 488.81510421214625 5389.9479013186065 479.71708198287524 2605.3130574360839 2054.5924046114378 1348.6662282573525 416.11234600562602
leaf_count=196642 198685 40836 99799 137526 195928 121157 51198 574014 32766 13952 79299 131582 148391 17992 52 31842 301443 6732 129403 37028 77789 210087 71194 3188 52801 2992 48812 35356 14594 849
internal_value=0 -0.00140311 0.00377876 -0.00245582 0.000757137 -0.0047517 0.00770885 -0.00153153 0.00252724 0.000209726 -0.00287953 -0.00912164 -0.0034741 -0.00462439 -0.00275975 -0.0067202 0.00200642 -0.000129664 0.00141378 -0.00764705 0.000982911 -0.00371568 -0.00243038 -0.00105901 -0.000336605 0.00258985 -0.00919991 -0.0111338 0.00686007 -0.00124821
internal_weight=228549 166666 61883.1 112060 54606.4 32158.6 14940.8 79901.1 46942.3 49659.7 37541.2 6156.16 32571.7 21436.2 11349.8 10086.4 41911.3 46649 17529.4 8992.63 25591.6 26002.4 15435.6 29119.6 42360 5869.66 6723.75 4659.91 5031.06 28630.7
internal_count=3063929 2287655 776274 1896767 390888 730662 150997 1166105 625277 350052 536298 252739 456999 319473 148443 171030 577917 336100 136135 153038 379232 477923 267836 199965 629807 55793 116010 84168 47360 196777
is_linear=0
shrinkage=0.03


Tree=79
num_leaves=31
num_cat=0
split_feature=17 16 5 75 75 18 24 73 15 59 6 4 1 13 2 6 20 13 69 4 5 6 55 75 6 73 13 66 75 6
split_gain=1312.87 553.401 253.301 165.312 161.638 158.895 155.223 125.32 102.452 92.2437 133.143 102.518 117.128 86.1125 86.1086 83.1105 89.9697 78.4241 72.555 66.0584 115.198 67.6975 63.3241 60.7839 88.435 74.888 72.8889 59.7052 58.6737 58.0195
threshold=0.37446653842926031 0.50316895544528972 1.1142060756683352 0.045960653573274619 0.019111314788460735 1.0000000180025095e-35 0.22396993637084964 0.070205211639404311 0.37446653842926031 1.0000000180025095e-35 0.32422405481338507 0.20707555115222934 -0.14555031806230542 0.65050083398818981 -0.024651535786688324 0.40833660960197454 0.43984289467334753 0.50316895544528972 -0.99999734759330738 0.55233678221702587 1.3200441598892214 0.38167145848274237 0.46720869839191442 0.14545133709907535 0.092279069125652327 0.093567956238985076 0.22396993637084964 0.0010059467167593541 0.019111314788460735 0.50154784321784984
decision_type=2 2 2 2 2 2 2 2 2 2 2 2 2 2 2 2 2 2 2 2 2 2 2 2 2 2 2 2 2 2
left_child=2 3 6 28 29 -4 7 -1 -6 11 22 12 -9 15 -7 16 27 18 -8 21 -21 -16 -11 24 25 26 -13 -5 -2 -3
right_child=1 4 5 13 8 14 17 9 -10 10 -12 23 -14 -15 19 -17 -18 -19 -20 20 -22 -23 -24 -25 -26 -27 -28 -29 -30 -31
leaf_value=0.0043251035648059558 0.012785645274690881 0.016553062478350269 -0.012351062500568962 0.00096922955979398553 0.0041619714777475555 -0.0073008246735095884 0.014994757676760187 -0.0095329792164317011 0.0085116284037660313 -0.00043712232519773356 -0.0042456129245713693 0.00062770070910945618 -0.0037287368994457348 0.0093200742464599664 -0.0021576553287835777 -0.0018039479841312821 0.0029400251818865858 0.009197406765946381 0.00026515801225311761 -0.0036972832226530223 0.023517962819791877 -0.0099296476493552326 0.0041756143466243779 -0.002450943384641897 -0.0036524109790253279 0.012514531252157568 -0.048203684851693032 -0.0014238389165063198 0.0045501765162993309 -0.010555042967073193
leaf_weight=2549.2617193835758 891.81644290208351 1580.3464487632446 2718.483867423929 47015.262296466128 14529.32173430016 5764.3886602037237 305.75560307176784 3892.3420666561869 7349.7794115018187 16035.878621022537 8125.6403315628122 132.849263629294 15992.055668500903 1054.81158204237 7057.4179413556121 10394.820520989306 17542.021098068304 1064.4445637059398 10657.61172955099 347.44617457600543 229.16536806366639 1174.3939839081431 3211.2969049654785 28636.37599510323 943.24075517713209 871.43932683387538 30.60660507902503 11717.397107468089 6100.9671798276831 71.593719094758853
leaf_count=19725 12985 23087 125249 517332 171688 132033 1401 64441 72776 209360 166414 566 169613 4727 122387 152525 159495 5545 110509 10586 4320 35000 36591 474278 16820 3481 18 167155 72927 895
internal_value=0 0.00219308 -0.0023631 0.00116995 0.00631026 -0.00569554 -0.00173954 -0.00221496 0.00562463 -0.00242932 -0.00102645 -0.00318952 -0.00486682 0.000815906 -0.00445063 0.000711929 0.00105493 0.00143849 0.000681679 -0.00258243 0.00719875 -0.00327128 0.000332964 -0.00209946 0.00298125 0.00902251 -0.00942198 0.000491662 0.00560783 0.0153528
internal_weight=227988 118248 109740 94717.1 23531 17291.3 92448.8 80421 21879.1 77871.7 27372.8 50498.9 19884.4 87724.3 14572.8 86669.5 76274.7 12027.8 10963.4 8808.42 576.612 8231.81 19247.2 30614.5 1978.14 1034.9 163.456 58732.7 6992.78 1651.94
internal_count=3063929 1355592 1708337 1087146 268446 429575 1278762 1161307 244464 1141582 412365 729217 234054 1001234 304326 996507 843982 117455 111910 172293 14906 157387 245951 495163 20885 4065 584 684487 85912 23982
is_linear=0
shrinkage=0.03


Tree=80
num_leaves=31
num_cat=0
split_feature=17 17 75 19 26 15 18 7 73 15 72 9 57 75 18 4 7 7 32 6 3 75 18 72 6 13 27 70 65 65
split_gain=1278.23 397.883 327.036 175.41 173.163 165.2 158.627 122.566 120.156 92.0958 84.3339 80.1898 78.2412 77.7558 76.4796 75.176 74.8634 98.7301 67.5648 99.0391 64.4296 71.5544 91.6424 75.5947 63.1424 62.8821 61.4368 60.2087 64.9609 64.913
threshold=0.53458327054977428 0.22396993637084964 0.029818445444107059 0.46715016663074499 0.22396993637084964 1.0000000180025095e-35 1.0000000180025095e-35 -0.21457178145647046 0.055076662451028831 1.0000000180025095e-35 0.54213356971740734 0.2484906688332558 0.66838845610618602 0.016084345057606701 0.70072525739669811 0.3114724606275559 0.2522247731685639 0.25114947557449346 0.53974768519401561 0.46734222769737249 0.10274435207247735 0.33138765394687658 0.22396993637084964 0.2090081870555878 0.30833633244037634 0.37446653842926031 1.0342611074447634 -0.017148691229522225 0.11147718504071237 -0.020117201842367646
decision_type=2 2 2 2 2 2 2 2 2 2 2 2 2 2 2 2 2 2 2 2 2 2 2 2 2 2 2 2 2 2
left_child=1 4 13 7 6 15 10 9 -7 -4 27 18 20 -2 -13 -3 17 26 19 -9 -8 23 -23 -22 -17 -6 -10 -1 29 -29
right_child=2 5 3 -5 25 8 12 11 16 -11 -12 14 -14 -15 -16 24 -18 -19 -20 -21 21 22 -24 -25 -26 -27 -28 28 -30 -31
leaf_value=-0.00070405776608705036 0.016236930616407491 -0.0023861847937059243 0.0028179207781140452 0.007606809842854766 -0.0016524442288253849 0.0056995834659103097 -0.0013702264828237927 0.0013654992713891525 0.0009409451022421144 0.014192885505020372 -0.015906465429890843 0.010731141860287138 0.0010564162534998924 0.0083544473622786143 0.0015928011313923265 0.0011972844510268824 -0.0012984533225473855 0.011696497282128807 0.0031626466646141353 -0.0045401831478017489 -0.0056831069724396013 -0.0068576151779149329 -0.0013684581351093388 -0.013020154883139175 -0.0015413933871439832 0.0053415928851386768 0.010710113432477308 -0.0041084762873128677 0.00045831607625113264 -0.013849171974212914
leaf_weight=1001.9188617023756 1530.9443560134241 28913.383117879843 1235.2267036767444 6508.5951853000151 22578.870446535555 4613.7325316031347 5791.837266241113 23725.031572469714 26542.192494291812 1334.8548324918374 1291.5967597425042 1781.3868317133747 2792.7152108105947 4348.720114038093 1536.5075777688762 14339.511340754223 12877.831980413815 820.04304079152644 16742.403966221071 2860.0168153932609 9539.3623711421969 4230.1323306421073 7758.9021659412538 1458.6187449037679 16055.17819812012 1215.3068478738423 588.46899474784732 896.89306858943019 541.70353656179213 2002.2543887387328
leaf_count=27362 22030 374168 17953 57043 375332 38383 43352 305868 185848 10994 70893 11594 55210 57460 15401 138228 97164 3152 223734 54197 176910 84094 172852 42709 276076 12923 2191 24733 15171 70904
internal_value=0 -0.00137065 0.00368993 0.00297932 -0.00329453 -0.000248333 -0.00456998 0.00236669 0.00111261 0.0087405 -0.0091597 0.00201468 -0.00373515 0.0104173 0.00650757 -0.00129118 0.000593654 0.00146563 0.00166996 0.00072941 -0.00420036 -0.00491289 -0.00330723 -0.00666098 -0.000249213 -0.00129419 0.00115455 -0.00718474 -0.00906749 -0.0108471
internal_weight=227454 165850 61603.7 55724 61100.1 104750 37305.9 49215.4 45442.3 2570.08 5734.37 46645.3 31571.6 5879.66 3317.89 59308.1 40828.5 27950.7 43327.5 26585 28778.9 22987 11989 10998 30394.7 23794.2 27130.7 4442.77 3440.85 2899.15
internal_count=3063929 2287655 776274 696784 1172445 1115210 784190 639741 326738 28947 209063 610794 575127 79490 26995 788472 288355 191191 583799 360065 519917 476565 256946 219619 414304 388255 188039 138170 110808 95637
is_linear=0
shrinkage=0.03


Tree=81
num_leaves=31
num_cat=0
split_feature=16 16 75 5 75 15 18 57 4 6 6 21 20 70 33 6 52 22 4 58 72 61 32 5 4 56 6 57 58 73
split_gain=1222.36 432.152 233.583 222.413 196.684 128.047 127.179 124.45 117.765 100.919 165.774 87.7368 64.3722 70.9837 64.2591 95.9912 74.0144 63.1322 58.806 57.9463 57.6333 57.5282 67.2468 71.9981 70.6337 62.4114 57.5525 55.8391 72.391 55.1403
threshold=0.42514967918396002 1.0000000180025095e-35 0.021746934391558174 1.1000917553901675 0.034738782793283469 0.50316895544528972 1.0000000180025095e-35 1.0000000180025095e-35 0.14931328594684604 0.029104033485054973 0.021199905313551429 0.37498413026332861 1.0470444560050967 -6.6355085436953218e-05 1.0000000180025095e-35 0.30833633244037634 0.80801811814308178 1.3449937105178835 1.0146516561508181 1.0000000180025095e-35 0.024323404766619209 0.04452198930084706 0.14931328594684604 1.3384286761283877 0.54616111516952526 0.77831709384918224 0.15008056163787845 1.2216438651084902 0.97548040747642528 0.070205211639404311
decision_type=2 2 2 2 2 2 2 2 2 2 2 2 2 2 2 2 2 2 2 2 2 2 2 2 2 2 2 2 2 2
left_child=1 3 -2 8 -3 9 19 12 -1 10 -4 -9 -6 -14 17 16 -16 18 29 -5 -11 -8 23 26 -25 -24 -23 -13 -29 -10
right_child=2 4 5 6 7 -7 21 11 14 20 -12 27 13 -15 15 -17 -18 -19 -20 -21 -22 22 25 24 -26 -27 -28 28 -30 -31
leaf_value=-0.0045779118923979572 0.013623316341576397 0.0074776807006070867 0.0032714986815996533 -0.013551651930607445 -0.0012057065631519595 0.010721844059228779 -0.0064005513680353071 -0.00047745794138354396 0.0073134356132925045 0.0039726928052574084 0.014903927670856467 0.0014634626247354116 0.024192402034262053 0.00053069278789971892 0.0049260698085712845 -0.0015128085821727415 0.024910027153236664 -0.028240590406242633 0.01024480467286893 -0.0015911526597201867 0.001234963379565672 0.0025799308099843875 -0.0069540644757754982 0.0036911244017531842 0.026793802928491085 0.010985326888145441 -0.0066523355683043269 0.0085489865220913907 0.00017785980654180653 -0.0018545606789318581
leaf_weight=11967.588897641457 2482.384306898326 3183.7532321331964 2841.2218759432435 2374.1952446684008 53588.350994672859 2478.1582366419898 7737.3791413227445 23658.5067484951 595.67560589977074 20642.658871999738 1802.4199233242543 28392.093199639174 184.25802438333631 291.18499060347676 2087.7911862671608 3223.899557200144 177.93163843429647 76.247703898698092 369.71574997529387 432.94770807272289 10425.173397467195 1309.3392342992593 2656.8308690675185 458.79694611165905 157.96378503507003 183.08126191876363 1126.9062551452662 2383.48087391851 1524.8173033093917 38075.444082471804
leaf_count=200431 36475 39667 33610 114838 508975 24344 185315 235778 6951 191812 7317 328684 186 329 27267 72098 657 399 1444 16130 146030 19390 65382 8781 2829 4101 35578 24068 19346 705717
internal_value=0 -0.0010291 0.00471142 -0.0028286 0.000131491 0.00413065 -0.00590023 -8.13108e-05 -0.00193572 0.00367199 0.00779651 0.000910348 -0.00110781 0.00983551 -0.0012264 0.00181174 0.00653857 -0.00165302 -0.00159809 -0.0117135 0.00305444 -0.00469958 -0.00246263 0.000627255 0.00974992 -0.00578215 -0.00169259 0.00192692 0.00528767 -0.00171248
internal_weight=226890 186218 40672 73011.7 113206 38189.6 16437.4 110023 56574.3 35711.5 4643.64 55958.9 54063.8 475.443 44606.7 5489.62 2265.72 39117.1 39040.8 2807.14 31067.8 13630.3 5892.92 3053.01 616.761 2839.91 2436.25 32300.4 3908.3 38671.1
internal_count=3063929 2624341 439588 1467308 1157033 403113 452344 1117366 1014964 378769 40927 607876 509490 515 814533 100022 27924 714511 714112 130968 337842 321376 136061 66578 11610 69483 54968 372098 43414 712668
is_linear=0
shrinkage=0.03


Tree=82
num_leaves=31
num_cat=0
split_feature=17 17 75 26 19 72 7 19 24 19 56 2 6 32 2 73 20 9 18 75 36 6 7 2 1 36 18 7 44 6
split_gain=1217.71 374.568 311.705 212.239 162.458 123.993 117.728 116.141 89.8846 83.9394 79.9239 97.3694 75.4918 115.003 82.6847 75.2081 75.1787 74.7548 85.1276 72.3839 71.0047 82.4808 119.099 118.028 97.8518 83.9551 77.5619 87.4612 72.7882 70.5952
threshold=0.53458327054977428 0.31061333417892462 0.029818445444107059 1.0000000180025095e-35 0.46715016663074499 0.45738236606121069 -0.21457178145647046 0.20707555115222934 0.22396993637084964 1.0000000180025095e-35 1.0000000180025095e-35 -0.074195671826601015 0.27632133662700659 0.66012796759605419 -0.2245741859078407 0.13829530030488971 0.88635334372520458 0.17917595058679583 0.70072525739669811 0.016084345057606701 0.20707555115222934 0.071044389158487334 0.37049600481987005 -0.14842668175697324 -0.55911791324615467 0.78715720772743236 0.31061333417892462 0.19016870111227038 1.0000000180025095e-35 0.40777969360351568
decision_type=2 2 2 2 2 2 2 2 2 2 2 2 2 2 2 2 2 2 2 2 2 2 2 2 2 2 2 2 2 2
left_child=1 3 19 5 6 10 9 12 15 -4 11 -1 13 -3 -14 -5 -9 -8 -19 -2 28 -22 23 24 -23 26 27 -25 -17 -24
right_child=2 7 4 8 -6 -7 17 16 -10 -11 -12 -13 14 -15 -16 20 -18 18 -20 -21 21 22 29 25 -26 -27 -28 -29 -30 -31
leaf_value=-0.0091254563426931556 0.01588532311695625 -2.0144326143517506e-05 0.0032785321940541055 0.0010595599528988977 0.0073856269727732354 -0.011964068285828409 0.0015657304024210756 0.0018825695256583321 0.0012788625267529954 0.014183377172490521 -0.0017494892366350092 -0.0039749242249789317 -0.0076508629672652336 0.0066889006437791292 -0.0011890981451399916 -0.0046567117440913406 0.013364153085862874 0.0093267428014615072 0.0014802290141610137 0.0082230654741719672 0.0016223270375648733 0.0090346632590651409 -0.00011930027935081968 -0.0031377248575308564 -0.01160729013759158 -0.0082247313555152708 -0.0038668322051821366 0.0060776590772669168 -0.00063354494084833218 0.011312482986374243
leaf_weight=4853.3167503445147 1506.7684959850012 28611.555545268639 1307.2815617271699 5753.9095461543766 6468.3773498078808 2134.4416237788755 41502.933177224491 18740.473908592714 7660.973465934745 1240.1673614352476 7035.9602924444771 10387.305389796318 1914.702874270035 2496.3223777277162 25175.955796446928 18229.940013830419 524.01843459391966 2519.8229725968558 2461.3670129706152 4300.6436216933653 5924.5963712961529 223.22934947686736 6660.2675254023343 1704.4455038127126 2370.2671473096052 1995.7126554409042 4941.1502325820038 2022.0084719156148 5207.2209564251825 520.39113197510596
leaf_count=131235 22030 252060 18582 48967 57043 100742 565545 136473 85639 10365 154877 209510 30429 22659 367765 274022 1391 18126 27123 57460 64158 2847 102674 23121 55376 50810 70093 11873 86369 4565
internal_value=0 -0.00134078 0.00361031 -0.00268431 0.00291777 -0.00506017 0.00232771 0.000179 -0.00176651 0.00860298 -0.00439644 -0.00561735 -0.000489286 0.000518884 -0.00164703 -0.00218662 0.00219783 0.001983 0.00545473 0.0102214 -0.00256184 -0.00149309 -0.00239658 -0.00408171 -0.00981767 -0.00268305 -0.00140335 0.00186258 -0.00376331 0.000714386
internal_weight=226396 165088 61307.4 87625.1 55499.9 24411 49031.6 77463 63214.1 2547.45 22276.6 15240.6 58198.5 31107.9 27090.7 55553.1 19264.5 46484.1 4981.19 5807.41 49799.2 26362.1 20437.5 13256.8 2593.5 10663.3 8667.6 3726.45 23437.2 7180.66
internal_count=3063929 2287655 776274 1476878 696784 596364 639741 810777 880514 28947 495622 340745 672913 274719 398194 794875 137864 610794 45249 79490 745908 385517 321359 214120 58223 155897 105087 34994 360391 107239
is_linear=0
shrinkage=0.03


Tree=83
num_leaves=31
num_cat=0
split_feature=16 16 75 18 75 26 19 26 9 33 7 74 58 7 7 75 18 55 28 14 20 65 2 65 7 7 4 36 22 1
split_gain=1157.61 397.535 221.111 214.825 188.005 129.01 126.82 121.435 109.452 94.1693 93.6061 89.5524 83.8033 80.9849 89.051 78.441 122.769 74.1326 69.4613 69.2756 69.0493 68.7729 61.4976 93.0032 75.8605 75.9671 61.1027 56.3181 58.1028 55.8199
threshold=0.42514967918396002 1.0000000180025095e-35 0.023934200406074527 0.22396993637084964 0.034738782793283469 0.31061333417892462 0.53307747840881359 0.31061333417892462 0.66995003819465648 1.0000000180025095e-35 -0.21457178145647046 0.62740424275398265 1.0000000180025095e-35 -0.4054999947547912 0.21500050276517871 0.17423701286315921 0.37446653842926031 0.22396993637084964 0.3114724606275559 0.82850518822669994 0.96524780988693248 0.11984440684318544 -0.045979613438248627 -0.0091814142651855928 0.16106364876031878 0.27237541973590856 1.0146516561508181 0.56404110789299022 1.0881147384643557 0.11619051545858385
decision_type=2 2 2 2 2 2 2 2 2 2 2 2 2 2 2 2 2 2 2 2 2 2 2 2 2 2 2 2 2 2
left_child=1 3 -2 5 -3 11 8 17 10 13 -4 12 22 -5 21 16 -9 -6 -7 -17 -18 27 23 -1 -25 -26 29 28 -15 -16
right_child=2 4 6 9 7 18 -8 15 -10 -11 -12 -13 -14 14 26 19 20 -19 -20 -21 -22 -23 -24 24 25 -27 -28 -29 -30 -31
leaf_value=-0.0046936986165940185 0.012289334070497491 0.0073107409031859926 0.0099677268133367709 0.00046605860955346574 -0.0016287141302959538 -0.0025519950609293922 0.0085066174929005842 0.019328918612899988 0.016361034416907047 0.0014961195653279804 0.0026710316051456722 -0.017338215589374536 -0.0020786001222421 -0.003966770127300386 -0.001245679320662835 -0.00028117184993876578 0.0018741841382371041 0.00093861528629571853 0.0087605609251879546 0.0076149904514155502 0.019255284145120798 0.0053205095069145183 -0.0056896371034475101 -0.0069852041403094941 -0.021561030100286104 -0.0069018894066839743 0.010117789400717454 -0.009444110836877833 -0.017953140059476871 -0.0040990934616804524
leaf_weight=1531.6041799710656 3103.4579007758875 3168.7595096173609 1666.8330034752144 7926.2011102927572 44539.487500141608 1919.9618235754315 4805.030415660076 372.79534613667056 562.46329885534942 6593.4407604025328 30304.172810866483 714.38795366536942 3028.467889489606 9140.9143163201006 20647.419753000504 29702.019843512448 20697.323391119367 13094.063305431628 650.70472322695423 1030.8107495284639 203.88955346448347 555.37387542292709 5363.9505964989003 905.35368475289579 1248.975007591449 434.45043654479377 369.09218638762832 2506.4951316626684 271.99787702667527 8804.4248300855979
leaf_count=39977 44820 39667 16020 146540 466139 38785 42324 1116 2787 122589 333637 45072 64772 176505 372650 270082 218767 155949 10390 4886 427 8686 121179 33797 27767 16460 1427 72514 2715 165483
internal_value=0 -0.00100305 0.00459852 -0.00273436 0.000111386 -0.00582863 0.00395792 -9.69031e-05 0.00328499 -0.00187356 0.00305279 -0.00702346 -0.00642886 -0.00231612 -0.0028376 0.000954045 0.00235422 -0.00104533 0.00031893 -1.52235e-05 0.0020476 -0.00496591 -0.00781601 -0.0105749 -0.01404 -0.0178059 -0.00194658 -0.0054472 -0.00437886 -0.00209928
internal_weight=225864 185422 40442 72613.2 112809 15797.9 37338.5 109640 32533.5 56815.4 31971 13227.2 12512.8 50221.9 42295.7 52006.8 21274 57633.6 2570.67 30732.8 20901.2 12474.8 9484.33 4120.38 2588.78 1683.43 29820.9 11919.4 9412.91 29451.8
internal_count=3063929 2624341 439588 1467308 1157033 398199 394768 1117366 352444 1069109 349657 349024 303952 946520 799980 495278 220310 622088 49175 274968 219194 260420 239180 118001 78024 44227 539560 251734 179220 538133
is_linear=0
shrinkage=0.03


Tree=84
num_leaves=31
num_cat=0
split_feature=17 17 16 5 9 18 73 7 24 3 22 66 66 66 3 14 75 73 15 6 32 2 7 39 75 73 2 73 40 7
split_gain=1156.39 350.432 303.459 196.637 123.883 122.323 111.559 103.753 96.2549 109.58 124.294 122.419 133.479 142.276 118.426 87.2958 81.3908 81.0726 79.4668 75.5115 139.513 84.4354 69.1518 87.9005 92.2323 68.4891 68.0468 67.5525 64.8672 61.5126
threshold=0.53458327054977428 0.31061333417892462 0.61035025119781505 1.1142060756683352 0.17917595058679583 1.0000000180025095e-35 0.056337593123316772 0.39143033325672155 0.22396993637084964 0.196578323841095 1.0000000180025095e-35 -0.20312917977571485 0.0021791630424559121 -0.0054193211253732434 0.13317281007766726 0.81924167275428783 0.041865862905979163 0.10172300040721895 0.56247621774673473 0.27632133662700659 0.66012796759605419 -0.21368803828954694 0.24116761237382892 0.53458327054977428 0.50670894980430614 0.13509077578783038 -0.024651535786688324 0.066243279725313201 0.63989907503128063 0.073396276682615294
decision_type=2 2 2 2 2 2 2 2 2 2 2 2 2 2 2 2 2 2 2 2 2 2 2 2 2 2 2 2 2 2
left_child=1 3 4 8 16 29 -3 -6 9 10 14 -11 13 -13 -1 19 -2 -16 -4 20 28 -21 23 24 -19 -24 -7 -12 -8 -5
right_child=2 6 18 5 7 26 15 -9 -10 11 27 12 -14 -15 17 -17 -18 22 -20 21 -22 -23 25 -25 -26 -27 -28 -29 -30 -31
leaf_value=0.00036358092601364826 0.00541498349492525 0.0040087949007102559 0.0077301224280984203 -0.00054561849918138708 0.0094694966532338273 -0.0072393144424350176 3.9321301024986762e-05 0.001058699250932309 0.0012249967747462252 -0.0018022742221629362 0.0053238883239867174 -0.0046404344256822097 -0.0025011484505745897 -0.012274736083552451 -0.027134575684148579 0.0066670895962099106 0.0017217146522588954 -0.0016046612711555002 0.015958417950886736 -0.0061058633738835877 0.0076033438595407912 -0.00086723218188886986 0.034612727886499904 0.042245854947049091 0.041226429270235655 0.012966371844900937 -0.0026873653304394108 -0.0020177091527625122 0.019665406552243369 -0.013531162811256435
leaf_weight=2123.6173434702359 6176.8974742301798 6234.3284871598298 6423.7106333369156 385.99112452783447 4101.5238381108502 4893.0441975730646 32007.305224769691 1948.9710261330474 7619.3788187084137 21787.830371652657 1190.3702910190914 5544.5135545463418 8786.9478181647282 3647.6266367203789 41.855932704173028 1635.1590910367668 41111.291330290638 478.92163186101243 1268.8326930800686 3030.6125258833054 2414.9579311295529 31729.274055118964 208.86727421847172 51.227682147640735 45.92794268252328 370.1629252913408 7488.7813516141323 20264.909667190252 148.28972529247403 2234.6599611940619
leaf_count=4898 78852 59618 89872 22126 33261 119194 264835 19759 84706 345474 9322 103468 172707 82414 71 7906 538292 1276 16238 42187 18317 417151 161 101 127 689 153849 273172 763 103123
internal_value=0 -0.0013094 0.00352624 -0.002613 0.00272233 -0.00573786 0.000162457 0.00676346 -0.001963 -0.00233947 -0.000772998 -0.00331514 -0.00514743 -0.00767439 0.00462443 -0.000175588 0.00220465 0.0121538 0.0090955 -0.000337413 0.000655243 -0.00132475 0.01367 0.00623463 0.00241832 0.0209662 -0.00448832 -0.00160926 0.000132404 -0.011624
internal_weight=225396 164365 61031.2 87164.6 53338.7 15002.5 77199.9 6050.49 72162.2 64542.8 24775.9 39766.9 17979.1 9192.14 3320.58 70965.6 47288.2 1196.96 7692.54 69330.4 34570.6 34759.9 1155.11 576.077 524.85 579.03 12381.8 21455.3 32155.6 2620.65
internal_count=3063929 2287655 776274 1476878 670164 398292 810777 53020 1078586 993880 289817 704063 358589 185882 7323 751159 617144 2425 106110 743253 283915 459338 2354 1504 1403 850 273043 282494 265598 125249
is_linear=0
shrinkage=0.03


Tree=85
num_leaves=31
num_cat=0
split_feature=17 16 54 26 72 9 7 7 4 6 6 52 75 2 73 15 6 13 73 52 20 21 36 4 7 11 13 6 7 7
split_gain=1120.43 332.728 293.977 239.783 225.787 123.287 116.419 173.244 123.191 111.175 108.258 161.949 103.76 101.241 90.5829 88.6576 88.5705 82.1373 80.2027 86.0726 82.1385 84.5202 77.8272 75.5677 70.6045 69.641 65.8446 59.7399 74.7771 145.684
threshold=0.50316895544528972 0.58756005764007579 1.0000000180025095e-35 0.22396993637084964 0.18423765897750857 0.37376695871353155 0.041677778586745269 0.44318099319934851 0.55233678221702587 0.39818593859672552 0.30833633244037634 0.77644994854927074 0.041865862905979163 -0.20236522704362866 0.046521574258804328 0.50316895544528972 -0.039470683783292763 0.61035025119781505 0.11768365278840066 0.24964435398578647 1.133175849914551 0.99878552556037914 0.55829170346260082 0.73137298226356517 -0.57484117150306691 0.31061333417892462 0.46720869839191442 0.40833660960197454 0.39009414613246923 0.23159939795732501
decision_type=2 2 2 2 2 2 2 2 2 2 2 2 2 2 2 2 2 2 2 2 2 2 2 2 2 2 2 2 2 2
left_child=2 5 3 4 14 12 24 8 16 -10 11 26 -2 -12 -1 -3 -8 18 -5 20 21 23 -21 -20 -6 27 -4 28 29 -14
right_child=1 15 10 17 6 -7 7 -9 9 -11 13 -13 25 -15 -16 -17 -18 -19 19 22 -22 -23 -24 -25 -26 -27 -28 -29 -30 -31
leaf_value=0.0045311625161771956 0.0056260960333311544 0.0065813366106894566 0.0012304743808862154 0.0021794856228004242 -0.016313431961339477 0.009368447368590686 -0.00028775333435348177 -0.0009532686503919951 -0.012757255674350734 0.0144865466227722 -0.0074486129418309434 0.016263569231854114 0.0016024373078499894 -0.00034840563463726698 -0.0028522792791106366 0.013239459270553675 -0.012610798760054933 0.011484763828338476 -0.0018179068781130879 0.0031112116528219775 0.029400096683892415 -0.023604925480638722 -0.0025887847188023898 -0.010877870813802652 -0.0010824786374185702 0.014067714139248738 0.01079046323792405 -0.0010772059530441522 0.0003500917740739773 0.0066491854266646873
leaf_weight=1549.6218473735644 6368.779269184015 7897.7297888691101 23881.660663417875 6402.3049980200885 295.11210061069869 2119.5164540144615 569.11177638651861 2082.4783211186732 228.32215128579992 317.24294516185182 2005.1991551438114 682.68222747056279 20799.821317163311 18020.007224316854 39977.380618315045 2339.5921334014274 6903.1747561214288 477.19870817684568 35570.704623638594 6225.5075495573692 70.525990298017859 160.22751527978107 3292.4684029006166 844.76480052061379 3274.6685953591659 394.55963823013008 662.75764510035515 7114.2626990006829 17594.679905904806 6840.6455420299899
leaf_count=16088 80378 105687 261864 46974 15144 14076 25005 64815 11261 9385 40009 4552 250024 288345 528739 28943 191868 2050 448722 62249 55 508 42199 12756 102322 1658 2180 108925 245336 51812
internal_value=0 0.00310262 -0.00144469 -0.00229357 -0.00367771 0.00226523 -0.00702171 -0.00866737 -0.0106689 0.0030668 0.000585726 0.00189299 0.00200985 -0.00106095 -0.00257624 0.00810797 -0.0116735 -0.000852985 -0.000965938 -0.00140241 -0.00206259 -0.00212658 0.00113873 -0.00202937 -0.00235972 0.00157271 0.00149052 0.00147738 0.00187931 0.00285238
internal_weight=224963 71469.6 153493 108241 55197.1 61232.3 13670.1 10100.3 8017.85 545.565 45252.3 25227.1 59112.7 20025.2 41527 10237.3 7472.29 53043.7 52566.5 46164.2 36646.2 36575.7 9517.98 36415.5 3569.78 52744 24544.4 52349.4 45235.1 27640.5
internal_count=3063929 886839 2177090 1580140 964627 752209 419800 302334 237519 20646 596950 268596 738133 328354 544827 134630 216873 615513 613463 566489 462041 461986 104448 461478 117466 657755 264044 656097 547172 301836
is_linear=0
shrinkage=0.03


Tree=86
num_leaves=31
num_cat=0
split_feature=17 15 75 5 16 73 4 18 1 12 75 6 64 20 6 2 15 7 27 14 6 2 69 57 39 18 9 1 7 75
split_gain=1089.74 326.616 292.755 206.057 152.416 150.307 141.516 126.601 103.446 84.3436 84.4916 107.848 81.1214 109.303 90.9601 120.344 79.6063 86.3818 79.5815 77.9114 75.5936 75.2932 70.1125 70.0684 68.655 68.2402 84.1975 67.3381 66.9274 66.5195
threshold=0.53458327054977428 1.0000000180025095e-35 0.029818445444107059 1.1000917553901675 0.53458327054977428 0.055076662451028831 0.20707555115222934 1.0000000180025095e-35 -0.17743860185146329 0.46720869839191442 0.26734222471714025 0.21661805361509326 -0.96267563104629505 1.0000000180025095e-35 0.080933403223752989 -0.11524414271116255 0.22396993637084964 0.0095833335071802157 1.1528667807579043 0.56247621774673473 0.16369000077247622 -0.1913991495966911 -0.71549704670906056 0.42514967918396002 1.0000000180025095e-35 0.70072525739669811 0.17917595058679583 -0.33382380008697504 0.056972391903400428 0.016084345057606701
decision_type=2 2 2 2 2 2 2 2 2 2 2 2 2 2 2 2 2 2 2 2 2 2 2 2 2 2 2 2 2 2
left_child=1 3 29 6 25 -3 8 24 23 10 11 12 13 14 15 -7 -6 -18 -15 -8 -10 -22 -16 -1 27 26 -4 -5 -29 -2
right_child=2 5 4 7 16 9 19 -9 20 -11 -12 -13 -14 18 22 -17 17 -19 -20 -21 21 -23 -24 -25 -26 -27 -28 28 -30 -31
leaf_value=-0.0089591436000005156 0.015392118516659855 0.0056802388572091723 0.0023104059357675222 -0.0040905318713604869 0.0025697571555665989 -0.0015428398517422918 -0.0011456957156606438 -0.004002940776436998 -0.0011873518334131663 0.010943142566470228 -0.0016581040567062225 -0.00063885955308317624 0.0014210094597856035 0.0029053465591872378 -0.0066583926340489869 0.030378229854960716 0.019265069957621849 0.0064998028269607454 0.039873058263654636 0.0025000573461743435 -0.012215082563005757 -0.0036865798644506688 0.016025533318469842 -4.7807564754103932e-06 -0.0021793430870920678 0.00050407813193893399 0.0081775238473930922 -0.001090968679361215 -0.019094797071525112 0.0079688620951767
leaf_weight=4126.312273718795 1472.3492072761728 4849.4343345790112 20064.493146165099 514.8241312794562 5262.6521932231262 139.00182826817036 56854.681213713964 17692.386082585203 14030.980946373122 638.38535884581506 17561.646721283556 17019.238275229465 9494.7454303973354 2982.2023733896203 234.16947591258213 439.09553187713027 504.88019541837275 8092.7588533113012 49.408327765762806 5810.6882004479412 1078.2375778345158 6790.9385440265469 249.25825518649071 972.73206230439246 621.01008064046619 18718.414433326252 2470.8447472425178 216.352964944017 1359.547770001911 4237.3600181943766
leaf_count=69952 22030 40836 225458 25182 71087 170 923183 378571 164847 2580 120359 162090 46095 17547 409 505 4474 83372 10 55793 31823 126157 287 15473 20705 293793 18600 12548 72533 57460
internal_value=0 -0.00127382 0.00342872 -0.00220934 0.00275825 0.000645207 -0.00158993 -0.00493024 -0.00340556 0.000144414 3.06947e-07 0.000952104 0.00294477 0.00647345 0.0147421 0.0227373 0.00547983 0.00725855 0.00356106 -0.000807431 -0.00250834 -0.00486134 0.00506387 -0.00725317 -0.0109639 0.00184331 0.00295523 -0.0135618 -0.0166349 0.0098933
internal_weight=224549 163725 60823.8 110069 55114 53656.6 89664.6 20404.1 26999.2 48807.2 48168.8 30607.1 13587.9 4093.14 1061.53 578.097 13860.3 8597.64 3031.61 62665.4 21900.2 7869.18 483.428 5099.04 2711.73 41253.8 22535.3 2090.72 1575.9 5709.71
internal_count=3063929 2287655 776274 1896767 696784 390888 1387228 509539 408252 350052 347472 227113 65023 18928 1371 675 158933 87846 17557 978976 322827 157980 696 85425 130968 537851 244058 110263 85081 79490
is_linear=0
shrinkage=0.03


Tree=87
num_leaves=31
num_cat=0
split_feature=17 16 56 18 75 15 3 9 25 6 37 7 72 6 64 25 3 4 60 9 6 7 7 19 60 7 19 6 70 20
split_gain=1060.72 407.564 209.586 164.015 151.801 120.668 109.195 99.6287 98.6841 118.498 108.765 99.2532 95.6774 93.3134 80.8806 77.306 77.907 95.2809 75.544 71.6888 71.4698 71.4603 68.7789 84.3065 68.0605 67.9937 67.5364 61.1285 61.0358 60.1444
threshold=0.42514967918396002 0.53458327054977428 1.0000000180025095e-35 1.0000000180025095e-35 0.040543025359511382 0.31061333417892462 0.039893500506877906 0.29957322776317602 0.31061333417892462 0.32805556058883673 1.0000000180025095e-35 0.25630156695842748 0.19224619865417483 0.36393383145332342 -0.9832119047641753 0.22396993637084964 0.16590004414319995 0.3114724606275559 -1.5356929302215574 1.0000000180025095e-35 0.39159533381462103 0.22727322578430179 0.0095833335071802157 0.64691844582557689 0.45327478647232061 0.24232044070959094 0.2834331095218659 0.39850632846355444 -0.018230828456580635 1.2885903120040896
decision_type=2 2 2 2 2 2 2 2 2 2 2 2 2 2 2 2 2 2 2 2 2 2 2 2 2 2 2 2 2 2
left_child=2 4 3 -1 -2 -3 -4 26 9 10 24 12 -11 -13 29 16 -16 19 -10 28 21 -19 -7 -24 -8 -9 -6 -22 -18 -5
right_child=1 5 6 14 7 22 8 25 18 11 -12 13 -14 -15 15 -17 17 20 -20 -21 27 -23 23 -25 -26 -27 -28 -29 -30 -31
leaf_value=-0.0080037622634833178 0.0062680446664857012 0.0038629074654786435 0.0027307664023149603 -0.00050033979789401207 0.00037774668546982135 0.018274462931997373 -0.0016010607176540929 0.010958029106429658 0.023528798957630069 -0.0048373561160633058 0.0021306837690842203 -0.0089710996454554388 -0.013864252253650096 0.0018584172599747685 -0.0022002841323916053 -0.0009965166858503171 -0.00028986119198669632 -0.00028151632088062805 0.0014333273795322239 -0.014466550974286028 0.012158947484359348 -0.0059637750067144677 0.0066800524754151948 0.014295821678747787 -0.010336892237641655 0.0023715162955317095 0.0026595443418264229 -0.00043603463537362439 -0.0068534954968040912 0.032725237006467067
leaf_weight=5170.2592348735197 5446.6475314900017 8384.2444918145193 8552.3178918157355 13419.251723980888 57022.878875551833 645.89698969305027 15540.138487719261 1469.0710085183382 137.47970735561103 4289.9898234575521 8484.4004543832853 948.00756758946227 1403.4179420907312 2885.036425879749 19066.178771479259 13464.018925192941 1477.8798317968613 3097.9732672084647 9128.4576453893096 971.4038287459407 439.74071998265572 5585.6812040728109 6965.0834886955417 1615.3332738071476 842.87399300775724 1911.8547424906865 14678.371485879819 1583.7417376062367 9371.484183803077 45.210672557353973
leaf_count=191488 69358 108631 58177 151766 747203 6655 240562 9630 501 95854 113656 23820 53231 50146 218587 138906 24915 55604 105303 19531 10788 124082 78623 18931 14272 14450 117337 40741 161170 11
internal_value=0 0.002338 -0.00182242 -0.00285267 0.00143368 0.00647172 -0.000368133 0.00108261 -0.00097546 -0.0017158 -0.000625419 -0.00456016 -0.00707144 -0.00082538 -0.00246349 -0.00297317 -0.00361274 -0.00480735 0.00177166 -0.00666433 -0.0027551 -0.00393816 0.00883925 0.0081203 -0.00205319 0.00611238 0.000845052 0.00231746 -0.00596026 -0.000378756
internal_weight=224044 98139.4 125905 73692.8 80528.8 17610.6 52212.1 75082.2 43659.8 34393.9 24867.4 9526.45 5693.41 3833.04 68522.6 55058.1 41594.1 22527.9 9265.94 11820.8 10707.1 8683.65 9226.31 8580.42 16383 3380.93 71701.3 2023.48 10849.4 13464.5
internal_count=3063929 1170818 1893111 1137589 957978 212840 755522 888620 697345 591541 368490 223051 149085 73966 946101 794324 655418 436831 105804 205616 231215 179686 104209 97554 254834 24080 864540 51529 186085 151777
is_linear=0
shrinkage=0.03


Tree=88
num_leaves=31
num_cat=0
split_feature=17 17 75 26 16 74 73 20 2 7 14 7 69 3 7 26 7 7 50 15 7 75 6 3 22 3 1 70 24 6
split_gain=1036.44 310.871 280.6 177.591 142.164 101.717 100.245 95.6501 81.2002 98.5801 80.6228 80.502 75.9703 74.9197 91.5448 73.7535 74.9235 105.3 74.2004 72.614 79.8138 72.3017 67.9151 67.1955 79.2833 127.749 101.961 87.9884 65.6531 64.8741
threshold=0.53458327054977428 0.31061333417892462 0.029818445444107059 1.0000000180025095e-35 0.53458327054977428 0.49850925803184515 0.057593073695898063 1.0470444560050967 -0.15710953623056409 0.096712969243526473 0.81924167275428783 0.4467186182737351 -0.17895878106355664 0.15406121313571933 0.21740452945232394 0.37446653842926031 0.36668710410594946 0.3548355251550675 1.0000000180025095e-35 0.22396993637084964 0.0095833335071802157 0.14545133709907535 0.075978700071573271 0.17953137308359149 1.0000000180025095e-35 0.13876801729202273 -0.12965280562639234 0.00015198915207292887 0.31061333417892462 0.051660211756825454
decision_type=2 2 2 2 2 2 2 2 2 2 2 2 2 2 2 2 2 2 2 2 2 2 2 2 2 2 2 2 2 2
left_child=1 3 -2 5 -4 8 -3 10 9 29 -8 -11 -10 14 -9 18 17 21 23 -6 -21 -17 -20 24 25 27 -27 -5 -23 -1
right_child=2 6 4 15 19 -7 7 13 12 11 -12 -13 -14 -15 -16 16 -18 -19 22 20 -22 28 -24 -25 -26 26 -28 -29 -30 -31
leaf_value=0.0057290144279999776 0.0097118049287556289 0.0037364059088196302 0.0018109845609354863 -0.0041907029744629029 0.0025493860200907748 -0.01514821457218965 -0.0004206155633326654 -0.018645569770479067 -0.0018712159814463425 -0.012503807655768331 0.0063445713114122695 -0.001441302326523479 -0.0058949005411013493 0.029823595270376441 0.020185387206704916 0.0079711068743855088 0.0024541254093554325 -0.0077332480419208052 0.0040539399193226366 0.018738247478132002 0.0063142445823046638 -0.0018371373275500892 -0.0020907078530239612 -0.0040957518234860423 -0.0023736497230294452 -0.01383934819439591 0.02077487788111761 0.012958019720249146 0.0042500273606312575 -0.0071705906323991835
leaf_weight=680.63559926203379 5656.9214975648647 6410.3792255420994 41099.852079131815 1266.9981573200785 5243.0389310742321 803.34048614902713 68210.753196949809 94.488873297348619 11374.325851517875 2913.4605590089341 1619.083276251331 745.35392835756647 6723.620662497884 163.6492883162573 118.75861767493188 859.19128109153826 6484.2321136856917 2036.1279506092542 2778.4333722497104 491.8328806636855 8045.4346931348991 11436.111886273953 3866.7604059861042 19899.824098179452 11038.196298545401 86.978848616126925 509.48141708457842 337.6472216937691 1848.7620117177139 715.64909580025414
leaf_count=16508 79490 61645 537851 2192 71087 55763 740641 191 231846 83622 7903 20209 162456 226 171 9140 81337 40458 33358 4474 83372 168429 67079 336910 116727 184 701 748 23251 25960
internal_value=0 -0.00124476 0.00335191 -0.00247834 0.0026956 -0.00467418 0.000146412 -0.00018151 -0.00430801 -0.00766973 -0.000263338 -0.0102555 -0.00336729 0.014811 0.00293237 -0.00163566 -0.000269408 -0.00136148 -0.00241376 0.00533236 0.00703896 -0.000441981 0.000478658 -0.00299389 -0.00133661 0.00385679 0.0156612 -0.000556247 -0.000988667 -0.000880908
internal_weight=223559 163022 60537.1 86405.1 54880.2 23956.4 76617.1 70206.7 23153 5055.1 69829.8 3658.81 18097.9 376.897 213.247 62448.7 22664.4 16180.2 39784.3 13780.3 8537.27 14144.1 6645.19 33139.1 13239.3 2201.11 596.46 1604.65 13284.9 1396.28
internal_count=3063929 2287655 776274 1476878 696784 596364 810777 749132 540601 146299 748544 103831 394302 588 362 880514 322615 241278 557899 158933 87846 200820 100437 457462 120552 3825 885 2940 191680 42468
is_linear=0
shrinkage=0.03


Tree=89
num_leaves=31
num_cat=0
split_feature=16 3 26 75 64 66 75 19 26 69 7 39 6 55 69 13 7 69 18 6 6 75 53 2 4 7 1 73 7 7
split_gain=998.809 335.757 254.219 200.826 178.275 223.442 166.03 124.492 115.529 94.6865 91.9163 86.0871 88.6308 81.8532 80.7427 77.5205 72.7836 71.727 67.8744 63.9572 63.5339 63.0166 62.3473 70.7771 70.3362 62.1683 61.5595 61.5408 57.9239 64.5981
threshold=0.42514967918396002 0.20095144212245944 0.37446653842926031 0.021746934391558174 -0.20444973558187482 0.0045538083650171765 0.045960653573274619 0.52258238196372997 0.31061333417892462 -0.17895878106355664 -0.21457178145647046 1.0000000180025095e-35 0.070009611546993269 0.22396993637084964 0.028889950364828113 0.50316895544528972 0.37824505567550665 -0.57819780707359303 0.22396993637084964 0.27632133662700659 0.40777969360351568 0.019111314788460735 0.24964435398578647 -0.96714979410171498 0.49501426517963415 0.37824505567550665 0.050940332934260375 0.07279387861490251 0.22900585085153582 0.20552932471036914
decision_type=2 2 2 2 2 2 2 2 2 2 2 2 2 2 2 2 2 2 2 2 2 2 2 2 2 2 2 2 2 2
left_child=1 6 4 -2 11 9 21 10 13 28 -5 18 -13 17 -11 16 22 -8 -3 -10 -18 -1 24 -24 27 -14 -19 -4 29 -6
right_child=3 2 15 7 5 -7 8 -9 19 14 -12 12 25 -15 -16 -17 20 26 -20 -21 -22 -23 23 -25 -26 -27 -28 -29 -30 -31
leaf_value=0.0127976833809192 0.012769220555515062 -0.0067916583634971732 0.037896128581415625 0.0097234642223276643 -0.0069655830401971009 -0.0034861522315814981 1.872612759421095e-05 0.0081235947268642472 0.0028483084434583533 -0.021523336846146938 0.002695592449235566 0.0028932622203905294 -0.003846117980239862 0.0013376631192908595 -0.010353418036140793 0.0060907870070567704 0.0010802165090470846 -0.0017824143647715946 -0.002743303674375103 0.00026243174582754635 0.010250638547959014 0.0038518252550933454 0.017707934445108924 0.00025918203886115372 -0.0056386364915216799 0.00099211815306916862 -0.0055465305383067386 -0.0012247149634544824 -0.011783973948894804 0.0063821027978339037
leaf_weight=822.70680381931015 2370.444710311931 4844.4443829379015 32.34100135602057 1769.4410065663978 1637.6288168705069 10171.588915279117 18089.366156485441 5102.8581155890715 13859.990271325456 1072.8913460037038 30573.97482550198 4370.2402361588902 6947.0671277363144 11724.156917490007 1306.597343027941 1687.560220716754 6752.6215103788418 24321.119625941225 16214.265524537725 22721.76072560891 752.52022855612449 5053.8702304160106 211.58851458923891 7115.6324757869588 4663.5671578741749 3638.8054150510288 4659.7468252182007 8521.9111471471842 1737.3452420366812 403.59699275309686
leaf_count=11481 36475 125029 38 17363 35686 239908 250635 46727 104268 39009 339023 54792 119095 165217 33839 8254 70000 275470 257133 308353 4769 60306 1226 89920 70866 60358 89477 108162 36705 4345
internal_value=0 -0.000935367 -0.00236123 0.00430653 -0.00361955 -0.00621956 0.000220533 0.00376939 -8.10602e-05 -0.0107286 0.00308137 -0.00243998 -0.000698906 -0.000904675 -0.0154194 -0.000145976 -0.000522168 -0.00146335 -0.00367593 0.00124249 0.00200528 0.00511284 -0.00144588 0.000773051 -0.00267613 -0.00218284 -0.00238847 -0.00105864 -0.00776021 -0.00431692
internal_weight=223152 183335 82082.2 39816.7 52344.5 16329.6 101253 37446.3 95376.1 6158.06 32343.4 36014.8 14956.1 58794.4 2379.49 29737.7 28050.2 47070.2 21058.7 36581.8 7505.14 5876.58 20545 7327.22 13217.8 10585.9 28980.9 8554.25 3778.57 2041.23
internal_count=3063929 2624341 1359134 439588 1005899 389492 1265207 403113 1193420 149584 356386 616407 234245 780799 72848 353235 344981 615582 382162 412621 74769 71787 270212 91146 179066 179453 364947 108200 76736 40031
is_linear=0
shrinkage=0.03


Tree=90
num_leaves=31
num_cat=0
split_feature=17 17 16 73 26 58 18 20 75 13 9 7 55 3 12 32 6 36 75 6 7 6 4 6 12 6 72 6 7 7
split_gain=987.585 289.067 267.693 136.831 135.488 118.933 116.92 114.506 103.602 98.4161 81.3947 81.0367 76.3224 71.9361 66.7064 63.7952 93.4461 85.9042 63.6723 63.4483 109.856 108.39 79.8968 100.103 61.7587 58.2784 57.3698 56.9661 54.6027 90.7861
threshold=0.53458327054977428 0.22396993637084964 0.61035025119781505 0.070205211639404311 0.22396993637084964 1.0000000180025095e-35 1.0000000180025095e-35 1.0470444560050967 0.021746934391558174 0.31061333417892462 0.17917595058679583 0.39143033325672155 0.31061333417892462 0.023464738391339782 0.56247621774673473 0.68650066852569591 0.40833660960197454 0.81061223149299633 0.019111314788460735 0.072676122188568129 0.18046322464942935 0.15391666442155841 0.55233678221702587 0.39818593859672552 0.37446653842926031 0.029104033485054973 0.54213356971740734 0.042795777320861823 0.22254069149494174 0.20734930038452151
decision_type=2 2 2 2 2 2 2 2 2 2 2 2 2 2 2 2 2 2 2 2 2 2 2 2 2 2 2 2 2 2
left_child=1 4 8 18 5 6 26 9 -2 12 15 -12 -5 -4 -11 16 -10 -17 -3 20 -8 -21 -23 -24 -6 -14 28 -22 29 -1
right_child=2 3 13 7 24 -7 19 -9 10 14 11 -13 25 -15 -16 17 -18 -19 -20 21 27 22 23 -25 -26 -27 -28 -29 -30 -31
leaf_value=-0.008217081806203513 0.011072745203655584 0.013544945516807592 0.011781417570193076 -0.0015099206696474988 -0.0012179086851668379 -0.0013209886926135654 -0.0033545112859843149 0.015573503427661417 0.0018752387153744543 0.0015445157673813644 0.0081932360054081579 0.00059831665410724981 0.0070435614691137351 0.0058755265139793867 0.019292234208082723 0.0093925897180167153 -0.0026954442131000866 0.0026069216159672142 0.0025321660752460184 -0.00074050080631161085 -0.0077528901559848267 -0.0067117194098404165 -0.0097763796660519028 0.012190257449661075 0.018891685387612382 0.00029482714631504927 -0.015932725562527464 -0.01714392968743363 -0.012749528979207296 0.0062961260126906914
leaf_weight=1643.8516925584445 1242.1639324546995 493.82780878334597 3427.6857777799596 65022.820547297888 23275.322807876553 10418.02187562504 3284.9937588875291 387.69289981480688 30212.636806879134 12026.387129779556 3833.5723353042267 1888.6243907655589 1252.0371640336234 4089.8076939558377 189.76680244319141 2068.5241885720752 4640.1560837620345 8898.6643821754697 9495.9425504736137 7896.2798677609535 1367.1546606090269 7099.9000481258554 306.67552691861056 464.12316273563192 134.25021960958838 13881.251191479503 993.41427707222465 1028.1070725368627 1228.312070316053 503.74403428193182
leaf_count=62970 18267 7115 45982 754052 387291 208839 67621 625 380577 76849 30800 19407 9374 60128 724 21913 76116 123084 87590 89826 19346 189410 11636 12525 964 178881 61363 9581 48872 2201
internal_value=0 -0.0012174 0.00327835 -0.000252986 -0.00287861 -0.00402785 -0.00511963 -0.000612337 0.0025235 -0.00068099 0.00231653 0.00568947 -0.00106332 0.00857382 0.0018268 0.00189475 0.00126635 0.00389014 0.00308222 -0.00420657 -0.00692558 -0.00322521 -0.00571579 0.00343929 -0.00109918 0.000855188 -0.00959251 -0.0118075 -0.00770882 -0.00480537
internal_weight=222696 162394 60301.8 102750 59644.2 36234.6 25816.6 92760 52784.3 92372.3 51542.2 5722.2 80156.1 7517.49 12216.2 45820 34852.8 10967.2 9989.77 21447.2 5680.26 15767 7870.7 770.799 23409.6 15133.3 4369.32 2395.26 3375.91 2147.6
internal_count=3063929 2287655 776274 1115210 1172445 784190 575351 1020505 670164 1019880 651897 50207 942307 106110 77573 601690 456693 144997 94705 399945 96548 303397 213571 24161 388255 188255 175406 28927 114043 65171
is_linear=0
shrinkage=0.03


Tree=91
num_leaves=31
num_cat=0
split_feature=17 15 75 26 16 73 4 74 54 69 75 6 26 71 52 5 18 9 72 73 31 4 20 3 66 72 18 75 73 72
split_gain=962.742 278.537 262.292 179.544 138.899 131.69 112.436 105.675 83.0869 78.7505 77.7857 85.5036 67.9247 59.3046 58.681 56.0801 55.4743 70.0616 54.4678 84.8849 51.9795 56.4506 71.657 104.804 120.864 79.9705 67.1694 51.7094 50.3852 49.9746
threshold=0.53458327054977428 1.0000000180025095e-35 0.028065645135939125 1.0000000180025095e-35 0.53458327054977428 0.055076662451028831 0.3114724606275559 0.32435926795005804 0.31061333417892462 -0.57819780707359303 0.26734222471714025 0.21661805361509326 0.92530643939971935 -0.1115007884800434 0.24964435398578647 1.2028460502624514 0.70072525739669811 0.17917595058679583 0.18695982545614245 0.34703943133354193 1.0000000180025095e-35 0.20707555115222934 1.0000000180025095e-35 0.28146789968013769 -0.015458060894161461 0.019688731059432033 0.65050083398818981 0.016084345057606701 0.076500255614519133 1.0000000180025095e-35
decision_type=2 2 2 2 2 2 2 2 2 2 2 2 2 2 2 2 2 2 2 2 2 2 2 2 2 2 2 2 2 2
left_child=1 3 27 7 16 -3 8 9 18 13 11 20 -6 -1 -12 -9 17 -4 -5 -20 21 -7 23 24 28 26 -26 -2 -23 -22
right_child=2 5 4 6 12 10 -8 15 -10 -11 14 -13 -14 -15 -16 -17 -18 -19 19 -21 29 22 -24 -25 25 -27 -28 -29 -30 -31
leaf_value=-0.0031427940039388024 0.014759610512089679 0.0053230039318563167 0.0021905633037375204 -0.0023839087200459917 0.004418641022718584 7.7061238546303289e-05 -0.00023882196474727567 -0.0059664895869954706 0.00088355063065236549 -0.0053149927677311522 -0.0025381126671603347 -0.00038416381645220741 0.010630669849915956 0.0011586825059032085 0.0013710332548813424 -0.015910210059868757 0.00056562845681807793 0.0075544394208672703 -0.010675773182704953 -0.0034830761797155704 0.00967849821184915 -0.001710868889308103 0.0022961795493927741 -0.022047247709943332 -0.02601705889412426 0.014268132273616344 0.012020081541904612 0.0079195135927701797 0.022403115108434502 3.7193887521597205e-05
leaf_weight=12557.261633422066 1425.7333422301599 4787.1073293159716 20107.455232366745 23009.543394604232 12330.731769078469 6314.0715552410111 41637.262783931365 1121.2864356308419 5476.7528312981012 12596.412826330634 12822.652207695734 17213.872681623907 1818.9386998105329 3740.5332251848886 4726.0927604478784 948.6583251254342 18680.436287499237 2458.1011590650305 1962.9928803374787 5969.7415846571384 1655.9063298292458 86.940512312576175 3677.3527212494519 78.143681181129068 132.88543685851619 152.73716730624437 57.148287706077099 3379.9070776242443 684.73555973218754 684.30446783662774
leaf_count=256969 22030 40836 227180 287633 151097 27201 629807 58980 83165 290966 91567 163748 13944 58463 29439 65284 295146 18736 43155 122345 4514 71 27585 329 380 316 87 48141 786 4029
internal_value=0 -0.00120318 0.00323948 -0.00207086 0.00265567 0.00057907 -0.00130386 -0.00400379 -0.00252122 -0.00353343 0.000108266 0.0010181 0.00522029 -0.00215524 -0.001485 -0.0105478 0.00177534 0.00277629 -0.00312404 -0.00526799 0.00280285 0.00195009 0.00437556 0.0107545 0.0131291 -0.00167546 -0.0145431 0.00996035 0.0196857 0.00686606
internal_weight=222296 162094 60201.3 109020 55395.7 53074 78056.3 30964.2 36419 28894.2 48286.8 30738.1 14149.7 16297.8 17548.7 2069.94 41246 22565.6 30942.3 7932.73 13524.2 11184 4869.94 1192.59 1114.45 342.771 190.034 4805.64 771.676 2340.21
internal_count=3063929 2287655 776274 1896767 706103 390888 1166105 730662 536298 606398 350052 229046 165041 315432 121006 124264 541062 245916 453133 165500 65298 56755 29554 1969 1640 783 467 70171 857 8543
is_linear=0
shrinkage=0.03


Tree=92
num_leaves=31
num_cat=0
split_feature=17 17 75 5 15 18 75 13 26 59 18 35 6 6 72 5 9 2 75 20 73 2 4 5 6 73 32 60 36 4
split_gain=937.904 315.48 233.118 158.071 122.43 96.4561 95.4219 85.4896 77.6973 76.5296 71.2115 70.8937 98.212 142.07 69.7687 64.7314 64.6661 63.8348 63.3682 60.2093 73.7923 58.9405 62.1072 87.2746 60.6947 56.5718 52.3362 51.9982 61.7487 51.2334
threshold=0.56247621774673473 0.31061333417892462 0.028065645135939125 1.1142060756683352 0.22396993637084964 1.0000000180025095e-35 0.061809331178665168 0.65050083398818981 0.37446653842926031 0.63123199343681347 0.70072525739669811 1.0000000180025095e-35 0.027107000350952152 0.021199905313551429 0.85128122568130504 0.79721793532371532 0.17917595058679583 -1.1736065149307249 0.14545133709907535 1.0470444560050967 0.11311673372983934 -0.024651535786688324 0.55233678221702587 1.3200441598892214 0.38167145848274237 0.13509077578783038 0.69183480739593517 0.39463038742542272 0.44559228420257574 0.20707555115222934
decision_type=2 2 2 2 2 2 2 2 2 2 2 2 2 2 2 2 2 2 2 2 2 2 2 2 2 2 2 2 2 2
left_child=1 3 -2 8 -4 27 -3 11 9 14 16 19 13 -13 25 17 -6 -10 -19 -8 -21 -7 24 -24 -23 -1 -12 28 -5 -27
right_child=2 6 4 5 10 21 7 -9 15 -11 26 12 -14 -15 -16 -17 -18 18 -20 20 -22 22 23 -25 -26 29 -28 -29 -30 -31
leaf_value=0.00026775235087682207 0.010055831644583129 0.0041613465240708655 0.0017865475316884616 -0.011163208205873366 0.0059865147955284756 -0.0066851948707213954 -0.000968218425808163 0.0085753187007551711 0.020079588542097754 0.0014039663947097054 0.0018446333706291338 4.5486670211942677e-05 0.00039724190462147034 0.012752650589732163 -0.015249901198063024 -0.0030539061856253453 0.013613908933884197 0.0087090689536387135 4.262225634267365e-05 -0.0059118801035026964 0.023496002147057292 -0.0020103994102278412 -0.0039495028665809924 0.020314584544644694 -0.010098630244555927 -0.004172270415787039 0.0065120936749285636 -0.018026518598333385 0.0014198126746993657 -0.0019909662370381446
leaf_weight=5123.6531554812536 4549.1834711285628 5206.7889745165303 29696.631659814855 1396.849630802375 5525.2281252834073 4756.6963202921324 46820.630630900545 1022.1227485015988 146.61737843835726 4250.3567969665746 6617.3043731581129 1705.4986318616429 28795.312676427187 1475.3702711681835 398.31296331521298 5741.9843851032783 1224.6441801714245 793.73225483950227 15799.241160360427 123.34312682505697 192.93872114084661 5859.7449634953518 281.26343643094879 247.56040462141391 971.07185330599896 19461.358561230943 3214.1881949080998 628.16091914224671 466.41709582222393 19349.834482810733
leaf_count=45566 66783 59940 442137 70760 50896 119194 499086 4354 793 71882 70122 19580 321170 5809 17730 115177 7750 7811 194906 201 275 108714 9328 4225 31582 256291 38948 34440 20049 368430
internal_value=0 -0.00106344 0.00357789 -0.00234943 0.00294019 -0.00519151 0.000227528 -2.82104e-05 -0.0017649 -0.00243966 0.00500513 -0.000139851 0.000950368 0.00594943 -0.00280835 -0.000306365 0.00737828 0.000636328 0.000459456 -0.000879534 0.0120829 -0.00408296 -0.00239775 0.00746813 -0.00316612 -0.00269408 0.00337304 -0.0105656 -0.00801469 -0.00308519
internal_weight=221842 171015 50827.2 85672.9 46278 14607.8 85342 80135.2 71065.1 48583.5 16581.4 79113.1 31976.2 3180.87 44333.2 22481.6 6749.87 16739.6 16593 47136.9 316.282 12116.3 7359.64 528.824 6830.82 43934.8 9831.49 2491.43 1863.27 38811.2
internal_count=3063929 2387293 676636 1476878 609853 398292 910415 850475 1078586 759899 167716 846121 346559 25389 688017 318687 58646 203510 202717 499562 476 273043 153849 13553 140296 670287 109070 125249 90809 624721
is_linear=0
shrinkage=0.03


Tree=93
num_leaves=31
num_cat=0
split_feature=20 73 3 4 12 58 7 7 74 40 15 69 9 19 64 22 6 20 27 56 12 7 6 4 32 7 39 6 36 33
split_gain=839.046 298.999 180.222 196.025 157.726 124.219 118.3 131.871 132.369 115.631 114.322 109.219 112.941 91.4369 90.9938 88.1226 86.7136 85.9765 79.0803 85.7197 78.6309 74.819 67.6464 164.291 85.623 76.4057 67.4026 64.2212 61.9536 65.1113
threshold=0.2834331095218659 0.035789303481578834 0.17248411476612094 0.24964435398578647 0.53458327054977428 0.22396993637084964 0.096712969243526473 0.27237541973590856 0.16340771317481997 0.80270549654960643 0.22396993637084964 -0.67073413729667652 0.34011973440647131 0.50335456430912029 -0.90445724129676808 1.0000000180025095e-35 0.057690709829330451 0.53307747840881359 1.0440576672554018 0.22396993637084964 0.31061333417892462 -0.41978424787521357 0.39818593859672552 0.52612900733947765 0.39170669019222265 0.34560325741767889 0.22396993637084964 0.38889351487159735 0.79009422659873974 1.0000000180025095e-35
decision_type=2 2 2 2 2 2 2 2 2 2 2 2 2 2 2 2 2 2 2 2 2 2 2 2 2 2 2 2 2 2
left_child=2 13 11 5 10 14 9 8 20 16 18 15 -13 -2 -4 26 21 -12 19 -3 -8 -5 24 -24 27 -26 -1 -9 29 -10
right_child=1 4 3 6 -6 -7 7 22 28 -11 17 12 -14 -15 -16 -17 -18 -19 -20 -21 -22 -23 23 -25 25 -27 -28 -29 -30 -31
leaf_value=0.0081540243107515852 0.0051750441358870657 -0.00056581151061250621 -0.0033070430629131816 0.0091970396534190521 0.015716757522795971 -0.00097878558535302237 -0.0029937098158760765 -0.0023889039271467734 -0.0078109478984629728 0.0248693969437364 0.0018381374324039051 -0.0015186824036011715 0.0080437697489316659 0.011224941116395749 -0.0075141065434409411 0.00069250946922994191 -0.00094790665175790848 0.0056427417010900798 0.012013312357405775 0.0019371245393432857 0.0096809676102837198 0.00090152822356980575 -0.0079350944617976125 0.014759927377918014 0.014230459119790066 0.00091899300716287771 -0.0069833755947054585 -0.023099788014119362 -0.015883411026285314 0.0095859429159804426
leaf_weight=2389.5031256068032 9140.9071578657458 28113.741822844779 7803.2166467081988 1702.265699930751 700.8023273111321 6393.4103125003603 13028.486860117817 9506.945031818148 3359.147843617684 178.63982609857339 15027.488411468978 38004.848131040795 1141.0453922876623 2988.8110835778643 11418.697516319997 19663.244256815073 8197.1266384066112 8303.5843883788039 541.70403194474056 21905.207308325058 451.94882046990097 2299.6999075535714 451.08931583806407 775.09916488997987 410.59289814700605 6102.8924547493225 294.26676413568202 132.81202370137908 839.81168505887035 201.91272355453111
leaf_count=4036 116654 305895 108814 22522 3085 107589 183853 195824 96446 1428 126956 502005 8529 38588 243669 295027 160674 69534 1571 264820 2491 36467 13590 11990 5817 87790 1503 4963 38660 3139
internal_value=0 0.00230165 -0.00148136 -0.00248655 0.00159103 -0.00460281 -0.00134824 -0.00223397 -0.0040424 0.00117449 0.00145616 -0.00028376 -0.00123904 0.00666934 -0.00580751 0.00138936 0.000819099 0.00319313 0.000654355 0.000530297 -0.0025657 0.00443687 -0.000372553 0.00640859 -0.000889046 0.00176702 0.00648466 -0.00268418 -0.00855828 -0.00681363
internal_weight=221469 86722.2 134747 73253.8 74592.5 25615.3 47638.5 35260.7 17881.3 12377.7 73891.7 61492.9 39145.9 12129.7 19221.9 22347 12199.1 23331.1 50560.7 50018.9 13480.4 4001.97 17379.4 1226.19 16153.2 6513.49 2683.77 9639.76 4400.87 3561.06
internal_count=3063929 927103 2136826 1325726 771861 460072 865654 644563 324589 221091 768776 811100 510534 155242 352483 300566 219663 196490 572286 570715 186344 58989 319974 25580 294394 93607 5539 200787 138245 99585
is_linear=0
shrinkage=0.03


Tree=94
num_leaves=31
num_cat=0
split_feature=17 17 75 54 74 15 7 56 6 7 64 2 7 12 6 6 4 1 7 4 6 73 21 6 75 22 75 20 66 7
split_gain=906.143 289.245 220.366 125.093 115.184 112.8 110.437 94.0257 107.431 104.906 81.8826 97.7457 81.2228 79.193 77.8256 138.866 134.603 119.267 110.721 79.8426 82.7681 88.4469 73.8614 66.3847 99.0394 64.7011 83.5621 63.5678 64.1177 62.2751
threshold=0.56247621774673473 0.31061333417892462 0.028065645135939125 1.0000000180025095e-35 0.36302909255027777 0.22396993637084964 -0.06856480240821837 0.31061333417892462 0.027107000350952152 0.25044368207454687 -0.94547289609909047 -0.14413001388311383 0.096712969243526473 0.53458327054977428 0.088708333671093001 0.10278788954019548 0.3354459702968598 -0.18768164515495298 0.19163800776004794 0.43366721272468572 0.3775490671396256 0.33440703153610235 0.68514564633369457 0.31696049869060522 1.9385456442832949 0.14931328594684604 0.22700642794370654 0.88635334372520458 -0.15323687344789502 0.37824505567550665
decision_type=2 2 2 2 2 2 2 2 2 2 2 2 2 2 2 2 2 2 2 2 2 2 2 2 2 2 2 2 2 2
left_child=1 3 -2 4 10 -4 -7 13 9 -9 -1 12 -12 27 17 16 -16 18 -13 -17 -21 -22 -8 24 -5 26 -18 -3 -29 -25
right_child=2 7 5 23 -6 6 22 8 -10 -11 11 14 -14 -15 15 19 25 -19 -20 20 21 -23 -24 29 -26 -27 -28 28 -30 -31
leaf_value=-0.00080377745652179637 0.0098430988515305733 -0.0007493701608722133 0.0017942201316138611 0.00069307541670771394 -0.0086242037160057759 0.016412704525777266 0.0030634108025811312 0.0024761789191779073 0.0008443951684606486 0.012818644322640618 -0.0018420758017076179 -0.004205881016185741 -0.0078722134818900499 0.021642328084750442 0.00011372599894990165 -0.0038385403469960791 0.0041583592015954803 -0.0032313552068370358 -0.018445771103484786 -0.0038309524593605451 -0.0013023534272301998 0.0079477217124498522 0.0076019628826229082 -0.0043190087392347394 0.021877655884506273 0.003956443485840201 0.02728356656389308 0.021213470522293172 0.0023839002641519703 0.0016894778432979146
leaf_weight=16017.272944615557 4519.3347413229931 53196.280737945024 29607.532173627682 13108.970222675009 3045.5386716933863 712.8362008582335 11280.008628048221 2451.6563067252282 27134.643013863053 1378.7492615627125 2910.5984457049053 993.68366410391172 6532.698189237999 140.14774728473276 2592.7610242400551 13856.466480310279 220.75979615096003 10261.827851526978 976.2153682137141 2649.2377899439307 1951.1280830902397 1771.3298436840705 4526.8674387694336 5201.0783715784928 197.69940121669788 439.52961257233983 394.07524304359686 224.24272990040481 574.00261145178229 2208.5007713381201
leaf_count=230230 66783 555309 442137 170143 143949 6413 114694 30111 316982 5000 67912 21255 139449 498 16765 244694 264 127199 15062 57384 45986 26288 46609 126146 1838 6179 1544 566 1949 34591
internal_value=0 -0.00104702 0.00352311 -0.00228122 -0.0029316 0.00290301 0.00488905 0.000190498 0.00150894 0.0062096 -0.00264939 -0.00329815 -0.00601566 -0.000563623 -0.00258671 -0.00158906 0.00379586 -0.00453251 -0.011288 -0.00256074 0.000218036 0.00310189 0.00436507 -0.000252329 0.00101464 0.0128116 0.0190682 -0.000622943 0.0077585 -0.00252757
internal_weight=221076 170429 50646.6 85329.4 64613.1 46127.2 16519.7 85099.7 30965 3830.41 61567.6 45550.3 9443.3 54134.7 36107 23875.3 3647.13 12231.7 1969.9 20228.2 6371.7 3722.46 15806.9 20716.2 13306.7 1054.36 614.835 53994.5 798.245 7409.58
internal_count=3063929 2387293 676636 1476878 1144160 609853 167716 910415 352093 35111 1000211 769981 207361 558322 562620 399104 24752 163516 36317 374352 129658 72274 161303 332718 171981 7987 1808 557824 2515 160737
is_linear=0
shrinkage=0.03


Tree=95
num_leaves=31
num_cat=0
split_feature=17 17 16 5 19 22 18 6 24 64 73 36 6 2 75 15 22 36 6 22 1 22 14 20 66 20 26 18 14 32
split_gain=880.741 272.843 216.103 153.08 102.793 102.44 84.48 84.0146 77.0438 73.3702 73.3677 83.9538 76.1182 93.6885 72.6468 68.2527 65.4294 62.0594 69.0697 77.4683 61.5283 61.4811 58.3836 58.0224 68.1872 66.1374 57.8607 67.0955 55.6347 55.5477
threshold=0.56247621774673473 0.31061333417892462 0.61035025119781505 1.1385689377784731 0.20707555115222934 1.0000000180025095e-35 0.66838845610618602 0.02389999479055405 0.22396993637084964 -0.98222899436950672 0.18158587068319323 0.20707555115222934 0.071044389158487334 -0.14842668175697324 0.041865862905979163 0.56247621774673473 0.24964435398578647 1.0440582633018496 0.088708333671093001 1.0000000180025095e-35 -0.23023602366447446 1.3449937105178835 0.58756005764007579 0.96216604113578807 -0.15323687344789502 1.2885903120040896 0.42514967918396002 0.42514967918396002 0.22396993637084964 0.594905585050583
decision_type=2 2 2 2 2 2 2 2 2 2 2 2 2 2 2 2 2 2 2 2 2 2 2 2 2 2 2 2 2 2
left_child=1 3 6 8 22 9 -2 29 10 -5 16 21 -13 20 -8 -4 26 18 19 -15 -14 -12 -3 -9 -25 -26 -1 -28 -16 -6
right_child=2 4 15 5 7 -7 14 23 -10 -11 11 12 13 17 28 -17 -18 -19 -20 -21 -22 -23 -24 24 25 -27 27 -29 -30 -31
leaf_value=0.0020726461931420631 0.0049367358815212278 -0.00069621632663410295 0.0069422339692434675 0.00030667308930801013 0.0040370202481896404 -0.0035350266177058953 0.0053124767141741512 0.0010908109216187924 0.0011721131527222099 -0.011257829605780697 -0.0037550245658968411 0.0013686926519297542 -0.00060137789640596026 0.0086384279156821748 -6.4009626596359871e-05 0.014786786172319757 -0.0014199262149269033 -0.0077951520714288165 4.8104797168204534e-05 -0.0078702891821830837 -0.0083970765431765002 -0.030148335673812341 0.0028498455791248932 0.032053587856338085 0.012555209352639025 -0.021668070626899169 -0.0018036297042064427 0.025138795065146703 0.0026357781890923196 0.014133334636820656
leaf_weight=3588.0264265763326 10982.90975092155 58727.485678794663 6183.1640580944222 584.57963759545237 1427.7368652951554 9100.6425811911031 4753.6332134589029 19257.644628342008 7537.9542532868218 3140.5159016247781 23774.74544064892 6692.282687716448 1279.3892165637808 291.54988406017219 13629.418202605157 1194.2091280906461 9031.4775600767753 1213.87279284338 13391.083174265121 1915.0863824484113 3178.775127966619 75.833794457837939 4494.4873466310673 112.21671297959983 211.26321019697934 62.586936347186565 133.52997268736362 213.18759050499648 13839.724528152117 748.66110101295635
leaf_count=17873 117637 716075 89872 11291 9001 224171 59526 148353 84991 116820 428018 84707 26487 4108 219121 16238 138430 33420 195686 33122 76937 229 31750 156 557 34 469 119 174242 4489
internal_value=0 -0.00103306 0.00347548 -0.00223352 0.000168815 -0.00525382 0.00266457 0.00194404 -0.00169753 -0.00944342 -0.00203157 -0.0025366 -0.00142074 -0.00229871 0.00188946 0.00822 -1.29859e-05 -0.00127235 -0.000762564 -0.00567537 -0.00616345 -0.00384417 -0.000443889 0.00132333 0.0127799 0.00451813 0.00321341 0.0148475 0.00129624 0.00753168
internal_weight=220768 170185 50583.1 85142.5 85042.1 12825.7 43205.7 21820.1 72316.8 3725.1 64778.8 51812.6 27962 21269.8 32222.8 7377.37 12966.2 16811.6 15597.7 2206.64 4458.16 23850.6 63222 19643.7 386.067 273.85 3934.74 346.718 27469.1 2176.4
internal_count=3063929 2387293 676636 1476878 910415 352282 570526 162590 1124596 128111 1039605 882714 454467 369760 452889 106110 156891 266336 232916 37230 103424 428247 747825 149100 747 591 18461 588 393363 13490
is_linear=0
shrinkage=0.03


Tree=96
num_leaves=31
num_cat=0
split_feature=16 54 72 75 73 6 7 7 75 6 16 6 75 5 21 14 5 6 75 32 11 6 1 20 2 32 74 5 1 64
split_gain=844.717 282.437 202.079 173.956 133.001 128.892 135.763 121.319 104.69 103.627 96.774 92.275 90.9368 86.59 78.9577 78.0059 68.2037 59.9594 86.0469 72.914 59.2797 56.516 76.0539 89.471 59.8935 59.8419 55.1636 51.8733 51.0663 62.6252
threshold=0.42514967918396002 1.0000000180025095e-35 0.2004266753792763 0.021746934391558174 0.30822373926639562 0.3775490671396256 -0.33686341345310206 0.37049600481987005 0.057743679732084281 -0.10368234291672705 0.61035025119781505 0.28611345589160925 0.026082620024681095 1.1793718934059145 0.40690016746521002 0.37446653842926031 1.4133696556091311 0.31696049869060522 1.9385456442832949 1.0936229228973391 0.31061333417892462 0.26574076712131506 -0.13800106942653653 1.2361049652099612 -0.2245741859078407 0.14931328594684604 0.0021170956315472726 1.1000917553901675 -0.34404355287551874 -0.98801895976066578
decision_type=2 2 2 2 2 2 2 2 2 2 2 2 2 2 2 2 2 2 2 2 2 2 2 2 2 2 2 2 2 2
left_child=1 2 8 -2 -4 6 11 9 -1 -8 20 -6 -3 -11 17 21 27 18 19 -14 -5 22 23 25 -23 -10 -15 -7 29 -28
right_child=3 12 4 10 5 16 7 -9 15 13 -12 -13 14 26 -16 -17 -18 -19 -20 -21 -22 24 -24 -25 -26 -27 28 -29 -30 -31
leaf_value=0.0034162474608946652 0.012022119528234117 0.0096554540753975085 -0.01032653875645282 0.0026418258439902236 0.00096560503968935545 0.0033823580307648649 0.0031701306424060677 -0.00089415946664125868 -0.0058132041381968253 -0.0073164450442017824 0.0070083649883182679 -0.015472518571328879 0.00032812286917167975 0.021919468740284435 0.0019972443717804658 0.00047625720414018989 0.026146957628096303 -0.001941657564080276 0.021116675901662718 0.015798745664176651 0.012370505091774266 -0.0081761136057586885 -0.00058665842450174505 0.034731741104154085 -0.002425373942820106 -0.00020018671096963756 0.02747862580329943 -0.0069468926629906837 -0.019077597869372517 -0.01058348084650744
leaf_weight=4416.3384182139416 2285.0942889855796 1036.6795331648609 2820.0772548535861 30375.939917162934 4521.5325088443969 2380.255976215296 704.98454857991601 3017.8426893427677 5425.4518650263781 6730.1534841227985 5926.281297546011 325.73003364680335 19927.809039197062 31.780256250407547 24334.940774993447 17984.472377258993 100.63899725594092 12041.339458301911 180.62069307197817 274.03157591633499 570.97545341867954 1732.6329176818654 41637.771983610903 49.932010870426893 26982.916525259967 2497.8716534149135 40.616039111686405 531.8638218830165 1159.077192136916 303.42271954177704
leaf_count=51812 36475 14896 72966 317694 107519 40267 21054 85624 64877 130068 82861 15409 232773 216 312726 172160 1432 228010 1719 859 2558 39404 413192 19 495930 28850 720 27905 51769 12165
internal_value=0 -0.000863524 -0.00167413 0.00399533 -0.00423314 -0.00336523 -0.0043879 -0.00610051 -0.00109805 -0.00785043 0.00349652 -0.000149936 0.000867065 -0.00879208 0.000705799 -0.00130524 0.00234616 -0.000263453 0.000727944 0.000541286 0.00282304 -0.00171434 -0.00110096 -0.00378453 -0.00277361 -0.00404523 -0.0152236 0.00148736 -0.016068 -0.0058129
internal_weight=220349 181191 123395 39158.3 22668 19847.9 16835.1 11987.9 100727 8970.03 36873.2 4847.26 57795.4 8265.05 56758.7 96311 3012.76 32423.8 20382.5 20201.8 30946.9 78326.6 49611 7973.26 28715.5 7923.32 1534.9 2912.12 1503.12 344.039
internal_count=3063929 2624341 1833358 439588 567114 494148 424544 301616 1266244 215992 403113 122928 790983 194938 776087 1214432 69604 463361 235351 233632 320252 1042272 506938 93746 535334 93727 64870 68172 64654 12885
is_linear=0
shrinkage=0.03


Tree=97
num_leaves=31
num_cat=0
split_feature=16 54 16 75 18 19 75 9 19 75 27 18 13 6 32 2 52 2 28 32 65 4 36 27 58 75 65 3 70 65
split_gain=815.747 274.286 182.829 170.678 141.646 99.0414 88.144 84.7872 79.6406 77.9415 77.721 76.458 70.9759 65.3977 103.387 71.4357 61.8419 61.2718 61.44 83.9001 59.168 58.5113 64.0388 58.3915 57.6653 57.6448 56.8052 53.9699 84.1143 54.8153
threshold=0.42514967918396002 1.0000000180025095e-35 1.0000000180025095e-35 0.023934200406074527 0.22396993637084964 0.52258238196372997 0.023934200406074527 0.66995003819465648 0.2834331095218659 0.17423701286315921 1.0440576672554018 0.58756005764007579 0.46720869839191442 0.32029703259468084 1.0936229228973391 -0.1913991495966911 0.24964435398578647 -0.048930538818240159 0.20707555115222934 0.50335456430912029 -0.0091814142651855928 0.3114724606275559 0.37498413026332861 0.3354459702968598 0.37446653842926031 0.34873658418655401 0.027611669152975086 0.20095144212245944 0.018419696018099788 -0.027079016901552674
decision_type=2 2 2 2 2 2 2 2 2 2 2 2 2 2 2 2 2 2 2 2 2 2 2 2 2 2 2 2 2 2
left_child=1 2 4 -2 17 7 -3 -5 12 10 11 -4 13 14 24 -15 -11 20 26 -20 -1 27 -23 -13 -8 -14 -19 -6 29 -29
right_child=3 6 9 5 21 -7 8 -9 -10 16 -12 23 25 15 -16 -17 -18 18 19 -21 -22 22 -24 -25 -26 -27 -28 28 -30 -31
leaf_value=-0.0040196723870134692 0.010940280909772157 0.010337112411487832 0.0025264502036621826 0.0025532872087273414 -0.0016936997539295316 0.0073918132916867942 -0.00062422380336460436 0.014796308932926175 0.0038007237600761207 -0.0020437579090353372 0.015163808249163616 -0.0016548631725532316 0.0034741505491574808 -0.0068919136983491445 0.01661496095529446 -0.00066667505690827294 0.0011795508215556539 -0.0072398730543293491 0.0059572811618943998 -0.010252516034594808 -0.010544150077251728 0.00020522379844890233 -0.0033486895839520358 0.0020447491735575613 0.0020543421899987205 0.017215278864413115 -0.00048794584524720647 -0.0017978211184616457 0.0020186572883185588 -0.007160688065902864
leaf_weight=1980.3380573892646 2891.2705768478627 865.30524975857406 9805.2989560689894 30909.647075831555 10330.470033619349 4777.921341958121 13729.865871901289 513.99585236329585 6629.3188066451112 32672.694666066789 318.43019879423082 14938.352146907768 1257.4619529834017 1829.6207177784818 372.25574048236012 17466.544163151411 6402.8106265576789 3997.8882672435502 1060.2054786985682 389.655099078489 3439.7707801320721 13683.270472371107 6840.5591188485851 5162.7477332152484 15276.238126425364 349.241190710105 1560.9240717701614 2300.4305512831197 1426.822527729033 6806.8327937956201
leaf_count=56131 44820 12492 72339 347830 175733 44182 167537 2756 52836 316565 390 207899 8281 40925 1254 317771 52365 101487 17741 9219 111826 268672 155509 51517 188578 1309 39526 42036 26226 128177
internal_value=0 -0.000849274 -0.00164952 0.00392951 -0.00296135 0.00336832 0.000855924 0.00275555 0.00071097 -0.000630602 0.000513206 0.000355056 0.000303243 9.81126e-05 0.000989346 -0.00125848 -0.00151541 -0.00576978 -0.00391255 0.00158152 -0.00816586 -0.0021174 -0.000979492 -0.000704217 0.000786393 0.00649912 -0.00534644 -0.00323611 -0.00474705 -0.00580794
internal_weight=219986 180893 123118 39092.8 53817.2 36201.6 57775.9 31423.6 56910.5 69300.3 30224.8 29906.4 50281.2 48674.5 29378.4 19296.2 39075.5 12428.8 7008.67 1449.86 5420.11 41388.4 20523.8 20101.1 29006.1 1606.7 5558.81 20864.6 10534.1 9107.26
internal_count=3063929 2624341 1833358 439588 1132283 394768 790983 350586 778491 701075 332145 331755 725655 716065 357369 358696 368930 335930 167973 26960 167957 796353 424181 259416 356115 9590 141013 372172 196439 170213
is_linear=0
shrinkage=0.03


Tree=98
num_leaves=31
num_cat=0
split_feature=17 16 17 5 33 22 12 9 6 20 65 11 5 65 72 6 7 4 5 72 7 64 7 6 7 7 7 4 25 5
split_gain=830.133 222.222 214.94 118.849 94.4786 90.9813 82.1899 78.028 73.5468 73.2978 69.7932 65.9074 64.2389 76.1225 116.685 63.7203 70.4642 62.8943 100.281 60.4606 57.9676 57.8291 56.2063 64.8971 52.7276 52.4853 56.1494 52.1259 49.0727 53.6128
threshold=0.53458327054977428 0.61035025119781505 0.22396993637084964 1.1517086625099184 1.0000000180025095e-35 1.0000000180025095e-35 0.56247621774673473 0.48828019201755529 0.029104033485054973 0.88635334372520458 0.010405003093183042 0.31061333417892462 0.68376818299293529 -0.016636070795357224 0.2090081870555878 0.073806658387184157 0.16771389544010165 0.55233678221702587 1.3200441598892214 0.022881638258695606 -0.059700617566704743 -0.98725208640098561 0.68595293164253246 0.10889055579900743 -0.58813345432281483 0.37824505567550665 0.22254069149494174 0.24964435398578647 0.37446653842926031 0.14931328594684604
decision_type=2 2 2 2 2 2 2 2 2 2 2 2 2 2 2 2 2 2 2 2 2 2 2 2 2 2 2 2 2 2
left_child=2 7 3 10 6 15 9 11 -6 28 12 20 -1 25 -15 16 -5 22 -19 24 -2 -17 -7 -24 -3 26 -14 -16 -4 -30
right_child=1 19 4 5 8 17 -8 -9 -10 -11 -12 -13 13 14 27 21 -18 18 -20 -21 -22 -23 23 -25 -26 -27 -28 -29 29 -31
leaf_value=-0.00092581065026129479 0.0065063989459264275 0.02473571999661343 -0.0011945594157373599 -0.0041327118190846298 0.0069769068198378354 -0.0051873298923110107 0.022919208706584225 0.010727544161429169 0.0009715138645008559 0.0081336800750962165 -0.00024538741315401904 0.013679051034722702 -0.00078474134705838544 -0.0033813495990859988 -0.013856782541103592 0.0050984959681673004 -0.021108953161889713 -0.0080383864557143619 0.018362851264282894 0.0029612767058379125 0.001845767194422429 -0.0088112792851465262 -0.0047715759564477198 0.020239984486046188 0.0088643126338219976 0.0031452628238142835 -0.0062123340009040398 -0.0065531083322291567 0.0043216268146574408 -0.00019530374605906321
leaf_weight=11855.546938440209 2525.7356246975251 193.04643808060791 67175.249383001414 321.7944805847219 2057.4055027232971 5551.7678135050955 128.09822813142091 976.19477552175522 16792.609489699753 821.11418760428205 14767.449915435107 440.94885347224772 4988.0580811711552 9488.4779447228357 1559.1055692254158 311.63362011557911 713.22173274445231 232.77389153669355 282.49973394116387 1702.5633429669833 48147.765403369485 1846.1864287346107 198.31039374586544 170.06919660523999 5415.7340711409197 1718.6664348512713 2613.6196587504819 2052.9241114328615 2967.9327902989462 11570.453103107691
leaf_count=125451 30295 2162 788927 19422 16696 148064 465 6510 189010 2642 275110 2086 102139 169918 54166 6029 21244 9862 4749 29824 631273 74238 4838 3266 74124 35936 57225 60788 14903 102567
internal_value=0 0.0030289 -0.00112327 -0.00256869 -0.000287729 -0.00561577 -0.000724822 0.00234096 0.00162856 -0.000762682 -0.00196999 0.00217988 -0.00271277 -0.00365713 -0.00513146 -0.00975463 -0.0158715 -0.00355686 0.00645743 0.00792566 0.00207865 -0.00679462 -0.00443301 0.00685676 0.00942863 -0.00158304 -0.00265374 -0.00971877 -0.000852528 0.000727429
internal_weight=219587 59402 160185 58672.1 101513 9628.26 82662.8 52090.6 18850 82534.7 49043.8 51114.4 34276.4 22420.9 13100.5 3192.84 1035.02 6435.42 515.274 7311.34 50673.5 2157.82 5920.15 368.38 5608.78 9320.34 7601.68 3612.03 81713.6 14538.4
internal_count=3063929 776274 2287655 1172445 1115210 291712 909504 670164 205706 909039 880733 663654 605623 480172 284872 120933 40666 170779 14611 106110 661568 80267 156168 8104 76286 195300 159364 114954 906397 117470
is_linear=0
shrinkage=0.03


Tree=99
num_leaves=31
num_cat=0
split_feature=17 17 75 55 19 74 19 7 6 64 2 6 6 4 1 7 7 4 3 19 15 22 75 7 6 75 7 75 14 4
split_gain=807.091 241.517 202.693 110.937 102.826 95.8773 89.7456 78.5768 76.34 70.3448 79.6946 72.1233 124.239 125.896 104.52 101.714 70.6431 69.3865 84.745 60.9626 60.8528 57.286 80.6637 55.1697 54.1574 83.906 57.5251 53.1002 52.8245 52.7796
threshold=0.56247621774673473 0.31061333417892462 0.028065645135939125 1.0000000180025095e-35 0.4567199051380158 0.36302909255027777 0.20707555115222934 -0.21457178145647046 0.02389999479055405 -0.94547289609909047 -0.14413001388311383 0.088708333671093001 0.10278788954019548 0.3354459702968598 -0.18768164515495298 0.19163800776004794 0.096712969243526473 0.48623421788215643 0.275668814778328 0.35638883709907537 1.0000000180025095e-35 0.14931328594684604 0.22700642794370654 -0.56683048605918873 0.31696049869060522 1.9385456442832949 0.37824505567550665 0.061809331178665168 0.31061333417892462 0.37498413026332861
decision_type=2 2 2 2 2 2 2 2 2 2 2 2 2 2 2 2 2 2 2 2 2 2 2 2 2 2 2 2 2 2
left_child=1 3 -2 5 7 9 27 20 -8 -1 16 14 13 -13 15 -12 23 -14 -19 -16 -4 22 28 -11 25 -5 -26 -3 -15 -9
right_child=2 6 4 24 -6 -7 8 29 -10 10 11 12 17 21 19 -17 -18 18 -20 -21 -22 -23 -24 -25 26 -27 -28 -29 -30 -31
leaf_value=-0.00077175253561306443 0.0094781218463747957 0.0030845196773435406 0.0025663962631659381 0.00062961308800677375 0.0064861382636492437 -0.0080119643170452649 0.0071626587188467787 0.00097431310019846658 0.0012138445444782999 -0.014852329487804135 -0.003956487035599544 -3.6217516873431487e-06 -0.0034376184455250638 -0.011893670869235793 -0.0036747193192513848 -0.017779698391838673 -0.0073373876583286042 -0.0027961867348592728 0.0050397402046772101 0.0066124491833690312 0.01299282779156718 0.0038422387148537595 0.025760916590482547 -0.00036484920858393559 -0.004022668794187661 0.019984092699382668 0.0017769306268868832 -0.00064837323806661129 0.016911771124420657 0.003252001579152218
leaf_weight=15912.574496541485 4412.9257389669219 3636.1396883318812 977.94587410555687 13096.68176119047 5782.4323640303774 2962.1791971510611 2152.8124346097466 22572.552994091704 19525.95459700159 256.10125274001621 980.35921028925804 2573.4189351297682 15007.065209383058 105.16598552651703 9597.4995775233911 940.44776362017728 6370.3500417259929 2836.8446060493006 2203.0802855260554 544.16692327125929 1043.2792160515673 441.3043351584929 411.64841312199133 2626.0713591585445 5128.0483494361542 200.77465324406512 2194.6878157051397 59233.854532938683 116.65724509954453 15416.587342563842
leaf_count=230230 66783 44428 15327 170143 56519 143949 13490 335611 149100 10126 21255 16765 277755 200 124565 15062 139449 62450 34147 2634 9567 6179 1544 57786 126146 1838 34591 703397 64 192829
internal_value=0 -0.000991908 0.00333979 -0.00212608 0.00274738 -0.0027436 0.000141677 0.00220633 0.00180601 -0.00248686 -0.00309298 -0.00245013 -0.00148811 0.00360092 -0.0043384 -0.0107497 -0.00557475 -0.00241498 0.000629486 -0.00311991 0.00796538 0.0122037 0.017961 -0.00167252 -0.000212543 0.000928101 -0.00228384 -0.000432224 0.00326646 0.001899
internal_weight=219260 169054 50205.7 84505.1 45792.8 63884.9 84548.8 40010.4 21678.8 60922.8 45010.2 35757.7 23695.2 3648.19 12062.5 1920.81 9252.52 20047 5039.92 10141.7 2021.23 1074.78 633.472 2882.17 20620.2 13297.5 7322.74 62870 221.823 37989.1
internal_count=3063929 2387293 676636 1476878 609853 1144160 910415 553334 162590 1000211 769981 562620 399104 24752 163516 36317 207361 374352 96597 127199 24894 7987 1808 67912 332718 171981 160737 747825 264 528440
is_linear=0
shrinkage=0.03


Tree=100
num_leaves=31
num_cat=0
split_feature=16 55 26 16 72 7 7 4 5 19 6 73 15 73 13 5 52 4 36 20 73 6 7 7 7 1 1 72 7 19
split_gain=757.114 253.382 196.718 159.252 145.475 94.3191 140.89 101.064 95.1505 80.8852 76.765 70.5491 67.5147 67.0587 61.9885 61.7114 61.4074 68.7491 67.0593 61.4016 61.0504 75.7634 89.0346 64.3159 63.051 60.754 60.6429 57.6061 71.6878 58.4053
threshold=0.42514967918396002 1.0000000180025095e-35 0.22396993637084964 0.61035025119781505 0.18423765897750857 0.041677778586745269 0.44318099319934851 0.55233678221702587 1.3200441598892214 0.2834331095218659 -0.039470683783292763 0.11768365278840066 0.63123199343681347 0.042730914428830154 0.46720869839191442 1.1793718934059145 0.24964435398578647 0.73137298226356517 0.51887804269790661 1.133175849914551 0.15495193749666217 0.038979940116405494 0.37824505567550665 0.24966152012348178 -0.41662734746932978 -0.71180054545402516 0.43639770150184637 0.024863399565219883 -0.06856480240821837 0.52258238196372997
decision_type=2 2 2 2 2 2 2 2 2 2 2 2 2 2 2 2 2 2 2 2 2 2 2 2 2 2 2 2 2 2
left_child=1 2 4 27 13 -6 7 10 -9 14 -7 -4 -5 -1 20 -12 17 19 -18 -13 -3 23 26 24 -22 -15 -23 28 -2 -30
right_child=3 9 11 12 5 6 -8 8 -10 -11 15 16 -14 25 -16 -17 18 -19 -20 -21 21 22 -24 -25 -26 -27 -28 -29 29 -31
leaf_value=0.0032982180939615125 0.011637458004359669 0.0014675268053364202 0.0016877474740766641 0.0070568501396916661 -0.0013419666284439045 0.00080684590520147675 -8.265375290223136e-05 -0.0056947207193054168 0.019911934730748624 0.0038858192562326401 -0.0089075556867876625 -0.0012917910644971878 0.019060017223020111 -0.015887931577927339 0.0061878310761579484 -0.015251090906421263 0.0032030945279927941 -0.0096103987620918645 -0.0017421529516846767 0.024689200229895986 0.0070312603994755604 -0.0021479222311655329 0.0011596939399905251 0.0117051623658842 -0.0017154586055268943 -0.0021787255445789122 -0.010015518429446577 0.0010152541544769531 0.0026933957852913444 0.0071479113750357506
leaf_weight=2031.0301471563871 988.59143567411229 20520.320123872065 11913.378123741568 6795.3118628512893 3439.066788323631 542.85504425481486 2012.2687930295651 378.03028834302677 194.47572980792029 6828.021199321418 4391.9939181346563 37798.026368096384 448.11313053817139 288.99512792137102 1613.3126955386251 2038.4202640971052 6039.6889161787694 899.52433328842744 4166.5495645607589 78.037522498518229 1160.2101031484199 15158.247171756098 8697.5569171014358 663.0470894947648 2039.4746227737924 46240.600319739518 933.09996806827257 10153.891898626054 17327.133993832787 3128.3775741625432
leaf_count=23629 8365 300415 120159 99158 117746 25025 65013 17016 3659 55890 106553 482218 6952 3818 9644 85771 61506 13677 51615 56 12575 250014 115138 2831 25649 655897 18827 134449 163839 26825
internal_value=0 -0.000819431 -0.00159134 0.00379852 -0.00278724 -0.00560607 -0.00713866 -0.00901868 0.00307365 0.000821128 -0.0100133 -0.00038226 0.00781015 -0.00203229 0.000408722 -0.0109274 -0.000885916 -0.00143091 0.00118394 -0.00123554 0.000218532 -0.000675922 -0.00128511 0.00322967 0.00145953 -0.00226533 -0.0026068 0.00287789 0.0037593 0.00337613
internal_weight=218908 180066 122453 38841.4 61557.7 12997.1 9558.04 7545.78 572.506 57613.3 6973.27 60895.2 7243.42 48560.6 50785.3 6430.41 48981.8 38775.6 10206.2 37876.1 49172 28651.6 24788.9 3862.73 3199.68 46529.6 16091.3 31598 21444.1 20455.5
internal_count=3063929 2624341 1833358 439588 1104127 420783 303037 238024 20675 790983 217349 729231 106110 683344 735093 192324 609072 495951 113121 482274 725449 425034 383979 41055 38224 659715 268841 333478 199029 190664
is_linear=0
shrinkage=0.03


Tree=101
num_leaves=31
num_cat=0
split_feature=17 17 19 55 25 72 16 73 7 7 3 52 36 7 7 7 6 14 72 6 73 6 4 7 15 6 6 32 61 66
split_gain=771.042 223.732 188.522 100.995 88.8367 112.151 88.0258 84.0064 82.9924 98.4782 128.07 81.5892 95.2765 75.1812 73.0362 73.7492 95.2433 70.6119 69.5499 64.6506 63.8295 60.9799 59.1579 59.3893 56.7344 55.7979 55.6531 131.261 71.294 54.7158
threshold=0.56247621774673473 0.31061333417892462 0.39170669019222265 0.31061333417892462 1.0000000180025095e-35 0.77360838651657116 0.63123199343681347 0.031544998288154609 0.041677778586745269 0.4467186182737351 0.20095144212245944 1.0000000180025095e-35 0.66635978221893322 -0.21457178145647046 0.24802097678184512 0.24397265166044238 0.086228664964437499 0.65050083398818981 0.19787062704563144 0.31696049869060522 2.0014710426330571 0.3775490671396256 0.48623421788215643 0.22727322578430179 1.0000000180025095e-35 0.085185207426548018 0.27632133662700659 0.66012796759605419 -0.25863888859748835 0.011110922787338497
decision_type=2 2 2 2 2 2 2 2 2 2 2 2 2 2 2 2 2 2 2 2 2 2 2 2 2 2 2 2 2 2
left_child=1 3 13 4 5 8 -4 -3 -1 10 14 18 -13 24 15 25 -17 26 -12 20 -5 -6 -23 -24 -2 -10 27 -9 -28 -15
right_child=2 7 6 19 21 -7 -8 17 9 -11 11 12 -14 29 -16 16 -18 -19 -20 -21 -22 22 23 -25 -26 -27 28 -29 -30 -31
leaf_value=-0.0007830839562616615 0.00262903050991176 0.0052913730617502189 0.0051499700318858267 0.0024523856810766574 -0.0019045107749974684 -0.014992905581484958 0.011332800711028957 9.0187108026016998e-06 -0.005201977669656889 -0.00062267214755418621 -0.0057220768090495014 -0.0025087019336166622 -0.012141736150200427 0.0024783870699178869 -0.0066772635003408349 0.014858519082713269 -0.0056725819510007949 0.0034237868818610068 -0.011244016478778528 -0.0017782586760230949 0.02285832705376235 -0.0017566825686785789 -0.0051669178553012413 0.0058723720580031759 0.01248270518366414 0.00066209255398970294 -0.0066524599453012551 0.0064669933804325586 -0.00079157021428305377 -0.00085600360968236572
leaf_weight=9965.9258460761484 1000.910636231536 2733.2362380910345 7377.9837811504258 5241.5800623369869 26442.765496459702 730.79377648848458 2890.0851642284397 35941.181346918689 2423.6269095795287 6399.668622374651 4078.8794485883554 5696.6533532095782 1100.4120100329164 32504.230471523333 2283.9846566828783 569.30467233806849 312.05394777480979 4938.6182573388796 4173.7027827448328 4862.8132407043013 137.84442815394141 2846.2697000090266 516.73804082314018 2786.9687935569091 1113.6170803323621 3660.520919007482 1967.6626212228439 3071.0684747752966 35667.620149347233 5123.6019916222285
leaf_count=239345 15774 31520 72954 65452 299982 42343 42384 308206 31312 146155 58651 120521 35402 443182 52185 2259 6026 30044 131473 106152 1073 49983 11165 26973 11220 50426 29774 26364 484507 91122
internal_value=0 -0.00097061 0.00327106 -0.00206415 -0.00245066 -0.00337309 0.00689438 0.000121773 -0.0031627 -0.00393486 -0.00480677 -0.0065141 -0.00407513 0.0023342 -0.0020267 -0.000498183 0.00759141 -5.16104e-05 -0.00851941 0.000727297 0.00299271 -0.00127868 0.00141095 0.00414018 0.00783437 -0.00167501 -0.000275766 0.000518121 -0.00109879 0.0020242
internal_weight=218560 168550 50010.4 84230.5 73988.3 41395.5 10268.1 84319.4 40664.7 30698.8 24299.1 15049.6 6797.07 39742.4 9249.49 6965.51 881.359 81586.2 8252.58 10242.2 5379.42 32592.7 6149.98 3303.71 2114.53 6084.15 76647.5 39012.2 37635.3 37627.8
internal_count=3063929 2387293 676636 1476878 1304201 916098 115338 910415 873755 634410 488255 346047 155923 561298 142208 90023 8285 878895 190124 172677 66525 388103 88121 38138 26994 81738 848851 334570 514281 534304
is_linear=0
shrinkage=0.03


Tree=102
num_leaves=31
num_cat=0
split_feature=17 56 75 26 3 18 13 9 18 2 64 3 69 32 36 65 75 69 9 2 27 64 66 22 2 66 70 75 36 32
split_gain=748.957 214.132 193.609 143.963 119.301 117.082 93.7861 87.3043 86.511 73.4746 71.8588 71.494 72.3603 67.4839 72.5706 63.623 62.9632 62.0465 60.574 53.7414 63.6611 51.5186 66.3596 54.1369 50.2973 49.2149 51.0482 48.5362 48.5332 74.0685
threshold=0.56247621774673473 1.0000000180025095e-35 0.029818445444107059 0.22396993637084964 0.049702063202857978 0.22396993637084964 0.42514967918396002 1.0000000180025095e-35 0.70072525739669811 -0.96714979410171498 -0.18713144212961194 0.14620950818061831 -0.58921131491661061 0.24964435398578647 0.55829170346260082 0.0026148593751713638 0.019111314788460735 -0.93085023760795582 1.0000000180025095e-35 0.13105970621109012 0.4567199051380158 -0.51751914620399464 -0.045767940580844872 1.0000000180025095e-35 -0.0016645679133944211 0.0045538083650171765 -0.018230828456580635 0.016084345057606701 0.46715016663074499 0.48623421788215643
decision_type=2 2 2 2 2 2 2 2 2 2 2 2 2 2 2 2 2 2 2 2 2 2 2 2 2 2 2 2 2 2
left_child=1 3 27 5 16 11 10 17 -9 -8 -6 -1 19 -5 24 -12 -3 -4 -18 20 -13 22 -7 -24 -15 26 -14 -2 -21 -30
right_child=2 4 7 13 6 21 9 8 -10 -11 15 12 25 14 -16 -17 18 -19 -20 28 -22 -23 23 -25 -26 -27 -28 -29 29 -31
leaf_value=-0.0012034513879032476 0.013841505366932827 0.012980034626379882 0.0034484841422338462 -0.0012862264185899816 2.6511916834408109e-06 -0.001846628004219115 0.026441905848058209 0.0079600562416142998 0.0024526144222423601 0.0032928832683555066 -0.003596781004703991 -0.0081269724052673541 -0.0048030131546679721 9.0479212689712304e-05 -0.0021227397132698731 0.00015334485393988514 0.0011468112492042284 0.00084727442162041335 0.0055187769251128314 -0.0029131747328641341 0.029611103677398821 -0.0034555918480165355 0.014480716709405646 0.0016292600541832781 0.0059690513355413477 -0.0057433495604042699 -0.015398699857605244 0.0070613543616478121 0.019705419636689387 -0.011405511979245952
leaf_weight=2161.9665317364197 1279.6724184999621 487.7565223218844 13634.240960043971 36463.515821195761 37392.496986147176 16404.350082779769 123.74107694253325 4805.957315830281 5522.6940254930814 3799.3324486303609 11800.866759462631 2285.5803912798947 534.95674909334048 2130.9395424999529 2937.5311804107332 6211.3914455390477 13289.306807526678 20925.881502221557 3630.3547685606172 1300.6898602875299 37.063604473602027 18354.235463122815 353.71489504444617 1697.6436496603419 3402.8824503101932 1319.7395061680727 1825.0357104657014 3782.3632184242306 218.50320813164581 96.435822115803603
leaf_count=15429 21069 7135 165763 429374 542707 262396 277 44013 72697 22792 221605 62131 17547 23663 35079 107762 115417 318419 23217 33383 299 291659 577 17656 27203 54581 70211 54675 2874 2319
internal_value=0 -0.000957628 0.0032256 -0.00193754 0.00021113 -0.00310599 -0.000429578 0.00259776 0.00501777 0.00405038 -0.000747143 -0.00602352 -0.0073895 -0.000725787 0.00168547 -0.00230358 0.00239464 0.00187388 0.00208623 -0.00455403 -0.00747296 -0.00233014 -0.00121013 0.00387129 0.00370787 -0.0104147 -0.013011 0.00878583 -0.000346865 0.0101414
internal_weight=218211 168260 49950.8 91524.8 76735.2 46589.9 59327.8 44888.8 10328.7 3923.07 55404.8 9779.97 7618 44934.9 8471.35 18012.3 17407.4 34560.1 16919.7 3938.27 2322.64 36809.9 18455.7 2051.36 5533.82 3679.73 2359.99 5062.04 1615.63 314.939
internal_count=3063929 2387293 676636 1346381 1040912 831062 895143 600892 116710 23069 872074 258774 243345 515319 85945 329367 145769 484182 138634 101006 62430 572288 280629 18233 50866 142339 87758 75744 38576 5193
is_linear=0
shrinkage=0.03


Tree=103
num_leaves=31
num_cat=0
split_feature=17 16 26 3 18 73 5 15 3 69 22 66 5 24 72 11 32 61 19 70 71 1 70 20 61 3 36 69 3 73
split_gain=728.731 206.594 198.298 174.381 107.954 103.173 89.7796 73.4297 71.6053 71.5095 75.7206 93.013 87.2609 71.4042 64.8543 60.9462 55.7709 88.3918 55.5581 54.8377 53.473 60.603 55.693 53.0293 52.8614 51.8622 47.6341 47.5381 45.6045 45.5612
threshold=0.53458327054977428 0.58756005764007579 0.31061333417892462 0.17248411476612094 0.22396993637084964 0.019819206558167938 0.14931328594684604 0.61035025119781505 0.025666924193501476 -0.57819780707359303 1.0000000180025095e-35 -0.13998515158891675 0.6084289848804475 0.56247621774673473 0.77360838651657116 0.31061333417892462 0.24964435398578647 -0.84049183130264271 0.14931328594684604 0.0098255579359829443 -0.25554260611534113 0.43639770150184637 -0.018230828456580635 1.0470444560050967 -0.13572713732719419 0.063731409609317793 0.77644994854927074 -0.86319562792778004 0.020218890160322193 0.15306936204433444
decision_type=2 2 2 2 2 2 2 2 2 2 2 2 2 2 2 2 2 2 2 2 2 2 2 2 2 2 2 2 2 2
left_child=2 8 3 5 14 -1 13 -3 -2 10 11 27 25 29 20 -10 -8 -18 -11 23 21 -5 -22 -6 -23 -13 -19 -7 -14 -4
right_child=1 7 6 4 19 9 16 -9 15 18 -12 12 28 -15 -16 -17 17 26 -20 -21 22 24 -24 -25 -26 -27 -28 -29 -30 -31
leaf_value=0.0099537066322920396 0.0040516030381064884 0.0061732768852340355 0.0047208927298217716 -0.0014582290107502944 -0.0030183957906889125 0.011028902889554239 -0.0010864076592161389 0.016728869017496172 0.0012828553243870908 -0.0025602463626527381 0 0.0056540337980150552 -0.015975710530449945 0.011377475522565012 -0.014505736697371764 0.013320319531727614 0.016231483410620799 0.0017098725294061945 0.00038382744265047855 -3.2307384433158674e-05 -0.0012069578711983134 -0.017495583403107886 -0.0086781618789396296 0.021038356283183235 -0.0040833955341750315 -0.025391222518757479 -0.00092418284563465871 0.036705966478265593 0.0070969861117925409 0.00013612227906844776
leaf_weight=815.27451959124301 12276.113589436587 8958.2991858297319 3488.4850186172407 4467.5005766143586 29523.17406435986 154.87183959921822 30702.884019623656 633.74818751116982 36660.151630795663 19921.256295341969 14142.270104969415 72.438706526532769 77.27870695758611 833.0722390091978 700.90020829578862 378.64091731607914 326.13364805933088 14748.255094740598 8114.9364836204331 7204.4173707379086 1126.3972209558997 428.13372809244902 4480.3719565186038 78.713106403127313 693.54709784532315 133.74435659684241 10626.377714277449 115.46872293762863 1561.1220169625012 4424.3580974205397
leaf_count=10596 118271 125102 17344 98108 521528 266 390178 9528 521628 273728 203115 67 237 4186 43615 1745 1674 150647 51069 125264 30929 13315 140169 140 17427 174 166430 95 4328 23026
internal_value=0 0.00285005 -0.0010562 -0.00193918 -0.00318391 -0.000594995 0.000215209 0.00687784 0.00206604 -0.00079014 0.000792511 0.00608127 0.00364568 0.00304268 -0.00566828 0.00140746 -0.000223322 0.000807579 -0.00170801 -0.00238024 -0.00510964 -0.00302838 -0.00717993 -0.00295144 -0.00925066 -0.0145626 0.000606635 0.0223879 0.00596971 0.00215931
internal_weight=217868 58907 158961 93811.8 48703.2 45108.7 65149.6 9592.05 49314.9 44293.4 16257.2 2114.92 1844.58 8745.92 11896.9 37038.8 56403.7 25700.8 28036.2 36806.3 11196 5589.18 5606.77 29601.9 1121.68 206.183 25374.6 270.341 1638.4 7912.84
internal_count=3063929 776274 2287655 1534170 990495 543675 753485 134630 641644 533079 208282 5167 4806 44556 343563 523373 708929 318751 324797 646932 299948 128850 171098 521668 30742 241 317077 361 4565 40370
is_linear=0
shrinkage=0.03


Tree=104
num_leaves=31
num_cat=0
split_feature=17 17 16 26 39 74 6 12 6 52 73 15 6 6 6 5 22 15 2 18 4 36 4 56 34 1 6 6 17 27
split_gain=712.149 208.687 177.527 130.682 119.785 92.2279 81.9659 81.9337 73.5627 93.4966 73.1263 70.1191 66.2165 83.3662 91.6138 90.3775 71.4458 64.3539 64.0069 60.8506 60.491 67.7492 57.2847 55.6052 55.4005 54.3181 54.1667 49.8524 57.8321 49.9546
threshold=0.56247621774673473 0.37446653842926031 0.61035025119781505 0.22396993637084964 1.0000000180025095e-35 0.53071638941764843 0.32805556058883673 0.37446653842926031 0.2937582284212113 0.52612900733947765 0.1318735480308533 1.0000000180025095e-35 0.073806658387184157 0.14687036722898486 0.39159533381462103 1.3265168666839602 0.2834331095218659 0.56247621774673473 -0.092840768396854387 0.68507987260818493 0.3114724606275559 0.2834331095218659 0.49501426517963415 0.72935134172439586 0.31061333417892462 0.041822923347353942 0.38167145848274237 0.13976801186800006 0.22396993637084964 0.2834331095218659
decision_type=2 2 2 2 2 2 2 2 2 2 2 2 2 2 2 2 2 2 2 2 2 2 2 2 2 2 2 2 2 2
left_child=1 3 11 4 5 10 23 -5 9 24 -1 -2 16 20 26 -16 -12 -4 -10 -13 27 -22 -17 -6 -3 -8 -15 -14 29 -29
right_child=2 8 17 7 6 -7 25 -9 18 -11 12 19 13 14 15 22 -18 -19 -20 -21 21 -23 -24 -25 -26 -27 -28 28 -30 -31
leaf_value=-0.00010827010202665685 0.00090165655302684895 0.00064377868223942762 0.006295046940819813 -0.00078783554616094033 -0.0004422241754280864 -0.014850985589787074 -0.0019714472257839739 0.0097112587531361164 -0.0033367526639671366 0.0077819194904397669 -0.0097141485512626455 0.0054893984018300149 -0.0033069365083830591 -0.0060360816985239422 -0.002607614271274713 -0.0088026678106891947 -0.0038718232151929714 0.014162283730536492 6.8675312747613277e-05 0.0023838636458950713 0.0075939111537324843 -0.0030186004459191859 0.01957277048819318 0.0064085884411621838 0.0054004481864720778 -0.0082777085639142052 -0.0146396268038309 0.006860682695909899 -0.0084573336312666562 0.033885839771507005
leaf_weight=4485.6854263594469 16734.56560083192 27082.190220118035 6038.605292834196 49101.79060992731 15001.244426862526 674.15780845146219 3426.4296648710588 674.16252253483981 6161.3620048235171 1966.3445649093483 3574.5029111525109 8418.7464581993117 7124.8034147899016 7173.7334688297342 2400.7561508475628 79.45760617396445 4004.9268303623539 1109.9072074513824 25550.994059002653 17499.844807365196 1250.9109109583369 948.42970891742152 285.0511426050216 1143.843510035018 2395.5654955036589 1918.4714230330137 725.19849306618562 330.95779589033918 174.59448500839062 72.820918785408139
leaf_count=48331 291971 235604 89872 659958 225332 51924 73920 3428 83206 12073 75701 76171 71127 196759 73390 3076 70993 16238 326670 202384 23629 17325 4375 16416 21403 59553 26672 4718 1521 189
internal_value=0 -0.000935341 0.00314998 -0.00175769 -0.00276845 -0.0038951 -0.00102171 -0.000644777 0.000426232 0.00145441 -0.00366683 0.0024161 -0.00423371 -0.00334876 -0.00518901 -0.000486698 -0.00663136 0.00752441 -0.000593157 0.00339345 -0.00136522 0.00301822 0.0133467 4.43291e-05 0.00103117 -0.00424032 -0.00683355 -0.00261824 0.00582229 0.0120303
internal_weight=217530 167728 49801.7 104572 54796 33306 21490 49776 63156.5 31444.1 32631.8 42653.2 28146.1 20566.7 10664.2 2765.26 7579.43 7148.51 31712.4 25918.6 9902.52 2199.34 364.509 16145.1 29477.8 5344.9 7898.93 7703.18 578.373 403.779
internal_count=3063929 2387293 676636 1708337 1044951 669730 375221 663386 678956 269080 617806 570526 569475 422781 304272 80841 146694 106110 409876 278555 118509 40954 7451 241748 257007 133473 223431 77555 6428 4907
is_linear=0
shrinkage=0.03


Tree=105
num_leaves=31
num_cat=0
split_feature=16 73 26 75 19 66 72 38 6 13 7 21 29 6 9 32 32 15 27 7 7 6 7 61 36 61 72 6 1 61
split_gain=681.422 267.783 196.438 139.741 124.587 118.208 96.0108 84.8581 105.564 84.3328 75.5614 73.5043 69.891 62.0257 57.5832 56.8719 56.777 56.0757 52.0279 50.9661 54.9456 130.463 69.7525 87.8714 52.2882 51.7109 50.8218 53.9951 50.1477 50.0586
threshold=0.46720869839191442 0.13829530030488971 0.31061333417892462 0.021746934391558174 0.49501426517963415 0.0010059467167593541 0.77360838651657116 1.0000000180025095e-35 0.32805556058883673 0.50316895544528972 -0.21457178145647046 0.2834331095218659 1.0000000180025095e-35 0.46734222769737249 0.83943474292755138 0.24964435398578647 1.0936229228973391 0.58756005764007579 1.1114771962165835 0.66874989867210399 0.23264190554618838 0.073806658387184157 0.24667835235595706 0.31329004466533666 0.84844553470611583 -0.23802576214075086 0.090899396687746062 0.10889055579900743 -0.19286596775054929 -0.84049183130264271
decision_type=2 2 2 2 2 2 2 2 2 2 2 2 2 2 2 2 2 2 2 2 2 2 2 2 2 2 2 2 2 2
left_child=1 3 6 -1 10 12 7 11 16 15 -2 19 13 18 -12 -4 -9 -6 -5 20 24 -22 23 25 -3 -23 -21 -28 -27 -17
right_child=4 2 9 5 17 -7 -8 8 -10 -11 14 -13 -14 -15 -16 29 -18 -19 -20 26 21 22 -24 -25 -26 28 27 -29 -30 -31
leaf_value=0.010838458719410025 0.010284989554039442 -0.0029040096747120262 -0.0012325609726223021 0.001256790962490566 0.0070546038639785341 -0.0021847113720306292 -0.012111377383909411 0.00054557937431082141 -0.0041325633553393592 0.0051733821693607466 0.0027120038441134364 -0.0014911840412588253 0.0054859912291554012 -0.0029815755945087909 0.017664300645136344 0.013417519202257019 0.017252322665791516 0.015773294936846333 0.015022716584365629 -0.0058723082427267308 -0.013428433894000709 -0.017767698039566619 -0.0060251484000059339 -0.019673963019360044 -0.014773281951065552 -0.0093713834172520043 -0.0024727912515979836 0.011105068218811305 0.0031162841220026215 0.000613235085225751
leaf_weight=1256.5521102938364 1311.2600142132724 18807.53832528217 29215.04450788477 43960.749810890469 5085.8693304509216 10289.200095983571 916.82677467323083 13388.255929612555 5557.939965061465 2601.0903075910173 21389.36371771773 18736.901967310245 3411.2996629397385 3210.3689456337015 230.61325261369348 274.27592595899478 181.64770835218951 765.48261192566133 244.59586953418329 572.22510938707273 1689.1240220513428 125.7835397835006 7338.0938569318532 199.43943119731557 336.57019821164431 325.01632118457928 465.13235410480411 599.35023081544932 2399.1533461766667 22339.562413942651
leaf_count=18553 15213 362237 369266 501560 54360 175391 49075 172646 124939 12889 260835 263631 30790 57841 1052 1595 712 11302 538 6796 24263 3775 206231 5087 13820 3308 13477 14657 17329 270761
internal_value=0 -0.000656703 -0.00145216 0.000951008 0.00429898 0.000746951 -0.00248434 -0.0023588 -0.000651619 -9.3471e-05 0.00330058 -0.00299152 0.00134064 0.00104187 0.00287494 -0.00035826 0.000774567 0.00820596 0.00133441 -0.00384666 -0.00411721 -0.00570249 -0.00444104 -0.000624664 -0.00311596 0.000732533 0.00130883 0.00518088 0.0016132 0.000771079
internal_weight=217224 188442 126069 62372.8 28782.6 61116.2 71639 70722.2 19127.8 54430 22931.2 51594.3 50827 47415.7 21620 51828.9 13569.9 5851.35 44205.3 32857.4 31220.7 12076.6 10387.5 3049.39 19144.1 2849.95 1636.71 1064.48 2724.17 22613.8
internal_count=3063929 2721167 1936494 784673 342762 766120 1281983 1232908 298297 654511 277100 934611 590729 559939 261887 641622 173358 65662 502098 670980 636050 259993 235730 29499 376057 24412 34930 28134 20637 272356
is_linear=0
shrinkage=0.03


Tree=106
num_leaves=31
num_cat=0
split_feature=17 15 15 5 73 4 3 7 18 7 4 12 9 14 16 20 1 69 7 3 7 7 6 7 18 2 22 74 40 1
split_gain=683.948 191.331 184.083 133.777 105.774 94.7649 94.0616 76.8272 76.3766 74.8459 68.8383 64.8272 59.467 59.2988 59.2036 57.9482 56.9549 52.7333 52.5679 71.0464 86.9839 86.6963 65.6863 100.136 56.8676 71.5874 78.0387 64.0477 60.2909 56.4894
threshold=0.53458327054977428 0.42514967918396002 1.0000000180025095e-35 1.1000917553901675 0.070205211639404311 0.14931328594684604 0.025666924193501476 -0.35921296477317805 1.0000000180025095e-35 -0.06856480240821837 0.3354459702968598 0.56247621774673473 1.0000000180025095e-35 0.56247621774673473 0.65050083398818981 0.88635334372520458 -0.30610413849353785 -0.50685647130012501 -0.41249345242977137 0.2035058066248894 0.27237541973590856 0.22727322578430179 0.042795777320861823 -0.42036959528923029 0.53458327054977428 0.16061510890722278 0.41415111720561987 1.0000000180025095e-35 0.14931328594684604 -0.13339651376008985
decision_type=2 2 2 2 2 2 2 2 2 2 2 2 2 2 2 2 2 2 2 2 2 2 2 2 2 2 2 2 2 2
left_child=2 6 3 5 -4 12 9 -5 16 -2 -8 15 -1 18 -3 -6 -9 -10 22 -20 21 -21 -7 -24 28 27 29 -26 -23 -27
right_child=1 14 4 7 11 13 10 8 17 -11 -12 -13 -14 -15 -16 -17 -18 -19 19 20 -22 24 23 -25 25 26 -28 -29 -30 -31
leaf_value=-0.0028005503730484369 0.013564288273829611 0.00584389453103104 0.0040099137695089439 0.0010531455962136946 -0.00025459894725435626 0.0055382110422992166 0.00020293935651149423 -0.0019118795164832253 -0.0023786881305553134 0.0038184078199398489 0.0027134449999391668 0.018177002663503885 -0.010313133475411383 0.0021847892165440482 0.012316052273837351 0.010253476873822323 -0.012779797917608967 -0.0059928750066514363 -7.2947644318727879e-05 -0.0018953569719869794 -0.00024912240970349569 -0.0091158808181438372 -0.0044331510847653169 0.0041195650228734344 -0.01998380673084503 0.040777657037275192 0.00060908846183440918 -0.003361193080465944 0.0014337411698007287 0.0016673201256671344
leaf_weight=15900.62066766416 749.06439101061551 4134.3133367777045 6538.6041029812041 2390.4968418500794 44444.103182872379 2332.2570003664441 19759.014868566184 595.27569164206216 8599.4275043867819 12541.007555159318 19567.270618261711 170.51595434173942 1005.8447296926752 5695.6607552628266 1848.3316341989994 473.3818784900941 1624.0793563692423 6307.5894563288311 24086.262084180853 12783.976780025987 12584.321108531614 4281.3009276565863 2717.4847024384944 2246.9881953348522 228.15213564829901 84.136584828607738 474.69243593350984 2106.1704213623307 548.19480708683841 54.322756143286824
leaf_count=236794 7328 40940 52908 65451 336027 30598 320498 28672 173761 128602 249693 665 21197 55793 29213 1288 88211 153444 379395 222120 220674 76084 58858 28841 1323 72 7829 37856 9620 174
internal_value=0 0.00276868 -0.00102511 -0.00173695 0.000445285 -0.00123389 0.00219015 -0.00398184 -0.00468497 0.00437197 0.00145234 -7.18628e-05 -0.00325011 -0.000748261 0.00785111 -0.000142852 -0.00987551 -0.00390945 -0.00100734 -0.00131312 -0.00221409 -0.00341625 0.00138986 -0.000560969 -0.0059135 -0.00262247 0.00646812 -0.00501919 -0.00791727 0.0259425
internal_weight=216873 58599 158274 106647 51626.6 87130.4 52616.4 19516.9 17126.4 13290.1 39326.3 45088 16906.5 70223.9 5982.64 44917.5 2219.36 14907 64528.3 57231.5 33145.3 20560.9 7296.73 4964.47 7776.97 2947.47 613.152 2334.32 4829.5 138.459
internal_count=3063929 776274 2287655 1896767 390888 1387228 706121 509539 444088 135930 570191 337980 257991 1129237 70153 337315 116883 327205 1073444 955147 575752 355078 118297 87699 132958 47254 8075 39179 85704 246
is_linear=0
shrinkage=0.03


Tree=107
num_leaves=31
num_cat=0
split_feature=17 55 75 26 3 20 6 74 57 19 4 6 5 69 22 66 1 1 64 12 15 9 9 6 18 18 74 1 73 69
split_gain=668.455 197.31 181.003 156.16 148.079 98.3853 94.302 90.3562 88.7447 87.1978 86.5223 84.0942 73.1121 70.1687 72.5137 99.1918 79.4265 94.52 67.1891 65.3501 61.1885 60.9499 60.7055 78.3291 59.9065 59.8593 70.6639 58.6433 57.2894 57.1628
threshold=0.56247621774673473 0.31061333417892462 0.029818445444107059 0.37446653842926031 0.17248411476612094 1.0470444560050967 0.2937582284212113 0.6980571746826173 1.1646749377250674 0.55233678221702587 0.20707555115222934 0.1247580610215664 0.3114724606275559 -0.57819780707359303 1.0000000180025095e-35 -0.11227498948574065 -0.05666070990264415 -0.044476905837655061 -0.99011483788490284 0.46720869839191442 1.0000000180025095e-35 1.0000000180025095e-35 1.0000000180025095e-35 0.035759277641773231 0.63123199343681347 0.58756005764007579 0.0393341463059187 0.50776728987693798 0.062478423118591316 -0.909998059272766
decision_type=2 2 2 2 2 2 2 2 2 2 2 2 2 2 2 2 2 2 2 2 2 2 2 2 2 2 2 2 2 2
left_child=1 3 -2 4 13 7 8 10 -3 22 18 -10 19 14 15 20 24 -18 -6 -5 25 -20 29 -24 -17 -1 -27 -12 -16 -4
right_child=2 6 9 12 5 -7 -8 -9 11 -11 27 -13 -14 -15 28 16 17 -19 21 -21 -22 -23 23 -25 -26 26 -28 -29 -30 -31
leaf_value=0.016586615401837125 0.0084886609879217603 0.0020724180850995376 0.0029529403206777897 0.0019196431500746445 -0.001653629912975015 0.024020396563784158 3.5289332679994766e-05 -0.016338880188630549 0.0063734974910276227 0.0073140103998624775 -0.0018151298280454271 0.022745487182550761 -0.00055223360839566312 -0.0017488738749892273 0.0041812523847315416 -0.020105940467444679 0.026202972492633803 0.0019071492849368945 -0.0052882545083414922 0.014728622140196721 0.031251109502864985 -0.013167917492709669 0.011141751562689216 0.003126659583268705 0.015802594481761877 -0.029815580411303409 0.014402814564620997 -0.0073891107455772665 -0.00094474597606300102 0.00038849125062385287
leaf_weight=328.66441896161996 4971.3014930751524 8295.0926651644113 13529.474380186875 9006.601081026718 4628.5643694760511 114.9136375375092 18878.383061519067 470.24502444149402 2122.9143806938664 3089.6892851697339 27506.967847892975 323.42450865812134 34889.231754072476 28235.851512757945 2348.6849135155207 211.73980433354154 158.3619350893423 1295.3639439754188 12846.52267502117 369.62886388786137 166.58688481710851 948.21535381942522 1267.2970761503093 8107.9487182368175 48.553865134716034 60.698091521859169 61.75113134086132 1807.9431658005051 11819.882994181913 18554.150111126102
leaf_count=647 75744 86996 169805 50912 49945 147 281550 35840 20542 29823 575249 2104 442313 325352 25661 700 224 3166 236447 1450 60 23492 10294 99219 74 67 93 48627 175635 291751
internal_value=0 -0.00090797 0.00306084 -0.00138697 -0.00208467 -0.00323607 0.00131254 -0.00330313 0.00355607 0.00245432 -0.00317327 0.00857343 7.97607e-05 -0.00084066 0.00071328 0.00561094 0.00187994 0.00462155 -0.00478448 0.00243114 0.0158779 -0.00583387 0.00209138 0.00421487 -0.0132529 0.00996623 -0.00773045 -0.00216001 -9.37654e-05 0.00147028
internal_weight=216465 166945 49519.9 137325 93059.5 48323.4 29619.8 48208.5 10741.4 44548.6 47738.2 2446.34 44265.5 44736.1 16500.3 2331.72 1714.02 1453.73 18423.3 9376.23 617.701 13794.7 41458.9 9375.25 260.294 451.114 122.449 29314.9 14168.6 32083.6
internal_count=3063929 2387293 676636 1996101 1501426 969747 391192 969600 109642 600892 933760 22646 494675 531679 206327 5031 4164 3390 309884 52362 867 259939 571069 109513 774 807 160 623876 201296 461556
is_linear=0
shrinkage=0.03


Tree=108
num_leaves=31
num_cat=0
split_feature=17 56 16 26 3 74 12 25 2 6 37 2 15 1 15 9 53 66 70 73 20 2 70 17 70 4 9 6 71 22
split_gain=649.279 193.827 166.475 120.347 101.447 90.548 67.6996 67.3752 111.002 80.4216 75.882 69.5269 61.7509 56.9337 56.6038 55.3275 51.4575 49.2366 53.2016 48.4563 51.4511 85.3283 63.7316 48.4968 48.376 47.9807 46.7879 46.4009 45.8092 49.4209
threshold=0.56247621774673473 1.0000000180025095e-35 0.61035025119781505 0.22396993637084964 0.049702063202857978 0.18865068256855014 0.50316895544528972 0.31061333417892462 -0.75234407186508168 0.32805556058883673 1.0000000180025095e-35 -0.20236522704362866 1.0000000180025095e-35 -0.71180054545402516 0.56247621774673473 0.37376695871353155 0.24964435398578647 -0.33714999258518213 -0.0083350939676165563 0.1318735480308533 0.84110674262046825 0.032068507745862014 -0.0045907611493021241 0.31061333417892462 4.9402924560126855e-05 0.73137298226356517 0.58348107337951671 0.40422330796718603 0.0085001862607896345 1.4270153045654299
decision_type=2 2 2 2 2 2 2 2 2 2 2 2 2 2 2 2 2 2 2 2 2 2 2 2 2 2 2 2 2 2
left_child=1 3 12 5 15 13 16 9 -9 10 -6 -11 27 -1 -4 -3 25 -7 -19 28 -21 22 -22 -24 -20 -5 -14 -2 -15 -30
right_child=2 4 14 6 7 17 -8 8 -10 11 -12 -13 26 19 -16 -17 -18 18 24 20 21 -23 23 -25 -26 -27 -28 -29 29 -31
leaf_value=-0.013955879761064474 0.0015691114179058414 0.0018699752261086425 0.0061325586666487247 -0.0010688166256201473 -0.0012539725719920756 -0.0023602080621740219 0.018909051576144382 0.020254257067678316 0.00099193520983916774 -0.008587266025123266 0.0018649094936709 -0.0020938769105559446 0.0030479913240204748 0.00052128504319619035 0.013596192554372685 0.0099648943550080266 0.0015772995854147456 -0.0027994684579275889 -0.015269610117584317 -0.0030242776718264058 0.041595849333665537 -0.018569831608232907 -0.015727330974075991 0.0197642575813224 -0.0072435007439602102 -0.0083080110165942647 0.012346218054698226 -0.0027729228921880389 -0.0051078395941291472 0.031368550811949746
leaf_weight=376.4685462283087 14009.205467150488 16432.851601759729 5966.5252493275184 36662.795192928155 19487.552982721027 1862.0730496911565 153.52252354100347 270.19692968577147 15080.268055968831 1705.3182459259406 10968.962298395374 11341.793761512803 25274.208027667977 8061.2081742599039 1082.8816487844015 793.41507346183062 6952.6957711206051 1144.3294709527399 1138.014074028426 29385.181617616938 70.62428466998972 68.534988178405911 50.509736357722431 91.900350253563374 1702.3484810751033 839.28823575307615 493.47206526109949 2626.5484114959545 2008.5804083174444 30.025696461088955
leaf_count=5671 234749 141738 89872 435203 300714 77429 575 978 159781 44135 141309 248226 275220 83901 16238 4031 67141 47735 57937 449540 65 269 157 286 76663 12400 3335 57222 31383 26
internal_value=0 -0.00089565 0.00301857 -0.00183311 0.000220677 -0.00290994 -0.000722676 -0.000371955 0.00133647 -0.000974952 -0.000130457 -0.00294531 0.00230828 -0.00240127 0.00728677 0.0022453 -0.00079227 -0.00639755 -0.00827884 -0.00229038 -0.00290137 0.00977242 0.0190853 0.00705967 -0.0104778 -0.00123182 0.00322812 0.000882794 -0.000494796 -0.00450802
internal_weight=216131 166678 49452.8 90598.1 76080.4 45989.8 44608.3 58854.1 15350.5 43503.6 30456.5 13047.1 42403.4 40143 7049.41 17226.3 44454.8 5846.77 3984.69 39766.6 29666.8 281.569 213.034 142.41 2840.36 37502.1 25767.7 16635.8 10099.8 2038.61
internal_count=3063929 2387293 676636 1346381 1040912 831062 515319 895143 160759 734384 442023 292361 570526 571298 106110 145769 514744 259764 182335 565627 450317 777 508 443 134600 447603 278555 291971 115310 31409
is_linear=0
shrinkage=0.03


Tree=109
num_leaves=31
num_cat=0
split_feature=17 15 57 3 26 74 73 25 2 6 7 7 3 7 36 2 33 1 73 74 4 12 20 70 17 28 28 33 20 6
split_gain=635.76 193.976 166.652 101.153 96.6592 81.7235 79.8512 80.2539 99.6468 74.0411 69.6383 68.3394 128.379 75.8877 78.7568 73.5858 82.4396 71.3499 67.4562 65.8801 62.6789 58.7272 58.0462 66.996 56.7271 56.6718 56.3693 55.7682 54.5128 54.2598
threshold=0.50316895544528972 0.42514967918396002 1.0000000180025095e-35 0.026772505603730682 0.22396993637084964 0.53071638941764843 0.038635572418570525 0.31061333417892462 -0.75234407186508168 0.070009611546993269 -0.06856480240821837 0.25770837068557745 0.19872107356786731 0.20734930038452151 0.3354459702968598 0.36692830920219427 1.0000000180025095e-35 -0.19901648163795468 0.1318735480308533 0.15027627348899844 0.39170669019222265 0.50316895544528972 0.90922018885612499 -0.0041427125688642255 0.31061333417892462 0.14931328594684604 0.24964435398578647 0.46720869839191442 0.69700348377227794 0.073806658387184157
decision_type=2 2 2 2 2 2 2 2 2 2 2 2 2 2 2 2 2 2 2 2 2 2 2 2 2 2 2 2 2 2
left_child=2 3 4 10 5 18 -4 9 -9 27 -2 12 -11 -14 15 16 25 19 -1 -16 -5 26 29 -24 -25 -15 -6 -8 -3 -20
right_child=1 28 6 20 21 -7 7 8 -10 11 -12 -13 13 14 17 -17 -18 -19 22 -21 -22 -23 23 24 -26 -27 -28 -29 -30 -31
leaf_value=-0.0004154243781585905 0.012053721887357299 0.005744736230779271 0.0058968122691968631 0.00026057143051527439 -0.0013995688065086716 -0.013763111563152271 0.00081263039677327445 0.020394505229748866 0.0014311565763907423 -0.00027740952477524816 0.0034643141312050256 0.00012137283641035004 -0.0031147026232217459 0.0012057746267382656 0.0029765345313296676 -0.033770060869447296 0.02701653580633414 -0.013777251170084114 -0.0056856820838035102 -0.019953560348591734 0.0025091202638256871 0.020215339637781844 0.03361068020524751 -0.025498206784716704 0.012923228877470197 -0.027879859807843854 0.0022021333558039373 0.012189823174514927 0.012127378497017663 -0.0028540164221084012
leaf_weight=8344.1547421275463 898.57795882876962 4710.9239040824905 2018.870401032982 27491.540182918397 35346.420066868333 621.20852497457236 12698.620217668635 249.74360813573003 14794.20858187665 10541.5018746102 14837.147112160717 14104.62278338999 6550.574359895676 578.34960051026428 492.41136693803128 51.015352843562141 99.622032695217058 2046.4530233120313 8005.786744708952 141.91427755297627 18781.57035756862 113.7551786582917 76.892671137116849 49.091773494146764 95.196965891867876 63.249124678084627 4392.8289243278559 396.09604898747057 1626.0888773082843 25587.631683002081
leaf_count=91500 8646 52267 23889 427712 432007 50150 159295 902 153468 145435 149929 224237 125250 9743 8658 788 337 54892 151793 5363 227365 430 61 120 151 519 39868 2190 20920 496044
internal_value=0 0.00239168 -0.00110855 0.00188037 -0.0020018 -0.00299212 3.00391e-05 -0.00015883 0.0017516 -0.000760733 0.00395803 -0.00148665 -0.00258954 -0.00501962 -0.00860353 -0.00028456 0.00218297 -0.0110562 -0.00283201 -0.00223933 0.00117346 -0.000938442 -0.00342808 0.0117552 -0.000453844 -0.0018095 -0.00100114 0.00116073 0.00738986 -0.00352957
internal_weight=215806 68345.8 147460 62008.8 82633 42780 64827.3 62808.4 15044 47764.4 15735.7 34669.7 20565.1 10023.6 3473.01 792.236 741.221 2680.78 42158.8 634.326 46273.1 39853 33814.6 221.181 144.289 641.599 39739.2 13094.7 6337.01 33593.4
internal_count=3063929 886839 2177090 813652 1262124 789819 914966 891077 154370 736707 158575 575222 350985 205550 80300 11387 10599 68913 739669 14021 655077 472305 648169 332 271 10262 471875 161485 73187 647837
is_linear=0
shrinkage=0.03


Tree=110
num_leaves=31
num_cat=0
split_feature=75 17 75 5 12 12 20 7 6 72 9 33 36 4 9 1 6 7 7 6 2 6 21 70 36 2 7 1 1 65
split_gain=631.64 363.459 124.47 117.538 105.317 88.248 83.4286 80.3892 72.3197 83.3598 67.8737 64.3079 62.4885 58.292 79.2078 58.5451 56.389 53.9214 72.4822 58.4026 55.5902 70.5161 60.408 57.8586 55.432 92.9314 57.6363 56.7002 51.6181 70.1329
threshold=0.047409605234861381 0.37446653842926031 0.019111314788460735 1.1385689377784731 0.56247621774673473 0.31061333417892462 0.48623421788215643 -0.35921296477317805 0.073806658387184157 0.2004266753792763 0.66995003819465648 1.0000000180025095e-35 0.90082076191902172 0.20707555115222934 0.42766661942005163 -0.14191093295812604 0.16369000077247622 0.23893519490957263 0.10216442868113519 0.072676122188568129 0.055105792358517654 0.042795777320861823 0.88471129536628734 -0.011411581654101608 0.68918907642364513 -0.034076778218150132 0.24966152012348178 0.013762181624770166 -0.0025102233048528429 0.041094882413744933
decision_type=2 2 2 2 2 2 2 2 2 2 2 2 2 2 2 2 2 2 2 2 2 2 2 2 2 2 2 2 2 2
left_child=2 3 -1 5 6 11 10 -5 9 -9 -3 12 13 14 15 -2 17 18 -17 24 21 -20 28 -23 26 -26 -19 -28 -22 -30
right_child=1 4 -4 7 -6 -7 -8 8 -10 -11 -12 -13 -14 -15 -16 16 -18 19 20 -21 22 23 -24 -25 25 -27 27 -29 29 -31
leaf_value=0.011810638652627018 -0.0057402931646140182 0.00021732918929147645 0.0044509200805526667 0.0017601124351735054 0.015476289179063399 0.0062091056414567691 0.0023801925420513566 -0.0056718119990926763 -0.0039165184500708364 -0.016771803343662576 0.012518655024939923 0.00064273003748717601 -0.0068401713165434815 -0.00095085530332059771 0.015205113090465659 -0.0030874895945537579 -0.0043034189191348219 -0.022921881097766775 -0.0019232965533120989 -0.0018226185363900962 0.0063688902608544607 -0.0091031595827359164 -0.022889474496979516 0.0063482818257112744 0.037798045603259632 -0.024590210069606155 0.0017008999572038948 -0.01657108621328264 -0.0084518083996623881 0.0099920510404886784
leaf_weight=2396.0898783931043 5086.9362955204124 72489.635563465112 15114.285696200968 1714.4255333473993 436.81415146077052 1372.9598410377512 22373.437137438596 1784.9242580621867 9284.8691865743531 927.44515674488503 401.96259508817457 11517.854021880717 2117.5084253326349 45388.018051413288 216.91752978228033 4811.9978000268238 7544.9451959216531 319.44947323482484 1702.0153239437786 2148.9150011706224 528.11741573608015 228.53531857021153 122.46226115012541 3587.4569036271423 48.623114677146077 32.691162320552394 314.08048628282268 291.77920361803262 952.00805644429056 226.46762713039061
leaf_count=39698 92384 900093 203231 46141 2030 8802 224221 28820 254080 44968 2037 164740 57773 733638 843 69635 122274 1351 16475 17104 3522 1222 387 8386 131 314 2756 5651 9182 2040
internal_value=0 -0.000483093 0.00546074 -0.00172653 0.000845668 -0.00132615 0.000777889 -0.00431101 -0.00517926 -0.00948802 0.00028591 -0.00144514 -0.00176302 -0.00161642 -0.0026886 -0.0028298 -0.00218104 -0.00113428 -0.00022651 -0.00462601 0.00164735 0.00314969 -0.00287951 0.00541317 -0.0105753 0.0126861 -0.0126701 -0.0071424 -0.00139084 -0.00488184
internal_weight=215484 197973 17510.4 102271 95701.8 88559.7 95265 13711.7 11997.2 2712.37 72891.6 87186.8 75668.9 73551.4 28163.4 27946.5 22859.5 15314.6 12159.1 3155.54 7347.06 5518.01 1829.06 3815.99 1006.62 81.3143 925.309 605.86 1706.59 1178.48
internal_count=3063929 2821000 242929 1692619 1128381 1318610 1126351 374009 327868 73788 902130 1309808 1145068 1087295 353657 352814 260430 138156 110849 27307 41214 26083 15131 9608 10203 445 9758 8407 14744 11222
is_linear=0
shrinkage=0.03


Tree=111
num_leaves=31
num_cat=0
split_feature=75 17 75 16 5 12 7 61 11 59 6 4 5 57 19 7 4 3 9 51 21 72 40 36 6 7 4 9 75 6
split_gain=612.477 348.822 119.578 114.668 111.088 85.3311 75.6278 70.1449 69.1639 64.55 69.6487 61.9828 68.4908 57.8223 56.5346 62.1974 55.2121 72.5697 58.8309 53.0806 52.9706 50.9793 50.7405 50.3764 58.3576 99.7697 66.2259 70.5842 59.1137 55.9011
threshold=0.047409605234861381 0.37446653842926031 0.019111314788460735 0.46720869839191442 1.1385689377784731 0.31061333417892462 -0.35921296477317805 -0.027331230230629441 0.37446653842926031 0.37446653842926031 0.31696049869060522 0.55233678221702587 1.4133696556091311 1.2216438651084902 0.65692245960235607 -0.06856480240821837 0.20707555115222934 0.196578323841095 0.42766661942005163 1.0567017793655398 1.290499269962311 0.40642292797565466 0.79998427629470836 0.84844553470611583 0.3808619230985642 0.396410882472992 0.55233678221702587 0.2484906688332558 0.38261352479457861 0.33931246399879461
decision_type=2 2 2 2 2 2 2 2 2 2 2 2 2 2 2 2 2 2 2 2 2 2 2 2 2 2 2 2 2 2
left_child=2 4 -1 8 5 9 -6 21 13 16 22 -9 -13 -3 15 -5 17 18 20 -15 -2 -8 -11 24 26 28 27 -18 -26 -28
right_child=1 3 -4 14 6 -7 7 11 -10 10 -12 12 -14 19 -16 -17 23 -19 -20 -21 -22 -23 -24 -25 25 -27 29 -29 -30 -31
leaf_value=0.011621606977634109 -0.0016723231538620501 5.0790822358307298e-05 0.0043924916307744224 0.010026502580517271 0.0016560269356721957 0.006081013082843114 -0.0066750121631546418 -0.0039988369455505237 0.022741649896142774 0.0017283781832866578 -0.0019454559562362252 -0.00013284014678885392 0.023036077557306849 0.0044467864667328289 0.0099303563069190158 0.0021299486843263209 -0.00072324044681589753 -0.0046957254976968945 0.013844662469248826 -0.0029745818976635355 -0.036722314403525337 -0.015954846033545932 0.019885171589293222 -0.0078794678290124882 0.00017243778205753392 -0.017670955830794786 -0.0011196907344914664 -0.0089906219099881585 0.0057947520472698055 -0.0073449749067074042
leaf_weight=2384.6171999850194 15086.321579881282 71435.448832375201 15100.826659440063 947.30398345564026 1723.1928107370622 1380.9941211453406 4167.780025667802 6588.1583345736726 119.66291371174157 9022.820340232458 7123.6656872894964 412.41342652021558 154.91667264001444 4885.5084249671781 990.66524402954383 16186.67200496154 28226.619102061981 11458.513643543643 216.49912482360378 1050.730083121045 34.929463811218739 611.66575367336918 136.78788570011966 978.38223086827202 5888.42254454043 240.3365003222425 2297.8851427153277 957.2677054485539 2353.7928061578714 2990.8047478224034
leaf_count=39698 125442 868125 203231 9912 46141 8802 112705 161523 404 112466 148686 13485 1594 53605 8635 173848 426807 205116 870 13852 59 38561 886 28895 111503 8902 28435 17094 31454 63193
internal_value=0 -0.000476101 0.00538107 0.00082582 -0.00169594 -0.00130668 -0.00421378 -0.00506193 0.000323251 -0.00142425 0.000278425 -0.00317836 0.00630284 0.000287347 0.00297374 0.00256903 -0.0018163 -0.0028896 -0.00153912 0.00313131 -0.00176327 -0.00787592 0.00200858 -0.00116135 -0.00100751 0.0012209 -0.00155606 -0.00099577 0.00178062 -0.00464389
internal_weight=215154 197668 17485.4 95616 102052 88394 13658.1 11934.9 77491.4 87013 16283.3 7155.49 567.33 77371.7 18124.6 17134 70729.8 26796.3 15337.8 5936.24 15121.3 4779.45 9159.61 43933.5 42955.1 8482.55 34472.6 29183.9 8242.22 5288.69
internal_count=3063929 2821000 242929 1128381 1692619 1318610 374009 327868 935986 1309808 262038 176602 15079 935582 192395 183760 1047770 331487 126371 67457 125501 151266 113352 716283 687388 151859 535529 443901 142957 91628
is_linear=0
shrinkage=0.03


Tree=112
num_leaves=31
num_cat=0
split_feature=17 56 75 26 19 18 6 19 7 6 2 52 72 12 19 2 27 65 7 6 6 7 28 36 2 56 4 6 7 9
split_gain=599.136 178.67 166.786 102.122 95.7106 92.475 82.3423 77.9906 68.1911 66.1226 98.6354 78.6814 65.7225 63.4288 52.2398 46.8436 53.3569 50.984 49.6644 49.1376 68.123 56.1868 45.9403 53.7219 51.7342 45.126 46.8486 48.1282 45.0382 44.4151
threshold=0.56247621774673473 1.0000000180025095e-35 0.029818445444107059 0.22396993637084964 0.14931328594684604 0.22396993637084964 0.02389999479055405 0.55233678221702587 -0.059700617566704743 0.31696049869060522 -0.20236522704362866 0.79998427629470836 0.77360838651657116 0.50316895544528972 1.0000000180025095e-35 -0.027331230230629441 0.4567199051380158 -0.011046261526644228 -0.007851991802453993 0.053747521713376052 0.089459877461195006 0.19016870111227038 0.24964435398578647 0.55829170346260082 -1.0000000180025095e-35 0.87785851955413829 0.37498413026332861 0.038979940116405494 0.21740452945232394 0.83485379815101635
decision_type=2 2 2 2 2 2 2 2 2 2 2 2 2 2 2 2 2 2 2 2 2 2 2 2 2 2 2 2 2 2
left_child=1 3 -2 5 9 12 -6 8 14 11 -11 25 15 22 -4 16 17 19 -19 -1 21 -21 -5 24 -24 26 -3 -28 -23 -10
right_child=2 4 7 13 6 -7 -8 -9 29 10 -12 -13 -14 -15 -16 -17 -18 18 -20 20 -22 28 23 -25 -26 -27 27 -29 -30 -31
leaf_value=-0.011642618443149609 0.0081667201172075168 -0.00074282492777010662 0.0027046031834335464 -0.0011477298640912811 0.0076261621592448826 -0.0020699672798238276 0.0013527265029870139 0.0069522315948893215 0.0016192930618051521 -0.0081304724923520096 -0.0011010154496713491 0.010815614786557166 -0.0172300713897202 0.018519477058031204 0.011795626267061866 -0.0031695893610904965 0.023675683000786558 -0.0016171616096288496 -0.012958527646194866 -0.009418340133618407 -0.0058115054055291439 0.029484928178001815 -0.0012808176054305634 -0.0020469507654002255 0.0071577996883212024 0.0049691607359495498 0.005888349102314218 0.00062221795410322871 0.0028445793244916834 0.016753216944343424
leaf_weight=398.91396854116465 4888.4315512629692 25660.80595727278 1206.3198492110241 39409.063244431061 2115.9427834122325 36100.734690203957 16916.945178128517 3053.2882939147821 38716.537920597155 2000.5758613479557 17361.239068218245 629.27849878638517 401.44062631913403 149.3275011125952 1080.6319359010085 5616.8673157695048 44.572593359393068 434.15191100920129 1781.9867075154034 80.523412941663992 493.07738285200321 143.72502146288753 962.31087543454487 1863.6376723321155 2023.29921124049 1665.3052843922633 1976.4758896580897 7408.8967242405051 95.280961408483563 171.43753873137757
leaf_count=13104 75744 358390 19193 470755 14164 572288 143166 29823 540567 51209 344020 5502 31826 575 10546 113613 490 18257 58307 2987 19112 315 10147 19296 14546 17545 18251 88665 763 763
internal_value=0 -0.000862437 0.00290996 -0.001766 0.000211276 -0.00276334 0.00205186 0.00232815 0.00198451 -0.000406558 -0.0018291 0.000331052 -0.00539838 -0.000741824 0.00701536 -0.00486797 -0.00760725 -0.00804248 -0.0107456 -0.00307501 0.0011618 0.0118753 -0.000808581 0.00194537 0.00443832 0.000150053 -7.93516e-05 0.00173373 0.0191048 0.00168784
internal_weight=214851 165734 49116.6 89998.9 75735.5 45591.3 19032.9 44228.2 41174.9 56702.6 19361.8 37340.8 9490.54 44407.6 2286.95 9089.1 3472.23 3427.66 2216.14 1211.52 812.607 319.529 44258.3 4849.25 2985.61 36711.5 35046.2 9385.37 239.006 38888
internal_count=3063929 2387293 676636 1346381 1040912 831062 157330 600892 571069 883582 395229 488353 258774 515319 29739 226948 113335 112845 76564 36281 23177 4065 514744 43989 24693 482851 465306 106916 1078 541330
is_linear=0
shrinkage=0.03


Tree=113
num_leaves=31
num_cat=0
split_feature=75 17 75 16 26 74 59 11 12 3 66 65 65 22 66 69 70 75 73 6 73 26 26 54 71 75 69 19 26 20
split_gain=587.687 330.834 114.385 106.555 104.243 87.3905 80.9784 67.3109 63.4459 60.6381 71.7045 61.8711 77.6754 60.2042 110.329 59.9706 59.3566 88.822 108.839 76.3543 89.0355 75.6656 67.3589 54.3939 53.6439 67.098 55.5291 53.2775 52.8542 48.9237
threshold=0.047409605234861381 0.37446653842926031 0.019111314788460735 0.46720869839191442 0.37446653842926031 0.6980571746826173 0.63123199343681347 0.37446653842926031 0.31061333417892462 0.17248411476612094 -0.25254724919795984 0.018088760785758499 -0.013269343413412569 1.0000000180025095e-35 -0.13452735543251035 -0.21449678391218183 0.0015500112203881147 0.27471527457237249 0.26349355280399328 0.083094760775566115 0.14648016542196277 1.0000000180025095e-35 0.31061333417892462 0.50316895544528972 -0.11615019664168356 0.41432996094226843 0.44872829318046575 0.65692245960235607 0.22396993637084964 0.91823139786720287
decision_type=2 2 2 2 2 2 2 2 2 2 2 2 2 2 2 2 2 2 2 2 2 2 2 2 2 2 2 2 2 2
left_child=2 4 -1 7 5 6 9 23 -6 13 29 12 -12 14 -2 -14 17 19 -19 20 28 -18 -22 -3 -20 26 -26 -5 -16 -11
right_child=1 3 -4 27 8 -7 -8 -9 -10 10 11 -13 15 -15 16 -17 21 18 24 -21 22 -23 -24 -25 25 -27 -28 -29 -30 -31
leaf_value=0.011411489155778741 0.018149501783854376 -1.6136131458734234e-05 0.0043155756281355196 0.0024834264054725045 -0.00047654081289044914 -0.014600176172410807 0.0010360758397290901 0.022614711841205223 0.0061244294990095687 -0.0019234630969801197 -0.0027295602577528761 -0.001732153102731516 -0.0051140409353605714 -0.0019922075566028634 0.012600598027884198 -0.0099139206622206807 -0.002850347782597996 0.022703751524511182 0.02917679149031803 -0.010312500293732412 -0.014894610888747569 0.016320389768566035 0.022308176521008413 0.0024050129886615027 0.013889193524538348 -0.012837264519059496 -0.02612246080684668 0.0096521812268539394 -0.010247316810367961 0.020317540556025381
leaf_weight=2366.1938066225994 344.52066770079546 67697.436427649169 15045.619976585949 17089.258213831054 28755.791989999183 510.63172516024497 6371.8990026778774 117.66632569953799 1369.0090771743562 17535.409715723687 6300.3350982001393 5847.0029592770115 6007.7127101865517 21116.639868341794 490.69872467404639 3864.8287657300098 325.48280008765869 259.72175006964244 46.199212333187461 1079.4587885921355 330.82829851284623 422.02153341332451 46.693621087819338 9521.8314164112671 213.56594187114388 293.9387135845609 32.611709390766919 984.19155104018864 108.2927946485579 85.460555342957377
leaf_count=39698 516 819436 203231 183760 395876 38734 109264 404 8628 329628 143882 127809 125928 288349 1213 114549 1368 452 82 2582 823 797 28 116146 505 1069 253 8635 130 154
internal_value=0 -0.000466594 0.00528254 0.000802456 -0.0016565 -0.00227915 -0.00218981 0.000317668 -0.00017564 -0.00250737 -0.00323812 -0.0043796 -0.00533579 -0.00135327 0.00202234 -0.00699677 0.000480471 -0.00146224 0.00669716 -0.00482852 0.00124633 0.00799622 -0.0100958 0.000282464 -0.000491497 -0.0032333 0.00823786 0.0028761 0.00842184 -0.00181075
internal_weight=214581 197169 17411.8 95410.4 101759 71634 71123.3 77336.9 30124.8 64751.4 39640.7 22019.9 16172.9 25110.7 3994.03 9872.54 3649.51 2902.01 846.037 2055.97 976.513 747.504 377.522 77219.3 586.316 540.116 246.178 18073.4 598.992 17620.9
internal_count=3063929 2821000 242929 1128381 1692619 1288115 1249381 935986 404504 1140117 841950 512168 384359 298167 9818 240477 9302 7137 2361 4776 2194 2165 851 935582 1909 1827 758 192395 1343 329782
is_linear=0
shrinkage=0.03


Tree=114
num_leaves=31
num_cat=0
split_feature=17 75 73 26 39 6 71 18 18 12 26 19 32 2 5 75 9 65 6 7 6 19 6 7 2 7 13 65 19 28
split_gain=572.032 185.37 152.794 137.285 96.0126 109.273 78.7421 82.5294 78.5707 76.2328 71.6213 70.2031 66.4666 74.3967 59.5411 59.0457 58.3946 56.8177 53.2689 71.689 62.6578 52.7638 51.1715 57.2087 50.2557 47.6716 45.3926 45.1145 48.1297 45.8041
threshold=0.53458327054977428 0.039157260209321983 0.13829530030488971 0.31061333417892462 1.0000000180025095e-35 0.32805556058883673 0.0098657552152872103 0.58756005764007579 0.22396993637084964 0.42514967918396002 0.37446653842926031 0.14931328594684604 0.24964435398578647 -0.84049183130264271 1.1793718934059145 0.016084345057606701 0.67684933543205272 0.27005887031555181 0.038979940116405494 -0.42511934041976923 0.021199905313551429 0.42749156057834631 0.075978700071573271 0.16394744068384173 -0.1913991495966911 -0.059700617566704743 0.61035025119781505 0.003233734169043601 0.99753236770629894 0.39170669019222265
decision_type=2 2 2 2 2 2 2 2 2 2 2 2 2 2 2 2 2 2 2 2 2 2 2 2 2 2 2 2 2 2
left_child=2 15 6 4 8 17 7 10 14 16 11 -1 26 -14 -4 -2 21 18 20 -20 -6 25 23 -16 -7 -3 -5 28 29 -21
right_child=1 9 3 12 5 24 -8 -9 -10 -11 -12 -13 13 -15 22 -17 -18 -19 19 27 -22 -23 -24 -25 -26 -27 -28 -29 -30 -31
leaf_value=0.00065512248482601501 0.012385416281234378 0.0052980151505975567 -0.0042236147378707607 -0.0013903820707561055 -0.00085894370189600988 -0.0097758745307623806 -0.00209778282916517 -0.00041832002144321441 -0.0025463870347116687 0.0093464658489410702 0.0072404467813341825 0.0053455739088083239 0.014725124031465166 0.00068729847073222537 -0.0053809197675883796 0.0054388069224631189 0.01277260181891883 0.013241926383848373 -0.010232432806146319 -0.002770718702950415 0.0063318883492369223 0.0042424144305887243 -0.0063659602931184986 -0.020965827203448414 -0.0030825979873762167 0.00088340846623552222 0.010538107996262343 0.0016877407538166199 0.0336380910825963 0.0024777295198829884
leaf_weight=10577.84958860281 1272.5988231105875 2330.7283614464104 6957.3111257440833 28145.603154247263 2120.1032798999513 1249.9281740186852 7105.833100341275 12721.642790999234 30961.350125098164 1170.0685835897457 2710.9589972513058 3940.4265761433489 340.98285056953318 22776.08586955152 340.19668838828511 8261.0416161278117 413.9050542905461 286.9508709385409 704.35683595587034 8113.4682292472862 2237.9255208057002 5580.5734642468451 1628.6330141559956 578.50999475205026 5246.3808550068206 38817.544750917674 286.03842140757479 5573.8673473248782 30.601898292079568 1830.6104268571653
leaf_count=107820 22030 30637 156468 358724 33282 37710 105736 158045 521749 6500 14733 27698 1738 267385 17236 117092 2499 4191 16527 108334 23426 54161 72459 22662 122477 543355 1211 83975 16 24053
internal_value=0 0.00254895 -0.000942407 -0.00146466 -0.00235121 -0.00097928 0.000740322 0.001414 -0.00327966 0.00179411 0.00276699 0.0019296 -0.000297407 0.000897066 -0.00566574 0.00637135 0.00160579 7.71489e-05 -0.00010845 -0.0008985 0.00283507 0.0015057 -0.00958993 -0.015248 -0.00437634 0.00113406 -0.00126875 -0.000472856 -0.00168084 -0.00180347
internal_weight=214312 57846.5 156466 119409 67860.2 27394.2 37056.7 29950.9 40466 48312.8 17229.2 14518.3 51548.7 23117.1 9504.65 9533.64 47142.8 20897.9 20610.9 16252.9 4358.03 46728.8 2547.34 918.707 6496.31 41148.3 28431.6 15548.5 9974.68 9944.08
internal_count=3063929 776274 2287655 1873623 1244565 453991 414032 308296 790574 637152 150251 135518 629058 269123 268825 139122 630652 293804 289613 232905 56708 628153 112357 39898 160187 573992 359935 216378 132403 132387
is_linear=0
shrinkage=0.03


Tree=115
num_leaves=31
num_cat=0
split_feature=17 20 19 4 6 7 64 73 22 70 6 5 6 64 65 11 2 9 3 39 5 15 7 65 3 7 72 15 25 5
split_gain=561.634 180.956 138.024 115.343 87.3459 160.674 82.2882 66.4468 71.4384 142.529 118.81 65.7269 72.8564 91.6734 63.7302 59.7204 59.017 55.3918 55.1278 54.9642 60.3345 54.9024 54.6495 53.6742 128.421 52.6943 49.5729 47.6393 45.6271 45.5618
threshold=0.58756005764007579 0.14931328594684604 0.39170669019222265 0.14931328594684604 0.02389999479055405 0.25114947557449346 -0.96114543080329884 0.063684668391942992 1.2673993706703188 -1.0000000180025095e-35 0.12810944020748141 0.14931328594684604 0.083094760775566115 -0.99999907612800587 0.0062606004066765317 0.37446653842926031 0.10158272832632066 0.42766661942005163 0.017686527222394947 0.31061333417892462 1.0725580453872683 0.63123199343681347 0.25196833908557897 -0.023286121897399422 0.20095144212245944 -0.21457178145647046 0.161095105111599 0.22396993637084964 0.37446653842926031 1.1620228886604311
decision_type=2 2 2 2 2 2 2 2 2 2 2 2 2 2 2 2 2 2 2 2 2 2 2 2 2 2 2 2 2 2
left_child=1 3 25 17 5 18 11 -6 15 -10 -11 12 13 -5 23 28 -14 19 -3 20 -1 -4 -7 -8 -25 -2 -22 -13 -9 -16
right_child=2 4 21 6 7 22 14 8 9 10 -12 27 16 -15 29 -17 -18 -19 -20 -21 26 -23 -24 24 -26 -27 -28 -29 -30 -31
leaf_value=-0.0036693908173614119 0.0074642743193104391 0.005815135943051805 0.0059863674788863553 0.029629580696619081 0.0026503041269237259 0.021646609778779413 -0.00080461946230684896 -0.0010043607504557489 0.025208277897712024 0.01645256483723349 -0.020448539068486985 0.00014144231113638386 -0.0099355645809243599 -0.010919012491809042 0.00032967881940065244 0.01861534664539944 0.015157175227822154 0.014002879283538619 -5.6456477008764e-05 -0.0012144952432906512 -0.0055096109871318848 0.017265912126024099 0.0083984733158086224 -0.0015691594431026861 -0.0063325754059677221 0.0019741389051340236 -0.013672966923188517 0.013275293006560201 0.00082185518039232415 -0.003974646648215425
leaf_weight=13492.346810573887 1656.2034371763002 1950.1277309854049 8257.4982302870194 229.94871698413044 7417.4864664597262 439.04121973179281 11909.179892807417 44466.304149423639 283.14936991408467 137.49104409385473 172.56846911273897 18265.813628989898 196.45459787314758 61.427775453783397 16336.62416755459 143.45956961903721 141.6332745347172 157.90568555286154 5454.8668987788842 6254.3089873553399 1902.0996069101966 405.51320498771383 793.7670536256046 13982.399817365771 8015.6024678283429 30591.826077715144 1040.7964288362709 248.00367522891611 17021.469623471465 2555.8558380754912
leaf_count=166797 23037 13459 98214 295 74116 1538 248704 505490 179 108 137 281249 1165 262 290219 546 596 737 57652 87269 27365 6937 3421 246870 210022 457608 31735 952 141785 85465
internal_value=0 -0.00074727 0.00316102 -0.00162878 0.000320143 0.00316487 -0.00103885 -3.27899e-05 -0.000352851 0.00997283 -0.00406985 0.000645899 0.0101484 0.0210338 -0.00164976 -0.000452951 0.000617559 -0.0034857 0.00149154 -0.00361005 -0.00452087 0.0065226 0.0131749 -0.0024277 -0.00330589 0.00225713 -0.00841286 0.000320451 -0.000498721 -0.000253109
internal_weight=213981 173070 40911 94790.4 78279.7 8637.8 71942.9 69641.9 62224.4 593.209 310.06 19143.3 629.464 291.376 52799.7 61631.2 338.088 22847.5 7404.99 22689.6 16435.2 8663.01 1232.81 33907.2 21998 32248 2942.9 18513.8 61487.8 18892.5
internal_count=3063929 2478133 585796 1679702 798431 76070 1365799 722361 648245 424 245 284519 2318 557 1081280 647821 1761 313903 71111 313166 225897 105151 4959 705596 456892 480645 59100 282201 647275 375684
is_linear=0
shrinkage=0.03


Tree=116
num_leaves=31
num_cat=0
split_feature=17 17 15 5 56 6 7 22 7 15 7 20 12 64 7 73 22 7 7 6 36 6 4 7 69 6 7 70 36 69
split_gain=545.876 175.295 128.143 90.2488 77.1273 81.1217 96.8674 72.7714 63.7433 59.7115 72.4522 58.7459 55.9668 55.0366 55.9762 54.4575 60.4817 57.7405 121.817 98.3426 84.058 76.7274 68.5296 75.3725 84.5119 72.8008 67.0032 62.3944 61.9185 58.07
threshold=0.58756005764007579 0.31061333417892462 0.46720869839191442 1.1385689377784731 0.31061333417892462 0.027107000350952152 0.25114947557449346 1.0000000180025095e-35 -0.42728467285633082 1.0000000180025095e-35 -0.059700617566704743 0.88635334372520458 0.53458327054977428 -0.98725208640098561 0.077809751033782973 0.18158587068319323 1.3449937105178835 0.37049600481987005 0.22727322578430179 0.3808619230985642 0.90452465415000927 0.35366602241992956 0.20707555115222934 0.19951583445072177 -0.99905630946159352 0.06095442175865174 0.25986757874488836 0.013689175248146059 0.3354459702968598 0.50612840056419384
decision_type=2 2 2 2 2 2 2 2 2 2 2 2 2 2 2 2 2 2 2 2 2 2 2 2 2 2 2 2 2 2
left_child=1 3 9 15 11 6 8 13 -6 -2 -11 12 -3 -5 -15 -1 17 18 20 21 22 -20 28 -24 25 -25 -21 -26 -17 -29
right_child=2 4 -4 7 5 -7 -8 -9 -10 10 -12 -13 -14 14 -16 16 -18 -19 19 26 -22 -23 23 24 27 -27 -28 29 -30 -31
leaf_value=0.0003698257678513803 0.0010573198683372553 -0.00067101291868260722 0.0086710273852909428 0.0013274596030444907 0.027459145616084476 0.00075368490039302274 0.012672888733705029 -0.0026651936734868693 0.0016876385194579315 0.011312747517846215 0.0031755611325197338 0.007125068288960818 0.017778875484347485 0.0015215976768667408 -0.010954199622895741 -0.0038932979655777644 -0.028383651525915939 7.5753033120863939e-05 -0.0046256735710231266 -0.0027748163199667738 -0.0080733120284625023 -0.011191645138342542 -0.00028526357725684238 -0.027456621634335189 0.00067173925746435536 0.024173928039520284 0.0070327556472525622 0.017713993202502179 0.00084161755865612691 -0.038893290303352014
leaf_weight=13727.853358925684 13999.462969708125 55782.346713329083 3423.1260489241977 503.800041359631 85.004670824855566 29435.00601317393 1136.191976537928 8757.8434568123048 3002.2771177197574 1027.3526298300712 22433.092545011386 890.96438794839196 144.35548633523285 368.53525318627362 2567.4412275710492 8322.4788481343276 72.593717679381371 12745.41473992102 9431.8872385561408 1854.9227780240471 1481.8009514873847 1931.4255521390587 13947.646951063332 23.442693755030632 1521.0686665081885 290.81806758744642 941.85836471470247 318.11891232279595 3539.6400275383057 13.440482496516777
leaf_count=169426 259028 603632 44743 9670 288 352688 4321 224171 36626 11285 270740 3134 566 20555 97886 133919 245 213434 129640 45052 47693 58714 239944 73 22542 1238 15216 2226 45045 189
internal_value=0 -0.000737402 0.00311723 -0.00173873 0.000174112 0.00131209 0.00519838 -0.00412033 0.0024333 0.00260872 0.00353395 -0.000499987 -0.000622042 -0.00781646 -0.00938672 -0.00132443 -0.00173662 -0.00170021 -0.00221922 -0.00450566 -0.00111955 -0.00574563 -0.000749979 0.000523694 0.00572372 0.0200117 0.000531752 0.00325975 -0.00248022 0.0149696
internal_weight=213721 172838 40883 82362 90476.1 33658.5 4223.47 12197.6 3087.28 37459.9 23460.4 56817.7 55926.7 3439.78 2935.98 70164.4 56436.6 56364 43618.5 14160.1 29458.5 11363.3 27976.7 16114.5 2166.89 314.261 2796.78 1852.63 11862.1 331.559
internal_count=3063929 2478133 585796 1476878 1001255 393923 41235 352282 36914 541053 282025 607332 604198 128111 118441 1124596 955170 954925 741491 248622 492869 188354 445176 266212 26268 1311 60268 24957 178964 2415
is_linear=0
shrinkage=0.03


Tree=117
num_leaves=31
num_cat=0
split_feature=75 17 75 16 24 58 6 5 6 7 11 7 3 6 75 57 73 70 51 7 19 35 1 69 22 6 5 7 7 7
split_gain=551.096 293.008 104.268 96.7131 96.3657 73.976 65.9776 65.0266 65.784 66.416 61.3475 53.6134 69.5686 66.1311 53.0765 52.2136 50.0123 58.8744 49.2843 48.9148 53.3341 47.5037 47.1417 46.5633 50.8339 46.0651 46.2533 43.3501 71.1047 100.994
threshold=0.047409605234861381 0.37446653842926031 0.019111314788460735 0.46720869839191442 0.22396993637084964 1.0000000180025095e-35 0.32422405481338507 1.1620228886604311 0.075978700071573271 0.16452314704656604 0.37446653842926031 0.2522247731685639 0.2058474346995354 0.37066997587680822 0.38566645979881292 1.2216438651084902 0.18158587068319323 0.016297693364322189 1.0567017793655398 -0.06856480240821837 0.65692245960235607 0.72935134172439586 -1.5356929302215574 -0.99999734759330738 0.14931328594684604 0.41384358704090124 0.74335461854934703 0.66874989867210399 0.37428300082683569 0.37229025363922125
decision_type=2 2 2 2 2 2 2 2 2 2 2 2 2 2 2 2 2 2 2 2 2 2 2 2 2 2 2 2 2 2
left_child=2 4 -1 10 5 7 21 16 9 -9 15 12 -8 -13 -11 -3 -2 -18 -17 -5 -21 -7 -6 24 -24 26 -14 28 29 -10
right_child=1 3 -4 19 22 6 11 8 27 14 -12 13 25 -15 -16 18 17 -19 -20 20 -22 -23 23 -25 -26 -27 -28 -29 -30 -31
leaf_value=0.011044908582259946 -0.00036685494550909485 2.2965910862542267e-05 0.0042154039406726339 0.0094138180329379623 0.022983834967724302 -0.00022716906453987035 -0.0013633900330351737 -0.0031098130828170279 -0.0034341924875866451 -0.0086319248742111384 0.021854721287965145 -0.004699979816252157 -0.0037819787327172372 0.0031238571206789636 -0.020543586212469326 0.0042152477709196251 -0.0030990635656909537 0.00025326027369965446 -0.0029606057742134718 0.0019455705943557586 0.0091876358659319403 0.004989186265012201 0.035327403287515192 0.00051212048404882307 0.0058756517075440225 0.00057910977034298489 -0.013331789689006154 0.0031598265944620153 -0.0096524848536786167 0.015003215401402561
leaf_weight=2325.3045607121749 11468.945972767418 70974.575103609881 14940.229757930749 930.33897773700301 83.232942787464708 20032.309234212778 2478.0017809432175 1001.1678116467228 3785.4547792816884 901.35145360243041 114.46613878756762 1711.2258203320089 679.73814009479247 2240.7123945554777 546.60586104939284 4887.5370885437587 33196.770282632831 5491.8388379047683 1041.7506746065337 16055.93709535696 967.45301523775561 1700.8483205615194 63.065575866028666 11082.597546727717 261.00344410655089 422.7745691738528 1421.2437240400759 814.02668284778338 1567.7250799079775 283.68102265289053
leaf_count=39698 127229 868125 203231 9949 304 285713 54165 33943 101566 14727 404 39940 15659 32011 22731 53605 573074 98945 13852 173848 8598 19288 57 116457 1430 8831 58426 19553 62073 6497
internal_value=0 -0.000452206 0.0051378 0.000744681 -0.00157508 -0.00190628 -0.000711072 -0.00252716 -0.0048905 -0.00907464 0.000282342 -0.0028777 -0.00493995 -0.000264126 -0.0131759 0.000249039 -0.00210736 -0.00262311 0.00295258 0.00272728 0.00235947 0.000181702 0.00101118 0.000842457 0.0119817 -0.00844218 -0.0102573 -0.00329662 -0.00423138 -0.00213425
internal_weight=213472 196206 17265.5 94972.1 101234 89744.4 30686.9 59057.6 8900.01 2449.13 77018.3 8953.7 5001.76 3951.94 1447.96 76903.9 50157.6 38688.6 5929.29 17953.7 17023.4 21733.2 11489.9 11406.7 324.069 2523.76 2100.98 6450.89 5636.86 4069.14
internal_count=3063929 2821000 242929 1128381 1692619 1574371 514033 1060338 261090 71401 935986 209032 137081 71951 37458 935582 799248 672019 67457 192395 182446 305001 118248 117944 1487 82916 74085 189689 170136 108063
is_linear=0
shrinkage=0.03


Tree=118
num_leaves=31
num_cat=0
split_feature=75 20 26 75 11 18 3 20 20 70 1 21 70 32 6 9 27 12 14 27 4 75 32 27 70 65 5 65 26 3
split_gain=537.84 267.443 116.658 111.065 96.3649 87.4644 70.8469 75.9489 73.8661 66.1535 57.5942 57.0001 55.4754 54.8401 91.6666 54.3493 48.7368 47.4323 46.8531 45.2365 48.8129 43.4217 50.358 51.2649 48.173 49.4497 45.5973 43.1169 39.6069 39.5243
threshold=0.050006553530693061 0.2834331095218659 0.22396993637084964 0.021746934391558174 0.31061333417892462 0.22396993637084964 0.066186752170324339 1.2361049652099612 1.2361049652099612 -8.4953435361967405e-06 0.43639770150184637 0.98759847879409801 0.0018806831212714317 0.67529121041297924 0.02389999479055405 0.64769724011421215 0.91990950703620922 0.31061333417892462 0.83743754029273998 1.4311824440956118 0.37498413026332861 0.17423701286315921 0.35638883709907537 1.0000000180025095e-35 -0.017148691229522225 0.010873691644519569 1.2240660190582278 -0.015207265038043259 0.98538365960121166 0.080178149044513716
decision_type=2 2 2 2 2 2 2 2 2 2 2 2 2 2 2 2 2 2 2 2 2 2 2 2 2 2 2 2 2 2
left_child=3 2 5 -1 6 10 8 13 15 -9 21 17 -7 18 -15 -3 -10 28 -8 20 -5 -2 24 -24 -23 27 -27 -26 -4 -13
right_child=1 4 11 19 -6 12 7 9 16 -11 -12 29 -14 14 -16 -17 -18 -19 -20 -21 -22 22 23 -25 25 26 -28 -29 -30 -31
leaf_value=0.01000716784246351 0.0018336046502589343 0.00199611972911993 -0.00028068588560245029 0.0026228328477192462 0.011970315692267624 -0.0022091256301302502 -0.00072524408687721766 0.033390169734746192 -0.0022689477154870662 -0.0023117284545251179 -0.0097997917321987031 0.0033645001430515301 3.7434675526609159e-05 0.011580289946846983 0.0011220196914803649 0.011362932242321447 -0.04145914284506004 0.0048653610773586251 0.0081133126638826582 0.030403245225445772 0.0062719484032887187 -0.0004397899278029143 -0.0022883338893516045 0.010523276081738911 -0.0045211564303990178 -0.00049201944502489064 -0.011168023243977077 -0.01112651851504033 -0.0045462661632575587 -0.019961077392335182
leaf_weight=3099.6525242494245 1157.2049077461852 27158.357411588222 57974.428869690484 11185.292843438307 715.5973975546658 38752.889436309284 30161.514609687205 110.7326939329505 58.316810936899856 77.582566210068762 1568.9057158901123 90.784054249175824 13277.479298663588 835.9271236883942 7427.5482774548582 565.65492715314031 53.412343385862187 1561.0004562173272 545.56596878636628 53.440880925394595 4687.9626715030754 1338.8967016631796 2260.3538866772142 316.90308467275463 1407.2908774751268 1569.3401449329322 463.80024066282931 2466.4594392118161 2023.8843273908715 217.91784239676781
leaf_count=52073 12340 274286 784277 158421 3244 669524 330904 82 141 134 62164 750 246690 4658 88942 3023 62 10483 2809 122 55685 37813 58296 2776 38775 38988 19675 66559 38848 1385
internal_value=0 -0.000471741 -0.00128651 0.00481305 0.00104974 -0.00217837 0.000932315 0.000109625 0.00208932 0.0189161 -0.00442638 -0.000355404 -0.00163579 1.67002e-05 0.00218561 0.00218901 -0.0218282 -0.000290412 -0.000567029 0.00379963 0.00370214 -0.0036549 -0.00430242 -0.000697391 -0.00558298 -0.00674692 -0.00294679 -0.00873516 -0.000424942 -0.0131317
internal_weight=213184 194158 126448 19026.3 67710.2 64579.5 66994.6 39158.9 27835.7 188.315 12549.2 61868 52030.4 38970.6 8263.48 27724 111.729 61559.3 30707.1 15926.7 15873.3 10980.2 9823.04 2577.26 7245.79 5906.89 2033.14 3873.75 59998.3 308.702
internal_count=3063929 2797628 2089343 266301 708285 1253600 705041 427529 277512 216 337386 835743 916214 427313 93600 277309 203 833608 333713 214228 214106 275222 262882 61072 201810 163997 58663 105334 823125 2135
is_linear=0
shrinkage=0.03


Tree=119
num_leaves=31
num_cat=0
split_feature=75 20 4 3 39 75 11 64 3 21 7 22 70 75 39 9 16 70 70 14 70 9 13 7 1 4 6 22 73 64
split_gain=521.401 266.962 98.3956 99.3859 98.7897 94.8831 91.7115 71.4961 70.3573 69.4983 63.4733 62.8605 128.369 65.5078 62.9739 59.7241 56.622 54.5421 82.93 54.3273 53.9929 49.792 48.005 51.8563 59.996 63.1707 60.5476 52.9496 59.3013 86.4997
threshold=0.045960653573274619 0.2834331095218659 0.3114724606275559 0.17248411476612094 0.50316895544528972 0.016084345057606701 0.31061333417892462 -0.98572391271591175 0.051980789750814445 0.98171016573905956 -0.41249345242977137 1.2673993706703188 0.00018181699851993474 0.098490953445434584 0.31061333417892462 1.0000000180025095e-35 0.31061333417892462 0.0044387939851731071 -6.6355085436953218e-05 0.82850518822669994 3.3887728932313628e-05 0.44998097419738775 0.42514967918396002 0.23500321805477145 0.11057801544666292 0.42082132399082189 0.35126896202564245 1.0000000180025095e-35 0.092170838266611113 -0.99758291244506825
decision_type=2 2 2 2 2 2 2 2 2 2 2 2 2 2 2 2 2 2 2 2 2 2 2 2 2 2 2 2 2 2
left_child=5 2 3 21 7 -1 8 -5 15 17 -4 14 13 16 19 -3 -13 18 -9 -10 -20 -2 23 -12 27 26 -26 28 -25 -30
right_child=1 6 10 4 -6 -7 -8 9 11 -11 22 12 -14 -15 -16 -17 -18 -19 20 -21 -22 -23 -24 24 25 -27 -28 -29 29 -31
leaf_value=0.012197987725887292 -0.001008575455044534 0.0013324469101254166 0.0030130968336636913 -0.0012869597530544676 8.6711035776291574e-05 0.0044152390898473436 0.011565913560981644 -0.0040961633444658316 -0.0010426658627194474 -0.025953715911147836 -0.0020974893768846204 -0.021264230823554907 -0.01352433196943109 0.029515477270558053 0.0015487296773899412 0.0046091643838377114 0.02059409324309833 -0.0023825126761866026 -0.013523011036083311 0.008128838106072624 -0.0067149767205263184 0.010437897822937916 0.003267479837530667 -0.0076478652308150747 -0.0026155278661128207 -0.00027762641649962721 -0.011060314602311987 0.00033101221136728305 0.023689261395423759 0.0047004694567323773
leaf_weight=1558.6026746700954 34718.492824964029 19497.233791707884 4674.0378679709684 6662.7377600998225 6684.5021364852437 14684.612998990764 736.66264539491385 9213.0131785099948 25496.227991695661 136.02800378715619 18628.99124844688 49.880331345368177 134.76236263336614 233.55644004419446 16174.512351932121 6737.8210029867187 59.186950190924108 6223.3874532035334 1575.169702350242 590.77225528331473 3193.5945813418366 341.3901821738109 2695.3238437389955 260.80325828399509 2539.458980978452 6885.4151119679445 1092.6570529798628 19765.328780145312 252.29452876775758 1400.5101096513972
leaf_count=27262 419453 196123 65386 84617 117447 203015 3403 194499 290060 668 379120 130 390 257 186690 56009 178 130255 47456 3008 65993 1658 19850 259 46107 118248 35599 347234 792 22763
internal_value=0 -0.000426725 -0.00124583 -0.00201426 -0.00317787 0.00516512 0.00106479 -0.00398604 0.000951909 -0.00486947 -0.000337897 0.000201044 0.0109807 0.020677 7.81425e-05 0.00217474 0.00133597 -0.0047222 -0.0057623 -0.000833579 -0.00897413 -0.000895811 -0.00063083 -0.000837891 -0.000108773 -0.00196773 -0.0051666 0.000793089 0.00555281 0.00765195
internal_weight=212897 196654 126943 68748.3 33688.4 16243.2 69710.6 27003.9 68974 20341.2 58194.8 42738.9 477.386 342.624 42261.5 26235.1 109.067 20205.2 13981.8 26087 4768.76 35059.9 53520.8 50825.5 32196.5 10517.5 3632.12 21678.9 1913.61 1652.8
internal_count=3063929 2833652 2097404 1062046 640935 230277 736248 523488 732845 438871 1035358 480713 955 565 479758 252132 308 438203 307948 293068 113449 421111 969972 950122 571002 199954 81706 371048 23814 23555
is_linear=0
shrinkage=0.03


Tree=120
num_leaves=31
num_cat=0
split_feature=17 33 16 75 5 6 7 7 7 12 73 40 38 19 26 6 6 73 20 32 3 5 6 5 73 1 71 65 6 22
split_gain=513.943 165.891 132.358 125.622 95.2122 90.4193 74.1206 93.9633 73.1962 72.7868 71.8372 63.404 67.8644 57.6182 57.1471 57.1346 79.5285 56.9687 56.0386 54.7231 54.6079 54.5131 52.8744 47.873 51.717 51.7781 63.1491 47.3945 46.4672 43.3923
threshold=0.58756005764007579 1.0000000180025095e-35 1.0000000180025095e-35 0.028065645135939125 1.1000917553901675 0.02389999479055405 -0.35921296477317805 0.66874989867210399 0.25114947557449346 0.37446653842926031 0.01753973122686148 0.80801811814308178 0.91905513405799877 0.37498413026332861 1.0000000180025095e-35 0.39818593859672552 0.39850632846355444 0.16191790252923968 0.88635334372520458 0.75453233718872081 1.1825133562088015 1.3068171739578249 0.10889055579900743 1.2815999984741213 0.68367964029312145 -0.32335843145847315 -0.3750681579113006 0.12925866246223452 0.11574076116085054 1.3449937105178835
decision_type=2 2 2 2 2 2 2 2 2 2 2 2 2 2 2 2 2 2 2 2 2 2 2 2 2 2 2 2 2 2
left_child=1 2 4 -2 20 8 -6 14 -3 10 -4 17 -13 -5 15 23 21 -7 -12 -11 27 -17 -9 -8 25 26 -25 29 -28 -1
right_child=3 5 9 13 6 11 7 22 -10 19 18 12 -14 -15 -16 16 -18 -19 -20 -21 -22 -23 -24 24 -26 -27 28 -29 -30 -31
leaf_value=-0.0015895101216156391 0.0081559221534593766 0.0037575118758384134 0.0082606958437876719 0.0019066935037923534 0.0012285255986082646 0.0023436110338069293 -0.0060215814575169295 -0.0035103967941869027 0.015084453955990812 0.0077086455357724265 -0.00067253686876683186 0.022893050609311301 -0.0054445542415000941 0.0049104729042769753 0.0029665479728710892 -0.031714274655966837 -0.0047403646920339132 -0.00056358652891653094 0.0061929731911759562 -0.0094101792692018529 -0.0092226902360561733 0.017423007342343644 0.0094593202462166757 -0.011632262734076566 -0.020750781968843637 -0.010718716395503971 0.02422230067255262 0.0026235763634158949 -0.015178727905702624 -0.015223217702950395
leaf_weight=42257.722689320377 3896.950999470675 2144.6498934380943 831.21039566279796 29547.744629660039 1799.141650559628 10385.557092943433 5927.2560904136189 566.76438839087496 673.73578894475941 1497.7491923957132 81102.99205405949 227.68657311715651 110.93763983948156 7139.036326675603 577.11810775022605 18.377224759955425 932.90999443343026 14572.043887283333 1080.2203062335029 185.59369057975709 819.08327412771177 251.26139770317241 557.08982082531293 140.19008605687122 400.76918282706174 2134.3105436052138 120.73307627573377 2457.899067497834 31.252123265032424 207.29119192017242
leaf_count=795733 63621 23983 11236 445142 56293 122880 169542 16089 2210 6323 823421 1495 1902 77033 17058 1794 38807 204728 3972 1263 24265 3968 13896 3025 26625 61881 1268 42040 1690 746
internal_value=0 -0.000716486 -0.00112831 0.00303655 -0.00221658 0.00139103 -0.00443463 -0.00530911 0.00648436 -0.00036755 -0.000492957 0.000822441 0.013641 0.00249181 -0.00618882 -0.0067209 -0.000583111 0.000646181 -0.000581944 0.00580074 -0.0015636 0.013643 0.00292539 -0.00756285 -0.0107794 -0.00909919 0.00270104 -0.00142304 0.0159101 -0.0016576
internal_weight=212595 172012 143897 40583.7 59199.2 28114.6 13457.2 11658 2818.39 84697.8 83014.4 25296.2 338.624 36686.8 10534.2 9957.06 1202.55 24957.6 82183.2 1683.34 45742 269.639 1123.85 8754.51 2827.26 2426.49 292.175 44922.9 151.985 42465
internal_count=3063929 2478133 2120935 585796 1274720 357198 411936 355643 26193 846215 838629 331005 3397 522175 325658 308600 44569 327608 827393 7586 862784 5762 29985 264031 94489 67864 5983 838519 2958 796479
is_linear=0
shrinkage=0.03


Tree=121
num_leaves=31
num_cat=0
split_feature=75 16 26 75 16 39 72 65 11 57 6 6 7 5 22 1 6 31 15 21 4 1 20 66 5 28 5 73 9 7
split_gain=501.992 246.808 110.932 96.1069 82.8253 77.7478 69.8775 67.1961 49.7561 50.756 51.8909 74.9077 50.7117 45.8918 55.4015 44.2461 44.1904 42.6672 42.4098 42.0689 41.1676 41.0481 40.8548 40.7695 69.9063 102.161 93.1941 142.604 51.7076 55.9963
threshold=0.047409605234861381 0.22396993637084964 0.22396993637084964 0.021746934391558174 0.53458327054977428 1.0000000180025095e-35 0.77360838651657116 0.010405003093183042 0.37446653842926031 0.31061333417892462 0.029104033485054973 0.0055324055720120677 -0.42589944601058954 0.66012796759605419 0.14931328594684604 -0.71180054545402516 0.32029703259468084 0.87028044462203991 0.58756005764007579 0.37498413026332861 0.20707555115222934 0.11391890794038774 0.88635334372520458 0.078437812626361861 0.20707555115222934 1.0000000180025095e-35 0.51129707694053661 0.26109991967678076 0.17917595058679583 0.24480400979518893
decision_type=2 2 2 2 2 2 2 2 2 2 2 2 2 2 2 2 2 2 2 2 2 2 2 2 2 2 2 2 2 2
left_child=3 2 5 -1 8 6 15 21 9 22 11 12 -11 14 23 -2 -9 -16 20 -12 -5 -7 -3 24 25 28 27 -26 29 -4
right_child=1 4 13 18 -6 7 -8 16 -10 10 19 -13 -14 -15 17 -17 -18 -19 -20 -21 -22 -23 -24 -25 26 -27 -28 -29 -30 -31
leaf_value=0.0097482102229407997 -0.012355581336578611 -0.00036580805305623369 0.011140571307759778 0.001882903879273508 0.0037159685566409677 -0.0010506502265467544 -0.014138958475398089 0.0033120113085791268 0.015931357776457506 0.026850115107241612 -0.0010972557680405171 0.0096488695013989476 -0.00015831422705279066 -0.0010816299631149317 -5.3045011872038107e-05 -0.002797735050391189 -0.0030157440457264199 0.0084581913279898873 0.014846796119967025 0.0015980182330846146 0.0051733472742123334 -0.004494779990849831 0.0063696809859062802 0.014369105749592348 -0.034353464393860084 0.02127090806608652 0.0045963862040200743 0.00096776995353121389 -0.023165891703474141 -0.015625686449807649
leaf_weight=3053.6840753575234 437.96184951369651 39685.123493564577 285.47238011844456 6475.7209202731319 8093.4937868276611 15211.888008857641 502.70474008569727 4534.6398008409014 184.00419104285538 60.799461713992059 6857.117622327758 1578.3964490324724 1807.6184735628776 30280.666235277648 19479.004527807047 35781.503027853149 1267.4564198409207 540.8966986166779 306.77067360316869 21667.316027473425 7283.4312617613614 3915.6930096228898 823.3419830838684 348.62681752827484 160.34309704974294 389.60249154316261 900.23764883656986 273.84175630041864 67.399600237607956 89.034210426732898
leaf_count=52073 10011 384282 582 89124 91699 267853 35752 75032 737 202 68604 6819 22598 523242 217464 715960 38369 5705 4267 254439 97465 82254 3456 4032 232 526 7132 3657 175 186
internal_value=0 -0.000431984 -0.00132793 0.0049251 0.000837898 -0.00219231 -0.00307008 -0.000898848 0.000517081 0.00047701 0.00137057 0.00484564 0.000773635 -0.000318762 0.000706151 -0.00291478 0.00192783 0.00017833 0.00387522 0.000949868 0.00362603 -0.00175674 -0.000228182 0.00489971 0.00334977 0.0101554 -0.000905276 -0.0122605 0.000242492 0.00466746
internal_weight=212344 195224 114467 17119.6 80757.2 61651.8 36722.2 24929.7 72663.7 72479.7 31971.2 3446.81 1868.42 52815.1 22534.5 36219.5 5802.1 20019.9 14065.9 28524.4 13759.2 19127.6 40508.5 2514.56 2165.93 831.509 1334.42 434.185 441.906 374.507
internal_count=3063929 2821000 1988164 242929 832836 1225231 761723 463508 741137 740400 352662 29619 22800 762933 239691 725971 113401 223169 190856 323043 186589 350107 387738 16522 12490 1469 11021 3889 943 768
is_linear=0
shrinkage=0.03


Tree=122
num_leaves=31
num_cat=0
split_feature=17 33 16 75 4 6 36 73 12 40 58 6 9 73 12 1 73 74 32 66 21 20 6 22 66 2 15 6 32 66
split_gain=496.178 156.44 123.107 119.612 98.6307 85.5 68.3415 67.5875 67.5896 62.2639 64.6276 59.1976 55.5403 53.2481 52.7278 51.2405 54.1297 53.8716 51.2104 50.7866 58.0374 50.3122 46.1394 43.3127 67.3547 43.0132 40.9496 47.0939 107.068 41.8372
threshold=0.58756005764007579 1.0000000180025095e-35 1.0000000180025095e-35 0.028065645135939125 0.14931328594684604 0.02389999479055405 0.90452465415000927 0.01753973122686148 0.37446653842926031 0.80801811814308178 0.91905513405799877 0.021199905313551429 0.84242001175880443 0.15837959945201877 0.56247621774673473 0.11391890794038774 0.20639491826295855 0.30964486300945288 0.75453233718872081 -0.001108932541683316 1.1570261120796206 0.88635334372520458 0.39159533381462103 1.0000000180025095e-35 -0.17482453584671018 -0.18572372943162915 0.46720869839191442 0.40833660960197454 0.7184627652168275 0.0010059467167593541
decision_type=2 2 2 2 2 2 2 2 2 2 2 2 2 2 2 2 2 2 2 2 2 2 2 2 2 2 2 2 2 2
left_child=1 2 4 -2 19 11 15 -4 21 13 -11 -3 14 -7 26 -6 23 22 -10 20 -1 -9 -18 24 25 -17 27 29 -29 -5
right_child=3 5 7 12 6 9 -8 8 18 10 -12 -13 -14 -15 -16 16 17 -19 -20 -21 -22 -23 -24 -25 -26 -27 -28 28 -30 -31
leaf_value=-0.0027617015405487018 0.0080018849579998295 0.0032851040864491227 0.008097448791733991 0.0030295431202858121 -0.00061838457058276803 0.002295534535857281 -0.0075199833674488431 -0.00066352608804650152 0.0073820559502731 0.022505487953457786 -0.005275945790820356 0.012604133745219659 0.017548238093070354 -0.00052795161769680129 0.015250996740749452 -0.0038912791451803136 -0.002007452268732867 -0.0075579618427774834 -0.0091976405202184013 -0.0070711701790142027 -0.026946135619059043 0.0058486470792757659 0.0041308313315871273 -0.0048262771853640899 -0.0050595392577314153 -0.03513305194275914 0.0063712226864932097 -0.003373500546270568 0.0058095309002879634 2.6667121512529091e-05
leaf_weight=7430.8833799873828 3870.0604060029873 1904.2113334474998 835.77754189448024 23595.551863109096 30690.21153590098 10100.098079553674 1652.5515001622261 80901.141661663729 1481.1718521977309 227.73496509599499 109.40406067669392 905.57562545174733 214.36198825924657 14833.871819606109 279.8468929589726 54.174013390671462 9863.6541516839934 1401.6399251876974 185.33696071151644 4562.0417536786263 86.504788626916707 1077.9234111437108 1236.5011517060047 1625.4456584528671 276.46043654344976 160.08234127634205 2058.148886101786 3728.4526354295376 1642.7895188066177 5077.1688806868333
leaf_count=123060 63621 22930 11289 313163 644631 119127 61667 823421 6275 1494 1903 3263 1300 208481 1563 149 199247 72300 1258 103609 281 3972 30635 38169 545 427 23072 71297 23798 87982
internal_value=0 -0.000704685 -0.00110537 0.00298807 -0.00215635 0.0013429 -0.00153408 -0.000370758 -0.000455809 0.000790229 0.0135209 0.00630381 0.00245692 0.000615773 0.00236596 -0.00131501 -0.00277668 -0.00202373 0.00551788 -0.00457386 -0.00305478 -0.000577563 -0.00132203 -0.00721065 -0.0149966 -0.0274704 0.00226428 0.00201514 -0.000561808 0.00249805
internal_weight=212069 171602 143522 40466.4 59040.2 28080.9 46960.7 84481.4 83645.6 25271.1 337.139 2809.79 36596.3 24934 36382 45308.2 14618 12501.8 1666.51 12079.4 7517.39 81979.1 11100.2 2116.16 490.717 214.256 36102.1 34044 5371.24 28672.7
internal_count=3063929 2478133 2120935 585796 1274720 357198 1047770 846215 834926 331005 3397 26193 522175 327608 520875 986103 341472 302182 7533 226950 123341 827393 229882 39290 1121 576 519312 496240 95095 401145
is_linear=0
shrinkage=0.03


Tree=123
num_leaves=31
num_cat=0
split_feature=17 56 75 26 75 18 25 2 12 16 72 31 1 50 74 2 20 65 26 64 3 21 1 69 74 70 36 75 3 70
split_gain=485.6 151.059 116.771 83.8427 77.8274 70.6149 69.5982 76.3705 58.1659 54.0372 53.7466 46.4798 43.368 52.7596 52.0703 40.1791 53.1093 47.81 38.975 37.7102 58.3058 43.7398 50.7507 39.7841 36.7537 33.1424 80.9526 37.8647 35.4343 41.0822
threshold=0.58756005764007579 1.0000000180025095e-35 0.029818445444107059 0.22396993637084964 0.034738782793283469 0.22396993637084964 0.31061333417892462 -0.96714979410171498 0.50316895544528972 0.58756005764007579 0.77360838651657116 0.93735873699188244 0.43639770150184637 1.0000000180025095e-35 1.0000000180025095e-35 -0.027331230230629441 0.42082133889198309 -0.011046261526644228 0.91905513405799877 -0.51751914620399464 0.048794252797961242 1.0000000180025095e-35 -0.016483853571116921 -0.73975828289985646 0.0021170956315472726 0.034352451562881477 0.54616111516952526 0.5853250026702882 0.1839648634195328 -0.014315661974251269
decision_type=2 2 2 2 2 2 2 2 2 2 2 2 2 2 2 2 2 2 2 2 2 2 2 2 2 2 2 2 2 2
left_child=1 3 24 5 -3 10 12 -8 -5 -4 15 -9 -6 14 -14 16 17 -1 -11 20 21 22 -7 -24 -2 28 -27 -28 29 -17
right_child=2 4 9 8 6 19 7 11 -10 18 -12 -13 13 -15 -16 25 -18 -19 -20 -21 -22 -23 23 -25 -26 26 27 -29 -30 -31
leaf_value=-0.0024939363806369646 0.0049991164495325905 0.0063539442738638685 0.0018470655438593843 -0.00068272654754378606 -0.00024207305656372653 -0.00585264325429013 0.020477628320524462 0.0010690369280431887 0.017104594646649908 0.0039565472134262692 -0.015929550414443754 0.0069929269967848665 -0.018708310202912005 0.0019626083960390568 -0.0048461741526505423 0.028640097553368396 0.023997390575415986 -0.010015161943721488 0.010802387603609156 -0.0028174444482974462 -0.0014763358977868655 0.0018142974936048125 9.1316547839794706e-05 0.026153724965340065 0.010462242123107859 -0.0013440833618992257 0.036979645218194565 -0.013090089582000022 -0.0054391016490899563 -0.00091597338368609119
leaf_weight=1187.8626895857742 2431.0489848599682 1837.688411479452 29574.215324284742 45619.810419983172 54978.207229425796 91.998423564247787 187.62122828327119 18822.163578146574 162.04820211883634 5479.2198945948767 370.05085603521729 1269.3203107218724 293.02332559460774 822.51038407551823 1405.2398473655048 39.288210431812331 45.543268771609291 2136.7894346195462 866.79752426862251 18103.129362358566 16646.374711812648 1630.7030573056545 70.94069189298898 205.47717560731689 2063.5000361491984 388.51407911860588 79.492753172060475 13.98915591748664 3077.4281284266181 1894.6309263584262
leaf_count=36322 29844 27335 425073 532615 823475 170 682 189474 667 80572 31826 9515 2157 14039 30201 323 362 76651 7906 299719 272636 16199 182 293 42401 10957 418 471 88573 12871
internal_value=0 -0.000697592 0.00295793 -0.00152719 0.000258563 -0.00243201 0.000114168 0.00162515 -0.00061818 0.00238678 -0.00477731 0.00144483 -0.000418732 -0.0042634 -0.00727897 -0.00430423 -0.00688279 -0.00733549 0.00489854 -0.00184214 -0.000894561 0.00394083 0.0132207 0.0195778 0.00751537 -0.00271759 0.0047644 0.0292111 -0.00344134 -0.000255334
internal_weight=211795 171380 40414.8 91764.1 79615.8 45982.2 77778.1 20279.1 45781.9 35920.2 9233.59 20091.5 57499 2520.77 1698.26 8863.54 3370.2 3324.65 6346.02 36748.6 18645.5 1999.12 368.416 276.418 4494.55 5493.34 481.996 93.4819 5011.35 1933.92
internal_count=3063929 2478133 585796 1381255 1096878 847973 1069543 199671 533282 513551 258774 198989 869872 46397 32358 226948 113335 112973 88478 589199 289480 16844 645 475 72245 113613 11846 889 101767 13194
is_linear=0
shrinkage=0.03


Tree=124
num_leaves=31
num_cat=0
split_feature=75 20 26 75 11 3 7 7 7 64 65 3 20 19 18 69 22 66 70 69 70 69 73 73 71 9 75 69 7 73
split_gain=476.931 230.433 102.97 91.0051 80.6006 77.4191 99.6141 127.249 71.4522 67.3483 76.4562 64.5534 90.5264 71.5009 61.271 60.9452 60.0166 88.9175 95.1954 73.3206 63.267 57.6776 57.3204 57.9758 64.2118 53.1826 49.5909 48.3102 47.2089 47.105
threshold=0.047409605234861381 0.2834331095218659 0.31061333417892462 0.016084345057606701 0.31061333417892462 0.17248411476612094 0.041677778586745269 0.44436888396739965 -0.56683048605918873 -0.9832119047641753 0.13979972153902057 0.097351741045713439 1.2361049652099612 1.2461724281311037 0.22396993637084964 -0.29399639368057245 1.0000000180025095e-35 -0.13452735543251035 -0.0014132139040157197 -0.99244230985641468 -0.00088677677558735002 -0.77673667669296254 0.058891464024782188 0.098919879645109191 -0.070379287004470811 0.64769724011421215 1.0757379531860354 -0.33960065245628351 0.23984282463788989 0.80621853470802318
decision_type=2 2 2 2 2 2 2 2 2 2 2 2 2 2 2 2 2 2 2 2 2 2 2 2 2 2 2 2 2 2
left_child=3 2 5 -1 11 15 8 9 -7 -8 14 13 -13 25 21 16 17 19 -19 -2 28 -11 -22 -24 -25 -3 -10 -26 -20 -12
right_child=1 4 -4 -5 -6 6 7 -9 26 10 29 12 -14 -15 -16 -17 -18 18 20 -21 22 -23 23 24 27 -27 -28 -29 -30 -31
leaf_value=0.011813788154029971 -0.0097986188619750732 0.0016655741083784733 -6.0887457005221828e-05 0.0041280138779356337 0.010966053428071113 -0.0097249116812684003 -0.0018110955848711524 -3.5318247196883998e-05 0.00045718716747384877 -0.0048594657085922329 0.0035411339992893033 -0.0002035739099714024 0.021783368465369317 -0.033068491289210467 -0.0048995597730945775 -0.0019683757090264049 -0.00029293524718643227 -0.0106451799643646 0.035521113694890166 0.023500358793581814 -0.01907146176703059 -0.01135683568596374 0.014055542437487979 0.0072566305681021469 -0.0096655650778226434 0.010970068647232663 -0.016285566889590666 0.022951577736066285 0.0050306098815787416 -0.01006703939714256
leaf_weight=1521.7758097008191 69.944306208752096 34642.247803761828 46481.791457631247 15471.778520406326 715.63714180653915 687.55305684168707 5703.1537853393093 6930.5375846763054 10950.165106225046 2024.2108875812119 1205.5356733242224 32465.628216414872 165.41200391761959 48.961080904118717 11369.265324702821 19833.868442310457 14494.520403002287 414.88689816254191 97.964324620552361 328.05715363426134 93.07964844093658 3179.5018273738242 429.07380315242335 673.23640875867568 463.41134325112216 558.19151238189079 157.55932286205643 40.925458135083318 86.292580234818161 278.34064916158968
leaf_count=27262 106 376482 624507 215667 3356 28083 79289 155880 239341 45491 21566 343256 134 87 232221 273097 250522 1054 125 410 336 117775 967 1548 1089 3085 7938 60 166 13029
internal_value=0 -0.00042095 -0.0011827 0.00481916 0.000978108 -0.00183842 -0.00271231 -0.00361279 -0.00036852 -0.00465592 -0.0055536 0.000872103 -8.93244e-05 0.00176215 -0.00613764 -0.000835331 0.000471764 0.00457771 0.00229492 0.017598 0.00516346 -0.00883594 0.00332413 0.00466853 0.00120836 0.00181448 0.000213515 -0.00685015 0.0216758 0.000965331
internal_weight=211583 194589 125993 16993.6 68596.1 79511.1 42485.8 30690.5 11795.3 23760 18056.9 67880.4 32631 35249.4 16573 37025.3 17191.4 2696.87 2298.87 398.001 1883.98 5203.71 1699.73 1606.65 1177.57 35200.4 11107.7 504.337 184.257 1483.88
internal_count=3063929 2821000 2094600 242929 726400 1470093 940613 665251 275362 509371 430082 723044 343390 379654 395487 529480 256383 5861 5345 516 4291 163266 4000 3664 2697 379567 247279 1149 291 34595
is_linear=0
shrinkage=0.03


Tree=125
num_leaves=31
num_cat=0
split_feature=17 55 15 26 3 7 7 66 70 71 6 72 66 3 7 22 6 17 4 71 7 6 6 7 7 12 32 3 74 7
split_gain=466.585 144.65 116.526 98.3497 106.304 91.1189 89.3521 69.9613 90.4538 76.604 68.9988 65.2519 59.9319 58.4011 61.2804 56.9955 80.6336 71.2968 55.602 53.4556 49.9915 48.9512 81.7271 105.254 54.3042 48.1269 46.3616 43.9414 52.3085 55.2586
threshold=0.56247621774673473 0.31061333417892462 0.46720869839191442 0.42514967918396002 0.2035058066248894 0.041677778586745269 0.44318099319934851 -0.20740335434675214 -0.024905190803110596 -0.055533181875944131 0.02389999479055405 0.40642292797565466 0.0083733918145298975 0.026772505603730682 -0.06856480240821837 0.20707555115222934 0.075978700071573271 1.0000000180025095e-35 0.37498413026332861 0.0098657552152872103 0.25114947557449346 0.014005722478032114 0.051660211756825454 -0.42330242693424219 -0.41155323386192316 0.53458327054977428 0.88918808102607738 0.23910008370876315 0.023677329532802108 0.20120380073785785
decision_type=2 2 2 2 2 2 2 2 2 2 2 2 2 2 2 2 2 2 2 2 2 2 2 2 2 2 2 2 2 2
left_child=1 3 13 4 -1 21 7 -7 27 11 20 12 -10 14 -2 16 -14 -18 -15 -11 -3 24 -23 -24 -6 26 -5 -9 -29 -30
right_child=2 10 -4 25 5 6 -8 8 9 19 -12 -13 15 18 -16 -17 17 -19 -20 -21 -22 22 23 -25 -26 -27 -28 28 29 -31
leaf_value=-0.00074962766234830793 0.012783216918954459 0.0036891125020218742 0.0077943867829160041 0.0002072737294931687 -0.0018684371616031694 -0.0030372075300248774 -0.0006833283596877765 0.021948282298780559 -0.0063610509442315003 -0.017467114136714514 0.00069128851861844222 -0.013655196470645295 -0.010475386385580349 0.00042116260125543985 0.0034263613972865727 -0.003457026391428033 0.0030168942234261547 0.025662279054436354 0.0029382508669315846 -0.0086291708940657106 0.01399477690833026 0.0047078924367024173 -0.0069877174578191212 0.00050386616168533271 -0.016385506695744258 0.015356280298486961 -0.0076855060011291497 -0.015040272947829583 -0.0071996925609765471 0.0089842355948090164
leaf_weight=51660.933468863441 663.23838229628745 2095.3953495199094 3588.7657801203313 36020.560241928193 683.83998666057596 14429.700888933665 7476.2841937274061 87.343721134813677 3628.1713389647266 798.85020777671161 26472.422248031769 714.56184690097871 170.76205314241815 18357.16483527259 11634.352959043492 1370.5336386580311 281.91343563073315 223.51867765979841 13867.760934767546 2775.6275002918555 529.47183999558911 2565.7356086088257 2240.6338327819249 6799.0247676670551 348.53739509357547 182.07632077205926 678.4743627035059 164.45829546824098 289.12202274921583 535.50830299773952
leaf_count=652045 7405 24502 47381 399860 12924 236774 157598 1061 65263 27443 364939 25024 3256 311253 131099 28039 5406 740 179498 79292 1751 39592 66446 146577 11250 809 12968 1287 9504 12943
internal_value=0 -0.000765311 0.00259626 -0.00118129 -0.00168156 -0.00273748 -0.00356814 -0.00441451 -0.00621247 -0.00710485 0.00115193 -0.0051306 -0.00404756 0.0021765 0.00393536 5.5697e-05 0.00716048 0.0131631 0.00150474 -0.0106229 0.00578775 -0.000571178 -1.29218e-05 -0.00135482 -0.00681816 0.000137704 6.04115e-05 0.00203933 0.000195373 0.00329723
internal_weight=211335 163223 48111.3 134126 97245.1 45584.1 32946.4 25470.1 11040.4 9963.94 29097.3 6389.46 5674.9 44522.5 12297.6 2046.73 676.194 505.432 32224.9 3574.48 2624.87 12637.8 11605.4 9039.66 1032.38 36881.1 36699 1076.43 989.089 824.63
internal_count=3063929 2387293 676636 1996101 1582464 930419 653630 496032 259258 234463 391192 127728 102704 629255 138504 37441 9402 6146 490751 106735 26253 276789 252615 213023 24174 413637 412828 24795 23734 22447
is_linear=0
shrinkage=0.03


Tree=126
num_leaves=31
num_cat=0
split_feature=75 20 26 75 11 39 18 5 15 21 18 21 2 1 28 36 75 6 6 32 36 69 28 6 73 6 18 64 64 2
split_gain=460.594 220.495 103.344 84.3923 83.9762 74.3126 71.4416 52.4524 62.8177 66.7158 66.6351 50.2828 49.679 63.4485 48.672 59.9413 47.5242 51.5924 46.5638 56.7964 45.7734 45.3606 45.2097 52.9799 43.1038 39.7243 39.6505 50.0596 39.2013 65.8456
threshold=0.045960653573274619 0.3114724606275559 0.22396993637084964 0.016084345057606701 0.31061333417892462 1.0000000180025095e-35 0.22396993637084964 0.66635978221893322 1.0000000180025095e-35 1.0000000180025095e-35 0.56247621774673473 0.98759847879409801 -0.054081872105598443 0.4692430198192597 0.24964435398578647 0.35638883709907537 0.20715971291065219 0.029104033485054973 0.32805556058883673 1.0936229228973391 0.63989907503128063 -0.90658560395240773 1.0000000180025095e-35 0.13423972576856616 0.19685996323823932 0.2937582284212113 0.58756005764007579 -0.98222899436950672 -0.99996706843376149 0.083490055054426207
decision_type=2 2 2 2 2 2 2 2 2 2 2 2 2 2 2 2 2 2 2 2 2 2 2 2 2 2 2 2 2 2
left_child=3 2 5 -1 14 6 12 22 -9 10 21 28 13 -2 16 -16 -3 20 19 -7 -18 -10 -8 -24 -20 -17 -12 -28 29 -4
right_child=1 4 11 -5 -6 18 7 8 9 -11 26 -13 -14 -15 15 25 17 -19 24 -21 -22 -23 23 -25 -26 -27 27 -29 -30 -31
leaf_value=0.011644059258628865 -0.0064642714142498121 0.0010755816952829763 0.00015027951266147308 0.0041878178202821867 0.011536358419680605 -0.00012988605341883799 -0.0037859544690157596 -0.0020223544440954567 -0.022123821621464639 0.00020560646059740882 0.037351897093672586 -0.012528455315728496 -0.003432041906313508 -0.018700486087808745 0.0104619836684687 0.0046052557941513774 0.0011973673505496832 -0.0018676503521073654 -0.00074770779376402208 0.017654298231409155 0.012747948585804938 0.0067406732459303767 -0.020115101281798529 -0.0015829633043924864 -0.0052786678011988624 0.001014435090110743 0.027136195227788849 0.0018870074420013509 -0.00037573663718027046 0.0088534537951834424
leaf_weight=1507.4424341243503 2702.7599012870924 33891.571696345796 2566.5633485527942 14487.144167616854 677.96645257761702 19961.128193563753 5173.9467018222058 22003.744429048005 60.714779012836516 2008.1633723819978 84.179670481942594 294.95708896487486 5219.253021137527 443.05104492264218 792.24513366539031 3814.1281110984273 1797.5779914469458 11110.869883622858 4323.529630934645 158.93861986882985 369.40482420288026 197.73830758780241 341.0437559816055 234.46872844651807 3358.656269180181 10158.39809647364 130.31710961600766 151.37486055400223 61941.971419279915 1122.2264711606549
leaf_count=27262 99906 395178 14582 203015 3263 311116 47845 455323 202 23801 67 2201 127517 26171 4093 24550 14002 106270 92435 696 1867 624 2165 3466 97863 111088 113 249 861157 5842
internal_value=0 -0.000401292 -0.00109466 0.00489356 0.00106568 -0.00192857 -0.00277768 -0.00210107 -0.0014982 0.00287771 0.0114095 -0.000252679 -0.00523269 -0.00821059 0.000950252 0.00245327 0.000479519 -0.00104145 -0.000744696 1.38578e-05 0.00318832 -0.000256755 -0.00468076 -0.0126358 -0.00273095 0.00199599 0.0195763 0.0138 -0.00019668 0.00280595
internal_weight=211085 195091 132479 15994.6 62612.2 66553 38750.8 30385.7 24636.2 2632.49 624.325 65925.7 8365.06 3145.81 61934.2 14764.8 47169.4 13277.9 27802.3 20120.1 2166.98 258.453 5749.46 575.512 7682.19 13972.5 365.872 281.692 65630.8 3688.79
internal_count=3063929 2833652 2173341 230277 660311 1289559 787449 533855 480379 25056 1255 883782 253594 126077 657048 139731 517317 122139 502110 311812 15869 826 53476 5631 190298 135638 429 362 881581 20424
is_linear=0
shrinkage=0.03


Tree=127
num_leaves=31
num_cat=0
split_feature=17 75 73 13 50 71 6 6 61 6 7 17 7 75 26 6 6 7 74 36 73 61 7 1 1 61 1 65 32 15
split_gain=452.454 149.534 122.758 104.722 90.5441 67.7341 67.5062 70.1574 99.4552 84.6217 91.7769 80.4586 70.2053 67.2474 66.9679 58.8879 58.5455 67.4802 73.9425 60.9368 58.4088 58.221 57.7512 54.4066 53.815 72.6304 69.2794 51.4757 50.6759 50.2411
threshold=0.53458327054977428 0.039157260209321983 0.13829530030488971 0.31061333417892462 1.0000000180025095e-35 0.0098657552152872103 0.39159533381462103 0.30568799376487737 -0.2245741859078407 0.088708333671093001 -0.41662734746932978 0.42514967918396002 0.27237541973590856 0.14545133709907535 1.0000000180025095e-35 0.078510805964469924 0.10278788954019548 0.68595293164253246 0.032314699143171317 0.48623421788215643 0.025321914814412597 -0.96714979410171498 -0.059700617566704743 0.50776728987693798 0.43639770150184637 -0.050485791638493531 -0.19286596775054929 0.27005887031555181 0.53307747840881359 1.0000000180025095e-35
decision_type=2 2 2 2 2 2 2 2 2 2 2 2 2 2 2 2 2 2 2 2 2 2 2 2 2 2 2 2 2 2
left_child=2 -2 5 4 6 20 7 9 12 10 15 24 -9 -13 -10 -4 19 28 -19 -11 -1 -5 29 27 26 -26 -12 -21 -18 -3
right_child=1 22 3 21 -6 -7 -8 8 14 16 11 13 -14 -15 -16 -17 17 18 -20 23 -22 -23 -24 -25 25 -27 -28 -29 -30 -31
leaf_value=0.0068967938590966714 0.0057873467837768417 0.0018768069283776018 0.0019241593443259141 0.016932649652760944 0.00019554339660969093 -0.0019777054825280832 0.00011983752102463107 -0.013058680562423812 -0.0074479725423696568 0.0034336248409138452 -0.0074819729145587204 -0.010018907857267867 -0.0048681762705326728 0.0030610100156541471 -0.0019342062009940204 -0.01117831442475453 -0.0021888820515166265 -0.0059932606779120748 0.016828600793269227 -0.0026447331920322983 0.00098959484450660495 0.0011027151947684229 0.0013642449236156628 -0.025530977382070903 -0.017754811415911131 -0.0032569605719061805 -0.0030846600870435767 0.037318854202954013 0.0025837749788362517 0.010360610650880663
leaf_weight=1589.1810370052408 9222.4377423263941 1288.0753045384772 4060.487107151479 209.10302051855251 20253.18707328006 6973.9583085108898 11360.843263818999 1590.4520490722498 2361.3457922862144 4961.6155880768492 4149.0478077314619 414.22119892504998 2328.0035348640668 2289.9165525646531 12316.72921108306 330.06055886828108 19573.750312949276 193.73885924415663 360.69295351376059 1522.6163806060213 27853.190790582768 11376.388629936788 44912.71359235335 88.973232759046368 619.4057183174591 626.77681296836818 14526.170944468737 25.56794391409494 2226.1787745554611 1229.3091859399574
leaf_count=19627 139122 20823 56007 883 332506 105736 231741 57766 85248 41123 78094 3205 53906 19256 211394 7821 335606 1633 6636 8990 288669 85151 604572 517 20697 13405 193816 71 28151 11757
internal_value=0 0.00229259 -0.000842428 -0.00131316 -0.00160869 0.000679698 -0.00203399 -0.0023622 -0.00395878 -0.00183139 -0.00303892 -0.00380911 -0.00820367 0.00104392 -0.00282333 0.000928875 -0.000704218 -0.00143724 0.00885994 0.00177771 0.00130949 0.00139456 0.00161254 -0.00323415 -0.00446817 -0.0105004 -0.00406324 -0.00188737 -0.00170091 0.00603133
internal_weight=210834 56652.5 154182 117765 106180 36416.3 85926.6 74565.8 18596.5 55969.2 27016.1 22625.5 3918.46 2704.14 14678.1 4390.55 28953.1 22354.4 554.432 6598.77 29442.4 11585.5 47430.1 1637.16 19921.4 1246.18 18675.2 1548.18 21799.9 2517.38
internal_count=3063929 776274 2287655 1873623 1787589 414032 1455083 1223342 408314 815028 392301 328473 111672 22461 296642 63828 422727 372026 8269 50701 308296 86034 637152 9578 306012 34102 271910 9061 363757 32580
is_linear=0
shrinkage=0.03


Tree=128
num_leaves=31
num_cat=0
split_feature=17 17 75 55 3 36 14 12 9 73 9 58 51 28 18 7 7 71 61 32 14 1 70 70 7 3 57 11 22 35
split_gain=445.859 155.007 99.1363 84.364 67.417 61.136 58.3335 54.0855 52.8703 52.7086 50.0174 45.9954 44.5232 44.3259 59.2801 49.2388 44.3275 42.2663 41.895 41.0786 40.998 40.7693 39.9947 40.4679 39.9027 38.8537 38.5552 38.1997 38.1658 43.0431
threshold=0.61035025119781505 0.37446653842926031 0.023934200406074527 0.37446653842926031 0.049702063202857978 0.90452465415000927 0.78919351100921642 0.31061333417892462 1.0000000180025095e-35 0.13023994117975238 0.84242001175880443 1.0000000180025095e-35 1.0530250668525698 0.20707555115222934 1.0000000180025095e-35 -0.007851991802453993 0.44318099319934851 0.0072768034879118213 0.16617599129676822 1.0000000180025095e-35 0.22396993637084964 0.55675661563873302 -0.0075720280874520532 2.7814849090646024e-05 -0.57484117150306691 0.20095144212245944 0.68507987260818493 0.37446653842926031 1.0000000180025095e-35 1.0000000180025095e-35
decision_type=2 2 2 2 2 2 2 2 2 2 2 2 2 2 2 2 2 2 2 2 2 2 2 2 2 2 2 2 2 2
left_child=1 3 -2 5 8 7 19 9 -3 17 20 13 -8 14 15 24 22 18 -1 27 -4 26 -17 -24 -11 -7 -15 -6 29 -10
right_child=2 4 10 -5 6 25 12 -9 28 11 -12 -13 -14 21 -16 16 -18 -19 -20 -21 -22 -23 23 -25 -26 -27 -28 -29 -30 -31
leaf_value=0.0010639056780931645 0.0089083105128130256 0.00095169801630556688 0.0015404678590309623 0.0010686706025567528 -0.0016523829403555343 -0.0028822050094077525 0.0059728194674494679 0.0054497216368269057 -0.01647942866954975 -0.013095532712497695 0.01825765639822105 -0.00061710851298806533 -0.013912598649124742 0.00048308475964499773 -0.002347692716958089 -0.0038189357103091464 0.0035578394440580817 -0.0034556937798693559 0.015310479371993849 0.00023431996490940978 0.0037325388007027516 -0.0092259755407159954 -0.01732752874004603 -0.0081771219193928681 0.0049585745509636648 -0.010270495219202275 -0.017762319237814555 0.028294534069720413 0.0047476921466057097 0.013841509499106196
leaf_weight=7819.8842441092274 2509.0823256384901 17311.751243037535 15673.898618145497 11357.369017778372 16611.202962148614 1432.572663369705 1862.7445117519237 981.11435109120794 150.75636091828346 134.85417616264021 181.32303101895377 19211.64042192683 103.29813737142831 7634.8475391468091 45122.961455186138 977.34391672194761 283.23549918214849 2012.3017874206998 186.39805934741162 34106.297567530259 15087.062114208922 428.9495510271372 660.66808290316112 1317.5202696557535 529.12554009942687 1164.7308393148705 101.67244039557409 34.419196460396051 5533.0252687745087 54.309604328125715
leaf_count=72049 44261 168288 258885 181455 196253 33741 9830 5498 276 11883 1208 301632 793 112072 748487 34265 15945 28132 1091 432477 199707 9184 30636 51639 26350 41939 2339 97 43456 61
internal_value=0 -0.000599922 0.00317628 -0.00136722 0.000426482 -0.0016747 -0.000165187 -0.00153966 0.00177969 -0.00161931 0.00271024 -0.0018876 0.00489961 -0.00231423 -0.00265507 -0.00620167 -0.00772597 0.000426161 0.00140363 -0.000361847 0.00261609 -0.000266989 -0.0088122 -0.0112642 0.00122859 -0.00620783 0.000233669 -0.00158341 0.00427456 -0.00831653
internal_weight=210576 177125 33451.4 101357 75767.8 89999.8 52718 87402.5 23049.8 86421.4 30942.3 76402.8 1966.04 57191.2 49025.7 3902.75 3238.77 10018.6 8006.28 50751.9 30761 8165.47 2955.53 1978.19 663.98 2597.3 7736.52 16645.6 5738.09 205.066
internal_count=3063929 2559868 504061 1708337 851531 1526882 639450 1451202 212081 1445704 459800 1344432 10623 1042800 919205 170718 132485 101272 73140 628827 458592 123595 116540 82275 38233 75680 114411 196350 43793 337
is_linear=0
shrinkage=0.03


Tree=129
num_leaves=31
num_cat=0
split_feature=17 17 16 55 5 4 5 7 7 72 3 13 9 36 4 9 22 22 1 29 1 7 64 73 1 2 3 5 74 64
split_gain=433.846 150.566 94.7307 79.8584 72.3095 63.9431 79.4599 63.224 66.7806 96.3541 61.9525 58.0276 53.4015 49.1626 46.6122 56.3925 45.4897 46.3609 89.0321 57.128 56.5703 52.734 99.2551 78.7326 58.3503 63.6618 85.5642 73.1529 61.0382 65.5196
threshold=0.61035025119781505 0.37446653842926031 0.65050083398818981 0.37446653842926031 1.1620228886604311 0.55233678221702587 1.4283766150474551 0.049958098679780967 0.66874989867210399 0.13873749971389773 0.049702063202857978 0.65050083398818981 1.0000000180025095e-35 1.0108244419097903 0.24964435398578647 0.42766661942005163 1.1532793641090395 1.0000000180025095e-35 0.14097986370325091 1.0000000180025095e-35 0.098487243056297316 0.24397265166044238 -0.99999907612800587 0.17427299916744235 -0.086158018559217439 0.15617071837186816 0.3085841983556748 0.3114724606275559 0.020463615655899051 0.76303547620773327
decision_type=2 2 2 2 2 2 2 2 2 2 2 2 2 2 2 2 2 2 2 2 2 2 2 2 2 2 2 2 2 2
left_child=1 3 -2 4 13 7 -7 -6 9 -9 12 -12 -3 14 15 -1 17 18 20 -20 21 22 -16 -23 25 27 -27 -24 29 -29
right_child=2 10 -4 -5 5 6 -8 8 -10 -11 11 -13 -14 -15 16 -17 -18 -19 19 -21 -22 23 24 -25 -26 26 -28 28 -30 -31
leaf_value=-0.0021500563851520826 0.0025836917679660045 0.00088416782964760761 0.0077740668536271 0.0010193848058802862 0.00044662169243649558 -0.00049614276507791962 0.023599590332492239 -0.0035001446409204519 0.0011557904195167996 -0.010368965264182003 -0.00028246666516379464 0.0072268966924076763 0.0042229329786679544 -0.0073749172840635382 -0.028402567897872232 0.012903302400742429 0.019268160812620994 -0.0009760887389853258 -0.0053125524357968109 0.02487291758885872 0.016889380856091738 0.018967236284915839 0.035378639841836916 0.00085292848940296941 -0.0049751249296822722 0.032430683691908151 0.0051854596234436438 -0.019169628876946201 0.004576432979923036 0.013535940501637542
leaf_weight=34446.63205012797 29890.120024653967 17291.928443288169 3538.5546081093489 11369.362307833653 1898.9624880547926 569.04437257867539 153.02332611731254 4034.9734114010644 1139.0214068056957 3385.8023299778579 51691.091597007806 938.99896221514791 5743.4019002965651 1188.0738664849196 94.073083104332909 221.43206546548754 99.741831135004759 37833.723472786442 1394.7560649216321 54.836297802918125 310.48203101707622 424.4714946905151 50.999438311904669 437.27764866047073 660.03950937883928 160.06982785381842 288.75228825508384 228.33348858682439 720.71354337997036 68.952626765239984
leaf_count=467969 439924 168288 64137 181455 54506 20736 1489 67703 27175 145800 635098 4352 43793 37596 141 1035 551 628924 30409 453 2077 454 56 10888 7141 509 6161 680 14300 129
internal_value=0 -0.000592312 0.00313411 -0.00134898 -0.0016487 -0.00390608 0.004706 -0.00450266 -0.00560086 -0.00663862 0.000419994 -0.000147864 0.00171741 -0.00132768 -0.00123454 -0.0020523 -0.00057234 -0.000620559 0.00212568 -0.00410227 0.00474995 0.00352575 0.00112059 0.00982709 0.00244764 0.00568306 0.0151129 0.00167814 -0.000137633 -0.01149
internal_weight=210328 176899 33428.7 101234 89864.2 11180.8 722.068 10458.8 8559.8 7420.78 75665.4 52630.1 23035.3 78683.4 77495.3 34668.1 42827.2 42727.5 4893.76 1449.59 3444.16 3133.68 2271.93 861.749 2177.86 1517.82 448.822 1069 1018 297.286
internal_count=3063929 2559868 504061 1708337 1526882 317409 22225 295184 240678 213503 851531 639450 212081 1209473 1171877 469004 702873 702322 73398 30862 42536 40459 29117 11342 28976 21835 6670 15165 15109 809
is_linear=0
shrinkage=0.03


Tree=130
num_leaves=31
num_cat=0
split_feature=17 15 57 20 3 73 26 18 22 66 27 2 6 37 65 20 3 73 7 6 6 7 73 6 6 7 2 5 74 65
split_gain=423.314 129.023 112.501 71.3254 64.4153 62.6403 56.7349 53.1129 47.5183 47.3029 46.5821 53.1635 50.5077 52.4615 45.9846 45.2043 44.8999 44.4451 76.139 53.5882 53.4715 53.8356 44.4129 45.1718 67.4135 60.1776 53.789 52.3167 43.4356 50.5128
threshold=0.50316895544528972 0.42514967918396002 1.0000000180025095e-35 1.0470444560050967 0.051980789750814445 0.037166325375437743 0.22396993637084964 0.22396993637084964 1.4270153045654299 0.011110922787338497 0.20707555115222934 -1.1736065149307249 0.32422405481338507 1.0000000180025095e-35 0.0099335550330579298 0.69700348377227794 0.16816589981317523 0.19875176250934604 0.25630156695842748 0.37066997587680822 0.40777969360351568 0.20835930109024051 0.13829530030488971 0.075978700071573271 0.1566371023654938 0.23264190554618838 0.82390409708023082 1.2528748512268069 0.21327440440654757 0.20407155156135562
decision_type=2 2 2 2 2 2 2 2 2 2 2 2 2 2 2 2 2 2 2 2 2 2 2 2 2 2 2 2 2 2
left_child=2 4 3 6 9 -4 7 22 -8 -2 12 -12 13 14 16 -3 -7 -14 20 -20 21 -19 -1 25 26 27 -25 -24 -15 -30
right_child=1 15 5 -5 -6 10 8 -9 -10 -11 11 -13 17 28 -16 -17 -18 18 19 -21 -22 -23 23 24 -26 -27 -28 -29 29 -31
leaf_value=0.0029106475314669162 0.0031717666170144737 0.0046670762848213341 0.0055072085085707415 0.011967333356042883 0.00070268662708489844 -0.00015514418152159478 -0.00085721975854144005 -0.0019206370991711561 -0.029098615181867082 -0.00060838205260259738 0.018396297130020473 0.00080486252101235397 -0.00053880180635925725 0.0010975830805555688 0.0014653835934010607 0.010690706335408135 -0.0037290070038136299 -0.0041124125866079707 -0.0052716082095331527 0.0033586966781196854 -0.001137951468910588 -0.013999830802210475 -0.003809071601039033 4.6175322158965653e-05 -0.0072084834656525511 -0.018180765118767258 -0.023328778553206642 -0.014766958319222173 0.0058831584709109807 0.031201990498980856
leaf_weight=666.96536011882563 22909.814054139773 4479.4574516715948 1821.3091659258644 340.22336911503226 33928.142974959221 6017.6378105077893 38879.025787844468 32058.393057228386 49.708791464567184 3420.9774098365742 151.68839034391567 23259.452873206668 5233.5166099876806 9625.8421569450002 4595.5048649466189 1501.4258538955764 6674.5527664051187 808.37155825691298 1207.0542257587658 1387.324635649391 806.58263941062614 1301.9614626909606 1765.2246018608275 3043.4835304211738 2542.4346609005661 457.65848531501251 87.245164545252919 502.7170381975593 560.40809641854139 77.957861025177408
leaf_count=6708 274655 52267 22681 364 479518 70668 472091 530837 62 59479 732 254423 104403 114938 74781 20920 117661 23561 29053 21126 16883 51743 47719 46008 115591 11834 5991 24919 11384 929
internal_value=0 0.00198456 -0.000913419 -0.001659 0.00156709 3.00548e-05 -0.00171757 -0.00249464 -0.000896383 0.00268045 -0.000131877 0.000922158 -0.000776365 -9.57236e-05 -0.00110449 0.00618612 -0.0020355 -0.00252057 -0.00439988 -0.00065682 -0.00772205 -0.0102295 -0.00452218 -0.00511408 -0.00358345 -0.00828842 -0.000632725 -0.00626172 0.00160265 0.00915716
internal_weight=210162 66239.8 143922 80393.1 60258.9 63529.2 80052.9 41124.1 38928.7 26330.8 61707.9 23411.1 38296.7 27551.9 17287.7 5980.88 12692.2 10744.8 5511.29 2594.38 2916.92 2110.33 9065.73 8398.76 5673.16 2725.6 3130.73 2267.94 10264.2 638.366
internal_count=3063929 886839 2177090 1262124 813652 914966 1261760 789607 472153 334134 892285 255155 637130 390361 263110 73187 188329 246769 142366 50179 92187 75304 258770 252062 167590 84472 51999 72638 127251 12313
is_linear=0
shrinkage=0.03


Tree=131
num_leaves=31
num_cat=0
split_feature=17 17 16 59 26 6 6 36 1 72 1 11 4 64 6 12 6 28 72 2 6 6 1 6 1 6 39 6 71 69
split_gain=416.301 140.033 91.1595 70.2552 65.88 59.2212 106.156 56.8622 55.0579 54.7883 48.7627 50.819 48.7051 44.2438 41.4751 53.1238 49.6355 41.7054 42.4802 40.8382 52.4948 69.4271 43.8475 42.8656 64.9084 64.4868 65.4127 66.2397 52.4947 95.0157
threshold=0.61035025119781505 0.37446653842926031 0.65050083398818981 0.37446653842926031 0.42514967918396002 0.029104033485054973 0.021199905313551429 0.8696076273918153 -1.5356929302215574 0.85128122568130504 0.18589894473552707 0.37446653842926031 0.99878549575805675 -0.9832119047641753 0.3775490671396256 0.31061333417892462 0.47883906960487371 1.0000000180025095e-35 0.0038789685349911456 -0.14413001388311383 0.28611345589160925 0.38390168547630316 0.48798888921737676 0.087592232972383513 -0.14555031806230542 0.10278788954019548 0.37446653842926031 0.099848181009292616 -0.31115131080150599 -0.96670520305633534
decision_type=2 2 2 2 2 2 2 2 2 2 2 2 2 2 2 2 2 2 2 2 2 2 2 2 2 2 2 2 2 2
left_child=1 3 -2 4 9 6 -3 8 -5 12 11 -7 13 -1 15 17 -16 -6 -19 20 22 -22 -15 24 -21 26 27 -25 -29 -30
right_child=2 5 -4 7 14 10 -8 -9 -10 -11 -12 -13 -14 19 16 -17 -18 18 -20 23 21 -23 -24 25 -26 -27 -28 28 29 -31
leaf_value=-0.00040073003930263739 0.0025325558367542212 0.0007769226767289192 0.0076316849812277021 0.019290924312317107 -0.00016638075785660816 0.00032066556968253653 0.0083492530293439848 -0.0018778842922204807 0.0013713641249886877 -0.011722712115115677 -0.0023317612990609179 0.018224680360607769 -0.030994676884026372 -0.0024820003110479672 0.0026854452719693358 0.0070881089903184619 -0.010356295080992771 0.0015813316203584212 -0.0051474936967494589 -0.0075616929031205437 -0.011765389676144444 0.00073514643265347164 -0.011947524196739055 0.00026032428491032839 -0.0023699129170631191 -0.0020071623849274877 -0.010474406609253526 0.016902835681007911 -0.024250549204816362 0.0071499986727786118
leaf_weight=11898.798203885817 29846.301073042923 6508.0714552987774 3527.5017128239706 152.46235205139965 8362.2629644480767 59905.992709071463 2236.8015091082198 6529.8346650741587 11664.308879261735 530.37796992721269 6713.4229419132462 139.03395429067314 48.399938518647105 7427.6291298752039 5268.0648818655609 685.30125659797341 272.40076695941389 1081.9892118801363 3801.0102841065382 2656.8204945086181 1499.3278918450378 543.24930856890569 465.01421454342199 3108.4526858151075 11760.36383994433 21427.177594673878 358.84367970819585 419.43644266854972 91.187377684982494 976.8016824227816
leaf_count=159215 439924 82206 64137 1254 114586 687905 12156 140737 167057 35235 68649 615 667 158314 63360 3320 6962 5299 57569 55480 72579 17341 15005 28598 154095 440703 3119 2418 384 5040
internal_value=0 -0.000580918 0.0030725 -0.00131134 -0.00168399 0.000396409 0.00271725 0.000367836 0.0016094 -0.00215396 9.21835e-05 0.000363408 -0.00207218 -0.00204778 -0.000157907 -0.00103129 0.00203642 -0.00145374 -0.00365551 -0.00243391 -0.00415911 -0.00844358 -0.00304602 -0.00201332 -0.00332881 -0.00129387 0.00178904 0.00275581 0.00795324 0.00438427
internal_weight=209907 176533 33373.8 101030 82682.9 75503.3 8744.87 18346.6 11816.8 63211.9 66758.4 60045 62681.5 62633.1 19471 13930.6 5540.47 13245.3 4883 50734.3 9935.22 2042.58 7892.64 40799.1 14417.2 26381.9 4954.72 4595.88 1487.43 1067.99
internal_count=3063929 2559868 504061 1708337 1399289 851531 94362 309048 168311 1148193 757169 688520 1112958 1112291 251096 180774 70322 177454 62868 953076 263239 89920 173319 689837 209575 480262 39559 36440 7842 5424
is_linear=0
shrinkage=0.03


Tree=132
num_leaves=31
num_cat=0
split_feature=17 17 19 55 5 7 2 6 7 16 4 5 36 6 7 11 4 22 1 6 6 5 65 70 6 7 7 7 6 6
split_gain=405.289 133.761 95.6922 72.6408 66.8147 60.0207 60.8392 56.5575 128.987 52.712 50.4285 51.8319 48.0938 48.0131 61.8259 46.7285 46.6886 74.0396 86.6677 68.708 67.2804 83.0717 55.5684 75.5391 51.697 85.526 60.949 53.1228 62.9646 46.5709
threshold=0.61035025119781505 0.37446653842926031 0.37498413026332861 0.50316895544528972 1.1385689377784731 -0.35921296477317805 -0.027331230230629441 0.029104033485054973 0.25044368207454687 0.63123199343681347 0.55233678221702587 1.3200441598892214 1.0108244419097903 0.38167145848274237 0.36017164587974554 0.37446653842926031 0.3114724606275559 1.0000000180025095e-35 0.14097986370325091 0.067522000521421446 0.10582426190376283 0.48623421788215643 0.010405003093183042 0.0076682539656758317 0.38023568689823156 0.396410882472992 -0.41249345242977137 0.37049600481987005 0.35366602241992956 0.47948834300041204
decision_type=2 2 2 2 2 2 2 2 2 2 2 2 2 2 2 2 2 2 2 2 2 2 2 2 2 2 2 2 2 2
left_child=1 3 -2 4 12 -6 -7 8 -3 -4 13 -12 16 -8 -15 -9 -1 18 19 -18 21 -21 23 -23 26 29 -19 28 -28 -26
right_child=2 7 9 -5 5 6 10 15 -10 -11 11 -13 -14 14 -16 -17 17 24 -20 20 -22 22 -24 -25 25 -27 27 -29 -30 -31
leaf_value=-0.0017663164905322342 0.0021432896092749352 0.00074643143185469077 0.0041454509578068071 0.0014070498654981522 0.0018101038906843617 -0.0070719856344842015 -0.0022435735825224131 4.5996682974805066e-05 0.0096295671417093633 0.0093420753925939088 -0.0039800831339260869 0.013952710192925996 -0.0065682253361516816 -0.0030161507318638182 -0.018843621185081743 0.01653663425404811 -0.0027396956076397609 0.0020797169958439105 -0.0035507024671183724 -0.0072976741933452683 0.0009668448347012864 0.013380819925980624 0.024823043363187101 -0.024976150158392912 0.0021865138379715313 -0.018053906325109007 -0.0023785846216879737 7.9191765038856912e-05 -0.0082917020695721898 -0.0098548361160514103
leaf_weight=42999.094229841474 25561.805826629075 6867.0722711388953 5115.8749626979406 8258.7788401057769 1648.4027270635997 4389.2214821895177 5377.7567194700823 66573.198960399866 1869.002228905214 2687.1175101140107 260.76383693460957 318.14145838934928 1472.9463330676663 531.88606128148967 380.75020294050046 151.01278180303052 526.03732780870632 3659.6944798229379 1008.7799370272842 156.49151871586218 590.429989844386 759.14431480795611 404.35486589733046 45.488099600188434 7889.7647349288454 197.15422236430459 11310.789176414866 6530.3480038978742 1890.4278533217439 296.03459466423374
leaf_count=596634 402312 85631 57480 132278 44613 146687 121808 756492 8731 44269 10398 4646 43177 17855 19456 677 10294 45376 23344 104 16385 1422 874 271 129529 8079 163141 110715 53415 7836
internal_value=0 -0.000573626 0.00303184 -0.0012881 -0.00152845 -0.00353085 -0.00431361 0.000381693 0.00265095 0.00593946 -0.00254737 0.00589541 -0.00120411 -0.00332832 -0.00967767 8.43754e-05 -0.00110277 -0.00029346 0.00385105 0.00686216 0.00944717 0.0130972 0.0157562 0.011094 -0.000749346 0.00127131 -0.00147379 -0.00213339 -0.00322795 0.0017459
internal_weight=209728 176363 33364.8 100903 92643.9 12906.9 11258.5 75460.3 8736.07 7802.99 6869.3 578.905 79737 6290.39 912.636 66724.2 78264 35264.9 3490.73 2481.95 1955.91 1365.48 1208.99 804.632 31774.2 8382.95 23391.3 19731.6 13201.2 8185.8
internal_count=3063929 2559868 504061 1708337 1576059 365463 320850 851531 94362 101749 174163 15044 1210596 159119 37311 757169 1167419 570785 52694 29350 19056 2671 2567 1693 518091 145444 372647 327271 216556 137365
is_linear=0
shrinkage=0.03


Tree=133
num_leaves=31
num_cat=0
split_feature=75 17 75 26 75 59 22 71 12 39 26 22 72 69 20 73 20 18 70 69 15 69 54 6 70 22 6 6 6 1
split_gain=421.245 192.29 89.6974 81.4088 63.7324 60.5141 59.6351 76.438 58.4884 57.8719 63.6645 56.4311 55.3209 54.9755 51.618 49.8112 55.2285 45.4197 43.1739 40.5587 40.344 38.9203 35.3125 36.3728 35.9319 40.5138 33.5742 73.1346 62.8973 70.1669
threshold=0.050006553530693061 0.42514967918396002 0.021746934391558174 0.37446653842926031 0.19382924586534503 0.63123199343681347 0.24964435398578647 0.0098657552152872103 0.53458327054977428 0.58756005764007579 0.50316895544528972 1.1532793641090395 0.77360838651657116 -0.99943688511848439 0.50335456430912029 0.098919879645109191 1.1654043793678286 0.70072525739669811 -1.0000000180025095e-35 -0.96508783102035511 0.58756005764007579 -1.0000000180025095e-35 0.50316895544528972 0.16990204155445102 0.0069482801482081422 1.0000000180025095e-35 0.15391666442155841 0.39159533381462103 0.35366602241992956 0.0097116408869624155
decision_type=2 2 2 2 2 2 2 2 2 2 2 2 2 2 2 2 2 2 2 2 2 2 2 2 2 2 2 2 2 2
left_child=2 3 -1 5 6 12 7 9 14 10 13 -8 15 -5 22 -2 26 -6 -12 -13 21 -4 24 -24 -3 -26 -17 28 -28 -30
right_child=1 8 20 4 17 -7 11 -9 -10 -11 18 19 -14 -15 -16 16 -18 -19 -20 -21 -22 -23 23 -25 25 -27 27 -29 29 -31
leaf_value=0.0091259623467026679 0.00079749788549596354 -0.00022421610475549913 0.0042220062570279852 -0.0071748461949977804 -0.00058442586869356778 0.00081468970064969034 0.0010036915581803009 -0.014424360633409749 0.011097573807528103 0.031069418757066796 0.009585641600462198 0.040362096304512117 -0.010008257073929936 0.017855673413901357 0.0021364183055480566 -0.0016377201747415913 0.023125654420685475 -0.017422141418409708 -0.016510936111934625 0.0031640535871118466 0.014083587869764722 0.00095985316889361815 0.0058113510487946309 0.0010192616330686993 0.02183783480332081 0.0027475259721495811 -0.0029247290249827364 -0.00032013284471328266 -0.0032443233109435161 -0.010318157976271213
leaf_weight=2940.5987155813855 5626.5727100317454 46607.278866649518 10427.700640926123 91.059717335738242 28884.338640141068 7620.3979295793106 6717.4073215298704 108.22971291653812 485.95593058504164 119.05186704453081 100.50622778944671 52.731332335621119 763.87147751318116 501.43165491661057 17239.430886028102 40240.117964250807 73.749986618757248 140.93627216049936 121.98984681256115 51.217987901996821 309.01531140762381 4819.0303218252448 1819.8780587079236 6555.0930874490878 101.13299736846238 2170.7907254248857 13228.064709045881 6550.7071020457224 2479.7563497306401 2582.3454339887248
leaf_count=52073 51010 617469 142644 104 368487 127694 99414 145 2568 141 129 37 47504 393 179249 557822 37 3793 177 138 4408 67176 22035 84703 172 22300 289099 163191 67746 92071
internal_value=0 -0.000418588 0.00432242 -0.00118363 -1.95112e-05 -0.00172599 0.00237535 0.00904561 0.000765492 0.0118198 0.0088644 0.00135081 -0.00199669 0.0139789 0.000697438 -0.00190961 -0.00214349 -0.000668728 -0.00474159 0.0228719 0.00341198 0.00319176 0.000263959 0.0020634 -4.44085e-05 0.00363618 -0.00217361 -0.00304113 -0.00401514 -0.00685911
internal_weight=209530 191034 18496.3 116054 36888.9 79165.6 7863.63 1042.27 74979.6 934.039 814.987 6821.36 71545.2 592.491 74493.6 70781.3 65154.7 29025.3 222.496 103.949 15555.7 15246.7 57254.2 8374.97 48879.2 2271.92 65081 24840.9 18290.2 5062.1
internal_count=3063929 2797628 266301 1869132 472958 1396174 100678 1089 928496 944 803 99589 1268480 497 925928 1220976 1169966 372280 306 175 214228 209820 746679 106738 639941 22472 1169929 612107 448916 159817
is_linear=0
shrinkage=0.03


Tree=134
num_leaves=31
num_cat=0
split_feature=75 20 75 26 11 18 56 75 7 7 6 28 72 7 3 3 36 70 36 75 21 7 70 7 72 7 74 69 6 15
split_gain=410.913 173.019 89.0602 89.0591 66.119 61.0779 53.4573 56.4028 52.9166 62.7468 54.5402 50.9031 48.0795 47.1526 46.9172 46.1917 44.0924 69.2004 54.3228 46.2579 41.8395 41.0882 49.5265 40.8002 49.6521 52.8884 40.7694 40.6806 46.3913 40.5565
threshold=0.051183979958295829 0.2834331095218659 0.021746934391558174 0.22396993637084964 0.31061333417892462 0.22396993637084964 0.22396993637084964 0.16390022635459903 0.39259299635887152 0.25044368207454687 0.02389999479055405 0.14931328594684604 1.0000000180025095e-35 0.41251307725906378 1.1095995903015139 0.10434734076261522 0.54616111516952526 0.022338556125760082 0.594905585050583 0.17423701286315921 0.98759847879409801 0.019602499902248386 -0.0075720280874520532 0.44318099319934851 0.16983149945735934 0.21740452945232394 0.0052989735268056401 -0.99999937415122975 0.27443908154964453 0.58756005764007579
decision_type=2 2 2 2 2 2 2 2 2 2 2 2 2 2 2 2 2 2 2 2 2 2 2 2 2 2 2 2 2 2
left_child=2 3 26 5 6 14 7 -3 9 15 11 -11 -7 -10 16 -8 19 -18 -19 -2 -5 -21 -23 24 -24 -26 -1 -27 -29 -4
right_child=1 4 29 20 -6 12 8 -9 13 10 -12 -13 -14 -15 -16 -17 17 18 -20 21 -22 22 23 -25 25 27 -28 28 -30 -31
leaf_value=0.0069824208868418652 0.0023951580249765487 0.0011478429256663075 0.0030979516517152298 -0.00021047648951916465 0.010211443927567506 -0.0037103743190178944 0.0032162274700206421 -0.0012637633358812972 -0.005440043833612177 0.020258917380551515 0.0026581854245556237 0.0071673180793049547 -0.0010460862097576508 0.00062441691401532516 -0.01144958476933027 0.00023912995572488279 -0.0020402411758345565 0.026418010376720428 0.0035255542165148653 -0.000891862410373739 -0.011711055554404166 -0.0018789206966784283 -0.0050785426479695089 -0.00081602045835210365 -0.0079348678813869547 0.030739312945800717 0.015309906265663559 -0.023075412357648029 -0.0087305436211214046 0.013964329095626945
leaf_weight=2229.7829658384435 825.02968890687043 17164.703092996584 16018.106282293294 60649.30654741828 663.75667906180024 7078.0671099586179 10149.676880611514 17749.869362553116 1359.6702058882802 390.89993469463661 1380.0197580573731 858.46858106693253 43926.313177513322 7494.0282523961505 675.28400036110543 8725.3834950812161 2272.5063958240935 136.59634262893815 283.50870274048066 1688.0576536877925 282.06413039658219 1754.3151131961058 1684.8661780319526 644.1820340250124 1278.158125681919 12.026546438690273 699.37600084956648 598.43304868951964 318.5474645694776 311.85349152999697
leaf_count=35911 7835 195844 220791 832755 3193 42498 110711 166425 17673 1488 14290 3392 871842 92701 37107 94393 51853 1404 7344 60830 2126 48693 11691 20544 44275 62 16162 23693 21937 4466
internal_value=0 -0.000423187 0.00417511 -0.00108298 0.000818614 -0.00187219 0.00072241 -7.80449e-05 0.00164304 0.00244661 0.00678586 0.0113186 -0.00141617 -0.000308436 -0.00378167 0.00184058 -0.00332705 3.08836e-05 0.0111586 -0.00435414 -0.000264554 -0.00505347 -0.00616824 -0.00782296 -0.00897952 -0.0119408 0.00899042 -0.0173898 -0.0181566 0.00330911
internal_weight=209303 190044 19259.1 124107 65936.5 63175.9 65272.7 34914.6 30358.1 21504.4 2629.39 1249.37 51004.4 8853.7 12171.5 18875.1 11496.2 2692.61 420.105 8803.62 60931.4 7978.59 6290.53 4536.21 3892.03 2207.17 2929.16 929.007 916.981 16330
internal_count=3063929 2786599 277330 2086489 700110 1251608 696917 362269 334648 224274 19170 4880 914340 110374 337268 205104 300161 60601 8748 239560 834881 231725 170895 122202 101658 89967 52073 45692 45630 225257
is_linear=0
shrinkage=0.03


Tree=135
num_leaves=31
num_cat=0
split_feature=17 33 16 26 6 3 40 38 65 64 65 4 12 6 15 69 61 1 21 15 65 1 64 44 47 5 24 22 36 26
split_gain=386.176 120.887 97.9429 87.9702 67.1878 65.6977 54.1664 57.1747 51.9771 67.5531 96.4494 57.0174 51.5733 43.928 39.6012 39.0165 44.7504 38.2942 35.3519 35.2673 34.757 38.3457 38.6239 33.9289 37.0378 33.3815 45.1061 58.6596 87.9461 106.753
threshold=0.58756005764007579 1.0000000180025095e-35 0.61035025119781505 0.22396993637084964 0.02389999479055405 0.2035058066248894 0.80801811814308178 0.91905513405799877 0.027611669152975086 -0.9288763403892516 -0.015207265038043259 0.20707555115222934 0.53458327054977428 0.021199905313551429 0.65050083398818981 -0.23035911470651624 0.19583241641521457 -0.71180054545402516 0.98171016573905956 0.22396993637084964 -0.022132407873868939 0.18041500449180606 -0.98647612333297718 0.95902624726295482 0.46720869839191442 0.14931328594684604 0.37446653842926031 0.14931328594684604 0.14931328594684604 0.50316895544528972
decision_type=2 2 2 2 2 2 2 2 2 2 2 2 2 2 2 2 2 2 2 2 2 2 2 2 2 2 2 2 2 2
left_child=1 3 -2 5 13 15 18 -8 9 17 -11 -12 25 -3 -4 -1 -17 -7 23 20 21 22 -19 24 -6 26 27 28 29 -5
right_child=2 4 14 12 6 8 7 -9 -10 10 11 -13 -14 -15 -16 16 -18 19 -20 -21 -22 -23 -24 -25 -26 -27 -28 -29 -30 -31
leaf_value=7.9956284349928076e-05 0.0019979703558688118 0.0030395672909706807 0.0055332629245143945 0.0033603471244156896 -3.9500889032064015e-05 -0.013721331526328519 0.02120465998540463 -0.0051857984855343056 -0.00067573302403769976 -0.0022679104222965794 -0.010606439788239582 -0.0049287931374417775 0.014286574472773005 0.011196016655805743 0.017493825256941861 -0.001965860352261328 0.021713365291124841 0.010963351116462705 0.016209958701092347 0.0089486067330325752 -0.0027936526094885046 -0.0029575413542580146 0.00065567380016962398 -0.0091201905588863489 0.0027991794344955109 -0.00056837661092957526 0.005331981235040438 -0.00073124862702793 0.015245808164785025 -0.034940003801265343
leaf_weight=17942.797196662912 33280.597816617134 1884.5319081869529 6281.4199658191719 526.97418607259169 19006.833888189416 229.39627329650102 223.50908756616991 107.07348212320358 7648.9531022780538 5952.3070980067168 2984.6416139741013 3444.6727826428396 214.30729601019993 868.8062285464257 256.9319406816212 18737.637079374734 68.101078213891014 530.54840889462503 124.76513642235659 282.52737368410453 7084.8200356284833 1045.6530522682006 847.38883752124093 325.02219049190171 5282.3996674308146 64301.39979205736 1986.2865686260629 7027.0394023985136 545.71858362900093 70.707662269473076
leaf_count=258654 479686 22930 101094 769 258021 4881 1495 1902 183971 158494 85263 116665 979 3263 5016 250576 1018 7847 454 2361 116896 22587 16686 6327 62806 841541 10650 40211 679 207
internal_value=0 -0.000625251 0.00265812 -0.000980781 0.00118224 -0.00177171 0.000693036 0.0126837 -0.00281211 -0.00354111 -0.00502308 -0.00757015 -0.000273128 0.00562745 0.00601436 -0.000920588 -0.00187527 -0.00170818 0.000530601 -0.00142077 -0.00173299 0.00136526 0.00464795 0.000448321 0.000578027 -0.00031586 0.00128196 0.000294691 0.00658434 -0.00136539
internal_weight=209114 169295 39818.9 141472 27822.9 66799.4 25069.6 330.583 30050.9 22402 12381.6 6429.31 74672.4 2753.34 6538.35 36748.5 18805.7 10020.3 24739 9790.94 9508.41 2423.59 1377.94 24614.3 24289.2 74458.1 10156.7 8170.44 1143.4 597.682
internal_count=3063929 2478133 585796 2120935 357198 1225899 331005 3397 715651 531680 360422 201928 895036 26193 106110 510248 251594 171258 327608 166377 164016 47120 24533 327154 320827 894057 52516 41866 1655 976
is_linear=0
shrinkage=0.03


Tree=136
num_leaves=31
num_cat=0
split_feature=75 17 25 64 75 3 7 7 6 75 20 2 69 70 70 19 7 6 6 39 7 64 3 71 1 6 66 74 75 5
split_gain=397.24 191.356 88.1219 83.2589 75.3836 69.3311 104.607 150.773 87.7173 62.9603 61.4879 55.5416 50.7031 65.1625 48.7971 47.5034 50.1597 45.9361 220.773 116.417 79.5687 98.6116 89.7971 54.8977 48.1218 46.5068 54.6273 62.3629 53.8963 58.9679
threshold=0.045960653573274619 0.46720869839191442 0.31061333417892462 -0.9497103989124297 0.016084345057606701 0.2035058066248894 0.041677778586745269 0.27237541973590856 -0.039470683783292763 1.0757379531860354 1.2885903120040896 -0.96714979410171498 -0.17895878106355664 -0.0083350939676165563 0.0098255579359829443 0.2834331095218659 0.39477899670600897 0.087592232972383513 0.10099846124649049 0.22396993637084964 0.20275094360113147 -0.63805565237998951 0.26370885968208319 -0.12340563908219336 -0.10402258113026618 0.069449018687009825 -0.057844316586852067 0.0393341463059187 0.34276165068149572 0.97608375549316417
decision_type=2 2 2 2 2 2 2 2 2 2 2 2 2 2 2 2 2 2 2 2 2 2 2 2 2 2 2 2 2 2
left_child=4 2 3 10 -1 -5 9 8 -8 -7 -2 -4 17 -14 -15 -3 -17 23 19 20 -19 -22 -23 25 -20 -10 27 -27 29 -28
right_child=1 15 11 5 -6 6 7 -9 12 -11 -12 -13 13 14 -16 16 -18 18 24 -21 21 22 -24 -25 -26 26 28 -29 -30 -31
leaf_value=0.011059145014586682 -0.00012947840705553312 0.00050410667289693103 0.015214307605303571 -0.0010948076054182675 0.0039123558050000191 6.2389849906762767e-05 0.0016690884422232554 -0.00093218564343523378 -0.0069306790206322523 -0.01698569041220941 0.028857777609935135 0.00044960438348080526 -0.0020205698202907635 -0.012884211378564877 -0.0046886837929427886 0.0033055810342619576 -0.00078431609722604868 -0.0061005432688583435 -0.0025757151548934155 -0.016730021193202806 0.0022107381644547708 0.003039297556624966 0.031436918335345447 0.0042474719099472704 -0.0085385558005909631 -0.03465013453184855 -0.013687998468367811 -0.012948763402426957 -0.022292244893777475 0.018122654093470608
leaf_weight=1463.2680365467459 29598.049716106543 47884.174117442046 227.53419904317707 40486.755040409138 14298.884023876446 9590.1398776729984 1320.7361675653156 9423.6485373912728 2546.1591347119247 195.00185574790521 62.005572319030762 24138.411347053072 945.84290319669526 2700.7350642589881 873.18633955449332 12252.622180675127 3457.0109523227438 177.09923178562894 1976.6795618683973 141.94272813550197 299.67423866048921 137.98796688765287 374.99081044364721 306.026883183069 3200.5117167754361 189.07193857803941 90.790487546473742 337.02688038931228 102.28630348900333 113.53670748625882
leaf_count=27262 411450 670000 1219 542606 203015 218074 39254 235480 41799 11288 25 256025 22218 78290 20799 110508 33353 3128 45131 769 407 181 368 4048 80770 642 591 3072 1554 603
internal_value=0 -0.00037374 -0.00103531 -0.00141188 0.00457875 -0.00194076 -0.00291777 -0.00393785 -0.00572567 -0.000283693 -6.48445e-05 0.000590139 -0.00639918 -0.00903881 -0.0108906 0.000973956 0.00240531 -0.0052018 -0.0036422 0.00833918 0.0119918 0.0159507 0.0238895 -0.0078639 -0.00626653 -0.00896589 -0.0151206 -0.020959 -0.00494755 0.00397493
internal_weight=208912 193150 129556 105190 15762.2 75529.8 35043.1 25257.9 15834.3 9785.14 29660.1 24365.9 14513.5 4519.76 3573.92 63593.8 15709.6 9993.78 6308.89 1131.69 989.752 812.653 512.979 3684.9 5177.19 3378.87 832.712 526.099 306.613 204.327
internal_count=3063929 2833652 2019791 1762547 230277 1351072 808466 579104 343624 229362 411475 257244 304370 121307 99089 813861 143861 183063 130754 4853 4084 956 549 52309 125901 48261 6462 3714 2748 1194
is_linear=0
shrinkage=0.03


Tree=137
num_leaves=31
num_cat=0
split_feature=75 17 75 25 19 16 50 3 7 7 5 4 7 70 70 73 36 7 73 21 71 70 1 36 73 66 24 5 5 70
split_gain=388.16 163.222 99.2718 72.4345 59.2888 60.2948 59.0447 56.8564 81.5503 130.372 65.0199 59.1776 57.6025 76.6122 86.2774 74.2031 63.3332 55.6589 94.5442 74.6529 104.994 70.8236 80.1015 75.9178 92.4936 98.8925 81.1967 81.0794 65.8835 62.0383
threshold=0.057743679732084281 0.42514967918396002 0.023934200406074527 0.31061333417892462 1.2461724281311037 0.50316895544528972 1.0000000180025095e-35 0.20095144212245944 0.041677778586745269 0.27237541973590856 1.4133696556091311 0.14931328594684604 0.2278472036123276 -0.0004098903300473466 3.3887728932313628e-05 0.22281161695718768 0.81692621111869823 0.20162512362003329 0.21441140025854113 1.0000000180025095e-35 -0.075783174484968172 0.015329721849411728 -0.39959216117858881 0.20707555115222934 0.44555307924747473 -0.10147790983319281 0.22396993637084964 0.94469228386878978 1.2108466625213625 -0.0075720280874520532
decision_type=2 2 2 2 2 2 2 2 2 2 2 2 2 2 2 2 2 2 2 2 2 2 2 2 2 2 2 2 2 2
left_child=2 3 -1 6 5 -3 7 -2 11 10 12 -9 16 15 -15 -14 17 -10 19 20 -19 23 -23 26 -25 -26 29 -27 -24 -20
right_child=1 4 -4 -5 -6 -7 -8 8 9 -11 -12 -13 13 14 -16 -17 -18 18 21 -21 -22 22 28 24 25 27 -28 -29 -30 -31
leaf_value=0.0081804589251953472 -0.00094444078315640632 0.00035258888319258502 0.0027953802837011829 0.00047814499541754381 -0.041584983354046839 0.0029379581396234066 0.00012387927103507174 -0.005012666295122396 -0.0043489249978705099 -0.00091673682640745411 -0.01840682012381219 0.00084126238685809423 0.0038176177112030471 -0.015746068939735718 -0.0065821340331705209 -0.0056505150848354937 -0.012024497883727156 -0.042834393655516556 0.0021134565607605926 -0.00369504707743523 0.0018830271280319332 -0.013340731548258929 0.01808702475649172 0.0094414768903735413 -0.02519019638513122 -0.01854819521382528 0.027933083298921604 0.023507248631688665 -0.015200763973415554 -0.010920025901651058
leaf_weight=3647.5332575798966 34920.306668507845 60714.998360304817 19834.20545917307 20142.795469146571 25.855546640697867 9369.2022218098282 16582.231132970541 1902.2599566200224 6225.4915592822072 12767.28742147547 307.1373527317337 8409.5127974080751 1015.3359085324628 1207.6998119356576 3981.6210823661677 2765.3140908812056 672.49775828860584 118.47355501283891 511.48105143927387 477.74222962884232 76.10997871728614 103.53628876834409 538.0556565298466 1038.607234909141 161.55825947283302 63.360373938921839 61.554852509871125 103.03503126383293 56.20025348465424 907.48557637406338
leaf_count=63914 441898 763656 273331 223775 70 99695 283824 54762 133035 299406 15976 180665 10592 27715 72347 57906 28821 540 4545 4311 225 1500 2165 6697 1161 418 166 754 627 9432
internal_value=0 -0.000460674 0.00363331 -0.00115566 0.000680397 0.000698426 -0.00150223 -0.00184625 -0.0025704 -0.00329493 -0.00478319 -0.000239727 -0.00457101 -0.00636001 -0.00872619 -0.00310521 -0.00312512 -0.0025472 0.000113077 -0.0101657 -0.0256352 0.00207308 0.0106092 -2.94125e-05 0.00506033 -0.00874748 -0.00473139 0.00740739 0.0148508 -0.00622608
internal_weight=208708 185227 23481.7 115117 70110.1 70084.2 94973.9 78391.7 43471.4 33159.6 20392.3 10311.8 20085.2 8969.97 5189.32 3780.65 11115.2 10442.7 4217.2 672.326 194.584 3544.87 697.792 2847.08 1366.56 327.954 1480.52 166.395 594.256 1418.97
internal_count=3063929 2726684 337245 1863263 863421 863351 1639488 1355664 913766 678339 378933 235427 362957 168560 100062 68498 194397 165576 32541 5076 765 27465 4292 23173 9030 2333 14143 1172 2792 13977
is_linear=0
shrinkage=0.03


Tree=138
num_leaves=31
num_cat=0
split_feature=17 56 16 26 6 7 7 73 7 7 73 6 12 7 16 65 36 6 37 44 18 69 1 6 7 6 57 3 18 32
split_gain=365.586 120.334 82.3154 71.9617 67.7817 140.048 90.181 74.9463 65.9336 73.8295 102.875 58.8047 57.7651 55.6766 70.5571 53.4983 59.1724 58.4371 58.525 50.9712 47.9785 47.3568 50.2798 44.0687 43.6667 41.9504 40.3642 40.0798 39.7584 36.9793
threshold=0.61035025119781505 1.0000000180025095e-35 0.65050083398818981 0.22396993637084964 0.038979940116405494 0.25044368207454687 -0.42036959528923029 0.20639491826295855 0.37824505567550665 0.20734930038452151 1.4847116470336916 0.40729099512100225 0.50316895544528972 -0.42511934041976923 0.31061333417892462 0.0020962546113878493 0.78265234827995311 0.099848181009292616 0.42514967918396002 0.66012796759605419 0.22396993637084964 -0.9999227225780486 0.10743129998445512 -0.12860955297946927 0.16452314704656604 0.18497218191623691 1.0455052852630617 1.1095995903015139 0.63123199343681347 0.69183480739593517
decision_type=2 2 2 2 2 2 2 2 2 2 2 2 2 2 2 2 2 2 2 2 2 2 2 2 2 2 2 2 2 2
left_child=1 3 29 20 5 6 23 28 9 10 13 -10 -5 14 -9 17 -17 18 19 -11 27 25 -23 -3 -8 -19 -12 -1 -6 -2
right_child=2 4 -4 12 7 -7 24 8 11 15 26 -13 -14 -15 -16 16 -18 21 -20 -21 -22 22 -24 -25 -26 -27 -28 -29 -30 -31
leaf_value=-0.0036467342511691887 0.0017652684011782074 0.023851734614912919 0.0072675067084184983 -0.0005222754627041687 0.001782055502632911 0.0089834136284552904 0.0013005434011425447 -0.010296029280884168 0.00038539375695482151 -0.01957677622719968 0.0046374707822584536 0.012206544454088405 0.016672987870663628 -0.00052355758458239293 0.0074655342817894817 0.0019947975348732295 -0.0064419056887532918 0.025775254477454948 0.037808358029235982 0.018670102191359443 -0.0016524087635682019 -0.0031514033541679446 -0.010045991362671331 0.0058803260449148157 -0.0031069450343945088 -0.0022026244473357763 0.026570569904663315 -0.013067929965823741 -0.00014835079594347733 0.004210609929201567
leaf_weight=8541.2416653497057 22234.563044071969 131.60869662056211 3460.1479589329538 46490.53907380467 19234.121294310404 2313.0806501720217 5217.1669267093093 1076.7793437226792 9777.932783626733 505.29054071195424 144.86200432444457 390.06968007347314 172.48518410883844 12243.941553723867 243.99314337002579 1880.8842505581561 1236.4939965613885 76.781028455123305 14.219028204679487 30.220103371888399 37109.258372636337 2393.8212020433275 1585.9075013120892 1404.8722593693528 3298.4224033994833 117.66410906775855 159.91737069096416 423.9873946961161 19162.06462841091 7432.7820664498722
leaf_count=232353 330348 596 64137 548375 209592 11259 73326 24989 137666 3429 3158 2730 769 177275 1784 26051 34147 134 23 65 604103 43548 37645 15402 45802 1604 1276 26421 296346 109576
internal_value=0 -0.000545982 0.00289015 -0.00128778 0.000286423 0.0023343 0.000800864 -7.39573e-05 -0.00114914 -0.00208277 -0.000766506 0.000843946 -0.000457195 -0.00115625 -0.00699881 -0.0044088 -0.00135411 -0.00642083 -0.0155916 -0.0172877 -0.00212877 -0.00519821 -0.00590733 0.00748054 -0.000406779 0.00911925 0.0163554 -0.00409842 0.000818631 0.00237855
internal_weight=208505 175378 33127.5 92737.5 82640.1 12365.2 10052.1 70275 31878.8 21710.8 13869.5 10168 46663 13564.7 1320.77 7841.28 3117.38 4723.9 549.73 535.511 46074.5 4174.17 3979.73 1536.48 8515.59 194.445 304.779 8965.23 38396.2 29667.3
internal_count=3063929 2559868 504061 1412021 1147847 146385 135126 1001462 495524 355128 208482 140396 549144 204048 26773 146646 60198 86448 3517 3494 862877 82931 81193 15998 119128 1738 4434 258774 505938 439924
is_linear=0
shrinkage=0.03


Tree=139
num_leaves=31
num_cat=0
split_feature=17 56 19 26 73 12 25 6 32 22 16 18 73 48 6 60 6 64 40 72 31 60 18 72 48 6 73 72 6 73
split_gain=355.848 118.056 85.1989 66.8428 65.0296 54.9149 52.0211 50.8717 52.0628 50.3229 48.2636 46.4946 44.139 51.1551 53.2553 73.5448 68.8957 50.1423 42.6871 42.5597 40.1226 42.5434 38.2934 43.9154 37.9412 36.7264 40.0361 36.1361 34.8706 34.8343
threshold=0.61035025119781505 1.0000000180025095e-35 0.37498413026332861 0.22396993637084964 0.037166325375437743 0.50316895544528972 0.31061333417892462 0.070009611546993269 1.0936229228973391 1.0000000180025095e-35 0.63123199343681347 0.22396993637084964 0.18347688764333728 1.1408025026321413 0.10734022036194803 -0.37641310691833491 0.32805556058883673 0.99513724446296703 0.82420021295547496 0.77360838651657116 0.93735873699188244 -0.85819026827812184 0.63123199343681347 0.0030032132053747778 0.6434457302093507 0.37996348738670355 1.2413532137870791 0.62766641378402721 0.30833633244037634 0.13829530030488971
decision_type=2 2 2 2 2 2 2 2 2 2 2 2 2 2 2 2 2 2 2 2 2 2 2 2 2 2 2 2 2 2
left_child=1 3 -2 11 -3 -5 7 8 27 22 -4 19 -9 14 15 17 18 -14 -16 29 21 -11 23 -8 -23 -18 -27 -6 -26 -1
right_child=2 4 10 5 6 -7 9 12 -10 20 -12 -13 13 -15 16 -17 25 -19 -20 -21 -22 24 -24 -25 28 26 -28 -29 -30 -31
leaf_value=0.0029614929866273549 0.002012532918087835 0.0042728319359946719 0.0038976100141849546 -0.00053732593097367744 0.0010291772759274346 0.016290577755468029 0.027852944488492039 0.00011970828885862287 0.014495285515885071 0.016205441217616679 0.0089105483110443473 -0.0016170822869559977 -0.022798536457276954 -0.016897769115432702 0.00074229809225527521 -0.0035194530751166257 -0.0054267583592255905 0.035945563118169314 0.02946358233252324 -0.014461204261211426 0.0063430477751918735 0.0015357015937949633 -0.019122172096596769 0.0043151434127614626 0.0020530310547791203 -0.00052600326910605833 -0.012885614804070232 -0.013292846110890216 -0.003237062483626406 -0.0041677985361013373
leaf_weight=665.22957750660498 25418.710480598878 3520.1747813391266 5076.1321640180686 46467.71126346408 15303.600838318162 171.17705853632651 145.28857454005629 20223.791886780615 253.07809453923255 157.40190925262868 2632.1650028177392 37043.971320287033 245.62946054246277 196.7298537644092 9141.0537919127237 4886.8776640183642 3179.0491824946366 10.248064165702088 42.824817481916398 335.31785196115379 1280.2522345855832 14111.749652950908 26.522451073862612 140.94187984685414 1670.0274400645867 4254.4164881461329 245.83135157695506 156.18871848782874 3391.8256945671164 7935.608018515104
leaf_count=6708 402312 45107 57480 548375 191356 769 144 294361 909 626 44269 604103 4559 5471 138521 75327 80067 33 486 31826 9627 140357 20 2771 12060 88962 9615 5199 42269 220240
internal_value=0 -0.000539153 0.0028512 -0.00127448 0.000285503 -0.000474075 0.000107709 -0.000353888 0.00110399 0.00139034 0.0056137 -0.00208615 -0.000893981 -0.00181738 -0.00167931 -0.00435075 -0.000863501 -0.0199114 0.000889485 -0.00402853 0.00120748 0.000865891 0.0132593 0.0164975 0.000736375 -0.0029599 -0.001213 0.000880791 -0.0014906 -0.00361474
internal_weight=208330 175203 33127 92619 82583.5 46638.9 79063.3 58139.3 15712.9 20924 7708.3 45980.1 42426.5 22202.7 22005.9 5142.76 16863.2 255.878 9183.88 8936.16 20611.3 19331 312.753 286.23 19173.6 7679.3 4500.25 15459.8 5061.85 8600.84
internal_count=3063929 2559868 504061 1412021 1147847 549144 1102740 894866 197464 207874 101749 862877 697402 403041 397570 79919 317651 4592 139007 258774 204939 195312 2935 2915 194686 178644 98577 196555 54329 226948
is_linear=0
shrinkage=0.03


Tree=140
num_leaves=31
num_cat=0
split_feature=75 17 26 75 39 73 16 3 6 22 1 73 72 7 72 16 16 38 32 36 6 2 6 6 32 6 7 2 36 22
split_gain=372.747 170.856 82.886 71.3388 66.5312 53.0231 50.2815 47.2693 46.8792 46.7174 83.4087 60.7785 49.6364 55.9826 50.6391 62.4904 44.8538 54.7992 44.6717 55.0251 42.7407 43.5556 41.9825 75.0951 39.8326 38.4349 70.0779 64.5571 61.0514 54.2272
threshold=0.045960653573274619 0.46720869839191442 0.22396993637084964 0.019111314788460735 1.0000000180025095e-35 0.19097605347633365 0.53458327054977428 1.0531471967697146 0.32805556058883673 0.2834331095218659 0.21665958315134051 0.093567956238985076 0.061387022957205779 0.24900344014167788 0.092996150255203261 1.0000000180025095e-35 0.31061333417892462 1.0000000180025095e-35 0.24964435398578647 1.0138931870460512 0.39818593859672552 -0.96714979410171498 0.086228664964437499 0.17317436635494235 1.0408561229705813 0.072676122188568129 0.16452314704656604 -0.75234407186508168 0.57497692108154308 0.20707555115222934
decision_type=2 2 2 2 2 2 2 2 2 2 2 2 2 2 2 2 2 2 2 2 2 2 2 2 2 2 2 2 2 2
left_child=3 2 4 -1 7 9 -3 25 24 10 11 22 13 16 -14 -16 -13 -18 -7 20 21 -20 -4 -24 -6 26 -2 -28 29 -29
right_child=1 6 5 -5 8 18 -8 -9 -10 -11 -12 12 14 -15 15 -17 17 -19 19 -21 -22 -23 23 -25 -26 -27 27 28 -30 -31
leaf_value=0.009543258891702688 -0.0013212692789171996 0.0005882284736535208 0.0044866994086800874 0.0036416302562306264 2.7473398755533926e-05 -0.0015930502268711375 0.0031112944794448386 -0.0090592113165032951 -0.0028274685594391808 0.00042311652092470552 -0.019740657535530465 0.013542179599857235 -0.011783325408981526 -0.0045658532028135194 0.014772038392798802 -0.018578509773103293 -0.022812985162454596 0.022866531897688103 0.012720738374695216 -0.0040871069835841066 0.0050228354594557883 0.00012142251855781404 -0.023202884471318613 0.0068041033912469252 0.015635800845043252 -0.0018552159122851622 0.017558623597895631 -0.010867276370762447 -0.027854818823824633 -0.0039705140095975654
leaf_weight=2134.3588816435004 4147.565876532768 55217.937135333887 352.2465539900586 13543.127267892509 18861.727405486541 27371.978068783792 8157.4714663545383 987.42635589156998 6346.5730404434435 17324.982261646845 118.8575486894697 1433.2992946838494 205.29192255437374 200.29218071419746 227.29914905503392 60.944284494500607 64.659618315286934 32.201024021953344 247.14913730451372 2274.4182815398672 1974.1982219863567 14810.745726681344 174.92844349658117 126.47583981859498 144.31563925510272 27032.901534915145 92.797118997084908 1669.431867870735 122.07017486239783 2681.5401155030995
leaf_count=39698 94241 717440 537 190579 278679 383110 96421 41686 157529 221040 355 1813 584 898 545 91 221 56 1655 43035 23721 166048 255 769 871 525964 1568 26949 6904 40667
internal_value=0 -0.000362376 -0.000988687 0.0044476 -0.00177836 -0.000256796 0.000913236 -0.00259419 -0.000595888 0.00102206 0.00447829 0.0055062 0.00786714 0.0102559 -0.000514462 0.00754745 0.0122058 -0.00727775 -0.000813681 0.000291146 0.000876892 0.00033184 -0.00251883 -0.0106724 0.000149491 -0.00241449 -0.00414745 -0.00671034 -0.00723006 -0.00662533
internal_weight=208139 192462 129086 15677.5 62086.3 67000 63375.4 36733.7 25352.6 20321.5 2996.5 2877.64 2223.99 1730.45 493.535 288.243 1530.16 96.8606 46678.5 19306.5 17032.1 15057.9 653.651 301.404 19006 35746.3 8713.41 4565.84 4473.04 4350.97
internal_count=3063929 2833652 2019791 230277 1175058 844733 813861 737979 437079 227164 6124 5769 4208 2988 1220 636 2090 277 617569 234459 191424 167703 1561 1024 279550 696293 170329 76088 74520 67616
is_linear=0
shrinkage=0.03


Tree=141
num_leaves=31
num_cat=0
split_feature=17 15 5 19 6 7 6 7 7 6 14 7 25 7 7 5 9 74 25 6 5 6 56 72 61 7 16 27 24 3
split_gain=342.963 115.722 81.7451 81.5271 64.027 107.694 71.2542 86.9844 74.063 93.2059 57.9513 57.517 51.4504 53.728 67.9879 51.1655 50.3932 50.0603 50.4686 49.5156 51.093 54.6816 49.9163 49.5603 47.5984 47.2331 45.8711 45.7862 41.6422 48.0747
threshold=0.61035025119781505 1.0000000180025095e-35 1.1000917553901675 0.37498413026332861 0.02389999479055405 0.25114947557449346 0.045087434351444251 0.2463922128081322 0.070918992161750807 0.34941907227039343 0.56247621774673473 0.18439561128616336 1.0000000180025095e-35 -0.35921296477317805 0.44721917808055883 1.2691753506660464 1.0000000180025095e-35 1.0000000180025095e-35 0.50316895544528972 0.39159533381462103 1.3200441598892214 0.40816338360309606 0.61035025119781505 0.54213356971740734 0.35044260323047643 0.37049600481987005 0.63123199343681347 1.0000000180025095e-35 0.37446653842926031 0.36272233724594122
decision_type=2 2 2 2 2 2 2 2 2 2 2 2 2 2 2 2 2 2 2 2 2 2 2 2 2 2 2 2 2 2
left_child=1 2 10 -2 5 -3 11 8 16 15 17 -6 13 -4 19 28 -8 18 24 22 -21 -22 23 25 -1 -15 -5 -14 29 -10
right_child=3 4 12 26 6 -7 7 -9 9 -11 -12 -13 27 14 -16 -17 -18 -19 -20 20 21 -23 -24 -25 -26 -27 -28 -29 -30 -31
leaf_value=-0.001807408621776794 0.0019813644178700201 0.0016233904596886968 0.0010970573156918796 0.0038360532034915512 -0.0010558493920958495 0.012028931103945324 -0.0019228532942220176 -0.0011239136362807506 0.0042440941545996928 0.00076150536560180989 0.0020335161684615489 -0.011650788048669295 0.021175870258835335 -0.0048430698419753178 -0.00024383749114274096 0.019627589963324449 0.004596416594427174 -0.00057887149027333637 -0.021092562865178403 -0.0032672650706393551 0.014526253030083893 -0.0053193945359666763 0.00067937710774979595 -0.015275318280732633 -0.0079887962805760514 -0.010882247245274538 0.0087340151414531438 0.0012422633780833224 0.010727132691902586 -0.0052701042733469573
leaf_weight=15489.580169638488 25380.761956574563 5583.1598492085468 2379.7727554044977 5064.9954281264654 1092.2905149736907 1062.9122959687375 7519.5804230660142 20956.379935565696 7386.9525291895843 14680.410542273268 6361.9780023686471 796.55533236009069 132.4377583921887 7816.6650281079346 3899.7007515956648 197.16334162396379 1239.3448461355874 70113.804191776871 125.13076693145558 1624.1161612562719 342.33589271063101 192.42231041530613 1028.3755270286929 518.00530091379187 1205.8420718031703 1372.6594578649092 2617.7538214113083 437.02229390176944 820.12171648279764 507.28767342306674
leaf_count=111089 402312 46991 65395 57480 6940 4545 64178 182683 22901 163355 62656 4568 735 169152 99925 617 10612 1331850 553 58420 6389 5438 24681 39533 9290 52799 44269 11301 1567 1705
internal_value=0 -0.000529767 -0.00110057 0.00280181 0.000513513 0.00329447 0.000178366 0.000381523 0.00135688 0.00223146 -0.000729311 -0.00554145 -0.00285416 -0.0031186 -0.00371635 0.00465106 -0.000998218 -0.000931635 -0.00240132 -0.00476579 -0.000616481 0.00739036 -0.00559923 -0.00626484 -0.00225594 -0.00575001 0.0055092 0.00600138 0.00430285 0.00362978
internal_weight=207946 174882 113040 33063.5 61842.2 6646.07 55196.1 53307.2 32350.9 23591.9 93296.3 1888.85 19743.5 19174.1 16794.3 8911.53 8758.93 86934.4 16820.6 12894.6 2158.87 534.758 10735.7 9707.33 16695.4 9189.32 7682.75 569.46 8714.36 7894.24
internal_count=3063929 2559868 2049206 504061 510662 51536 459126 447618 264935 190145 1515438 11508 533768 521732 456337 26790 74790 1452782 120932 356412 70247 11827 286165 261484 120379 221951 101749 12036 26173 24606
is_linear=0
shrinkage=0.03


Tree=142
num_leaves=31
num_cat=0
split_feature=17 33 16 26 73 6 7 18 40 58 73 11 5 3 3 22 38 59 73 64 6 2 66 4 2 66 3 2 73 65
split_gain=335.352 107.606 88.3259 73.9941 65.7335 61.1502 54.8764 47.7881 45.0906 50.1311 46.1609 41.9442 38.2051 36.8174 36.6386 36.1581 52.4614 47.6603 46.5882 49.8809 87.5466 131.34 54.7756 60.7346 53.0051 48.2385 49.7039 61.4566 71.017 58.7702
threshold=0.58756005764007579 1.0000000180025095e-35 0.61035025119781505 0.22396993637084964 0.052673982456326492 0.02389999479055405 0.25114947557449346 0.22396993637084964 0.80801811814308178 0.91905513405799877 0.15837959945201877 0.37446653842926031 1.4133696556091311 1.1095995903015139 0.025666924193501476 0.14931328594684604 0.53458327054977428 0.58756005764007579 0.053855968639254577 -0.99996706843376149 0.085185207426548018 0.10946490988135339 0.078437812626361861 0.35638883709907537 -0.09797757118940352 0.052435930818319328 0.15778940171003344 0.064195070415735259 0.47609364986419683 -0.00246304296888411
decision_type=2 2 2 2 2 2 2 2 2 2 2 2 2 2 2 2 2 2 2 2 2 2 2 2 2 2 2 2 2 2
left_child=1 3 -2 4 -1 6 -3 12 10 -10 -7 15 13 -6 -4 16 18 -18 -5 20 24 -22 25 -24 -20 26 29 28 -28 -21
right_child=2 5 14 11 7 8 -8 -9 9 -11 -12 -13 -14 -15 -16 -17 17 -19 19 22 21 -23 23 -25 -26 -27 27 -29 -30 -31
leaf_value=0.0022157895678056078 0.0018591148292724656 0.0030632982454963107 0.0080755459207411985 -0.013983482590902032 -0.0028769311428721981 0.0020888352712979735 0.013208292327281018 -0.001486670993591264 0.019662491064648863 -0.0052081407745182134 -0.00055829323970962809 0.019202654985920123 -0.012213012601947954 -0.010803413601068063 0.0035375113957745834 -0.00051106506773365755 0.033401398921901672 -0.013518532788764116 0.0049750091130963741 -0.0083831567998622208 -0.022682822953132176 0.016579106889356175 -0.00075383724614691051 0.013665986977184364 0.027587610970475657 -0.020853079635224512 -0.010877519406748087 0.0022185596027575515 0.0025314887776308349 0.0060708542468613149
leaf_weight=3732.1281459886522 33104.409683278514 2102.7636675030226 3062.385370158132 168.11582949315198 10497.000860673987 9941.5869536266546 620.09756320901215 51061.961864571524 221.39468555327039 105.38083927007392 14672.643809678091 95.40921730035916 445.26382648681465 552.55916211583826 3385.7739802059441 67146.930905591871 79.005491674644873 22.868311690166593 157.27189534436911 296.04647668637335 147.12083183415234 151.69109091768041 478.55610694247298 576.70747085579205 235.17325665405951 97.328271949198097 1056.9347217774193 1400.199622486427 531.9291993365041 1621.4581107855774
leaf_count=47238 479686 23983 50248 502 267608 119127 2210 859161 1494 1903 208481 417 20920 30972 55862 831270 101 698 154 678 402 212 7684 7531 225 821 12133 18138 11711 2359
internal_value=0 -0.000584447 0.00248544 -0.000921089 -0.00164963 0.00112565 0.00539133 -0.00188044 0.000658988 0.0116624 0.000510854 -0.000270656 -0.00362813 -0.00327749 0.0056971 -0.000296802 0.00175101 0.0227136 0.00142875 0.0018213 0.00943309 -0.00278103 0.000946521 0.00714428 0.0186786 -0.000364277 5.78841e-05 -0.00235857 -0.00639046 0.00382413
internal_weight=207768 168216 39552.6 140552 66288.9 27663.9 2722.86 62556.8 24941 326.776 24614.2 74262.7 11494.8 11049.6 6448.16 74167.3 7020.41 101.874 6918.53 6750.42 691.257 298.812 6059.16 1055.26 392.445 5003.9 4906.57 2989.06 1588.86 1917.5
internal_count=3063929 2478133 585796 2120935 1225899 357198 26193 1178661 331005 3397 327608 895036 319500 298580 106110 894619 63349 799 62550 62048 993 614 61055 15215 379 45840 45019 41982 23844 3037
is_linear=0
shrinkage=0.03


Tree=143
num_leaves=31
num_cat=0
split_feature=75 17 75 12 25 50 6 17 4 3 66 70 70 70 36 75 6 5 9 5 22 1 2 22 6 52 75 6 5 2
split_gain=357.111 161.833 68.4045 59.843 58.8054 55.8738 48.5369 53.9546 43.224 51.7891 58.5625 49.3953 48.8618 47.9984 43.2302 59.9202 49.7943 63.8885 49.3875 49.1719 88.7548 47.5134 46.0551 66.8263 45.8721 67.9653 44.931 43.2504 43.2435 42.2207
threshold=0.045960653573274619 0.37446653842926031 0.016084345057606701 0.56247621774673473 0.31061333417892462 1.0000000180025095e-35 0.40833660960197454 0.61035025119781505 0.20707555115222934 0.2035058066248894 -0.25254724919795984 -0.019356142729520794 0.068916071206331267 0.0054087757598608741 0.56404110789299022 0.12654700130224231 0.39159533381462103 1.4283766150474551 0.17917595058679583 0.20707555115222934 0.20707555115222934 0.13026889413595202 0.10158272832632066 1.2673993706703188 0.079629648476839079 1.0000000180025095e-35 0.13405834883451465 0.073806658387184157 1.1168909668922427 0.013207839801907541
decision_type=2 2 2 2 2 2 2 2 2 2 2 2 2 2 2 2 2 2 2 2 2 2 2 2 2 2 2 2 2 2
left_child=2 4 -1 6 5 8 7 -3 9 -2 12 -12 -11 -13 15 24 18 -18 19 20 -17 22 23 28 25 27 -23 -10 -21 -7
right_child=1 3 -4 -5 -6 29 -8 -9 14 10 11 13 -14 -15 -16 16 17 -19 -20 21 -22 26 -24 -25 -26 -27 -28 -29 -30 -31
leaf_value=0.010602835544185832 -0.0016302598515521352 0.00033515692431459451 0.0037280490889872709 0.012294435397500532 0.00050856086117243688 0.0016904874910338684 -0.0013161883596833966 0.0021870721359060182 0.0045015894139699775 -0.002731475121412219 0.00060967897274930558 -0.0090733125836886894 0.0094213200170259175 -0.002953834986952755 -0.0031684278095745599 0.024334656435156695 0.0012484709539888304 0.019688303822093783 -0.0066319844871680052 -0.000803090221320662 -0.00094492283591016547 -0.03217103755972419 0.0017968779600861561 0.035278829280493834 0.001000450282000274 -0.0073602285795542543 -0.0031318331705430563 0.024728678133875266 -0.0054363368768836819 -0.0016245370757823781
leaf_weight=1433.21975520259 15809.29592690619 62961.783116590683 14185.244873278134 384.28564663697034 15285.039658570604 7760.6799432053813 11679.136363191647 18266.746037489807 148.75236666412093 5711.3773060736421 825.08209362815251 3881.1311672712909 310.11091911722906 1651.6304125342285 8373.004747613857 185.27576092956588 3965.2420482295565 172.73983043455519 1581.4561236447771 9665.7387712404307 366.29127807752229 44.340017159003764 5420.136247969509 40.206874179653823 883.19511284813052 123.0836772385519 7757.8255330386819 273.90203482331708 2229.1816104569589 6229.2559027912066
leaf_count=27262 153510 687444 203015 2068 184594 123961 181452 269283 1694 92108 17262 98541 5100 35404 193652 317 103380 1810 34736 159548 2585 206 100229 23 9359 1102 178243 415 69875 125751
internal_value=0 -0.000354921 0.00436175 0.000540901 -0.00120174 -0.00151523 0.000491711 0.00075176 -0.00186379 -0.00276925 -0.00422246 -0.00623027 -0.00209901 -0.0072508 -0.00124442 -0.000753659 -0.0010272 0.0020376 -0.0014923 -0.00117498 0.00765266 -0.00136989 -0.000495149 -0.00153666 0.00524554 0.0120501 -0.00331384 0.0177293 -0.0016733 0.000214053
internal_weight=207604 191986 15618.5 93292 98694 83408.9 92907.7 81228.5 69419 28188.6 12379.3 6357.84 6021.49 5532.76 41230.4 32857.4 31428.4 4137.98 27290.5 25709 551.567 25157.4 17355.3 11935.1 1428.93 545.738 7802.17 422.654 11894.9 13989.9
internal_count=3063929 2833652 230277 1140247 1693405 1508811 1138179 956727 1259099 401925 248415 151207 97208 133945 857174 663522 650952 105190 545762 511026 2902 508124 329675 229446 12570 3211 178449 2109 229423 249712
is_linear=0
shrinkage=0.03


Tree=144
num_leaves=31
num_cat=0
split_feature=75 17 59 4 19 75 32 52 6 75 32 9 75 6 75 4 6 2 32 44 6 9 75 22 27 6 19 2 64 66
split_gain=349.94 157.644 85.4734 72.6299 70.6482 67.2915 56.9552 43.8859 41.065 75.2063 41.6998 41.0305 40.6002 50.7488 57.3506 59.7931 45.8145 45.2815 43.5637 46.7612 42.3248 39.8794 39.6997 41.4094 39.0675 36.1698 35.894 35.5061 34.9781 49.1871
threshold=0.045960653573274619 0.50316895544528972 0.37446653842926031 0.20707555115222934 0.14931328594684604 0.019111314788460735 0.77802231907844555 0.4567199051380158 0.30568799376487737 1.9385456442832949 1.0936229228973391 0.48828019201755529 0.1705923676490784 0.39159533381462103 0.28211888670921331 0.52612900733947765 0.48820309340953832 0.36692830920219427 0.60404199361801159 1.0000000180025095e-35 0.38889351487159735 0.17917595058679583 0.20525999367237094 1.0561373829841616 1.1423901319503786 0.50154784321784984 0.2834331095218659 -0.27237109839916224 -0.076238449662923799 -0.045767940580844872
decision_type=2 2 2 2 2 2 2 2 2 2 2 2 2 2 2 2 2 2 2 2 2 2 2 2 2 2 2 2 2 2
left_child=5 2 3 4 7 25 12 28 9 10 -4 26 24 18 16 17 -15 -16 20 -20 21 -14 -6 -24 -5 -1 -3 -10 29 -2
right_child=1 11 8 6 22 -7 -8 -9 27 -11 -12 -13 13 14 15 -17 -18 -19 19 -21 -22 -23 23 -25 -26 -27 -28 -29 -30 -31
leaf_value=0.0099883831987239557 -0.002919269644753968 0.00048247416422490542 0.0012601904720757654 0.00083917341928144715 0.0022941442049795552 0.0035396232149056276 -0.0061184059970685071 0.0034125532318955883 -0.0063451516189116982 0.020117624254991615 0.013285687613804805 0.0074845111302666431 -0.0012028725428123881 -0.00037280253535787287 0.001966961479026706 0.0079810634236909695 -0.021202928534174319 -0.013149401231473096 0.0063848846526221364 -0.0019623461122368164 -0.017138688530764667 -0.0048945519312303684 -0.0014227531968231157 -0.024999889767763846 0.023754250417123146 -0.012902860219624727 0.0023073144085882769 -0.00013008500575893638 -0.004361673061114746 0.0019949204794000781
leaf_weight=2046.6160031847758 13730.714275203281 38473.925651771482 12992.182496477384 12787.949041050924 3925.5866079826374 13487.652559886374 1697.2856448015373 924.76776540145511 870.62864847516175 194.30735113145784 260.96970771625638 873.98947344580665 43119.759072321853 4735.3774724836112 1267.3842108458339 1814.337332526251 92.997784492908977 203.44125564099522 1339.3181885710219 1093.6704566880362 150.95260134886485 2802.6021319311403 4843.8301980523102 64.035971007309854 63.336016580462456 60.595343452179804 12973.676714230969 15323.244173787825 13084.561045527284 2111.4654560447088
leaf_count=38588 208813 560389 155599 163387 23742 190579 47648 12381 20101 1371 919 6056 739826 87882 32039 23825 3231 7878 11143 21492 5695 51074 28352 190 61 1110 123949 268911 204694 23004
internal_value=0 -0.000351393 -0.000878125 -0.00126387 -0.00231014 0.0043211 -0.000694994 -0.00300746 0.000551316 0.00177649 0.00150126 0.0010528 -0.000562082 -0.000907637 0.00128768 0.00434314 -0.000792155 -0.000150841 -0.00127501 0.00263375 -0.00148173 -0.00142868 4.61536e-05 -0.0017514 0.000959814 0.00930479 0.00094288 -0.000465987 -0.0032133 -0.00226368
internal_weight=207411 191816 139495 109853 38685 15594.9 71168.4 29851.5 29641.3 13447.5 13253.2 52321.6 69471.1 56619.8 8113.54 3285.16 4828.38 1470.83 48506.3 2432.99 46073.3 45922.4 8833.45 4907.87 12851.3 2107.21 51447.6 16193.9 28926.7 15842.2
internal_count=3063929 2833652 2143258 1696357 501176 230277 1195181 448892 446901 157889 156518 690394 1147533 984085 154855 63742 91113 39917 829230 32635 796595 790900 52284 28542 163448 39698 684338 289012 436511 231817
is_linear=0
shrinkage=0.03


Tree=145
num_leaves=31
num_cat=0
split_feature=75 17 75 59 4 3 52 32 53 39 75 36 19 32 66 70 65 36 25 22 35 22 3 70 7 17 27 70 22 70
split_gain=344.286 140.174 80.4922 75.4859 61.092 81.429 70.0619 53.7015 53.2433 46.0317 43.2771 60.4067 43.1135 42.4416 41.4433 53.1644 49.6338 44.0944 40.2867 53.1438 51.3181 45.4169 68.8512 58.2635 49.412 41.7882 39.827 51.2139 46.8129 40.4502
threshold=0.052516328170895583 0.46720869839191442 0.021746934391558174 0.37446653842926031 0.20707555115222934 0.2035058066248894 0.44559228420257574 0.77802231907844555 0.4769654124975205 1.0000000180025095e-35 0.14545133709907535 0.20707555115222934 0.53307747840881359 0.54616111516952526 -0.26611767709255213 -0.019356142729520794 0.017288355156779293 0.73747146129608165 0.31061333417892462 0.35638883709907537 1.0000000180025095e-35 1.0000000180025095e-35 0.20849283784627917 -0.00013649742322741074 0.24116761237382892 0.42514967918396002 0.83894920349121105 -0.0016359654255211351 0.96473810076713573 0.068916071206331267
decision_type=2 2 2 2 2 2 2 2 2 2 2 2 2 2 2 2 2 2 2 2 2 2 2 2 2 2 2 2 2 2
left_child=2 3 -1 4 5 6 -2 10 9 -8 11 18 -3 -10 26 17 -17 -16 20 -20 21 22 24 -24 -6 -26 28 -28 29 -7
right_child=1 12 -4 -5 7 14 8 -9 13 -11 -12 -13 -14 -15 15 16 -18 -19 19 -21 -22 -23 23 -25 25 -27 27 -29 -30 -31
leaf_value=0.008445488971272553 -0.0015170989437372278 0.00060374354843318364 0.0029795229839238019 0.00048485640764819323 -0.0055008473829794109 -0.0028427968582249623 -0.0077185781207213845 -0.0065171308897579135 0.0097249513008318255 0.030121550573594509 -0.00091311753054168466 -0.0012592482198612437 0.0040294355700309058 -0.0049625112283444061 -0.00031563210753338426 -0.0081288711334131566 -0.0022300860730580388 0.030915262426426195 -0.024034147746090046 0.0012571608537665501 0.020181652787986781 0.0018846805375581862 0.0099420025090767063 -0.036038733951694553 0.01928154933816233 -0.0018730601142877142 0.032598135183609933 -0.010238842448976992 -0.020437316622284197 0.0078972128462864669
leaf_weight=2829.1534837460058 20958.328882823247 55922.280563749591 16962.436247282851 26039.430946638342 107.05085733986925 6123.7751550881658 34.764994752709754 1433.363476504659 411.75520290178247 131.46806690236554 58007.677902774623 3193.9157588675007 3511.1374641426664 304.66386069310829 886.38921215746086 4834.4225633464521 1755.7751473551471 38.629695274867117 86.627220949158072 424.06558756483719 207.74298404669389 1680.1637491618167 45.81474450416863 46.54110594233498 575.69211121089756 97.05840277671814 60.467170163989067 38.433477036422119 126.68879920197651 328.75408067772514
leaf_count=52073 196660 730932 237300 403025 249 98094 359 42880 2297 379 1013491 46545 30058 2656 18553 116195 34337 345 87 4157 586 25436 70 131 453 99 95 152 895 5340
internal_value=0 -0.000397423 0.00376264 -0.000956545 -0.00132478 -0.00231801 -0.00116774 -0.000781554 0.00709213 0.022186 -0.000653573 0.00167376 0.000806456 0.00347985 -0.00408693 -0.00561534 -0.00656029 0.00111125 0.00453727 -0.00317762 0.00596891 0.00478055 0.0103201 -0.0137166 0.0132281 0.0162299 -0.00236393 0.0161567 -0.00265267 -0.00229035
internal_weight=207204 187413 19791.6 127979 101940 36034.3 21841 65905.7 882.652 166.233 64472.4 6464.67 59433.4 716.419 14193.3 7515.22 6590.2 925.019 3270.76 510.693 2760.06 2552.32 872.157 92.3559 779.801 672.751 6678.12 98.9006 6579.22 6452.53
internal_count=3063929 2774556 289373 2013566 1610541 476357 202351 1134184 5691 738 1091304 77813 760990 4953 274006 169430 150532 18898 31268 4244 27024 26438 1002 201 801 552 104576 247 104329 103434
is_linear=0
shrinkage=0.03


Tree=146
num_leaves=31
num_cat=0
split_feature=75 17 59 75 4 9 19 73 7 7 7 39 22 22 20 16 2 52 1 22 12 69 1 64 6 1 4 69 2 1
split_gain=337.337 148.626 78.5099 64.7898 64.047 66.9291 54.0756 46.972 56.1262 77.239 61.3667 53.0692 42.4054 42.0426 40.9174 40.3109 39.1148 38.1722 38.1405 47.7862 71.9715 64.8734 101.85 66.9547 74.683 87.6203 61.1187 59.4642 59.3848 49.1735
threshold=0.045960653573274619 0.50316895544528972 0.37446653842926031 0.021746934391558174 0.20707555115222934 0.40253517031669622 0.14931328594684604 0.11615732312202455 0.20426577329635623 0.21091862767934802 0.08094974979758264 1.0000000180025095e-35 1.0971195101737978 0.20707555115222934 0.88635334372520458 0.56247621774673473 -1.1736065149307249 0.4567199051380158 0.14097986370325091 1.0000000180025095e-35 0.22396993637084964 -0.58921131491661061 0.067706048488616957 -0.99011483788490284 0.09447988867759706 0.047964582219719894 0.56959870457649242 0.23172092437744143 0.14245180040597918 -0.083574946969747529
decision_type=2 2 2 2 2 2 2 2 2 2 2 2 2 2 2 2 2 2 2 2 2 2 2 2 2 2 2 2 2 2
left_child=3 2 4 -1 5 6 17 -8 10 11 -9 -10 -11 -12 18 -3 -4 -2 19 20 21 22 28 24 25 -23 -22 -25 -6 -30
right_child=1 15 16 -5 14 -7 7 8 9 12 13 -13 -14 -15 -16 -17 -18 -19 -20 -21 26 23 -24 27 -26 -27 -28 -29 29 -31
leaf_value=0.0083631042505291457 -0.003149708974563598 0.00074208968265615928 0.014864573514989373 0.0033352119060191809 0.00023068304870830166 0.0088890888874434814 0.0032182710924079354 -0.0028972193687125947 -0.041487328862466005 -0.0044045898150317179 -0.019746425887274984 0.0095478171669003582 0.014535727212665123 0.0066672023866018292 0.013117750895414698 0.0035259953180644303 0.00042939673661764852 0.0031999677062716507 -0.0018693061015914619 -0.00064415078015451794 -0.028746004750165019 0.025135861089162086 0.01674391904486261 -0.006847115182157376 -0.016296787822438208 -0.017282503334019431 0.016143341752904782 0.0022572764374155867 0.014995230998189541 -0.0038160769315279358
leaf_weight=2819.4663857799023 28642.403050889872 47042.709749859285 165.943627285189 12728.415149871056 1860.097544242919 478.54551238752902 2488.470112340874 1572.5602913745679 76.725600438192487 2773.0523020832916 52.542625121539459 21.858716633170843 106.68868376873434 1393.9120693199802 188.49886608263478 5196.5516142924389 29483.346608487715 874.43730576185044 19295.695954987525 45397.32663777539 112.33867008937523 247.54068643180653 598.96559053007513 1275.040407820874 67.755927943129791 49.97378865769133 32.658864863682538 1299.7909561488777 522.67472091210948 161.70708958686737
leaf_count=52073 436057 624435 1653 178204 21618 2233 14157 11765 214 18070 218 188 106 6010 793 65959 445248 12158 355764 746119 423 711 2520 28592 1310 106 88 26657 8256 2224
internal_value=0 -0.000345109 -0.000857066 0.00424918 -0.0012276 -0.00221348 -0.00235432 -0.000243007 -0.00168113 -0.00460062 0.0011998 -0.0301966 -0.00368214 0.00565281 -0.000693929 0.00101936 0.000512335 -0.00296104 -0.000731439 -0.000305951 0.00215716 0.00266069 0.00565404 -0.000541497 0.0114049 0.0178611 -0.0184431 -0.00225304 0.00301956 0.0105476
internal_weight=207028 191480 139241 15547.9 109591 38481.2 38002.7 8485.81 5997.34 2978.33 3019.01 98.5843 2879.74 1446.45 71110.1 52239.3 29649.3 29516.8 70921.6 51625.9 6228.54 6083.55 3143.44 2940.1 365.27 297.514 144.998 2574.83 2544.48 684.382
internal_count=3063929 2833652 2143258 230277 1696357 501176 498943 50728 36571 18578 17993 402 18176 6228 1195181 690394 446901 448215 1194388 838624 92505 91994 34618 57376 2127 817 511 55249 32098 10480
is_linear=0
shrinkage=0.03


Tree=147
num_leaves=31
num_cat=0
split_feature=75 17 75 5 11 12 4 5 7 7 72 54 1 74 6 7 6 74 38 74 64 73 48 36 6 64 7 7 4 6
split_gain=332.332 130.548 84.7197 59.5783 53.5698 52.3134 48.6126 63.7966 52.8948 55.7835 65.0197 45.0189 44.0898 41.9912 41.4132 41.0305 40.0439 38.9456 37.182 36.6881 36.4656 36.2119 40.9815 41.8382 58.3435 47.2459 44.8006 77.8552 47.5551 44.0095
threshold=0.05646942742168904 0.37446653842926031 0.023934200406074527 1.1620228886604311 0.37446653842926031 0.31061333417892462 0.55233678221702587 1.4283766150474551 0.049958098679780967 0.66874989867210399 0.18423765897750857 0.22396993637084964 -0.34404355287551874 0.0052989735268056401 0.10889055579900743 0.56438687443733226 0.48820309340953832 0.10538189858198167 1.0000000180025095e-35 0.0021170956315472726 -0.37945021688938135 0.18158587068319323 1.2410489320755007 0.43366721272468572 0.39380566775798803 -0.99999907612800587 0.23159939795732501 0.37049600481987005 0.77486258745193493 0.32422405481338507
decision_type=2 2 2 2 2 2 2 2 2 2 2 2 2 2 2 2 2 2 2 2 2 2 2 2 2 2 2 2 2 2
left_child=2 3 13 5 11 16 8 -8 -5 10 -10 -3 -12 -1 -11 -4 21 -16 19 20 -14 -2 23 24 25 -23 -27 28 -28 -25
right_child=1 4 15 6 -6 -7 7 -9 9 14 12 -13 18 -15 17 -17 -18 -19 -20 -21 -22 22 -24 29 -26 26 27 -29 -30 -31
leaf_value=0.0056856853111471022 0.00020454922895548456 -6.0709689262970996e-05 0.0029524991707389797 0.00073085698623467823 0.015193296964838588 0.0049331382954274691 -0.00065154095303064739 0.020071512275365463 -0.0036801786878760926 -0.0043436745172102777 -0.0014275973258381603 0.0014268288944695048 -0.02451259723373609 0.013022850195854576 -0.0005139733918022723 -0.003902823683241369 -0.0095715323013945575 0.015062447631512503 -0.0026421826438037255 -0.014012503779674135 0.034894561281645552 -0.01049736999951161 -0.028388517417065613 0.00084044550797822046 0.0015219754185890938 -0.0011611163266876045 -0.004899573817300727 -0.00099013755422305578 -0.023451928429904755 -0.0018625507398388871
leaf_weight=2575.542786106249 19074.818654016606 60201.619964364072 17948.223298334742 1934.9323837209522 216.64242361998186 1356.8451873960439 571.75140263000503 170.26548582501709 4913.0966868111864 559.62510593576008 483.44335061525635 26306.57702480955 10.483143707038833 971.28203522666445 294.65441878401907 817.8338147175964 483.35085832222831 277.9382378689188 355.05207144105225 1660.8122538989701 23.810208013514057 601.2153039315308 46.176051281392574 13829.57388205218 4254.4637299745082 21909.928740413074 8569.5751504240907 7436.7725722479227 122.63810505950823 8910.2402709859889
leaf_count=41897 232438 727040 250575 55696 1100 8802 20818 1488 91977 14323 21850 322573 147 22017 4460 11076 15803 8450 12589 95442 170 3526 2168 179309 81903 354613 144570 139833 3660 193616
internal_value=0 -0.000418075 0.00345785 -0.00116918 0.00042936 -0.000902133 -0.00322223 0.00417973 -0.00374645 -0.00475668 -0.00569969 0.000391634 -0.00960211 0.00770861 0.00143984 0.00265273 -0.0009953 0.00709111 -0.011521 -0.0133675 0.0159533 -0.000945888 -0.00128006 -0.00125919 -0.00181065 -0.00217782 -0.00204512 -0.0032451 -0.00517251 -0.000218625
internal_weight=206889 184576 22312.9 97851.5 86724.8 86595.6 11255.9 742.017 10513.8 8578.92 7446.7 86508.2 2533.6 3546.82 1132.22 18766.1 85238.8 572.593 2050.16 1695.11 34.2934 84755.4 65680.6 65634.4 42894.6 38640.1 38038.9 16129 8692.21 22739.8
internal_count=3063929 2738364 325565 1687651 1050713 1360241 327410 22306 305104 249408 222175 1049613 130198 63914 27233 261651 1351439 12910 108348 95759 317 1335636 1103198 1101030 728105 646202 642676 288063 148230 372925
is_linear=0
shrinkage=0.03


Tree=148
num_leaves=31
num_cat=0
split_feature=17 56 26 72 73 73 72 12 48 5 20 20 70 4 1 69 70 21 2 48 21 57 32 73 74 70 21 1 5 72
split_gain=305.839 101.849 59.6198 70.6491 56.8526 53.2258 51.1983 50.4423 46.5385 46.1882 40.5697 39.5477 53.5199 39.1335 51.2286 39.5822 39.2439 37.412 63.8327 35.5869 34.3935 34.1202 32.9983 46.9683 52.4296 47.1322 63.0722 61.2128 36.408 48.1472
threshold=0.61035025119781505 1.0000000180025095e-35 1.0000000180025095e-35 0.025480625219643119 0.037166325375437743 0.023572044447064403 0.005328613333404065 0.50316895544528972 1.2030904293060305 1.1869426965713503 0.52967563271522533 0.88635334372520458 -0.0014845895930193362 0.14931328594684604 0.55675661563873302 -0.57819780707359303 -0.0083350939676165563 0.98171016573905956 0.17018707096576693 1.0000000180025095e-35 0.69700348377227794 0.31061333417892462 0.20707555115222934 0.13352355360984805 1.0000000180025095e-35 0.0015500112203881147 1.0000000180025095e-35 -0.11799382045865058 0.98980897665023815 0.35260759294033056
decision_type=2 2 2 2 2 2 2 2 2 2 2 2 2 2 2 2 2 2 2 2 2 2 2 2 2 2 2 2 2 2
left_child=1 2 3 -1 -3 6 20 9 10 11 -6 17 -13 -5 15 -15 -17 22 -19 -12 -2 -21 23 25 -25 -4 27 -27 -24 -30
right_child=5 4 7 13 8 -7 -8 -9 -10 -11 19 12 -14 14 -16 16 -18 18 -20 21 -22 -23 28 24 -26 26 -28 -29 29 -31
leaf_value=0.0012334774126470296 0.0002177989896387781 0.0040190999106191373 -0.00036123029950205058 -0.0060597919414761168 -6.6479636524680754e-05 0.0022306991531734588 0.010566862703043089 0.015532751853549956 -0.011758588515819957 0.0086724526194776504 0.0053369579855911554 0.020245950263434669 0.0014607602118868268 -0.0008123107724951617 -0.011305180323944598 0.00063184627672132872 -0.005130918626315927 -0.0040673368242653812 -0.032791359271598292 -0.0041317933130043446 0.007904488988096401 0.0021616133756461493 8.2455593082157505e-05 -0.0032097572613185897 -0.00093894541344623043 -0.015233517460514804 0.0010073659482106108 0.016316695095589202 0.0040311386180523308 0.027830852587896769
leaf_weight=3735.1980307156991 1341.4268945974618 3476.6630070657557 10594.744662811172 3672.985828982055 71329.705853225329 29224.795332754657 1403.509026595857 166.73625611606985 292.66931994498009 456.84921592083992 2350.3566956680734 176.32305605523288 567.22390333574731 7867.6665564910727 581.71065100075793 1330.5672130925959 5252.8224658808758 379.86679756315425 81.84640100505203 987.32748323562555 857.17843198796618 3551.7814984778524 13691.66148775426 13824.221641025782 27094.655652457419 58.602868234273046 1221.1767483516596 518.53495337208733 533.57078191329492 85.892353104369249
leaf_count=37320 18482 45107 93555 75781 1034263 444862 28205 769 7398 8827 15575 370 1843 188815 30135 44553 168765 1588 296 10201 12512 35303 155936 92183 484949 98 14341 732 9921 1244
internal_value=0 -0.000501407 -0.00118721 -0.00253148 0.000267212 0.00265565 0.0060958 -0.000752675 0.000100817 -0.000792825 0.000145847 -0.000856217 0.00600595 -0.00328362 -0.00260358 -0.00224996 -0.00396585 -0.000931573 -0.00940672 0.00234358 0.00322559 0.000789275 -0.000873087 -0.00121644 -0.00170648 0.000401183 0.00488626 0.0130225 0.000405661 0.00749572
internal_weight=206708 173881 91892.9 22441 81988.5 32826.9 3602.11 69451.9 78511.8 69285.2 78219.2 68828.3 743.547 18705.8 15032.8 14451.1 6583.39 68084.8 461.713 6889.47 2198.61 4539.11 67623.1 53311.9 40918.9 12393.1 1798.31 577.138 14311.1 619.463
internal_count=3063929 2559868 1412021 545369 1147847 504061 59199 866652 1102740 865883 1095342 857056 2213 508049 432268 402133 213318 854843 1884 61079 30994 45504 852959 685858 577132 108726 15171 830 167101 11165
is_linear=0
shrinkage=0.03


Tree=149
num_leaves=31
num_cat=0
split_feature=75 17 59 75 26 1 2 4 1 20 2 71 22 16 7 27 2 52 64 72 73 52 64 27 69 2 9 29 22 7
split_gain=322.353 134.64 68.9498 65.5649 53.1645 53.5394 46.1897 44.4851 53.7858 42.3258 63.3294 46.0515 72.2318 41.6147 38.5095 37.3867 37.0255 36.9152 56.0695 43.9138 43.5158 47.1717 42.1314 40.4222 39.0985 52.8354 36.7533 36.6789 40.6441 37.727
threshold=0.047409605234861381 0.46720869839191442 0.37446653842926031 0.019111314788460735 0.22396993637084964 0.53159528970718395 -0.05225661396980285 0.14931328594684604 -0.37641310691833491 0.53307747840881359 0.18553353846073153 -0.14972379058599469 1.078208386898041 0.53458327054977428 0.56438687443733226 1.1352072954177859 -1.1736065149307249 0.42082132399082189 -0.99999907612800587 1.0000000180025095e-35 0.10452756285667421 0.58018696308135997 -0.99996706843376149 1.3013194203376772 -0.99999734759330738 -0.0061832694336771956 1.0000000180025095e-35 1.0000000180025095e-35 1.0000000180025095e-35 0.049958098679780967
decision_type=2 2 2 2 2 2 2 2 2 2 2 2 2 2 2 2 2 2 2 2 2 2 2 2 2 2 2 2 2 2
left_child=3 2 4 -1 5 7 -7 8 -2 26 11 12 -11 -3 -5 -13 -4 22 20 -20 -19 -22 -6 -24 25 -21 -10 29 -29 -9
right_child=1 13 16 14 17 6 -8 27 9 10 -12 15 -14 -15 -16 -17 -18 18 19 24 21 -23 23 -25 -26 -27 -28 28 -30 -31
leaf_value=0.0090255493570394682 -0.0090248364116982446 0.00050426776044322833 0.014634454604366187 0.0036295894076909317 0.0027214559262827287 -0.012821009060906214 -0.0030107633857157485 0.00084091772359544046 -0.0024811259913767531 -0.0046724983820155969 -0.022306405387711253 0.0032295179749317442 0.031645957711043872 0.0028525621964445003 -0.0043547277011287532 -0.030807618667041899 0.00037923754252567655 0.008975017257189858 0.0068903918196609962 -0.010641434807529833 -0.044019896212428591 -0.0033175013824654552 -0.0010700629153239704 -0.040613441373141615 0.00011721495513478059 0.027832738655336951 -0.0084577448176914299 0.025959748016954644 0.002701588504194503 -0.0017309532506874167
leaf_weight=2070.9648417002027 1190.6379562928632 54420.708925125953 161.04753306985367 13736.926915433156 2772.9098179814173 730.68434850574704 1060.3339565791248 6694.1122844929196 16621.069059912232 77.973770978627726 77.417261754628271 813.51612327317707 124.93609983101487 7758.5008141948711 562.30536491604289 26.111933365464211 26007.483263205766 40.776342666707933 1349.3296706301626 44.090310943080112 56.818277653306723 45.936389597132802 42667.462603953798 19.287645412608981 4037.486732335703 98.134217247366905 978.45027731300797 85.679368077544495 281.97485672484618 21954.924337182165
leaf_count=39698 25030 710877 1632 196422 13690 30196 30251 165739 209845 744 516 4312 95 91699 6809 32 403114 172 5554 264 261 265 556434 26 52830 303 17316 875 4214 494714
internal_value=0 -0.000347712 -0.000903998 0.00403901 -0.00125691 -0.00194512 -0.00703522 -0.00175814 -0.00285021 -0.0024554 0.00318933 0.00516493 0.0178473 0.000797517 0.00331417 0.0020246 0.000469363 -0.000574086 0.00170677 0.00219303 -0.0165457 -0.0266722 -0.000858921 -0.00109184 0.000670373 0.01591 -0.0028155 -0.00100836 0.00835492 -0.00112982
internal_weight=206568 190198 128019 16370.2 101850 50717.8 1791.02 48926.8 19910.1 18719.5 1119.96 1042.54 202.91 62179.2 14299.2 839.628 26168.5 51132.2 5672.57 5529.04 143.531 102.755 45459.7 42686.8 4179.71 142.225 17599.5 29016.7 367.654 28649
internal_count=3063929 2821000 2018424 242929 1613678 983879 60447 923432 257890 232860 5699 5183 839 802576 203231 4344 404746 629799 59649 58951 698 526 570150 556460 53397 567 227161 665542 5089 660453
is_linear=0
shrinkage=0.03


Tree=150
num_leaves=31
num_cat=0
split_feature=75 18 75 28 72 27 22 11 16 56 74 34 44 1 3 66 19 1 48 66 2 12 1 75 70 5 74 64 5 70
split_gain=316.885 118.205 83.3325 82.8218 67.0089 55.2176 53.3396 53.2898 45.7612 44.0764 41.1981 40.9512 51.7507 40.2582 40.2235 37.3986 37.2747 36.317 51.7076 49.1713 37.1924 36.9807 35.606 45.9039 45.0079 51.349 41.8419 40.1673 39.8425 37.4418
threshold=0.057743679732084281 0.53458327054977428 0.023934200406074527 0.20707555115222934 0.20334322750568393 0.66012796759605419 0.82597121596336376 0.37446653842926031 0.53458327054977428 0.22396993637084964 0.0052989735268056401 0.53458327054977428 0.98625800013542186 0.48798888921737676 0.24178419262170794 0.0083733918145298975 0.2834331095218659 0.038769485428929336 1.0000000180025095e-35 0.38968627154827123 -0.23131015896797177 0.31061333417892462 -0.13800106942653653 0.23964720964431765 0.0038358973106369381 0.52612900733947765 0.43339970707893377 -0.9999999701976775 0.8696076273918153 0.019661490805447105
decision_type=2 2 2 2 2 2 2 2 2 2 2 2 2 2 2 2 2 2 2 2 2 2 2 2 2 2 2 2 2 2
left_child=2 3 10 9 7 17 14 8 11 22 -1 -3 16 -11 -6 -4 -13 18 21 20 -19 -5 23 24 25 -2 29 -25 -28 -24
right_child=1 4 15 5 6 -7 -8 -9 -10 13 -12 12 -14 -15 -16 -17 -18 19 -20 -21 -22 -23 26 27 -26 -27 28 -29 -30 -31
leaf_value=0.0055208948314284184 0.0068581381103527657 4.4313698182134008e-05 0.0029903490109089463 0.0029268050075843851 -0.0086733606316967398 0.0064151258264601857 -0.016941558398123138 0.015991542866586377 0.0029924993499462604 0.00020021423660362091 0.012772277330206827 0.0014823343840560538 -0.017594583151615391 -0.0086362415327706585 -0.00051689363957067001 -0.0013413733062011795 0.0064793736103166324 -0.0063404165955604748 -0.00056580040672563059 -0.012698985403587944 -0.00027325520009597448 0.019681506107476689 -0.0018163011352362367 -0.028585910772925782 -0.017219076353759178 -0.0081502023149261516 -5.5545331808888665e-05 -0.0026612282350108756 -0.014102055790945098 0.0015642844955279791
leaf_weight=2525.654585629025 246.65444942330942 79150.050255336086 17563.118844645476 5017.7414035169058 761.06054558457981 1274.8115070974454 263.39094987616409 194.22813576948829 5825.368287852616 11925.042079871651 984.5582408372793 5742.5253336862661 111.3424134394154 478.78814776771469 1891.1078104915505 1994.0097651057586 1752.958704280667 1042.6213663785893 7626.8382396716624 337.26631846686359 6951.101052907994 117.70559422671795 35301.35239452024 50.119186537573114 371.0084642902948 1136.0536469292128 298.9294740006444 11774.501587596038 462.28403452246857 3212.8379457241317
leaf_count=41897 1282 1143597 234824 50970 20842 10349 6900 1013 65121 166295 22017 84281 2005 9407 33983 38507 15070 23666 118983 9437 102067 297 477560 386 3707 13576 9431 257758 41732 56969
internal_value=0 -0.000417017 0.00331356 -0.00121309 0.000311921 0.000362056 -0.00416304 0.000452771 0.000419434 -0.00175305 0.00756829 0.000246482 0.00234835 -0.000143185 -0.00286869 0.00254828 0.00265442 -4.70644e-06 0.00100072 -0.00154521 -0.00106793 0.00332672 -0.00213073 -0.00345532 -0.00798192 -0.00545763 -0.00167238 -0.00278112 -0.00862098 -0.00153404
internal_weight=206385 183318 23067.3 87625.7 95692 22368.1 2915.56 92776.5 92582.2 65257.6 3510.21 86756.9 7606.83 12403.8 2652.17 19557.1 7495.48 21093.3 12762.3 8330.99 7993.72 5135.45 52853.7 13578.3 1753.72 1382.71 39275.4 11824.6 761.214 38514.2
internal_count=3063929 2726684 337245 1353872 1372812 315769 61725 1311087 1310074 1038103 63914 1244953 101356 175702 54825 273331 99351 305420 170250 135170 125733 51267 862401 276709 18565 14858 585692 258144 51163 534529
is_linear=0
shrinkage=0.03


Tree=151
num_leaves=31
num_cat=0
split_feature=75 20 75 26 13 48 3 20 39 20 65 39 3 7 9 7 22 36 48 65 2 75 65 66 5 75 74 73 64 64
split_gain=311.777 127.11 64.4425 62.4575 49.1431 52.5976 51.9656 89.5879 48.6947 46.5228 45.8619 41.5354 41.4535 40.1811 39.4404 38.7836 35.9795 83.0472 71.0637 66.7693 53.7576 53.3267 52.8424 45.2914 39.1605 38.9755 48.4666 42.7211 35.5543 37.5078
threshold=0.047409605234861381 0.2834331095218659 0.016084345057606701 0.22396993637084964 0.63123199343681347 0.79998427629470836 0.097351741045713439 1.2361049652099612 1.0000000180025095e-35 1.2361049652099612 0.010873691644519569 0.31061333417892462 1.1095995903015139 0.39477899670600897 0.29957322776317602 0.56438687443733226 1.0000000180025095e-35 0.24964435398578647 1.0000000180025095e-35 0.003233734169043601 0.53733056783676159 0.082269087433815016 -1.0000000180025095e-35 -0.17147567868232724 1.020962715148926 0.24886290729045871 0.061321690678596504 0.11768365278840066 -0.9999999701976775 -0.84099236130714405
decision_type=2 2 2 2 2 2 2 2 2 2 2 2 2 2 2 2 2 2 2 2 2 2 2 2 2 2 2 2 2 2
left_child=2 3 -1 8 6 -6 9 11 12 13 16 -8 28 14 -3 -4 17 25 19 20 21 -19 -22 -21 -23 26 27 -10 -2 -30
right_child=1 4 15 -5 5 -7 7 -9 10 -11 -12 -13 -14 -15 -16 -17 -18 18 -20 23 22 24 -24 -25 -26 -27 -28 -29 29 -31
leaf_value=0.010155122304399704 -0.015072077959943163 0.0017840945211667328 0.003704768932838005 -0.0002268579699496224 0.0074483311497721416 -0.015661970618358056 -0.0012321631818977951 0.022197877351103987 0.0027726203983533784 -0.015756072148028197 0.0017696490664916215 0.0010572375020342281 -0.0091153050101920301 -0.00019834121581099745 0.0065972456434860178 -0.0042871359874116759 -0.00082424136780419571 0.012531989477833575 -0.00099447285468477926 -0.028534852248862194 -0.012983125396566386 -0.027613123702601397 0.037686489509159204 0.016078806624915735 -0.013217890284530309 0.015204442732724146 0.019349765105660614 -0.024734025153749027 -0.00078033536861840842 -0.0028061705787420232
leaf_weight=1388.4250375781994 186.41483691406029 22907.270681950584 14367.190100168737 60547.496619867583 1432.2069760581944 90.656487516127527 19928.42379807157 154.51080542523414 115.22936625778675 137.7086795544019 5774.1145334537723 11100.548634660663 779.63174169952981 9409.5863483503927 1639.8670796386432 564.3677004253841 18153.210818573614 43.112692677183077 717.55859873158624 21.771424905571621 40.862762459670193 370.71006020525238 27.77326166734565 97.420935853035189 339.89914365828736 218.55739946578979 68.565155036747456 85.57109595509246 12969.954875279498 22534.191751000963
leaf_count=27262 1201 246328 208773 837083 7518 636 216994 135 165 306 112086 123247 35720 119868 11368 6894 340112 164 19929 348 737 2920 206 471 4705 3702 139 254 230593 504065
internal_value=0 -0.000342004 0.00397853 -0.000913795 0.000711545 0.00603219 0.000586989 -0.000297948 -0.00157867 0.00139644 -0.000588322 -0.000412959 -0.00228645 0.00146798 0.00210684 0.00340133 -0.00125945 -0.00492869 -0.00812568 -0.0135284 -0.0165632 -0.0188752 0.00840442 0.00723132 -0.0208464 0.00591069 -0.00172574 -0.0091815 -0.00213615 -0.00206641
internal_weight=206213 189893 16320 123092 66800.8 1522.86 65277.9 31183.5 62544.6 34094.4 26074.4 31029 36470.2 33956.7 24547.1 14931.6 20300.2 2147.03 1659.11 941.55 822.358 753.722 68.636 119.192 710.609 487.923 269.366 200.8 35690.6 35504.1
internal_count=3063929 2821000 242929 2094600 726400 8154 718246 340376 1257517 377870 485938 340241 771579 377564 257696 215667 373852 33740 29480 9551 8732 7789 943 819 7625 4260 558 419 735859 734658
is_linear=0
shrinkage=0.03


Tree=152
num_leaves=31
num_cat=0
split_feature=16 54 19 21 73 4 7 66 1 6 6 73 1 9 6 7 64 72 1 7 7 6 52 71 11 36 73 73 1 6
split_gain=265.688 127.626 73.205 58.1774 56.2286 70.8222 51.4665 49.4975 41.7755 40.7087 66.513 83.4429 79.3792 48.5164 40.4531 63.1559 55.4624 49.4162 72.5884 64.1234 62.6057 43.3853 44.2706 40.6768 56.1704 49.4242 43.8538 46.6016 49.0001 40.0564
threshold=0.46720869839191442 1.0000000180025095e-35 0.65692245960235607 0.40690016746521002 0.13023994117975238 0.3114724606275559 -0.21457178145647046 0.0010059467167593541 0.10123080760240556 0.079629648476839079 0.077024687081575408 0.10172300040721895 0.076446089893579497 0.17917595058679583 0.087592232972383513 0.18208874017000201 -0.93395766615867604 0.18695982545614245 0.2856412827968598 0.66874989867210399 0.033552469685673721 0.17786761373281482 0.40690015256404882 0.15107668191194537 1.0000000180025095e-35 0.50335456430912029 0.38550435006618505 0.34703943133354193 0.4692430198192597 0.35126896202564245
decision_type=2 2 2 2 2 2 2 2 2 2 2 2 2 2 2 2 2 2 2 2 2 2 2 2 2 2 2 2 2 2
left_child=1 4 6 -3 7 14 29 9 -5 10 -1 12 13 -12 15 -6 -17 21 19 20 -19 22 23 26 25 -25 27 -16 -29 -2
right_child=2 3 -4 8 5 -7 -8 -9 -10 -11 11 -13 -14 -15 17 16 -18 18 -20 -21 -22 -23 -24 24 -26 -27 -28 28 -30 -31
leaf_value=0.0014352491174496179 0.0058080232496050413 -0.00015181492381549403 0.0087778245646808924 0.0021742255319246017 -0.0016331619263871653 -0.00054292875124142197 0.0020692023718376085 -0.0026394733297150893 -0.0013024724182587591 -7.093215210940136e-05 0.011816285706863461 0.021094859268451269 -0.027311417500246352 -0.010701475342326133 -0.00016413845257015115 -0.0012351313979392842 -0.0069100153158405406 -0.0011895068489992592 0.0019329588003378713 0.0055727598133566564 -0.0095204420287257029 -0.0021567339295271754 0.009298156041435305 0.0073532620280821652 0.028998265887083596 -0.016473364086820409 -0.0049863869212234038 0.010340767247128537 -0.03089193694467474 0.020008501871272601
leaf_weight=5896.6303029429546 1011.1054336749075 32101.742443600684 1718.3085190297934 24083.161931544833 8550.7172462581511 45206.061936448532 23719.251975895859 4985.2826841766364 3567.3461994995596 19856.328448310305 387.94042350025848 367.42279434204102 65.555711757391691 106.7768344245851 6594.3363889539614 2134.9184750963032 5692.7735657709709 1152.0893327568774 1403.3060437716922 393.94777911988785 2765.6778191379999 10739.491137999619 495.41749456187245 512.59055107901804 87.858807178214192 88.417140247183852 1553.1756877148291 576.98806004284415 23.288956505712122 215.58244065189501
leaf_count=66417 13200 475001 22395 325516 168725 781515 303896 90328 42043 245597 1012 704 148 83 53887 18439 62385 44148 39971 9897 86695 181754 3144 5412 310 909 13265 3611 251 3271
internal_value=0 -0.00041534 0.00279393 0.000716849 -0.00098085 -0.00137104 0.00238023 0.000103041 0.00172539 0.000615968 0.00261413 0.0100642 0.00272411 0.00690031 -0.00224619 -0.0034175 -0.00536425 -0.00151857 -0.00398692 -0.00591468 -0.00707544 -0.000835291 0.000593418 0.000132203 0.00712973 0.00375484 -0.000421327 0.000565777 0.00853972 0.00836424
internal_weight=206053 179389 26664.2 59752.3 119637 87971.1 24945.9 31665.9 27650.5 26680.7 6824.33 927.696 560.273 494.717 42765 16378.4 7827.69 26386.6 5715.02 4311.71 3917.77 20671.6 9932.07 9436.66 688.866 601.008 8747.79 7194.61 600.277 1226.69
internal_count=3063929 2721167 342762 842560 1878607 1474318 320367 404289 367559 313961 68364 1947 1243 1095 692803 249549 80824 443254 180711 140740 130843 262543 80789 77645 6631 6321 71014 57749 3862 16471
is_linear=0
shrinkage=0.03


Tree=153
num_leaves=31
num_cat=0
split_feature=17 15 26 16 73 74 31 7 7 5 3 2 7 73 56 73 7 7 28 7 26 3 23 66 5 36 36 71 5 3
split_gain=285.122 92.7342 73.6409 69.8492 50.1296 45.5754 57.4277 45.1413 49.2959 56.1394 42.9067 42.5646 42.0661 46.242 40.675 56.2929 47.2989 77.4248 39.8572 37.1666 36.5131 35.5508 35.532 34.8457 33.2461 32.7703 68.2676 41.7413 43.1766 36.3683
threshold=0.61035025119781505 1.0000000180025095e-35 1.0000000180025095e-35 0.65050083398818981 0.01753973122686148 0.0011154377716593447 0.70072525739669811 0.4467186182737351 -0.33686341345310206 1.1000917553901675 0.3667097687721253 0.32453911006450659 0.39477899670600897 0.18913308531045916 0.61035025119781505 0.68367964029312145 0.37428300082683569 0.27237541973590856 0.20707555115222934 0.4540043324232102 1.0455052852630617 0.20095144212245944 0.56247621774673473 0.014145310036838056 1.2028460502624514 0.56404110789299022 0.59014239907264721 -0.46192629635334009 1.05028373003006 0.76191788911819469
decision_type=2 2 2 2 2 2 2 2 2 2 2 2 2 2 2 2 2 2 2 2 2 2 2 2 2 2 2 2 2 2
left_child=1 2 7 -2 -3 6 10 8 -1 21 11 -4 13 23 15 16 17 -11 -13 -9 -14 -10 -7 -6 -17 -23 27 29 -29 -27
right_child=3 4 5 -5 12 22 -8 19 9 14 -12 18 20 -15 -16 24 -18 -19 -20 -21 -22 25 -24 -25 -26 26 -28 28 -30 -31
leaf_value=9.5387719919443477e-05 0.0021028058462332308 0.0065501776535464755 -0.0014411375924470121 0.0066835573125394064 0.0018563892195611169 -0.00018499739040790845 0.0071714674994393119 0.0064076308105367151 0.00037634087359324285 -0.0045800389162104936 -0.0046453874293894441 -0.0050973633538386031 -0.0014337490888633193 -0.00033205286697410145 0.00056866461418444254 -0.00495823286182421 -0.009846364454572161 0.0073840701667434163 0.031139839715326141 -0.00078914695339195285 0.022580409780091053 -0.0052882573953324493 0.015680994558052271 -0.0020325114134898395 -0.017663251266438112 -0.036646482260722014 -0.0021714697993483376 0.0016374364235852549 0.03859998581196155 0.025818393665413455
leaf_weight=4321.111794659435 29303.994363794351 1187.4375845385512 12452.567434591881 3335.9752606230177 25070.129744036385 63835.505642474091 606.79772759089246 737.01595647138311 4274.0945720524214 8221.1086636317486 4663.3783073801897 43.008049081545323 11253.164872387482 21196.819180069549 1173.3016890916042 301.27022181282518 1382.5346277994831 513.63640975778981 65.630245159380138 5022.4966782674601 53.26571810990572 2840.4875332042866 123.28433934866916 2256.2722832567524 500.69943782709743 17.191090663429353 1001.6584022686584 43.398306551564019 82.144164403114701 10.229397110524586
leaf_count=118398 439924 17305 89209 64137 195355 1150959 3535 15325 76077 184682 33394 359 100637 170307 28922 14732 56167 16822 136 126600 155 67935 1704 26903 36076 139 26773 612 424 226
internal_value=0 -0.000484587 -0.000996353 0.00257188 0.000456666 -0.000527405 -0.00186845 -0.0022559 -0.00281387 -0.00343138 -0.00218876 -0.00127519 0.000335224 0.000719277 -0.00473396 -0.00530416 -0.00469322 -0.00387293 0.0170826 0.000134816 -0.00131227 -0.00152463 -0.000153366 0.00153488 -0.0129443 -0.00355781 0.000698951 0.0191005 0.0263024 -0.0128801
internal_weight=205890 173250 112233 32640 61017.1 81790.2 17831.4 30442.4 24682.9 20361.8 17224.6 12561.2 59829.7 48523.2 12092.6 10919.2 10117.3 8734.75 108.638 5759.51 11306.4 8269.2 63958.8 27326.4 801.97 3995.11 1154.62 152.963 125.542 27.4205
internal_count=3063929 2559868 2049206 504061 510662 1279296 126633 769910 627985 509587 123098 89704 493357 392565 337401 308479 257671 201504 495 141925 100792 172186 1152663 222258 50808 96109 28174 1401 1036 365
is_linear=0
shrinkage=0.03


Tree=154
num_leaves=31
num_cat=0
split_feature=75 17 59 75 20 3 20 72 64 6 6 5 1 6 6 75 71 7 18 65 13 3 22 7 70 7 7 6 44 6
split_gain=299.159 128.902 67.7029 58.6835 51.6702 69.7133 48.7182 39.5442 37.4971 41.0022 59.1356 52.8337 47.2102 39.8107 69.3141 46.7235 57.9098 45.5894 41.4676 40.0873 36.8291 40.7846 88.8543 65.4295 61.564 53.1947 62.8181 47.9724 52.8067 46.0995
threshold=0.045960653573274619 0.50316895544528972 0.37446653842926031 0.016084345057606701 1.0470444560050967 0.15406121313571933 1.2361049652099612 1.0000000180025095e-35 -0.9832119047641753 0.39159533381462103 0.49072530865669256 1.2475351691246035 0.6233518421649934 0.075978700071573271 0.16369000077247622 0.63354367017745983 0.15107668191194537 0.16452314704656604 0.31061333417892462 0.0030634636059403424 0.50316895544528972 0.20095144212245944 1.0712161660194399 -0.4054999947547912 0.016297693364322189 0.27237541973590856 0.25316126644611364 0.28611345589160925 0.48623421788215643 -0.12860955297946927
decision_type=2 2 2 2 2 2 2 2 2 2 2 2 2 2 2 2 2 2 2 2 2 2 2 2 2 2 2 2 2 2
left_child=3 2 4 -1 8 6 -6 -5 -2 11 -11 20 13 17 15 16 19 -13 -18 -15 21 -10 23 27 25 26 29 28 -23 -25
right_child=1 -3 -4 7 5 -7 -8 -9 9 10 -12 12 -14 14 -16 -17 18 -19 -20 -21 -22 22 -24 24 -26 -27 -28 -29 -30 -31
leaf_value=0.009929847421347204 -9.8520486605756393e-05 0.00094982399444910198 0.00046966379721461002 0.0010277767262664732 0.0078717264835492205 0.023816468236271541 -0.021793421540424161 0.0044969532961112394 -0.00087367939053854609 0.00070372694698714517 -0.0082152196647368586 -0.0025962351438848716 -0.021253877072600055 0.0044691742341102601 -0.0074245558426160015 -0.012839609119087776 0.026547532169652124 -0.013386003642529325 -0.0011904136441900494 -0.0058895203447659489 0.0047548151334848654 0.0020904272461103848 -0.01978738039751279 0.0026991953307269594 0.00029533897182395055 -0.0016652927639976499 -0.013853619000583774 -0.0091427190441145459 -0.0056512751048814211 -0.00469996373832356
leaf_weight=1377.258438862882 22521.001338563772 51907.945345263463 29573.917055837286 4257.0208711930027 155.09535423200577 170.99508930929005 68.531247463077307 9729.668055668888 34536.559018731714 11112.37895701894 707.88692024099873 658.43556343624368 147.80291567569657 950.96991119117592 1402.5415199827985 182.81838941591559 142.46230200579157 763.30256838921923 71.577161584107671 514.84238784961053 826.66620425903238 5684.96019806408 256.76271200599149 804.73181594658672 4546.2219147467549 8454.5395265340776 639.59722860010515 443.05588611389976 917.29266343283234 12194.888950450855
leaf_count=27262 267844 690394 446901 37440 239 183 68 165575 392943 209853 20124 21645 9646 13008 57523 10308 2226 21895 1339 7798 3917 104905 1751 19068 85221 175638 20640 19672 20575 208328
internal_value=0 -0.000325044 -0.000803066 0.0040263 -0.00114882 0.00963173 -0.00142272 0.00344198 -0.00118843 -0.00147391 0.000166614 -0.00173552 -0.00476704 -0.00422849 -0.00239681 0.00139434 0.00297291 -0.0084135 0.0173993 0.000821666 -0.00152372 -0.00159985 -0.00233841 -0.00220294 -0.00288281 -0.00353692 -0.00469593 0.000367351 0.00101137 -0.00424089
internal_weight=205722 190358 138450 15363.9 108876 394.622 223.627 13986.7 108481 85960.3 11820.3 74140 4834.75 4686.95 3265.21 1862.67 1679.85 1421.74 214.039 1465.81 69305.3 68478.6 33942.1 33685.3 26640 22093.8 13639.2 7045.31 6602.25 12999.6
internal_count=3063929 2833652 2143258 230277 1696357 490 307 203015 1695867 1428023 229977 1198046 145388 135742 92202 34679 24371 43540 3565 20806 1052658 1048741 655798 654047 508895 423674 248036 145152 125480 227396
is_linear=0
shrinkage=0.03


Tree=155
num_leaves=31
num_cat=0
split_feature=17 33 19 16 4 40 12 16 71 1 22 24 22 70 3 70 65 64 20 70 3 20 21 64 16 65 71 71 44 47
split_gain=274.212 89.9025 67.7328 60.3 68.8249 52.2013 41.0322 38.8756 36.3589 35.8466 36.6154 36.4632 35.6778 35.2123 31.8504 39.815 45.0731 34.3956 31.0206 53.8268 43.5995 47.8798 39.0348 31.796 33.0079 30.4706 30.3827 38.926 30.3324 32.6172
threshold=0.61035025119781505 1.0000000180025095e-35 0.39170669019222265 1.0000000180025095e-35 0.14931328594684604 0.68376818299293529 0.53458327054977428 0.63123199343681347 -0.60605284571647633 0.11391890794038774 1.3449937105178835 1.0000000180025095e-35 1.2673993706703188 0.015329721849411728 0.21072506159543994 -0.0075720280874520532 0.067049495875835433 -0.40928795933723444 0.88635334372520458 1.6925976524362344e-05 0.10006025806069375 1.2361049652099612 1.1095614433288576 -0.99999979138374318 0.37446653842926031 -0.0047355897258967153 0.27696704864501959 -0.1677238047122955 0.95902624726295482 0.31061333417892462
decision_type=2 2 2 2 2 2 2 2 2 2 2 2 2 2 2 2 2 2 2 2 2 2 2 2 2 2 2 2 2 2
left_child=1 3 -2 4 13 28 18 -4 -7 10 12 -11 -6 14 -1 16 -16 -17 -5 20 22 25 -20 -21 -25 -22 27 -18 29 -3
right_child=2 5 7 6 9 8 -8 -9 -10 11 -12 -13 -14 -15 15 17 26 -19 19 23 21 -23 -24 24 -26 -27 -28 -29 -30 -31
leaf_value=-0.0024942472743590574 0.0018086296098301659 0.0002418090260527858 0.0035076338771142857 -0.00038019854519468974 -0.000443520355240432 0.023303527742122354 0.012492100148415911 0.0082197448544318284 0.005738374035986973 -0.0027823834246989169 -0.025346714054905836 0.0018414381153879426 0.022465550097140317 0.0010336738651510532 -0.0040370796636474502 -0.0051902604622055815 0.0044668649718802664 -0.011274423712396958 0.010855766399954267 0.021160688619918804 0.021798908429456861 0.032276778685319585 -0.0064572853987878657 -0.01724356512161794 0.0022504846801642657 0.00028529371584169782 -0.020159205485188132 0.031600652772886456 -0.00823356150113899 0.0024164983699893785
leaf_weight=5103.263488844168 25618.996564068468 18737.329720160022 4569.8136893711489 84789.23149197438 31367.907421683754 132.25438891921658 221.78409418044612 2415.9221377959766 505.407142868964 12964.917522204261 49.043372153304517 1737.00544129021 57.296122571919113 1309.300360081892 1481.5058648092963 2074.7383223550569 145.81852265656926 1418.2758183602418 239.8595427738037 32.534030359238386 93.805328356800601 113.76580594666302 221.70279283309355 168.650510459207 140.68199883075431 151.68281359551474 23.372820279793814 68.214120671036653 322.50031257199589 9282.9564072782814
leaf_count=86144 408967 249405 52710 895638 691770 754 1078 42384 5715 332504 368 29635 203 24418 30317 37704 2583 46431 1453 59 356 48 485 735 1018 787 494 585 6442 112739
internal_value=0 -0.000475754 0.00252343 -0.00078264 -0.00153227 0.00104859 -0.000279727 0.00514167 0.00951105 -0.00101256 -0.000440987 -0.00223543 -0.000398754 -0.00359531 -0.00418347 -0.00583343 -0.00208553 -0.00767198 -0.000313315 0.00454494 0.00870063 0.0164804 0.00254607 -0.00540503 -0.00844791 0.00874176 0.00993937 0.0135564 0.000856728 0.000962674
internal_weight=205560 172955 32604.7 143974 57800.7 28980.4 86173.7 6985.74 637.662 46176.2 31474.2 14701.9 31425.2 11624.5 10315.2 5211.93 1718.91 3493.01 85951.9 1162.68 820.816 359.254 461.562 341.867 309.333 245.488 237.405 214.033 28342.8 28020.3
internal_count=3063929 2559868 504061 2184813 1283156 375055 901657 95094 6469 1054480 692341 362139 691973 228676 204258 118114 33979 84135 900579 4941 3129 1191 1938 1812 1753 1143 3662 3168 368586 362144
is_linear=0
shrinkage=0.03


Tree=156
num_leaves=31
num_cat=0
split_feature=17 57 6 7 7 16 20 28 73 18 6 44 6 38 6 7 21 72 6 65 66 73 19 21 74 1 21 7 7 7
split_gain=266.289 87.514 73.63 78.4519 67.5535 66.8954 54.4043 48.8431 51.468 51.8805 64.0111 50.1521 48.3189 65.578 68.4911 74.874 62.8162 68.408 48.6195 63.4673 53.0504 71.84 47.9335 46.7716 44.0732 43.9486 43.6906 63.0501 42.1268 79.1153
threshold=0.61035025119781505 0.22396993637084964 0.038979940116405494 0.25044368207454687 -0.42511934041976923 0.65050083398818981 0.88635334372520458 0.24964435398578647 0.14648016542196277 0.53458327054977428 0.39262773096561437 1.0000000180025095e-35 0.27632133662700659 0.53458327054977428 0.088708333671093001 -0.41155323386192316 0.88471129536628734 0.071983609348535552 0.14687036722898486 0.0014647696516476574 0.0070641373749822387 0.24940615892410281 0.56404110789299022 0.83230373263359081 0.20593928545713427 1.0000000180025095e-35 0.2834331095218659 0.37824505567550665 0.21500050276517871 0.23433564603328708
decision_type=2 2 2 2 2 2 2 2 2 2 2 2 2 2 2 2 2 2 2 2 2 2 2 2 2 2 2 2 2 2
left_child=1 6 3 4 -3 -2 7 8 -1 10 12 25 13 14 15 -10 18 -18 19 20 23 28 -17 -16 -11 -9 27 -4 -22 -30
right_child=5 2 26 -5 -6 -7 -8 11 9 24 -12 -13 -14 -15 16 22 17 -19 -20 -21 21 -23 -24 -25 -26 -27 -28 -29 29 -31
leaf_value=-0.00016959703409107746 0.0020285540136680763 0.010364943783864539 -0.0023653594669439618 0.0082058477659100321 0.00051584262127731787 0.0065213732070791936 0.0057715927353296616 0.0040839263930451935 0.00022731452137686686 -0.00042646882200883036 0.0013099262941362721 -0.0024589917769336825 -0.0045427135253355497 0.02533211771969348 -0.0030518675591867813 -0.0047617489627858212 -0.036904258991877652 -0.0022120449140624709 -0.002548947340696685 0.0040009750832870374 0.00014987338419149789 0.00073792367136326449 0.012396632210680063 0.021848268075831758 -0.013470680949824416 -0.00025661755684124878 0.00063467622191531005 0.0011803913519346026 0.040703641151661765 -0.0040420461798042059
leaf_weight=27282.475318799014 29273.280278736544 688.64990835660137 12939.528003617801 1961.7928002064582 6608.5329677421541 3319.8616946506154 1057.6819938349072 4364.9480095497274 3780.6962742774522 23132.386364010483 4035.0994942623656 3108.1832276441855 9369.0940844928118 74.268024265067652 4262.6936502411845 12867.569005250534 85.410936825443059 121.53996856231242 6171.4780975559261 3589.6915949729009 73.924785653827712 929.16961232728499 144.36518360860646 64.997378058731556 231.53116063843481 4037.0798170373018 34743.325293828355 6925.0739344946051 114.61399435997009 49.577745196933392
leaf_count=305702 439924 6045 252030 9270 91287 64137 3724 44817 59464 358142 81009 67472 220917 431 45795 211455 206 329 136175 42890 1085 14877 714 131 8955 50999 440382 104998 65 502
internal_value=0 -0.000469109 0.000412567 0.00288571 0.00145111 0.00248706 -0.000985996 -0.0010525 -0.0012731 -0.0017087 -0.00229624 0.000794116 -0.0026454 -0.00209494 -0.00216136 -0.00348776 -0.00072009 -0.0169795 -0.000494842 0.000900583 -0.00112542 0.00453881 -0.00456728 -0.00265702 -0.00055821 0.00199868 -6.86254e-06 -0.00112905 0.0190947 0.0273911
internal_weight=205409 172815 63866.9 9258.98 7297.18 32593.1 108948 107891 96380.6 69098.1 45734.2 11510.2 41699.1 32330 32255.7 16792.6 15463.1 206.951 15256.1 9084.67 5494.98 1167.29 13011.9 4327.69 23363.9 8402.03 54607.9 19864.6 238.117 164.192
internal_count=3063929 2559868 904012 106602 97332 504061 1655856 1652132 1488844 1183142 816045 163288 735036 514119 513688 271633 242055 535 241520 105345 62455 16529 212169 45926 367097 95816 797410 357028 1652 567
is_linear=0
shrinkage=0.03


Tree=157
num_leaves=31
num_cat=0
split_feature=17 57 16 19 26 28 3 20 73 4 73 64 51 4 21 1 18 71 69 5 5 65 22 74 18 2 18 65 4 73
split_gain=260.468 84.0381 65.104 56.2708 51.8886 40.5467 39.8218 75.6514 47.4951 46.5394 41.1417 38.772 38.0986 37.9315 36.6143 52.7238 46.3798 37.0763 42.6928 38.444 35.5274 35.403 47.061 33.9524 32.7896 32.7786 32.6349 34.5946 32.4 32.3584
threshold=0.61035025119781505 0.31061333417892462 0.65050083398818981 0.2834331095218659 0.31061333417892462 0.24964435398578647 0.065129313617944731 1.2361049652099612 0.38182531297206884 0.14931328594684604 0.63979727029800426 -0.51751914620399464 1.2415822744369509 0.77486258745193493 1.0000000180025095e-35 -0.015364539343863724 0.65050083398818981 -0.01118283625692129 0.38995328545570379 0.48623421788215643 0.94754627346992504 0.067049495875835433 1.0000000180025095e-35 0.020138232968747619 0.31061333417892462 0.4601633101701737 0.31061333417892462 0.16484759002923968 0.73137298226356517 0.038635572418570525
decision_type=2 2 2 2 2 2 2 2 2 2 2 2 2 2 2 2 2 2 2 2 2 2 2 2 2 2 2 2 2 2
left_child=1 4 -2 12 6 28 8 9 11 20 -10 14 29 -11 15 16 -1 19 -19 -17 21 -8 26 -21 -13 -7 27 -23 -6 -3
right_child=2 3 -4 -5 5 25 7 -9 10 13 -12 24 -14 -15 -16 17 -18 18 -20 23 -22 22 -24 -25 -26 -27 -28 -29 -30 -31
leaf_value=0.0023671096575860508 0.0020075999374098352 0.0039123170871225637 0.0064416935124799301 0.0026605343764778007 -0.0003397229878726296 0.0023268678172057582 -0.0028181174996036824 0.021905123906769242 -0.0074822749798499032 -0.001291948483859544 0.0031671528235293375 0.0025930402565512742 -0.0065330508495547689 -0.017034969133988002 0.0014252626282989119 0.029605335471521988 -0.034812256421498135 0.027047923177402407 -0.0036871118645847405 -0.015762715616558148 -0.0053415849202380202 0.028888119120299476 -0.00053240434611334588 0.0091729071428107104 -0.00142037314481328 -0.012589226406344845 -0.021316486976031668 0.0028632523260518697 -0.0050470919739568892 1.5295948740153461e-05
leaf_weight=203.13238914590329 29270.847198024778 2000.5478157047473 3316.8488916901042 9016.6149892120739 37640.089950927577 6542.7017250600038 8597.9114664972294 116.38819947931916 1335.765979661257 37876.279359429755 428.48751092585735 2268.647906466329 768.59811605728464 134.32359781768173 3961.4553878395818 43.492905173450708 31.360990697983652 222.19432842487004 48.205322801601142 75.812041547847912 5169.8224729347858 120.52436258277157 623.56059178581927 123.86414770502597 9440.6681004174752 131.32607445516624 16.285874289926142 75.03924399180687 1359.8599340193905 44281.048371629338
leaf_count=549 439924 27445 64137 78911 448665 58425 127378 77 9426 829677 3167 13466 17704 3874 43770 25 47 262 198 269 102658 1596 9776 307 88767 1091 150 1737 18080 672371
internal_value=0 -0.00046432 0.00245979 0.000490033 -0.000923308 -0.000134571 -0.00143122 -0.00184867 -0.00022024 -0.00190297 -0.00489197 0.000282546 7.37955e-05 -0.00134949 0.00258026 0.00865059 -0.00308684 0.014001 0.0215784 0.00534401 -0.00334255 -0.00224472 0.00363654 -0.000396063 -0.000641781 0.00202532 0.0157108 0.0191823 -0.000504477 0.000184168
internal_weight=205242 172654 32587.7 56066.8 116587 45674 70913.2 52730.1 18183.1 52613.7 1764.25 16418.8 47050.2 38010.6 4709.52 748.062 234.493 513.569 270.4 243.169 14603.1 9433.32 835.41 199.676 11709.3 6674.03 211.849 195.564 38999.9 46281.6
internal_count=3063929 2559868 504061 796431 1763437 526261 1237176 1076923 160253 1076846 12593 147660 717520 833551 45427 1657 596 1061 460 601 243295 140637 13259 576 102233 59516 3483 3333 466745 699816
is_linear=0
shrinkage=0.03


Tree=158
num_leaves=31
num_cat=0
split_feature=17 33 19 6 25 3 7 7 6 72 6 1 2 2 6 18 71 18 73 32 6 66 71 2 17 70 18 3 73 69
split_gain=255.669 79.3159 71.3496 52.0781 51.2842 58.8575 74.4785 93.8115 83.2485 91.3441 57.9726 93.5089 66.3724 67.5373 55.9383 53.0021 52.5484 74.1434 62.5762 61.5974 52.4575 88.2028 128.43 99.5945 115.664 80.7066 77.1652 61.3657 73.2579 102.51
threshold=0.58756005764007579 1.0000000180025095e-35 0.4567199051380158 0.02389999479055405 0.37446653842926031 0.20095144212245944 0.041677778586745269 0.27237541973590856 0.02389999479055405 0.2004266753792763 0.085185207426548018 0.025200523436069492 -0.011867602355778216 -0.4833520501852035 0.06095442175865174 1.0000000180025095e-35 -0.22228917479515073 0.56247621774673473 0.20836033672094348 0.20707555115222934 0.10278788954019548 -0.3632615059614181 -0.2742620706558227 0.11826709285378458 1.0000000180025095e-35 0.0084409685805439966 0.42514967918396002 0.54228985309600841 0.32549633085727697 -0.99636122584342945
decision_type=2 2 2 2 2 2 2 2 2 2 2 2 2 2 2 2 2 2 2 2 2 2 2 2 2 2 2 2 2 2
left_child=1 4 -2 -3 5 -1 -7 8 -8 10 11 15 13 14 -13 -10 -15 19 -19 -18 21 27 26 25 -25 -24 -23 -12 -29 -30
right_child=2 3 -4 -5 -6 6 7 -9 9 -11 20 12 -14 16 -16 -17 17 18 -20 -21 -22 22 23 24 -26 -27 -28 28 29 -31
leaf_value=-0.00040954987903906359 0.0016486567766557079 0.004931173854879743 0.005251256112360313 0.00052981946765486205 0.00061215432249597855 2.3867262798966918e-05 0.0002333759184491258 -0.00059945799342477123 -0.036715018104979673 -0.0070956413176413956 -0.019095858857773325 -0.0002515859716410181 0.0046554398341226346 -0.014971643667240256 0.038615032047272999 -0.010410016377176435 -0.0208002571238394 0.00030562686133968629 0.034280864237317479 0.014344603626261944 -0.0028250158468840448 0.026258170053510589 -0.01791664033795828 -0.017182459146240409 0.015302508981779234 0.014450639682774455 0.0011589808407346761 0.018310822445048409 0.01574444288855828 -0.028632737521347727
leaf_weight=62897.474949111245 33149.234852746522 2678.0247021370014 5815.720483725323 24780.495247080034 19714.939114496257 15475.568539842978 4297.7177991238132 15634.398095583922 69.295510570518672 7151.6587370552588 235.53005106840283 101.48813219647855 821.6337823390495 588.60818690434098 45.420916294679046 1493.1842278733384 191.07113254396245 158.76950024208054 66.655927466228604 55.026605832856148 7860.2342667898047 351.68514232872985 327.2521236371249 123.08025391492993 440.46713262610137 84.293332924135029 160.8647866230458 127.07496183365583 75.186662053922191 111.82567847613245
leaf_count=825188 508216 26193 77580 331005 191754 320266 91482 339728 482 191098 528 387 7125 2342 37 13638 709 478 210 292 131869 540 891 300 480 176 299 154 99 383
internal_value=0 -0.000513016 0.00218696 0.000959902 -0.000804745 -0.00103964 -0.00174658 -0.00242193 -0.00356403 -0.00435483 -0.00289966 -0.00616329 -0.00190498 -0.00637501 0.0124403 -0.0116703 -0.00902355 -0.00152553 0.0107939 -0.0128203 -0.00171303 0.00257219 0.00636486 -3.74009e-05 0.00812868 -0.011201 0.0184594 -0.00765709 0.00103882 -0.0108116
internal_weight=205084 166119 38965 27458.5 138660 118945 56048 40572.4 24938 20640.3 13488.6 3591.15 2028.67 1207.04 146.909 1562.48 1060.13 471.523 225.425 246.098 9897.49 2037.26 1487.64 975.093 563.547 411.545 512.55 549.617 314.087 187.012
internal_count=3063929 2478133 585796 357198 2120935 1929181 1103993 783727 443999 352517 161419 25700 11580 4455 424 14120 4031 1689 688 1001 135719 3850 2686 1847 780 1067 839 1164 636 482
is_linear=0
shrinkage=0.03


Tree=159
num_leaves=31
num_cat=0
split_feature=75 17 75 25 2 64 2 1 65 27 9 21 5 72 1 64 4 69 11 4 14 26 9 32 20 69 36 54 4 1
split_gain=280.918 103.522 66.0723 60.5744 60.3588 57.4062 48.8426 60.0517 47.3016 43.261 39.0057 35.5976 34.5434 34.2592 33.4437 34.7788 32.9032 32.5106 31.8942 30.6792 49.8531 47.3679 29.9773 27.8001 27.6343 27.5063 26.6403 26.1433 38.1916 32.9989
threshold=0.051183979958295829 0.50316895544528972 0.023934200406074527 0.37446653842926031 -0.96714979410171498 -0.9497103989124297 -0.16670320183038709 0.43639770150184637 0.27005887031555181 1.1528667807579043 1.0000000180025095e-35 0.93337839841842662 1.020962715148926 0.005328613333404065 -0.31443564593791956 -0.56447425484657276 0.37498413026332861 -0.44106565415859217 0.31061333417892462 0.50335456430912029 0.81924167275428783 0.9651685655117036 0.48828019201755529 0.95796635746955883 0.98171016573905956 0.79856130480766307 1.6144652962684634 0.31061333417892462 0.3114724606275559 -0.18768164515495298
decision_type=2 2 2 2 2 2 2 2 2 2 2 2 2 2 2 2 2 2 2 2 2 2 2 2 2 2 2 2 2 2
left_child=2 3 13 5 -5 9 7 8 10 -2 24 19 18 -1 15 -10 -4 -12 22 -6 21 -21 -3 -22 -7 -19 -14 28 29 -8
right_child=1 12 16 4 11 6 27 -9 14 -11 17 -13 26 -15 -16 -17 -18 25 -20 20 23 -23 -24 -25 -26 -27 -28 -29 -30 -31
leaf_value=0.00465166385357536 -4.1406979006110659e-05 0.00096254175108161858 0.0017348508474193483 0.017705834707707643 0.0016494565359495012 -0.0023537366615191766 -0.0045524210855579523 -0.010605966188513128 -0.00013278235576760899 0.024189206887662382 -0.0030906320930232656 0.018690842498702231 -0.0012419853276954915 0.010715126815434295 -0.0013632502588955273 0.027792887998259214 0.0047728616873778384 -0.014805985751124922 0.0094315076966983036 -0.00064923553619961462 0.0065962681473810793 -0.0070809277806175549 0.0068825159529097013 -0.0040804848842904999 0.028060423277678482 0.0024025113848237926 0.028903882530263832 0.00036375905025712839 -0.00043635877970264839 -0.0016624440394552092
leaf_weight=1970.3393223209714 33682.470428953078 40810.61649077748 10578.293733810402 182.82330112485215 10159.981570669537 10148.756702352344 3979.8313832244457 904.19164594012545 62.403935600596014 62.445449319668114 698.83176520068082 93.16265218378976 6914.5690693683136 1476.7601965346184 157.08680216173525 106.71191332666785 4612.2441064003506 577.45928215837921 411.33910788665526 7462.9006012234604 1136.0394428996369 1192.3357699342887 781.05332493921742 268.38101563055534 22.958466770127416 95.925002527917968 22.478516847360879 8946.7926581513311 23975.556635610701 33450.34883489256
leaf_count=32200 459668 514662 156812 896 106074 238618 93435 34631 1466 57 16028 403 126753 31714 4323 1821 56604 21666 2351 77113 6436 19348 5542 2114 58 3047 123 139655 468259 442052
internal_value=0 -0.000351322 0.00351125 -0.000773434 0.000730676 -0.00103726 -0.00146087 -0.00316742 -0.00259704 6.16043e-06 -0.00291668 0.000574215 0.000833355 0.00726 0.00859952 0.0176973 0.00265858 -0.00765955 0.00115731 0.000486839 -0.000687115 -0.00153864 0.00107447 0.00454698 -0.00227364 -0.0123482 -0.00112705 -0.00115077 -0.00137152 -0.0019703
internal_weight=204945 186307 18637.6 137367 20495.6 116872 83126.9 12774.3 11870.1 33744.9 11543.9 20312.8 48940.1 3447.1 326.203 169.116 15190.5 1372.22 42003 20219.6 10059.7 8655.24 41591.7 1404.42 10171.7 673.384 6937.05 70352.5 61405.7 37430.2
internal_count=3063929 2786599 277330 2137168 212384 1924784 1465059 321658 287027 459725 279417 211488 649431 63914 7610 3287 213416 40741 522555 211085 105011 96461 520204 8550 238676 24713 126876 1143401 1003746 535487
is_linear=0
shrinkage=0.03


Tree=160
num_leaves=31
num_cat=0
split_feature=17 73 26 15 29 39 73 7 23 26 5 61 20 61 61 66 28 69 4 7 61 74 54 13 65 7 7 1 7 7
split_gain=247.07 77.6975 70.9961 62.866 54.6912 47.351 43.8544 43.4994 41.847 39.8849 38.9187 38.5657 37.0586 37.3427 36.6913 35.7682 34.9633 34.0747 36.866 33.893 32.6713 32.6154 38.2962 30.6387 30.6354 30.6108 33.9311 30.5742 33.1515 40.8268
threshold=0.61035025119781505 0.14648016542196277 0.50316895544528972 0.31061333417892462 1.0000000180025095e-35 1.0000000180025095e-35 0.01753973122686148 0.39259299635887152 1.0000000180025095e-35 1.0000000180025095e-35 0.99753236770629894 -0.96714979410171498 0.52258238196372997 0.22439184039831164 -0.15710953623056409 0.2195406258106232 0.14931328594684604 -0.17895878106355664 0.14931328594684604 0.56438687443733226 0.15114873647689822 0.077601741999387755 0.22396993637084964 0.65050083398818981 0.27005887031555181 0.20645257085561755 -0.023901044391095635 -0.24358414858579633 0.66874989867210399 0.14449074119329455
decision_type=2 2 2 2 2 2 2 2 2 2 2 2 2 2 2 2 2 2 2 2 2 2 2 2 2 2 2 2 2 2
left_child=1 4 5 19 6 9 -1 8 -5 14 -11 -4 13 -8 27 -12 -17 -16 20 21 -19 22 -2 -13 -7 26 -10 -3 29 -29
right_child=3 2 11 7 -6 24 12 -9 25 10 15 23 -14 -15 17 16 -18 18 -20 -21 -22 -23 -24 -25 -26 -27 -28 28 -30 -31
leaf_value=0.0059958657478137913 0.00059656972695698932 -0.00093534501418182181 0.011347028734181806 0.0083897470262105835 0.0038048852000188908 -0.00059875145119507166 -0.0003469682463871055 0.0011004693385610303 0.01178981232801571 -0.0015858943986652597 0.0015849139973844266 0.00010720716973530702 0.0021115324468264757 0.0083275732141017429 -0.0012154988799913252 0.0050997346712704653 0.034217914146611274 -0.0067184253209125466 -0.0032654095270078691 -0.0038846551709850918 -0.021022328656810113 0.0099489358846307739 0.0031074177030943166 0.0060645643568713213 0.0066362750209505239 0.0067949029201489772 -0.00050451938074993563 -0.0026963321091594944 0.0012037393240693511 -0.011383632998181507
leaf_weight=1147.9830275004788 12790.375611421274 857.99300326281809 281.54042130988091 3060.8185774617086 4112.4594666913035 35880.801751285122 42243.976924017101 2378.154093257006 225.98949022614397 33632.935815182784 1702.0661808268342 28800.431585985163 6915.2500198602211 447.38189103128389 7859.1776131245133 99.074159582261927 57.5106918985839 535.68129525823315 3502.8955872973165 969.80378172750352 196.88091307683499 433.17314295016695 9554.9734665589785 794.59047874133103 530.50514940303401 1447.7425155029632 1656.0851816303402 703.97348727338976 344.20260283903917 1608.4632866913817
leaf_count=16909 209681 33865 1669 53992 39203 567040 544470 26667 2945 484161 39018 341822 64611 4018 176668 2845 740 10385 109960 17377 6231 8432 150321 3991 11275 15431 19215 31145 8557 61285
internal_value=0 -0.000452769 -0.000888366 0.00239826 0.000479109 -0.00131944 0.000209266 0.0045689 0.00585741 -0.0019085 -0.00135219 0.000374162 7.47911e-05 -0.000255187 -0.00317244 0.0028687 0.0164083 -0.00238634 -0.00455465 0.00159595 -0.0106621 0.00183013 0.00167079 0.000268105 -0.000492498 0.00352102 0.000991206 -0.00587053 -0.00745891 -0.00875013
internal_weight=204773 172256 117389 32517.1 54867.1 87512.2 50754.6 8768.79 6390.64 51100.9 35491.6 29876.6 49606.6 42691.4 15609.3 1858.65 156.585 12094.6 4235.46 23748.3 732.562 22778.5 22345.3 29595 36411.3 3329.82 1882.07 3514.63 2656.64 2312.44
internal_count=3063929 2559868 1890657 504061 669211 1543175 630008 118250 91583 964860 526764 347482 613099 548488 438096 42603 3585 303244 126576 385811 16616 368434 360002 345813 578315 37591 22160 134852 100987 92430
is_linear=0
shrinkage=0.03


Tree=161
num_leaves=31
num_cat=0
split_feature=75 55 16 75 5 74 7 7 7 73 36 32 74 70 51 7 1 11 7 74 7 25 1 1 72 24 48 64 61 18
split_gain=273.504 103.981 81.9284 56.3733 52.0111 52.4983 50.665 52.5674 42.0912 41.627 38.7821 41.5597 38.5406 38.5103 38.232 34.6243 43.9022 34.4448 33.7618 33.2724 32.0247 31.9832 49.9449 36.1198 43.5467 38.908 33.9479 42.938 85.9827 41.5702
threshold=0.047409605234861381 0.37446653842926031 0.50316895544528972 0.021746934391558174 1.0945624709129336 0.025306520052254203 -0.38495139777660364 0.68595293164253246 0.6903015971183778 0.18913308531045916 1.0138931870460512 0.20707555115222934 0.0052989735268056401 -0.072244290262460695 1.2450425624847414 -0.41249345242977137 -0.18768164515495298 0.37446653842926031 -0.57484117150306691 0.0043751781340688476 1.0000000180025095e-35 0.56247621774673473 -0.55911791324615467 0.50776728987693798 1.0000000180025095e-35 0.22396993637084964 1.0000000180025095e-35 -0.9999839961528777 0.010046129114925863 0.31061333417892462
decision_type=2 2 2 2 2 2 2 2 2 2 2 2 2 2 2 2 2 2 2 2 2 2 2 2 2 2 2 2 2 2
left_child=3 2 4 12 9 -6 -7 -8 -9 17 11 15 -1 -13 -3 18 -17 -2 -11 -18 -4 23 -23 26 -25 -26 27 28 -15 -30
right_child=1 14 20 -5 5 6 7 8 -10 10 -12 13 -14 21 -16 16 19 -19 -20 -21 -22 22 -24 24 25 -27 -28 -29 29 -31
leaf_value=0.0055427495409796686 2.1958438937822892e-05 0.001466871868044441 0.0087608886609136048 0.0029491645212200122 0.00035453538890979283 0.0015731976976220052 -0.0041012850912118407 0.013670063448180333 -0.00059799991488783508 -0.0050770469224917618 -0.0075988243638993305 -0.01155236759188282 0.01370476585190664 -0.0078391905315923632 -0.0033010430204082801 -0.003720666951293917 -0.0027815619434238647 0.020590236343689228 0.0011900902715696728 -0.0006045080763315791 0.001791482908360637 -0.030338620419724058 0.004462492762763965 -0.021242139354090323 -0.0052824460841550775 0.010272443724519419 -0.0012256474009157583 0.00082383466836936892 0.032910026306886747 0.0090157619107441682
leaf_weight=1999.8472219164178 55760.234935772038 30610.769642416475 645.24504554911982 13435.101580321578 5611.7256776582799 1912.9231803460279 13426.966621267362 249.52636800572509 696.32973183362628 879.95146432775073 799.95673854427878 252.95509074546862 707.85909788341087 144.83961775200441 1588.0839625984954 8909.2810159079709 9352.2318849058429 69.375020142644644 6189.4577070987434 19490.787755536458 7017.4090541993501 33.863272121176124 1924.5278381386306 129.38499727845192 1050.8633372035401 163.80326243117452 9616.4365764707327 11673.733341309329 126.03695540921763 141.9869162584655
leaf_count=35911 691510 414372 7921 190856 65964 57942 414127 4439 16457 25419 24541 4341 16162 891 29217 159294 62142 300 93869 351277 77731 192 15861 731 15395 829 152869 132563 210 596
internal_value=0 -0.000321032 -0.000640915 0.00374723 -0.000796938 -0.00214696 -0.00300908 -0.00361953 0.00320304 -0.000563536 -0.0010461 -0.000970811 0.00769522 2.22345e-06 0.00123119 -0.0015192 -0.00188001 4.90709e-05 0.000406934 -0.00131085 0.0023832 0.000121118 0.00379783 -0.000191714 -0.0049567 -0.00315427 0.00010403 0.00116239 0.0106244 0.0205872
internal_weight=204611 188469 156270 16142.8 148607 21897.5 16285.7 14372.8 945.856 126710 70880.1 70080.1 2707.71 25258.4 32198.9 44821.7 37752.3 55829.6 7069.41 28843 7662.65 25005.5 1958.39 23047.1 1344.05 1214.67 21703 12086.6 412.863 268.024
internal_count=3063929 2821000 2377411 242929 2291759 558929 492965 435023 20896 1732830 1041020 1016479 52073 324478 443589 692001 572713 691810 119288 413419 85652 320137 16053 304084 16955 16224 287129 134260 1697 806
is_linear=0
shrinkage=0.03


Tree=162
num_leaves=31
num_cat=0
split_feature=75 17 75 47 20 3 64 1 14 3 70 5 7 7 6 19 5 64 21 6 22 7 72 5 1 70 22 6 52 70
split_gain=267.876 94.3529 69.0368 58.3216 46.8499 65.4563 52.4695 45.5556 42.4507 41.5344 40.5951 37.4884 34.3399 33.8744 47.3518 41.8471 36.744 33.8289 44.9306 43.9845 60.3567 45.0638 53.4956 45.5009 48.7702 59.1457 52.3101 56.0378 93.9486 50.7625
threshold=0.05646942742168904 0.50316895544528972 0.023934200406074527 0.22396993637084964 1.0470444560050967 0.15406121313571933 -0.33531534671783442 -1.5356929302215574 0.50316895544528972 1.2833579182624819 -0.00023175431124400345 0.88512280583381664 0.56438687443733226 -0.059700617566704743 -0.093217499554157243 0.14931328594684604 1.020962715148926 -0.9832119047641753 1.203639090061188 0.12037084996700288 1.2673993706703188 0.23433564603328708 0.069289315491914763 0.14931328594684604 0.015954724512994293 0.034352451562881477 1.0000000180025095e-35 0.079629648476839079 0.14931328594684604 0.005673276726156474
decision_type=2 2 2 2 2 2 2 2 2 2 2 2 2 2 2 2 2 2 2 2 2 2 2 2 2 2 2 2 2 2
left_child=2 3 -1 4 8 6 -6 -5 9 17 -7 -10 -4 14 -3 -16 -15 19 -19 20 21 22 -2 -23 26 -26 27 -25 29 -29
right_child=1 13 12 7 5 10 -8 -9 11 -11 -12 -13 -14 16 15 -17 -18 18 -20 -21 -22 23 -24 24 25 -27 -28 28 -30 -31
leaf_value=0.0070519843665392181 -0.0027135271785511013 0.017542169568760556 0.0026818049397454927 0.016794318755219497 -0.020684370278473013 0.034368275143632804 0.0092707307201925111 0.00048203191979022733 0.0009947341595890587 -0.0072149274882596778 0.004848325098088426 -0.014010186552150186 -0.003698795688222858 0.00095120955068431928 0.00034533930228182306 0.0091665242191445295 -0.0015752154583306315 -0.0014563751302563619 -0.017518310809807786 -0.0014164310748646424 0.036043064142698096 0.01446696753388271 0.0031498342665674793 0.024312208921395063 -0.0018242644657562349 0.021201982544542794 0.0021549492376374867 -0.0092205723786053118 0.032868440980576792 0.023797548556232298
leaf_weight=3413.7175680070504 3597.3312473119877 213.68048993241973 17718.167275586704 151.13514037022833 79.218787239864469 103.36427090968937 139.13138061482459 23274.349923825197 9921.1442959334236 1044.2684790544445 71.886729946359992 148.13152321393136 789.14816369075561 37378.044137601872 1674.4498539443011 677.65312875935342 6009.7989627516217 80829.471255270008 153.1343552665785 11067.453956221274 40.954988232348114 324.18548006936908 2287.3249196241086 250.80910432571545 1749.4312269702787 102.48683775425889 896.75793653482106 219.26410235179355 82.564003982581198 47.603012135950848
leaf_count=63914 24935 1974 250575 1568 131 81 211 342441 89451 38800 136 3297 11076 462477 24704 6347 111795 1398670 336 171387 58 625 34988 351 13146 558 9354 430 64 49
internal_value=0 -0.000376333 0.00313319 -0.000771976 -0.00105405 0.00922521 -0.00175352 0.000590316 -0.00109029 -0.00127258 0.0226629 0.000768071 0.00240875 0.000799448 0.0041465 0.00289993 0.000601049 -0.0012112 -0.00148767 -0.000127556 0.00135804 0.00119393 -0.000433124 0.00379947 0.00274946 -0.000504597 0.00676862 0.0135941 0.00570019 -0.00304983
internal_weight=204456 182535 21921 136581 113156 393.601 218.35 23425.5 112762 102693 175.251 10069.3 18507.3 45953.6 2565.78 2352.1 43387.8 101649 80982.6 20666.2 9598.71 9557.76 5884.66 3673.1 3348.92 1851.92 1497 600.24 349.431 266.867
internal_count=3063929 2738364 325565 2131067 1787058 559 342 344009 1786499 1693751 217 92748 261651 607297 33025 31051 574272 1654951 1399006 255945 84558 84500 59923 24577 23952 13704 10248 894 543 479
is_linear=0
shrinkage=0.03


Tree=163
num_leaves=31
num_cat=0
split_feature=16 55 73 4 5 3 71 36 73 9 21 7 51 7 6 5 36 18 36 28 60 73 36 74 4 6 64 22 7 36
split_gain=219.441 121.119 62.1359 57.0053 51.8145 51.7986 51.7268 46.0708 44.6517 42.7706 41.0733 38.944 36.4648 30.2324 37.9857 59.6971 59.9205 57.7276 51.2639 44.1938 46.6121 47.0624 59.7564 49.7023 38.2175 37.3309 35.8298 46.2922 35.6743 35.241
threshold=0.50316895544528972 0.37446653842926031 0.14648016542196277 0.3114724606275559 1.4598793983459475 0.025666924193501476 0.0098657552152872103 1.0315482616424563 0.025321914814412597 0.40253517031669622 0.43366722762584692 -0.007851991802453993 1.2415822744369509 -0.41249345242977137 0.39159533381462103 1.4283766150474551 0.2834331095218659 0.50316895544528972 0.51887804269790661 0.20707555115222934 -0.10701149702072142 0.25189155340194708 0.2834331095218659 0.12232880666851999 0.76500725746154796 0.30568799376487737 -0.99999728798866261 0.4769654124975205 0.38473944365978247 0.70688349008560192
decision_type=2 2 2 2 2 2 2 2 2 2 2 2 2 2 2 2 2 2 2 2 2 2 2 2 2 2 2 2 2 2
left_child=1 2 6 4 9 11 8 13 -1 -4 12 -2 -3 -5 17 16 28 19 -18 24 21 22 -21 -23 -15 26 27 -19 -16 -28
right_child=5 10 3 7 -6 -7 -8 -9 -10 -11 -12 -13 -14 14 15 -17 18 25 -20 20 -22 23 -24 -25 -26 -27 29 -29 -30 -31
leaf_value=0.0051070294963720553 0.013245458563526725 0.0006302994881003676 -0.0018453904615311494 0.0019729810528115047 -0.016302852748121235 0.0018201624731624965 -0.0017969310216389821 -0.0072319986201956369 0.00040862766091650924 0.008577756214094949 0.0025494448358751561 0.0044156414430116513 -0.0070451123607324622 -0.0028193054479286931 -0.00069873004662924609 0.018250638003668631 0.0067257533089995084 0.022195400684629735 -0.00085718482650648498 0.040276309863421109 -0.0019404615978319926 -0.0032846889006864447 0.0066458422567836975 0.0066373807274190391 -0.014245000478274712 -0.0011936210089970054 0.00056289853569567048 -0.00046931948357042247 -0.019934539887323788 0.0065711922516811907
leaf_weight=1901.4591563125359 479.11416207725415 15865.417364429399 48553.046108057621 4803.5533521550533 217.92230163486965 12422.028480366782 9808.8196535160023 871.46397619671188 40965.907244647999 352.88837986625731 14550.615437224296 6874.6394059174272 573.29172398577794 13127.838020030671 5990.9539446205308 176.13057710742578 2199.0301027313108 165.96425875648856 1259.2004789098864 63.197218724526465 3616.7706934183516 839.4126552704256 171.55117450468242 980.98792717680044 265.38549919612706 8143.2547239211854 7836.9746190974256 154.09444666979834 84.081064195372164 986.07079777051695
leaf_count=25207 7359 228187 780766 65371 10848 167800 167828 30778 501096 1700 192473 93287 13757 271896 115268 1567 28568 424 25828 113 53204 8734 1634 17296 5887 142120 94359 850 2016 7708
internal_value=0 -0.000321895 -0.000667221 -0.00110336 -0.00183528 0.00300302 0.0001678 -0.000408224 0.000617596 -0.00176939 0.00138874 0.00499842 0.000360701 -0.000290664 -0.000526982 0.00113946 0.000815331 -0.000972284 0.00396558 -0.0021105 0.000108276 0.00371271 0.0162415 0.00206254 -0.00305023 0.000282997 0.00159858 0.0113983 -0.000978644 0.00123757
internal_weight=204301 184525 153536 100860 49123.9 19775.8 52676.2 51735.9 42867.4 48905.9 30989.3 7353.75 16438.7 50864.5 46060.9 9709.4 9533.27 36351.5 3458.23 19065.1 5671.92 2055.15 234.748 1820.4 13393.2 17286.4 9143.1 320.059 6075.04 8823.05
internal_count=3063929 2795483 2361066 1666935 793314 268446 694131 873621 526303 782466 434417 100646 241944 842843 777472 173247 171680 604225 54396 358764 80981 27777 1747 26030 277783 245461 103341 1274 117284 102067
is_linear=0
shrinkage=0.03


Tree=164
num_leaves=31
num_cat=0
split_feature=75 25 75 3 7 7 6 7 72 7 75 6 1 6 7 73 7 7 66 65 71 72 70 73 75 65 71 5 7 71
split_gain=261.852 86.8729 83.5633 53.7291 56.8618 93.4025 108.545 109.871 98.3884 51.8417 51.2242 49.3329 88.4441 54.9283 78.3916 83.9804 151.624 111.886 93.2777 68.8569 55.4999 53.4387 62.8803 51.5963 77.0796 50.8801 47.996 47.9525 59.0494 47.6969
threshold=0.069650691002607359 0.37446653842926031 0.028065645135939125 0.2035058066248894 0.041677778586745269 0.27237541973590856 0.02389999479055405 0.24742213636636737 0.19787062704563144 0.23984282463788989 1.0757379531860354 0.085185207426548018 0.025200523436069492 0.10099846124649049 0.21250396966934207 0.21865268796682361 0.23264190554618838 0.22900585085153582 -0.3632615059614181 -2.4316250346601006e-05 -0.2841054499149322 0.065712835639715209 8.8586066340212727e-06 0.36053450405597692 0.45684638619422918 -0.033115994185209267 -0.12592488527297971 0.14931328594684604 0.26190848648548132 -0.22608135640621183
decision_type=2 2 2 2 2 2 2 2 2 2 2 2 2 2 2 2 2 2 2 2 2 2 2 2 2 2 2 2 2 2
left_child=2 3 -1 -2 10 6 7 -6 11 -10 -5 12 -8 14 23 16 29 18 -17 -18 -20 -21 -23 25 -25 -13 -26 28 -3 -16
right_child=1 27 -4 4 5 -7 8 -9 9 -11 -12 13 -14 -15 15 17 19 -19 20 21 -22 22 -24 24 26 -27 -28 -29 -30 -31
leaf_value=0.0061356285649389695 -0.0002271526139549622 0.0055575240905370079 0.0018692380253696925 0.00029063515999112535 -0.00089290130283332708 -0.00030307970374376296 -0.010697622768652106 0.011349832118804115 -0.0050816017013946479 -0.010524185926966526 -0.013158185581233999 -0.029828606773367995 -0.0014691161134150203 -0.0023527928761353472 -0.042026612229044809 0.0015768197527291853 -0.0062833691925661588 -0.0051204496727264197 0.039636005660405586 0.026376321432712912 0.014724137396443125 0.020657858805481141 -0.029116236106493242 -0.041355568216343487 0.01823413384050409 0.0046380357218263309 -0.03357207114481707 0.00045418112424060571 -0.0013373737562852261 -0.0096459076203615386
leaf_weight=4920.4329541219849 78417.33634674325 3873.5122588007944 25769.292244461023 16954.013323668689 4272.915312079509 19283.668229843148 1632.5698084641481 776.01190684782341 5987.9799948863292 2147.0566849407114 254.77307146796375 41.003191784024239 2185.8313563421834 10138.397834814328 75.910100903362036 148.21092846896499 177.35783509537578 192.4464165084064 211.64811585098505 186.3580114543438 140.83126711472869 45.836403258144855 38.172349721193314 77.943465063348413 47.022869528504089 264.60709610208869 19.509077322669327 24183.62566005229 1567.5350051813293 91.380907921120524
leaf_count=87557 1075352 21991 360118 328509 93646 392068 14953 3607 142277 78979 13550 212 12812 164330 86 138 239 314 93 113 121 68 106 391 199 1031 110 261070 9789 100
internal_value=0 -0.00045201 0.00255412 -0.000756769 -0.00139176 -0.00192042 -0.00299929 0.000995392 -0.00384515 -0.00652307 8.82548e-05 -0.00245731 -0.00542304 -0.00150354 0.00338513 0.00709841 -0.000969066 0.0142276 0.0216548 0.00814328 0.0299721 0.017577 -0.00220304 -0.00736487 -0.0218737 -0.000297384 0.00193684 0.00102715 0.00357079 -0.0250036
internal_weight=204123 173433 30689.7 143809 65391.5 48182.7 28899 5048.93 23850.1 8135.04 17208.8 15715 3818.4 11896.6 1758.24 1308.15 615.016 693.137 500.69 447.725 352.479 270.367 84.0088 450.086 144.475 305.61 66.5319 29624.7 5441.05 167.291
internal_count=3063929 2616254 447675 2323404 1248052 905993 513925 97253 416672 221256 342059 195416 27765 167651 3321 1378 712 666 352 526 214 287 174 1943 700 1243 309 292850 31780 186
is_linear=0
shrinkage=0.03


Tree=165
num_leaves=31
num_cat=0
split_feature=75 17 58 75 4 60 52 74 6 7 2 2 69 2 7 7 9 60 6 22 2 6 6 75 7 7 73 5 65 21
split_gain=257.113 97.3544 55.7495 52.126 40.5635 51.7791 42.5154 35.4588 35.0526 57.1705 56.2081 36.4431 35.0236 51.3077 46.4638 49.8656 35.1582 33.0435 43.3233 40.8378 41.417 49.2621 58.7435 43.968 44.2406 72.5331 51.6884 77.2014 46.5482 44.1098
threshold=0.047409605234861381 0.50316895544528972 1.0000000180025095e-35 0.016084345057606701 0.20707555115222934 -0.17292326688766477 0.42082132399082189 1.0000000180025095e-35 0.071044389158487334 -0.4216910451650619 -0.96714979410171498 -0.27237109839916224 -0.99999281764030445 -0.0054275735747069112 0.20402333885431292 0.24480400979518893 0.40253517031669622 0.14097986370325091 0.39380566775798803 1.2673993706703188 0.12470444664359094 0.087592232972383513 0.14687036722898486 0.1705923676490784 0.23893519490957263 0.2463922128081322 0.077797785401344313 0.50335456430912029 -0.0013527545961551366 1.0000000180025095e-35
decision_type=2 2 2 2 2 2 2 2 2 2 2 2 2 2 2 2 2 2 2 2 2 2 2 2 2 2 2 2 2 2
left_child=3 2 4 -1 5 -2 12 -5 -4 -10 -11 -12 13 14 -7 -16 -14 19 -19 20 23 -22 -23 24 -6 26 27 -26 -28 -30
right_child=1 -3 8 7 17 6 -8 -9 9 10 11 -13 16 -15 15 -17 -18 18 -20 -21 21 22 -24 -25 25 -27 28 -29 29 -31
leaf_value=0.0093149823121723777 -0.0052188618068890018 0.0008117264955881336 0.0014194663606736015 0.001419548090862221 -0.0019253942153223417 -0.0025122808001970514 0.0051760307722529958 0.0043984143104477775 -0.0062652199808313743 0.015220380080606074 -0.0039127180026090908 -3.1574256612808456e-05 -0.0021334594701197173 -0.0041496256743026646 0.032070208550334475 -0.0024583422112119777 0.0086235765616162023 -0.0027239069520214815 0.0013939059529315299 0.016082864296741599 -0.0023889610463088749 0.0068283127717702775 0.00082527187141351029 -0.0015186123799673288 -0.02971615725815413 -0.0001955240237381482 0.0019457129900377896 0.0054869021208811151 0.015775397716918105 0.002947161755846632
leaf_weight=1334.8674023890999 4158.9637245407939 50712.658347510558 12549.53487380869 6289.2506755841314 2862.3830082451823 95.874431993113831 802.32892645618995 8429.6291089498773 1435.9384549419046 208.17465143010486 2311.13722236795 36644.007592451904 22817.561896357045 248.82621032604948 137.26731875073165 50.259361166739836 272.75273765530437 12085.749374382402 2835.3601455333701 132.63903138367459 2264.4872255130613 2138.2761158586218 4666.0769772540807 23362.904936769417 77.374252764508128 3066.328689972026 592.01766910008155 176.86909681558609 873.55254046129994 336.90886958898045
leaf_count=27262 86521 679444 149801 62230 48630 988 7601 153437 29415 1753 45266 566875 284467 1855 162 509 1334 237735 54710 154 39127 24482 92481 408687 129 49603 3276 270 1386 4339
internal_value=0 -0.000311349 -0.0007265 0.00364364 -0.00120735 -0.00212545 -0.00159777 0.00312661 3.39127e-05 -0.000394359 -0.000178369 -0.000262329 -0.00182886 0.00575043 0.0143951 0.0229346 -0.00200473 -0.000734056 -0.00194096 -0.000289693 -0.000345121 0.00143978 0.0027153 -0.000861741 0.0010593 0.002728 0.00708073 -0.00550341 0.00886649 0.0122301
internal_weight=203970 187916 137204 16053.7 84054.8 28583.8 24424.9 14718.9 53148.8 40599.3 39163.3 38955.1 23622.5 532.227 283.401 187.527 23090.3 55470.9 14921.1 40549.8 40417.2 9068.84 6804.35 31348.3 7985.43 5123.05 2056.72 254.243 1802.48 1210.46
internal_count=3063929 2821000 2141556 242929 1348446 383437 296916 215667 793110 643309 613894 612141 289315 3514 1659 671 285801 965009 292445 672564 672410 156090 116963 516320 107633 59003 9400 399 9001 5725
is_linear=0
shrinkage=0.03


Tree=166
num_leaves=31
num_cat=0
split_feature=17 47 73 16 34 4 3 66 70 32 70 2 71 22 22 66 7 32 32 7 9 9 18 22 65 65 2 70 16 36
split_gain=227.981 71.7172 64.0415 59.2223 55.8637 46.5045 52.4189 52.1053 56.0374 45.4927 44.8118 40.0211 36.88 35.5198 74.363 48.2913 49.8485 35.4391 35.331 37.0095 33.3475 33.0775 35.852 32.491 32.0409 39.4812 31.8914 30.7502 40.9132 35.4498
threshold=0.61035025119781505 0.22396993637084964 0.14648016542196277 0.65050083398818981 0.46720869839191442 0.24964435398578647 0.2035058066248894 -0.25254724919795984 -0.018230828456580635 0.90670809149742138 0.0054087757598608741 -0.96714979410171498 0.0085001862607896345 1.078208386898041 1.0881147384643557 -0.056296419352293008 0.21091862767934802 0.82655596733093273 0.68650066852569591 0.2555124312639237 0.40253517031669622 1.0000000180025095e-35 0.68507987260818493 1.0712161660194399 -0.0018407933530397711 0.00011156730761285873 0.19583241641521457 0.068916071206331267 1.0000000180025095e-35 0.57497692108154308
decision_type=2 2 2 2 2 2 2 2 2 2 2 2 2 2 2 2 2 2 2 2 2 2 2 2 2 2 2 2 2 2
left_child=1 2 12 18 9 6 13 27 -9 -3 23 -6 -1 20 -15 -16 -17 -7 21 -20 26 -2 -23 24 -10 -26 -4 -8 29 -29
right_child=3 4 5 -5 11 17 7 8 10 -11 -12 -13 -14 14 15 16 -18 -19 19 -21 -22 22 -24 -25 25 -27 -28 28 -30 -31
leaf_value=0.00067640879942259917 0.00062041812276721574 0.00048438967536682822 -0.0013200186015285397 0.0061416114227892888 0.023783185572418875 -0.000494381896118878 -0.0019089335349957983 0.0013690084474099276 -0.0037263776546552167 -0.0050924169524650753 -0.0021311230533368995 0.0029601846376776514 -0.0015543526020839905 0.045619979673620047 -0.01472505692606027 -0.016021601183234941 0.017184251468921826 -0.00397734914587306 0.0052766051860377939 0.00091559713034374088 0.0076299569160917808 0.0079300306816200549 0.0019652387633380466 -0.022958901461154049 -0.011966526377115904 -0.0055751305261695673 0.016795235302739835 0.0061380237436239916 -0.010799880673598614 0.030432986251940599
leaf_weight=34026.955645839567 16605.420562442603 24471.549379475677 16170.281780980233 3263.9875702021891 80.25393623416312 57767.531146664754 9170.147427423457 1190.5206166504358 2074.3820114315313 1387.2566613922827 2385.9693156022804 6859.6560348737403 8291.4391902122443 38.678160247392952 90.960250284057111 47.68185270903632 194.25045574456453 2751.2621342233615 4705.8821961125213 2795.6857010603417 388.19084739731625 1196.6422467928496 3739.6773823523836 109.90267472015694 1581.5776858946192 1966.7904553423577 83.923670639982447 249.95243014034349 91.90980338701047 66.405649701249786
leaf_count=374151 261348 352722 172572 64137 274 973799 148626 25908 46375 25257 52420 85832 130395 87 303 379 469 62544 67786 44987 1915 13366 52437 701 52876 43905 1220 5545 1033 560
internal_value=0 -0.000435416 -0.000733684 0.00231163 0.000826055 -0.00116068 -0.0020161 -0.00310403 -0.00470225 0.000184293 -0.00559333 0.00321519 0.000239124 -0.000807665 0.00831519 0.00347726 0.0104674 -0.000653049 0.00188027 0.0036533 -0.00101357 0.00126207 0.00341736 -0.00703105 -0.00670282 -0.00843544 -0.0012221 -0.00154896 0.00646571 0.0115681
internal_weight=203845 171537 138739 32307.3 32798.7 96420.3 35901.5 18887.6 9309.14 25858.8 8118.62 6939.91 42318.4 17014 371.571 332.893 241.932 60518.8 29043.3 7501.57 16642.4 21541.7 4936.32 5732.65 5622.75 3548.37 16254.2 9578.42 408.268 316.358
internal_count=3063929 2559868 2095783 504061 464085 1591237 554894 377949 222185 377979 196277 86106 504546 176945 1238 1151 848 1036343 439924 112773 175707 327151 65803 143857 143156 96781 173792 155764 7138 6105
is_linear=0
shrinkage=0.03


Tree=167
num_leaves=31
num_cat=0
split_feature=17 33 16 14 73 40 73 72 73 4 19 4 20 12 19 1 66 69 70 66 66 70 70 7 7 69 7 65 7 7
split_gain=222.47 67.4124 64.3894 42.4837 41.3465 41.0955 35.6159 33.3809 32.8683 30.7181 29.7998 53.3001 39.5649 28.6889 28.2047 28.1695 35.7956 30.1903 39.2951 29.3064 36.9413 54.5015 35.2181 35.1845 37.5313 30.1904 30.0814 30.7009 28.0024 36.9932
threshold=0.58756005764007579 1.0000000180025095e-35 0.61035025119781505 0.50316895544528972 0.01753973122686148 0.68376818299293529 0.15837959945201877 0.85128122568130504 0.68367964029312145 0.74335461854934703 0.14931328594684604 0.14931328594684604 1.2361049652099612 0.53458327054977428 0.51129707694053661 -0.50419515371322621 -0.89518019556999195 -0.9845864176750182 0.00036152001121081417 -0.001108932541683316 -0.056296419352293008 -0.012057443615049122 0.05772021226584912 0.2089832425117493 0.23264190554618838 -0.58921131491661061 0.21250396966934207 0.15168813616037372 0.25044368207454687 0.25196833908557897
decision_type=2 2 2 2 2 2 2 2 2 2 2 2 2 2 2 2 2 2 2 2 2 2 2 2 2 2 2 2 2 2
left_child=1 3 -2 4 -1 6 -3 9 -7 10 11 12 15 -5 -4 16 17 18 -6 20 22 23 -17 -22 -25 26 -24 -28 -8 -30
right_child=2 5 14 13 7 8 28 -9 -10 -11 -12 -13 -14 -15 -16 19 -18 -19 -20 -21 21 -23 25 24 -26 -27 27 -29 29 -31
leaf_value=0.0061590595759369784 0.0015149349817518488 0.0020149892789455923 0.0034979170795636423 0.00065444032730043659 0.026219183878400311 0.0040555318619899475 -0.0013094379677806099 -0.0077247597417900559 0.019416471491268874 -0.0054738832422158833 9.0670209859640812e-05 -0.00071073337865990363 0.01759679336454879 0.012119467373221919 0.007899520317688884 -0.0023958434427541753 -0.012638021248467551 -0.010715081144012702 -0.010070431808179816 -0.0033261214322765388 0.00026918658218860265 0.0010071234346240576 0 0.050596794460626801 -0.00025577994008870282 -0.0043759879883137637 0.037555897330523509 -0.005641996418072213 0.010224212415970041 0.00069682570014271993
leaf_weight=732.67520749340474 32446.122935215055 10988.243438381935 4270.8373726269274 13771.073678836721 67.889772044727579 435.19761474919505 8970.7314731737715 651.00215941172792 174.51370642508846 1322.6361715001985 22927.008511954948 73991.891800278259 85.315567946061492 195.34941976238042 1900.1165666230299 9071.8136739140464 493.10268247273052 82.817800598102622 39.897266505635343 11334.282466699413 38.347248723497614 2670.0680441565346 51.211606505559757 43.323203229345381 17.744106505066156 83.446560043783393 67.169810697785579 17.271327159483917 385.33377428678796 6388.1268452747609
leaf_count=11038 479686 134448 73766 125558 553 4992 134515 39594 1342 23080 196056 1391138 62 979 32344 132820 9778 1595 772 150650 719 33557 1014 54 320 1157 219 222 1904 79997
internal_value=0 -0.000479484 0.00204975 -0.000749575 -0.000926555 0.000881039 0.000704534 -0.000968978 0.00855742 -0.00093276 -0.000882939 -0.00111039 -0.00233369 0.000818549 0.0048582 -0.00240741 -0.00839649 0.00258764 0.0128667 -0.00223078 -0.00120025 0.00183807 -0.00210681 0.0232099 0.0366442 0.00966896 0.0182188 0.0288139 -0.000210057 0.00124521
internal_weight=203715 165097 38617.1 137755 123789 27342.1 26732.4 123056 609.711 122405 121083 98155.6 24163.7 13966.4 6170.95 24078.4 683.708 190.605 107.787 23394.7 12060.4 2769.48 9290.91 99.4146 61.0673 219.099 135.653 84.4411 15744.2 6773.46
internal_count=3063929 2478133 585796 2120935 1994398 357198 350864 1983360 6334 1943766 1920686 1724630 333492 126537 106110 333430 12698 2920 1325 320732 170082 34650 135432 1093 374 2612 1455 441 216416 81901
is_linear=0
shrinkage=0.03


Tree=168
num_leaves=31
num_cat=0
split_feature=17 57 19 6 7 7 7 3 64 2 26 74 73 7 6 5 32 12 4 5 5 29 7 72 1 37 6 7 1 48
split_gain=218.951 69.8951 57.1336 54.9272 61.619 64.9923 49.3989 45.7605 53.004 42.379 41.2971 58.5862 42.5208 40.0767 68.9444 50.858 38.6723 37.7035 36.2157 57.0638 35.4972 33.851 34.9839 42.4971 65.4469 52.2969 41.8955 51.8528 34.4947 33.0057
threshold=0.61035025119781505 0.31061333417892462 0.37498413026332861 0.038979940116405494 0.25044368207454687 -0.42728467285633082 0.16452314704656604 0.19127511978149417 -0.73358106613159169 -0.96714979410171498 1.0000000180025095e-35 0.025306520052254203 0.38550435006618505 0.68595293164253246 0.10889055579900743 1.0725580453872683 0.82420021295547496 0.53458327054977428 0.54616111516952526 1.3384286761283877 1.1869426965713503 1.0000000180025095e-35 0.049958098679780967 0.2004266753792763 -0.34404355287551874 0.22396993637084964 -0.039470683783292763 0.44318099319934851 0.72459158301353466 1.2030904293060305
decision_type=2 2 2 2 2 2 2 2 2 2 2 2 2 2 2 2 2 2 2 2 2 2 2 2 2 2 2 2 2 2
left_child=1 10 -2 4 5 -3 -7 -5 -9 -10 11 12 -1 15 -15 -13 18 20 21 -20 -12 22 -17 -24 -25 26 -26 -28 -27 -11
right_child=2 3 -4 7 -6 6 -8 8 9 29 17 13 -14 14 -16 16 -18 -19 19 -21 -22 -23 23 24 25 28 27 -29 -30 -31
leaf_value=0.0013563440572043851 0.0015787187038580441 0.019372341784812015 0.0045849474539894856 0.00086327295337309672 0.0077554236057639494 0.0026562226422423532 -0.003211882610100753 0.00021232204639628959 0.016336672547036319 -0.0029951073786064729 -0.00061148801681139189 -0.0006081213856896124 -0.0064295643939908829 -0.0020582899745451573 0.014455837772021122 -0.0011887616260417924 -0.017710638126792324 0.01412687542052499 -0.0033519993483233776 0.01129705815589171 0.0066501116474117286 0.013747875015940601 -0.0039439917822022465 0.00028425150575966208 0.0061284686279365593 -0.0061648741494069589 -0.014624144085028903 -0.0023990935089873858 0.047882921719580931 -0.025191579633260654
leaf_weight=6038.4537457910155 24885.234403441806 171.14555843244307 7379.4440951875586 27393.992534581492 1731.7578131505288 4145.8138252730932 1869.9477320323349 12410.375090737391 97.562676658155397 7820.0588258389325 87998.856122866186 5624.1384270888484 700.85693272191565 746.90514382091351 322.4989593194623 2419.3100750518497 179.30074738920666 153.54442342789844 727.01322232504026 351.76094379910501 605.98684030733421 89.114866606658325 6848.9559048489318 619.98425795870571 114.22933329477382 18.273846530355513 1670.2644639406935 387.13471783761634 18.624724074732512 56.902203281410038
leaf_count=69103 402312 1046 101749 372010 8020 55096 26897 176960 1338 153047 1101142 134293 8115 18488 5525 82780 8976 776 29437 5038 11838 1358 140191 27660 9895 632 88149 19995 46 2017
internal_value=0 -0.000426939 0.00226691 0.000446061 0.00275954 0.00135633 0.000830503 6.23417e-05 -0.00101372 -0.00292146 -0.000847473 -0.00187773 0.000542645 -0.00268792 0.00295297 -0.00300507 -0.00400699 -0.00053538 -0.00381613 0.00144462 -0.000561476 -0.00428254 -0.00442024 -0.0052268 -0.00832145 -0.0107354 -0.0113523 -0.0123351 0.0230209 -0.00316873
internal_weight=203597 171333 32264.7 55697.6 7918.66 6186.91 6015.76 47778.9 20384.9 7974.52 115635 26876.8 6739.31 20137.5 1069.4 19068.1 13444 88758.4 13264.7 1078.77 88604.8 12185.9 12096.8 9677.47 2828.51 2208.53 2171.63 2057.4 36.8986 7876.96
internal_count=3063929 2559868 504061 796431 91059 83039 81993 705372 333362 156402 1763437 649681 77218 572463 24013 548450 414157 1113756 405181 34475 1112980 370706 369348 286568 146377 118717 118039 108144 678 155064
is_linear=0
shrinkage=0.03


Tree=169
num_leaves=31
num_cat=0
split_feature=75 18 38 72 22 11 6 75 75 23 36 5 7 6 32 75 7 70 70 7 52 69 36 6 72 16 71 71 7 7
split_gain=244.704 99.4716 55.3663 50.0081 47.4309 46.8232 43.8692 43.7028 41.8715 50.7778 40.3519 39.1547 41.4051 64.0938 54.6722 42.3204 60.397 76.0754 80.9321 69.3428 45.6574 44.7245 43.2062 38.3992 38.3583 37.9499 36.7959 36.0915 34.5545 34.3673
threshold=0.043264959007501609 0.53458327054977428 1.0000000180025095e-35 0.20334322750568393 0.82597121596336376 0.37446653842926031 0.39479970932006841 0.016084345057606701 0.17423701286315921 0.22396993637084964 1.6144652962684634 1.4133696556091311 0.22727322578430179 0.073806658387184157 0.14931328594684604 0.42237922549247747 0.23583399504423144 0.0049078173469752082 -0.023347093723714348 0.27237541973590856 0.3354459702968598 -0.17895878106355664 0.14931328594684604 0.02389999479055405 1.0000000180025095e-35 0.53458327054977428 0.086414899677038207 -0.52872347831726063 0.37049600481987005 0.38199889659881597
decision_type=2 2 2 2 2 2 2 2 2 2 2 2 2 2 2 2 2 2 2 2 2 2 2 2 2 2 2 2 2 2
left_child=7 2 6 5 -5 10 8 -1 9 -2 25 12 -10 14 23 22 17 18 -17 -18 -21 -20 -15 -14 -9 -3 -23 -25 -24 -22
right_child=1 3 -4 4 -6 -7 -8 24 11 -11 -12 -13 13 15 -16 16 19 -19 21 20 29 26 28 27 -26 -27 -28 -29 -30 -31
leaf_value=0.0090983730506005514 -0.00017238140873514305 0.00024801138034230585 0.00017887166967129437 -0.0023462997303377456 -0.015973206144138639 0.01405293078308484 0.0011416756502017631 0.00079713005980580208 -0.0011814996050380985 0.013557422397024638 0.025152885913714111 -0.0098499835067319373 -0.0035933871035154288 -0.00095130620060026325 0.00013811807028366795 -0.018395184051444288 -0.011480121005455835 -0.014381548178172216 0.034485320467267877 -0.0011937364058107883 0.011494696791187978 -0.0054097055421373731 -0.0071357621857848861 0.004388389766149625 0.0044791667630629294 0.0023552135684447957 0.024355442236138211 -0.011992021209566096 -0.0028886541174824097 -0.00079303434215133241
leaf_weight=1323.2431766727314 8081.6576070726369 90685.892544133967 24993.004768521409 2587.5826303658105 248.79780467471574 224.013488156721 5222.87526154425 3671.9504099706537 26967.520609506464 245.91354459058493 55.444741064216942 570.52471166724717 981.67790035110374 4326.6678584664041 862.59169669641415 46.717651923652738 521.16805540747009 83.84887365414761 145.60170679492876 4932.5698004761216 486.54394960208447 67.514950706623495 3093.8523985030188 127.34713694281527 8341.8646691887043 8402.1432854557061 76.018933860585093 1806.5321933795931 3921.7345737708092 349.78946429135976
leaf_count=27262 70573 1317619 348396 54825 6900 1256 97165 33887 436834 760 449 23533 14733 67571 9789 156 24179 272 193 113195 5896 65 54755 1811 144928 105294 141 29378 66245 5869
internal_value=0 -0.000275603 -0.00101549 0.000360791 -0.003564 0.000473006 -0.00148998 0.00392754 -0.00172835 0.000238834 0.000441712 -0.00206026 -0.0019683 -0.00293965 -0.00649188 -0.00219467 -0.000305067 0.0106578 0.017018 -0.00104358 -9.26529e-05 0.0229282 -0.00331161 -0.00845247 0.00335479 0.000426824 0.010557 -0.0109042 -0.00476526 0.00637079
internal_weight=203453 190116 87911.7 102204 2836.38 99367.5 62918.7 13337.1 57695.8 8327.57 99143.5 49368.2 48797.7 21830.2 3778.15 18052 6709.77 419.702 335.853 6290.07 5768.9 289.136 11342.3 2915.56 12013.8 99088 143.534 1933.88 7015.59 836.333
internal_count=3063929 2857852 1371509 1486343 61725 1424618 1023113 206077 925948 71333 1423362 854615 831082 394248 55711 338537 149966 827 555 149139 124960 399 188571 45922 178815 1422913 206 31189 121000 11765
is_linear=0
shrinkage=0.03


Tree=170
num_leaves=31
num_cat=0
split_feature=75 17 75 47 2 7 15 4 3 9 66 70 71 7 66 66 19 74 74 70 2 22 6 1 7 7 69 15 22 7
split_gain=241.341 82.925 56.2784 53.2662 45.3771 41.7595 39.645 39.6437 65.3352 40.3832 39.0459 43.6384 40.8855 71.6891 40.3571 60.9784 43.9287 40.2716 39.0353 38.6713 34.9428 64.7391 59.3906 66.59 57.2747 64.8287 50.1838 80.7476 46.9745 43.5313
threshold=0.052516328170895583 0.53458327054977428 0.021746934391558174 0.22396993637084964 -1.1736065149307249 -0.059700617566704743 1.0000000180025095e-35 0.20707555115222934 0.2035058066248894 0.44998097419738775 -0.25254724919795984 -0.018230828456580635 -0.090815924108028398 0.20426577329635623 0.0045538083650171765 -0.012030561454594134 0.59014236927032482 0.073866140097379698 0.0052989735268056401 0.068916071206331267 -0.0081034838221967203 1.2673993706703188 0.079629648476839079 0.45327478647232061 0.24397265166044238 -0.41978424787521357 -0.98625740408897389 0.22396993637084964 0.35638883709907537 0.37049600481987005
decision_type=2 2 2 2 2 2 2 2 2 2 2 2 2 2 2 2 2 2 2 2 2 2 2 2 2 2 2 2 2 2
left_child=2 3 18 7 -5 6 -3 8 9 -2 19 12 -12 -14 15 16 -13 -15 -1 -10 21 22 23 24 25 -9 27 -26 -29 -24
right_child=1 5 -4 4 -6 -7 -8 20 10 -11 11 14 13 17 -16 -17 -18 -19 -20 -21 -22 -23 29 -25 26 -27 -28 28 -30 -31
leaf_value=0.0050390630127176133 -0.00094345044791351756 0.0011286722409390075 0.0025474405474343186 0.017951686604811612 0.00048311984280204284 0.00066134429753921464 0.009387820521502192 0.0047186466064109622 -0.0022009362066039741 0.0076638682006601065 -0.0041653678703130548 -0.0043505252819633806 -0.0048176134635156357 -0.0029762872074573657 -0.0023913379693200425 -0.012339966037604767 -0.036590592315762324 0.027133077945251893 0.013283610035921864 0.0079830492650706884 6.9740518365335986e-05 0.021775607366749602 -0.0028803401157336209 -0.013574751873482166 -0.0055721185573055429 -0.0020023249101849823 0.0066323001728029385 0.035341986994747145 0 -0.00022560023587843113
leaf_weight=1945.9476472792157 25967.681627543301 1117.9834207891836 16564.865672426466 130.55830423627049 25600.456602512277 36754.327753260091 983.39232623029966 1666.3446234615694 7170.2216834443607 495.95750026591122 547.49085994920461 2826.9261935503018 195.38430517952656 51.083338726311922 2253.3681554194482 1459.1874873636407 34.687724728137255 164.75207810063148 706.77724066706287 348.00857937912224 41145.539763723202 106.01863723294809 17807.547926784289 286.62628637673333 753.23042160505429 5691.7774755053979 2326.0189263016218 71.378979983739555 61.124653241597116 8087.7980271090855
leaf_count=35911 258011 18689 237300 1346 369648 507789 9755 22487 112226 2422 10996 50967 5636 603 54788 48995 137 2522 16162 5587 652239 213 363095 13309 5436 93356 18386 34 322 145562
internal_value=0 -0.000333959 0.00319874 -0.000663283 0.000574706 0.000896937 0.00500638 -0.000929858 -0.00167881 -0.000780836 -0.00325675 -0.00478326 0.0011879 0.00829745 -0.00565491 -0.00735208 -0.00479343 0.0200619 0.00725408 -0.00172494 -0.000531129 -0.00120195 -0.00127072 0.000591349 0.000980911 -0.000477923 0.00432093 -0.00174639 0.0194944 -0.00205153
internal_weight=203322 184105 19217.6 145249 25731 38855.7 2101.38 119518 41514.7 26463.6 15051.1 7532.88 958.711 411.22 6574.17 4320.8 2861.61 215.835 2652.72 7518.23 78003.4 36857.9 36751.8 10856.5 10569.9 7358.12 3211.75 885.734 132.504 25895.3
internal_count=3063929 2774556 289373 2238323 370994 536233 28444 1867329 552890 260433 292457 174644 19757 8761 154887 100099 51104 3125 52073 117813 1314439 662200 661987 153330 140021 115843 24178 5792 356 508657
is_linear=0
shrinkage=0.03


Tree=171
num_leaves=31
num_cat=0
split_feature=75 75 25 18 2 31 14 12 38 74 74 74 2 22 73 73 21 48 75 2 22 27 1 6 6 7 6 69 73 7
split_gain=237.811 76.6568 76.528 54.7757 47.9131 45.5799 43.6338 43.1317 42.2201 38.0282 37.9847 35.8867 35.2189 35.6885 43.9198 37.2345 34.7567 34.525 33.2912 32.286 59.0361 55.1379 51.5223 49.2952 54.9358 49.1759 41.9371 38.4025 37.4002 34.3336
threshold=0.069650691002607359 0.028065645135939125 0.37446653842926031 0.53458327054977428 -0.96714979410171498 0.93735873699188244 0.31061333417892462 0.58756005764007579 1.0000000180025095e-35 0.20593928545713427 1.0000000180025095e-35 0.0021170956315472726 -0.28982262313365931 1.0000000180025095e-35 0.1271360591053963 0.13673756271600726 1.203639090061188 1.005713999271393 0.13886526972055438 -0.074195671826601015 1.1532793641090395 1.0939757823944094 0.4692430198192597 0.28611345589160925 0.3775490671396256 0.34560325741767889 0.089459877461195006 -0.99602869153022755 0.55540022253990184 -0.41662734746932978
decision_type=2 2 2 2 2 2 2 2 2 2 2 2 2 2 2 2 2 2 2 2 2 2 2 2 2 2 2 2 2 2
left_child=1 11 3 8 -4 7 -3 12 17 10 -5 -1 -6 14 -14 -16 -10 19 -17 20 22 27 23 29 25 -25 -24 -21 -28 -2
right_child=2 6 4 9 5 -7 -8 -9 16 -11 -12 -13 13 -15 15 18 -18 -19 -20 21 -22 -23 26 24 -26 -27 28 -29 -30 -31
leaf_value=0.0035572930217165079 0.001818755774624364 0.00099877339272623294 0.015047908619562974 -0.0013701943562284874 -0.0031183284238175337 0.0066530642533586789 0.003732146718653402 0.014257891715634623 -7.0181227032002232e-05 -0.010335151732168049 0.00033780652919635754 0.0087512887304674117 -0.013107247219234789 0.00068458985208064529 0.036104770280533743 -0.034237351467329459 -0.032197856247835215 -0.012559791694777361 0.011592433568688769 0.0015458491897567699 0.018693971305450186 -0.040127373153310886 -0.016476996653753018 -0.013744787726508206 -4.0131943379925423e-06 -0.0047922600139402218 -0.013734533241211461 -0.0014783201357800287 0.0004987147328923946 -0.0023087156831791966
leaf_weight=2678.2513306300461 2233.6989202623081 18268.291505520494 211.73949090065435 15121.020410357676 2209.2805921555264 1168.0232004981954 7382.280334256553 203.02282052859664 20688.974805551319 320.91212725434161 52024.922257075137 2181.7120795520896 60.640024861320853 25298.207261245698 53.546988498419523 11.18508357554674 26.351139909587801 258.76086067780852 270.20715445349924 4247.670173564773 110.61357174953446 28.688651568489149 425.27939203399728 885.50939233378449 1084.1263167307916 1482.0580871904822 253.95582813621149 33952.589250093944 464.52153226365044 9564.0635523693854
leaf_count=38817 41194 273855 1069 114812 26835 8726 86263 1109 301684 13725 951417 48740 76 251901 10 12 40 6231 3112 48326 214 95 17793 43172 30072 43690 5435 513877 17333 174294
internal_value=0 0.00244144 -0.000431472 -0.000718113 0.000960123 0.00085603 0.00178608 0.000614047 -0.00127203 -9.64346e-05 -4.68207e-05 0.00589516 0.000512583 0.000825399 0.00972222 0.0139746 -0.000117475 -0.00170683 0.00930064 -0.00165453 -0.0027636 -0.00117537 -0.00291319 -0.00245067 -0.00560266 -0.00816009 -0.00904589 -0.0011418 -0.00457418 -0.00152652
internal_weight=203170 30510.5 172660 143174 29485.9 29274.1 25650.6 28106.1 75706.9 67466.9 67145.9 4859.96 27903.1 25693.8 395.579 334.939 20715.3 54991.5 281.392 54732.8 16503.8 38228.9 16393.2 15249.5 3451.69 2367.57 1143.76 38200.3 718.477 11797.8
internal_count=3063929 447675 2616254 2323404 292850 291781 360118 283055 1243450 1079954 1066229 87557 281946 255111 3210 3134 301724 941726 3124 935495 373197 562298 372983 332422 116934 86862 40561 562203 22768 215488
is_linear=0
shrinkage=0.03


Tree=172
num_leaves=31
num_cat=0
split_feature=17 56 16 12 48 20 70 18 20 69 5 48 21 18 74 61 5 69 71 21 70 22 64 74 69 74 19 22 61 74
split_gain=206.185 64.2306 54.822 41.0948 38.5401 37.1422 34.1558 59.1214 33.5149 39.161 53.297 31.7941 31.2297 45.3633 37.4628 30.9201 49.9349 35.1051 34.3236 41.9166 34.6918 30.6915 32.0345 31.3503 30.1521 30.1027 29.7632 29.2603 51.8955 29.1452
threshold=0.61035025119781505 1.0000000180025095e-35 0.65050083398818981 0.50316895544528972 1.2030904293060305 0.88635334372520458 -0.0014845895930193362 0.46720869839191442 0.14931328594684604 -0.99999937415122975 0.6084289848804475 1.0000000180025095e-35 0.95146143436431896 0.61035025119781505 0.070406481623649611 -0.01990140043199062 1.0586262941360476 -0.82157707214355458 -0.1115007884800434 1.0000000180025095e-35 -0.0012762543046846984 1.0308631658554079 -0.9849647283554076 0.0068352443631738433 -0.65174317359924305 0.049356786534190185 1.2241474390029909 1.1162751317024233 0.11826709285378458 0.021268988959491256
decision_type=2 2 2 2 2 2 2 2 2 2 2 2 2 2 2 2 2 2 2 2 2 2 2 2 2 2 2 2 2 2
left_child=1 3 -2 5 8 12 29 -8 9 10 11 -3 15 14 -14 16 21 18 -18 20 -20 23 -23 -1 -16 -19 -10 -17 -29 -7
right_child=2 4 -4 -5 -6 6 7 -9 26 -11 -12 -13 13 -15 24 27 17 25 19 -21 -22 22 -24 -25 -26 -27 -28 28 -30 -31
leaf_value=-0.0028164414366710841 0.001789303427499738 0.031136008919825531 0.0059090998102993173 0.014209124667199511 -0.010353021742398688 0.023526098016326619 -0.019387148919621192 0.0062692953633025792 0.00082782790853370698 -0.00053112430487467846 -0.00042175645969537478 0.0063103187777087304 -0.019561452496415246 0.0025277439077048681 -0.015805032355469706 -0.000516338167437497 -0.0029878653956369092 -0.001892919568321326 -0.019316995665457064 -0.00025105761170144758 0.022111201677008134 -0.01322778944986572 0.014651627526061972 -0.00054360887372170935 0.018728532710385624 -0.0075136758253850112 -0.028093414274987957 0.0052754367422332537 -0.02588135260555105 -0.0055566185886788064
leaf_weight=7691.575575412684 28912.08812342734 103.70719088520855 3230.7764843394252 156.31649607559666 306.26697292667814 135.23219703231007 92.627867033705115 490.46620393847115 43357.113565512947 36633.68665537631 266.88749313907465 86.954571398440748 281.87784562818706 230.08764966460876 37.825687490403652 54238.742636967901 2808.7167066278635 1246.9904890012112 17.394018951803446 398.26318520959467 150.78152171568945 42.119148829486221 195.10531379142776 18852.767652275044 45.944264218676835 2782.8929657012341 28.043046275619417 83.656573900487274 105.10452512442134 37.878884684294462
leaf_count=58783 439924 167 64137 769 7824 225 314 1903 473562 663245 2291 676 1185 1760 259 761810 72874 18994 176 7384 753 326 2064 359681 211 121167 82 649 530 204
internal_value=0 -0.000414599 0.00220422 -0.000965217 0.00019964 -0.000992263 0.00561033 0.00208164 0.000240369 -0.000421655 0.0082619 0.0201993 -0.00104853 -0.00787288 -0.0143863 -0.00100225 -0.00170936 -0.00388947 -0.00162774 0.00508231 0.017451 -0.0011059 0.00954573 -0.00120269 0.00307425 -0.00577913 0.000806442 -0.00055793 -0.0122268 0.0171553
internal_weight=203048 170905 32142.9 90122.4 80782.7 89966.1 756.205 583.094 80476.4 37091.2 457.549 190.662 89209.8 595.735 365.648 88614.1 34186.6 7405.04 3375.16 566.439 168.176 26781.6 237.224 26544.3 83.77 4029.88 43385.2 54427.5 188.761 173.111
internal_count=3063929 2559868 504061 1412021 1147847 1411252 2646 2217 1140023 666379 3134 843 1408606 3415 1655 1405191 642202 221348 81187 8313 929 420854 2390 418464 470 140161 473644 762989 1179 429
is_linear=0
shrinkage=0.03


Tree=173
num_leaves=31
num_cat=0
split_feature=75 17 59 48 14 74 75 44 38 3 19 5 75 27 2 22 65 21 19 6 6 2 5 60 6 5 65 5 69 3
split_gain=233.226 100.877 51.7674 40.0687 39.5306 36.5135 38.6045 35.9624 37.1943 34.2981 32.778 30.2952 29.6662 50.073 47.7021 46.9616 40.3277 39.2364 36.9253 34.7099 60.6603 51.7104 42.2334 39.7879 36.7452 36.6438 34.2961 47.1466 48.9195 40.9759
threshold=0.039157260209321983 0.53458327054977428 0.37446653842926031 1.0045120120048525 0.50316895544528972 0.0021170956315472726 0.021746934391558174 0.68099015951156627 0.37446653842926031 1.5531274080276491 0.55233678221702587 0.88512280583381664 0.17423701286315921 1.0146516561508181 0.0036228536628186707 1.3449937105178835 -0.0015291408053599296 0.65854063630104076 1.0955814719200136 0.39159533381462103 0.27632133662700659 -0.2245741859078407 1.4283766150474551 0.50776728987693798 0.34829853475093847 1.2428867816925051 0.043192677199840553 1.2338942885398867 0.97034719586372387 0.67143657803535473
decision_type=2 2 2 2 2 2 2 2 2 2 2 2 2 2 2 2 2 2 2 2 2 2 2 2 2 2 2 2 2 2
left_child=5 2 4 7 12 -1 -7 9 -9 -4 -3 -6 13 16 -15 18 17 -2 19 20 23 24 -21 -14 -22 26 27 28 -25 -28
right_child=1 10 3 -5 11 6 -8 8 -10 -11 -12 -13 15 14 -16 -17 -18 -19 -20 22 21 -23 -24 25 -26 -27 29 -29 -30 -31
leaf_value=0.0025150431313852827 -0.0031241992233984567 0.00078919599326805496 0.00043473635987569366 -0.0038429313678104223 0.0010205149638936625 0.011009564382241334 0.0047341933097131139 -0.0001383801850935621 0.0063439097869414382 -0.010853391882447674 0.0041994006736427196 -0.012274779107669479 -0.00091748120506206102 0.022060621091651279 -0.0046445775473480961 -0.022084357228977055 0.00026929744304820429 0.0043424538665813089 -0.037009878011791127 6.2536259021910067e-05 -0.012064909004006837 -0.0024143092140660139 0.013448010339898307 -0.0080022289344083009 -0.0046599037210503184 -0.014879930649586143 -0.01192597654868007 0.026184681035992165 0.021386864898665797 0.0055588985933908621
leaf_weight=5293.5323893909153 6255.505297452386 42934.868180867867 27204.066792170983 1857.9258019633708 10395.067556201247 1109.5477873226992 4363.4828952925163 1358.1020966868964 1917.8079235082259 240.40894044854213 2693.1850851433119 152.54338373150676 48461.201251726023 168.00561052793637 90.380229708272964 94.835578253492713 20755.657415662354 700.73774627549574 22.194067070260644 8617.8373309349845 855.91668385762023 12622.537634967812 213.52008803206263 1400.46257439896 2067.1792877172411 284.05982724330534 148.71350305050146 35.796946600254159 49.056532219983637 569.92403949826257
leaf_count=64559 92592 610314 402792 33805 89079 26110 79821 21997 20386 7540 26838 3199 716599 177 132 314 248322 8313 43 179788 39497 265240 2376 31637 61576 15373 3150 617 1069 10674
internal_value=0 -0.000240768 -0.00062433 0.000430132 -0.000925815 0.00429585 0.00601433 0.000689174 0.00365827 0.000334123 0.000990932 0.000823227 -0.00110428 -0.000269531 0.0127739 -0.00141366 -0.000393136 -0.00236934 -0.00138642 -0.0013739 -0.00160859 -0.00324893 0.000392615 -0.00110778 -0.00684324 -0.00480524 -0.00348011 -0.00607866 -0.00694839 0.0018884
internal_weight=202934 192167 146539 32578.3 113961 10766.6 5473.03 30720.4 3275.91 27444.5 45628.1 10547.6 103414 27970.3 258.386 75443.2 27711.9 6956.24 75348.4 75326.2 66494.8 15545.6 8831.36 50949.2 2923.1 2488.01 2203.95 1485.32 1449.52 718.638
internal_count=3063929 2893439 2256287 486520 1769767 170490 105931 452715 42383 410332 637152 92278 1677489 349536 309 1327953 349227 100905 1327639 1327596 1145432 366313 182164 779119 101073 62520 47147 33323 32706 13824
is_linear=0
shrinkage=0.03


Tree=174
num_leaves=31
num_cat=0
split_feature=75 75 26 54 11 4 14 15 51 31 75 38 4 1 7 51 7 7 6 6 73 7 2 2 73 70 70 2 70 26
split_gain=229.441 71.7334 71.5993 48.2288 41.9429 41.1512 40.8083 35.6654 34.9126 33.1869 31.7724 47.9466 31.3501 34.122 45.9001 30.6318 30.5564 40.8754 39.7332 37.4958 37.219 32.3616 36.1497 34.6198 52.7816 47.5743 62.2252 37.5873 36.595 30.7856
threshold=0.068344764411449446 0.026082620024681095 0.42514967918396002 0.37446653842926031 0.37446653842926031 0.99878549575805675 0.31061333417892462 0.31061333417892462 0.22396993637084964 0.98048108816146862 0.37595757842063909 0.97037765383720409 0.14931328594684604 0.13026889413595202 0.096712969243526473 1.0567017793655398 0.19016870111227038 0.2278472036123276 0.035759277641773231 0.17317436635494235 0.5178298056125642 0.26190848648548132 -0.13939829915761945 0.211890883743763 0.53893759846687328 -0.0043559642508625976 -0.00046712439507246012 0.4601633101701737 0.014458179008215668 1.0000000180025095e-35
decision_type=2 2 2 2 2 2 2 2 2 2 2 2 2 2 2 2 2 2 2 2 2 2 2 2 2 2 2 2 2 2
left_child=1 -1 3 5 9 7 -3 12 -9 15 11 -11 -2 -14 -15 -4 29 19 20 -18 -19 22 -20 24 -24 -25 27 -27 -26 -16
right_child=2 6 4 -5 -6 -7 -8 8 -10 10 -12 -13 13 14 16 -17 17 18 21 -21 -22 -23 23 25 28 26 -28 -29 -30 -31
leaf_value=0.0061486223383169164 -0.0019131086034164533 0.0010882415059685398 0.00042220422339715079 0.00086182616476969431 0.01428570757131958 -0.029059781789612289 0.0037391127594533476 0.0050694162789726082 -0.0041050971295983844 0.013646497045246175 -0.0061771656115394398 0.0019616430063820094 -0.00039762230899493758 0.00057375257137081109 -0.010979738325490965 -0.0036829782925871905 0.0069233787079013539 0.0069124388889835143 -0.01056258074333284 -0.0056506190604324038 -0.021254718738553776 -0.0019158593795358162 -0.0034213895239038413 -0.023837222980282999 0.023212476837531443 -0.01086406007438785 -0.010839066865712593 0.041573796721228233 -0.01756202002437272 -0.0029844434796731573
leaf_weight=4055.0403000688675 31212.241819903953 18136.179872550732 52462.068292845186 13318.950408680568 193.0101863744203 43.220307795796543 7346.4044159369587 1556.5723229858559 486.82053954177536 508.88555738516152 204.07220131880604 830.67111470992677 53528.063604196068 4754.2664377810725 781.27058481339191 1684.3791025163373 746.2687178561464 533.84735034953337 959.45876605236845 294.48677968513221 41.885656552214641 5459.3945356753247 2122.0173934677441 167.56768077949528 106.62615421495866 15.875486821401863 197.91204534145072 34.391478488105349 20.914697864791378 981.47535854153102
leaf_count=75804 398255 273462 612973 200712 1021 671 86025 14430 4793 2979 2997 10922 978799 101986 35812 26406 3117 4793 24701 9731 2109 135900 29835 4006 1551 206 5104 110 905 13814
internal_value=0 0.00244372 -0.000416688 -0.000837532 0.00046707 -0.00105514 0.00185311 -0.00104234 0.00287772 0.000418074 0.00474993 0.00643138 -0.00112106 -0.000771462 -0.00193307 0.000294155 -0.00288956 -0.00228434 -0.00289333 0.00335319 0.00472295 -0.00337839 -0.00557539 -0.00376527 -0.00228243 -0.0116799 -0.00320561 0.0253497 0.0161612 -0.00654744
internal_weight=202784 29537.6 173247 117364 55883.1 104045 25482.6 104001 2043.39 55690.1 1543.63 1339.56 101958 70745.7 17217.7 54146.4 12463.4 10700.6 9659.89 1040.76 575.733 9084.16 3624.76 2665.3 2249.56 415.747 248.179 50.267 127.541 1762.75
internal_count=3063929 435291 2628638 1971340 657298 1770628 359487 1769957 19223 656277 16898 13901 1750734 1352479 373680 639379 271694 222068 209220 12848 6902 202318 66418 41717 32291 9426 5420 316 2456 49626
is_linear=0
shrinkage=0.03


Tree=175
num_leaves=31
num_cat=0
split_feature=75 18 28 75 11 73 6 39 4 7 7 7 6 5 6 19 57 4 36 7 18 70 20 39 36 7 69 7 73 20
split_gain=225.63 81.9043 53.5262 49.9046 42.5204 40.9772 40.8766 43.116 41.9303 67.1726 54.9658 41.713 41.6663 70.6927 50.0328 53.8519 61.159 59.2868 64.3892 51.0236 81.6833 50.0062 50.3496 46.6811 44.5946 47.4292 44.3646 68.3359 78.5395 60.9541
threshold=0.051183979958295829 0.53458327054977428 0.20707555115222934 0.023934200406074527 0.37446653842926031 0.13829530030488971 0.39262773096561437 0.50316895544528972 0.52612900733947765 0.36528584361076361 0.23637399822473529 0.16106364876031878 0.073806658387184157 1.0668478608131411 0.14687036722898486 0.14931328594684604 0.42514967918396002 0.20707555115222934 0.24964435398578647 0.27237541973590856 0.31061333417892462 0.0005937926471233369 0.69052246212959301 0.31061333417892462 0.20707555115222934 0.21250396966934207 -0.899798423051834 0.21250396966934207 0.47066821157932287 0.56404110789299022
decision_type=2 2 2 2 2 2 2 2 2 2 2 2 2 2 2 2 2 2 2 2 2 2 2 2 2 2 2 2 2 2
left_child=3 2 5 -1 -3 -2 7 11 9 -8 -10 -7 13 24 15 23 17 18 -17 20 -16 22 -19 26 25 -13 27 28 -14 -29
right_child=1 4 -4 -5 -6 6 8 -9 10 -11 -12 12 14 -15 19 16 -18 21 -20 -21 -22 -23 -24 -25 -26 -27 -28 29 -30 -31
leaf_value=0.006502505672639017 0.00038473091524469672 0.0002521355310103344 0.00028113313888186156 0.0024378779934596069 0.014027287283680533 -0.0011267221006639305 0.0006896190775585821 0.0010307869117916553 -0.0065357854299171545 -0.011733106186685369 0.006969752157137651 0.000418199214893846 -0.0226370075363879 -0.010824207864225024 -0.01553914715254065 -0.0081439126049945732 0.02996576713673783 -0.019715681409731223 -0.031847187259730271 -0.0026264734699836746 -0.0035305356659863429 0.018534306962153895 0.019155396549842 -0.0090230404193375035 0.0023169165501212246 -0.0066784019492702931 0.002459527871853441 -0.00064474510954491129 -0.0010863819028343535 0.029768281792041811
leaf_weight=3324.4565719395468 9588.4401685097837 97442.617119692601 22286.686946190952 14958.113343367528 198.10608993354253 18176.650825664387 2436.5144184969977 3913.0921309154946 328.12285937438719 462.60200427047675 1481.5109989344201 1166.1562182797352 282.11015744018368 1476.9157544080153 766.24597928237927 297.07420958252624 31.819156294688582 105.22628455469385 158.05281648319215 10428.141960428351 1521.7520508370362 93.260175285860896 37.655443795025349 464.87438688264228 993.8791408414836 3083.088969604345 4792.0439590887981 1989.8483594930003 327.07988597746589 57.125702674500644
leaf_count=63914 85737 1423770 317539 213416 1125 352419 55071 58765 7706 12551 18139 14249 1371 39336 32917 983 64 651 551 222458 30472 323 70 4104 9490 37732 41414 14890 2560 142
internal_value=0 -0.00031522 -0.000986022 0.00317849 0.000280704 -0.0014242 -0.00174039 -0.00199128 0.000930835 -0.00130452 0.00450943 -0.00224714 -0.00297218 -0.00503279 -0.00232263 -0.000559461 -0.00837298 -0.0103064 -0.0165909 -0.00351918 -0.00757426 0.00186184 -0.00919818 0.000157831 -0.00339357 -0.0047312 0.000735987 -0.00237082 -0.0111562 0.000258211
internal_weight=202669 184387 86746 18282.6 97640.7 64459.3 54870.8 50162.1 4708.75 2899.12 1809.63 46249 28072.4 6720.04 21352.3 8636.17 723.088 691.269 455.127 12716.1 2288 236.142 142.882 7913.08 5243.12 4249.25 7448.21 2656.16 609.19 2046.97
internal_count=3063929 2786599 1361704 277330 1424895 1044165 958428 864961 93467 67622 25845 806196 453777 100807 352970 67123 2642 2578 1534 285847 63389 1044 721 64481 61471 51981 60377 18963 3931 15032
is_linear=0
shrinkage=0.03


Tree=176
num_leaves=31
num_cat=0
split_feature=75 75 25 18 61 5 7 72 73 74 74 38 44 61 5 22 73 73 4 7 9 69 19 3 73 18 73 75 73 22
split_gain=222.202 69.6579 69.4567 51.7636 45.5116 41.6693 52.2712 37.4298 49.9617 39.1498 37.3845 37.1332 37.1137 34.6138 33.5463 32.958 56.0314 42.1418 31.3974 32.0965 31.073 30.7373 39.8688 34.3935 48.9208 57.9848 43.601 43.2875 42.8352 63.344
threshold=0.068344764411449446 0.031541910022497184 0.37446653842926031 0.53458327054977428 -0.96714979410171498 0.14931328594684604 0.34560325741767889 0.20334322750568393 0.25419893860816961 1.0000000180025095e-35 0.0021170956315472726 1.0000000180025095e-35 0.9844537377357484 -0.29736271500587458 0.86127248406410228 1.0000000180025095e-35 0.1271360591053963 0.21227202564477923 0.20707555115222934 0.56438687443733226 0.58348107337951671 -0.99602869153022755 1.0955814719200136 0.055467182770371444 0.4039397686719895 0.31061333417892462 0.63979727029800426 0.45684638619422918 0.37070158123970037 0.20707555115222934
decision_type=2 2 2 2 2 2 2 2 2 2 2 2 2 2 2 2 2 2 2 2 2 2 2 2 2 2 2 2 2 2
left_child=1 10 3 11 -4 6 12 9 -9 -5 -1 21 -6 -7 -11 16 -15 -18 -3 -20 -8 -2 23 24 25 27 -26 -23 -27 -30
right_child=2 18 4 7 5 13 20 8 -10 14 -12 -13 -14 15 -16 -17 17 -19 19 -21 -22 22 -24 -25 26 28 -28 -29 29 -31
leaf_value=0.0029958735346001198 0.00027370884323804292 0.00032973187000530965 0.014734443337187385 -0.0013042399613902517 0.005397470307138442 -0.0035666956000103499 -0.0027624900617261444 -0.012096549110691999 -0.0013588961530224795 0.0011899269166496232 0.0075898328684639062 -0.00014133709889937044 -0.017368503629850332 -0.02179769421976218 -0.00035145106847825325 0.00047287733127995873 0.028837855908924636 0.0050990149640467572 0.0029184013061446116 -0.0036763390059317475 0.014021480855432793 0.0056079810438023894 -0.035804282457755916 -0.0022714086777015697 -0.0086169503292667701 -0.0015981269893100363 0.0028487858580633473 -0.0096004574561882015 0.038907758408845618 0.0027829862869274062
leaf_weight=3383.8055741003918 6685.2938164631851 9633.5553613585507 208.94033796526492 14974.695948744389 3841.4816218251362 1934.4881967338733 1392.4924084645463 515.87454517249716 1571.2335817918065 26141.084919715788 3033.4343503825512 20740.092804224434 61.65649248752743 39.436873452737927 24716.511001165563 21719.055582889036 111.91601083334535 167.05596775386948 12730.467017149276 696.84454516635742 102.85396324540488 2282.8153276752564 27.215123813599348 38650.792011212638 1032.7320824631024 5335.9612686987966 416.16309036279563 178.03182032518089 53.047655248083174 191.01529675349593
leaf_count=46613 83781 135454 1069 113866 21958 24497 9010 20366 32350 422962 64147 302370 508 39 499862 233456 54 3190 177322 11755 500 10931 43 799385 6779 36564 2591 972 79 1456
internal_value=0 0.00240748 -0.000410048 -0.000682894 0.000913504 0.000813036 0.00319325 -8.17302e-05 -0.00403316 4.37126e-05 0.00517152 -0.00122294 0.00501928 0.000276381 0.000440769 0.000614524 0.0101367 0.0149113 0.00163736 0.00257482 -0.00157071 -0.00163177 -0.00189633 -0.0018741 -0.000255146 0.000659453 -0.0053218 0.0044921 -0.00103198 0.0111537
internal_weight=202570 29478.1 173092 143513 29579.4 29370.4 5398.48 67919.4 2087.11 65832.3 6417.24 75593.2 3903.14 23972 50857.6 22037.5 318.409 278.972 23060.9 13427.3 1495.35 54853.1 48167.8 48140.6 9489.77 8040.87 1448.9 2460.85 5580.02 244.063
internal_count=3063929 435291 2628638 2334357 294281 293212 31976 1089406 52716 1036690 110760 1244951 22466 261236 922824 236739 3283 3244 324531 189077 9510 942581 858800 858757 59372 50002 9370 11903 38099 1535
is_linear=0
shrinkage=0.03


Tree=177
num_leaves=31
num_cat=0
split_feature=75 55 16 75 26 74 75 74 3 64 64 60 60 7 7 48 75 6 7 5 2 75 73 75 6 2 7 75 73 16
split_gain=219.123 80.0611 57.8177 48.806 44.0071 43.1248 51.5137 42.0788 71.3925 50.3301 61.6639 47.2424 48.7961 38.5612 39.6865 51.6262 85.248 50.4908 76.958 57.3686 51.7859 48.6779 83.57 71.4259 76.9556 53.2993 55.6683 50.6992 50.4649 72.9433
threshold=0.051183979958295829 0.37446653842926031 0.50316895544528972 0.016084345057606701 1.0000000180025095e-35 0.025306520052254203 0.34575539827346807 0.0011154377716593447 0.40598230063915258 -0.99999293684959401 -0.9999839961528777 0.36109387874603277 0.24229242652654651 0.2463922128081322 0.08094974979758264 1.0000000180025095e-35 0.11125532537698747 0.072676122188568129 0.18208874017000201 0.99753236770629894 -0.24492064863443372 0.34873658418655401 0.35706487298011785 0.3150887936353684 0.10734022036194803 0.014282244723290207 0.20645257085561755 0.3047808855772019 0.24701870977878573 1.0000000180025095e-35
decision_type=2 2 2 2 2 2 2 2 2 2 2 2 2 2 2 2 2 2 2 2 2 2 2 2 2 2 2 2 2 2
left_child=3 2 4 -1 5 6 -2 8 13 -10 11 12 -11 14 -6 16 -16 18 -18 20 -19 23 -23 27 -25 26 -24 28 -22 -30
right_child=1 -3 -4 -5 7 -7 -8 -9 9 10 -12 -13 -14 -15 15 -17 17 19 -20 -21 21 22 25 24 -26 -27 -28 -29 29 -31
leaf_value=0.0087496650308204662 0.0010598977279037112 0.0010734913663289956 0.0020706472381485561 0.0027058763521078345 -0.0018467758197144809 -0.0023431682734432776 -0.0062185794877707588 -1.012637866497815e-07 -0.011863730282092835 0.0070990072389751887 -0.0038701127755420926 0.025426930854167001 -0.037564963203445247 -0.0020217981234453139 -0.0027183056290827337 -0.0015757673652013521 0.0057712066043082849 0.01754884836592507 -0.0065627947371396577 0.026317708160804067 0.0040509678959177097 0.018440115583889145 0.0028634808061223939 -0.029960094759565358 0.0045006999241016298 0.016927147790497473 -0.022210209440588966 0.021317682831193806 -0.025191743101380719 1.6288271548402661e-05
leaf_weight=1292.5011300939514 7209.7763750670965 31229.816352669761 6993.053814419196 16946.767194396103 6983.5931953465479 23965.472468932308 991.94717888426385 71505.146072576055 668.52630637574475 137.75882043968886 5554.2339241350419 110.35994704533368 22.061153120361269 12392.145164010362 2614.5791382917669 5324.9340544747538 832.26590852939989 252.41497716843151 995.23586329305544 104.73004103032872 4288.701515941415 501.79224860016257 261.48490924760699 118.81531037949026 108.95042073656805 136.93399558216333 110.02250937139615 133.93677765293978 123.95678152726032 534.52329896728043
leaf_count=27262 86233 431458 77557 250068 56148 681818 10664 1222196 3522 626 42403 264 78 95241 13130 38364 4663 1052 3990 222 11991 790 605 158 445 266 245 219 403 1848
internal_value=0 -0.000310595 -0.000593202 0.00313623 -0.000720892 -0.00170065 0.000176461 -0.000443901 -0.00119372 -0.00408723 -0.00318634 0.0107053 0.000139547 -0.000668692 4.70938e-05 0.000851963 0.00201523 0.00347174 -0.000942951 0.00468069 0.00431938 0.00377945 0.00980516 0.00262545 -0.0136634 0.00119693 -0.00470764 0.00336667 0.00286294 -0.0048457
internal_weight=202446 184207 152977 18239.3 145984 32167.2 8201.72 113817 42312 6492.94 5824.41 270.18 159.82 35819 23426.9 16443.3 11118.3 8503.76 1827.5 6676.26 6571.53 6319.12 1010.23 5308.88 227.766 508.441 371.507 5081.12 4947.18 658.48
internal_count=3063929 2786599 2355141 277330 2277584 778715 96897 1498869 276673 46893 43371 968 704 229780 134539 78391 40027 26897 8653 18244 18022 16970 1906 15064 603 1116 850 14461 14242 2251
is_linear=0
shrinkage=0.03


Tree=178
num_leaves=31
num_cat=0
split_feature=75 75 26 54 11 14 15 72 72 31 32 74 73 2 44 6 14 6 26 19 74 3 2 14 26 15 64 20 73 69
split_gain=215.526 66.9551 63.9284 43.5976 41.694 37.2212 35.9261 34.4609 33.3771 31.307 37.2472 36.9999 31.9695 39.3365 38.1476 33.7501 33.1516 30.5599 29.8854 29.1442 28.4518 63.6456 50.1988 89.8851 42.2697 44.3908 38.4387 38.4045 77.9689 46.5066
threshold=0.068344764411449446 0.031541910022497184 0.42514967918396002 0.37446653842926031 0.37446653842926031 0.31061333417892462 0.31061333417892462 0.0038789685349911456 0.85128122568130504 0.98048108816146862 0.9844537377357484 0.010340901091694834 0.72350609302520763 -0.30714167654514307 0.70688349008560192 0.068837314844131484 0.83743754029273998 0.40407723188400274 1.081027686595917 0.88594383001327526 0.00334585236851126 0.40598230063915258 0.33639651536941534 1.0000000180025095e-35 1.0000000180025095e-35 1.0000000180025095e-35 -0.99999293684959401 1.0000000180025095e-35 0.097522687166929259 -0.093935221433639512
decision_type=2 2 2 2 2 2 2 2 2 2 2 2 2 2 2 2 2 2 2 2 2 2 2 2 2 2 2 2 2 2
left_child=1 7 3 6 9 -3 8 -1 20 10 12 -11 13 15 -14 -4 19 -18 -12 -15 21 22 -2 -24 25 -22 -25 28 29 -27
right_child=2 5 4 -5 -6 -7 -8 -9 -10 11 18 -13 14 16 -16 -17 17 -19 -20 -21 24 -23 23 26 -26 27 -28 -29 -30 -31
leaf_value=0.0025811595843885701 -0.0013694454844999572 0.00084318648970336055 0.0015934214713990227 0.00081234142848067646 0.014374562689216481 0.0034969547187931158 0.0029162393667739599 0.0070282334760719302 -0.0085460540804636383 0.0089574885992943516 -0.0012044049584405913 -0.00032900040265197836 0.0031222040919009061 0.00036668284258206668 0.018659703761393226 -0.0047678908165004457 0.0064606628964676647 -0.0059751892153935568 -0.0083285208345259421 0.016655957266170581 -0.0020176395331510067 -0.0051914128381787628 0.045214489656398543 0.025975155443991548 -0.00013746117571097403 -0.022532722113563962 -0.01002101926168516 0.00014280578624660748 0.015297920166620533 0.0082848018135468649
leaf_weight=2795.3633700103965 23442.895074822867 16300.998361683363 1093.639894637512 13335.342769289593 188.37671543215401 6719.0878116456297 2052.1168773215031 3601.3252189823106 533.57649320494966 816.50171893113293 1867.5690629231394 727.17059831938241 1073.8973687253892 45129.656636670348 160.6811023108894 2371.6993550035986 1359.4198135510087 200.95273521728814 738.01290304912254 95.086500319419429 26567.466268518794 4361.1469247113564 54.143421055050567 33.054468865506351 43226.281476748569 92.229443858377635 91.536351406946778 2823.680077996105 427.28499072464183 78.061943789478391
leaf_count=38939 154436 246694 10420 200712 1021 77837 19223 71821 37913 5009 28467 11889 13062 530723 753 37037 7474 2587 8410 446 690330 34418 76 100 798711 239 834 32500 1589 259
internal_value=0 0.00237372 -0.000403807 -0.000802021 0.000431581 0.00161844 -0.00100952 0.00508839 -0.00108887 0.00038326 0.000262777 0.00459049 0.000440052 0.000322569 0.00520178 -0.00275948 0.000551166 0.00484505 -0.00323366 0.000402501 -0.00104917 -0.0018629 -0.0012474 0.0144146 -0.000738012 -0.00160337 4.85238e-06 0.00161087 0.00849322 -0.00851416
internal_weight=202358 29416.8 172941 117119 55822.7 23020.1 103783 6396.69 101731 55634.3 54090.6 1543.67 51485 50250.5 1234.58 3465.34 46785.1 1560.37 2605.58 45224.7 101198 27982.8 23621.6 178.734 73215 29988.7 124.591 3421.26 597.576 170.291
internal_count=3063929 435291 2628638 1971340 657298 324531 1770628 110760 1751405 656277 639379 16898 602502 588687 13815 47457 541230 10061 36877 531169 1713492 189864 155446 1010 1523628 724917 934 34587 2087 498
is_linear=0
shrinkage=0.03


Tree=179
num_leaves=31
num_cat=0
split_feature=75 55 16 75 5 7 7 11 74 3 7 64 64 12 5 5 64 6 7 51 70 7 7 6 75 6 72 66 7 1
split_gain=212.497 77.572 54.4314 44.6108 39.8484 47.3729 47.5049 36.5666 35.4265 62.8985 33.9113 33.3752 63.3001 39.3461 34.4653 81.3222 36.5711 33.9364 42.2453 33.1471 31.3005 30.4162 31.9134 40.901 41.7462 57.7892 54.2701 56.3728 53.9073 65.6388
threshold=0.048753544688224799 0.37446653842926031 0.50316895544528972 0.016084345057606701 1.0945624709129336 -0.35921296477317805 0.19016870111227038 0.37446653842926031 1.0000000180025095e-35 0.39247794449329382 0.56438687443733226 -0.99999293684959401 -0.9999839961528777 0.46720869839191442 0.81568241119384777 0.80270549654960643 -0.99889203906059254 0.15008056163787845 0.19089193642139438 1.2450425624847414 -0.015174625907093285 0.2463922128081322 0.098941359668970122 0.40422330796718603 0.12019941955804826 0.045087434351444251 0.11663027480244638 -0.23542650789022443 0.21740452945232394 0.033232234418392188
decision_type=2 2 2 2 2 2 2 2 2 2 2 2 2 2 2 2 2 2 2 2 2 2 2 2 2 2 2 2 2 2
left_child=3 2 4 -1 7 -6 -7 8 9 21 -5 13 -13 -11 15 -14 20 18 -18 -3 -16 22 -2 24 -24 -26 27 28 29 -27
right_child=1 19 -4 10 5 6 -8 -9 -10 11 -12 12 14 -15 16 -17 17 -19 -20 -21 -22 -23 23 -25 25 26 -28 -29 -30 -31
leaf_value=0.0086133141793133181 -0.0016826977254770236 0.0012782026040614335 0.001951083964239484 0.0030762869616674897 0.0018732066845806757 -0.0051132625252017887 -0.0015748223732221724 0.018010922733367494 -0.00014506824207419458 -0.011253186160447366 -0.0043084299438139097 0.011083452281710147 -0.0035217593784145629 0.031371346384021087 0.027154500428920592 0.023289359932125161 -0.0075270020412308344 -0.0034681558653232763 -0.028650857585811533 -0.0032227120772179048 -0.0057687296493794879 -0.0019176431140774878 -0.0012395874291125119 -0.0029166916460141535 -0.0022077020195831677 -0.009458543059264201 -0.0038912523948590912 0.003426967788929616 0.017609000908529945 0.01584067881504132
leaf_weight=1284.7036074021962 7443.5203833552805 30206.488458138338 7336.6486492936965 14766.446061694813 2641.8449372643227 4472.9658431044663 14452.057856278669 92.059403441846371 82895.395070965751 681.23442427604459 577.81516980938613 264.57693218393251 4961.916523948079 16.244316581636667 35.253798492252827 99.961113896686584 162.66141072730534 201.76018437254243 186.01944931782782 1543.7907314532495 73.454013742506504 12234.945868194365 3919.8346656901413 2375.2066645757877 1903.2389658495085 190.5786035945639 766.42949388711713 5743.2581702284515 528.45482948701829 171.60245103295892
leaf_count=27262 60052 410448 82656 220086 68828 149310 339665 416 1453272 3674 7548 996 38122 23 124 452 1703 2581 697 28811 604 94347 18786 20953 11489 699 3777 14895 1216 437
internal_value=0 -0.000291109 -0.000569747 0.00324845 -0.000696057 -0.00188687 -0.00241228 -0.000490424 -0.000504678 -0.00121493 0.00279686 -0.00388278 -0.00315355 -0.0100808 -0.00382003 -0.00297344 -0.0102574 -0.0133852 -0.0190064 0.00105883 0.00545309 -0.000709002 -6.68193e-05 0.000704209 0.00135563 0.0024496 0.00364854 0.00452213 0.0115323 0.00255811
internal_weight=202230 185601 153851 16629 146514 21566.9 18925 124948 124856 41960.2 15344.3 6683.08 5985.6 697.479 5721.03 5061.88 659.149 550.441 348.681 31750.3 108.708 35277.1 23042.1 15598.6 13223.4 9303.56 7400.32 6633.89 890.636 362.181
internal_count=3063929 2809033 2369774 254896 2287118 557803 488975 1729315 1728899 275627 227634 48976 45279 3697 44283 38574 5709 4981 2400 439259 728 226651 132304 72252 51299 32513 21024 17247 2352 1136
is_linear=0
shrinkage=0.03


Tree=180
num_leaves=31
num_cat=0
split_feature=75 25 75 18 11 6 57 6 6 48 6 38 14 74 74 74 4 49 4 14 48 69 19 14 22 75 20 19 40 26
split_gain=210.13 66.2672 64.0708 49.2878 37.5363 36.4233 69.001 49.8067 45.8322 50.9319 43.368 35.5372 34.0234 33.7205 34.4668 33.0375 30.445 30.4308 29.7516 34.402 29.6517 29.2052 51.2572 28.9815 30.5228 30.8512 27.9818 27.6174 27.5125 27.2188
threshold=0.068344764411449446 0.37446653842926031 0.031541910022497184 0.53458327054977428 0.37446653842926031 0.28611345589160925 1.1762513518333437 0.37287946045398718 0.40833660960197454 0.81189432740211498 0.40186342597007757 1.0000000180025095e-35 0.31061333417892462 0.20593928545713427 1.0000000180025095e-35 0.0021170956315472726 0.14931328594684604 1.0000000180025095e-35 0.51129707694053661 0.46720869839191442 1.005713999271393 -0.99602869153022755 1.0955814719200136 0.68507987260818493 1.0000000180025095e-35 0.12490995973348619 0.89078679680824291 0.20707555115222934 0.20707555115222934 0.58756005764007579
decision_type=2 2 2 2 2 2 2 2 2 2 2 2 2 2 2 2 2 2 2 2 2 2 2 2 2 2 2 2 2 2
left_child=2 3 15 11 5 6 16 18 9 10 28 20 -4 14 26 -1 29 -13 -7 -20 21 -2 27 24 25 -18 -5 -23 -9 -3
right_child=1 4 12 13 -6 7 -8 8 -10 -11 -12 17 -14 -15 -16 -17 23 -19 19 -21 -22 22 -24 -25 -26 -27 -28 -29 -30 -31
leaf_value=0.0029379258091607784 0.00031721749225984992 0.01142667970738636 0.00086312828743562067 -0.0015105885011989686 0.014207831971051185 0.00025262243190785685 0.016204461730887167 0.001186605998546604 -0.0017753569025950808 -0.0027809208171614983 0.0072726156104464656 -0.0007716471417039527 0.0034006014912948807 -0.0098466705776283567 0.00032985449568424786 0.0072684133327460491 -0.012706849814734088 0.001938722933175161 -0.0068138455030937132 -0.0013460108621536509 -0.011732167958901142 -0.0020174588574452374 -0.039123696146838811 0.0050742779478577145 -0.0004371137531032384 0.014237598484820117 0.0066889062617863475 0.00039515900624375987 0.0065192493131147706 0.0023577705800854627
leaf_weight=3337.6476428067108 6646.8194741598709 526.58830633806065 16232.155984636091 14617.807480624382 185.44756648293696 4187.7443075609626 315.3910236642696 5082.8596641360782 3130.6276404251112 1439.8407715837238 1917.4370332293911 15877.721589553636 6729.4734287291649 312.5657286576461 52503.590408301898 3041.2312844489643 42.408453090116382 4867.5834140665829 1584.596063841891 2990.7971912679495 254.62360865139635 43047.20231377735 29.120614473707974 1333.5680824751034 4839.7979606848676 227.28144534584135 380.3504041407723 4735.684393310803 1048.4430973748094 688.82396767521277
leaf_count=46613 83119 2110 246694 115047 1026 44664 1365 61058 32876 17315 15193 232322 77837 13725 959591 64147 27 70048 31758 28858 6273 821448 43 6964 33578 1198 1043 31698 12774 3517
internal_value=0 -0.000398549 0.00234718 -0.000665324 0.000895037 0.00080886 0.00253878 0.000163178 0.00136976 0.00240824 0.00333801 -0.0011928 0.00160746 -7.82886e-05 -3.24089e-05 0.00500652 0.00196725 -0.00013523 -0.00157367 -0.00324497 -0.00159367 -0.00154532 -0.00180435 0.00114294 0.000112819 0.00986038 -0.00130062 -0.00177824 0.00210287 0.00631524
internal_weight=202155 172815 29340.5 143273 29541.7 29356.2 7973.86 21382.3 12619.2 9488.58 8048.74 75458.8 22961.6 67814.3 67501.7 6378.88 7658.47 20745.3 8763.14 4575.39 54713.5 54458.8 47812 6443.06 5109.49 269.69 14998.2 47782.9 6131.3 1215.41
internal_count=3063929 2628638 435291 2334357 294281 293255 48759 244496 139216 106340 89025 1244951 324531 1089406 1075681 110760 47394 302370 105280 60616 942581 936308 853189 41767 34803 1225 116090 853146 73832 5627
is_linear=0
shrinkage=0.03


Tree=181
num_leaves=31
num_cat=0
split_feature=75 25 75 64 2 6 1 2 36 7 31 12 6 4 14 32 20 7 1 14 72 17 72 20 20 21 7 6 20 64
split_gain=207.33 64.0575 62.151 44.4722 48.0749 50.3751 58.5447 42.1135 40.2431 37.0536 35.5336 36.2513 35.3854 34.3098 41.0986 44.3435 33.8854 33.47 34.7169 32.9373 31.6446 31.1754 34.8889 32.3837 32.5931 33.9749 30.6048 30.2885 29.6175 30.9871
threshold=0.068344764411449446 0.37446653842926031 0.031541910022497184 -0.84099236130714405 -0.16670320183038709 0.071044389158487334 0.40664784610271459 -0.96714979410171498 0.14931328594684604 0.36376598477363592 0.93735873699188244 0.58756005764007579 0.38390168547630316 0.53974768519401561 0.65050083398818981 0.76158827543258678 1.2885903120040896 0.24232044070959094 -0.12965280562639234 0.31061333417892462 0.0038789685349911456 0.46720869839191442 1.0000000180025095e-35 1.2885903120040896 1.080642879009247 1.203639090061188 0.12566142529249194 0.48820309340953832 0.92995497584342968 1.0000000180025095e-35
decision_type=2 2 2 2 2 2 2 2 2 2 2 2 2 2 2 2 2 2 2 2 2 2 2 2 2 2 2 2 2 2
left_child=2 3 20 16 5 6 8 -3 -5 12 11 13 28 -9 -15 -16 -2 -10 -19 -4 -1 23 -23 24 25 27 -8 -6 29 -7
right_child=1 7 19 4 21 9 26 10 17 -11 -12 -13 -14 14 15 -17 -18 18 -20 -21 -22 22 -24 -25 -26 -27 -28 -29 -30 -31
leaf_value=0.0025246697792906444 -4.3057243839059802e-05 0.014268608936614751 0.00086887569208356729 -0.0028725837894346649 -0.0011161101065958448 -0.0096116374790943364 0.00090332793018265789 0.0012952967920177555 0.0019150022798498578 -0.0015475819160164354 0.0059030162071310854 0.013299666989573168 0.0012630247600270764 -0.0024883874551026391 0.0028950498951521709 -0.0042219506624782783 0.018262689863342927 -0.017234214708891544 0.019388035296223138 0.0033634085166287923 0.006799897817347759 -0.0026505402464571792 0.00074539819731563972 -0.032222312589903913 0.014548537847367491 -0.018615885375667246 -0.022827563333394328 -0.0092375693318909029 0.032334271049238146 -0.0036661070485008089
leaf_weight=2756.8200794085642 57562.314741485185 205.88993988325819 16188.379677633529 1885.3793307934538 54483.022341448639 2359.8794281199807 70.512814309855457 17380.485173829424 1985.1675110461365 2169.730776765573 1166.3428347364534 195.85584438405931 474.97935784389847 6047.879886558454 3497.1913512046449 1012.5544680720195 87.151868708431721 23.516943144612014 174.19120558770373 6753.4559580166606 3614.5180569434669 3249.7136072060093 16676.312150680154 26.271784534677863 114.35662139952183 96.795940515585244 150.96355322448653 412.69444774719886 12.877581348642705 1199.3768144740752
leaf_count=38939 835221 1069 246694 40438 906778 79500 2925 179097 34568 55333 8782 1121 13187 71615 23285 9312 64 335 1252 77837 71821 22606 279869 33 165 214 7517 14851 26 39475
internal_value=0 -0.000395926 0.00233264 -0.000658182 -0.0010921 -0.00299256 -0.000489837 0.000876759 0.000333453 -0.00471733 0.000780568 0.000567239 -0.00641238 0.000475928 -0.000872512 0.00129378 -1.40402e-05 0.0031048 0.0147542 0.00160385 0.0049535 -0.000825868 0.000190912 -0.00119342 -0.00117621 -0.00121004 -0.0153703 -0.00117792 -0.00743449 -0.00761578
internal_weight=202035 172721 29313.2 143215 85565.7 10506.6 4289.73 29506.2 4068.25 6216.84 29300.3 28134 4047.11 27938.1 10557.6 4509.75 57649.5 2182.88 197.708 22941.8 6371.34 75059.2 19926 55133.1 55106.9 54992.5 221.476 54895.7 3572.13 3559.26
internal_count=3063929 2628638 435291 2334357 1499072 274556 87035 294281 76593 187521 293212 284430 132188 283309 104212 32597 835285 36155 1587 324531 110760 1224516 302475 922041 922008 921843 10442 921629 119001 118975
is_linear=0
shrinkage=0.03


Tree=182
num_leaves=31
num_cat=0
split_feature=75 17 75 27 47 61 7 15 6 6 19 6 6 15 36 26 22 66 66 17 36 73 73 1 1 13 75 6 38 7
split_gain=203.914 71.2431 51.0095 46.751 41.2801 41.6586 36.026 38.1269 33.5979 87.638 40.4033 33.1622 34.4887 33.1494 32.6109 31.8895 38.2225 53.2798 59.4683 52.3388 62.4943 55.5267 78.379 42.223 45.2382 67.9694 55.4698 48.0533 53.6905 47.1734
threshold=0.05646942742168904 0.53458327054977428 0.021746934391558174 1.0180225372314455 0.22396993637084964 -1.1736065149307249 -0.059700617566704743 1.0000000180025095e-35 -1.0000000180025095e-35 0.029104033485054973 1.2241474390029909 0.1222229450941086 0.18497218191623691 0.58756005764007579 1.6144652962684634 0.22396993637084964 0.14931328594684604 0.078437812626361861 0.052435930818319328 0.50316895544528972 0.3114724606275559 0.092170838266611113 0.19097605347633365 0.72459158301353466 0.14097986370325091 0.31061333417892462 0.13886526972055438 0.10278788954019548 1.0000000180025095e-35 0.24900344014167788
decision_type=2 2 2 2 2 2 2 2 2 2 2 2 2 2 2 2 2 2 2 2 2 2 2 2 2 2 2 2 2 2
left_child=2 3 -1 4 15 -6 7 -3 -8 -10 11 -11 -13 -4 -14 -2 17 18 19 20 23 -22 -23 24 25 27 -27 28 29 -17
right_child=1 6 13 -5 5 -7 8 -9 9 10 -12 12 14 -15 -16 16 -18 -19 -20 -21 21 22 -24 -25 -26 26 -28 -29 -30 -31
leaf_value=0.0067162610980541319 -0.0014151056271828467 0.00091342630630999826 0.0020623681055254744 0.005762321278549652 0.017426059748680132 0.00033985312684909838 -0.0029664258538154614 0.0092493145361421704 0.0077118620951247621 -0.0016776102917040181 -0.0442967355550219 0.0044682835088066218 0.00058360169713980844 0.012102148400205362 0.026571154478882544 0.0039082005437750412 -0.00068818204314119924 0.008105535923171479 -0.022689657838068877 0.019343229786599577 -0.017208299784494854 0.018339388404351328 0.0025264493415258489 0.01679788271498283 -0.0088754769814027943 -0.044443680151279148 -0.0065875533223695697 -0.0084949802000953527 -0.021002416937598183 -0.022924817933943971
leaf_weight=2586.5845671981879 57562.977622005477 1068.1624210686423 18529.260853324442 1018.7053174866596 125.10404497361742 25063.489549976046 2187.4207070266129 918.13320545753231 1598.4093758438248 5058.0001434019068 14.095593224279581 2315.6278441516333 23339.773094386532 297.1968066420086 39.550374950747937 2241.1689530834556 53778.744843687484 1001.1922979766969 93.047046942170709 132.51965053286403 83.83405223954469 406.20463666785508 911.32251157762948 106.33103192661656 699.6799668695021 49.445901349186897 106.15460655535571 431.53139517089585 81.511580018093809 56.574232331942767
leaf_count=52073 1112648 17960 268786 5715 1346 365994 37624 9240 11309 69100 24 19690 340487 4706 181 8176 687843 14571 772 112 157 365 11338 1886 9307 36 989 10567 438 489
internal_value=0 -0.00032841 0.00276768 -0.000628718 -0.00067446 0.000427647 0.000854498 0.00477966 0.0006282 0.000871619 0.000515152 0.000541596 0.000978811 0.00222363 0.000632295 -0.000910278 -0.000427262 0.00176341 0.000581438 0.00100713 0.000522027 0.00592299 0.00744587 -0.00148727 -0.00203657 -0.000412184 -0.0194578 0.000666707 0.00234174 0.00320688
internal_weight=201902 180489 21413 143950 142931 25188.6 36539.2 1986.3 34552.9 32365.5 30767 30753 25695 18826.5 23379.3 117742 60179.3 6400.52 5399.33 5306.28 5173.76 1401.36 1317.53 3772.4 3666.07 2966.39 155.601 2810.79 2379.25 2297.74
internal_count=3063929 2738364 325565 2232749 2227034 367340 505615 27200 478415 440791 429482 429458 360358 273492 340668 1859694 747046 59203 44632 43860 43748 11860 11703 31888 30002 20695 1025 19670 9103 8665
is_linear=0
shrinkage=0.03


Tree=183
num_leaves=31
num_cat=0
split_feature=75 18 75 52 6 6 6 2 4 7 20 7 20 3 24 65 4 7 1 7 5 75 23 2 70 22 74 7 36 17
split_gain=200.643 71.0664 51.2207 39.1095 36.5208 48.3605 40.859 42.8462 40.3028 43.2873 43.4932 38.0705 35.7161 32.7086 32.2759 40.6593 31.5923 30.8279 58.4215 59.1259 40.9465 50.3839 42.0993 35.6756 49.5916 39.5263 35.3007 35.2056 50.4033 92.812
threshold=0.0591396912932396 0.53458327054977428 0.023934200406074527 0.20707555115222934 0.39262773096561437 0.2937582284212113 0.34527637064456945 0.018601015210151676 0.52612900733947765 0.36528584361076361 1.0000000180025095e-35 0.24742213636636737 0.65530428290367138 0.025666924193501476 0.37446653842926031 -0.12140080332756041 0.37498413026332861 -0.41249345242977137 -0.094611655920743928 0.4467186182737351 1.2582243680953982 0.60772231221199047 1.0000000180025095e-35 0.18033606559038165 0.021011442877352241 1.2064728736877444 0.24405571073293689 0.19498275965452197 0.14931328594684604 0.37446653842926031
decision_type=2 2 2 2 2 2 2 2 2 2 2 2 2 2 2 2 2 2 2 2 2 2 2 2 2 2 2 2 2 2
left_child=2 3 13 4 5 17 7 -7 9 -6 -11 -10 -3 -1 -5 -16 -17 -2 19 27 23 22 -22 -20 25 -25 -21 -19 -29 -30
right_child=1 12 -4 14 8 6 -8 -9 11 10 -12 -13 -14 -15 15 16 -18 18 20 26 21 -23 -24 24 -26 -27 -28 28 29 -31
leaf_value=0.0077939172385501406 0.00052449142953561278 8.19081229370281e-05 0.0020560772634663745 -0.00027152049137199754 0.00071551656380393087 -0.008957663869332378 -0.0023633670844537681 -0.00031741708845130863 -0.004380082503568538 -0.01634483186633006 0.00023180380735118183 0.007233548384761871 0.0025077782873087974 0.00075918398795571092 -0.021571148794639217 0.011394123537532061 0.0020744971051167601 -0.0024881606872663603 8.1435161441202755e-05 -3.3390829521112706e-05 -0.003715007858436958 -0.017766292056920242 0.036192997161526394 -0.0041036276931847504 0.0039108159918119726 -0.038645662996076656 0.01412380558161189 -0.0088169545157120791 0.00060711858667282948 -0.027630685546977389
leaf_weight=2483.9715838742632 7843.8913359941216 87210.16189562474 19831.620012340471 25237.723317353579 2843.7363559098885 1942.0791853668634 8045.7990535890422 705.0794813252287 312.52899976831395 290.88430917897495 274.34558444237337 1292.9872676421655 5823.6572440600139 784.901760000801 49.355757131241262 481.18533863453194 1018.76714238571 3544.7964486720302 19458.134302225932 1616.6355825246428 1688.4640491046594 239.49144477888331 20.136702802963555 3579.6624526339001 783.70411862734181 26.16457275301218 171.67116851816536 2847.2557154877868 1240.6095450581051 110.37996052578092
leaf_count=51732 127124 1304453 286088 384575 57690 53094 172591 15221 7018 11539 2198 15421 57262 12182 409 3079 8699 74603 200432 29716 30656 16759 23 63363 12976 73 7855 49637 7021 440
internal_value=0 -0.000340131 0.00263077 -0.000963582 -0.00139592 -0.00162392 -0.00343004 -0.00666195 0.00105165 -0.000793653 -0.00834604 0.00496478 0.00023391 0.00610915 -1.30678e-05 0.004184 0.00508958 -0.00117618 -0.00155394 -0.0035606 -0.000811874 -0.00498946 -0.00315861 -0.000469643 -0.00291137 -0.00439806 0.00135163 -0.00469581 -0.00655463 -0.00177143
internal_weight=201800 178699 23100.5 85665.5 58878.4 53864 10693 2647.16 5014.48 3408.97 565.23 1605.52 93033.8 3268.87 26787 1549.31 1499.95 43171 35327.1 9531.35 25795.8 1948.09 1708.6 23847.7 4389.53 3605.83 1788.31 7743.04 4198.25 1350.99
internal_count=3063929 2713927 350002 1352212 955450 861584 240906 68315 93866 71427 13737 22439 1361715 63914 396762 12187 11778 620678 493554 169272 324282 47438 30679 276844 76412 63436 37571 131701 57098 7461
is_linear=0
shrinkage=0.03


Tree=184
num_leaves=31
num_cat=0
split_feature=75 17 47 2 64 27 25 75 72 36 48 26 7 12 15 34 36 53 71 72 3 64 73 47 26 6 3 7 7 6
split_gain=197.844 83.0773 49.7194 37.5865 37.145 42.661 35.8897 34.7254 33.0105 32.2995 32.2966 49.5042 31.5006 31.2953 31.1973 30.7488 35.2843 27.5809 26.3194 32.0607 30.3129 28.6399 26.0981 26.054 27.0127 31.9787 26.0391 58.0133 73.434 81.8689
threshold=0.043264959007501609 0.56247621774673473 0.22396993637084964 -1.1736065149307249 -0.9832119047641753 1.1528667807579043 0.37446653842926031 0.016084345057606701 1.0000000180025095e-35 1.6144652962684634 0.64691844582557689 1.0416588187217715 -0.059700617566704743 0.31061333417892462 1.0000000180025095e-35 0.46720869839191442 1.2714601755142214 0.2834331095218659 -0.31677193939685816 0.0076850876212120065 0.69861006736755382 0.89847746491432201 0.057593073695898063 0.50316895544528972 0.68507987260818493 0.068837314844131484 0.20095144212245944 0.041677778586745269 0.27237541973590856 0.02389999479055405
decision_type=2 2 2 2 2 2 2 2 2 2 2 2 2 2 2 2 2 2 2 2 2 2 2 2 2 2 2 2 2 2
left_child=7 2 4 17 5 13 26 -1 22 12 23 15 14 -2 -3 16 -12 -4 19 -8 21 -21 -9 -5 25 -25 -6 -28 29 -29
right_child=1 9 3 10 6 -7 18 8 -10 -11 11 -13 -14 -15 -16 -17 -18 -19 -20 20 -22 -23 -24 24 -26 -27 27 28 -30 -31
leaf_value=0.0082856411338597148 -9.1044542630712991e-05 0.001080410534836272 -0.020364617153078104 0.000784879560249775 -0.00083179712108221197 0.019464465140936471 -0.01126642226578445 0.00011997257172766405 0.004100422450802688 0.027062504840090731 -0.00079792979577209564 -0.0099152848488045734 0.00082186910599025187 0.0054377146450466322 0.0089160466904473056 0.0025337517401108618 -0.01682262120493094 0.021252066361195775 0.0010227813539210797 -0.0040601382988233112 0.0055413487990642538 0.010024097451619373 0.013466019499170406 0.0091074034304897324 0.0075637706270939341 0.00016577372345341886 0.000216956687497017 0.0009722190287183572 -0.00065105155632993789 -0.0046388197170998758
leaf_weight=1267.2528052268171 26085.528385843121 952.60239292134065 12.970284686191006 11302.28223146309 47073.370077017942 98.828443973325193 314.9703159565106 3413.0181720242836 8249.4974386866816 38.975143154617399 9614.3793747142772 486.67006134963594 33455.573697300395 951.14327227999456 880.4458422458265 2854.4042267971672 121.32726253406145 115.60014618025161 10748.405520179018 1609.6639329594327 481.50033152615651 137.36859785020351 133.20831277180696 442.60683011310175 1129.0935247419402 1862.1935083440621 8974.8916305001039 2775.6983022776258 11259.197219254682 14830.515278215811
leaf_count=27262 316656 16898 555 160947 634444 141 1900 33111 144928 178 146284 5752 487414 4237 9437 37116 5485 809 111328 18378 4450 1215 776 4086 11095 26377 217068 69376 270032 296194
internal_value=0 -0.000247315 -0.000549603 0.000594593 -0.000804718 0.0001776 -0.00107619 0.00356984 0.00306019 0.00106407 0.000518391 -0.000566501 0.00103216 0.000104065 0.00485768 -0.000201732 -0.00100492 0.016532 0.000373004 -0.00236837 -0.00109081 -0.00292976 0.00063717 0.00148131 0.00376866 0.00189765 -0.0013031 -0.00188912 -0.00254405 -0.00375394
internal_weight=201673 188610 153283 27941.5 125341 27135.5 98205.6 13063 11795.7 35327.6 27813 13076.8 35288.6 27036.7 1833.05 12590.1 9735.71 128.57 13291.9 2543.5 2228.53 1747.03 3546.23 14736.2 3433.89 2304.8 84913.7 37840.3 28865.4 17606.2
internal_count=3063929 2857852 2343925 398506 1945419 321034 1624385 206077 178815 513927 397142 194637 513749 320893 26335 188885 151769 1364 137271 25943 24043 19593 33887 202505 41558 30463 1487114 852670 635602 365570
is_linear=0
shrinkage=0.03


Tree=185
num_leaves=31
num_cat=0
split_feature=75 25 75 39 2 75 27 19 70 17 6 7 7 7 7 7 72 7 7 7 38 31 6 5 5 12 7 48 69 75
split_gain=195.006 58.6305 57.9763 40.9063 38.7067 37.3941 45.3469 44.4567 40.394 47.0865 34.6453 38.2764 59.9023 47.8635 39.5632 37.9288 39.5786 45.3534 46.3126 34.8524 34.8381 34.3221 34.0679 44.5458 39.1447 34.0102 32.9312 31.7844 31.7279 40.5529
threshold=0.068344764411449446 0.37446653842926031 0.031541910022497184 0.31061333417892462 -0.96714979410171498 0.17423701286315921 0.8442915976047517 1.0955814719200136 -7.4950941097995372e-07 0.37446653842926031 0.071044389158487334 0.24802097678184512 0.25196833908557897 0.16106364876031878 0.25114947557449346 0.41381865739822393 0.16307646781206134 0.25770837068557745 0.073396276682615294 0.41146926581859594 1.0000000180025095e-35 0.93735873699188244 0.39262773096561437 1.4283766150474551 1.4598793983459475 0.58756005764007579 -0.42728467285633082 0.43366721272468572 -0.19780746847391126 0.13405834883451465
decision_type=2 2 2 2 2 2 2 2 2 2 2 2 2 2 2 2 2 2 2 2 2 2 2 2 2 2 2 2 2 2
left_child=2 3 -1 5 -3 6 -2 22 9 -8 11 13 14 26 -13 16 -12 18 -18 -19 27 25 24 -24 -7 -6 -5 -20 -10 -30
right_child=1 4 -4 10 21 7 8 -9 28 -11 15 12 -14 -15 -16 -17 17 19 20 -21 -22 -23 23 -25 -26 -27 -28 -29 29 -31
leaf_value=0.0048080357526602904 -0.00027759505253041437 0.013768311784764908 0.001563183135874352 0.017306691887542507 0.00044437295564252898 -0.001571742340935091 0.036642305047475655 -0.039664482622551636 -0.013308440635808468 0.0074627708416638901 -0.00042120549603771483 0.005200281960243431 0.0010915302260505731 -0.002900788212939257 0.01730925478007533 0.0012385462777243068 -0.00057408841087024619 0.003067739436542065 -0.022315296242413778 -0.025539101838279319 -0.0064222230111552698 0.0057703739364024214 8.4959345586320056e-05 0.014034678333739324 -0.014963179965894909 0.012923450060778203 0.0018667314538641162 -0.0010542565379792373 -0.0085010557732386853 0.025561578590744507
leaf_weight=6330.2175885837569 33510.933889745938 202.83580741565675 22849.03208697326 123.66828349255957 27894.155757081753 58120.198899000738 77.94141812552698 23.297604648396373 87.274211056763306 135.1138295410201 18721.021702386934 551.45309493551031 1476.9628240798484 2366.4990284957457 439.34793659392744 9721.467317802133 1090.3219826377463 938.61652483095531 252.34309218818089 35.950848961423617 1591.6988197594183 1169.3010956153739 8025.8804395721672 207.47512362746056 193.26060926313221 193.98919571354054 5004.6900401032763 85.170910908491351 55.233856854494661 64.270549399312586
leaf_count=110760 461216 1069 324531 1043 283309 1019156 139 45 336 364 287696 2829 18040 36984 1810 147222 25800 20195 5805 783 57216 8782 170761 2082 11067 1121 60151 3328 200 89
internal_value=0 -0.000383972 0.00226785 -0.000635217 0.000834487 -0.000964893 -0.000154165 -0.00137802 0.009597 0.0186367 0.000146141 0.00169321 0.00493091 0.000624506 0.0106223 -0.000329041 -0.00100023 -0.00370992 -0.00552468 0.00190778 -0.00831327 0.000742796 -0.00136217 0.000443674 -0.00161722 0.000532547 0.00225313 -0.0170385 8.46161e-05 0.0100163
internal_weight=201540 172360 29179.2 142900 29460.3 100501 33930.8 66570.1 419.834 213.055 42399.2 9962.62 2467.76 7494.86 990.801 32436.6 22715.1 3994.1 3019.53 974.567 1929.21 29257.4 66546.8 8233.36 58313.5 28088.1 5128.36 337.514 206.779 119.504
internal_count=3063929 2628638 435291 2334357 294281 1665455 462344 1203111 1128 503 668902 120857 22679 98178 4639 548045 400823 113127 92149 20978 66349 293212 1203066 172843 1030223 284430 61194 9133 625 289
is_linear=0
shrinkage=0.03


Tree=186
num_leaves=31
num_cat=0
split_feature=75 55 19 75 26 72 73 75 75 7 7 7 22 15 5 26 7 6 20 7 22 38 73 64 6 2 32 64 74 72
split_gain=192.698 70.5516 50.484 38.535 36.0834 41.5606 49.9126 44.9888 54.7815 49.3601 107.464 40.1163 39.572 37.1264 39.6805 70.8013 33.7366 46.0765 31.9197 31.3196 31.2531 54.2347 49.5571 34.7898 67.9879 131.546 50.946 46.4986 68.2011 57.1639
threshold=0.048753544688224799 0.37446653842926031 0.14931328594684604 0.019111314788460735 0.22396993637084964 0.0064114949200302371 0.39286127686500555 0.40315496921539312 0.4107183068990708 0.22254069149494174 0.19591366499662402 0.23159939795732501 0.14931328594684604 1.0000000180025095e-35 1.0725580453872683 1.0000000180025095e-35 -0.5567856729030608 0.34941907227039343 0.70446783304214489 0.56438687443733226 0.14931328594684604 0.53458327054977428 0.042730914428830154 -0.99996706843376149 0.079629648476839079 0.072076920419931426 0.14931328594684604 -0.62771415710449208 0.028510562144219879 0.060529105365276344
decision_type=2 2 2 2 2 2 2 2 2 2 2 2 2 2 2 2 2 2 2 2 2 2 2 2 2 2 2 2 2 2
left_child=3 2 4 -1 5 6 7 -2 12 10 -10 -11 -9 14 -7 -16 17 -4 -18 -5 21 22 -6 24 -24 -26 -27 28 -25 -30
right_child=1 -3 16 19 20 13 -8 8 9 11 -12 -13 -14 -15 15 -17 18 -19 -20 -21 -22 -23 23 27 25 26 -28 -29 29 -31
leaf_value=0.0071586429149663828 -0.003295186514126231 0.0010116952611115789 0.0032852122958765989 0.0028658636342817402 -0.021289136969524884 -0.00055289929547555139 -0.0097807944057174759 0.041945028714350525 0.0028011097331266739 0.035419563952991444 -0.042622965293801392 0.0047813169766225431 0.0026265030197588812 0.0019877084410904987 -0.0026939878130229789 0.0051665537389123392 4.3173548076156048e-05 0.022405963308034679 0.0034263055303730425 -0.0043139701257167073 -0.00056058594690169014 0.023940855646315939 0.017092628834397397 -0.0082092753405718609 -0.024767617031565967 -0.00071173376210598095 0.030047342896873549 0.0028750073651391487 0.015458387675858514 -0.00090303232000053931
leaf_weight=1871.8214765394514 5796.588193297408 31675.086427860922 700.66549470252357 14044.639251900866 82.53272801078856 29090.069646963646 973.6671216962277 53.414202411659062 203.9355128594907 45.430225272662938 56.643357895780355 183.38802243652754 39.848909948254004 3367.2076034450438 19408.579248908289 1085.1504514064582 31066.87402828128 132.0466666839784 2726.8529388771858 565.01954850496259 51384.169818230948 92.344492209667806 349.74953715759329 1037.0168932508677 130.25548520870507 101.41448908345774 88.019865529611707 3796.7428729240492 232.72134766099043 1017.4777973796299
leaf_count=39698 39749 439259 6364 207735 129 593507 7323 64 1489 32 129 1074 185 33777 546488 27398 278398 1201 20180 7463 749123 801 384 2935 395 150 92 40364 562 17481
internal_value=0 -0.000277063 -0.000543497 0.00310789 -0.000837702 -0.00135223 -0.00346546 -0.00249531 0.00542276 0.00131519 -0.00755105 0.0113877 0.0259904 -0.00105846 -0.00126556 -0.00227662 0.000464184 0.00641527 0.000316669 0.00258678 -0.000305468 0.00158522 0.00126874 0.00155753 0.00802856 -0.00196257 0.0138829 0.000839949 -0.00253537 0.0021786
internal_weight=201399 184918 153243 16481.5 118616 60303.9 7352.92 6379.25 582.66 489.397 260.579 228.818 93.2631 52951 49583.8 20493.7 34626.4 832.712 33793.7 14609.7 58312.4 6928.28 6835.93 6753.4 669.439 319.69 189.434 6083.96 2287.22 1250.2
internal_count=3063929 2809033 2369774 254896 2063631 1251215 50045 42722 2973 2724 1618 1106 249 1201170 1167393 573886 306143 7565 298578 215198 812416 63293 62492 62363 1021 637 242 61342 20978 18043
is_linear=0
shrinkage=0.03


Tree=187
num_leaves=31
num_cat=0
split_feature=75 18 75 28 72 22 20 73 24 69 6 6 2 7 34 44 4 22 73 39 22 4 7 20 7 72 73 6 19 6
split_gain=189.334 68.5942 46.46 42.0096 38.6891 41.2462 34.4915 34.381 34.003 33.5353 33.2987 35.2734 42.488 55.0572 32.807 38.8078 32.3796 33.0805 41.3298 31.7061 30.6847 30.2987 40.3795 40.736 37.6135 28.4518 27.9721 44.6943 56.009 52.5113
threshold=0.057743679732084281 0.53458327054977428 0.021746934391558174 0.20707555115222934 0.20334322750568393 0.82597121596336376 0.70446783304214489 0.25875754654407507 0.37446653842926031 0.078845404088497176 0.39262773096561437 0.2937582284212113 -0.24492064863443372 0.27237541973590856 0.53458327054977428 0.98625800013542186 0.37498413026332861 0.35638883709907537 0.43224173784255987 0.50316895544528972 0.52258238196372997 0.52612900733947765 0.36528584361076361 1.0000000180025095e-35 0.24397265166044238 0.0038789685349911456 0.13023994117975238 0.095957152545452132 0.56404110789299022 0.14687036722898486
decision_type=2 2 2 2 2 2 2 2 2 2 2 2 2 2 2 2 2 2 2 2 2 2 2 2 2 2 2 2 2 2
left_child=2 3 25 10 6 7 14 -6 -5 -4 11 19 13 -13 -3 -16 17 18 -10 26 -19 22 -12 -24 -23 -1 -2 28 -28 -29
right_child=1 4 9 8 5 -7 -8 -9 16 -11 21 12 -14 -15 15 -17 -18 20 -20 -21 -22 24 23 -25 -26 -27 27 29 -30 -31
leaf_value=0.0032331756984149891 0.00059051796404961047 3.2822227664840713e-05 0.0026607239875832303 -0.00011251100700978005 -0.0083264035546557237 -0.015088796635860697 0.0030603581725896314 -0.00015733594123433034 0.028256571017607365 -0.00074076323622529743 0.00066800919386713058 -0.012978285898055655 -0.0020887129619650106 -0.0033316278452113417 0.0022945151350767089 -0.015451897718640369 0.0016037189505313822 -0.0036472985395568825 -0.014637892854513158 0.0016058617905072242 0.016368138325427155 -0.0035199431048128062 -0.01586015354214397 0.00013648879741733118 0.0063480546161269764 0.0095904327058260585 -0.0027301604730938533 0.0011405711982337334 0.011871937621744851 -0.0022938921424221839
leaf_weight=1272.4672084386184 5546.7493850935571 78770.730169595845 16454.798930720797 20738.589572685465 605.79955653466459 237.82396841188893 4019.9071467533358 1940.6570418927004 136.75204168097116 3095.7729595914352 3019.7055774095497 804.94449160422664 8715.8718188628991 1575.7684666639252 7912.5350344006438 108.47249290300533 931.36511469632387 155.70985049847513 20.912863590288907 3404.5433293670067 117.71624858421274 454.58334934076993 288.12256706977496 279.95889079989865 1437.7471805722453 1275.9747882177835 21657.032011361043 8449.9453550906182 235.03651975281537 7611.1215117299071
leaf_count=23343 40765 1164993 228786 304840 21081 6900 38293 33744 636 56386 62063 34145 175762 38728 105781 2020 8199 1396 107 41002 591 9632 11578 2231 16895 28730 339759 99775 1116 164652
internal_value=0 -0.000323153 0.0026197 -0.000936989 0.000238094 -0.00324258 0.000345 -0.00211252 0.00018928 0.00212184 -0.00132916 -0.00154038 -0.00306148 -0.00661145 0.000219046 0.00204638 0.00477316 0.0115327 0.0223178 -0.0011802 0.00506534 0.000905089 -0.000714265 -0.00802307 0.00397273 0.00642798 -0.00139848 -0.00168932 -0.00257104 -0.00048686
internal_weight=201277 179178 22099 85582.2 93595.9 2784.28 90811.6 2546.46 22101 19550.6 63481.1 58001 11096.6 2380.71 86791.7 8021.01 1362.46 431.091 157.665 46904.4 273.426 5480.12 3587.79 568.081 1892.33 2548.44 43499.9 37953.1 21892.1 16061.1
internal_count=3063929 2726684 337245 1353872 1372812 61725 1311087 54825 315769 285172 1038103 935704 248635 72873 1272794 107801 10929 2730 743 687069 1987 102399 75872 13809 26527 52073 646067 605302 340875 264427
is_linear=0
shrinkage=0.03


Tree=188
num_leaves=31
num_cat=0
split_feature=75 26 75 55 4 11 74 14 15 4 1 5 28 19 3 15 1 47 14 32 32 73 44 2 66 48 57 7 48 2
split_gain=186.797 56.843 55.1675 36.5026 36.094 35.8285 33.3857 31.0118 30.8275 31.2949 33.0729 32.1821 29.4882 27.2576 26.7774 26.7431 26.8765 26.0823 26.0792 25.7157 27.0147 24.9339 29.7353 25.4219 28.5452 24.7794 24.4678 23.8645 29.3037 26.5207
threshold=0.068344764411449446 0.42514967918396002 0.033184546977281577 0.31061333417892462 0.99878549575805675 0.37446653842926031 0.0021170956315472726 0.31061333417892462 0.31061333417892462 0.14931328594684604 0.50776728987693798 0.94469228386878978 1.0000000180025095e-35 0.56404110789299022 0.14063315838575366 0.70072525739669811 0.020187474787235263 1.0708907246589663 0.78919351100921642 1.1562998890876772 0.99669164419174205 0.72350609302520763 0.71621036529541027 -0.30714167654514307 -0.52947470545768727 0.20707555115222934 1.4409053325653078 -0.4054999947547912 0.48623421788215643 0.055105792358517654
decision_type=2 2 2 2 2 2 2 2 2 2 2 2 2 2 2 2 2 2 2 2 2 2 2 2 2 2 2 2 2 2
left_child=2 3 6 4 8 13 -1 -4 9 11 27 -2 -12 17 -13 -8 -17 18 19 20 21 23 -23 24 -3 -10 -21 28 -11 -30
right_child=1 5 7 -5 -6 -7 15 -9 25 10 12 14 -14 -15 -16 16 -18 -19 -20 26 -22 22 -24 -25 -26 -27 -28 -29 29 -31
leaf_value=0.0024983715486806574 -0.0013032712996591282 0.0015936345384883991 0.00074549371474910058 0.00048070190154668447 -0.027765529906428509 0.013658403205493186 0.0063026803599696918 0.0032148432388594177 0.0049302859719666308 0.0020140915599220592 -0.0013726285868117059 -0.0013524044815837652 -0.0081532212448427056 0.0038633286927185432 -0.0051494751808590514 0.039643115261346583 -0.018448305173504164 -0.0048522662418473399 0.0031537303820716846 0.020809744193677676 -0.004269891140018303 0.0026946411859289747 0.017143763661427204 0.00028151379928954856 -0.004468765249008049 -0.0028549367442611147 0.0037060142341955719 -0.00078684652447766725 0.00083508434829994665 -0.0052071353684547631
leaf_weight=3638.264061013906 22289.482331330582 1032.4310962455347 15448.475297527024 18225.335985272715 41.276097710477188 179.24574092961848 3451.7131298379245 6507.0629034459998 1367.9337556133978 6220.4894072160896 1416.8433582383732 2786.9604897260724 974.77025022064481 1936.1826719522942 4200.5398755626957 34.37409151243628 6.2044264338910571 884.97475795121863 2782.6589923030697 81.606253529433161 1244.3375262172194 1025.4391616263893 143.17752825655043 43387.873634214542 2143.7759272694821 499.01148181350436 664.57235744222999 55863.701816583372 1528.3987257304543 1135.9738086066645
leaf_count=50470 247146 11730 237344 273167 671 1021 71633 75026 12702 112102 39753 40277 30867 14553 92436 695 123 14287 19397 983 18810 13279 817 519298 34016 4887 9107 1065418 26412 25502
internal_value=0 -0.000375903 0.00222338 -0.000752211 -0.000980797 0.000414176 0.0045157 0.001478 -0.000968373 -0.00104238 -0.000685299 -0.00186091 -0.00414713 0.000370202 -0.0036373 0.0066108 0.0298017 0.000243162 0.000329493 0.000171109 8.65759e-05 0.000200587 0.00452121 9.16765e-05 -0.00249723 0.00284533 0.00568356 -0.000557112 0.000886545 -0.00174332
internal_weight=201143 172057 29086.1 116551 98325.4 55506.3 7130.56 21955.5 98284.1 96417.2 67140.2 29277 2391.61 55327 6987.5 3492.29 40.5785 53390.8 52505.9 49723.2 48977 47732.7 1168.62 46564.1 3176.21 1866.95 746.179 64748.6 8884.86 2664.37
internal_count=3063929 2628638 435291 1971340 1698173 657298 122921 312370 1697502 1679913 1300054 379859 70620 656277 132713 72451 818 641724 627437 608040 597950 579140 14096 565044 45746 17589 10090 1229434 164016 51914
is_linear=0
shrinkage=0.03


Tree=189
num_leaves=31
num_cat=0
split_feature=75 17 59 4 20 48 36 9 44 38 74 75 3 36 7 6 2 2 15 28 9 6 7 7 16 24 7 73 75 36
split_gain=184.629 78.9812 45.7242 38.9731 46.1674 35.8579 35.7363 33.3363 33.3044 33.4056 33.0274 37.1169 30.9756 30.925 31.0377 30.8756 30.7405 28.8614 28.3698 27.6489 27.6024 28.912 41.0654 48.8459 46.8681 40.2578 38.3368 42.577 37.1288 37.5317
threshold=0.043264959007501609 0.56247621774673473 0.37446653842926031 0.20707555115222934 0.20707555115222934 1.0045120120048525 0.84844553470611583 0.42766661942005163 0.68099015951156627 0.37446653842926031 0.0021170956315472726 0.021746934391558174 0.3667097687721253 1.6144652962684634 -0.059700617566704743 -0.068280834704637514 0.53733056783676159 -0.28128911554813379 1.0000000180025095e-35 0.20707555115222934 1.0000000180025095e-35 0.11371505632996561 0.2232090309262276 0.21948949247598651 0.22396993637084964 0.22396993637084964 0.20552932471036914 0.30822373926639562 0.2626007497310639 0.20707555115222934
decision_type=2 2 2 2 2 2 2 2 2 2 2 2 2 2 2 2 2 2 2 2 2 2 2 2 2 2 2 2 2 2
left_child=10 2 3 4 7 8 -5 20 16 -10 -1 -12 17 14 15 -3 -4 -6 -17 -19 -2 22 23 25 28 26 -22 -28 29 -24
right_child=1 13 5 6 12 -7 -8 -9 9 -11 11 -13 -14 -15 -16 18 -18 19 -20 -21 21 -23 24 -25 -26 -27 27 -29 -30 -31
leaf_value=0.001844988071314799 -0.0020627237034692783 0.01753066922426488 0.00046042289774153567 -0.00030801565330652701 0.01520938759366933 -0.0034752327771064386 -0.0040127156068021849 0.011914069090632745 1.5421088278102178e-05 0.0059038893255448557 0.0098676937910858326 0.0039043146162889833 -0.0045887601534089235 0.026711792607266222 0.0008028511660742823 -0.00016801130920780671 -0.0065386449567532111 -0.00032121244887234508 0.0076573859608906484 0.004209607817771 -0.0045818956983515171 -0.0017274902595860978 -0.010779641062555759 0.029696932485410252 -0.026644012722965283 0.012578228829255852 -0.047424682223799836 -0.0041504425225458077 -0.021355245210684815 0.0087532235390811747
leaf_weight=6078.1807184108111 24467.472708110508 153.72799673629925 28897.024783848887 75154.56933498432 112.45412259735167 2003.1176241642388 2415.1658222488477 143.98143401788548 1510.8998910997761 2035.7442657727515 1123.2443608316171 5775.4412473171396 1261.1651903842576 38.209675366058946 33324.218975981436 861.69666395994136 571.97573697281769 10516.826995092386 801.55457687802846 1365.9246269058203 423.67307546123629 1058.0011892212788 235.98645065817982 35.058388192206621 176.2324321102351 95.357736364938319 39.66743459366262 40.558100224938244 145.79529643757269 136.41314434818923
leaf_count=74257 388532 1620 423917 1220304 998 35907 68433 685 24544 21566 26110 105710 13551 178 487414 15946 11740 87781 8769 7862 8028 23946 1316 45 192 298 82 95 3534 569
internal_value=0 -0.000238895 -0.000533902 -0.00081679 -0.00157419 0.000417762 -0.000423622 -0.00228602 0.000654485 0.00339946 0.00346037 0.00488108 -0.000123859 0.0010426 0.00101152 0.00482601 0.000323554 0.000346575 0.00360983 0.000200469 -0.00236409 -0.00544298 -0.00838397 -0.00282893 -0.0134064 -0.00492354 -0.00831741 -0.0268369 -0.00872627 -0.00359565
internal_weight=200999 188022 152843 117824 40254.6 35018.8 77569.7 26998.2 33015.6 3546.64 12976.9 6898.69 13256.4 35179.4 35141.2 1816.98 29469 11995.2 1663.25 11882.8 26854.2 2386.74 1328.74 634.315 694.427 599.256 503.899 80.2255 518.195 372.4
internal_count=3063929 2857852 2343925 1826251 537514 517674 1288737 427322 481767 46110 206077 131820 110192 513927 513749 26335 435657 96641 24715 95643 426637 38105 14159 8548 5611 8503 8205 177 5419 1885
is_linear=0
shrinkage=0.03


Tree=190
num_leaves=31
num_cat=0
split_feature=75 18 75 28 72 73 11 24 36 58 73 26 3 6 5 6 6 70 73 7 75 64 18 6 2 7 1 7 7 6
split_gain=181.9 63.8871 45.7705 37.8458 35.4733 36.1674 33.2696 31.7406 30.9011 30.675 38.1414 39.0307 30.3169 29.8542 32.6329 46.1522 51.4628 43.3413 55.9687 39.7721 39.252 30.0326 35.464 29.7515 37.674 46.675 29.8218 60.5918 40.2038 59.517
threshold=0.0591396912932396 0.53458327054977428 0.023934200406074527 0.20707555115222934 0.20334322750568393 0.25875754654407507 0.37446653842926031 0.37446653842926031 1.6144652962684634 0.22396993637084964 0.3283675909042359 0.66838845610618602 0.025666924193501476 0.39262773096561437 1.2528748512268069 0.075978700071573271 0.16369000077247622 -0.06047676503658294 0.66765889525413524 0.16394744068384173 0.60772231221199047 0.95094034075737011 0.22396993637084964 0.2937582284212113 -0.24492064863443372 0.27237541973590856 -0.13800106942653653 0.019602499902248386 0.24116761237382892 1.0000000180025095e-35
decision_type=2 2 2 2 2 2 2 2 2 2 2 2 2 2 2 2 2 2 2 2 2 2 2 2 2 2 2 2 2 2
left_child=2 3 12 13 6 -6 8 -5 -3 10 11 -9 -1 14 23 19 17 18 -17 -16 21 -19 -23 26 25 -25 27 -2 29 -29
right_child=1 4 -4 7 5 -7 -8 9 -10 -11 -12 -13 -14 -15 15 16 -18 20 -20 -21 -22 22 -24 24 -26 -27 -28 28 -30 -31
leaf_value=0.0074758431237414756 0.00056079725922096439 0.00028514762299460369 0.001972882298338662 -0.00013844468038540369 -0.0089973131288121639 -0.0011183546275722602 0.013682743720068207 0.028993542133463536 0.022200731555183612 0.0003504592617747603 3.2298807252478013e-05 0.0085141376203189557 0.0006514074977908423 0.00082588449258179744 -0.0024080497350602022 0.036299029924936686 -0.006823737369049271 0.00090878852214068334 -0.025602597654989057 -0.01352101218323617 -0.012274289099729713 0.038196345549974496 0.0016807521811857307 -0.012291973055652406 -0.0017794620418811989 -0.0031302728484374309 -0.00049710150802460005 0.00027666211959108964 -0.00035615385314178899 -0.0074684447902798323
leaf_weight=2437.2272501666448 4069.348899096105 89703.659634060677 19712.49157140743 20686.499514357682 699.60478539968608 2070.873387798958 163.50046760868281 121.87069460330531 53.948061342351139 724.99646310368553 244.35351508483291 269.87548668542877 773.87591353988682 5479.1149214804173 492.2738417245273 57.504973333328962 1154.3588288365572 1286.2277843467309 13.542872837337198 712.00931091734674 189.96852999582188 39.885713173018303 54.115047400176991 743.99813864415046 8171.2578797720198 1530.9495020931936 32610.25874143203 1186.3513733762666 1872.9493040930247 3589.6663676475873
leaf_count=51732 75023 1298569 286088 304443 25139 36586 989 173 432 8036 1261 1459 12182 102305 17173 374 47929 18593 755 20322 10080 436 823 29810 157886 36849 409400 22994 39505 46583
internal_value=0 -0.000323962 0.00251506 -0.000916426 0.000221233 -0.00311968 0.000324351 0.000153697 0.000299359 0.00458448 0.00937084 0.0151252 0.00583541 -0.00128948 -0.00149022 -0.00410388 -0.00198108 0.00143055 0.0237039 -0.00900511 0.000362197 0.00213512 0.0181473 -0.00129543 -0.00273255 -0.0061448 -0.000948629 -0.00232127 -0.00408513 -0.00554502
internal_weight=200917 177993 22923.6 85301.4 92691.6 2770.48 89921.1 22047.6 89757.6 1361.1 636.1 391.746 3211.1 63253.8 57774.7 3999.89 2795.6 1641.24 71.0478 1204.28 1570.2 1380.23 94.0008 53774.8 10446.2 2274.95 43328.6 10718.3 6648.97 4776.02
internal_count=3063929 2713927 350002 1352212 1361715 61725 1299990 315372 1299001 10929 2893 1632 63914 1036840 934535 116485 78990 31061 1129 37495 29932 19852 1259 818050 224545 66659 593505 184105 109082 69577
is_linear=0
shrinkage=0.03


Tree=191
num_leaves=31
num_cat=0
split_feature=75 17 47 20 3 70 61 69 14 72 15 7 6 36 74 75 26 51 56 20 71 36 64 6 22 7 7 15 73 61
split_gain=179.59 76.297 45.4308 37.4256 57.6965 41.7116 34.6799 33.4887 32.8705 32.1336 31.6863 29.1516 29.3564 28.8341 27.9731 29.6256 27.1249 26.5047 33.8446 32.3692 24.479 24.3081 23.9523 38.4962 45.8876 50.1404 43.3679 63.327 60.7316 58.5611
threshold=0.043264959007501609 0.56247621774673473 0.22396993637084964 1.0470444560050967 0.11798181384801866 0.00019866773800458762 -1.1736065149307249 1.0000000180025095e-35 0.50316895544528972 0.85128122568130504 0.70072525739669811 -0.059700617566704743 -0.068280834704637514 1.6144652962684634 0.0021170956315472726 0.021746934391558174 0.46720869839191442 1.2450425624847414 0.87785851955413829 0.2834331095218659 -0.21415325999259946 1.1792309880256655 -0.9832119047641753 0.12037084996700288 1.2673993706703188 0.23433564603328708 0.2522247731685639 1.0000000180025095e-35 0.065027963370084776 -0.090911317616701112
decision_type=2 2 2 2 2 2 2 2 2 2 2 2 2 2 2 2 2 2 2 2 2 2 2 2 2 2 2 2 2 2
left_child=10 2 3 8 7 -6 -4 -5 9 21 14 12 -3 -13 20 -16 -14 18 -8 -20 -1 22 23 24 25 -2 27 -27 -29 -30
right_child=1 11 6 4 5 -7 17 -9 -10 -11 -12 13 16 -15 15 -17 -18 -19 19 -21 -22 -23 -24 -25 -26 26 -28 28 29 -31
leaf_value=0.029580211278861099 -0.00051375207384165211 0.017171523718356015 0.016045133546549753 0.0034119659651520129 0.025816018265721979 -0.0027270929279510185 0.00018450311997735176 -0.02348934299615732 0.0007027089897544117 -0.0078265211671235037 0.026285765202226426 0.00079134279887466412 0.0014977408314098639 0.025764576578859406 0.0091014220060948777 0.0037540046723893781 0.010760389554590022 -0.0039215299716324785 0.0011300812329004333 0.0062454535414771858 0.0016901334877055195 -0.0050135094220772084 -0.0011033673073064833 -0.0011288948638689788 0.029423223106719291 0.0023511369764072591 -0.00028556076115912848 -0.017473846543109069 0.00046069468221188794 0.017709120824534366
leaf_weight=24.495501241763122 6359.0172215951898 152.42647785996087 125.73579641198739 167.28396814316511 167.91413583047688 61.602146284654737 21722.462609818336 51.055439589545131 11825.963100190856 606.21976040936715 50.436996505028219 33293.838144578767 1295.7795773679973 37.678458451293409 1114.7936429618858 5758.3318583584478 361.85031488572713 1166.2725025758555 3131.7657242115238 1727.8355046628276 6004.183416972548 1288.4386376650073 87168.30704031419 12858.71051514073 48.017126703169197 1653.3902525732992 1556.5557554533007 56.616561688482761 233.45437614805996 740.61915660277009
leaf_count=104 65964 1620 1364 296 172 159 314304 160 106593 39027 1253 487414 21466 178 25683 105319 3249 21902 45408 15528 73718 28844 1478363 196518 77 6076 21340 66 587 1177
internal_value=0 -0.000235602 -0.000525642 -0.000770149 0.00784749 0.0182203 0.000569255 -0.00316768 -0.000801463 -0.000959543 0.00341618 0.00102463 0.00472891 0.000822796 0.00331831 0.00462678 0.00354346 0.000496665 0.000691241 0.00295342 0.00182374 -0.000922043 -0.000874191 -2.41081e-05 0.00130959 0.00117076 0.00369593 0.00600354 0.0118265 0.0135986
internal_weight=200811 187859 152717 124843 447.856 229.516 27874.1 218.339 124395 112569 12952.2 35141.6 1810.06 33331.5 12901.8 6873.13 1657.63 27748.3 26582.1 4859.6 6028.68 111963 110675 23506.4 10647.7 10599.7 4240.64 2684.08 1030.69 974.074
internal_count=3063929 2857852 2343925 1945419 787 331 398506 456 1944632 1838039 206077 513927 26335 487592 204824 131002 24715 397142 375240 60936 73822 1799012 1770168 291805 95287 95210 29246 7906 1830 1764
is_linear=0
shrinkage=0.03


Tree=192
num_leaves=31
num_cat=0
split_feature=17 73 20 4 5 9 16 66 29 59 18 73 18 6 6 6 7 7 52 32 7 38 22 64 2 4 28 6 7 5
split_gain=168.078 54.2651 55.3717 46.0429 45.0705 40.8585 38.466 37.5875 34.3148 33.8784 32.4645 46.251 30.7163 46.1992 40.0798 53.2732 37.0741 41.9429 50.6583 52.875 43.7442 41.0296 37.5067 41.9401 48.6865 46.7652 49.1324 44.3074 39.336 34.6237
threshold=0.63123199343681347 0.11768365278840066 1.0470444560050967 0.3114724606275559 1.4598793983459475 0.40253517031669622 0.65050083398818981 0.014145310036838056 1.0000000180025095e-35 0.63123199343681347 0.50316895544528972 0.3437334150075913 0.42514967918396002 0.30568799376487737 0.40777969360351568 0.40407723188400274 0.10900222510099412 0.18439561128616336 0.20707555115222934 0.53307747840881359 0.50203856825828563 0.63123199343681347 1.0000000180025095e-35 -0.88598942756652821 -0.088217869400978075 0.43366721272468572 0.37498413026332861 0.2937582284212113 0.2164474353194237 0.89779722690582286
decision_type=2 2 2 2 2 2 2 2 2 2 2 2 2 2 2 2 2 2 2 2 2 2 2 2 2 2 2 2 2 2
left_child=1 7 3 4 5 9 -2 8 -1 -3 11 -4 14 -14 15 16 -5 21 20 22 -19 -18 23 28 29 27 -27 -26 -20 -25
right_child=6 2 10 12 -6 -7 -8 -9 -10 -11 -12 -13 13 -15 -16 -17 17 18 19 -21 -22 -23 -24 24 25 26 -28 -29 -30 -31
leaf_value=0.00064277225166170754 0.0018385903550716806 -0.0015408810158630333 -0.023674169736960834 0.00063129113984866886 -0.014201414075055749 0.0066601271987186215 0.0053961436370252702 -0.0020241821483142782 0.0040915770254969794 0.00047659246983309069 0.018470320452913049 0.019438413237758915 0.0014244523702447167 -0.00046484248185285181 0.003898861388935851 -0.018568247646633704 -0.0084952242867490785 -0.0042306930910284857 -0.042104974463943089 -0.0028114205466802755 0.0037709399499568589 0.019369923066958526 0.0017396708308136807 0.011632145015934259 0.033512993491364315 0.014705145844330669 -0.029937885570709834 -0.017044779663223382 0.0026170407090350639 -0.021783915068236407
leaf_weight=35869.910727551673 22419.640358925768 54504.71947544338 43.708570295013487 5701.5224635532795 236.61508257313835 587.0744751188904 3115.6259358738607 4427.142206770106 2796.1801121063181 8679.072523155628 210.33407102245837 38.241602747701108 19260.397262141865 29458.152807478007 1318.3708268375485 159.41425923581119 1232.1711924049305 5703.0450775315549 17.49057678761892 1905.3304451577133 685.45016964935348 45.674450862105004 1720.8713815800729 60.479948249761946 184.05679982947186 119.83535719363135 23.120990842144238 14.493201799457891 97.403980520393816 45.219405084964819
leaf_count=423803 361734 860305 103 110427 11595 3151 64137 80726 25063 128302 515 103 207166 504108 19139 8758 29097 138818 146 41093 13619 146 23557 1071 482 1494 345 662 1732 2532
internal_value=0 -0.000331524 -0.000633195 -0.000662338 -0.00123929 -0.00119024 0.00227361 0.000592764 0.00089269 -0.00126367 0.0123208 -0.0035352 -0.000117165 0.000282035 -0.00113902 -0.00151498 -0.00135568 -0.0023116 -0.0016892 0.000873709 -0.00336964 -0.00743838 0.00395076 0.010652 0.0147816 0.0202361 0.00683585 0.0295366 -0.00534071 -0.00289565
internal_weight=200681 175145 132052 131760 64007.5 63770.9 25535.3 43093.2 38666.1 63183.8 292.284 81.9502 67752.5 48718.6 19034 17715.6 17556.2 11854.6 10576.8 4188.3 6388.5 1277.85 2282.97 562.1 447.206 341.506 142.956 198.55 114.895 105.699
internal_count=3063929 2638058 2108466 2107745 1003353 991758 425871 529592 448866 988607 721 206 1104392 711274 393118 373979 365221 254794 225551 73114 152437 29243 32021 8464 6586 2983 1839 1144 1878 3603
is_linear=0
shrinkage=0.03


Tree=193
num_leaves=31
num_cat=0
split_feature=75 17 38 26 4 19 32 73 74 60 22 60 73 14 71 66 18 74 60 4 18 75 2 73 17 6 75 25 75 6
split_gain=175.451 79.87 40.3733 32.3245 32.3792 51.2375 32.4479 31.6792 31.1138 30.8678 50.2505 61.1316 80.2852 67.3773 71.5932 81.3151 81.5137 66.5586 45.6526 55.513 50.9188 65.1908 49.2893 48.555 54.6425 63.9269 56.1109 75.7316 42.9657 40.2588
threshold=0.039157260209321983 0.56247621774673473 0.37446653842926031 1.2433183789253237 0.20707555115222934 0.14931328594684604 0.77486258745193493 0.26349355280399328 0.0021170956315472726 0.14097986370325091 1.0000000180025095e-35 0.067706048488616957 0.061261773109436042 0.46720869839191442 -0.058651415631175034 0.044343512505292899 0.68507987260818493 0.080092586576938643 -0.083574946969747529 0.3354459702968598 0.50316895544528972 0.25578215718269354 0.078606612980365767 0.17072084546089175 0.37446653842926031 0.079629648476839079 0.094359815120697035 1.0000000180025095e-35 0.19568715989589694 0.069449018687009825
decision_type=2 2 2 2 2 2 2 2 2 2 2 2 2 2 2 2 2 2 2 2 2 2 2 2 2 2 2 2 2 2
left_child=8 2 3 4 5 -2 9 -7 -1 10 11 18 -13 14 17 16 -16 -14 19 20 21 22 -6 24 25 -20 -26 -28 -27 -21
right_child=1 -3 -4 -5 6 7 -8 -9 -10 -11 -12 12 13 -15 15 -17 -18 -19 23 29 -22 -23 -24 -25 26 28 27 -29 -30 -31
leaf_value=0.0020709193408655663 -0.0019461606162494269 0.0010414287367527658 0.00059054698516971345 -0.010422372450731004 -0.025407347604835422 0.0014128841407548454 -0.0034363695531802432 -0.0023005786671981103 0.005350609997630219 -0.0012323308285152898 -0.00019987035922675229 -0.057419810008571263 0.021478331564190784 -0.021719351635663266 -0.019248002004812984 0.018581477326833185 0.031219050373127007 -0.0010853810205283354 0.014777415760785281 -0.0012773222741587203 0.0098187389017735504 0.00035126125535778002 0.0028428075679286131 -0.0076294578583501974 0.007631549905978089 -0.0058908911606380806 -0.0015225154860937515 -0.027079504071611485 0.019649286161698719 0.010163828981555562
leaf_weight=5006.7681278839664 33140.978358740162 37056.144711941713 25048.504570089848 304.78585255827056 176.52758123283274 7900.3376918349386 2967.3954082794662 2795.5335895330645 5451.3615285850174 21043.53377725125 53357.559118726531 12.235862436704336 573.49558878596872 53.958585034124553 177.47476613341132 128.43740009434987 30.465400844812393 146.82566490219324 412.17440164322034 355.76845810911618 327.42660099873319 878.89696097884735 78.842358412453905 843.25665986642707 206.98414062149823 359.34902844787575 278.47726279310882 163.77873701043427 66.830742520745844 1219.7388585757726
leaf_count=64559 517789 543326 369206 5261 622 51947 75444 17909 105931 374563 845648 31 682 193 2912 1494 26 3014 493 9769 550 33843 279 14826 216 729 404 162 63 22038
internal_value=0 -0.000208148 -0.000510742 -0.0007263 -0.000702796 -0.00136352 -0.000357304 0.000441395 0.0037823 -0.000244133 0.000103314 0.00259487 0.00894822 0.00988685 0.0115808 0.000128777 -0.0113832 0.0168923 0.00125936 0.00368142 -0.000527671 -0.00354231 -0.0167588 -0.00189567 0.00136331 0.00641216 -0.00514865 -0.0111549 -0.00172992 0.00758074
internal_weight=200564 190106 153050 128001 127696 43836.8 83859.4 10695.9 10458.1 80892 59848.5 6490.95 1122.89 1110.66 1056.7 336.378 207.94 720.321 5368.05 3037.2 1461.69 1134.27 255.37 2330.85 1487.59 838.354 649.24 442.256 426.18 1575.51
internal_count=3063929 2893439 2350113 1980907 1975646 587645 1388001 69856 170490 1312557 937994 92346 8352 8321 8128 4432 2938 3696 83994 67101 35294 34744 901 16893 2067 1285 782 566 792 31807
is_linear=0
shrinkage=0.03


Tree=194
num_leaves=31
num_cat=0
split_feature=75 75 26 4 56 44 3 11 15 72 74 70 5 7 7 71 14 3 72 2 5 72 18 73 73 5 71 65 71 20
split_gain=172.565 50.9002 50.5422 34.5159 32.6662 30.014 29.2372 28.8975 28.7509 29.1731 28.4403 48.19 43.3509 47.4407 52.7886 31.5195 27.4326 27.2263 44.7045 51.9435 45.4564 26.6545 26.5805 44.1481 73.1887 62.8236 59.192 59.6284 57.0424 40.5132
threshold=0.068344764411449446 0.031541910022497184 0.42514967918396002 0.99878549575805675 0.79961621761322033 0.14931328594684604 0.025666924193501476 0.37446653842926031 0.31061333417892462 0.85128122568130504 0.00334585236851126 -0.036202039569616311 1.0752099156379702 -0.06856480240821837 0.21091862767934802 -0.027381685562431809 0.31061333417892462 0.40598230063915258 0.29948006570339208 0.14245180040597918 0.59014239907264721 0.0038789685349911456 0.31061333417892462 0.36053450405597692 0.3437334150075913 0.59953638911247265 -0.14421869814395902 -0.00020990192570025099 -0.0067697328049689523 0.14931328594684604
decision_type=2 2 2 2 2 2 2 2 2 2 2 2 2 2 2 2 2 2 2 2 2 2 2 2 2 2 2 2 2 2
left_child=1 6 3 4 8 -6 21 -4 9 10 11 15 -12 -14 -15 -2 -3 18 22 -20 -21 -1 23 24 25 26 27 -13 -28 -29
right_child=2 16 7 -5 5 -7 -8 -9 -10 -11 12 17 13 14 -16 -17 -18 -19 19 20 -22 -23 -24 -25 -26 -27 28 29 -30 -31
leaf_value=0.0033540400238712695 -0.0065589958978946169 0.00080430479660032871 0.00034563121629215622 -0.027564147777706112 -0.0019234307507254025 0.0022138606963966667 0.0017816205888619454 0.012468056103889196 0.0025105190439654447 -0.0078688307866774995 -0.00011362906570907861 -0.012433282859998555 0.0016991241343692258 -0.0047409670263331236 -0.0012541720618213631 -0.023892473314571217 0.0030898503536970659 -0.0037964984039017121 -0.0026256097757577004 -0.0077059745839668107 0.033768996009904011 0.0082834407269731826 -0.0017773432939340804 -0.0038842852782620275 0.018789227956188176 -0.0032303808072668685 -0.022128081089159455 0.036193400229528883 0.0041274056391851196 0.0040503532447143664
leaf_weight=1806.9160451767893 454.82806376554072 15959.081946854181 55170.687121680181 39.093878486426547 2136.6565418359241 5996.7004222118412 2232.5337493455736 173.5770236053504 2245.981148596562 536.62137621424336 53772.065423405322 39.913878296967596 3192.0895034104324 5465.4173448380898 13723.337794637016 117.58712173358072 6718.9732613262458 4006.8385202584323 121.90915293316357 28.990169732831419 99.28947526938282 2207.1055982724938 19082.252898730469 1405.6910545104183 224.67898670467548 1558.2445432060631 73.888068459345959 122.61470519332215 1701.2219697591063 50.911354255396873
leaf_count=29631 3544 246694 656277 686 42428 93574 35499 1021 20971 38392 1002297 308 83559 164859 323894 1158 77837 32089 1700 408 383 45630 135239 7351 730 10349 459 286 6368 308
internal_value=0 0.00214335 -0.000361446 -0.00071684 -0.000706817 0.00112602 0.00454089 0.000384631 -0.000844893 -0.000916272 -0.000880481 -0.00167846 -0.000575539 -0.0016849 -0.00224831 -0.0102686 0.00148208 -0.00150445 -0.00112901 0.0113859 0.0244124 0.00607113 -0.00126012 0.000645333 0.00233712 0.00127366 0.00480473 0.0195872 0.00298471 0.0270919
internal_weight=200466 28924.6 171541 116197 116158 8133.36 6246.56 55344.3 108024 105778 105242 29088.9 76152.9 22380.8 19188.8 572.415 22678.1 28516.4 24509.6 250.189 128.28 4014.02 24259.4 5177.16 3771.47 3546.79 1988.55 213.44 1775.11 173.526
internal_count=3063929 435291 2628638 1971340 1970654 136002 110760 657298 1834652 1813681 1775289 200680 1574609 572312 488753 4702 324531 195978 163889 2491 791 75261 161398 26159 18808 18078 7729 902 6827 594
is_linear=0
shrinkage=0.03


Tree=195
num_leaves=31
num_cat=0
split_feature=75 75 22 74 5 5 66 17 27 66 22 17 75 7 5 2 22 18 15 21 73 75 66 75 5 72 74 7 74 48
split_gain=169.342 64.7407 53.2413 50.1223 58.2756 52.5925 49.4893 44.382 41.3198 43.8422 37.3251 46.1002 35.0328 29.6911 28.9183 37.0833 43.0198 31.36 28.283 35.1893 63.5906 50.3105 40.387 46.9459 32.8063 47.9794 32.5109 30.7746 27.1099 26.9431
threshold=0.048753544688224799 0.17423701286315921 1.1162751317024233 0.065415475517511382 0.94469228386878978 0.97075381875038158 -0.48360253870487208 0.53458327054977428 0.3114724606275559 0.020323836244642738 1.078208386898041 0.22396993637084964 0.016084345057606701 0.56438687443733226 0.50335456430912029 -0.12886881828308103 0.3114724606275559 0.22396993637084964 1.0000000180025095e-35 1.0000000180025095e-35 0.086814779788255705 0.10986493900418283 -0.0064714471809566012 0.077392924576997771 1.0157828330993655 0.012688031885772945 0.020463615655899051 -0.06856480240821837 1.0000000180025095e-35 0.64691844582557689
decision_type=2 2 2 2 2 2 2 2 2 2 2 2 2 2 2 2 2 2 2 2 2 2 2 2 2 2 2 2 2 2
left_child=12 8 7 6 -5 -6 -4 10 9 14 -3 -12 -1 28 15 16 -2 -17 -16 20 21 22 -20 -24 25 -22 -27 -21 -14 -10
right_child=1 2 3 4 5 -7 -8 -9 29 -11 11 -13 13 -15 18 17 -18 -19 19 27 24 -23 23 -25 -26 26 -28 -29 -30 -31
leaf_value=0.0077935664920850932 -0.027641146523801886 -0.00084023403672800413 0.011720876698330739 -0.011115391802097089 0.041587535677816527 -0.0084403090592125914 -0.025967660778997394 0.0021108901538157247 0.0020264551045838458 -0.0022956783285550636 0.0336966743347826 0.00098889475554933006 0.001250939342408101 -0.0042050930431656065 6.2866899574381217e-05 0.01109186767341447 -0.0046641233761248284 -0.0010786376307728989 0.012098975953078999 0.0079952746053317467 0.021035763908457444 -0.030011224878306247 0.0095639809499764878 -0.039067153971345775 0.02071777890961074 -0.025547187385781382 0.010506042867651912 0.0010697912222103567 0.0038853550948002606 -0.0005505277276236898
leaf_weight=1230.0580334706538 91.521166067570448 103069.12714630879 34.406959866173565 151.2123735146597 41.237381828948855 30.306509195594117 202.30730328476056 4874.0106728085375 17764.188712054718 6764.3540005181858 58.683643710450269 103.15839076880366 6017.0002987786429 562.89133099489845 24563.862483678196 190.9068810204044 329.18064232636243 8451.7893261821009 136.56279560457915 604.64442588365637 73.323556776158512 48.475756593048573 31.867421350209042 33.007701086811721 297.98479926772416 51.554740344174206 34.682494168169796 11440.949600586202 8491.8456052727925 4590.8887810317101
leaf_count=27262 155 1714466 176 1175 88 799 1181 51773 184284 139926 516 806 62584 7548 436226 677 3625 66012 183 6734 97 75 142 68 368 150 68 146253 157502 53010
internal_value=0 -0.000259576 -0.000728776 -0.0108759 -0.000588705 0.021011 -0.0203671 -0.000685206 0.000415051 -4.0075e-05 -0.000817343 0.0134025 0.00293023 0.00253105 0.000288967 -0.00123053 -0.00988649 -0.000804278 0.000658229 0.00180423 0.00828958 -0.00382983 0.00291044 -0.0159455 0.0148948 0.00375208 -0.0111746 0.00142034 0.00279379 0.00149704
internal_weight=200366 184064 108564 459.471 222.756 71.5439 236.714 108105 75499.7 53144.7 103231 161.842 16301.8 15071.7 46380.3 9063.4 420.702 8642.7 37316.9 12753.1 707.459 249.914 201.438 64.8751 457.546 159.561 86.2372 12045.6 14508.8 22355.1
internal_count=3063929 2809033 1770980 3419 2062 887 1357 1767561 1038053 800759 1715788 1322 254896 227634 660833 70469 3780 66689 590364 154138 1151 468 393 210 683 315 218 152987 220086 237294
is_linear=0
shrinkage=0.03


Tree=196
num_leaves=31
num_cat=0
split_feature=17 47 15 34 32 9 53 6 14 3 20 4 19 4 66 65 1 2 70 36 32 6 47 6 36 9 64 20 6 70
split_gain=160.5 47.2498 43.6073 37.555 36.7793 35.6044 34.8798 32.5914 32.3104 33.8892 50.4316 45.3373 41.6894 36.9501 36.9403 36.057 40.9651 35.1444 33.3146 68.4011 31.4851 46.995 43.8828 62.8096 30.5367 29.3688 35.2932 37.4247 36.3652 28.7829
threshold=0.61035025119781505 0.22396993637084964 0.61035025119781505 0.46720869839191442 0.90670809149742138 0.9220290780067445 1.4587106108665469 0.22250916063785556 0.50316895544528972 0.049702063202857978 1.2361049652099612 0.14931328594684604 0.82300966978073131 0.74335461854934703 -0.0033185547217726703 -0.10455556958913802 -0.33382380008697504 -0.0043626865372061721 0.068916071206331267 0.57497692108154308 0.68376818299293529 0.40833660960197454 0.22396993637084964 0.43462137877941137 1.1792309880256655 0.44998097419738775 -0.51751914620399464 0.58018693327903759 0.11130322515964509 0.0014044487033970656
decision_type=2 2 2 2 2 2 2 2 2 2 2 2 2 2 2 2 2 2 2 2 2 2 2 2 2 2 2 2 2 2
left_child=1 8 5 4 -3 20 -6 -5 9 25 11 12 14 24 18 17 -17 -16 -11 -20 21 -2 -23 -24 -13 26 28 -28 -1 -18
right_child=2 3 -4 7 6 -7 -8 -9 -10 10 -12 13 -14 -15 15 16 29 -19 19 -21 -22 22 23 -25 -26 -27 27 -29 -30 -31
leaf_value=0.0046565048954949279 0.0017759378471816332 0.00040214347998793415 0.011272746960899993 0.0066876510697757019 -0.0067229757992663614 0.016780003006116193 0.0063653040931594225 0.0015766053811067803 0.00079379805894223235 -0.0016276306744551171 0.015229068157059964 -0.00059365417524400148 -0.027602323030304573 -0.0060466596282668502 0.019376999387256764 -0.014568965121343487 -0.0055309595904168823 -0.0045709971336460589 -0.00014489260121019996 0.035164063136939823 0.0033412605431742529 -0.0030432942493251718 -0.01567305403543014 0.015286563834427006 -0.0058848456863767589 0.0061445610488090729 -0.001057911940826941 0.0031857346637237994 7.4747882205564062e-05 -0.00053339794014885884
leaf_weight=2621.9232626451412 18937.092225245877 24224.469006613363 443.30092103680363 1410.3986311674234 1150.4261458148831 138.9192043869989 214.19933973473962 5490.0231949036533 13287.78358202496 11990.584839944277 167.41256160847843 75640.854498828863 55.017826079390943 1160.8741740811383 108.05863724334631 358.28957031320897 3648.2019963980856 105.70391168439528 180.67166609922424 63.802634050720371 8321.9680861764282 3235.4116953508928 72.47741374396719 257.8037566068233 990.84140896832105 717.41482855123468 17886.100328696921 2084.4363781088032 3842.7811093747441 1452.7521262981754
leaf_count=19553 288820 352722 9528 12356 22333 1363 2924 73750 118366 173096 117 1399930 210 22410 2132 11260 83956 2115 3318 350 133983 64317 2057 3993 25313 4426 143892 16122 41911 27306
internal_value=0 -0.000366297 0.00196912 0.0006617 0.000131717 0.00183433 -0.00465268 0.00262519 -0.00061127 -0.000763024 -0.00102788 -0.00105698 -0.00241541 -0.000743143 -0.00233163 -0.0043323 -0.00480747 0.0076478 -0.0014025 0.00946963 0.00176466 0.00118092 -0.00197637 0.00837303 -0.000662431 0.000172481 9.33146e-06 -0.000614204 0.00193542 -0.00411007
internal_weight=200260 168853 31407 32489.5 25589.1 30963.7 1364.63 6900.42 136364 123076 95923.1 95755.7 17963.1 77792.6 17908.1 5673.01 5459.24 213.763 12235.1 244.474 30824.8 22502.8 3565.69 330.281 76631.7 27152.7 26435.2 19970.5 6464.7 5100.95
internal_count=3063929 2559868 504061 464085 377979 494533 25257 86106 2095783 1977417 1751513 1751396 303743 1447653 303533 126769 122522 4247 176764 3668 493170 359187 70367 6050 1425243 225904 221478 160014 61464 111262
is_linear=0
shrinkage=0.03


Tree=197
num_leaves=31
num_cat=0
split_feature=75 18 75 28 72 22 27 34 48 52 6 1 69 51 6 69 69 6 6 74 73 6 73 24 22 73 22 1 66 6
split_gain=164.978 58.9989 39.9011 34.8134 32.9047 38.0001 31.4865 30.6851 37.6894 29.1055 36.4036 49.6564 74.5586 48.4679 35.025 43.7072 28.9797 28.4087 30.5613 28.4472 28.3744 28.2996 27.6076 41.7628 53.9292 38.0081 45.0985 36.038 34.5858 31.5119
threshold=0.05646942742168904 0.53458327054977428 0.023934200406074527 0.20707555115222934 0.20334322750568393 0.82597121596336376 0.66012796759605419 0.53458327054977428 1.0256325602531435 0.48623421788215643 0.3808619230985642 0.50776728987693798 -0.99999937415122975 1.0000000180025095e-35 0.10889055579900743 0.99510902166366588 0.11400058493018152 0.39262773096561437 0.2937582284212113 0.14829488098621371 0.25875754654407507 0.33931246399879461 0.27078093588352209 0.37446653842926031 0.35638883709907537 0.30822373926639562 1.0000000180025095e-35 -0.55911791324615467 -0.18934464454650876 0.13976801186800006
decision_type=2 2 2 2 2 2 2 2 2 2 2 2 2 2 2 2 2 2 2 2 2 2 2 2 2 2 2 2 2 2
left_child=2 3 -1 17 7 20 9 -3 -9 10 11 22 -13 14 15 -14 -4 18 -2 -20 -6 -11 23 -5 -25 26 -24 -27 -26 -29
right_child=1 4 16 6 5 -7 -8 8 -10 21 -12 12 13 -15 -16 -17 -18 -19 19 -21 -22 -23 25 24 28 27 -28 29 -30 -31
leaf_value=0.005615149964831141 -0.0010856522086055494 0.00014514292174214335 0.0024714475340007242 0.001988564092091472 -0.0076735904349281734 -0.014551420760702795 0.0047896352673600547 0.0024429274564837906 -0.0079315701674427582 9.4636305687189652e-05 0.0043825391174037217 0.032107301128706127 -0.028791019119819107 0.0042257478014977165 -0.0078432401426465521 0.026737273065298529 -0.00089192616109102271 0.00083654392913885302 -0.0020979531059306098 -0.0059744520203791583 -0.0001625115583424044 -0.0034639081238425724 -0.027427651606431853 0.034453041119190564 0.020832329483439587 -0.0078447454310713472 -0.0042223904033149677 0.002626508890671743 -0.021162872853739759 -0.0024087788038502679
leaf_weight=3165.8263183389063 46712.288402939812 82583.108352674142 15179.159338350801 3507.3809666380985 587.68632771997363 230.91800933668856 1242.9631864062976 8137.3241928182542 323.83200358611066 4419.9267864268913 2099.3993871552084 34.686674957163632 184.02636775074643 139.53898494935129 230.22382805970847 10.541893767367581 2714.136330987938 5489.4505905498954 8887.1031526268634 2109.5054511023773 1932.6766004679375 3682.87549530252 80.239590820041485 78.114881435409188 28.249813493806869 447.91934174590278 753.13881651399424 3445.7692379880609 34.985040835104883 1650.8878239346232
leaf_count=63914 687914 1207417 211793 35176 21081 6900 10351 108208 5552 59857 29298 54 4110 2299 6350 114 49858 102523 155089 93801 33744 75946 719 122 156 7189 10210 41087 283 32814
internal_value=0 -0.000295412 0.00251145 -0.000866532 0.000223758 -0.00300604 0.000159019 0.000321537 0.00204177 -0.000117976 0.000776619 6.23664e-05 -0.00829835 -0.0109983 -0.0160025 -0.0252818 0.00196094 -0.00122475 -0.00142094 -0.0028439 -0.00192508 -0.00152314 0.000565414 0.00264542 0.0184102 -0.000624735 -0.00658236 0.000274016 -0.0022116 0.000994007
internal_weight=200124 179065 21059.1 85269.2 93795.5 2751.28 22070.9 91044.3 8461.16 20827.9 12725.1 10625.7 599.018 564.331 424.792 194.568 17893.3 63198.3 57708.9 10996.6 2520.36 8102.8 10026.7 3648.73 141.35 6377.95 833.378 5544.58 63.2349 5096.66
internal_count=3063929 2738364 325565 1355462 1382902 61725 316135 1321177 113760 305784 169981 140683 12927 12873 10574 4224 261651 1039327 936804 248890 54825 135803 127756 35737 561 92019 10929 81090 439 73901
is_linear=0
shrinkage=0.03


Tree=198
num_leaves=31
num_cat=0
split_feature=75 18 75 73 20 3 28 51 55 36 73 74 6 75 64 2 7 5 36 28 4 18 75 6 36 5 22 2 64 74
split_gain=162.998 48.6501 48.5852 37.6648 33.0397 31.3998 30.5572 29.537 43.2919 28.72 31.9966 44.9822 52.2741 38.1798 68.4391 47.3544 36.4712 40.6851 31.5672 46.1094 51.941 48.2523 45.6584 39.1856 41.8809 43.2787 30.4599 29.788 45.7424 27.7442
threshold=0.068344764411449446 0.53458327054977428 0.031541910022497184 0.071496199816465392 0.65530428290367138 0.24178419262170794 0.20707555115222934 1.2415822744369509 0.58756005764007579 0.59953638911247265 0.36387464404106146 0.05974503047764302 0.2570874840021134 0.38261352479457861 -0.907963067293167 0.35044260323047643 0.12566142529249194 1.2288433909416201 0.55233678221702587 0.3114724606275559 0.43366721272468572 1.0000000180025095e-35 0.44336952269077307 0.37380348145961767 0.24964435398578647 1.0315482616424563 0.14931328594684604 -0.0081034838221967203 -0.99567797780036915 0.0021170956315472726
decision_type=2 2 2 2 2 2 2 2 2 2 2 2 2 2 2 2 2 2 2 2 2 2 2 2 2 2 2 2 2 2
left_child=2 3 29 5 7 -2 -5 8 -3 10 27 12 13 14 -12 26 -15 -18 23 -20 21 22 -21 24 25 -13 -16 -8 -29 -1
right_child=1 4 -4 6 -6 -7 9 -9 -10 -11 11 18 -14 16 15 -17 17 -19 19 20 -22 -23 -24 -25 -26 -27 -28 28 -30 -31
leaf_value=0.00245792096159977 0.0025584900713421315 -0.00018749863317710265 0.00144201343129558 -0.0013173129674629673 0.0024642331558826468 0.038627638227435937 -0.00031102925540438822 -0.005099736663883029 0.0019905702858221326 -0.0009980810592947083 -0.023917432403590823 0.0011559407324747686 0.0026906131843510918 -0.0027582522928697542 0.024221512995276626 -0.030324611893637728 -0.020374349897914697 0.01171702717615177 -0.011791669977309342 -0.021614769406447083 -0.011605846327694671 0.0090520077451595026 0.0385858090166546 0.0064231142968448566 -0.0034677076838035875 0.032525002077880838 0.0022717428108115314 0.012288636732290293 0.0029204198732371519 0.0064794403788195733
leaf_weight=3148.1068369706118 2293.6624212541064 71619.649296366944 22594.37808064813 60435.050522771999 5197.7003513511736 17.976119773462415 1745.1448077335954 1006.1178837415355 9272.7001634294575 11704.265578966049 81.009403094649315 117.57490962505108 550.14740411331877 219.3798337278422 93.198157415725291 23.537418188527226 416.55035289213993 36.102165788528509 82.919366775837261 10.025261752773075 66.591273433412425 252.54210828908253 102.80416540722945 659.53143156446458 1724.4928850349534 56.159733761334792 140.73967645596713 563.43370523804333 2749.473993851163 3050.6044606725336
leaf_count=46613 18849 1097658 324531 1013910 50304 32 21048 18117 120787 190689 531 2073 4470 2020 192 211 2576 181 1949 190 994 2373 1494 9432 39694 1930 832 2935 23167 64147
internal_value=0 -0.000351174 0.00208826 -0.000865628 0.000145797 0.00290716 -0.000972397 -1.40103e-06 6.22041e-05 1.72135e-06 0.00120956 -0.000590562 -0.00473224 -0.00877252 -0.000527529 0.00706773 -0.012891 -0.0177248 0.00151505 0.00826199 0.0121947 0.0166234 0.0326414 0.000144338 -0.00204375 0.0118251 0.0112954 0.00285857 0.00452795 0.00444068
internal_weight=200032 171238 28793.1 84142.3 87096.2 2311.64 81830.7 81898.5 80892.3 21395.6 9691.36 4633.31 1560.66 1010.52 338.485 257.475 672.032 452.653 3072.64 514.882 431.963 365.372 112.829 2557.76 1898.23 173.735 233.938 5058.05 3312.91 6198.71
internal_count=3063929 2628638 435291 1341772 1286866 18881 1322891 1236562 1218445 308981 118292 71142 11013 6543 1766 1235 4777 2757 60129 7000 5051 4057 1684 53129 43697 4003 1024 47150 26102 110760
is_linear=0
shrinkage=0.03


Tree=199
num_leaves=31
num_cat=0
split_feature=17 73 18 29 65 23 50 66 6 6 73 3 18 17 3 21 18 18 4 2 18 69 72 73 27 56 56 12 3 32
split_gain=154.95 49.1226 40.5354 39.5084 34.4828 33.1433 32.0793 27.1702 27.1564 59.7455 56.9549 67.9389 51.6757 62.5951 45.859 40.4009 32.1851 29.3008 32.8118 27.007 26.9952 26.9692 26.7893 45.4384 27.8384 26.0733 25.9836 35.7289 24.9346 24.8721
threshold=0.63123199343681347 0.13829530030488971 0.42514967918396002 1.0000000180025095e-35 0.011394262313842775 0.37446653842926031 0.93735873699188244 0.014145310036838056 0.079629648476839079 0.077024687081575408 0.10172300040721895 0.1099313758313656 0.61035025119781505 0.58756005764007579 0.11298114433884622 1.0000000180025095e-35 0.68507987260818493 0.63123199343681347 0.35638883709907537 -0.4833520501852035 0.56247621774673473 0.93235483765602123 0.001907210855279118 0.023572044447064403 0.82420021295547496 1.199976444244385 1.0000000180025095e-35 1.0000000180025095e-35 0.14443726092576983 0.68918907642364513
decision_type=2 2 2 2 2 2 2 2 2 2 2 2 2 2 2 2 2 2 2 2 2 2 2 2 2 2 2 2 2 2
left_child=1 3 5 7 -4 25 19 8 9 14 11 12 26 16 21 20 -14 18 28 -6 -12 -1 24 -24 -2 -3 27 -11 -13 -25
right_child=22 2 4 -5 6 -7 -8 -9 -10 10 15 17 13 -15 -16 -17 -18 -19 -20 -21 -22 -23 23 29 -26 -27 -28 -29 -30 -31
leaf_value=0.0025137459419917007 -0.0004532321427027857 -0.0013160038446320874 -0.00059135051842281437 0.0032952797745449056 0.0054489125022842066 0.011471312932886956 -0.014332585210692314 -0.0017472740063557948 1.8323262730213383e-05 0.028205007997298748 0.028143729422593862 0.011225838950783152 -0.0025777399431539316 0.024862351970073877 -0.00248933969311963 0.0021029538899733457 -0.031931025445718533 0.00052875692587529778 -0.044687653741947823 0.00071262723884677002 0.01191361994937336 -0.0065015286708575018 0.0074728671569941557 0.0016037174261184981 0.0064511260182367452 -0.0078244512194516284 0.00040022246134251702 0.0028920399642064299 -0.026923020297323259 0.0041090637437555646
leaf_weight=7272.289918854658 4777.6072685738436 46220.850744618627 55023.255660691677 4009.4155830262753 1153.6658339269925 176.87698413012549 119.39686963474378 5700.3791767281655 33182.619611397575 153.08554923068732 195.8817250719294 26.48898127861321 80.014433853095397 42.98172861058265 2570.6304440636595 154.37545607308857 55.451937219128013 67.056162212975323 39.45848847553134 17062.126396629654 192.6303060380742 307.41277070040815 1640.8269662161438 13544.726862495525 586.42358427628642 557.17813800188014 82.893802201142535 75.816568069625646 27.800966189242899 4848.4175716094614
leaf_count=83371 51683 862453 810589 38666 13067 2147 2614 106168 413753 343 134 67 201 165 29742 1109 117 128 53 252716 152 4740 35445 246559 6021 14873 423 158 109 86163
internal_value=0 -0.000318581 -0.000656491 0.000430918 -0.000215842 -0.00134475 0.000910684 0.000201935 0.00045171 0.00171854 0.00805553 0.00203871 0.00759515 -0.00518971 0.000969828 0.0151952 -0.0151967 -0.014647 -0.0251254 0.00101397 0.0203115 0.00214428 0.00218918 0.00269328 0.000304994 -0.00139429 0.0148995 0.0200339 -0.00873931 0.00226512
internal_weight=199948 174550 120313 54236.7 73358.4 46954.9 18335.2 50227.3 44526.9 11344.3 1193.94 651.049 490.244 178.448 10150.3 542.887 135.466 160.805 93.7484 18215.8 388.512 7579.7 25398 20034 5364.03 46778 311.796 228.902 54.2899 18393.1
internal_count=3063929 2638058 1958459 679599 1078986 879473 268397 640933 534765 121012 3159 1764 1407 483 117853 1395 318 357 229 265783 286 88111 425871 368167 57704 877326 924 501 176 332722
is_linear=0
shrinkage=0.03


Tree=200
num_leaves=31
num_cat=0
split_feature=75 75 22 2 7 17 55 22 17 75 20 19 73 72 39 36 40 44 18 7 4 5 9 36 69 18 75 73 3 71
split_gain=159.656 63.5667 43.6205 43.6368 56.6329 40.5724 40.2368 35.7198 37.5196 34.3672 33.1459 32.6785 27.4236 27.01 26.8895 44.5886 40.9282 38.7198 40.9259 32.9364 32.8209 35.5595 29.937 29.8225 29.7679 30.0221 42.3819 30.936 40.1339 44.6042
threshold=0.045960653573274619 0.17423701286315921 1.1162751317024233 -0.12506050616502759 0.21333929151296618 0.53458327054977428 0.22396993637084964 1.078208386898041 0.22396993637084964 0.26734222471714025 0.43984289467334753 0.51129707694053661 0.16715896874666217 0.001907210855279118 0.31061333417892462 0.85742983222007763 0.80801811814308178 0.40690015256404882 0.70072525739669811 0.38199889659881597 0.3114724606275559 1.4598793983459475 0.40253517031669622 1.2579608559608462 -0.99999734759330738 1.0000000180025095e-35 0.46162927150726324 0.2943528294563294 0.4628057479858399 -0.26003998517990107
decision_type=2 2 2 2 2 2 2 2 2 2 2 2 2 2 2 2 2 2 2 2 2 2 2 2 2 2 2 2 2 2
left_child=11 6 5 4 -4 7 10 14 -9 -6 -2 13 -5 -1 20 16 -16 18 19 -17 21 22 24 -19 25 -3 27 28 29 -27
right_child=1 2 3 12 9 -7 -8 8 -10 -11 -12 -13 -14 -15 15 17 -18 23 -20 -21 -22 -23 -24 -25 -26 26 -28 -29 -30 -31
leaf_value=0.00031069222650413446 -0.00049409476495754321 -0.020671814546449247 -0.021461771606565462 0.0040710285530074991 0.00011725335018635837 0.0020097283448860153 0.0014261673262450701 0.031821340578812279 0.0019609172169072109 0.037659434182162776 0.0012237508031089723 0.0063535179844052591 -0.019464781218937081 0.0033568661968566612 0.00058167935866803124 -0.0049688740080844141 0.01591554828201569 0.0013984974219613448 -0.020643306071766336 0.0011897665139295305 -0.00051587693482582099 -0.015557622158900313 0.0081778041192239418 -0.0049613043648254708 -0.0019034627672206146 -0.017503073824963682 0.02684219779942057 -0.0065947468803125809 0.030461778154889485 0.013545740017384608
leaf_weight=3793.6375144516714 38810.038294494159 33.220590893062763 44.481282113702036 51.21605164045468 44.238811771385372 4864.2646496541274 24477.277571875871 57.157687437371351 101.89945225953124 40.07639474933967 13664.663699588476 2246.4339972798552 274.18763093650341 8492.9864384867396 20698.048822033525 3043.5269711596775 153.89139827503823 3377.70458335476 123.94947925244924 1047.8248661140969 38525.504278607637 164.03626671115489 268.9722238574177 821.54678868837073 34162.716479286093 60.387925452552736 79.065588070079684 165.49001566786319 60.212470165686682 113.90506119723432
leaf_count=41653 565027 380 683 337 399 51773 342962 516 806 98 154683 38513 1902 150111 270728 78153 1214 53514 4262 14112 680371 9673 1336 21224 576024 542 587 1518 121 707
internal_value=0 -0.000237466 -0.000705641 -0.0099433 0.00470686 -0.000666355 0.000421847 -0.00079278 0.0132363 0.0189101 -4.66146e-05 0.00302746 -0.0157423 0.0024171 -0.000815023 -4.56177e-05 0.000698093 -0.00188858 -0.00391834 -0.00339088 -0.00112075 -0.00178424 -0.00171769 0.00014965 -0.00179551 0.00535396 0.00732427 0.00322753 0.0101723 0.00261157
internal_weight=199863 185330 108378 454.2 128.796 107923 76952 103059 159.057 84.3152 52474.7 14533.1 325.404 12286.6 102900 29266.5 20851.9 8414.55 4215.3 4091.35 73633.5 35108 34944 4199.25 34675 512.282 479.061 399.995 234.505 174.293
internal_count=3063929 2833652 1770980 3419 1180 1767561 1062672 1715788 1322 497 719710 230277 2239 191764 1714466 443207 271942 171265 96527 92265 1271259 590888 581215 74738 579879 3855 3475 2888 1370 1249
is_linear=0
shrinkage=0.03


Tree=201
num_leaves=31
num_cat=0
split_feature=75 75 59 12 16 48 72 14 3 36 7 7 6 5 32 7 60 64 70 2 69 7 6 74 32 66 73 6 71 2
split_gain=156.539 47.582 44.5479 43.4808 32.5931 32.435 27.2151 26.8697 25.8053 36.8729 31.106 42.1771 64.9447 60.4373 39.4588 52.2924 76.7206 66.8163 60.3809 59.1052 75.4601 48.3783 46.3341 43.1694 42.7202 61.4195 55.9371 89.4075 55.2588 47.2637
threshold=0.069650691002607359 0.033184546977281577 0.63123199343681347 0.53458327054977428 0.50316895544528972 1.005713999271393 0.0038789685349911456 0.31061333417892462 0.20095144212245944 1.0284426212310793 0.041677778586745269 0.20120380073785785 -0.039470683783292763 0.89471781253814708 0.20707555115222934 0.22381301224231723 -0.4840987473726272 0.59852737188339245 0.068916071206331267 -0.0043626865372061721 -0.98545935750007618 0.66874989867210399 0.16055888682603839 0.11328560486435892 0.43366721272468572 -0.83991843461990345 0.27810481190681463 0.36252532899379736 -0.46192629635334009 0.14707642793655398
decision_type=2 2 2 2 2 2 2 2 2 2 2 2 2 2 2 2 2 2 2 2 2 2 2 2 2 2 2 2 2 2
left_child=1 6 3 4 8 -4 -1 -3 -2 10 -10 12 -12 -14 21 16 19 18 24 -16 -21 -13 -19 -23 25 -18 28 -28 -26 -27
right_child=2 7 5 -5 -6 -7 -8 -9 9 -11 11 14 13 -15 15 -17 17 22 -20 20 -22 23 -24 -25 26 29 27 -29 -30 -31
leaf_value=0.0019120273878563954 -0.00027355156716254509 0.00066800696561821913 0.0010689070616849833 0.010819903035544014 0.0018612180119312119 -0.0029119414706881043 0.0057240770548015055 0.0029311300598182295 0.00010244185924414935 -0.0084930285630082127 0.00094888164078571209 -0.0021307868347079061 -0.0021390207632319526 -0.0077616043304426056 -0.043598637360108182 -0.00048529784859831866 -0.036970711076492926 0.030648345331175629 0.033550297902475157 0.023884349701405839 -0.029025268163327369 -0.00019838699853975825 0.0051597006797408449 0.0098371068310123336 0.034555413109061392 0.0012677495295858735 -0.030578239929209116 0.0015975088551110502 0.0011648957865730441 0.017016874393956962
leaf_weight=2852.6125838167682 71873.215608191647 15842.428939419231 24786.005716685962 297.518655058695 4739.2397450251156 1985.5971568308014 4151.6436331899786 6729.1784569210213 16477.136650473396 596.89303188282065 2489.7859671647457 22125.700567136708 3795.3269483391778 3154.5161762759017 44.731987821403891 14016.594495951533 22.179983895272017 152.05102385091595 55.674713816842996 45.058886368758976 43.993442702805623 1197.5858981083147 113.08790331461933 564.41401614484494 44.683258273638785 314.00829168315977 127.90462251577992 187.72010322794085 541.29833320490434 377.4845095993951
leaf_count=41739 950919 246664 359179 1695 48731 34504 81182 78090 330580 22112 57066 389521 46137 91404 625 226067 156 308 102 120 280 17866 2584 16741 73 2656 507 4007 10401 1913
internal_value=0 0.00201434 -0.000350137 -0.000559886 -0.000583878 0.000773096 0.00417417 0.0013433 -0.000667714 -0.00109369 -0.00102608 -0.00140246 -0.00320594 -0.00469474 -0.000976192 0.000172129 0.00461855 0.00614854 0.00390034 -0.0170261 -0.00232969 -0.00174958 0.0200318 0.00302869 0.00279525 0.00825855 -0.00154168 -0.0116469 0.00393569 0.00992006
internal_weight=199745 29575.9 170169 143398 143100 26771.6 7004.26 22571.6 138361 66487.8 65890.9 49413.8 9439.63 6949.84 39974.2 16086.5 2069.88 1936.09 1670.95 133.784 89.0523 23887.7 265.139 1762 1615.28 713.673 901.606 315.625 585.982 691.493
internal_count=3063929 447675 2616254 2222571 2220876 393683 122921 324754 2172145 1221226 1199114 868534 194607 137541 673927 249799 23732 22707 19815 1025 400 424128 2892 34607 19713 4725 14988 4514 10474 4569
is_linear=0
shrinkage=0.03


Tree=202
num_leaves=31
num_cat=0
split_feature=17 15 6 7 28 6 7 5 7 6 17 73 7 20 26 74 71 18 15 7 73 26 70 7 5 6 9 72 3 20
split_gain=148.892 46.7078 50.5634 62.5784 47.9688 45.2875 45.2774 48.5588 43.8962 48.0146 53.4054 56.3669 64.2273 53.96 43.2064 41.9179 41.1123 39.4936 39.437 37.7891 46.4657 37.2481 35.3937 52.9801 36.2771 34.8688 34.5723 34.2691 33.5989 33.5027
threshold=0.63123199343681347 1.0000000180025095e-35 0.02389999479055405 0.25114947557449346 0.61270344257354747 0.045087434351444251 0.2463922128081322 1.2691753506660464 0.070918992161750807 0.088708333671093001 0.42514967918396002 0.21658635884523394 0.18439561128616336 0.14931328594684604 1.0000000180025095e-35 0.028510562144219879 -0.032478803768753998 0.31061333417892462 0.61035025119781505 0.18046322464942935 0.093567956238985076 0.37446653842926031 -1.0000000180025095e-35 0.15911055356264117 0.81061223149299633 0.073806658387184157 1.0000000180025095e-35 0.017354517243802551 0.081297591328620925 1.2361049652099612
decision_type=2 2 2 2 2 2 2 2 2 2 2 2 2 2 2 2 2 2 2 2 2 2 2 2 2 2 2 2 2 2
left_child=1 14 3 -3 -5 19 7 8 26 10 11 16 -13 -14 -1 28 25 -18 -2 -4 -21 -15 -12 -24 -25 -10 -7 -9 -16 -30
right_child=18 2 5 4 -6 6 -8 27 9 -11 22 12 13 21 15 -17 17 -19 -20 20 -22 -23 23 24 -26 -27 -28 -29 29 -31
leaf_value=-0.0016518878641853787 0.0019917575611162284 0.0015692063938066991 -0.00050057178069631543 0.015089318196821478 0.0019402500532353839 -0.0018236957846565925 -0.0008605233784660329 0.0010093530538550918 0.0031372647108918118 0.0010098922253754237 0.0074427091998182475 0.012302354369079262 -0.00026097123594431073 -0.04370982765595921 0.00068025834611882283 0.00013682439253922518 0.022540603568764802 0.0050676915352457844 0.011127025129731745 0.0032580701984490472 -0.012976508157206175 -0.0010510424205265473 0.011684543572607739 -0.017608479462251723 0.0042171811598921867 0.026635809347132368 0.0036543644501156984 0.017816017615012152 -0.0019954038030322334 0.015699731152696378
leaf_weight=30033.091446469771 24914.452084436416 5546.3285342303279 972.54775167210028 597.77173101034714 430.52407408156432 7382.8626474773046 21387.653410827719 190.67697035521269 75.028043629601598 21174.017773183637 272.95103624137118 200.04978520376608 162.08008351176977 53.037020590156317 5819.7056356421672 56279.2920004318 142.37357917521149 594.92742593726143 429.16263137249916 206.0871590313036 660.3704070947133 27.830467462539673 110.09894198644906 255.16339336149395 90.946501553058624 253.11377134546638 1201.9246672410518 254.99009704776108 19841.798253581743 92.758529780432582
leaf_count=780057 416493 50439 6404 3173 1780 66310 198641 2205 259 198228 461 668 130 127 61354 1074345 275 1040 9378 1204 4376 125 549 236 49 137 10957 1033 173444 52
internal_value=0 -0.000312401 0.000346478 0.00283373 0.00961731 5.24639e-05 0.000210851 0.000917319 0.000779481 0.00145237 0.00562821 0.00884386 -0.000143363 -0.010443 -0.00067839 -0.000321868 0.0125714 0.00855122 0.00214836 -0.00457164 -0.00911271 -0.0298234 -0.00102993 -0.00612955 -0.0118779 0.021379 -0.00105486 0.0107083 -0.00132426 -0.00190971
internal_weight=199654 174310 62243.4 6574.62 1028.3 55668.7 53829.7 32442.1 31996.4 23411.6 2237.6 1508.44 442.997 242.948 112067 82033.6 1065.44 737.301 25343.6 1839.01 866.458 80.8675 729.16 456.209 346.11 328.142 8584.79 445.667 25754.3 19934.6
internal_count=3063929 2638058 548806 55392 4953 493414 481430 282789 279551 202284 4056 2761 1050 382 2089252 1309195 1711 1315 425871 11984 5580 252 1295 834 285 396 77267 3238 234850 173496
is_linear=0
shrinkage=0.03


Tree=203
num_leaves=31
num_cat=0
split_feature=75 55 14 5 75 11 21 18 18 3 73 65 74 70 5 73 64 75 21 64 73 74 74 22 6 71 22 70 72 7
split_gain=153.593 58.3307 36.0995 37.5612 33.7995 30.0686 29.8295 27.8882 27.85 39.8368 50.9802 46.3915 36.0862 36.026 39.7711 35.1444 45.6839 45.1509 37.8489 34.6445 33.7075 33.675 42.725 32.3825 30.8693 30.7179 32.473 30.2575 30.1089 48.499
threshold=0.048753544688224799 0.31061333417892462 0.50316895544528972 0.85547474026680004 0.016084345057606701 0.22396993637084964 0.43366722762584692 1.0000000180025095e-35 0.37446653842926031 0.056658374145627029 0.41144260764122015 0.018929717130959037 0.0021170956315472726 0.016297693364322189 1.2475351691246035 0.53893759846687328 -0.9952898621559142 0.85913997888565075 1.203639090061188 -0.9999999701976775 0.63979727029800426 0.0090931463055312651 0.0084274774417281168 1.0000000180025095e-35 0.14687036722898486 0.18287646025419238 0.14931328594684604 -0.047677172347903245 0.48569498956203466 0.23751071095466617
decision_type=2 2 2 2 2 2 2 2 2 2 2 2 2 2 2 2 2 2 2 2 2 2 2 2 2 2 2 2 2 2
left_child=4 2 8 5 -1 7 -3 -4 9 10 11 -2 25 15 19 16 18 28 27 -15 -12 22 -14 -16 -24 -10 -27 -11 29 -17
right_child=1 6 3 -5 -6 -7 -8 -9 12 13 20 -13 21 14 23 17 -18 -19 -20 -21 -22 -23 24 -25 -26 26 -28 -29 -30 -31
leaf_value=0.0076222650085666262 0.0017948108512868763 -1.9363692159735693e-05 0.015930060603070267 -0.0081802113170108097 0.0024103103535885787 0.0058585261503067932 0.0016777789999847335 0.00060500516428196969 -0.0012059642130279541 -0.012982581951698931 -0.0081597492811240624 0.028841376010199871 0.00102909862847778 -0.033758733626998889 -0.01517075627202645 0.0050526506808507912 -0.0037036674185474084 -0.0066675067925663287 0.036568018700965106 0.0013684245214672915 0.0026311996129534001 -0.00023303120895850946 0.012254670788565659 -0.00099135738813306801 0.00023690131816533791 -0.035733194772831919 -0.0063741186285423595 0.00074451772859734065 -0.0027702954426281879 -0.0027317494833988829
leaf_weight=1208.7897469256895 4960.4271727284577 19023.737456700794 103.75470190122724 398.10714410431683 14968.391379947814 1107.2592426077463 18260.470200004085 13591.346847112174 25973.178861922992 148.30610237253131 822.57062270585448 53.791664760559797 3922.3730981841218 21.395201832987368 248.54578905840754 2164.6180063073698 14931.738337839837 839.93012114799058 21.754663355648518 4926.5396372331306 377.30803066957742 64415.799414020716 589.02839477686211 343.41681790567236 286.09658028255217 32.796831771731377 505.90365293307696 2820.8981071721355 1415.1033929659752 1074.6548444019936
leaf_count=27262 29404 280749 2179 8089 227634 6247 239425 123602 189383 1373 5025 256 48702 119 15649 42518 315783 46286 9 101385 2276 1213905 4846 9144 3710 95 4926 28639 56505 28804
internal_value=0 -0.000247222 -0.000517534 0.000866016 0.00280182 0.00111176 0.000811806 0.000726054 -0.000678257 -0.00140019 0.000778403 0.00210862 -0.000412912 -0.00186791 0.00030674 -0.00238254 -0.00302593 -0.000282285 0.000356485 0.00118848 -0.00476527 -5.23223e-05 0.00237128 -0.00701424 0.00834988 -0.00135397 -0.00842003 4.0818e-05 0.000873763 0.00246854
internal_weight=199558 183381 146097 15200.5 16177.2 14802.4 37284.2 13695.1 130896 35171 6214.1 5014.22 95725.2 28956.9 5539.9 23417 17922.7 5494.31 2990.96 4947.93 1199.88 69213.3 4797.5 591.963 875.125 26511.9 538.7 2969.2 4654.38 3239.27
internal_count=3063929 2809033 2288859 140117 254896 132028 520174 125781 2148742 683175 36961 29660 1465567 646214 126297 519917 345804 174113 30021 101504 7301 1271163 57258 24793 8556 194404 5021 30012 127827 71322
is_linear=0
shrinkage=0.03


Tree=204
num_leaves=31
num_cat=0
split_feature=75 17 37 26 12 26 1 22 73 66 5 66 1 73 5 5 1 69 69 65 66 2 18 75 73 1 39 5 5 72
split_gain=151.491 69.9337 40.1708 29.8264 33.089 28.6742 31.8209 30.0413 63.6809 32.7044 43.4913 39.9523 31.0614 72.0511 89.9569 51.0236 50.0762 105.289 70.3122 43.2812 74.8211 39.8503 88.4904 62.6171 47.3371 47.1036 42.2373 49.9544 53.0918 57.101
threshold=0.039157260209321983 0.58756005764007579 1.0000000180025095e-35 1.261660158634186 0.53458327054977428 0.22396993637084964 0.55675661563873302 0.14931328594684604 0.053855968639254577 0.078437812626361861 0.66635978221893322 0.052435930818319328 0.14097986370325091 0.22505225241184237 0.63989907503128063 0.86687529087066661 0.030501183122396473 -0.6004267930984496 0.83607792854309093 -0.028396471403539177 -0.20740335434675214 0.12809626013040545 0.65050083398818981 0.13886526972055438 0.16009593009948733 0.016903818584978584 0.50316895544528972 0.8400314748287202 0.2834331095218659 0.052510097622871406
decision_type=2 2 2 2 2 2 2 2 2 2 2 2 2 2 2 2 2 2 2 2 2 2 2 2 2 2 2 2 2 2
left_child=-1 2 3 4 5 6 -2 8 -7 11 -11 12 16 14 -14 -15 21 19 -19 -18 -21 25 23 -23 -25 26 27 28 -10 -30
right_child=1 -3 -4 -5 -6 7 -8 -9 9 10 -12 -13 13 15 -16 -17 17 18 -20 20 -22 22 -24 24 -26 -27 -28 -29 29 -31
leaf_value=0.0035387151021170887 -0.0010686462622211336 0.0011394102071485045 0.00043073186017975127 -0.010087271575769578 0.013153161620699377 -0.018674097860776378 -0.0054700218599740514 -0.00048062860840183009 0.0023346199926071111 0.014962124248780163 0.0021431234360510683 -0.018529883632614545 0.0019255923830791835 0.0054930118931254676 -0.031393409921139065 -0.011518292152969189 0.034602635734872933 -0.014870440946116259 0.016602227746616374 -0.013562058811250036 0.01773386290627681 0.024985557483925832 0.034855062285139148 -0.033502554593317149 0.0015956076388974943 -0.025718445415040318 0.019530281582945883 0.0071922356853243961 -0.016800414287905702 -0.0021315564148226144
leaf_weight=10320.169792260509 55903.406704750254 29844.891878535651 36504.227586780602 300.13405435159802 151.42173246107996 131.65960752544925 1515.3948818282224 58386.807821026676 829.80100252083503 382.37162865552818 628.00391699140891 87.138361561228521 136.50405302457511 667.77672708127648 150.93239772878587 203.73619201316615 95.570394188049249 208.67163564218208 87.460558748804033 79.229371861321852 409.34022786014248 96.833308223634958 86.723102251067758 32.976879671216011 529.60213599243434 62.548667625058442 90.48812651517801 525.47622632913408 390.77281685033813 610.24172907858156
leaf_count=170490 1057915 457972 516472 4710 805 212 54745 740537 1288 3527 11197 786 138 10343 302 5217 349 2685 343 496 602 59 49 40 8197 566 675 5737 841 6634
internal_value=0 -0.000193166 -0.000442898 -0.000702681 -0.000679319 -0.000696907 -0.00118526 -0.000264805 0.00166518 0.00209623 0.00703872 0.00116296 0.00150165 -0.0028303 -0.0157455 0.00147663 0.00271823 0.00905002 -0.00546283 0.0164021 0.0125807 0.000995739 0.00706357 0.00321365 -0.000675811 -0.000815078 -0.000135684 -0.000924636 -0.00326737 -0.00790649
internal_weight=199450 189130 159285 122781 122481 122329 57418.8 64910.7 6523.86 6392.2 1010.38 5381.82 5294.69 1158.95 287.436 871.513 4135.74 880.272 296.132 584.14 488.57 3255.46 746.135 659.412 562.579 2509.33 2446.78 2356.29 1830.82 1001.01
internal_count=3063929 2893439 2435467 1918995 1914285 1913480 1112660 800820 60283 60071 14724 45347 44561 16000 440 15560 28561 4475 3028 1447 1098 24086 8345 8296 8237 15741 15175 14500 8763 7475
is_linear=0
shrinkage=0.03


Tree=205
num_leaves=31
num_cat=0
split_feature=75 75 18 19 19 75 38 7 7 4 3 7 31 7 7 21 5 21 35 69 21 22 75 5 75 70 71 4 7 7
split_gain=148.957 45.0408 44.9334 29.9866 29.5759 41.735 30.5908 29.0182 34.3105 29.4484 51.1804 59.4524 44.8806 46.3441 51.2986 43.1802 39.0963 42.4556 39.9029 36.5947 47.479 35.6368 35.1644 52.5011 47.8524 40.5534 47.2901 51.633 32.6903 46.4828
threshold=0.068344764411449446 0.021746934391558174 0.53458327054977428 0.53307747840881359 0.20707555115222934 0.19011529535055163 1.0000000180025095e-35 0.041677778586745269 0.070918992161750807 0.44559228420257574 0.16171395033597949 0.66874989867210399 1.0000000180025095e-35 0.23264190554618838 0.21740452945232394 1.0000000180025095e-35 0.63257101178169262 1.1570261120796206 0.31061333417892462 -0.99999734759330738 0.24964435398578647 1.2673993706703188 0.24200368672609332 0.14931328594684604 0.24652944505214694 -0.00016446252993773666 -0.17763724923133847 0.35638883709907537 0.37049600481987005 0.36109533905982977
decision_type=2 2 2 2 2 2 2 2 2 2 2 2 2 2 2 2 2 2 2 2 2 2 2 2 2 2 2 2 2 2
left_child=1 -1 4 -4 6 -6 7 -2 -9 10 12 16 -10 14 -14 -13 18 -18 19 20 -12 22 23 -21 -24 26 27 -25 29 -11
right_child=2 -3 3 -5 5 -7 -8 8 9 28 11 15 13 -15 -16 -17 17 -19 -20 21 -22 -23 24 25 -26 -27 -28 -29 -30 -31
leaf_value=0.0058748108950680807 -0.00026048937731327939 0.0016362243040230846 2.6449123062761692e-05 0.0028228623823160657 0.0047895030356328071 -0.00022513247124908995 -6.0410351039990654e-05 -0.0091892529724902031 -0.00099371310103606907 -0.0006299882742705319 0.02247407225843976 0.0089267611506057068 0.0067742449505735205 -0.00142750050870446 0.03296911083244275 -0.0011248827761796906 -0.004308461858383331 -0.035596865416223665 -0.02178300449174041 0.017707821291017615 -0.0099582363716605501 0.028139590146168333 0.026660919728247745 -0.021373041338992524 -0.00038690489148585712 -0.020431337163627467 0.014006117577592837 0.020466043007004255 0.0017979054536596526 -0.008073884955840098
leaf_weight=2467.5758232470907 14319.079218161933 26159.467980373382 83280.948075962733 3596.5631498368748 1838.549806073308 7880.6221347864775 20850.06434938102 559.96454787581752 9407.353099287604 5216.6112662830856 129.42986895365175 558.89487794856541 206.85504219285212 270.42315868614241 98.289122904185206 1210.4552057170658 13613.365508142044 35.263461854308844 74.094059162132908 58.736785346642137 55.437916753813624 33.428863596171141 56.53921979223378 123.97123538143933 2123.9151054997055 231.22931370092556 89.843531670514494 29.981975507922471 3931.1678073138173 879.28371938731289
leaf_count=52073 293793 383218 1256654 30212 10507 57494 314794 17461 81172 94494 285 18899 1365 2640 184 20312 312504 85 870 126 381 18 256 582 23129 1347 421 133 61270 27250
internal_value=0 0.00200251 -0.000335748 0.000142392 -0.000830995 0.00072459 -0.00103494 -0.00141595 -0.00184006 -0.00173192 -0.00222525 -0.00316246 -0.000494513 0.00760744 0.0155438 0.00206062 -0.00371795 -0.00440004 -0.000618392 -5.31627e-05 0.0127196 -0.000931417 -0.001332 -0.00820323 0.000359921 -0.0115376 -0.00289057 -0.0128846 -0.000333504 -0.00170904
internal_weight=199387 28627 170760 86877.5 83882.9 9719.17 74163.7 53313.6 38994.5 38434.6 28407.5 18424.6 9982.92 575.567 305.144 1769.35 16655.2 13648.6 3006.61 2932.51 184.868 2747.65 2714.22 533.763 2180.45 475.026 243.797 153.953 10027.1 6095.89
internal_count=3063929 435291 2628638 1286866 1341772 68001 1273771 958977 665184 647723 464709 379348 85361 4189 1549 39211 340137 312589 27548 26678 666 26012 25994 2609 23385 2483 1136 715 183014 121744
is_linear=0
shrinkage=0.03


Tree=206
num_leaves=31
num_cat=0
split_feature=75 18 75 11 19 75 65 75 1 15 59 65 75 65 22 22 5 16 1 75 1 74 1 75 74 15 5 65 18 66
split_gain=146.72 51.8095 37.2123 30.7934 29.2271 40.3747 29.498 38.6938 31.6907 28.4945 27.4119 35.6016 44.2829 35.2978 38.6181 35.298 86.3827 65.4706 52.2084 65.5658 56.4638 44.9669 42.8618 45.6077 43.3758 48.2897 57.0345 42.3376 51.7698 55.8511
threshold=0.057743679732084281 0.53458327054977428 0.021746934391558174 0.37446653842926031 0.20707555115222934 0.17423701286315921 0.12925866246223452 0.2996602207422257 0.82005813717842113 0.58756005764007579 1.0000000180025095e-35 -0.013891645241528748 0.097128696739673628 1.8488435671315531e-06 1.078208386898041 1.0000000180025095e-35 1.1323377490043642 0.22396993637084964 -0.34404355287551874 0.32316802442073828 -0.29680699110031122 0.1521863788366318 -0.14555031806230542 0.092856682837009444 0.079269133508205428 1.0000000180025095e-35 0.49501426517963415 0.030397773720324043 0.31061333417892462 -0.06421628966927527
decision_type=2 2 2 2 2 2 2 2 2 2 2 2 2 2 2 2 2 2 2 2 2 2 2 2 2 2 2 2 2 2
left_child=2 4 -1 -3 6 -6 8 -8 10 -4 11 12 -2 14 -13 16 18 -18 19 -15 21 -20 -22 -24 25 26 -25 -28 29 -29
right_child=1 3 9 -5 5 -7 7 -9 -10 -11 -12 13 -14 15 -16 -17 17 -19 20 -21 22 -23 23 24 -26 -27 27 28 -30 -31
leaf_value=0.0058003465183062075 0.023807280476828063 0.00018192426894173111 0.0017409474544948073 0.013084368713905389 0.0049628784218579509 -0.0001521047114736786 -0.012061340344884444 0.001826998520398648 -0.007405562575382856 0.011297342011597203 -0.00031272266929512901 -0.0033622227131661947 -0.00034083043672292147 -0.038883081291819457 0.012063370500079657 -0.0018993864596074282 -0.0086073851639488028 0.028648164179230978 0.033028912956925095 -0.0017098947754126952 -0.0054476344477203172 -0.0036101061595645943 -0.018159852154243865 -0.019669264038133207 0.00021482636948067315 -0.0071318606887312997 0.015784256896940286 -0.00641222730572994 -0.018959506011225653 0.026720099930622274
leaf_weight=2462.0037736236263 64.715767662506551 92648.128559484932 18941.341210488972 162.7897049493622 1667.5968117963057 8201.9074658579775 184.00870805368322 4526.9491876553438 724.00820339334314 281.38773114630021 24835.642655716001 14084.925813589041 12594.340061809489 45.076941525796428 143.64872856810689 13893.899981933762 854.89265012957912 40.758065052796155 107.01762502687052 334.70231265461189 347.3669952803757 40.087419117218815 64.815638073952869 46.964501193724573 635.29954671618179 135.1274562170729 937.18752632034011 87.154028246295638 72.058812438044697 89.278125006705523
leaf_count=52073 230 1371787 280396 1025 9710 59356 1942 93191 24154 4776 379845 222970 252148 263 400 243283 33756 87 306 7955 4488 1336 184 111 14854 297 1970 543 159 334
internal_value=0 -0.000284499 0.0023293 0.000205166 -0.000820715 0.000713351 -0.00102297 0.0012738 -0.00117728 0.00188339 -0.00111187 -0.00155651 -0.000209544 -0.00208979 -0.00320283 -0.00119588 0.00134919 -0.00678717 0.00383346 -0.00649308 0.00537349 0.0231834 0.00425035 0.00588898 0.00670404 0.00970544 0.011572 0.0128752 0.00180942 0.0105491
internal_weight=199255 177570 21684.7 92810.9 84759.4 9869.5 74889.9 4710.96 70179 19222.7 69455 44619.3 12659.1 31960.3 14228.6 17731.7 3837.79 895.651 2942.14 379.779 2562.36 147.105 2415.25 2067.89 2003.07 1367.77 1232.64 1185.68 248.491 176.432
internal_count=3063929 2726684 337245 1372812 1353872 69066 1284806 95133 1189673 285172 1165519 785674 252378 533296 223370 309926 66643 33843 32800 8218 24582 1642 22940 18452 18268 3414 3117 3006 1036 877
is_linear=0
shrinkage=0.03


Tree=207
num_leaves=31
num_cat=0
split_feature=73 19 20 19 59 66 2 12 18 73 51 15 32 32 48 28 28 44 32 48 6 51 70 48 69 1 66 9 58 57
split_gain=130.616 64.1483 62.4545 41.4796 38.2811 36.8595 36.944 32.7403 31.7563 35.2051 29.741 27.2971 26.7892 29.1487 44.6906 35.9637 31.8545 25.0745 35.8725 34.8084 37.436 31.451 30.7845 31.9931 24.504 37.2571 33.6944 23.3009 23.2804 22.4909
threshold=0.10452756285667421 0.39170669019222265 1.0470444560050967 1.2241474390029909 0.37446653842926031 0.0010059467167593541 -0.09797757118940352 0.53458327054977428 0.46720869839191442 0.33440703153610235 1.2450425624847414 0.70072525739669811 0.78112325072288524 0.60404199361801159 1.0000000180025095e-35 0.6084289848804475 0.62490582466125499 0.43366721272468572 0.86870181560516369 0.60404199361801159 0.3834566473960877 0.46720869839191442 0.040944101288914687 0.90814799070358287 -0.99999937415122975 0.72459158301353466 0.34041678905487066 0.58348107337951671 1.087564289569855 1.0337836146354678
decision_type=2 2 2 2 2 2 2 2 2 2 2 2 2 2 2 2 2 2 2 2 2 2 2 2 2 2 2 2 2 2
left_child=1 5 4 11 7 6 -1 12 9 -4 17 -3 13 16 15 24 27 18 29 20 -19 -20 -21 -24 -15 26 -26 -2 -12 -6
right_child=2 3 8 -5 10 -7 -8 -9 -10 -11 28 -13 -14 14 -16 -17 -18 19 21 22 -22 -23 23 -25 25 -27 -28 -29 -30 -31
leaf_value=-0.0029515865071934886 -0.00090767052303258205 0.0034145335608619441 -0.022245593843973677 -0.023134199645673006 -2.8934938563956282e-05 -0.0011711512466501116 0.0013064994791165132 0.011513540252288354 0.017079936724055698 0.016882620213009989 -0.0091510652281391533 0.025331296286882746 -0.0040074431765109953 0.024636502610137629 -0.001406470000099505 -0.0020330332129704582 0.01066365156836465 0.0020620835623189533 -0.0046923290558135346 0.00051518341395499247 0.0099658471024889582 0.0021140307235096851 0.0019446378347672433 0.019662433523079115 0.0067954096055674804 -0.024433982038048425 -0.023460460042667754 0.0064516966524210875 -0.0003081831608365837 0.0032631286125684141
leaf_weight=1921.0629505737379 100696.77154217559 9855.0538750773558 41.683740702457726 48.807091064983979 12473.625088437824 7608.1453000803522 38563.682298827742 190.19801090471447 265.65267979400232 33.927672973833978 507.53841359820217 47.58379058065475 2311.351648534328 59.95694435806945 2425.7226822619414 611.31239686021581 211.58925194223411 1539.9679771683586 2463.3549248440249 10293.279471222137 830.09105537598953 808.46504311426543 227.27740588627057 151.67704430536833 1796.0522283238242 32.411558616906404 29.860990377666894 384.60361813101918 565.57908323325682 2192.0931953637046
leaf_count=23383 1622169 121817 93 173 187923 148705 527268 1088 751 97 9556 1253 57862 168 46394 6044 2116 20276 54254 144421 9376 12888 3354 1258 17114 273 433 3525 11627 28270
internal_value=0 0.0011979 -0.000492648 0.00339001 -0.000523913 0.000743971 0.00110406 -0.000792472 0.0122506 -0.00466571 0.000387102 0.00353049 -0.000814497 -0.000744846 0.00150059 0.00428788 -0.000854794 0.000557548 -0.000170023 0.00155829 0.00484433 -0.00300858 0.000826577 0.00917926 0.00630459 0.00565907 0.00624795 -0.00087937 -0.00451312 0.00046358
internal_weight=199188 58044.3 141144 9951.44 140803 48092.9 40484.7 108750 341.264 75.6114 32052.9 9902.64 108560 106248 4955.32 2529.59 101293 30979.8 17937.5 13042.3 2370.06 3271.82 10672.2 378.954 1918.28 1858.32 1825.91 101081 1073.12 14665.7
internal_count=3063929 822599 2241330 123243 2240389 699356 550651 1757186 941 190 483203 123070 1756098 1698236 70426 24032 1627810 462020 283335 178685 29652 67142 149033 4612 17988 17820 17547 1625694 21183 216193
is_linear=0
shrinkage=0.03


Tree=208
num_leaves=31
num_cat=0
split_feature=75 17 34 7 54 44 20 70 71 36 7 1 32 14 39 15 5 1 22 22 4 22 1 69 20 36 1 7 5 64
split_gain=144.052 67.1268 34.5815 39.1676 34.4303 30.4048 27.6 38.3719 35.9462 27.4029 26.9982 26.1595 26.0116 36.3657 28.0227 25.8138 24.8652 24.4169 41.9951 37.1791 34.5247 55.5113 66.7373 55.5615 52.5835 43.1456 41.3093 53.8712 50.4448 48.554
threshold=0.039157260209321983 0.58756005764007579 0.50316895544528972 0.16452314704656604 0.79961621761322033 0.20707555115222934 1.0470444560050967 0.00021697120246244597 -0.026115336455404755 1.6144652962684634 -0.21457178145647046 0.0051382149104028949 0.77486258745193493 0.75503185391426098 1.3201647996902468 0.70072525739669811 0.2834331095218659 0.13026889413595202 1.0561373829841616 1.4270153045654299 0.20707555115222934 1.0000000180025095e-35 0.074186209589242949 -0.70723724365234364 0.14931328594684604 0.2834331095218659 -0.083574946969747529 0.23893519490957263 0.58018696308135997 -0.91129219532012928
decision_type=2 2 2 2 2 2 2 2 2 2 2 2 2 2 2 2 2 2 2 2 2 2 2 2 2 2 2 2 2 2
left_child=15 2 6 4 -4 -5 12 8 -8 10 -3 -10 13 17 -14 -1 -9 20 -19 -20 24 22 26 -24 25 -2 -22 28 -28 -30
right_child=1 9 3 5 -6 -7 7 16 11 -11 -12 -13 14 -15 -16 -17 -18 18 19 -21 21 -23 23 -25 -26 -27 27 -29 29 -31
leaf_value=0.0033496988178719094 -0.0030759201138072781 0.0053869730455255727 0.007898121795997361 -0.0017491232340088982 -0.0094091513671901422 0.0016962093716089894 0.019172338088197082 0.013042253309992577 0.0074684140979372465 0.027723570775870416 0.00089690942252267114 -0.016650713851362891 -0.0019498532142949842 0.0035621088106960871 -0.012586013309464881 0.024760605794182752 -0.018169420623360747 -0.0011930403257337432 -0.020700791589654592 0.012902059931354988 0.0038493428676830998 -0.00018776397957539378 0.017371247246514378 0.0020596795663068504 0.00016602413092940661 -0.00038554931819299778 -0.025779607949714237 0.0018192897894969218 0.0084548990301546289 -0.0091390019977865364
leaf_weight=10231.8588399195 13318.540039144915 1255.2393979523622 1088.125791397295 3448.8267571624601 110.68251995532773 6929.3790646321722 206.02351851481944 28.542335961014032 161.72566945385188 30.822718100156635 28496.458789788216 49.535549358930439 7606.0957430145645 1963.8227474726737 226.04852738755289 47.104623122198973 77.400293787941337 31050.299245346338 164.64846671931446 32.923928228206933 3089.8950532390445 58497.62905230304 472.49983267925563 389.65224212099565 18647.769776235771 8990.6813019161636 113.59052853961475 1628.8372514768271 187.76421278889757 532.978156106401
leaf_count=169237 208054 19421 9821 56133 2572 92289 348 38 374 151 438400 118 156692 12956 6012 1253 266 558888 2167 75 68458 927781 1658 4641 166565 141663 737 7561 1493 8107
internal_value=0 -0.000188331 -0.000433169 0.00114526 0.00627047 0.00055061 -0.000557168 0.00629401 0.01038 0.00111863 0.0010872 0.00158785 -0.00058177 -0.000486961 -0.00226367 0.00345785 -0.00955108 -0.000545088 -0.00128196 -0.0149339 -0.000327513 0.000102758 0.00275107 0.0104978 -0.0010095 -0.00199216 0.00154084 -0.00135476 -0.00753583 -0.00452795
internal_weight=199075 188796 159014 11577 1198.81 10378.2 147437 523.227 417.285 29782.5 29751.7 211.261 146914 139082 7832.14 10279 105.943 137118 31247.9 197.572 105870 64912.8 6415.22 862.152 40957 22309.2 5553.07 2463.17 834.333 720.742
internal_count=3063929 2893439 2435467 160815 12393 148422 2274652 1144 840 457972 457821 492 2273508 2110804 162704 170490 304 2097848 561130 2242 1536718 1020436 92655 6299 516282 349717 86356 17898 10337 9600
is_linear=0
shrinkage=0.03


Tree=209
num_leaves=31
num_cat=0
split_feature=75 75 47 16 26 22 73 64 5 66 66 73 36 38 73 72 36 36 75 75 9 75 74 75 75 61 72 69 3 25
split_gain=141.873 43.2651 41.5851 42.9382 32.2032 33.9633 66.147 79.9421 69.3137 45.6124 49.8219 43.5986 43.3357 67.9264 97.3368 64.3852 49.8682 47.1512 47.7002 70.286 48.6403 53.2179 42.0538 40.7914 35.3452 34.2358 63.2277 33.7668 33.0493 32.5598
threshold=0.069650691002607359 0.026082620024681095 0.22396993637084964 0.46720869839191442 0.22396993637084964 0.14931328594684604 0.093567956238985076 -0.91730979084968556 0.67236691713333141 0.082032907754182829 0.014145310036838056 0.096232593059539809 0.3114724606275559 1.0000000180025095e-35 0.32549633085727697 0.112339124083519 0.4567199051380158 0.2834331095218659 0.094359815120697035 0.11560627818107606 0.29957322776317602 0.12490995973348619 0.06785036996006967 0.19948582351207736 0.38566645979881292 0.098818596452474608 0.2246615067124367 0.87918394804000866 0.11798181384801866 0.22396993637084964
decision_type=2 2 2 2 2 2 2 2 2 2 2 2 2 2 2 2 2 2 2 2 2 2 2 2 2 2 2 2 2 2
left_child=1 -1 3 4 -2 6 7 28 9 10 12 -10 13 17 -15 16 -14 18 -8 -20 21 -21 -17 -18 25 -11 -27 -23 -6 -9
right_child=2 -3 -4 -5 5 -7 8 29 11 24 -12 -13 15 14 -16 22 23 -19 19 20 -22 27 -24 -25 -26 26 -28 -29 -30 -31
leaf_value=0.0049139307134027019 -0.0011859940286145048 0.0014806185154588342 0.0006185732119260045 0.001655935634396304 0.015007643000326839 -0.00045744721699535765 0.027307991514131338 -0.0030946688863659885 0.034126423602869771 0.030363560833249439 -0.018628170098509811 -0.00051767801612841819 0.026289645236670201 -0.057242170773356277 0.013407681757970261 -0.03583957568810555 -0.016808887934934652 -0.026831469354382291 -0.022825716611238309 0.025225434874392081 -0.018019302621500026 0.0033530275090184998 0.0033421644639686169 0.014353107737436636 0.0061332985746358135 -0.035109280344025363 0.031263121405371068 0.023767036729871165 -0.0068264397635927985 -0.024629086212623975
leaf_weight=3792.5906506838874 61931.691145804303 25584.533604542805 33204.763154774089 7403.0363373082946 127.44002707861364 60615.442419889172 78.726540369912982 91.788060988306825 29.025515094399452 163.25232944893651 75.688296077307314 3232.9760913928912 263.45526446122676 35.341857498977333 29.276310252782423 27.490403177216649 48.844619361683726 38.726345211267471 79.845043685287237 124.24417392164469 70.903845279943198 1056.2939427846577 110.39479663828388 129.79582946002483 190.27980822342215 20.066972922068089 23.879249912919477 74.682094988645986 115.11383879650384 212.24060363322496
leaf_count=75804 1209182 371871 479745 75751 90 792330 37 151 19 345 531 43181 271 80 304 183 71 177 60 43 791 6818 1771 321 3094 65 114 485 84 160
internal_value=0 0.00192462 -0.0003334 -0.00056519 -0.000692741 -0.000237133 0.0018317 -0.0081137 0.00275819 0.00636697 0.00468755 -0.000166616 0.00553641 0.00295441 -0.0262519 0.0125298 0.0180756 0.00426169 0.00514565 0.00382754 0.00549951 0.00688462 -0.005228 0.0056265 0.0156947 0.0241715 0.000461314 0.00478401 0.0046845 -0.0182669
internal_weight=198982 29377.1 169605 136400 128997 67065.2 6449.77 546.583 5903.19 2641.19 2243.71 3262 2168.02 1588.04 64.6182 579.981 442.096 1523.42 1484.7 1405.97 1326.12 1255.22 137.885 178.64 397.478 207.199 43.9462 1130.98 242.554 304.029
internal_count=3063929 447675 2616254 2136509 2060758 851576 59246 485 58761 15561 11943 43200 11412 8795 384 2617 663 8411 8234 8197 8137 7346 1954 392 3618 524 179 7303 174 311
is_linear=0
shrinkage=0.03


Tree=210
num_leaves=31
num_cat=0
split_feature=75 55 26 75 15 12 22 73 58 75 66 75 75 2 18 69 75 65 16 26 72 17 75 1 3 3 74 74 2 3
split_gain=139.835 49.1761 37.1562 34.7445 32.4083 32.3785 31.6544 70.3614 42.4901 33.0791 32.6837 42.9501 39.3962 35.1734 97.5358 84.2486 63.3845 59.6857 96.9804 89.2847 54.5282 50.8008 45.2362 44.7496 40.9788 73.6172 76.9136 55.4519 49.0854 71.3145
threshold=0.057743679732084281 0.31061333417892462 0.22396993637084964 0.016084345057606701 0.22396993637084964 0.53458327054977428 0.14931328594684604 0.042730914428830154 0.53458327054977428 0.22915267199277881 0.078437812626361861 0.11709362268447877 0.14384941011667254 0.12809626013040545 0.61035025119781505 -0.99440839886665333 0.13100690394639972 -0.0028906972147524353 1.0000000180025095e-35 0.56247621774673473 0.14231722056865695 0.50316895544528972 0.25817550718784338 0.058065833523869521 0.77919781208038341 0.19369021058082583 0.011132092215120794 0.060535067692399032 0.053299626335501678 0.14801844209432605
decision_type=2 2 2 2 2 2 2 2 2 2 2 2 2 2 2 2 2 2 2 2 2 2 2 2 2 2 2 2 2 2
left_child=3 2 4 -1 -2 6 7 -4 10 -10 13 -12 -13 17 15 20 -17 18 -9 22 -15 24 -20 -23 25 28 -27 -28 -19 -30
right_child=1 -3 5 -5 -6 -7 -8 8 9 -11 11 12 -14 14 -16 16 -18 21 19 -21 -22 23 -24 -25 -26 26 27 -29 29 -31
leaf_value=0.0072494297889240979 -0.0011934122767699024 0.00072619883230199225 -0.026023889763671145 0.001986094838735158 0.001995123250608214 0.010316256425894706 -0.00030297369295459881 -0.0010472935361564657 0.031158682028351085 -0.0099051462954266225 0.034276576241883717 -0.033884067245415407 0.0062501983618231559 0.026907179476644623 0.025943729962931084 -0.038436772950528386 -0.0003766282348877244 0.0050365180729529139 -0.038988435148330329 0.014962982301528933 -0.0020330544280193238 0.0039611460972548175 -0.0084383915469780878 0.029028981130968037 0.014309451749144397 -0.017208606416417367 0.017334677411572103 -0.0050191362584310088 -0.022480232826712264 0.014049003244045259
leaf_weight=1192.4717384147079 62898.867388267201 35189.721078120579 76.510824627242982 20420.45427340937 3001.4638875526143 264.9031049630139 69227.771435272138 689.73844729160191 72.116396165452898 20.682202832365874 44.81300675868988 18.555868243798614 986.82697623438435 169.92896206956357 172.14962833374739 37.126193602569401 936.91713329759659 1525.9991242126562 152.95340608339757 45.077359746675938 87.142855826998129 163.79638027213514 64.650256290799007 103.47179417684674 174.44802773115225 397.27931865118444 124.25554434303194 447.31999273027759 139.60721275350079 68.882250410504639
leaf_count=27262 1251899 488961 112 309983 29335 1635 893135 7894 32 710 27 40 14839 300 124 30 14740 2294 231 224 1069 167 701 64 3010 1480 586 12724 240 81
internal_value=0 -0.000277728 -0.000526363 0.00227799 -0.00104801 -7.52129e-05 -0.000112058 0.00185297 0.00219015 0.0219291 0.00189664 0.00673663 0.00537366 0.000967549 0.0050598 0.00206135 -0.00198318 -0.000436397 -0.00700045 -0.022365 0.0171989 0.00155634 -0.0302484 0.0139676 0.000384322 -0.000532425 -0.00714128 -6.50967e-05 0.00316451 -0.010353
internal_weight=198916 177303 142113 21612.9 65900.3 76212.9 75948 6720.25 6643.74 92.7986 6550.94 1050.2 1005.38 5500.74 1403.26 1231.12 974.043 4097.48 952.419 262.681 257.072 3145.06 217.604 267.268 2877.79 2703.34 968.855 571.576 1734.49 208.489
internal_count=3063929 2726684 2237723 337245 1281234 956489 954854 61719 61607 742 60865 14906 14879 45959 16263 16139 14770 29696 9050 1156 1369 20646 932 231 20415 17405 14790 13310 2615 321
is_linear=0
shrinkage=0.03


Tree=211
num_leaves=31
num_cat=0
split_feature=75 75 26 18 19 54 22 18 39 65 2 5 75 69 69 1 36 75 3 27 22 74 2 15 65 7 75 21 5 15
split_gain=138.158 65.601 37.9814 36.9546 34.4288 32.9085 31.624 29.4298 29.3129 35.8736 41.7936 37.7232 34.4118 46.116 42.6519 41.3806 30.5568 35.1688 30.358 28.4395 32.8773 28.2434 26.7801 26.6767 26.4803 29.443 33.4931 30.8197 31.0063 26.0679
threshold=0.039157260209321983 0.18659061193466189 0.31061333417892462 0.70072525739669811 0.53307747840881359 0.22396993637084964 1.3449937105178835 0.58756005764007579 1.0000000180025095e-35 0.27005887031555181 0.0054402642417699107 0.3354459702968598 0.24200368672609332 -0.99999281764030445 -0.99999991059303273 0.42026363313198095 1.2301984429359438 0.24427580088377002 1.2833579182624819 1.1030118465423586 0.80867174267768871 0.0021170956315472726 0.17018707096576693 0.70072525739669811 -0.018341252580285069 0.23159939795732501 0.24886290729045871 1.0871379375457766 1.4005400538444521 0.37446653842926031
decision_type=2 2 2 2 2 2 2 2 2 2 2 2 2 2 2 2 2 2 2 2 2 2 2 2 2 2 2 2 2 2
left_child=21 2 5 6 -4 -2 7 8 12 16 -11 -12 13 14 -3 19 -10 -18 24 20 -15 -1 -5 -23 -14 26 -26 28 29 -28
right_child=1 3 4 22 -6 -7 -8 -9 9 10 11 -13 18 15 -16 -17 17 -19 -20 -21 -22 23 -24 -25 25 -27 27 -29 -30 -31
leaf_value=0.0017203978483984752 -0.00061966032099425446 -0.010860800421142068 0.00086427255924547569 -0.01290554114219105 0.0043127448216399465 0.0011844491585681256 -0.020364274560600096 0.0005001366027349057 -0.00023144709041931588 0.013596725952096716 -0.039035809280521028 0.0014848249878538131 0.00034586820948300862 -0.0038885017266592245 0.016140467408945404 -0.019996552374486425 0.0016185018742457978 -0.010603851073189851 -0.0070156800726297623 -0.039098923150220871 0.0045407371702338517 0.0046991918294598655 0.010013318361859156 0.030259695661782562 0.0073727969189325178 -0.0024110330730743876 -0.00064570138072664156 -0.035859130878419361 -0.012035017095624543 0.0131765037427738
leaf_weight=4830.7518712184428 35015.556542646584 68.524891847977415 36595.451833255029 338.82628977048444 2802.7965040854178 12289.515201258764 69.308827217202634 16701.257769704709 35267.704481615467 356.31478188053006 18.141658374574035 307.99730491524679 10844.831209443571 6213.0554098313733 192.5680556143634 134.95224292221246 344.07462925266009 541.20967161442968 745.38031191084883 16.121622208040208 442.57807935681194 5383.697350732964 49.735303395544179 33.216230379839544 467.41069420271742 13587.027726675748 14834.734881548509 18.471200330881402 209.94417647263617 119.80389628512785
leaf_count=64559 538856 310 447949 13141 24589 195838 251 267328 504100 5413 131 7083 220015 76119 1107 1389 6547 17308 27143 53 3768 105113 1663 818 4985 263931 254994 166 8497 765
internal_value=0 -0.000184365 0.000422135 -0.000700506 0.00111012 -0.00015081 -0.000664901 -0.000650594 -0.00087748 -0.000241018 0.00655258 -0.00120118 -0.00136682 -0.0032993 0.00897995 -0.00377597 -0.000370094 -0.00586254 -0.00103188 -0.00343541 -0.00332492 0.00339171 -0.00988836 0.00487897 -0.000919798 -0.0013894 -0.000501783 -0.000746378 -0.000693867 -0.000531174
internal_weight=198841 188593 86703.3 101890 39398.2 47305.1 101501 101432 84730.8 36835.4 682.454 326.139 47895.4 7067.8 261.093 6806.71 36153 885.284 40827.6 6671.76 6655.63 10247.7 388.562 5416.91 40082.2 29237.4 15650.4 15183 15164.5 14954.5
internal_count=3063929 2893439 1207232 1686207 472538 734694 1671403 1671152 1403824 540582 12627 7214 863242 82746 1417 81329 527955 23855 780496 79940 79887 170490 14804 105931 753353 533338 269407 264422 264256 255759
is_linear=0
shrinkage=0.03


Tree=212
num_leaves=31
num_cat=0
split_feature=75 75 18 54 17 27 5 18 65 22 6 74 2 17 69 60 72 2 65 17 69 65 3 2 5 3 2 18 18 65
split_gain=135.578 53.4967 33.9069 32.8411 32.6815 29.4437 37.3553 35.0213 33.7868 52.7042 115.919 57.1996 44.5858 63.7954 46.318 42.5583 60.1451 40.1867 47.8211 53.1702 54.5846 86.9269 44.7883 40.3605 38.8069 34.7472 33.9074 32.4946 30.8854 29.6014
threshold=0.048753544688224799 0.18659061193466189 0.70072525739669811 0.22396993637084964 0.53458327054977428 0.3354459702968598 0.50335456430912029 0.22396993637084964 -0.00088500353740528215 1.0000000180025095e-35 0.071044389158487334 0.043935541063547141 -0.054081872105598443 0.53458327054977428 -0.99988701939582814 -0.018579015508294102 0.10720534622669221 -0.021009312011301514 0.00076813960913568746 0.42514967918396002 -0.72369432449340809 0.0090662199072539824 0.036462133750319488 0.070101097226142897 0.63989907503128063 0.21814944595098498 -0.10349587351083754 0.42514967918396002 0.50316895544528972 0.0047457376495003709
decision_type=2 2 2 2 2 2 2 2 2 2 2 2 2 2 2 2 2 2 2 2 2 2 2 2 2 2 2 2 2 2
left_child=-1 3 4 5 -3 6 7 -2 -8 10 -10 12 15 14 -14 -12 24 -16 28 20 21 29 -22 -24 -17 -26 -13 -23 -19 -20
right_child=1 2 -4 -5 -6 -7 8 -9 9 -11 11 26 13 -15 17 16 -18 18 19 -21 22 27 23 -25 25 -27 -28 -29 -30 -31
leaf_value=0.002645244404664964 0.010636131488480492 -0.00076572757934623137 -0.0095394500133267317 0.0012602919562886821 0.0019745048845173831 0.00116570242657994 -0.0013316731703693267 -0.0026225383726192378 -0.0241411874142313 8.4161077141487733e-05 0.026963060753331155 0.011659659349470266 -0.011416689955939105 -0.016181682481716395 -0.0044717942917462117 0.02606929292324436 0.033727389320513911 0.0061102517516606674 0.0088805406227339886 -0.0098416542996345394 0.018529008710216573 0.010862147267735508 -0.02974370454784963 0.0020666683297538881 0.0054818631867611109 -0.018422975194307304 -0.0035063545609013789 0.039258099538828396 0.024509444768082166 -0.023736842713291968
leaf_weight=16027.673659862194 179.60120494662988 97399.089541627967 384.23473120393464 24522.039873084286 4076.674265877984 13516.590142615809 11753.236102656359 7651.0489687152731 119.84463425504509 20187.047471199352 184.46697514597327 157.33189696911722 107.18011948163621 110.48048599623144 172.44855420477688 57.619592037051916 72.994242677465081 120.79554876149632 62.337410746142268 145.53354204259813 68.25464863050729 56.028926007449627 54.306062589399517 91.556524743326008 231.29720524139702 67.309402585029602 742.34157249343116 128.34313641488552 282.06737673096359 36.267705606296659
leaf_count=254896 643 1627858 14804 342878 43545 138031 195347 60592 1323 378998 243 337 183 131 307 30 58 394 148 166 62 217 106 119 297 187 1714 58 154 103
internal_value=0 -0.000232063 -0.000689453 0.000343935 -0.000655524 -5.47761e-05 -0.000440034 -0.00231259 -2.08445e-05 0.000641555 0.00430182 0.0054904 0.00825446 0.00533086 0.00717114 0.0150076 0.00965751 0.00884259 0.0110517 0.00590102 0.0105607 0.0191143 -0.000866266 -0.0102244 0.00439311 -6.39916e-05 -0.000809322 0.0310666 0.0191179 -0.0035302
internal_weight=198766 182738 101860 80878.4 101476 56356.3 42839.7 7830.65 35009.1 23255.9 3068.81 2948.96 2049.29 1435.6 1325.12 613.687 429.22 1217.94 1045.49 642.628 497.094 282.977 214.117 145.863 356.226 298.607 899.673 184.372 402.863 98.6051
internal_count=3063929 2809033 1686207 1122826 1671403 779948 641917 61235 580682 385335 6337 5014 2963 2148 2017 815 572 1834 1527 979 813 526 287 225 514 484 2051 275 548 251
is_linear=0
shrinkage=0.03


Tree=213
num_leaves=31
num_cat=0
split_feature=75 17 75 20 4 19 7 7 3 20 71 75 7 7 5 61 1 64 69 61 61 64 5 73 73 75 75 69 5 22
split_gain=134.124 40.9629 40.6444 32.4715 33.7866 44.6269 42.8781 74.1532 31.6977 39.1525 32.6941 28.0984 30.969 97.9506 40.6083 49.0927 54.4211 37.5907 35.5761 35.322 36.8296 34.6126 51.1213 53.5029 48.0201 33.5875 45.9629 33.3613 32.8772 31.436
threshold=0.068344764411449446 0.53458327054977428 0.031541910022497184 1.0470444560050967 0.14931328594684604 0.14931328594684604 0.18046322464942935 0.10043904557824136 0.15406121313571933 1.2361049652099612 0.0085001862607896345 0.18833206593990329 0.23893519490957263 0.2463922128081322 0.8193863332271577 0.17018707096576693 -0.060167113319039338 -0.99700698256492604 -0.99963340163230885 -0.075799956917762742 -0.16141110658645627 -0.61732167005538929 0.69952896237373363 0.076500255614519133 0.089514970779418959 0.12807384878396991 0.11864647641777994 -0.30896243453025812 0.73945567011833202 0.39170669019222265
decision_type=2 2 2 2 2 2 2 2 2 2 2 2 2 2 2 2 2 2 2 2 2 2 2 2 2 2 2 2 2 2
left_child=2 3 -1 4 5 -2 7 -7 9 10 -5 12 -6 14 15 21 28 19 -19 20 -16 22 23 -14 -24 26 -25 -21 -17 -26
right_child=1 -3 -4 8 11 6 -8 -9 -10 -11 -12 -13 13 -15 17 16 -18 18 -20 27 -22 -23 24 25 29 -27 -28 -29 -30 -31
leaf_value=0.0040787104613962052 -0.0020869410894732003 0.00069330022670433358 0.0013140722878489366 0.015113919686819851 -0.00051937961824774634 -0.00031156722029373601 -0.0013094328126786153 0.0083598280209251103 0.017657117560227403 -0.020865320766199815 -0.016725435286751127 -0.00060529858581763734 -0.018213783023904636 -0.00010659947877332326 0.022716934371722407 0.015069769605981624 -0.005091958830044754 -0.016546495262309082 0.0071810188475842805 0.03149885528172422 -0.015448804368376326 0.0054499631055934796 0.015999992715061785 0.0026760851516869012 -0.027399686740669074 -0.0016022926569192863 0.025222741626539601 -0.0011470856815841172 0.045339378742875178 -0.0056760379809238839
leaf_weight=6093.1617104193792 23764.101557171249 29716.553004078974 22340.383211646076 122.72482460457832 14782.60357286717 2488.4392835253384 5729.0403570799826 1374.5877895409649 169.82017667219043 53.702562427148223 33.942348673008382 76079.006886351752 110.79674968589097 11363.766861570402 37.921482586069033 107.25484230578877 77.392727476893924 54.792907574214041 1940.2766878996044 151.18803028319962 45.768203929066658 852.81504183774814 39.808839443139732 237.2488627107814 141.01319486834109 475.06953411269933 121.18235983792692 33.763457018882036 47.631268390454352 107.62790815974586
leaf_count=110760 346697 413944 324531 268 240139 17836 37149 5992 295 74 114 1359896 219 181818 246 269 570 316 10820 341 188 5327 103 507 152 3324 282 147 37 1568
internal_value=0 -0.000318536 0.00190717 -0.000532525 -0.000556413 -0.00138986 0.000336822 0.00277828 0.00817665 0.000315922 0.00794317 -0.000296041 0.000469481 0.00138642 0.00508744 0.00228752 0.0152492 0.00794324 0.00649531 0.0184268 0.00204093 0.00081533 -0.00239453 0.000991305 -0.0133561 0.0036244 0.0105056 0.0256173 0.0253138 -0.0182529
internal_weight=198693 170260 28433.5 140543 140163 33356.2 9592.07 3863.03 380.19 210.37 156.667 106807 30727.9 15945.3 4581.55 2317.84 232.279 2263.71 1995.07 268.641 83.6897 2085.56 1232.75 944.298 288.45 833.501 358.431 184.951 154.886 248.641
internal_count=3063929 2628638 435291 2214694 2213943 407674 60977 23828 751 456 382 1806269 446373 206234 24416 12358 876 12058 11136 922 434 11482 6155 4332 1823 4113 789 488 306 1720
is_linear=0
shrinkage=0.03


Tree=214
num_leaves=31
num_cat=0
split_feature=75 75 59 13 1 48 75 39 6 6 26 6 7 39 65 1 3 39 1 64 7 7 64 52 2 64 12 32 48 35
split_gain=131.908 40.1903 39.2052 33.1938 29.9903 30.2851 29.152 45.5496 30.0711 37.5436 55.2058 43.5171 49.2439 41.5285 64.0335 38.4156 38.0759 37.9653 32.6577 47.4484 35.4174 62.0163 35.3467 33.589 32.1761 49.2061 49.3795 37.5181 34.9309 37.0276
threshold=0.068344764411449446 0.026082620024681095 0.63123199343681347 0.65050083398818981 -0.59679266810417164 0.97416526079177868 0.18833206593990329 1.0907695889472964 0.39159533381462103 0.30568799376487737 1.0000000180025095e-35 0.34527637064456945 0.36668710410594946 1.0000000180025095e-35 0.27005887031555181 -0.55911791324615467 0.64937880635261547 1.0000000180025095e-35 0.45327478647232061 -0.98125219345092762 0.25114947557449346 0.2164474353194237 -0.99999728798866261 0.42082132399082189 0.10389361903071405 -0.9497103989124297 0.37446653842926031 0.46715016663074499 1.0000000180025095e-35 0.37446653842926031
decision_type=2 2 2 2 2 2 2 2 2 2 2 2 2 2 2 2 2 2 2 2 2 2 2 2 2 2 2 2 2 2
left_child=1 -1 3 6 -4 -6 -2 8 9 13 -11 12 -12 -8 15 16 -15 -13 24 22 21 23 -20 -21 27 -26 -27 -17 29 -29
right_child=2 -3 4 -5 5 -7 7 -9 -10 10 11 17 -14 14 -16 18 -18 -19 19 20 -22 -23 -24 -25 25 26 -28 28 -30 -31
leaf_value=0.0047756528072711319 -3.8057159170591105e-06 0.0014499172460382219 0.0087443132186998274 0.0054814453069062432 0.00094792577086243049 -0.0024230092024790074 -0.0013006291485601759 -0.015650858946526125 0.0006663233006207655 -0.0067238734020942 -0.0095664571516688671 0.00025200669239267373 -0.0018344277561196018 -0.02428074008702661 0.012788591831094109 0.0004545692784064003 -0.003944524686186131 -0.0032900943214613475 -0.023171817242418721 -0.012019731605927191 -0.00049556677197650379 -0.029845532811205437 0.0046483383380637525 0.010209402998524769 0.0026061262976761678 -0.002890968193583063 -0.038036371889908847 0.01071703074583547 0.0012773093757873209 0.0021754323731360214
leaf_weight=3770.3112373016847 54616.925979548425 24646.074492555948 410.32247569411993 822.39413662417792 23847.442119109677 2662.4370333877741 37432.787602980607 183.70872242050245 10313.357055451997 2185.3838341520459 1199.8507608268992 8714.4180394843133 1940.8765296320489 93.289532861381304 361.90664768058923 9857.2396514333086 583.40996931848349 3955.7276951319654 40.709112432785332 240.27964911705931 268.55742323490267 149.74086403404362 505.88224711446674 78.011653195251711 1976.3407677839859 3730.2682194581139 32.387809817213565 1024.4378912028624 2130.725075333321 828.98832766572013
leaf_count=75804 744819 359487 4673 4712 346448 46133 625484 5602 198281 97233 30625 139058 34646 1409 4379 120053 9024 75930 189 5892 5166 717 4948 1576 22170 60910 84 6359 26302 5816
internal_value=0 0.00189195 -0.000315937 -0.000513332 0.000734342 0.000608892 -0.000548127 -0.000886552 -0.000854841 -0.00105779 -0.00225804 -0.00163894 -0.00479813 -0.000693559 0.000343822 0.000132188 -0.00688088 -0.000854202 0.000361145 -0.00426733 -0.00921824 -0.0141672 0.00241488 -0.00649842 0.000665507 -0.00122213 -0.00323476 0.00144862 0.00390397 0.00691194
internal_weight=198604 28416.4 170188 143268 26920.2 26509.9 142445 87828.3 87644.6 77331.2 17996.3 15810.9 3140.73 59335 21902.2 21540.3 676.7 12670.1 20863.6 1283.18 736.59 468.032 546.591 318.291 19580.4 5739 3762.66 13841.4 3984.15 1853.43
internal_count=3063929 435291 2628638 2231384 397254 392581 2226672 1481853 1476251 1277970 377492 280259 65271 900478 274994 270615 10433 214988 260182 18488 13351 8185 5137 7468 241694 83164 60994 158530 38477 12175
is_linear=0
shrinkage=0.03


Tree=215
num_leaves=31
num_cat=0
split_feature=17 73 15 29 18 65 50 23 72 73 74 32 36 56 51 6 2 21 22 26 73 6 69 66 64 36 71 64 1 65
split_gain=131.136 41.7388 33.9503 33.7553 32.9615 33.2869 29.5645 28.4083 27.3892 26.7254 25.5091 23.6897 26.2565 23.4428 26.4876 43.4039 59.7331 48.0932 45.6687 42.0356 41.3596 40.7732 44.2584 42.3663 45.3005 39.6066 39.5621 33.7066 32.5937 32.4109
threshold=0.63123199343681347 0.13829530030488971 0.61035025119781505 1.0000000180025095e-35 0.42514967918396002 0.011394262313842775 0.93735873699188244 0.37446653842926031 0.001907210855279118 0.035789303481578834 0.077601741999387755 0.68918907642364513 0.81061223149299633 1.199976444244385 1.0000000180025095e-35 0.088708333671093001 -0.0054275735747069112 0.88471129536628734 0.93151962757110607 0.22396993637084964 0.20062782615423205 0.099848181009292616 -0.97496613860130299 -0.3632615059614181 -0.64790844917297352 0.3114724606275559 0.082366291433572783 -0.69346818327903736 -0.064767666161060319 -0.0047355897258967153
decision_type=2 2 2 2 2 2 2 2 2 2 2 2 2 2 2 2 2 2 2 2 2 2 2 2 2 2 2 2 2 2
left_child=1 3 8 -1 7 -6 -7 13 -2 -10 11 -11 -13 14 15 29 18 19 21 -18 -20 22 23 27 -25 -21 -24 -17 -26 -3
right_child=2 4 -4 -5 5 6 -8 -9 9 10 -12 12 -14 -15 -16 16 17 -19 20 25 -22 -23 26 24 28 -27 -28 -29 -30 -31
leaf_value=0.00018790141945370655 -8.0532352359665568e-05 -0.00095079311813722875 0.010506923542780319 0.0030535065702866422 -0.00057777045942576785 0.00099822503338101664 -0.01387976724309678 0.010659444691901315 0.0045060003879090335 0.00093175789018746645 0.010393821367665954 0.0091330575295411227 0.0025376405305758769 -0.0074260000312870713 0.00012106327106081438 -0.014030252822742591 -0.00080957608949388648 -0.018328370135098956 -0.019844589038976811 -6.5351134575624226e-06 0.024364805835429781 -0.0038534428894181965 -0.0059143441172830212 0.037058693905922174 -0.029006798960020549 0.0049799734006674128 0.010990234042526349 0.036882377461326957 0.015936925131619022 -0.0041648503937794729
leaf_weight=49704.501967617573 5081.6302065983255 4379.6109921554307 414.12703123569372 3993.6558160511777 54719.971503081208 18189.035908878635 116.98297369293869 176.19170477427542 4216.8750319676255 11198.29738650925 301.68846802343614 650.64704571478069 3257.6698613012995 547.32744736058521 10521.229515951418 58.745609094738029 8982.2232354240477 119.49958228319883 20.464241613633931 2874.012904504285 91.389537946437486 7291.0533153102297 429.53903242322849 86.077933645807207 15.911833625985308 2852.6793425604119 170.81550531025277 10.412064437870866 49.825431658886373 7980.5093596536099
leaf_count=640933 54736 84445 9378 38666 810589 265783 2614 2147 79893 206850 6397 9065 59552 14873 189313 833 172398 353 48 35263 344 208625 5631 183 164 24646 3168 40 519 136480
internal_value=0 -0.000293519 0.00202555 0.000401318 -0.00060531 -0.000207262 0.000899891 -0.00122815 0.00188153 0.00238972 0.00180923 0.00163479 0.00364499 -0.00127422 -0.00120018 -0.00159282 -0.000823247 0.00031386 -0.00287317 0.000470563 0.0158317 -0.0031393 0.00318272 0.0145334 0.0232224 0.00247839 -0.00105623 -0.00470608 0.00395389 -0.00302704
internal_weight=198503 173382 25120.9 53698.2 119684 73026 18306 46657.5 24706.8 19625.2 15408.3 15106.6 3908.32 46481.3 45934 35412.8 23052.6 14828.4 8224.23 14708.9 111.854 8112.38 821.327 220.973 151.815 5726.69 600.355 69.1577 65.7373 12360.1
internal_count=3063929 2638058 425871 679599 1958459 1078986 268397 879473 416493 361757 281864 275467 68617 877326 862453 673140 452215 232660 219555 232307 392 219163 10538 1739 866 59909 8799 873 683 220925
is_linear=0
shrinkage=0.03


Tree=216
num_leaves=31
num_cat=0
split_feature=75 17 7 69 59 20 66 7 6 74 6 6 7 6 64 69 36 2 21 75 48 44 2 38 66 69 6 36 42 48
split_gain=129.816 46.5999 34.4428 33.3449 31.5867 31.3287 32.9598 28.4793 30.8762 29.6426 27.3865 65.1045 26.1096 26.4211 26.1543 30.5191 34.1894 27.1136 62.7205 26.0048 24.9507 24.6915 29.7302 26.5941 23.9543 27.6941 23.8636 23.831 30.1774 24.764
threshold=0.055177740752696998 0.53458327054977428 0.56438687443733226 0.078845404088497176 0.37446653842926031 1.0470444560050967 -0.15323687344789502 -0.059700617566704743 -0.068280834704637514 0.025772001594305042 -1.0000000180025095e-35 0.029104033485054973 0.017150255851447586 0.1222229450941086 -0.99905231595039357 -0.99999734759330738 0.3114724606275559 -0.26530845463275904 0.24964435398578647 0.028065645135939125 1.0045120120048525 0.68099015951156627 0.53733056783676159 0.37446653842926031 -0.047300718724727624 -0.81543558835983265 0.18497218191623691 1.0231342911720278 1.0000000180025095e-35 0.65365403890609752
decision_type=2 2 2 2 2 2 2 2 2 2 2 2 2 2 2 2 2 2 2 2 2 2 2 2 2 2 2 2 2 2
left_child=2 4 3 19 5 -2 -7 8 -3 -10 -9 -12 -13 14 17 16 -16 -14 -19 -1 21 22 27 -23 -8 -26 -15 -6 -29 -30
right_child=1 7 -4 -5 20 6 24 10 9 -11 11 12 13 26 15 -17 -18 18 -20 -21 -22 23 -24 -25 25 -27 -28 28 29 -31
leaf_value=0.0052001106789962828 -0.00076980793716083956 0.016336408655579487 -0.0040663800643515246 -0.00043226072365233761 0.00083151075968631834 0.020227031523634174 -0.015659992954924651 -0.0027373170871108979 0.0058664511650288005 -0.0022580005513115537 0.0067279223961427452 -0.0056037320720569777 0.020368215335998342 0.0039265400142028308 0.023298013510781784 -0.0011859929254138695 -0.0053163263871178904 -0.043659797355247804 -0.0060628398011884571 0.0023919250493396691 -0.0031494229377411831 -0.00021454889561225049 -0.006559944434130183 0.005341081855985432 0.022648154487564603 -0.0018477591859650778 0.00065710682611124004 -0.0023846850676871802 0.0082248729192449677 -0.0040876341384363463
leaf_weight=3913.4409082700586 110141.78181390595 169.18144114024471 733.13914723717608 2879.5516942770482 21047.927295371919 125.21943456865847 53.260139971040189 2195.8236777602579 1156.4773035998223 616.51398266223259 1542.6712027693866 630.22986980655696 24.870949900243431 2199.8092993937898 93.002744985278696 4392.6389977341751 58.938004139345139 40.452688552439213 422.81137084204238 12381.843365270877 1742.9212944377214 1323.8295963210403 562.26396194368135 1861.9045717576519 59.161921320483088 118.92755824979395 22900.999624357675 4351.2263325845706 467.89923357253429 210.0722589379875
leaf_count=74242 1755909 1769 10922 55759 295530 151 87 38735 12589 13245 11427 9470 98 18678 368 65109 591 40 4403 172746 32534 21573 11679 19591 79 237 339105 87730 5162 4371
internal_value=0 -0.000256274 0.00229755 0.0025419 -0.000501792 -0.000740896 0.00808692 0.000700622 0.00423186 0.00304012 0.000501247 0.000721818 0.000419656 0.000546509 -0.00143624 -0.000723085 0.012318 -0.00800682 -0.00970112 0.00306772 0.000334994 0.000539162 0.000240272 0.00303366 0.00126479 0.00658391 0.000944396 0.000388052 -0.00146618 0.00440159
internal_weight=198419 178511 19908 19174.8 142066 110498 356.569 36444.4 1942.17 1772.99 34502.2 32306.4 30763.8 30133.5 5032.71 4544.58 151.941 488.135 463.264 16295.3 31568 29825.1 26639.4 3185.73 231.35 178.089 25100.8 26077.1 5029.2 677.971
internal_count=3063929 2750260 313669 302747 2234633 1756463 554 515627 27603 25834 488024 449289 437862 428392 70609 66068 959 4541 4443 246988 478170 445636 404472 41164 403 316 357783 392793 97263 9533
is_linear=0
shrinkage=0.03


Tree=217
num_leaves=31
num_cat=0
split_feature=17 75 26 15 15 65 18 72 73 75 31 7 7 7 1 64 2 70 73 69 2 2 1 2 73 73 5 39 72 71
split_gain=127.198 44.6774 35.0106 31.9537 28.1578 30.1432 32.3517 29.8202 39.5635 34.4042 43.9855 29.5151 41.8405 52.843 75.5882 72.8283 85.2646 78.4151 70.107 53.0716 50.5087 48.9325 53.8728 53.3832 55.0617 46.262 45.6431 45.1959 44.8626 49.9075
threshold=0.63123199343681347 0.034738782793283469 0.31061333417892462 0.61035025119781505 0.22396993637084964 0.13979972153902057 1.0000000180025095e-35 0.071010991930961623 0.68367964029312145 0.64820393919944774 1.0000000180025095e-35 0.39477899670600897 0.22254069149494174 0.21091862767934802 0.025200523436069492 0.59852737188339245 -0.75234407186508168 -0.036202039569616311 0.48717020452022558 -0.7837657332420348 0.06783540174365045 0.24671462178230288 -0.31443564593791956 -0.025974907912313935 0.45050227642059332 0.4039397686719895 1.3540498018264773 1.0000000180025095e-35 0.31894396245479589 -0.26449652016162867
decision_type=2 2 2 2 2 2 2 2 2 2 2 2 2 2 2 2 2 2 2 2 2 2 2 2 2 2 2 2 2 2
left_child=1 -1 4 -2 5 6 11 -7 9 -9 -11 12 13 -3 15 16 -15 27 19 -16 -17 23 -23 -14 -25 -21 -19 -18 -26 -30
right_child=3 2 -4 -5 -6 7 -8 8 -10 10 -12 -13 21 14 18 20 17 26 -20 25 -22 22 -24 24 28 -27 -28 -29 29 -31
leaf_value=0.0035977093578726427 0.0018570545539301083 -0.0044073885026606882 0.0001406476472256373 0.010258501253175073 0.0013080679266094866 -0.0044576903305132212 -0.0008269980119444526 0.0044929738006136821 -0.0027616820350778574 0.0061634205364638501 0.040153566646174761 0.0037363931103211825 -0.012030777383370215 0.040471778003699381 0.037478526445647795 0.033217762114926261 -0.016343542858538215 -0.038309861824718135 -0.0061214714276759943 -0.036783716439989914 -0.029033706359467851 0.014567866097771642 -0.021868865256263605 -0.010115665416454702 0.033806434425211862 0.024238832244397924 0.0075944807643296176 0.03677243854030348 -0.021595397683530276 0.016846046170619283
leaf_weight=2617.1297912040318 24674.072800337322 2161.6808695659347 74255.20483401262 410.7685420949274 5753.5420194260951 515.24263436224282 83357.627626304486 1690.1202078952047 673.55048282237112 89.877346047607716 53.643608195474371 447.8300354220919 399.18402808999235 20.044118179866928 131.58735680417158 56.341129410226131 24.335037064505741 116.80141596321482 72.137846902842284 15.829456775216384 11.207127093104644 37.975147333578207 336.64656579802977 137.33276672684588 65.66937427863013 21.639406545786187 21.638922017998993 25.961715599987656 42.452923634875333 84.042808498372324
leaf_count=42818 416493 111234 897846 9378 52390 5331 1377878 34795 28054 2735 308 25306 23811 417 204 463 138 971 963 116 119 1005 19911 6042 507 76 196 117 1684 2623
internal_value=0 -0.000289124 -0.000348854 0.00199642 -0.000726086 -0.000855351 -0.000957059 0.00208795 0.00343987 0.00572138 0.0196426 -0.00351561 -0.00437844 -0.00234474 0.00623 -0.00445731 -0.0132173 -0.0196641 0.0183655 0.0287403 0.0217808 -0.0092866 -0.0180485 -0.00470192 0.00420123 -0.0024942 -0.0310914 0.0116797 0.0144535 0.00364383
internal_weight=198321 173236 170619 25084.8 96363.9 90610.4 87588 3022.43 2507.19 1833.64 143.521 4230.34 3782.51 2679.2 517.524 276.329 208.781 188.737 241.194 169.056 67.5483 1103.3 374.622 728.682 329.498 37.4689 138.44 50.2968 192.165 126.496
internal_count=3063929 2638058 2595240 425871 1697394 1645004 1573781 71223 65892 37838 3043 195903 170597 115014 3780 2421 1839 1422 1359 396 582 55583 20916 34667 10856 192 1167 255 4814 4307
is_linear=0
shrinkage=0.03


Tree=218
num_leaves=31
num_cat=0
split_feature=75 75 22 66 70 75 54 15 72 75 12 18 18 72 24 26 22 20 64 22 1 21 26 4 24 27 9 70 13 44
split_gain=125.851 49.7986 34.1815 34.6371 40.5838 35.568 30.3073 28.5349 27.8837 31.9239 27.8695 27.7242 26.87 32.147 29.9536 36.8404 26.5477 26.0438 25.5824 40.2132 28.1173 26.8123 25.2791 25.9933 27.8066 38.503 30.1554 24.7068 34.5081 29.9049
threshold=0.048753544688224799 0.18659061193466189 1.1162751317024233 -0.47320838272571558 0.010894572827965023 0.34276165068149572 0.22396993637084964 1.0000000180025095e-35 0.0038789685349911456 0.026082620024681095 0.22396993637084964 0.70072525739669811 0.58756005764007579 0.20334322750568393 0.53458327054977428 0.71544814109802257 1.078208386898041 0.43984289467334753 -0.9999999701976775 0.41415111720561987 -0.047874640673398965 0.59725317358970653 1.2178415060043337 0.14931328594684604 0.46720869839191442 0.4567199051380158 0.29957322776317602 0.022338556125760082 0.42514967918396002 0.90957555174827587
decision_type=2 2 2 2 2 2 2 2 2 2 2 2 2 2 2 2 2 2 2 2 2 2 2 2 2 2 2 2 2 2
left_child=7 6 11 -4 10 -6 17 -1 -9 -10 -5 12 14 -14 16 -16 18 22 19 20 -3 27 23 24 -2 -26 -27 -20 29 -29
right_child=1 2 3 4 5 -7 -8 8 9 -11 -12 -13 13 -15 15 -17 -18 -19 21 -21 -22 -23 -24 -25 25 26 -28 28 -30 -31
leaf_value=0.00032184158041609221 -0.001775557422822042 -0.029616762423575135 0.012064834626052269 -0.020200786917516735 0.024373209605680103 -0.028600484295752005 0.0012138572817467789 0.0014492756518434502 0.0078419561062653929 0.0032806900819156038 0.016013322519676434 -0.0087869861350481221 0.00084422614382603897 -0.0045947113767687859 0.019694663805919548 0.0020699647852957664 0.01515374123097645 0.0010703582579422207 -0.00092097214613476547 0.00084473482760550613 -0.0086630892761556198 -0.0031092430518850096 -0.011553938723437325 8.8000101491312598e-05 0.025637116342776534 -0.014441430423712563 0.013801162770151873 0.00030085507123628325 0.011954124509206264 0.020139498126107609
leaf_weight=3896.4019414322393 11452.345666280227 83.319566965801641 53.705390957649797 260.44609526405111 38.837948475033045 11.774618578609077 24477.450560488971 4638.2982498431593 1841.770148732161 5570.5003495959172 17.575609375722706 369.84677012381144 15553.894570826786 1039.5089553443104 113.02862137649208 1245.814346594736 88.691728613339365 13994.60881611472 69367.895177358019 268.57722940319218 188.66802781997831 4527.9813405128662 178.86190520180389 30354.774990017635 75.899772187694907 66.663850556127727 61.600476357154548 8091.4065414688375 238.5307752485387 64.980845088604838
leaf_count=68008 144318 589 379 2234 139 221 342878 59035 41147 86706 92 14560 237927 28304 364 12935 463 157695 1176232 1360 946 49765 3280 473322 214 761 358 157651 1063 983
internal_value=0 -0.000223596 -0.000665361 -0.00957287 -0.013225 0.0107747 0.000332924 0.0025553 0.00327673 0.00441828 -0.0177008 -0.000631301 -0.000601006 0.000502203 -0.00081828 0.00359279 -0.00089079 -5.08429e-05 -0.000908755 -0.00739116 -0.0154345 -0.000865761 -0.000422922 -0.000374329 -0.00157829 0.00928727 -0.000836387 -0.000734916 0.000801654 0.000469253
internal_weight=198234 182287 101624 382.34 328.634 50.6126 80662.2 15947 12050.6 7412.27 278.022 101242 100872 16593.4 84278.9 1358.84 82920.1 56184.8 82831.4 540.565 271.988 82290.8 42190.1 42011.3 11656.5 204.164 128.264 77762.8 8394.92 8156.39
internal_count=3063929 2809033 1686207 3065 2686 360 1122826 254896 186888 127853 2326 1683142 1668582 266231 1402351 13299 1389052 779948 1388589 2895 1535 1385694 622253 618973 145651 1333 1119 1335929 159697 158634
is_linear=0
shrinkage=0.03


Tree=219
num_leaves=31
num_cat=0
split_feature=17 47 16 73 34 48 26 36 2 3 70 5 2 1 1 70 74 52 69 72 36 53 6 7 7 6 22 64 70 21
split_gain=123.685 38.3902 34.7155 30.4313 29.698 28.2035 33.4163 28.4694 27.0285 25.0977 25.8646 27.5242 33.6048 31.2226 35.2267 26.6069 42.0326 31.5061 29.5243 29.3454 26.3242 35.4459 33.5719 52.2338 56.9898 42.5342 33.6802 32.7569 57.4753 57.5778
threshold=0.61035025119781505 0.22396993637084964 0.65050083398818981 0.14648016542196277 0.46720869839191442 0.63627532124519359 1.0455052852630617 1.2714601755142214 -0.96714979410171498 1.2833579182624819 -0.0075720280874520532 1.3716518282890322 -0.15710953623056409 -0.59679266810417164 -0.4840987473726272 -0.043163711205124848 0.27773369848728185 0.3354459702968598 -0.043732231482863419 0.32876345515251165 1.0000000180025095e-35 0.54616111516952526 0.029104033485054973 0.24802097678184512 -0.42589944601058954 0.39818593859672552 1.4270153045654299 -0.51751914620399464 0.068916071206331267 0.14931328594684604
decision_type=2 2 2 2 2 2 2 2 2 2 2 2 2 2 2 2 2 2 2 2 2 2 2 2 2 2 2 2 2 2
left_child=1 3 -2 -1 5 -3 7 -7 -6 10 11 15 -13 -14 -15 16 -5 18 -18 -19 21 -12 23 24 -22 26 27 28 -24 -30
right_child=2 4 -4 9 8 6 -8 -9 -10 -11 20 12 13 14 -16 -17 17 19 -20 -21 22 -23 25 -25 -26 -27 -28 -29 29 -31
leaf_value=0.00013958356293641077 0.0014132386592682243 0.0011475420614796633 0.0048089567675430904 -0.0046372846197091297 0.02069354582606308 -0.00042579317927976843 -0.0091412738990055021 -0.014921818885440174 0.0021622513891629302 -0.0050976029382123669 -0.0020151847460522006 -0.0066503238955456269 -0.023583113779579362 0.035085718323072404 0.008997400284776998 0.00054903462506517313 -0.0048982322654325811 0.033564506815530387 0.012403359950397212 0.0054996930619040313 0.010228540325325972 0.01365249062979834 -0.00070811239710658383 0.0072122532515761376 -0.0011224910103159252 0.0012324903722317252 0.019678270880798009 -0.0021706260948406836 0.018412002231203036 -0.0055105688836597872
leaf_weight=40836.650377095677 27900.117611693429 12518.817811951907 2999.9508135532305 2114.1246002361586 67.710426982259378 12324.323301716162 419.41332877101377 119.18268866743892 6798.0125486800098 1226.8152639431355 21171.341478714872 126.96845808340004 19.076824577699881 50.693488054908812 366.20062295589014 14302.909785647716 286.70896550211182 52.68219004641287 123.76584122014174 88.117308855129522 439.37819389643846 126.7489436204196 20462.916125637024 1153.1746813426435 3892.0262173634255 7030.6087386315921 64.82081826031208 20674.281412237044 273.52088732339325 131.76745951652993
leaf_count=504546 439924 176605 64137 33164 274 190549 5227 5598 85832 41410 386464 5076 531 352 7290 252227 11326 451 4485 2742 5116 1349 303618 6428 63164 120556 49 340355 3490 1594
internal_value=0 -0.000322153 0.00174364 -0.00054429 0.000607712 0.000133894 -0.000852338 -0.000569747 0.00235761 -0.000840864 -0.000784417 0.000253297 0.00675574 0.0106952 0.0124837 3.57662e-05 -0.00271352 0.00463625 0.000377021 0.0166688 -0.00102569 -0.00191919 -0.000673886 0.00155007 3.62959e-05 -0.000924866 -0.0012896 -0.00132432 -0.000485398 0.0106455
internal_weight=198163 167263 30900.1 135015 32247.5 25381.7 12862.9 12443.5 6865.72 94178.6 92951.8 17531.2 562.939 435.971 416.894 16968.3 2665.4 551.274 410.475 140.799 75420.6 21298.1 54122.5 5484.58 4331.4 48637.9 41607.3 41542.5 20868.2 405.288
internal_count=3063929 2559868 504061 2095783 464085 377979 201374 196147 86106 1591237 1549827 317644 13249 8173 7642 304395 52168 19004 15811 3193 1232183 387813 844370 74708 68280 769662 649106 649057 308702 5084
is_linear=0
shrinkage=0.03


Tree=220
num_leaves=31
num_cat=0
split_feature=75 75 22 2 7 26 17 6 6 11 7 26 35 74 75 7 18 3 75 6 48 6 75 6 39 26 75 7 36 32
split_gain=122.964 49.7516 30.0081 34.7771 53.6066 29.9373 29.0771 28.7017 39.1183 31.9125 31.0515 27.8541 27.156 30.4959 26.9326 26.597 25.1701 25.0377 24.5335 24.9803 23.8015 26.5866 43.8694 37.5232 53.8942 44.5186 43.9672 33.7042 41.6156 35.4554
threshold=0.045960653573274619 0.18659061193466189 1.1162751317024233 -0.12506050616502759 0.21500050276517871 0.31061333417892462 0.53458327054977428 0.40422330796718603 0.40277789533138281 0.31061333417892462 0.20552932471036914 1.1062071323394778 1.0000000180025095e-35 0.085943099111318602 0.26734222471714025 0.56438687443733226 0.70072525739669811 0.10134136304259302 0.016084345057606701 0.50154784321784984 1.2410489320755007 0.39159533381462103 0.52621215581893932 0.30833633244037634 0.50316895544528972 1.0000000180025095e-35 1.9385456442832949 0.37824505567550665 0.14931328594684604 0.42082132399082189
decision_type=2 2 2 2 2 2 2 2 2 2 2 2 2 2 2 2 2 2 2 2 2 2 2 2 2 2 2 2 2 2
left_child=15 5 6 4 -4 17 16 8 -7 11 -10 -9 13 -5 -6 18 20 -2 19 -1 21 23 -23 24 -3 -25 -26 28 -27 -30
right_child=1 2 3 12 14 7 -8 9 10 -11 -12 -13 -14 -15 -16 -17 -18 -19 -20 -21 -22 22 -24 25 26 27 -28 -29 29 -31
leaf_value=0.0079154301710036047 0.00041236022540792487 -0.00087052529514942099 -0.020523963977743191 -0.029725464820210722 -0.00012188390298240487 0.0012365690893329606 0.0018671233085846418 -0.00059332115247742029 -0.0081122451130772964 0.011515131138469531 0.01285835824449528 -0.009138260227374807 0.005222627349310339 -0.0069346906120004801 0.036021705433064044 -0.0042198420192809298 -0.0085545080794065705 -0.0010286453371552396 0.002539697293137608 -0.015835103531126642 -0.021441176761323025 0.0011541292217177605 -0.0057919342167915919 -0.0056051705151602951 0.0013061398253495012 0.00031362237508213587 0.016929212458442436 -1.1937364776627672e-05 -0.005796256269275578 -0.0016600558324864601
leaf_weight=1125.3595010128083 26203.132676615351 53632.270169570053 43.183321862015873 115.29942215327173 32.437332547269762 29630.602468095181 4054.3968893435667 6893.6886031145114 71.695412474335171 183.48022004216909 419.05263769149315 357.51836864207871 47.227333571529016 101.59139209729619 38.515886830631644 481.34041183110094 364.22372202499537 18515.099739992875 12612.116354941794 37.57475477620028 45.761762615060434 11067.948897725408 879.53620404345565 2629.9240701650851 9363.3374743096356 3181.4439075358969 161.07835552678443 8335.47983521063 3829.8907669567416 3648.5448326370388
leaf_count=26208 389811 840751 660 671 332 337624 43269 102320 1197 1068 3254 5545 451 853 98 6446 14526 306626 196778 845 2316 209442 23883 110985 103011 59723 1225 111346 88624 74041
internal_value=0 -0.000208156 -0.000652323 -0.0090431 0.00465279 0.000340142 -0.000620558 0.000964565 0.00137661 -0.000704067 0.00974476 -0.00102005 -0.0149596 -0.0193896 0.0203134 0.00268363 -0.000724507 -0.000184211 0.00292634 0.00709254 -0.000694639 -0.000683892 0.000640638 -0.000870619 -0.000501151 -0.00194915 0.00157783 -0.00144166 -0.00255879 -0.00378087
internal_weight=198103 183846 101572 378.255 114.137 82274.3 101194 37556 30121.4 7434.69 490.748 7251.21 264.118 216.891 70.9532 14256.4 97139.4 44718.2 13775.1 1162.93 96775.2 96729.5 11947.5 84782 63156.7 21625.3 9524.42 18995.4 10659.9 7478.44
internal_count=3063929 2833652 1686207 3065 1090 1147445 1683142 451008 342075 108933 4451 107865 1975 1524 430 230277 1639873 696437 223831 27053 1625347 1623031 233325 1389706 944987 444719 104236 333734 222388 162665
is_linear=0
shrinkage=0.03


Tree=221
num_leaves=31
num_cat=0
split_feature=75 75 18 24 4 64 1 66 31 39 15 17 49 3 21 7 7 36 21 1 18 61 3 4 9 64 1 26 1 21
split_gain=120.977 36.9717 36.0933 27.1314 28.8238 26.2198 27.4355 30.0289 26.158 25.7614 24.6624 23.3381 22.248 29.2787 26.5528 27.2207 36.368 26.1879 25.2602 24.9096 23.8806 22.541 32.7246 22.22 35.2808 23.4702 36.9166 35.4855 45.297 30.3329
threshold=0.068344764411449446 0.021746934391558174 0.53458327054977428 0.37446653842926031 0.37498413026332861 -0.99964517354965199 0.43639770150184637 0.082032907754182829 0.98048108816146862 1.287598252296448 0.50316895544528972 0.65050083398818981 1.0000000180025095e-35 0.044131929054856307 0.65530428290367138 0.19498275965452197 0.21500050276517871 1.2346035242080691 0.2834331095218659 -0.19286596775054929 0.37446653842926031 0.41790074110031133 0.58682999014854442 0.14931328594684604 0.42766661942005163 -0.99139386415481556 -0.53012841939926136 0.22396993637084964 -0.46477940678596491 1.0000000180025095e-35
decision_type=2 2 2 2 2 2 2 2 2 2 2 2 2 2 2 2 2 2 2 2 2 2 2 2 2 2 2 2 2 2
left_child=1 -1 3 12 5 -5 7 -7 11 -10 -3 -4 14 18 17 -16 19 23 -14 -17 -20 -21 -23 24 25 27 -27 -2 -29 -30
right_child=2 10 8 4 -6 6 -8 -9 9 -11 -12 -13 13 -15 15 16 -18 -19 20 21 -22 22 -24 -25 -26 26 -28 28 29 -31
leaf_value=0.0053733207360734158 -0.0003667715839504557 0.0012860582114483103 -5.4693802789135853e-05 0.019759121317570346 0.00016990188467190103 0.0031592351441338839 -0.020987751462347312 0.019871284278934226 0.011335159924468504 0.0018661453774381981 0.0058037318706277204 0.0022170478755296919 -6.5352532791403207e-05 -0.00022531044197780748 -0.0002613077652014911 -0.039992421591143509 -0.0044952489898535571 -0.0086679264184263121 0.015586016428699306 -0.017441818288029095 0.0045066425644989657 0.030706842963367662 -0.018635852759350674 -0.00053631455477568815 0.01120963188865972 -0.010975760614414461 -0.0020694679797870403 0.035295411238063762 -0.0225805996023755 0.0095755979863759947
leaf_weight=2404.1830789560554 2545.6007530186325 24732.346539579688 80642.137609656464 112.87707611126825 2338.1590319783427 654.31269472476561 32.460716387722641 110.32009787741117 339.21111695596483 1064.6868742488441 1134.7493000822142 4282.1568711911677 658.32066062942613 7193.41637703171 1064.0928886855254 33.410799297504127 1338.7506860478316 386.35786449670559 245.11920957360417 169.57476367522031 614.49987543700263 20.562968506477773 20.014906048774719 49251.563941764362 183.43618204258382 426.8767774124135 15730.110672303716 52.190422536805272 27.612642063759267 157.46148982376326
leaf_count=52073 25650 366857 1186519 347 24280 4909 328 885 2567 15065 16361 82715 4752 119716 8858 117 14855 10796 1296 590 4416 26 139 906961 859 11828 198971 148 256 789
internal_value=0 0.00181679 -0.000302714 -0.00074793 0.00193798 0.00645547 0.00447666 0.00566714 0.000127194 0.00418296 0.00148528 5.99008e-05 -0.000856968 0.00057378 -0.0010316 -0.00397882 -0.00646902 -0.000917877 0.00435421 -0.0170518 0.00772868 -0.0127047 0.00677944 -0.000873515 -0.00174144 -0.00186945 -0.00230771 0.000673122 0.0116699 0.00437795
internal_weight=197967 28271.3 169695 83367.1 3248.13 909.971 797.094 764.633 86328.2 1403.9 25867.1 84924.3 80119 8711.36 71407.6 2646.41 1582.31 68761.2 1517.94 243.563 859.619 210.153 40.5779 68374.9 19123.3 18939.9 16157 2782.87 237.265 185.074
internal_count=3063929 435291 2628638 1341772 30749 6469 6122 5794 1286866 17632 383218 1269234 1311023 130180 1180843 24585 15727 1156258 10464 872 5712 755 165 1145462 238501 237642 210799 26843 1193 1045
is_linear=0
shrinkage=0.03


Tree=222
num_leaves=31
num_cat=0
split_feature=17 47 16 73 34 32 53 32 6 6 36 2 4 3 65 65 64 71 71 36 74 73 65 48 66 66 7 7 21 24
split_gain=118.603 36.1431 33.091 28.621 27.7761 30.2192 32.1816 27.3146 48.3202 30.1194 28.3627 25.2189 22.9748 29.1124 32.3446 48.9868 54.8151 37.9613 52.9529 36.7665 49.4287 55.5332 46.0846 38.1168 30.6 39.3779 41.061 43.7736 29.1659 28.7241
threshold=0.61035025119781505 0.22396993637084964 0.65050083398818981 0.14648016542196277 0.46720869839191442 0.90670809149742138 1.5368628501892092 0.68650066852569591 0.40833660960197454 0.48230510950088507 1.0037059187889101 -0.96714979410171498 0.20707555115222934 0.2035058066248894 0.013093825429677965 -0.01453463966026902 -0.98943880200386036 -0.29462605714797968 -0.28943005204200739 0.53974768519401561 0.21697477996349337 0.68367964029312145 0.067049495875835433 0.2834331095218659 -0.10147790983319281 -0.27089945971965784 0.18439561128616336 0.23984282463788989 0.59014236927032482 0.53458327054977428
decision_type=2 2 2 2 2 2 2 2 2 2 2 2 2 2 2 2 2 2 2 2 2 2 2 2 2 2 2 2 2 2
left_child=1 3 7 -1 5 -3 -7 8 -2 -9 -11 -6 13 29 15 24 17 -17 -19 -16 -21 22 -22 -24 25 -15 -27 -28 -26 -5
right_child=2 4 -4 12 11 6 -8 9 -10 10 -12 -13 -14 14 19 16 -18 18 -20 20 21 -23 23 -25 28 26 27 -29 -30 -31
leaf_value=0.00013228540526088583 0.0014386908873145481 0.00037352390242260621 0.0047083606059337051 -0.00073669174547836473 0.020149892003179154 -0.0060716419540440651 0.0074855163228761852 0.0022337975049255116 -0.0026310002100021208 0.010316582169257007 -0.0042118935594675101 0.0020922444731897119 -0.0005108696616731741 -0.00071218377938868772 -0.001737658698837152 -0.0060001228790501826 -0.0079843466941792157 0.030130490476537389 0.00034629357382009291 0.001555993201433032 -0.0015395941858883414 -0.022492479980665402 0.041485883157503907 -0.012894063539860593 0.0038912385815891709 -0.00046395905810697139 -0.024735170293548037 -0.0055485491394446623 -0.017043301134178086 0.010466307213109394
leaf_weight=40780.198573085829 17558.040715587813 24015.431070744904 2987.27278603593 13989.374237098986 66.454763859976083 1162.5429124546936 178.44258001935668 6311.0490792510464 3082.9141216126736 770.96439261105843 140.53906417638063 6797.3263890517992 65671.661105304825 2244.1355250839115 3632.4841365610118 1069.8398086283414 3087.9210478550085 52.291543011087924 1188.0574925774126 717.06487973296316 40.018626363482326 21.575627274287399 98.130407740187366 11.102582425228318 1198.9567994305398 321.34621533524478 200.98087973636575 231.86829114361899 59.050766775151715 205.02358408179134
leaf_count=504546 265374 352722 64137 142918 274 23062 2195 97806 61777 11272 3695 85832 1157375 39450 71407 12892 96396 290 13942 10028 1192 1076 563 397 26058 7876 1988 5369 885 1135
internal_value=0 -0.000315638 0.00170884 -0.000531383 0.000586931 0.000128337 -0.00424737 0.00138647 0.000830236 0.00297413 0.008063 0.00227937 -0.00081922 -0.00153269 -0.00249429 -0.00347461 -0.00537137 -0.00186903 0.00169839 -0.000398351 0.00505911 0.019366 0.0258755 0.0356587 -0.0010652 -0.00271272 -0.00862431 -0.0146125 0.0028541 -0.000571656
internal_weight=197892 167041 30850.8 134821 32220.2 25356.4 1340.99 27863.5 20641 7222.55 911.503 6863.78 94040.9 28369.2 14174.8 9654.45 5398.11 2310.19 1240.35 4520.38 887.892 170.827 149.252 109.233 4256.34 2998.33 754.195 432.849 1258.01 14194.4
internal_count=3063929 2559868 504061 2095783 464085 377979 25257 439924 327151 112773 14967 86106 1591237 433862 289809 205146 123520 27124 14232 84663 13256 3228 2152 960 81626 54683 15233 7357 26943 144053
is_linear=0
shrinkage=0.03


Tree=223
num_leaves=31
num_cat=0
split_feature=75 17 37 6 4 74 64 1 6 2 65 6 69 1 20 2 36 75 48 6 21 65 2 17 21 20 19 65 71 69
split_gain=119.057 55.2391 31.4858 26.7781 27.3365 26.4586 25.4609 36.8214 38.8279 27.0448 25.8079 31.5911 26.7354 39.5902 23.122 31.26 22.7784 22.2386 21.8271 21.4176 21.2308 47.1225 31.8475 47.9279 53.5303 26.0237 30.7631 40.461 27.5072 23.47
threshold=0.039157260209321983 0.58756005764007579 1.0000000180025095e-35 0.038979940116405494 0.40690015256404882 0.0021170956315472726 -0.81378042697906483 0.4692430198192597 0.10889055579900743 -0.5659486949443816 0.27005887031555181 0.37255376577377325 -0.99999937415122975 0.43639770150184637 1.0470444560050967 -0.10935926437377928 1.6144652962684634 0.019111314788460735 1.1898111104965212 0.042795777320861823 0.99878552556037914 0.00076813960913568746 -0.0081034838221967203 0.31061333417892462 1.290499269962311 0.9900285303592683 0.49501426517963415 -0.010081720072776077 -0.22228917479515073 0.61341163516044628
decision_type=2 2 2 2 2 2 2 2 2 2 2 2 2 2 2 2 2 2 2 2 2 2 2 2 2 2 2 2 2 2
left_child=5 2 14 4 -4 -1 10 9 -9 19 12 -12 13 -5 20 -16 -3 -7 -11 -8 -2 22 23 -22 -25 26 27 -24 -29 -30
right_child=1 16 3 6 -6 17 7 8 -10 18 11 -13 -14 -15 15 -17 -18 -19 -20 -21 21 -23 25 24 -26 -27 -28 28 29 -31
leaf_value=0.0015309671020963288 -0.00061963127304185631 0.00099177346211483646 0.0015070341909935504 0.0047602246366575578 0.0078473584034019512 0.0093192176538045828 0.03765572911552837 -0.031010108715843667 -0.0055018302157436158 -0.00047509823836706542 0.023416614345491697 -0.0064186178809212029 0.00075213896455112047 0.038227431529126048 0.020990893714086176 0.0019899394515322452 0.025839907774649815 0.0038102679372557856 -0.012985019221506591 0.0068443514567473234 0.028806206003503077 -0.017311053134017186 -0.027106740273124659 -0.017343376182696421 0.022702225324357665 0.010609400002781339 -0.033589164408147916 -0.026675034450189549 0.012490667187005096 -0.023981741584838897
leaf_weight=4747.7984016751398 120710.74081738386 29493.743038774526 3451.2756735155708 150.99252660572529 741.6433720246423 771.04589039135317 20.242389559745789 59.32941577991005 379.2791436103289 17137.644233031984 93.232413429068401 45.115165485767648 13867.731458716327 36.983212647028267 95.038701788522303 373.80380659829825 29.262129585957155 4613.646302964542 122.49233327177353 149.58458262030035 65.869785192422569 217.26504991785623 53.976935514481738 76.002010226249695 44.108647878281772 59.849864226998761 40.509222633205354 20.814493211917579 114.06070409459062 14.512393698561935
leaf_count=64559 1913914 457821 40969 1079 4515 18473 39 701 8847 266762 780 1206 186220 78 165 823 151 87458 3661 1615 188 1405 269 845 60 305 127 95 605 194
internal_value=0 -0.000171052 -0.000393463 0.000382578 0.00263599 0.00316689 8.746e-05 -0.000665797 -0.0092115 -0.00044843 0.00103596 0.0137488 0.00090663 0.0120275 -0.000624341 0.00599611 0.00102005 0.00460627 -0.000567128 0.0113248 -0.000650139 -0.00582008 -0.000613855 0.00903962 -0.00234332 -0.0065803 -0.0109202 -0.00582209 0.0023455 0.00774062
internal_weight=197798 187665 158142 36255.5 4192.92 10132.5 32062.6 17868.6 438.609 17430 14194.1 138.348 14055.7 187.976 121887 468.843 29523 5384.69 17260.1 169.827 121418 706.969 489.704 185.98 120.111 303.724 243.874 203.365 149.388 128.573
internal_count=3063929 2893439 2435467 516472 45484 170490 470988 281625 9548 272077 189363 1986 187377 1157 1918995 988 457972 105931 270423 1654 1918007 4093 2688 1093 905 1595 1290 1163 894 799
is_linear=0
shrinkage=0.03


Tree=224
num_leaves=31
num_cat=0
split_feature=75 59 12 69 3 74 6 5 26 2 16 20 73 72 69 18 3 75 39 65 64 22 2 5 5 70 4 51 65 20
split_gain=117.688 42.2602 35.6026 30.6329 29.7389 40.9312 31.052 29.1753 46.7248 40.8541 31.6526 33.832 57.4733 39.0347 37.6108 30.0224 32.0603 28.04 41.1946 27.3671 27.6003 26.0641 39.5122 28.8516 38.2515 25.957 25.8556 25.3226 25.3002 41.8678
threshold=0.057743679732084281 0.63123199343681347 0.53458327054977428 0.078845404088497176 0.025666924193501476 0.0021170956315472726 0.067522000521421446 1.0945624709129336 1.0000000180025095e-35 0.21776006370782855 0.22396993637084964 1.0000000180025095e-35 0.086814779788255705 0.025480625219643119 -0.076689410954713808 0.22396993637084964 0.41056883335113531 0.18490542471408847 1.0907695889472964 -0.022132407873868939 -0.95937570929527272 1.1162751317024233 -0.028453337028622624 0.94469228386878978 0.97892069816589367 0.015329721849411728 0.42082132399082189 1.2450425624847414 -0.00088500353740528215 0.89779719710350048
decision_type=2 2 2 2 2 2 2 2 2 2 2 2 2 2 2 2 2 2 2 2 2 2 2 2 2 2 2 2 2 2
left_child=3 2 7 4 5 6 -1 17 10 -10 19 12 14 -14 -12 16 -11 28 21 20 -9 -19 23 -23 -25 -24 -6 -3 29 -2
right_child=1 27 -4 -5 26 -7 -8 8 9 15 11 -13 13 -15 -16 -17 -18 18 -20 -21 -22 22 25 24 -26 -27 -28 -29 -30 -31
leaf_value=0.0070274873297236969 -0.001003572602612879 0.00099924565440419745 0.0096359362858706495 -0.00058248390688261768 0.0006315729175936411 0.0064544875078634415 0.00058488418583774085 0.0051886095319324385 0.0010951545036115907 0.043732885863158051 -0.024988520073837863 -0.00052218841610725091 0.021840235850013053 0.0012773774957821728 0.0091609148133191074 0.0069842461051831178 0.0057601025801254863 -0.00060205490305695656 -0.01510854060537528 -0.0031519180442265361 -0.0015209123382815336 -0.006314866144976298 -0.019647610039295361 0.037671655944833578 -0.016652514559434811 0.014719963833517017 0.0038814643669923699 -0.003107369563247185 0.00066798640837308131 0.012134234634846905
leaf_weight=855.02519764964018 14564.553331796749 27373.185999734909 309.67042551469058 3239.4536810850841 7625.8031480790014 3416.2109177893471 3127.440953930447 702.64652867247787 1505.653812243545 46.426728860707954 63.05843578488566 3102.6087393107591 216.46627455344424 134.94646006380208 48.053338528610766 210.44607296388131 35.961820752476342 74951.679091160651 173.57931414793711 12561.01382522779 2513.7199976041302 86.704132361570373 200.58182484097779 34.050168067682534 13.953663310501723 18.853717295918614 3098.2599413889693 1417.263189277437 35869.612359842635 217.60512783238664
leaf_count=9990 208804 399760 1889 63093 129964 57029 38745 15728 33840 289 236 48213 427 622 187 4091 1255 1089479 5093 362111 85527 767 1179 69 272 122 38424 27355 438416 953
internal_value=0 -0.00025473 -0.000459858 0.00210278 0.00258304 0.00404624 0.00197489 -0.000481378 -0.0015127 0.00310684 -0.00194302 0.000608398 0.00814145 0.0140598 -0.0103754 0.0132809 0.0282444 -0.000308438 -0.000674862 -0.00251984 -4.91306e-05 -0.000640732 -0.00871573 0.0039843 0.021728 -0.016464 0.00157201 0.00079653 0.000237515 -0.000806639
internal_weight=197734 176372 147582 21362.2 18122.7 7398.68 3982.47 147272 21141 1798.49 19342.5 3565.13 462.525 351.413 111.112 292.835 82.3885 126131 75479.4 15777.4 3216.37 75305.8 354.144 134.708 48.0038 219.436 10724.1 28790.4 50651.8 14782.2
internal_count=3063929 2726684 2299569 337245 274152 105764 48735 2297680 552526 39475 513051 49685 1472 1049 423 5635 1544 1745154 1096981 463366 101255 1091888 2409 1108 341 1301 168388 427115 648173 209757
is_linear=0
shrinkage=0.03


Tree=225
num_leaves=31
num_cat=0
split_feature=17 73 48 19 19 26 64 65 66 3 73 73 74 72 60 73 74 65 73 28 58 69 22 22 16 48 72 69 48 18
split_gain=114.613 38.5487 31.8931 29.2497 28.8472 27.5132 24.9782 34.261 41.1622 33.3556 31.3433 30.759 40.6781 30.9153 32.9119 35.9212 29.6841 34.9859 28.4428 28.258 40.4142 27.3143 34.0452 25.0847 23.7885 24.3475 22.6 22.3623 37.2522 39.898
threshold=0.65050083398818981 0.18347688764333728 1.1861333250999453 0.51129707694053661 0.3354459702968598 0.50316895544528972 -0.95179179310798634 0.13979972153902057 0.0070641373749822387 0.47452102601528173 0.20449892431497577 0.72350609302520763 0.57476508617401134 0.024323404766619209 0.72459158301353466 0.61471551656723034 0.030477264896035198 -0.010539330542087553 0.56406208872795116 1.0000000180025095e-35 0.56247621774673473 -0.38318483531475062 1.0000000180025095e-35 1.2064728736877444 0.37446653842926031 1.0000000180025095e-35 0.005328613333404065 -0.99995127320289601 0.14931328594684604 0.31061333417892462
decision_type=2 2 2 2 2 2 2 2 2 2 2 2 2 2 2 2 2 2 2 2 2 2 2 2 2 2 2 2 2 2
left_child=1 3 5 -1 26 6 24 8 9 23 -9 12 13 21 -15 18 19 -18 -16 -11 -21 -12 -23 -8 -3 -26 -2 28 29 -10
right_child=4 2 -4 -5 -6 -7 7 10 27 16 11 -13 -14 14 15 -17 17 -19 -20 20 -22 22 -24 -25 25 -27 -28 -29 -30 -31
leaf_value=0.00010791890734246117 -0.00097981534194049847 -0.00028051566719660564 -0.014723520155894459 0.0026153262689334947 0.003952139255396156 0.00025088573019166484 -0.0015458994806047323 -0.042008467942017028 0.021425954870225833 -0.0045531733581835572 -0.013160723943379225 -0.0039045478208254059 0.038437511195726554 0.0032098774037806329 -0.00056806355479191212 -0.010127380642361907 -0.0003811648094924218 -0.0055083292725324005 0.042660291486644561 -0.017281512399238089 0.0026654507424636775 0.031340177883778957 -0.0069872513319714337 -0.015378006929571055 0.0075723383388111931 -0.00099414406531455821 0.0020371687594337952 -0.00044805738119812365 -0.0055288425092728201 0.0019278779305839421
leaf_weight=75950.017339815313 2793.302532869151 19219.304488894748 140.55710641929181 4427.8387050795282 5786.7289404192197 24447.214710610773 26177.381240182593 10.739633440971373 172.28930412238697 945.86679168324918 183.26879462454235 671.64330060952489 25.283972507342696 2359.1560193179321 17.956397244881373 22.420124853146262 2456.1511361895682 2338.8907155671768 49.871038723038509 434.06323346620775 113.81425419449806 29.007301898207515 53.377815456595272 114.66306311287917 716.51026573521085 507.06691880925791 11092.453376716381 15986.62652080493 179.23678962205304 206.56186470529065
leaf_count=1022056 32648 301198 4858 37515 92665 290283 444784 7 1017 10862 1444 24857 324 45110 260 439 68699 84445 175 4130 934 70 488 511 5646 5209 223906 354948 2378 2063
internal_value=0 -0.000240223 -0.000640961 0.000246226 0.00217266 -0.000619997 -0.000911744 -0.00125787 -0.00146013 -0.00207891 0.00164219 0.00182993 0.00324071 0.00285522 0.00391255 0.0213174 -0.00404168 -0.0028855 0.0317592 -0.00773248 -0.0131404 -0.00679038 0.00728183 -0.00160872 -2.17424e-05 0.00402693 0.00142983 -0.000241119 0.00563972 0.0109379
internal_weight=197629 177957 97578.9 80377.9 19672.5 97438.4 72991.2 52548.3 49125.5 32580.8 3422.72 3411.98 2740.34 2715.06 2449.4 90.2476 6288.79 4795.04 67.8274 1493.74 547.877 265.654 82.3851 26292 20442.9 1223.58 13885.8 16544.7 558.088 378.851
internal_count=3063929 2714710 1655139 1059571 349219 1650281 1359998 1047945 974771 614365 73174 73167 48310 47986 45984 874 169070 153144 435 15926 5064 2002 558 445295 312053 10855 256554 360406 5458 3080
is_linear=0
shrinkage=0.03


Tree=226
num_leaves=31
num_cat=0
split_feature=75 17 37 26 12 6 7 65 7 7 2 74 15 7 64 1 6 36 21 55 12 26 1 6 7 14 72 70 74 75
split_gain=116.904 53.0821 30.7776 26.1451 25.5451 25.3325 28.4075 30.4472 24.9384 24.0222 25.5105 23.6336 25.4926 23.1582 22.9639 30.0999 36.6604 24.3268 23.8993 21.9162 21.8815 21.8713 34.9481 38.904 29.3577 27.5232 25.9061 24.1254 28.8959 29.051
threshold=0.039157260209321983 0.58756005764007579 1.0000000180025095e-35 1.261660158634186 0.53458327054977428 0.038979940116405494 0.25114947557449346 -0.14164797216653821 0.25196833908557897 -0.42511934041976923 -1.1736065149307249 0.0021170956315472726 0.70072525739669811 -0.21457178145647046 -0.72603413462638844 0.45327478647232061 0.10889055579900743 1.0829214453697207 0.74996832013130199 0.22396993637084964 0.56247621774673473 1.0000000180025095e-35 0.53159528970718395 0.10278788954019548 0.12566142529249194 1.0000000180025095e-35 0.14414830505847934 -0.014315661974251269 0.025306520052254203 0.32316802442073828
decision_type=2 2 2 2 2 2 2 2 2 2 2 2 2 2 2 2 2 2 2 2 2 2 2 2 2 2 2 2 2 2
left_child=11 2 3 4 21 6 -4 -8 -9 -7 -11 -1 -13 -3 17 -16 -17 -12 -19 20 -15 22 27 24 -24 -23 -26 -2 29 -29
right_child=1 13 5 -5 -6 9 7 8 -10 10 14 12 -14 19 15 16 -18 18 -20 -21 -22 25 23 -25 26 -27 -28 28 -30 -31
leaf_value=0.0015862707336594232 0.0014588855672105273 0.005019865394070188 0.0013803002072506204 -0.0094945079588222327 0.011824721158186537 -0.0070926864374056368 -0.02850378708101358 0.01716930378851218 0.0051595157488865222 0.014277034539899059 0.0015363401616952683 0.004323705586275762 0.029567814982820757 1.7612304889516093e-05 -0.00043827648158088387 -0.030396948194120834 -0.0048889100236323623 -0.0020664090405008951 0.014430958763844627 0.0017865008509596223 0.015340310837084394 0.0020249757519929172 0.0048331651861827554 -0.001857609152357176 -0.0054106288282204529 -0.0005032556826777484 -0.023201386558532419 0.0010558124709541448 -0.0021260674283583307 -0.0050431935554558242
leaf_weight=4709.8315378162297 2824.3648316429026 1231.7748831111821 3407.1959631138016 293.86156573402695 144.85932871908881 409.32285186290392 16.524876529816538 217.19035723223351 551.53535685496172 111.22783278150018 12470.051198209112 5362.6052762832769 32.438930022603017 16045.095561760711 15895.004350690419 55.816419739858247 355.32236678956542 2670.3440028823097 77.421229862840846 12121.702403209521 80.322637824108824 4044.2009595200943 60.873586342146154 569.19724743088591 113.4237556650769 90494.97520507325 227.88824456774455 5428.1505863771963 16742.076583641821 803.27921225107275
leaf_count=64559 77648 19421 41335 4710 805 8064 107 942 3100 737 159129 105113 818 255138 247024 681 8066 46434 853 182864 549 87674 3132 26309 1494 1154942 13537 64252 475932 8560
internal_value=0 -0.000169456 -0.000387546 -0.000615999 -0.000594168 0.000379859 0.00257168 0.00770217 0.00862981 9.26731e-05 0.000186671 0.00314253 0.00449812 0.000999078 0.000135007 -0.000646965 -0.00862225 0.000973148 -0.00157964 0.000822897 9.80009e-05 -0.000609425 -0.00136644 -0.00694209 -0.0140377 -0.000394974 -0.0174334 -0.00115528 -0.00147706 0.000266151
internal_weight=197568 187463 157984 121747 121453 36237 4192.45 785.251 768.726 32044.5 31635.2 10104.9 5395.04 29478.9 31524 16306.1 411.139 15217.8 2747.77 28247.1 16125.4 121308 26769.3 971.383 402.186 94539.2 341.312 25797.9 22973.5 6231.43
internal_count=3063929 2893439 2435467 1918995 1914285 516472 45484 4149 4042 470988 462924 170490 105931 457972 462187 255771 8747 206416 47287 438551 255687 1913480 670864 44472 18163 1242616 15031 626392 548744 72812
is_linear=0
shrinkage=0.03


Tree=227
num_leaves=31
num_cat=0
split_feature=75 55 16 19 26 7 7 14 22 64 1 7 71 7 70 64 7 71 71 7 2 71 27 7 2 1 7 7 75 32
split_gain=114.143 45.4825 28.1041 26.0069 25.8082 28.4148 44.0073 22.7219 22.6283 28.4377 41.3736 37.6995 43.7046 41.1509 36.0492 48.2776 58.7178 22.7638 47.6312 22.5211 22.4369 28.2575 22.3663 20.8873 20.8808 35.4233 28.3432 31.0287 33.8214 32.8089
threshold=0.045960653573274619 0.37446653842926031 0.50316895544528972 0.51129707694053661 1.0000000180025095e-35 -0.33686341345310206 0.21091862767934802 1.0000000180025095e-35 1.0000000180025095e-35 -0.36516906321048731 -0.034936903044581406 0.20734930038452151 -0.017902746796607968 0.19089193642139438 -0.0043559642508625976 -0.91730979084968556 0.18439561128616336 -0.23459982126951215 0.40852315723896032 0.56438687443733226 0.22439184039831164 -0.12098510935902594 0.14931328594684604 1.0000000180025095e-35 -0.16670320183038709 -0.32335843145847315 0.21250396966934207 0.68595293164253246 0.26734222471714025 1.0000000180025095e-35
decision_type=2 2 2 2 2 2 2 2 2 2 2 2 2 2 2 2 2 2 2 2 2 2 2 2 2 2 2 2 2 2
left_child=3 2 4 19 5 -2 8 20 9 10 14 13 -13 -11 -7 -16 -17 -18 -19 -1 22 -22 -6 -4 25 -8 -27 28 29 -28
right_child=1 -3 23 -5 7 6 24 -9 -10 11 -12 12 -14 -15 15 16 17 18 -20 -21 21 -23 -24 -25 -26 26 27 -29 -30 -31
leaf_value=0.0023085253486236222 0.00097991224353042509 0.0008295912748240438 0.006777876529569315 0.0056211571525701352 0.002311044946239506 -0.0087457117291819802 0.0043420335766068312 -0.00038617569948724666 -0.0027368464876438041 -0.0086765807744247289 -0.011254492531546464 -0.027216210646565282 0.041644631648452085 -0.026734440503280481 -0.0047334428357290199 -0.0014446065526922626 0.044260811382190235 -0.026976452643472926 0.039862953313056573 -0.0043962692356466155 0.0026887850534281347 0.0156350359625132 -0.0025738102076236836 0.00091027661273865149 -0.0004316516485121071 0.017213552863998133 -0.010342129302590958 0.0012430922185648838 -0.010511712561169213 0.002631359581665319
leaf_weight=11531.890886381232 4371.8154794175025 31866.620359454741 589.89122133149067 2163.5737809861967 2823.3968428855442 148.20336700731423 462.35476967164141 107479.71384667211 6697.4255240960774 522.60644888929164 300.49917988557718 9.0628843938466179 20.829988215817139 144.61173663754016 124.73278677975759 68.79359353685868 64.600388361606747 13.387756289332176 17.821142049739137 465.18047275120625 511.43765856255777 213.81682549923426 1197.9199671667593 6859.5692537214491 16450.545442415998 48.058224516920745 273.49772363033844 520.94984229202964 1051.8070850663353 472.96338677886524
leaf_count=185469 117023 448161 8159 38513 63388 5304 15547 1407180 161743 37660 17183 339 288 2829 3636 4849 337 159 53 6295 9918 4109 26488 80796 349083 185 5750 11093 41626 10766
internal_value=0 -0.000200471 -0.000417238 0.00259467 -0.000510216 -0.00126485 -0.0016231 -0.000296412 -0.00347351 -0.00689101 -0.00275527 -0.0112224 0.0198866 -0.0127331 0.00312083 0.00925082 0.0197354 0.0344367 0.0112555 0.0020468 0.00173383 0.00657655 0.000853654 0.0013789 -0.00084179 -0.00322064 -0.00470444 -0.00518941 -0.007054 -0.00214582
internal_weight=197488 183327 151460 14160.6 144011 31784.6 27412.8 112226 8132.57 1435.15 738.038 697.111 29.8929 667.218 437.539 289.336 164.603 95.8093 31.2089 11997.1 4746.57 725.254 4021.32 7449.46 19280.2 2829.63 2367.28 2319.22 1798.27 746.461
internal_count=3063929 2833652 2385491 230277 2296536 785453 668430 1511083 234380 72637 31521 41116 627 40489 14338 9034 5398 549 212 191764 103903 14027 89876 88955 434050 84967 69420 69235 58142 16516
is_linear=0
shrinkage=0.03


Tree=228
num_leaves=31
num_cat=0
split_feature=75 34 74 7 75 75 7 18 72 21 70 2 21 3 21 65 3 60 64 66 74 5 65 73 21 60 74 15 48 75
split_gain=112.375 34.4081 34.4098 36.5037 34.3509 30.2791 29.3401 27.5529 33.2405 33.0738 28.7545 27.8877 95.6412 53.6141 35.8323 42.1926 53.8926 34.5751 42.4882 39.1612 29.4238 30.0262 28.5331 26.4359 26.9254 26.3217 24.0516 25.4172 23.9039 23.7095
threshold=0.068344764411449446 0.53458327054977428 0.2212256193161011 0.16452314704656604 0.034738782793283469 0.46162927150726324 0.20058165490627292 0.61035025119781505 0.20606220513582232 1.3533818721771242 0.00078935458441264938 0.15617071837186816 1.0000000180025095e-35 0.28146789968013769 1.1006566882133486 -0.022132407873868939 0.23910008370876315 -0.088828172534704194 -0.45205706357955927 0.027177494019269947 0.0028118646005168562 0.86127248406410228 0.035255387425422675 0.071496199816465392 1.0776906013488772 0.087729390710592284 0.0021170956315472726 0.70072525739669811 1.0000292658805849 0.10986493900418283
decision_type=2 2 2 2 2 2 2 2 2 2 2 2 2 2 2 2 2 2 2 2 2 2 2 2 2 2 2 2 2 2
left_child=4 7 3 5 26 -3 -5 9 11 23 -10 14 13 17 20 -16 29 -13 22 -20 -9 -22 -19 24 25 -2 -1 -28 -25 -17
right_child=1 2 -4 6 -6 -7 -8 8 10 -11 -12 12 -14 -15 15 16 -18 18 19 -21 21 -23 -24 28 -26 -27 27 -29 -30 -31
leaf_value=0.001721198574197525 0.0027283734161051378 0.0045111857119225461 -0.0079312165603542591 -0.0065765643618602371 0.0011184030505270134 0.017987187708173417 0.0013618090365298708 -0.0012708335485812283 -0.010567189273422001 -0.02291810532085117 0.0018193370610189745 0.032556599098324056 0.00089905027081226311 -0.0078690062017878447 0.03503508975297983 0.001077631072031095 -0.037568824915497505 -0.0035527592483923917 0.032427013435554236 -0.0080120028454038882 0.0011655741836000609 -0.00062674606303082076 0.029094456194713948 -0.00071968702167579213 -0.028088140447962474 -0.010917652387931073 0.0048669653825876491 0.029972348458073072 -0.0056960176192252208 0.01526862613382746
leaf_weight=3644.2324088194728 3192.0559324553615 830.51062895020004 350.45026369058178 433.33248731459025 20545.95107379878 181.06851104320958 9961.3840560098761 12789.620152477954 471.54691142612137 56.221648113802075 258.90516815060982 121.72434900928056 3465.7872735408018 75.465125618386082 43.440951822325587 231.64275085646659 21.166426593437791 129.78287459805142 113.25249212660128 24.498070610745344 20041.378689040641 14488.578356345301 25.386891777860001 100766.01426652753 22.648471071384847 128.48705556895584 3902.0548836014568 32.877283338428242 872.67840019133291 193.48710264218971
leaf_count=54053 27286 9781 13690 8209 300370 715 133587 108040 15851 111 6727 900 52336 2091 41 1828 50 2805 1793 946 337521 324906 150 1559518 134 1064 80050 818 17715 843
internal_value=0 -0.000291751 0.00127348 0.00155936 0.0017559 0.00698911 0.00102804 -0.000408622 0.000152516 -0.000689105 -0.00618472 0.000242498 0.00266191 0.0150106 4.20085e-05 0.00808207 0.00516065 0.0192208 0.0132999 0.0251803 -4.17837e-05 0.000413411 0.00235721 -0.000676285 0.00194673 0.00218649 0.00348196 0.00510809 -0.000762681 0.00762891
internal_weight=197416 169291 11756.7 11406.3 28125.1 1011.58 10394.7 157534 52495.7 105038 730.452 51765.2 3955.9 490.11 47809.3 489.737 446.296 414.645 292.92 137.751 47319.6 34530 155.17 104982 3343.19 3320.54 7579.16 3934.93 101639 425.13
internal_count=3063929 2628638 165982 152292 435291 10496 141796 2462656 856828 1605828 22578 834250 61021 8685 773229 2762 2721 6594 5694 2739 770467 662427 2955 1605717 28484 28350 134921 80868 1577233 2671
is_linear=0
shrinkage=0.03


Tree=229
num_leaves=31
num_cat=0
split_feature=75 75 18 3 28 24 39 6 5 6 6 7 2 25 7 36 7 22 75 31 39 20 2 20 74 7 22 26 75 24
split_gain=110.49 34.7575 32.7257 25.5828 25.533 31.6462 29.1002 24.9259 26.0126 24.6758 30.6064 33.368 29.7493 25.7279 24.1896 35.1473 23.8789 23.4112 26.2751 23.0016 24.8664 22.893 26.575 25.7395 24.8293 24.9937 27.8844 53.0247 63.3478 38.2634
threshold=0.069650691002607359 0.026082620024681095 0.53458327054977428 0.025666924193501476 0.20707555115222934 0.42514967918396002 0.37446653842926031 0.39262773096561437 1.4598793983459475 0.30568799376487737 0.34527637064456945 -0.58813345432281483 0.04452198930084706 1.0000000180025095e-35 0.37824505567550665 0.14931328594684604 0.36528584361076361 0.37498413026332861 0.27973584830760961 0.98048108816146862 1.287598252296448 0.83840635418891918 0.13870638608932498 0.83621332049369823 1.0000000180025095e-35 0.24480400979518893 1.0000000180025095e-35 0.22396993637084964 0.10986493900418283 0.22396993637084964
decision_type=2 2 2 2 2 2 2 2 2 2 2 2 2 2 2 2 2 2 2 2 2 2 2 2 2 2 2 2 2 2
left_child=1 3 4 -1 7 -6 -7 8 9 -2 12 -12 -11 -13 15 16 -15 -9 -19 21 -21 23 -23 24 25 26 27 -4 -29 -30
right_child=2 -3 19 -5 5 6 -8 17 -10 10 11 13 -14 14 -16 -17 -18 18 -20 20 -22 22 -24 -25 -26 -27 -28 28 29 -31
leaf_value=0.0059628214407880563 -0.00089039250361373421 0.0013137971111979382 -0.0061261647043752039 0.00036548538614199135 -8.5664182274708631e-05 0.011062082718494813 0.00079772145759471553 -0.0014911446612294187 -0.011788009451719518 -0.0081590887915090702 0.01161797853233822 -0.0044427129344057651 0.0010165581167611241 0.0033866154797106119 0.0022778844410855825 -0.004483334670959618 -0.0095421823437419791 -0.00067371635595011594 0.0048403340616197969 0.010991384888248348 0.0016534344357491955 0.0055614958708919563 -0.0087916412134609653 -0.027714716773735541 0.00031608583131867467 -0.0020145281009211462 -0.00042811853950929538 -0.0056902470969354595 0.018341794329738918 0.0026216212790593557
leaf_weight=2680.6201862878006 46291.711921169546 25242.199331019554 307.70358635299635 1015.0650576590342 20606.673559482995 443.59378488897346 562.93578079296276 2150.801026687579 204.87181426391908 1396.4548321791954 160.64405813338817 2611.9597683302418 409.29319944081362 1083.4802832102578 1592.9523186059087 2175.4487718525343 141.78661578206811 1325.8019083524705 1870.1087372032198 336.35193846124457 1058.3500487039564 1119.3491998269456 125.65955912345089 26.162178142927587 60779.526220948457 9546.6905436937232 11246.126494223077 213.11618052795529 418.11103385034949 211.34013789193705
leaf_count=58699 691354 371871 333 17105 304370 1723 6593 50763 10755 42011 2579 87754 9252 16133 19347 43012 3852 22538 28231 2553 14994 8312 1155 219 1081551 75726 90640 125 204 175
internal_value=0 0.00171232 -0.000294249 0.00442872 -0.000718333 0.000168291 0.00535172 -0.00103042 -0.00121709 -0.0011774 -0.00256398 -0.00174336 -0.00607919 -0.00203213 -0.000767812 -0.00219679 0.00186067 0.000925724 0.00255348 0.000118075 0.00393362 5.44807e-05 0.00408571 -6.31188e-06 3.73654e-06 -0.000861126 2.71309e-05 0.00446803 0.00835299 0.0131207
internal_weight=197355 28937.9 168417 3695.69 83028.5 21613.2 1006.53 61415.3 56068.6 55863.7 9572.02 7766.27 1805.75 7605.63 4993.67 3400.72 1225.27 5346.71 3195.91 85388.5 1394.7 83993.8 1245.01 82748.8 82722.6 21943.1 12396.4 1150.27 842.567 629.451
internal_count=3063929 447675 2616254 75804 1340267 312686 8316 1027581 926049 915294 223940 172677 51263 170098 82344 62997 19985 101532 50769 1275987 17547 1258440 9467 1248973 1248754 167203 91477 837 504 379
is_linear=0
shrinkage=0.03


Tree=230
num_leaves=31
num_cat=0
split_feature=75 17 19 56 69 65 22 64 27 65 20 65 72 69 69 73 21 6 60 2 60 2 65 69 69 5 65 65 74 16
split_gain=109.447 51.0681 27.6131 25.6123 31.1481 33.3599 26.1529 25.1625 28.5147 24.0254 28.8484 28.4165 44.5014 28.7956 27.8089 25.1337 75.4496 72.6052 51.2432 42.8387 40.3479 59.9874 60.535 49.6551 42.7277 37.4325 45.7962 37.1348 36.3298 34.8761
threshold=0.039157260209321983 0.61035025119781505 0.51887804269790661 1.0000000180025095e-35 -0.99999991059303273 -0.0017357149044983087 1.0000000180025095e-35 0.99822765588760387 1.0849186182022097 -0.018341252580285069 0.90305292606353771 1.8488435671315531e-06 0.2090081870555878 -0.02849596086889505 0.028889950364828113 0.14648016542196277 1.0000000180025095e-35 0.068837314844131484 -0.14555031806230542 0.078606612980365767 0.18041500449180606 -0.054081872105598443 0.013093825429677965 -0.68935883045196522 -0.99963340163230885 0.72287821769714367 0.00035801749618258333 0.015004047192633154 0.04756260663270951 1.0000000180025095e-35
decision_type=2 2 2 2 2 2 2 2 2 2 2 2 2 2 2 2 2 2 2 2 2 2 2 2 2 2 2 2 2 2
left_child=-1 2 3 4 5 6 -2 8 -7 10 -6 12 -11 -14 -15 16 17 -13 19 -19 21 24 25 -24 -20 -23 -27 -25 -26 -22
right_child=1 -3 -4 -5 9 7 -8 -9 -10 11 -12 15 13 14 -16 -17 -18 18 20 -21 29 22 23 27 28 26 -28 -29 -30 -31
leaf_value=0.0030464703523718864 -0.043958355778913917 0.0011395357418146263 0.0018493380825327624 -1.4293001089935505e-05 0.00024685704806984033 -0.0070982787025988389 -0.012799339628942428 0.0309804352527485 0.033031641639383373 -0.0012522534183445598 0.019714274903996808 -0.01615736716450707 -0.0027351441627270733 -0.015204868901647456 -0.0054189698322540999 -0.00082903878380204815 -0.00053938836147983838 -0.025623823708018072 -0.011180366031295108 0.0099759299438162852 -0.026363534124488788 -0.0072783602651038714 0.028997100367432079 0.020916566281852112 0.027357732224781064 0.02601571857707935 0.003700197435460819 -0.027795682908313146 0.0073624469611060922 0.0081335061806259469
leaf_weight=10067.612867259362 29.812696426408365 23633.036441430682 4966.9920834191726 74153.11729233565 15373.895645577359 304.15684984259133 110.60763151617721 14.437878284836186 12.843759454786776 29990.413589178614 64.824843491893262 119.4796972672375 1927.4810624793026 391.48672931158217 801.89872696626117 27091.536562966121 6373.9255932818633 70.130985325202346 35.683668683283031 48.479999397182837 49.236222552135587 227.25785856111906 158.64937771158293 22.694591325009242 303.55022184737027 90.974334429076407 668.5237585346913 25.918690774356946 117.37507694691885 49.145348958671093
leaf_count=170490 91 381025 35342 1093037 291167 2018 935 20 4 368174 115 1740 60918 27173 33885 493592 98127 321 68 81 150 389 246 70 572 411 2490 140 1093 45
internal_value=0 -0.000163877 -0.00035222 -0.000421229 -0.000778373 -0.00843327 -0.0204802 -0.00313259 -0.00506699 -0.000734921 0.000333974 -0.000975678 -0.00160764 -0.00501536 -0.00867303 -0.00038521 0.00105206 0.00614998 0.00761096 -0.0111856 0.00891085 0.0100277 0.00644708 0.0210312 0.0192437 0.00330669 0.00650139 -0.00510805 0.0219144 -0.00944249
internal_weight=197295 187228 163595 158628 84474.4 471.859 140.42 331.438 317.001 84002.6 15438.7 68563.8 33111.3 3120.87 1193.39 35452.6 8361.03 1987.1 1867.62 118.611 1749.01 1650.63 1194.02 207.263 456.609 986.756 759.498 48.6133 420.925 98.3816
internal_count=3063929 2893439 2512414 2477072 1384035 3068 1026 2042 2022 1380967 291282 1089685 490150 121976 61058 599535 105943 7816 6076 402 5674 5479 3746 456 1733 3290 2901 210 1665 195
is_linear=0
shrinkage=0.03


Tree=231
num_leaves=31
num_cat=0
split_feature=75 75 21 22 61 7 35 74 7 75 7 6 6 6 7 6 6 74 5 36 6 74 1 6 7 7 53 6 5 7
split_gain=107.599 42.03 27.6798 26.8616 37.75 52.0439 26.4753 33.5637 26.1679 25.5069 25.4106 76.876 40.9175 38.6385 53.036 60.7801 48.1467 26.5985 24.3681 28.3627 23.4383 23.178 23.1516 25.6063 67.0886 66.9213 34.2458 29.368 30.5153 30.4537
threshold=0.048753544688224799 0.18659061193466189 0.43984289467334753 1.1162751317024233 -0.12506050616502759 0.21500050276517871 1.0000000180025095e-35 0.085943099111318602 0.56438687443733226 0.26734222471714025 0.39477899670600897 0.38167145848274237 0.37287946045398718 0.40833660960197454 0.23264190554618838 0.39818593859672552 0.35126896202564245 0.018694858066737655 1.1142060756683352 0.3114724606275559 0.38254423439502722 1.0000000180025095e-35 1.0742177963256838 0.029104033485054973 -0.42589944601058954 0.24742213636636737 0.3354459702968598 0.39159533381462103 1.4283766150474551 0.4467186182737351
decision_type=2 2 2 2 2 2 2 2 2 2 2 2 2 2 2 2 2 2 2 2 2 2 2 2 2 2 2 2 2 2
left_child=8 2 -2 22 5 -5 7 -6 21 -7 13 12 -12 14 -4 16 18 -14 19 -16 -18 -1 23 24 26 -26 -3 29 -29 -25
right_child=1 3 10 4 6 9 -8 -9 -10 -11 11 -13 17 -15 15 -17 20 -19 -20 -21 -22 -23 -24 27 25 -27 -28 28 -30 -31
leaf_value=0.0012251100116144923 -0.00035999631961000314 0.0059495793673867373 0.00092161589433633609 -0.019599621862389623 -0.030771581431763877 0.00017393391730080273 0.0049062377030251215 -0.0064375412581763785 -0.0040161023243216526 0.035360644001064805 -0.00091887262446663611 -0.0069992162066989634 0.00062042284400342783 -0.00079762745470916558 0.0018757415875461875 0.012671454195941508 -0.00045198266375675358 0.0050994200136445372 0.016913340832887837 0.0081478802375216982 0.0052415885714492821 0.0036026317280598804 -0.005906027597443699 -0.0012497724638023018 -0.00093015812924532142 0.0054831525833725445 0.022081635703727794 0.00041080824150512821 0.011430408286550269 0.00025010432722776183
leaf_weight=6346.2860111373229 33020.564317353797 843.11175178163103 19338.271522955474 42.961905227391981 108.90722625027411 32.44890550756827 46.990138792665675 98.91220071958378 551.85632845864166 40.20849469397217 7713.5034664378618 1385.3286380559293 2708.5452590251807 6780.6101767361397 1194.4449876789004 649.3536070221453 2888.4319314807362 2134.4922625943145 171.1037220696453 1430.4611605852842 835.38103300024522 8857.7370714926001 726.30264700223051 60154.319723239125 9238.6161848669144 1735.994129194296 135.48347541794647 12523.692458103178 226.38423676788807 15270.105547583255
leaf_count=77301 445674 11606 261189 660 671 332 451 853 7757 98 125711 25787 29864 113973 8957 4966 42622 40548 1266 10239 12030 169838 24267 970168 166500 11332 1017 243249 2577 252426
internal_value=0 -0.000206487 0.000306225 -0.000613004 -0.00863454 0.00542676 -0.0150175 -0.0195513 0.00237775 0.020534 0.000772096 -0.000302822 0.000437608 0.00122242 0.00173936 0.00394277 0.00306549 0.00259798 0.00603797 0.0053027 0.00082833 0.00261111 -0.000583155 -0.000544265 0.000758375 8.55353e-05 0.00826839 -0.000720932 0.000610343 -0.000946057
internal_weight=197231 181475 80250.5 101224 370.429 115.619 254.81 207.819 15755.9 72.6574 47229.9 13941.9 12556.5 33288.1 26507.4 7169.18 6519.82 4843.04 2796.01 2624.91 3723.81 15204 100854 100128 11953.2 10974.6 978.595 88174.5 12750.1 75424.4
internal_count=3063929 2809033 1122826 1686207 3065 1090 1975 1524 254896 430 677152 221910 196123 455242 341269 80080 75114 70412 20462 19196 54652 247139 1683142 1658875 190455 177832 12623 1468420 245826 1222594
is_linear=0
shrinkage=0.03


Tree=232
num_leaves=31
num_cat=0
split_feature=17 75 57 14 15 69 64 25 60 69 66 36 72 9 15 2 51 5 60 60 25 21 26 60 64 6 6 6 74 2
split_gain=106.671 39.4502 30.4831 28.8873 27.4634 24.7907 31.1456 26.4379 22.2223 38.3717 32.1707 25.119 22.198 26.4072 25.3101 22.0547 26.4081 21.1899 26.6495 29.0549 23.4935 22.8204 21.0272 22.9208 21.0252 20.8036 35.3501 30.9271 34.1769 29.3592
threshold=0.65050083398818981 0.03632833436131478 1.0000000180025095e-35 0.81924167275428783 0.65050083398818981 -0.99999991059303273 0.99513724446296703 0.71544814109802257 0.42026363313198095 -0.99999937415122975 0.51004624366760265 0.4769654124975205 0.001907210855279118 0.9220290780067445 0.22396993637084964 -0.96714979410171498 0.65050083398818981 0.24964435398578647 -0.080971475690603242 -0.021288299001753327 0.31061333417892462 0.2834331095218659 0.22396993637084964 -0.85819026827812184 -0.83586484193801869 0.038979940116405494 0.01904272194951773 0.02389999479055405 0.030890205875039104 -0.12506050616502759
decision_type=2 2 2 2 2 2 2 2 2 2 2 2 2 2 2 2 2 2 2 2 2 2 2 2 2 2 2 2 2 2
left_child=1 -1 3 5 12 6 7 17 15 11 -11 -10 13 -2 -14 16 -4 21 -19 20 -20 -3 23 -7 -25 26 -17 -28 -29 -27
right_child=4 2 8 -5 -6 22 -8 -9 9 10 -12 -13 14 -15 -16 25 -18 18 19 -21 -22 -23 -24 24 -26 29 27 28 -30 -31
leaf_value=0.0030757925441200241 -0.00039270861580074598 0.024469686518089558 0.0030998405548764299 0.0059001678913144055 0.013560034439548261 -0.0095835194247856272 0.028120930573792648 -0.040177002977920345 -0.013936305381439414 -0.0020813977525784761 -0.015452200666981449 0.023070830059558973 0.0015103946324882093 0.016362253461485041 0.0039889926827829806 -0.00016180502854350681 0.022209002857740003 -0.022072011538918752 -0.0032665737919928542 -0.010533930420883224 0.030698921751424049 -0.0064753796644456295 -0.0002246347093463764 -0.00026320216307515319 -0.001608963486672402 -0.0014831620843818785 0.0061815231117329757 -0.0023307257250186949 0.0039323542409038523 0.00025388014202740113
leaf_weight=3182.83140858775 3847.4545840187529 32.563342485751491 288.28501486446476 593.69003623444587 182.6655701733107 283.91176276321494 17.536202334798872 19.338881502859294 17.564057054230943 3237.3171671326854 166.81191200640751 79.243018466280773 9310.6098337417498 82.562044885824434 6177.3365057701703 6138.2873333193857 81.0490296499338 113.82118865125813 40.498123085824773 202.9278325624764 28.194409307092428 48.520118239801377 45357.439491623336 17058.44024968498 27002.825299682285 10308.39818334856 1950.5836871950305 1312.169507663697 1935.1723791767145 58063.558520718769
leaf_count=51598 45030 85 3184 4158 5016 12662 45 42 167 52447 4974 262 196650 1041 101482 91237 547 1054 284 1556 49 277 567093 289890 577636 179296 11647 11486 25385 827649
internal_value=0 -0.000231859 -0.000292327 -0.000672871 0.00210002 -0.000716441 -0.00733011 -0.008838 0.000121055 -0.002217 -0.00275529 0.0160253 0.00198921 -2.32966e-05 0.00250004 0.000223434 0.00749835 -0.00719883 -0.0101218 -0.0048501 0.0115346 0.00646548 -0.00067895 -0.00114347 -0.00108812 0.000189295 0.00137932 0.00319885 0.00140046 -8.01829e-06
internal_weight=197162 177561 174378 90799.7 19600.6 90206 503.4 485.864 83578.4 3500.94 3404.13 96.8071 19418 3930.02 15487.9 80077.5 369.334 466.525 385.442 271.62 68.6925 81.0835 89702.6 44345.2 44061.3 79708.2 11336.2 5197.93 3247.34 68372
internal_count=3063929 2714710 2663112 1454831 349219 1450673 3392 3347 1208281 57850 57421 429 344203 46071 298132 1150431 3731 3305 2943 1889 333 362 1447281 880188 867526 1146700 139755 48518 36871 1006945
is_linear=0
shrinkage=0.03


Tree=233
num_leaves=31
num_cat=0
split_feature=17 75 34 7 58 2 15 6 39 18 73 15 1 74 6 5 4 71 6 22 75 2 25 71 6 22 73 22 7 70
split_gain=104.734 38.0208 30.087 32.1044 28.8925 27.0021 26.5685 26.38 24.4299 24.5681 23.9282 33.6521 34.4644 44.2467 50.3519 30.8435 28.0982 28.2767 27.2412 40.713 55.7264 40.2838 35.9538 28.8562 28.7945 26.4952 29.4386 26.4623 26.0005 25.6634
threshold=0.65050083398818981 0.034738782793283469 0.50316895544528972 0.16452314704656604 0.91905513405799877 -0.30714167654514307 0.56247621774673473 0.02389999479055405 1.2975428700447085 0.53458327054977428 0.13023994117975238 0.22396993637084964 0.10415862873196603 0.023677329532802108 0.13160666823387149 0.92963990569114696 0.24964435398578647 0.0072768034879118213 0.080933403223752989 1.0000000180025095e-35 0.34575539827346807 0.0045198702719062575 1.0000000180025095e-35 -0.052209513261914246 0.20490902662277224 0.14931328594684604 0.10877645760774614 1.0712161660194399 0.24742213636636737 -0.001804525207262486
decision_type=2 2 2 2 2 2 2 2 2 2 2 2 2 2 2 2 2 2 2 2 2 2 2 2 2 2 2 2 2 2
left_child=1 -1 8 4 -4 -5 -2 -7 9 10 11 12 16 14 -14 28 17 18 23 20 21 24 29 -3 -20 26 -25 -18 -15 -23
right_child=6 2 3 5 -6 7 -8 -9 -10 -11 -12 -13 13 15 -16 -17 27 -19 19 -21 -22 22 -24 25 -26 -27 -28 -29 -30 -31
leaf_value=0.0031804053671412231 0.0018618172369473066 -0.0017295129176226891 0.0066824955357024356 -0.0070029575330641603 -0.0073846745357984871 0.0075264974636797795 0.0076738032139246444 0.00052664405186876356 -0.0056970921621268796 2.6523545424725528e-06 -0.00094549767781208771 0.0056993257776997517 -0.018457368969320997 0.026864821776817004 0.0001440390327193383 -0.0034671192263165734 0.0029518386320884034 -0.0046333186994452274 -0.026057083018881339 -1.3905552704179384e-05 0.027507337064814709 -0.016326361245478538 -0.029469482438588969 0.0077560192464698856 0.0032528666982877806 0.0034387799497074198 0.029433217655733996 0.032713185461123812 -0.013014046332524905 0.012189083943858814
leaf_weight=2890.1716097788594 18868.344206534326 734.79585231209057 1310.4798236479983 405.58622993831523 142.40008880081587 503.02296146424487 732.61828221727046 11036.753087378456 775.92449688568013 79008.431714444116 70195.920777605599 1031.3583891208982 313.14229686930776 67.472702344413847 222.18394538573921 145.12268830410903 2414.1340962534887 1198.6109030355583 184.01855338038877 3211.4482308750739 29.304682678310201 34.682621573330835 30.274256049422547 223.93766176397912 34.627740366850048 1125.4680749615654 74.091643606079742 23.274852562695742 15.760470585897563 103.71996175067034
leaf_count=47674 333664 8636 12366 7635 3375 2952 15555 158989 18375 1153782 1197396 6347 1792 314 1737 2418 26582 17656 338 33138 34 79 49 998 334 10870 103 41 238 462
internal_value=0 -0.000229838 -0.000286387 0.00107931 0.00528416 0.000565916 0.0020808 0.000834662 -0.000399952 -0.000374161 -0.000739881 0.000546295 2.20669e-05 -0.00608992 -0.0107848 0.00489298 0.000520293 -0.000447233 0.000421713 -0.00116483 -0.00994115 -0.0130382 -0.00190288 0.00308798 -0.0214199 0.00557575 0.0134784 0.003291 0.0190115 0.00475385
internal_weight=197087 177486 174596 13398.2 1452.88 11945.4 19601 11539.8 161198 160422 81413.4 11217.4 10186.1 763.682 535.326 228.356 9422.39 6984.98 5786.37 3628.08 416.628 387.323 168.677 2158.29 218.646 1423.5 298.029 2437.41 83.2332 138.403
internal_count=3063929 2714710 2667036 185317 15741 169576 349219 161941 2481719 2463344 1309562 112166 105819 6499 3529 2970 99320 72697 55041 34434 1296 1262 590 20607 672 11971 1101 26623 552 541
is_linear=0
shrinkage=0.03


Tree=234
num_leaves=31
num_cat=0
split_feature=75 75 47 48 11 51 56 22 39 75 2 15 2 66 69 15 73 75 1 27 24 64 21 16 66 73 71 71 75 71
split_gain=103.63 39.4254 31.1089 33.7004 23.9683 23.2112 29.3558 28.9777 28.3235 26.4585 31.8217 22.1741 23.0421 22.1637 22.4726 21.3425 20.9766 25.9296 20.5618 19.6732 19.236 19.1465 21.4956 47.979 38.3563 50.3388 95.2922 46.7715 45.6261 44.3546
threshold=0.084888234734535231 0.034738782793283469 0.22396993637084964 1.005713999271393 0.37446653842926031 1.0567017793655398 0.87785851955413829 0.39964921772480017 1.2020256519317629 1.218125104904175 1.0262203812599184 0.50316895544528972 0.15617071837186816 -0.10358044505119322 -0.86785072088241566 0.70072525739669811 0.079074256122112288 0.05385690554976464 1.0742177963256838 1.2435997128486636 0.22396993637084964 -0.9832119047641753 1.0000000180025095e-35 0.37446653842926031 -0.19944273680448529 0.25189155340194708 -0.39838849008083338 -0.086952149868011461 0.25817550718784338 -0.35354992747306818
decision_type=2 2 2 2 2 2 2 2 2 2 2 2 2 2 2 2 2 2 2 2 2 2 2 2 2 2 2 2 2 2
left_child=1 15 3 4 18 6 9 8 -8 -4 -11 12 13 -3 19 20 -16 -18 21 -15 -1 22 23 24 25 26 -2 -26 -27 -28
right_child=2 11 5 -5 -6 -7 7 -9 -10 10 -12 -13 -14 14 16 -17 17 -19 -20 -21 -22 -23 -24 -25 27 28 29 -29 -30 -31
leaf_value=0.0040408288967163867 -0.028024303577946792 -0.0015936255395783598 0.00025826506172975844 -0.0093168673694058943 0.013744914896971563 -0.00207221324711473 0.0031453449613583228 0.0046528586045419158 -0.0058137005575149376 0.014424660676461531 -0.013409054120311369 0.0056889616362663627 0.008278984612707983 0.0020502117340013191 -0.00011788966992463956 0.023416684022362976 0.021339336064474503 0.0024045350017213073 -0.0062631895577656598 0.027315070515514534 0.00042664331135038155 -0.00069670694492452877 -0.00022024938445376963 0.021784726713349946 0.010986513741528172 0.014595076205184243 0.019234449729203493 0.00055433481242862044 0.00087940741468810278 -0.0039396576154152648
leaf_weight=5774.0949623132183 142.31180759938434 3374.3302505425527 22728.579837165365 388.84448191415868 101.96584867802449 2796.7912802798674 733.6076512170257 3045.3201244666125 553.5623124060221 216.90303151859553 40.947827285388485 850.25419405399589 361.04535151738673 9803.5968897648891 14252.957633116745 43.528995259825024 63.20905175129883 2249.0024160761968 556.23531664026086 23.87568368576467 1724.9090163177607 99546.598387710124 22304.813289493963 102.86064156331122 725.616702450905 235.69662342307856 76.834252101252787 826.1754737566007 2463.9829969612838 919.65576795052039
leaf_count=107169 1243 39309 330636 12116 589 47018 8333 35579 10018 2770 1447 10647 3293 134717 232501 1253 514 36384 20792 67 26499 1668419 260455 141 4465 2397 568 3901 52466 8223
internal_value=0 0.00139557 -0.000339181 -0.000542745 -0.000515766 0.000528475 0.000795151 0.00305929 -0.000710185 0.000367752 0.00985005 0.000921549 0.000786119 0.000693987 0.000986828 0.00334033 0.000312078 0.00296006 -0.0005276 0.00212314 0.00321077 -0.000502315 0.000193654 0.00187406 0.0014774 -0.000131847 -0.00541159 0.00545101 0.00209835 -0.00207857
internal_weight=197028 38520.8 158507 128392 128003 30115.7 27318.9 4332.49 1287.17 22986.4 257.851 30978.3 30128 29767 26392.6 7542.53 16565.2 2312.21 127901 9827.47 7499 127345 27797.9 5493.13 5390.27 3838.48 1138.8 1551.79 2699.68 996.49
internal_count=3063929 592353 2471576 2035775 2023659 435801 388783 53930 18351 334853 4217 457432 446785 443492 404183 134921 269399 36898 2023070 134784 133668 2002278 333859 73404 73263 64897 10034 8366 54863 8791
is_linear=0
shrinkage=0.03


Tree=235
num_leaves=31
num_cat=0
split_feature=75 18 75 11 15 69 1 58 3 74 73 3 66 36 36 2 75 21 1 73 3 73 1 70 3 36 7 1 52 70
split_gain=101.941 37.6943 27.414 25.759 24.662 23.6042 22.9374 22.1787 21.6952 21.6262 20.9707 20.8286 20.7976 29.1371 40.8733 43.3423 50.8209 64.5926 44.635 44.2643 108.524 48.1194 46.7735 36.6629 48.6877 48.0859 32.3064 52.0151 32.2305 31.9943
threshold=0.057743679732084281 0.53458327054977428 0.016084345057606701 0.42514967918396002 0.63123199343681347 0.078845404088497176 0.82005813717842113 1.0000000180025095e-35 0.024544504471123222 1.0000000180025095e-35 0.052673982456326492 0.025666924193501476 0.15648465603590014 0.55829170346260082 0.54616111516952526 0.018601015210151676 0.25104348361492163 1.0000000180025095e-35 0.046255283057689674 0.18347688764333728 0.051980789750814445 0.3196199387311936 -0.46477940678596491 0.068916071206331267 0.6853773593902589 0.6168709695339204 0.25044368207454687 0.02668804302811623 0.20707555115222934 0.023876081220805648
decision_type=2 2 2 2 2 2 2 2 2 2 2 2 2 2 2 2 2 2 2 2 2 2 2 2 2 2 2 2 2 2
left_child=2 6 8 -3 5 9 7 12 -1 -4 -9 -11 13 14 28 16 17 -16 -18 20 -17 -21 -23 25 -25 29 27 -27 -2 -15
right_child=1 3 4 -5 -6 -7 -8 10 -10 11 -12 -13 -14 23 15 19 18 -19 -20 21 -22 22 -24 24 -26 26 -28 -29 -30 -31
leaf_value=0.0081092110093238367 -0.0014233143758403722 0.00016911139627663764 0.00078697239769021251 0.018436264598499476 0.014216119529476491 -0.00079772744765832493 -0.0051364663728666752 0.0054118627130776567 -0.0039295189821212904 0.0049847234604396733 -0.00010192488311893166 0.0020178214007885126 0.00071233420036549699 -0.0094769001300488587 -0.034233197862974046 0.035037617912585049 0.016628557668516016 0.009053459332458649 -0.013607895473284382 0.026813903782851461 -0.039341760518657759 0.036183681017916906 -0.012777781412777547 0.03368495097166746 -0.015142627524102462 0.00040541816043825903 0.0022953472622054844 -0.010115704938655462 0.00094766411835162784 0.0044249329663605726
leaf_weight=987.98703047230811 36328.136205149414 91794.725442579409 7018.3106007774477 65.533070607576519 137.01822903692664 3072.524808424394 1030.6291541412065 630.34466687368695 152.90829129952181 3139.3365371106265 29069.424440030416 6667.4423851844476 5650.0709905631447 1424.1827620983531 71.163618644699454 26.666095489636064 142.75426642375533 50.271089215762913 59.081064897822216 196.27979379356839 37.799304545391351 19.621655284194276 64.425009980797768 48.365874860493932 25.273743529687636 973.82463893620297 1172.7250740735326 742.10327395210334 6009.0026816795435 163.54579896409996
leaf_count=24825 585739 1372405 70948 407 3239 59882 33122 5721 2437 48768 423976 127146 141409 20217 140 29 759 319 741 308 297 63 868 524 729 16128 15153 18468 87285 1877
internal_value=0 -0.000236883 0.00196624 0.000182994 0.00170752 0.00161831 -0.000696442 -0.000640946 0.0064837 0.00205987 1.56607e-05 0.00296969 -0.00100753 -0.00121201 -0.000970116 0.00636973 -0.00151355 -0.0165604 0.00766346 0.0137064 -0.00825952 0.0188188 -0.000171516 -0.00349442 0.0169522 -0.00384662 -0.00153525 -0.00415508 -0.00108663 -0.00803458
internal_weight=196971 175796 21175.5 91860.3 20034.6 19897.6 83935.7 82905.1 1140.9 16825.1 29699.8 9806.78 53205.3 47555.2 43005.2 668.062 323.27 121.435 201.835 344.792 64.4654 280.326 84.0467 4550.02 73.6396 4476.38 2888.65 1715.93 42337.1 1587.73
internal_count=3063929 2726684 337245 1372812 309983 306744 1353872 1320750 27262 246862 429697 175914 891053 749644 676548 3524 1959 459 1500 1565 326 1239 931 73096 1253 71843 49749 34596 673024 22094
is_linear=0
shrinkage=0.03


Tree=236
num_leaves=31
num_cat=0
split_feature=75 15 23 75 47 9 36 6 3 75 4 25 5 5 1 61 74 74 7 6 5 7 64 22 21 74 36 52 7 75
split_gain=100.835 41.4436 40.7254 35.2454 29.2752 24.7409 22.449 23.5672 22.0369 22.0509 21.453 38.4188 28.6295 23.0353 29.4516 87.2326 25.9341 23.6025 23.0677 22.3833 23.9415 21.9535 21.9228 21.0552 22.013 28.3719 28.5015 27.8991 26.0334 22.096
threshold=0.091491330415010466 1.0000000180025095e-35 1.0000000180025095e-35 0.033184546977281577 0.22396993637084964 0.9220290780067445 1.1792309880256655 0.10582426190376283 1.1825133562088015 0.24652944505214694 0.14931328594684604 0.37446653842926031 0.3114724606275559 0.94469228386878978 0.72459158301353466 -0.10091152414679526 0.15027627348899844 0.57476508617401134 0.11499040201306344 0.33931246399879461 0.14931328594684604 0.70043364167213451 -0.99964517354965199 1.0392316579818728 0.37498413026332861 0.048314226791262634 1.0895692706108095 0.97368216514587413 0.53427621722221386 1.218125104904175
decision_type=2 2 2 2 2 2 2 2 2 2 2 2 2 2 2 2 2 2 2 2 2 2 2 2 2 2 2 2 2 2
left_child=1 -1 3 -3 6 -4 8 -8 10 -10 11 13 19 17 16 -16 -15 -2 -19 20 -13 -12 -18 24 25 -6 29 -28 -26 -27
right_child=4 2 5 -5 23 -7 7 -9 9 -11 21 12 -14 14 15 -17 22 18 -20 -21 -22 -23 -24 -25 28 26 27 -29 -30 -31
leaf_value=4.2470450076998177e-05 -0.0010630436390627086 0.005527005089982771 0.0003807163381782492 0.0021866251084873278 -0.0014267367815660565 0.013223874616294973 0.013304098328652959 -0.0053260159954966971 0.017860910907409065 -0.0045092012921889415 -0.00022902089416243011 0.0061116859443541283 -0.010864672477506152 -0.0024673122004868239 -0.027305138796729057 0.024760145143266996 0.021490798265140842 -0.0065417664903037664 0.031385888456118768 0.00054558050657825649 0.031910233675928074 -0.011671894660320108 -0.0081163521999947068 -0.0095963542954163716 0.0016735349358605949 0.0014180474941613735 -0.0090130384533910705 0.0058256651014857415 -0.0073578326764278407 0.013273226888988536
leaf_weight=15333.388487934524 20601.234491569048 3644.0041114068044 10552.766280827709 12988.101234104339 8094.8078588754579 132.78073969687102 60.329366914229468 1263.5776665831218 36.717775894328952 1604.2500664326508 93477.363923438155 885.862710682326 124.923438898928 4789.549845700516 36.366220089257695 100.07308670890052 19.16363831423223 20.678413392102811 35.255339418945368 962.82060589338653 30.02457276545465 147.15831379365409 1104.1598702310876 180.59034561272711 12856.512092600547 6823.1159171774634 436.98336647538235 150.31234954789397 289.75857526017353 140.68281591133564
leaf_count=289213 217987 72506 109205 179657 83376 1597 506 29819 323 51484 1560283 3657 2388 70434 876 819 352 1830 924 6775 49 3496 41021 3368 160903 141226 18613 3802 4891 2549
internal_value=0 0.00129102 0.00199156 0.00291991 -0.000356948 0.000545618 -0.000555686 -0.00443615 -0.00051407 -0.0039637 -0.000467632 -0.00118503 0.00281703 -0.00148582 -0.00311382 0.0104683 -0.00343485 -0.00100835 0.0177884 0.00375033 0.00709738 -0.000247553 -0.00753281 0.000502343 0.000567165 -0.000192967 0.0011291 -0.0051939 0.00147195 0.00166567
internal_weight=196923 42651 27317.7 16632.1 154272 10685.5 125300 1323.91 123976 1640.97 122335 28710.1 2003.63 26706.5 6049.31 136.439 5912.87 20657.2 55.9338 1878.71 915.887 93624.5 1123.32 28972.8 28792.2 15645.9 7551.09 587.296 13146.3 6963.8
internal_count=3063929 652178 362965 252163 2411751 110802 1993023 30325 1962698 51807 1910891 347112 12869 334243 113502 1695 111807 220741 2754 10481 3706 1563779 41373 418728 415360 249566 166190 22415 165794 143775
is_linear=0
shrinkage=0.03


Tree=237
num_leaves=31
num_cat=0
split_feature=75 75 47 2 3 32 6 69 74 15 19 70 7 73 20 70 6 73 1 22 70 16 3 75 22 44 19 38 32 22
split_gain=100.078 39.1152 28.0167 24.8584 28.9442 30.7067 28.058 27.484 22.8661 24.4634 22.7261 22.4124 30.3568 21.2088 20.9945 33.9177 28.4252 37.0816 34.3742 47.1361 27.7162 26.3954 21.488 22.1287 20.4089 20.5246 21.5219 28.866 23.1323 20.0553
threshold=0.091491330415010466 0.034738782793283469 0.22396993637084964 0.15617071837186816 0.082613453269004836 0.7184627652168275 0.48230510950088507 -0.86785072088241566 0.0021170956315472726 0.70072525739669811 0.46715016663074499 0.15638136863708499 0.20426577329635623 0.070205211639404311 0.88635334372520458 -0.0045907611493021241 0.1247580610215664 0.18538338690996173 -0.14191093295812604 1.2673993706703188 3.6101174600844392e-06 0.22396993637084964 1.1825133562088015 0.24652944505214694 1.0392316579818728 0.94469228386878978 0.2834331095218659 0.63123199343681347 0.90886327624320995 1.078208386898041
decision_type=2 2 2 2 2 2 2 2 2 2 2 2 2 2 2 2 2 2 2 2 2 2 2 2 2 2 2 2 2 2
left_child=1 8 14 4 7 -6 -7 -3 -1 -10 -9 24 -13 -12 22 21 17 -17 20 -20 -18 -16 -2 -24 25 26 -4 28 -28 -23
right_child=2 3 11 -5 5 6 -8 10 9 -11 13 12 -14 -15 15 16 18 -19 19 -21 -22 29 23 -25 -26 -27 27 -29 -30 -31
leaf_value=0.0015076041303965062 -0.00053588776487989063 0.0027780575908989838 0.00030476217946294074 0.0074290197004834389 -0.0015461518836473516 0.00109670664892481 0.010785137935831024 0.00024381460409392535 0.0045934506032528537 0.029559689774322388 0.0020434334220915049 0.020915189858417917 -0.010167524282671019 0.0096992361283007728 0.027982880106966469 0.012172470810906574 0.033447663269463884 -0.0096411429620940244 -0.0018170421479612128 -0.03017271369079149 -0.0052561064733610309 0.015633348684912868 0.017916076766943272 -0.004495561117929224 -0.0095346776961754368 -0.0035415581357226261 0.0016874278539008285 0.006389577033715896 -0.0091423108549326566 -0.014899659634004418
leaf_weight=3569.3751532238675 122743.43577630571 7833.2397525166489 23577.658753707787 508.04138978669653 7433.3213535191608 1834.1052663204609 311.85381415812299 15245.917633550449 3909.7184912450248 31.867262355866842 1526.8357989931246 98.672924386337399 36.019782751682214 412.0854068720364 81.740570923313498 280.92375853681006 29.115402154624462 89.499830179847777 177.84274937119335 71.594567592255771 31.280665409751236 42.668479646556079 36.691277924932365 1633.0499422043576 179.8913446519291 1088.5616345971066 2535.9467481626198 1281.2310862925078 186.80027568759397 29.11719108116813
leaf_count=54053 1935840 105663 359275 4819 102679 26821 4454 251340 80050 818 17333 753 1322 4148 98 1500 35 498 1403 91 133 208 320 52801 3360 19104 20715 11966 2233 96
internal_value=0 0.00128676 -0.000355575 0.000865978 0.000768626 -0.000633169 0.00252418 0.00130556 0.00325137 0.0048262 0.00063361 0.000484802 0.012517 0.00368948 -0.000550101 0.00418257 0.00126293 0.00684327 -0.00539654 -0.0103213 0.0142508 0.01673 -0.000581988 -0.00395875 0.000426743 0.000490724 0.00065052 0.00268307 0.000930457 0.00305664
internal_weight=196848 42616.4 154232 35105.4 34597.4 9579.28 2145.96 25018.1 7510.96 3941.59 17184.8 28984.8 134.693 1938.92 125247 833.783 680.257 370.424 309.833 249.437 60.3961 153.526 124413 1669.74 28850.1 28670.2 27581.6 4003.98 2722.75 71.7857
internal_count=3063929 652178 2411751 517257 512438 133954 31275 378484 134921 80868 272821 418728 2075 21481 1993023 4062 3660 1998 1662 1494 168 402 1988961 53121 416653 413293 394189 34914 22948 304
is_linear=0
shrinkage=0.03


Tree=238
num_leaves=31
num_cat=0
split_feature=75 66 75 26 4 74 3 40 32 3 2 36 4 5 72 70 5 5 1 70 72 70 75 70 39 66 3 22 22 5
split_gain=98.9468 39.6492 33.8763 27.3478 29.4575 26.5376 22.1612 37.1129 21.6287 28.4338 39.9137 22.3559 21.5844 24.2654 33.4392 31.3175 28.041 46.7481 39.8075 28.9315 27.4877 24.4431 32.6265 31.442 34.0121 31.1945 30.6814 25.8481 22.6581 21.8785
threshold=0.091491330415010466 0.011110922787338497 0.023934200406074527 0.42514967918396002 0.99878549575805675 0.017332997173070911 1.1825133562088015 0.83002835512161266 0.69183480739593517 0.082613453269004836 0.14707642793655398 0.81061223149299633 0.14931328594684604 0.94469228386878978 0.35260759294033056 -0.013483474962413309 1.1385689377784731 1.1354824900627138 0.66521772742271434 -0.0071901285555213681 0.33943217992782598 0.0054087757598608741 0.35772459208965307 0.05772021226584912 0.22396993637084964 0.12914843857288363 0.15605431795120242 0.20707555115222934 1.0000000180025095e-35 1.1585488915443423
decision_type=2 2 2 2 2 2 2 2 2 2 2 2 2 2 2 2 2 2 2 2 2 2 2 2 2 2 2 2 2 2
left_child=1 2 5 4 6 -1 12 -8 9 -4 -11 -10 13 -2 15 20 17 18 -16 -20 -15 26 25 27 -25 -23 -17 -24 -27 -22
right_child=3 -3 8 -5 -6 -7 7 -9 11 10 -12 -13 -14 14 16 21 -18 -19 19 -21 29 22 23 24 -26 28 -28 -29 -30 -31
leaf_value=0.0042765593824664293 -0.00078734425119148248 -0.0013605503358232536 0.0015187814330378149 0.00022320431167852496 -0.026415265329033585 0.023788474002458815 -0.005083309794777109 0.020424156347745356 0.0060980453121825644 -0.0012942850423495237 0.0074003440475767235 0.0019669940105007909 -0.00028374618148420725 0.0029326425358591423 -0.010433639368238792 -0.0015888691429451515 -0.017795470289368721 0.043603379363685385 0.036927446520125959 -0.0086384887465872032 -0.0060854707581341283 0.0034746755806903166 -0.01546927712364491 -0.0095550188196156776 0.029385214905536954 0.04332779894876064 -0.0066014295353554629 0.0017440308305147242 0.0021921440125200918 0.04747544033023899
leaf_weight=2827.332394410616 23838.467824835141 4564.1806417945772 19345.777752871778 49991.648312213074 35.87082241801545 60.516698407649528 1476.0304130885925 49.236138242064044 1413.439502452442 6750.8463552797912 507.07632042031037 7113.9575354901026 72121.832528815372 535.66911046329187 320.84033549646847 2481.5210100569238 226.85262456705095 13.44412426673807 26.267416346003301 19.031950870295987 8.4571240441873687 593.29510552471038 212.81105426623253 34.162849969696254 40.167072501266375 28.211213212460279 1977.9720852086757 121.22885726485401 20.350976685993373 18.671566708944738
leaf_count=59693 265623 93835 270535 603223 686 1872 53478 686 18314 91838 4817 111274 1361799 7179 11621 36406 10659 155 200 400 138 8263 3609 518 158 201 44044 2112 482 111
internal_value=0 0.00128005 0.00159728 -0.000353534 -0.000630273 0.00471934 -0.000620337 -0.00420571 0.00134 0.000918062 -0.000682472 0.00265479 -0.000566851 -0.00123564 -0.00283359 -0.00215818 -0.00953095 -0.00444598 -0.00667459 0.0185446 0.00455752 -0.00284778 0.00126266 -0.00532967 0.0118564 0.00547091 -0.00381708 -0.00926224 0.0276534 0.0319973
internal_weight=196775 42583.1 38018.9 154192 104200 2887.85 104165 1525.27 35131.1 26603.7 7257.92 8527.4 102639 30517.4 6678.95 6072.52 606.436 379.584 366.14 45.2994 562.798 5509.72 1050.23 408.37 74.3299 641.857 4459.49 334.04 48.5622 27.1287
internal_count=3063929 652178 558343 2411751 1808528 61565 1807842 54164 496778 367190 96655 129588 1753678 391879 126256 103221 23035 12376 12221 600 7428 95793 15343 6397 676 8946 80450 5721 683 249
is_linear=0
shrinkage=0.03


Tree=239
num_leaves=31
num_cat=0
split_feature=17 75 31 39 75 17 16 18 2 72 73 73 18 7 7 75 75 66 6 70 3 73 7 7 7 7 6 2 73 60
split_gain=98.8259 36.2972 26.0429 29.254 25.7987 24.07 21.7642 21.1597 24.8418 21.3345 43.5512 52.6027 39.9677 44.732 73.8187 60.0633 31.242 40.0629 34.7749 30.7405 29.4208 38.2466 49.0409 28.4289 32.0705 47.7332 49.3721 41.8731 39.2906 42.1276
threshold=0.65050083398818981 0.18659061193466189 0.94885653257370006 1.1397781372070315 0.031541910022497184 0.53458327054977428 0.65050083398818981 0.70072525739669811 0.17018707096576693 0.042035629972815521 0.37409207224845892 0.58230429887771618 0.22396993637084964 0.19498275965452197 0.22381301224231723 0.38566645979881292 0.426494911313057 -0.15049429237842557 0.15008056163787845 -0.0037498875753954049 1.0000000180025095e-35 0.54707640409469616 0.19016870111227038 -0.57484117150306691 0.041677778586745269 0.37049600481987005 -0.12860955297946927 -0.15710953623056409 1.4847116470336916 0.40664784610271459
decision_type=2 2 2 2 2 2 2 2 2 2 2 2 2 2 2 2 2 2 2 2 2 2 2 2 2 2 2 2 2 2
left_child=1 2 4 -4 -1 7 -2 9 -9 10 -3 12 13 20 15 -15 17 -16 19 -18 21 22 -12 -11 -25 26 -26 28 29 -28
right_child=6 5 3 -5 -6 -7 -8 8 -10 23 11 -13 -14 14 16 -17 18 -19 -20 -21 -22 -23 -24 24 25 -27 27 -29 -30 -31
leaf_value=0.0033241750381851208 0.0016039087053996985 -0.00074085040301453172 0.017369081296368008 0.0028907187678778507 9.8340007441803003e-05 0.0017178116462178525 0.0044100500046206585 -0.011010109819954967 0.011379772501789686 -0.0064146216946007837 0.001150156729257055 0.00091916525593999392 -0.0037990763040845529 0.0030782514384679978 -0.019493897492624274 -0.042726102018838426 -0.0020264244166403383 0.016491778369812291 -0.0037630313873069712 -0.03736706203351111 -0.010937601304092104 -0.029621294863691819 0.038915462678314861 0.0008361293130099267 0.0042506339268702136 0.00053219394348705295 -0.0030384794776116002 -0.00094028740211264292 0.0096644057218555103 -0.010399768523215442
leaf_weight=2298.1604997939576 16584.62050693198 22497.820622848347 137.45963476633187 1163.4807038399158 72671.504455776856 3884.0024490493233 2928.4166736577063 312.38344491418684 48.395347157143988 689.93414075847249 160.47371786576696 1673.9139825029997 3435.5487724164268 31.277921688277274 39.157358933473006 125.84132638247684 31.811388720758259 74.61134775634855 118.25830450642388 75.124343121424317 250.71158807096072 22.906305903568864 34.501137360930443 16546.846021691781 1339.9653495264065 18478.210038459722 7616.609296159113 22451.769366200991 198.29657601294457 768.40523249522084
leaf_count=39793 285082 172494 752 13783 976686 41068 64137 13114 1656 31126 831 13204 26147 87 266 323 127 339 1215 324 2608 114 9 339660 34604 370734 182396 419219 5961 26070
internal_value=0 -0.000223179 0.000270668 0.00447253 0.000197459 -0.000596495 0.00202609 -0.000689255 -0.00790251 -0.00066196 -0.00135 -0.00360348 -0.00532426 -0.0107132 -0.0169615 -0.0337298 -0.00887309 0.00382645 -0.0152634 -0.0273466 -0.00400127 0.00401323 0.00850339 -0.000373117 -0.00031083 -0.000684158 -0.00137851 -0.00162222 -0.00340419 -0.00371824
internal_weight=196690 177177 76270.6 1300.94 74969.7 100907 19513 97022.8 360.779 96662 28572 6074.14 4400.22 964.675 496.082 157.119 338.963 113.769 225.194 106.936 468.593 217.881 194.975 68090 67400.1 50853.3 32375 31035.1 8583.31 8385.01
internal_count=3063929 2714710 1031014 14535 1016479 1683696 349219 1642628 14770 1627858 218088 45594 32390 6243 2681 410 2271 605 1666 451 3562 954 840 1409770 1378644 1038984 668250 633646 214427 208466
is_linear=0
shrinkage=0.03


Tree=240
num_leaves=31
num_cat=0
split_feature=17 75 29 19 26 53 75 17 21 65 73 1 21 1 5 73 4 21 5 5 24 66 1 3 65 2 53 65 2 75
split_gain=96.6937 34.9893 26.3309 24.4582 24.0328 23.656 23.3163 22.8958 22.3882 22.1122 30.2079 28.8576 20.9364 21.1125 24.3913 25.2265 23.3092 24.1434 78.5931 131.41 79.5223 68.1363 83.7255 44.5422 59.726 36.8012 71.3811 44.4783 46.6799 40.427
threshold=0.65050083398818981 0.18659061193466189 1.0000000180025095e-35 0.39170669019222265 1.2178415060043337 0.14931328594684604 0.019111314788460735 0.53458327054977428 1.172250032424927 0.12925866246223452 0.21025856584310534 0.82005813717842113 0.73445323109626781 0.095774218440055861 0.14931328594684604 0.057593073695898063 0.14931328594684604 1.0000000180025095e-35 0.54616111516952526 0.37498413026332861 1.0000000180025095e-35 -0.039005111902952187 -0.033350136131048196 0.13153489679098132 1.8488435671315531e-06 -0.054081872105598443 1.0000000180025095e-35 0.016523147933185104 0.014282244723290207 0.13253269344568255
decision_type=2 2 2 2 2 2 2 2 2 2 2 2 2 2 2 2 2 2 2 2 2 2 2 2 2 2 2 2 2 2
left_child=1 2 4 8 6 -6 -1 9 -2 11 -11 -3 13 16 -15 -16 -8 18 19 21 25 22 -18 24 -21 26 29 28 -27 -20
right_child=3 7 -4 -5 5 -7 12 -9 -10 10 -12 -13 -14 14 15 -17 17 -19 20 23 -22 -23 -24 -25 -26 27 -28 -29 -30 -31
leaf_value=0.0057779689480030212 0.0013471577918259888 -0.00073752365166647297 0.0021871346980676617 0.0039371677128359301 -0.014333791039127186 -0.0022591535742054396 -0.00079055418777607177 0.0016694624109540629 0.020210722960443843 -0.041977486223593152 0.0012767949591888095 -0.0062875578918698341 0.0017066218606081416 0.005700152007852761 -0.014269621308199814 -0.0015166299606558023 0.007487291083368439 0.00029513373478655397 0.018763099835414212 -0.034321804521927173 0.019822207373755556 0.020083733740071552 -0.027872081250891512 -0.038096426768912083 0.0068875759103568888 -0.0036597195214778254 -0.0049766030006849604 -0.015824957488988683 0.0049752751531760937 0.0048308806357515175
leaf_weight=655.79192499892088 14935.938075149905 90628.108891700074 5907.9241130341106 4524.2624480010927 181.8287215908058 698.50245422648732 15899.893228640089 3885.0998422274133 52.900125588057563 10.566923669543028 5521.2843436231451 847.39806243219937 6679.7491988054244 413.08295927988365 138.06306542572565 8636.8260493497946 156.63170275371522 32473.622192807517 418.58126664563315 52.880859231692739 268.9142849688651 138.22404793580063 92.631417653523386 113.00222215102986 68.621422499418259 853.31811900855973 285.42427070895792 128.40899404766969 1639.4859611649299 345.33183974219719
leaf_count=13628 273538 1512305 62551 74813 1876 9445 186770 41068 868 17 104039 26267 78475 2536 1163 126442 151 514705 1495 243 1217 183 124 510 142 4954 5613 1376 13223 4192
internal_value=0 -0.000220804 0.000264157 0.00200409 0.000102463 -0.00481176 0.000165085 -0.000587341 0.00141941 -0.000677837 0.00116309 -0.000789259 0.000111188 -6.03874e-05 -0.00138759 -0.00172421 0.000169979 0.000582517 0.0026254 -0.00725116 0.0041917 0.00348866 -0.0058679 -0.024777 -0.0115342 0.00302501 0.00776215 0.00111796 0.00201648 0.0125288
internal_weight=196652 177139 76246.7 19513.1 70338.8 880.331 69458.5 100892 14988.8 97007.4 5531.85 91475.5 68802.7 62122.9 9187.97 8774.89 52935 37035.1 4561.46 621.992 3939.46 387.487 249.263 234.505 121.502 3670.55 1049.34 2621.21 2492.8 763.913
internal_count=3063929 2714710 1031014 349219 968463 11321 957142 1683696 274406 1642628 104056 1538572 943514 865039 130141 127605 734898 548128 33423 1353 32070 458 275 895 385 30853 11300 19553 18177 5687
is_linear=0
shrinkage=0.03


Tree=241
num_leaves=31
num_cat=0
split_feature=75 15 23 75 47 48 9 40 32 20 6 75 73 73 19 18 74 22 51 21 57 74 6 50 51 7 7 6 35 14
split_gain=95.2204 37.3474 37.8051 33.9892 26.7465 30.9611 21.4617 21.3365 31.6688 20.1787 27.0379 31.7479 27.2389 21.1704 37.1119 24.8116 23.1067 19.5931 20.3605 22.2339 28.5584 26.9735 25.486 25.5905 20.9049 20.3841 19.481 19.2281 19.1275 19.1194
threshold=0.091491330415010466 1.0000000180025095e-35 1.0000000180025095e-35 0.034738782793283469 0.22396993637084964 1.0000292658805849 0.90106692910194408 0.54616111516952526 1.0000000180025095e-35 0.88635334372520458 0.13160666823387149 0.098490953445434584 0.18538338690996173 0.10452756285667421 1.0014683008193972 0.50316895544528972 0.024405235424637798 1.0392316579818728 1.2450425624847414 0.37498413026332861 1.2216438651084902 0.048314226791262634 0.02389999479055405 1.0000000180025095e-35 0.77831709384918224 0.53427621722221386 0.10445601493120195 0.48012945055961614 0.63123199343681347 0.65050083398818981
decision_type=2 2 2 2 2 2 2 2 2 2 2 2 2 2 2 2 2 2 2 2 2 2 2 2 2 2 2 2 2 2
left_child=1 -1 3 27 5 7 -4 9 -9 29 11 -11 13 14 -13 -15 -17 18 19 21 25 -6 -22 24 -24 28 -5 -3 -21 -2
right_child=4 2 6 26 17 -7 -8 8 -10 10 -12 12 -14 15 -16 16 -18 -19 -20 20 22 -23 23 -25 -26 -27 -28 -29 -30 -31
leaf_value=6.8908617976703174e-05 -0.00064390081831729987 0.0045662593025446929 0.00035962115125736429 0.005034471032154866 -0.0012849134069338321 -0.0091776825603739464 0.01177382275568738 0.014375143714197337 0.00037687884206839486 -0.01991174671289948 -0.0030410351175084336 0.010758719737586891 -0.0019831239497837584 -0.0051447661598884127 -0.032401730988209421 0.026723883072839717 0.0016914954586968684 -0.0093211984877018574 -0.0032584652905113297 0.0014104504103209041 0.014999744427430284 0.0012384975390934267 0.0069649941815001139 0.0023928627964617004 0.024674000543451695 -0.0071258970864599936 0.0015793476049125953 0.011958987410458297 -0.0046244697034129971 0.001357132085506573
leaf_weight=15269.795250973264 118806.57964111835 3684.6934071869546 10458.417436723583 1697.0267806122429 7857.1385094246361 368.17964271636447 146.43411171613843 209.11737040229491 461.04053122921323 30.256985967047513 300.13205209281296 96.915621130960062 125.39883711794391 32.323911376297474 17.812793729826808 184.35737733542919 41.442643215879798 178.57289356808178 1214.1087844011781 8533.0582824589801 180.86255386052653 7398.1399155115505 275.32505984377349 2482.511488656688 75.41966097173281 277.09985819645226 10908.190621170215 345.78245458367746 496.21932462020777 4453.6774597419426
leaf_count=289213 1930398 71331 109037 22551 79511 11484 1765 2138 9087 201 1851 506 622 95 45 413 328 3368 23107 110217 925 158657 2841 27732 465 4767 151066 7215 7138 35855
internal_value=0 0.00125693 0.00192261 0.00281483 -0.000346773 -0.00053696 0.000522035 -0.000511131 0.00481097 -0.000540064 0.00411399 0.00817799 0.0100377 0.0140707 0.00315384 0.0187836 0.0222585 0.000474531 0.000536733 0.000704439 0.00165213 -6.08712e-05 0.00418849 0.00347659 0.0110209 0.000828727 0.00204631 0.00521284 0.00107639 -0.000571521
internal_weight=196606 42510.3 27240.5 16635.7 154096 125127 10604.9 124759 670.158 124089 828.64 528.508 498.251 372.852 114.728 258.124 225.8 28968.5 28789.9 27575.8 12320.5 15255.3 3014.12 2833.26 350.745 9306.38 12605.2 4030.48 9029.28 123260
internal_count=3063929 652178 362965 252163 2411751 1993023 110802 1981539 11225 1970314 4061 2210 2009 1387 551 836 741 418728 415360 392253 154085 238168 31963 31038 3306 122122 173617 78546 117355 1966253
is_linear=0
shrinkage=0.03


Tree=242
num_leaves=31
num_cat=0
split_feature=75 66 75 59 12 6 60 7 3 2 66 36 6 32 60 58 54 18 32 32 48 73 73 66 6 36 6 5 75 36
split_gain=94.2643 36.8851 32.4743 25.8029 24.7955 23.8651 27.5581 22.0293 23.8652 21.8703 23.6152 21.5194 41.6756 27.6176 22.2846 23.8359 24.0526 22.0088 21.501 37.6678 39.7438 28.8726 37.3432 28.3373 25.1079 73.4145 35.2803 32.2469 30.1813 29.8355
threshold=0.091491330415010466 0.011110922787338497 0.037720756605267532 0.37446653842926031 0.53458327054977428 0.48230510950088507 0.19752560555934909 -0.43421447277069086 0.16366129368543628 0.19583241641521457 -0.089476309716701494 1.0829214453697207 0.02389999479055405 1.0936229228973391 -0.63863506913185109 0.56247621774673473 0.70072525739669811 0.42514967918396002 0.77486258745193493 0.60404199361801159 1.0000000180025095e-35 0.56406208872795116 0.74978643655776989 0.34041678905487066 0.39159533381462103 0.2834331095218659 0.38889351487159735 1.4283766150474551 0.20333095639944079 0.3354459702968598
decision_type=2 2 2 2 2 2 2 2 2 2 2 2 2 2 2 2 2 2 2 2 2 2 2 2 2 2 2 2 2 2
left_child=1 2 -1 4 5 18 -7 8 -5 10 -4 14 13 -13 15 -9 -17 -14 19 24 21 23 -23 -21 26 27 28 -26 -2 -27
right_child=3 -3 9 7 -6 6 -8 11 -10 -11 -12 12 17 -15 -16 16 -18 -19 -20 20 -22 22 -24 -25 25 29 -28 -29 -30 -31
leaf_value=0.0031787841898660079 4.2533953400337167e-05 -0.0013026985656719027 -0.00067731055462778161 0.0022459980608733449 0.0099700747565010482 -0.0031425719253139685 -0.019261755960226199 -0.0011394904259330691 -0.022670273604163675 0.0097930305656560215 0.0014384713099970681 -0.016671007760618445 -0.0051989207555013031 0.012329920815238904 0.00066020805065781314 0.016516875761875573 -0.0083626325246480854 -0.00077249636384035911 -0.0032396994418445557 0.0041603821240788243 -0.00058527545282325677 0.022158477913474715 -0.019865726071283903 -0.026203650138479893 -0.00098160169457183594 0.0075819186053612863 -0.011050351096108777 0.010371815563311744 -0.0011130628249848972 0.0021811569255395639
leaf_weight=8594.411002890316 30128.306056183908 4540.7768648119527 5968.5940957315615 60.884320897981524 196.91948886332102 1568.0479959656368 98.087706456892192 177.75584333401639 73.302425976726227 253.26066796659143 23121.701150669287 29.284912988077849 1244.8455262128846 287.47369701554999 28405.20088601223 232.43337743286975 38.256078483536839 5338.4745458427205 2565.8284752824111 2420.6438504707767 2618.9670587381406 141.07400128885638 18.62887689465424 24.00763853173703 10981.461857771457 1331.7478417055681 295.59776849707123 225.82775173243135 62560.764947757969 2991.5184795052337
leaf_count=147300 354270 93835 73757 1016 1195 40674 3079 2528 2540 2273 335013 252 34222 1090 404536 1875 571 89522 61330 22045 49242 1032 1063 326 198518 16323 8716 2412 1068095 45279
internal_value=0 0.00125114 0.00155703 -0.000345008 -0.000558984 -0.000576935 -0.00413808 0.000359403 -0.0115947 0.00108151 0.00100418 0.000405686 -0.00109866 0.00946024 0.000765695 0.00737251 0.0129137 -0.00161282 -0.00052574 -0.000464364 0.00202292 0.00464435 0.0168634 0.00381804 -0.0005842 0.000532111 -0.000770712 -0.000748809 -0.000737405 0.00385133
internal_weight=196534 42478.7 37938 154055 118167 117971 1666.14 35887.9 134.187 29343.6 29090.3 35753.7 6900.08 316.759 28853.6 448.445 270.689 6583.32 116304 113739 5223.32 2604.35 159.703 2444.65 108515 15530.6 92984.7 11207.3 92689.1 4323.27
internal_count=3063929 652178 558343 2411751 1873599 1872404 43753 538152 3556 411043 408770 534596 125086 1342 409510 4974 2446 123744 1828651 1767321 73708 24466 2095 22371 1693613 262532 1431081 200930 1422365 61602
is_linear=0
shrinkage=0.03


Tree=243
num_leaves=31
num_cat=0
split_feature=17 73 33 18 72 19 25 26 23 21 7 19 6 6 6 48 15 26 72 2 21 21 65 1 69 64 64 70 7 6
split_gain=93.445 33.6303 25.4148 24.8251 35.057 31.7138 29.0539 36.1376 31.4577 27.5734 40.345 30.6329 28.8781 27.0899 29.8111 24.7409 23.4643 23.3018 23.1838 22.4668 24.8704 36.3736 24.7064 22.1677 21.4841 25.6069 28.9233 21.3487 20.8786 43.7662
threshold=0.65050083398818981 0.13829530030488971 0.31061333417892462 0.58756005764007579 0.20334322750568393 0.92223152518272411 0.61035025119781505 0.65050083398818981 0.37446653842926031 0.60181966423988353 0.18439561128616336 0.63810691237449657 0.092279069125652327 0.37100249528884893 0.30833633244037634 0.5852390229701997 0.61035025119781505 1.0530250668525698 0.14055107533931735 0.036380320787429817 1.0224136114120486 0.95146143436431896 -0.00081686949124559749 -0.0528382621705532 -0.48110489547252649 -0.99999728798866261 -0.99807924032211293 0.0012668061535805466 -0.57484117150306691 0.34941907227039343
decision_type=2 2 2 2 2 2 2 2 2 2 2 2 2 2 2 2 2 2 2 2 2 2 2 2 2 2 2 2 2 2
left_child=1 2 -1 6 5 18 8 -8 9 17 11 12 -11 14 24 -15 -2 28 -5 20 21 -12 -22 -14 25 -9 -27 -25 29 -3
right_child=16 3 -4 4 -6 -7 7 13 -10 10 19 -13 23 15 -16 -17 -18 -19 -20 -21 22 -23 -24 27 -26 26 -28 -29 -30 -31
leaf_value=0.0001734468248315263 0.0018266473203590917 -0.0071493877422317519 0.002318548714721634 3.5089570066434923e-05 -0.0046760076055500123 0.024617353971753974 0.020597007653882653 0.016234773107927421 0.013228468660647081 -0.0049521155314256066 -0.003449434318568582 0.010694447124467061 0.0098051915014664912 0.0065268236554476321 -0.0037865927607575343 -0.0043250084912207238 0.009468827326747406 -0.013867721646736147 0.0023620112821861601 -0.0084212523677842984 0.022096424433986583 -0.029972488825244056 -0.0015842622773497809 -0.0052843211011140041 0.0082936532813503768 -0.022328618787293565 -0.00035149388518054776 0.0098309126114373632 -0.00068767352797323 0.012955062687730898
leaf_weight=52108.15694738867 19111.327834549746 908.23819120060944 5492.0894280432622 25473.088219466765 1258.5430204480072 44.703038536477834 86.619197458960116 63.933715269668028 138.08505268953741 768.94869848061353 1840.6433733939193 231.63374313339591 286.1761577995494 1125.8302467879839 1214.137638468761 223.65554818091914 365.15393359070731 117.99044516182039 4537.3788878049963 1149.6861665206961 62.890726989135146 43.89695641072467 95.391129709780216 294.54079126368742 423.11371182277799 59.211936822161078 369.66579562984407 113.03573022619821 78329.909658784934 105.28061443706974
leaf_count=679454 340289 31699 69647 374301 35508 154 267 149 618 8577 24128 997 2019 10648 17376 3023 8930 2777 105422 12159 78 343 177 2005 1777 278 1776 828 1327243 1282
internal_value=0 -0.000217081 0.000378204 -0.000504377 0.000220979 0.000426782 -0.000762381 0.00188827 -0.000874402 -0.000898169 -0.00308485 0.00065385 -0.000957943 0.00139813 -0.000707639 0.00471752 0.00197207 -0.000763484 0.000387322 -0.0050688 -0.0031671 -0.0041318 0.00810987 0.00346572 0.00336761 -0.000885422 -0.0035744 -0.00102658 -0.000743242 -0.00501387
internal_weight=196443 176966 57600.2 119366 31313.7 30055.2 88052.5 3566.17 84486.3 84348.3 4886.84 1694.34 1462.7 3479.55 2130.06 1349.49 19476.5 79461.4 30010.5 3192.51 2042.82 1884.54 158.282 693.753 915.925 492.811 428.878 407.577 79343.4 1013.52
internal_count=3063929 2714710 749101 1965609 515385 479877 1450224 35294 1414930 1414312 51311 14426 13429 35027 21356 13671 349219 1363001 479723 36885 24726 24471 255 4852 3980 2203 2054 2833 1360224 32981
is_linear=0
shrinkage=0.03


Tree=244
num_leaves=31
num_cat=0
split_feature=75 75 66 26 4 74 9 3 44 65 74 31 4 69 60 64 3 65 65 9 4 5 70 22 22 3 75 6 69 22
split_gain=92.2751 35.6575 28.6902 25.5895 26.6439 24.4308 20.8409 20.2006 30.747 20.2555 25.8368 31.4638 42.4997 28.9514 25.1823 23.7004 27.9883 33.4654 55.4551 29.4855 28.2041 29.2132 27.3994 25.4137 26.0205 24.9595 39.9691 38.6152 29.1158 27.0174
threshold=0.091491330415010466 0.026082620024681095 0.020323836244642738 0.42514967918396002 0.99878549575805675 0.017752771265804771 0.84826016426086437 1.1825133562088015 0.90598344802856456 0.12925866246223452 0.23942264169454577 1.0000000180025095e-35 0.14931328594684604 -0.63117513060569752 -0.19286596775054929 -0.93395766615867604 0.2035058066248894 -0.01453463966026902 0.0043270881287753591 1.0000000180025095e-35 0.20707555115222934 0.91653552651405346 5.2973794240074319e-08 1.0450070500373843 1.0213266015052798 0.52624782919883739 0.52621215581893932 0.10582426190376283 0.92461085319519054 0.56121596693992626
decision_type=2 2 2 2 2 2 2 2 2 2 2 2 2 2 2 2 2 2 2 2 2 2 2 2 2 2 2 2 2 2
left_child=1 5 6 4 7 -1 -3 9 -9 15 -11 13 -13 -12 -15 -2 19 -18 20 -17 21 -19 -21 24 25 26 -20 28 29 -28
right_child=3 2 -4 -5 -6 -7 -8 8 -10 10 11 12 -14 14 -16 16 17 18 23 22 -22 -23 -24 -25 -26 -27 27 -29 -30 -31
leaf_value=0.0036865777947265341 4.3600009223230282e-05 0.001171380874928686 -0.0017882626156784124 0.00021709142885007938 -0.025794115324450941 0.01963084620425621 0.01385374584308586 -0.00488571350075528 0.016977459915432629 0.00020733970104076568 0.0087882450746870309 0.036679723678266024 0.0069472339365802688 0.0065714987958044382 -0.010194244912603071 -0.00078621317187063991 -0.00037065202414014113 -0.0043252907300332516 -0.00086407063949053094 -6.3326967573845762e-05 -0.0030975488320729651 -0.010759684206562039 0.0042794493639787441 -0.017446897109663028 0.026539254225779286 -0.0043568172851170366 0.020172874283876707 -0.0017935696130944247 -0.0095198655956217609 -0.023181749274261195
leaf_weight=3538.313560598006 31839.666565211141 35593.998041602041 3111.6298434147902 49888.987484568905 33.803043908672407 85.082710451926687 113.10440341860522 1463.1342701962858 56.3351555596455 2768.3066509751989 360.72053652167961 60.241718756267801 142.0803537920001 131.17240391325322 196.18259254215445 36112.774355947033 9858.4382211309239 1479.7237585220464 6625.0747355989297 3503.9262111294665 3981.1669751852023 1126.0615215586731 2079.8945457398659 80.389202874386683 26.987762552453205 1617.9618287439589 253.06979740380484 219.42540379866841 36.525875592080411 10.293659926392136
leaf_count=73120 451006 509370 66030 603223 686 2684 974 53199 965 42901 11803 373 3427 4798 10434 520964 222389 36618 145076 45835 119491 45732 33157 649 148 44599 4580 8273 1208 217
internal_value=0 0.00123843 0.000972358 -0.000341437 -0.000609242 0.00408345 0.00121323 -0.000600024 -0.00402972 -0.000548987 0.00164151 0.00607454 0.0163614 0.00296619 -0.00346434 -0.000630171 -0.000950355 -0.0017372 -0.00260819 -0.000472408 -0.00469278 -0.0071198 0.0015554 -0.00105819 -0.000899912 -0.000997008 -0.000233484 0.00774764 0.0146754 0.01814
internal_weight=196394 42442.1 38818.7 153952 104063 3623.4 35707.1 104030 1519.47 102510 3658.7 890.398 202.322 688.076 327.355 98851.4 67011.7 25315.1 15456.7 41696.6 6586.95 2605.79 5583.82 8869.73 8789.34 8762.35 7144.39 519.315 299.889 263.363
internal_count=3063929 652178 576374 2411751 1808528 75804 510344 1807842 54164 1753678 73736 30835 3800 27035 15232 1679942 1228936 628980 406591 599956 201841 82350 78992 204750 204101 203953 159354 14278 6005 4797
is_linear=0
shrinkage=0.03


Tree=245
num_leaves=31
num_cat=0
split_feature=17 73 20 14 28 15 51 72 18 73 27 33 70 5 1 1 70 74 65 73 61 6 5 65 21 74 64 18 3 22
split_gain=90.9395 31.7288 26.8312 25.3558 25.3939 22.952 22.4588 21.7723 19.6162 22.154 19.612 19.2717 19.072 29.1459 33.4141 47.4568 25.4282 40.4117 26.908 38.6766 22.7873 22.4107 22.1741 29.9145 22.1057 37.8718 41.0086 35.6547 25.9852 24.1654
threshold=0.65050083398818981 0.13023994117975238 1.0470444560050967 0.68507987260818493 0.14931328594684604 0.56247621774673473 0.22396993637084964 0.001907210855279118 0.46720869839191442 0.21865268796682361 0.82420021295547496 0.31061333417892462 -0.0075720280874520532 1.3716518282890322 -0.59679266810417164 -0.42865701019763941 -0.043163711205124848 0.27773369848728185 0.059825904667377479 0.57252401113510143 -0.09797757118940352 0.13160666823387149 1.2582243680953982 -0.18329337239265439 0.95146143436431896 0.068657573312520995 0.28361108899116522 0.58756005764007579 0.10855576023459436 1.2673993706703188
decision_type=2 2 2 2 2 2 2 2 2 2 2 2 2 2 2 2 2 2 2 2 2 2 2 2 2 2 2 2 2 2
left_child=1 11 3 6 -5 7 12 10 9 -4 -2 -1 13 16 -15 21 17 -3 -19 -20 -17 -16 -18 -24 -14 27 -27 -26 -29 -30
right_child=5 2 8 4 -6 -7 -8 -9 -10 -11 -12 -13 24 14 15 20 22 18 19 -21 -22 -23 23 -25 25 26 -28 28 29 -31
leaf_value=0.00021274439730516331 -0.0010502816874306453 -0.0045841130240463135 -0.020285617105137047 -0.0011421735770287367 0.0036893625447671032 0.0071979554501566644 0.00015401363143649854 0.0022476985183594762 0.015103757027073042 0.011989311557688254 0.0063093094231183337 0.0021525806437351701 -0.00097437991136010765 -0.023926952791486041 0.038503108870809613 -0.005392454307787611 0.00067859319821345575 0.00091102805827523764 0.035508898854653775 0.001708535470603259 0.0089903228643951148 0.0013266336693470218 0.017790702510158365 -0.0069670548288565028 -0.020772047515233556 0.015838960310286612 -0.026755255101914094 0.013771085009942799 0.00019330712566945424 -0.029018632287036911
leaf_weight=47999.871916544012 3314.9623178705115 2224.2075595047791 32.931877993047237 1594.6942539380398 2521.0117053563008 718.10618949947093 28732.917368474475 15073.800565955029 164.94004160631448 35.815518824383616 357.30362172255991 5096.2413070560578 73312.01878582919 26.432199198956368 57.685480898071546 138.49252910609357 12863.881434338822 482.17372605981654 50.601058893545996 70.5802130849479 324.20366879622452 19.832398591301171 43.634210705815349 575.98029152407253 195.12501951074228 94.604827937902883 21.752275710459799 57.897347596706823 68.463392357109115 36.269484210759401
leaf_count=625128 39492 36821 54 14128 17277 15555 470887 290560 492 129 3612 64684 1204805 1042 350 5520 218875 20222 514 3096 6276 629 1317 19381 906 672 195 393 814 103
internal_value=0 -0.000214233 -0.000477466 -0.000496863 0.00181693 0.00194606 -0.000576718 0.00174314 0.00959161 -0.00367471 -0.000326899 0.000399166 -0.000808345 0.000101167 0.0067657 0.00844056 -0.000131685 -0.00271641 0.00414612 0.016542 0.00466636 0.0295788 0.000410658 -0.00511343 -0.00101644 -0.00744827 0.00721428 -0.0122566 -0.00175937 -0.0105769
internal_weight=196306 176842 123746 123512 4115.71 19464.2 119397 18746.1 233.687 68.7474 3672.27 53096.1 90663.8 16877.7 566.646 540.214 16311.1 2827.56 603.355 121.181 462.696 77.5179 13483.5 619.615 73786.1 474.112 116.357 357.755 162.63 104.733
internal_count=3063929 2714710 2024898 2024223 31405 349219 1992818 333664 675 183 43104 689812 1521931 314043 13817 12775 300226 60653 23832 3610 11796 979 239573 20698 1207888 3083 867 2216 1310 917
is_linear=0
shrinkage=0.03


Tree=246
num_leaves=31
num_cat=0
split_feature=75 55 5 26 18 28 15 21 36 5 36 12 65 64 18 70 71 71 70 15 21 64 18 6 58 1 2 2 65 70
split_gain=90.5633 37.2846 24.3386 47.389 48.4418 37.3441 34.5798 32.6169 32.3533 24.5318 23.7912 22.861 22.7248 25.1698 28.5694 26.6103 30.5801 28.6219 23.1539 22.7247 21.7183 21.3069 21.2298 21.1792 20.013 24.8753 24.3328 39.1055 58.6397 20.6824
threshold=0.045960653573274619 0.37446653842926031 1.0945624709129336 1.0000000180025095e-35 0.22396993637084964 0.14931328594684604 1.0000000180025095e-35 1.0000000180025095e-35 0.24964435398578647 1.1908002495765688 1.0000000180025095e-35 0.56247621774673473 -0.013269343413412569 -0.98801895976066578 1.0000000180025095e-35 -0.018230828456580635 -0.66060587763786305 -0.5421743094921111 0.0098255579359829443 1.0000000180025095e-35 0.43366722762584692 -0.55306321382522572 1.0000000180025095e-35 0.15391666442155841 1.0000000180025095e-35 -0.33382380008697504 0.030760332010686401 -0.018738662824034687 0.15168813616037372 0.005673276726156474
decision_type=2 2 2 2 2 2 2 2 2 2 2 2 2 2 2 2 2 2 2 2 2 2 2 2 2 2 2 2 2 2
left_child=19 2 11 6 5 -5 12 8 -8 -6 -11 -2 13 14 15 17 -17 -4 -15 -1 -3 -20 24 -7 25 26 27 28 -14 -30
right_child=1 20 3 4 9 23 7 -9 -10 10 -12 -13 22 18 -16 16 -18 -19 21 -21 -22 -23 -24 -25 -26 -27 -28 -29 29 -31
leaf_value=0.00012964271039077435 -0.00023560246283320832 -2.9728261949271255e-05 -0.0087928301688564234 0.0040500982572360461 -0.0011564454542318285 0.038544131072687671 0.014925172185555387 0.00010252107416625444 -0.0050942558671362211 -0.0052169384115370006 0.0093503451751959944 0.0092658071069037749 -0.010786021643810807 -0.002231159611843165 0.0023105260209716418 0.021229182730993258 -0.021566791765346646 0.045860176784019803 0.0093699816284406358 0.0030000664937548578 0.0015402957741790636 -0.0029257067360445657 -0.0024607369217656081 0.0037925793857953435 0.0021739628189295988 -0.011176360814227628 -0.010143115572775085 0.041418704877788544 0.057942081273496968 0.0042820283086290158
leaf_weight=3238.7016626456789 128806.08970084664 15817.384275431519 9.2394372282433306 94.88383506750688 1045.6725050237146 69.914340386807453 271.41212494438514 2308.3473047275329 96.003154366044328 123.69411324139219 488.35702939413022 224.29359524720348 91.28409551254299 3013.0809697162331 452.34885557388043 34.456134015665157 20.72869821212953 38.027170831104741 319.97617881657789 10676.006169157477 15886.213095978768 205.20375090673042 11810.689913817914 21.638736077758949 190.47887452977011 735.34407610180642 118.37768684813636 21.930089692003094 13.891683346533684 11.498071025765965
leaf_count=57565 1816196 235614 476 3833 23107 370 431 27567 468 2986 7944 1485 7977 96026 8662 688 604 207 8066 172712 212547 8472 292660 1148 7711 59356 6900 608 525 1018
internal_value=0 -0.000178046 -0.000374871 -0.00130669 0.00328696 0.017621 -0.00173617 0.00143229 0.00968359 0.00163363 0.00638427 -0.000218765 -0.00223283 -0.000281926 0.00563429 0.019629 0.00470684 0.0352366 -0.00121617 0.00233252 0.000756941 0.00457138 -0.00284676 0.0308802 -0.00667623 -0.00838146 -0.000318 0.00809093 0.000624064 0.0376847
internal_weight=196255 182340 150637 21606.5 1844.16 186.437 19762.3 2675.76 367.415 1657.72 612.051 129030 17086.6 4093.06 554.8 102.451 55.1848 47.2666 3538.26 13914.7 31703.6 525.18 12993.5 91.5531 1182.8 992.326 256.982 138.604 116.674 25.3898
internal_count=3063929 2833652 2385491 567810 39388 5351 528422 28466 899 34037 10930 1817681 499956 123201 10637 1975 1292 683 112564 230277 448161 16538 376755 1518 84095 76384 17028 10128 9520 1543
is_linear=0
shrinkage=0.03


Tree=247
num_leaves=31
num_cat=0
split_feature=75 59 13 32 75 36 6 32 69 6 6 36 5 36 7 5 7 5 52 52 7 7 6 7 6 7 6 44 36 6
split_gain=88.8935 34.1232 26.8105 24.4809 23.706 31.8985 29.6917 29.6499 33.085 30.245 31.9451 28.6168 27.4098 27.9531 45.8186 25.4974 24.7422 24.7099 23.6268 35.5214 24.2343 23.6185 33.3639 70.2352 77.6735 46.5708 31.8946 32.5744 33.1838 26.8278
threshold=0.052516328170895583 0.63123199343681347 0.65050083398818981 0.5852390229701997 0.19382924586534503 0.84844553470611583 0.39159533381462103 0.60404199361801159 -0.99999734759330738 0.38254423439502722 0.3808619230985642 0.43366721272468572 1.4283766150474551 0.2834331095218659 0.37428300082683569 1.0183929204940798 0.44436888396739965 1.4598793983459475 0.14931328594684604 1.0000000180025095e-35 0.23583399504423144 -0.41249345242977137 0.038979940116405494 -0.42511934041976923 0.095957152545452132 -0.41978424787521357 0.099848181009292616 0.3354459702968598 0.44559228420257574 0.34941907227039343
decision_type=2 2 2 2 2 2 2 2 2 2 2 2 2 2 2 2 2 2 2 2 2 2 2 2 2 2 2 2 2 2
left_child=3 2 4 -1 -2 6 7 9 -9 10 17 -12 13 14 -8 -16 -7 21 19 -10 -21 22 25 24 -24 -6 -25 28 -28 -26
right_child=1 -3 -4 -5 5 16 12 8 18 -11 11 -13 -14 -15 15 -17 -18 -19 -20 20 -22 -23 23 26 29 -27 27 -29 -30 -31
leaf_value=0.0011555106517875994 2.3060146996107675e-05 0.00072846403653440697 0.0048780633158613407 0.0034537497168538205 0.0049737588205963582 -0.0058568484772526519 0.00022691674263153802 0.018309367532145609 0.0013327702775766481 -0.0044082180898780072 -0.0022001618308820029 0.0073239226941638706 0.011487837013696147 0.0028633366556363791 -0.0062334063743846009 -0.024763141591657968 0.0016668300040862888 -0.012243336982878293 -0.00024141727111088218 -0.0049232092835705711 0.016483524662788216 -0.0011926161351136126 -0.012278673065239465 0.00052675190153626318 -0.0022674108832412966 -0.0031829211390050475 0.012317048314890328 -0.0017807937204468148 -0.023089085438491374 0.010006784644858284
leaf_weight=11079.936159420715 63046.393250157023 29602.360740754899 861.36400043545291 6701.4100529768184 2432.5353383476904 1804.8091356325604 5230.6407369166409 100.34923309506848 774.44959552050568 2259.3950972399616 439.82092570574605 786.35541595530231 213.05241955301608 3367.3287491914234 392.36684780265205 78.264918784756446 499.68272509716917 170.64794573670952 2884.0466056001023 54.828740596480202 282.10950796701945 54829.299171926687 771.56116080403444 3175.9606581438566 2470.3289430571895 845.86622244349564 573.08713036985137 259.84611363621661 21.175091168726794 167.33078572159866
leaf_count=174935 874140 443410 5274 114438 30908 57362 109445 405 10286 47458 9933 7462 2077 50724 5709 4656 7390 10451 38435 760 1303 899428 19891 45468 65430 12529 7029 4141 715 2337
internal_value=0 -0.000201632 -0.000386719 0.0020225 -0.000417536 -0.000744817 -0.000647487 -0.000849947 0.0016287 -0.000996796 -0.000881335 0.003908 0.000950572 0.000697564 -0.000581922 -0.00950706 -0.00422348 -0.000970996 0.00119073 0.00489871 0.01297 -0.000940835 0.000346765 -0.000764014 -0.00393139 0.00286655 0.00191554 0.00704793 0.010902 -0.00147307
internal_weight=196177 178395 148793 17781.3 147932 84885.1 82580.6 73299 4095.78 69203.2 66943.8 1226.18 9281.65 9068.6 5701.27 470.632 2304.49 65717.6 3995.43 1111.39 336.938 65547 10717.7 7439.29 3409.22 3278.4 4030.07 854.108 594.262 2637.66
internal_count=3063929 2774556 2331146 289373 2325872 1451732 1386980 1214369 51189 1163180 1115722 17395 172611 170534 119810 10365 64752 1098327 50784 12349 2063 1087876 188448 145011 87658 43437 57353 11885 7744 67767
is_linear=0
shrinkage=0.03


Tree=248
num_leaves=31
num_cat=0
split_feature=17 73 20 29 69 20 25 19 21 66 21 25 7 7 61 73 3 26 39 6 9 70 65 73 7 3 72 60 21 70
split_gain=88.3019 30.1324 26.0379 23.807 23.4932 25.8518 22.6506 22.1397 22.3668 21.019 26.944 20.8384 23.5564 39.6213 45.1547 36.9894 41.7319 38.0184 48.8171 50.9821 52.2022 38.1225 39.502 63.0847 44.6167 35.8621 31.6473 30.5503 30.3575 28.7302
threshold=0.65050083398818981 0.13829530030488971 1.0470444560050967 1.0000000180025095e-35 -0.82727816700935353 1.1106284260749819 0.56247621774673473 0.39170669019222265 1.172250032424927 0.0010059467167593541 1.3533818721771242 0.75503185391426098 0.24667835235595706 0.24116761237382892 0.18553353846073153 0.060097409412264831 0.2035058066248894 0.50316895544528972 1.0000000180025095e-35 0.079629648476839079 1.0000000180025095e-35 0.0049078173469752082 -0.0016310992068611083 0.10733891278505327 0.24368063360452655 0.21336107701063159 0.019688731059432033 0.10743129998445512 0.45134170353412634 5.9614289966702935e-06
decision_type=2 2 2 2 2 2 2 2 2 2 2 2 2 2 2 2 2 2 2 2 2 2 2 2 2 2 2 2 2 2
left_child=1 3 6 9 -4 -6 -3 8 -2 11 -11 12 13 -1 15 28 17 18 19 20 -17 22 29 -24 -25 -18 -22 -20 -15 -21
right_child=7 2 4 -5 5 -7 -8 -9 -10 10 -12 -13 -14 14 -16 16 25 -19 27 21 26 -23 23 24 -26 -27 -28 -29 -30 -31
leaf_value=0.00066769288720075319 0.0012901028485989732 -0.00061456540708284006 0.017811002998573099 0.0025180831434618634 0.017901567232943484 -0.013513473374748885 0.0010277424506060441 0.0037647481616236746 0.020152990749808083 -0.0010603159141340818 -0.027209835504776906 -0.0035920269335968811 -0.00030607876324650137 -0.012278943526944742 0.027666589653774911 0.017832091637813213 -0.033102643288100156 -0.0020735349080095869 -0.00036768522294443513 -0.0003585317112446851 -0.011407021606401708 0.023154171778627306 -0.0039707828962728241 0.021703373356177912 -0.0016802514511625544 -0.0019424056425659747 0.01316146416230213 -0.03832219479274715 0.0050953431592819344 -0.024881309944865287
leaf_weight=22674.787743755405 14888.338739907296 110854.71671163051 128.59050933038816 4230.2204279268335 33.693172323517501 58.918962146155536 8105.6106388539192 4495.6472655238613 52.847139861667529 8658.9841414094335 31.632503244094551 1118.1383046510164 17402.017090356545 219.75760484253988 68.088336462154984 756.57563256751746 35.057458293624222 446.37488191155717 352.43395440396853 109.909402316669 98.147189147770405 84.234926106408238 309.90469884360209 237.46535681234673 104.25492845987901 230.08921015542001 83.697626939043403 16.201687322929502 148.5804748442024 67.159650251327548
leaf_count=290554 273538 1879870 327 41966 116 190 85106 74813 868 156842 78 12230 233873 333 184 563 136 2661 1793 798 96 279 1681 771 973 1240 169 51 1363 467
internal_value=0 -0.00021117 -0.000483282 0.000352918 0.00970718 -0.00176983 -0.000502595 0.00191902 0.0013625 0.000180666 -0.00116849 0.000443959 0.000548258 0.00111927 0.00415378 0.00363435 0.00476149 0.00589208 0.00749661 0.00947885 0.0143797 0.00439553 0.00238129 0.00580098 0.0146194 -0.00650984 -3.47926e-05 -0.00244134 -0.00527896 -0.0100287
internal_weight=196102 176665 119182 57483.7 221.203 92.6121 118960 19436.8 14941.2 53253.5 8690.62 44562.9 43444.7 26042.7 3367.93 3299.84 2931.51 2666.36 2219.99 1851.35 938.42 912.929 828.694 651.625 341.72 265.147 181.845 368.636 368.338 177.069
internal_count=3063929 2714710 1965609 749101 633 306 1964976 349219 274406 707135 156920 550215 537985 304112 13558 13374 11678 10302 7641 5797 828 4969 4690 3425 1744 1376 265 1844 1696 1265
is_linear=0
shrinkage=0.03


Tree=249
num_leaves=31
num_cat=0
split_feature=17 75 19 16 34 6 74 75 35 39 37 74 3 5 61 5 28 24 60 32 28 69 9 26 74 60 22 5 69 74
split_gain=86.7987 29.7834 24.6703 24.1297 22.6861 30.74 32.1863 33.8201 23.8312 23.5628 23.2406 23.1793 50.6101 35.6991 32.3149 75.7092 34.1881 34.0295 30.2207 29.6579 38.9693 27.4312 27.082 25.4014 25.5282 29.6006 25.3256 49.9583 33.2318 25.6895
threshold=0.63123199343681347 0.034738782793283469 0.51887804269790661 0.65050083398818981 0.50316895544528972 0.20000749826431277 0.28389319777488714 0.68060955405235302 0.87785851955413829 1.3163185119628908 0.63123199343681347 1.0000000180025095e-35 0.41056883335113531 1.0945624709129336 0.23166025429964068 1.1000917553901675 0.20707555115222934 0.37446653842926031 -0.0015562341432087121 0.74903717637062084 0.68376818299293529 -0.96508783102035511 0.17917595058679583 1.0000000180025095e-35 0.025306520052254203 -0.39959216117858881 1.0000000180025095e-35 1.3320729136466982 -0.83867734670639027 0.032314699143171317
decision_type=2 2 2 2 2 2 2 2 2 2 2 2 2 2 2 2 2 2 2 2 2 2 2 2 2 2 2 2 2 2
left_child=1 -1 4 -2 9 6 7 8 10 11 -6 12 14 -13 19 16 17 -16 -18 20 -3 -20 -21 24 -15 -26 27 28 29 -27
right_child=3 2 -4 -5 5 -7 -8 -9 -10 -11 -12 13 -14 23 15 -17 18 -19 21 22 -22 -23 -24 -25 25 26 -28 -29 -30 -31
leaf_value=0.0029820458533158 0.0013218554161850945 -0.0006426358745106126 0.001717957016461929 0.0042369147000468682 -0.001000895464569647 0.00021798245850846801 -0.020435401146628212 0.019113123355658283 0.0074390907128169207 -0.0063876250115636286 0.013592112859209778 7.2236731934982029e-05 -0.0034701795628278875 0.00030184655948943247 -0.004018141753194272 0.034827133075306931 0.015088496058879261 0.015670987952729962 0.010209200874526965 -0.0026938738960116592 0.010865760619959473 -0.012196464412683719 -0.012005227248567571 0.002459828255420053 0.0023755365806345501 -0.018803356724634995 -0.0019153900567642347 -0.013087885556453941 -0.0059214719656732386 0.0024558596609455239
leaf_weight=2540.6475705897901 21720.894372342354 33102.699132328446 5339.7395547394117 2896.2965532901617 891.41547363367863 10106.966739254276 42.463736897334456 135.31425847765058 847.06385480682366 595.94213524402585 106.29814341501333 87007.316315275806 6441.9660643049865 4786.4099628929107 651.00690594059415 64.416256230324507 270.93005807185546 85.825988934375346 99.131385618587956 1496.6175694205449 262.91748805390671 89.979626120533794 344.01673977030441 1490.4469830820453 1156.7936011868878 50.245204495440703 10439.487324968723 560.90345456225623 1517.7929864963662 891.13585002266336
leaf_count=42818 361734 222630 39794 64137 7633 156029 727 538 6296 15275 787 1509584 49668 60539 5496 153 1146 330 525 14384 1302 712 2897 37517 41701 448 305400 33414 59925 20390
internal_value=0 -0.000239237 -0.000287796 0.00166564 -0.000353355 0.000894699 0.00426701 0.00483916 0.00375065 -0.000453391 0.000597444 -0.000429742 -0.00101952 -0.000195133 -0.000586151 0.00412391 0.0023572 -0.00164646 0.00873835 -0.00075547 -0.000550524 -0.000459995 -0.00445888 -0.00130858 -0.00159873 -0.00222133 -0.00261734 -0.00503651 -0.00318001 0.00124165
internal_weight=196033 171416 168875 24617.2 163536 12129.5 2022.56 1980.09 1844.78 151406 997.714 150810 42909.5 107901 36467.5 1261.29 1196.87 736.833 460.041 35206.3 33365.6 189.111 1840.63 20893.2 19402.8 14616.4 13459.6 3020.08 2459.17 941.381
internal_count=3063929 2638058 2595240 425871 2555446 172010 15981 15254 14716 2383436 8420 2368161 299243 2068918 249575 8362 8209 5826 2383 241213 223932 1237 17281 559334 521817 461278 419577 114177 80763 20838
is_linear=0
shrinkage=0.03


end of trees

feature_importances:
Column_7=632
Column_6=613
Column_75=449
Column_73=378
Column_5=278
Column_18=241
Column_17=238
Column_74=232
Column_3=213
Column_2=211
Column_16=209
Column_72=194
Column_26=189
Column_15=187
Column_9=184
Column_4=180
Column_22=174
Column_1=173
Column_70=154
Column_36=146
Column_64=144
Column_20=136
Column_65=132
Column_19=130
Column_69=129
Column_14=120
Column_66=116
Column_13=91
Column_32=91
Column_21=86
Column_71=79
Column_12=76
Column_25=72
Column_39=52
Column_11=50
Column_48=49
Column_27=46
Column_24=45
Column_28=43
Column_52=43
Column_61=42
Column_56=40
Column_60=35
Column_54=29
Column_55=27
Column_58=26
Column_59=26
Column_38=25
Column_57=25
Column_44=24
Column_51=24
Column_33=23
Column_31=22
Column_47=19
Column_53=19
Column_40=17
Column_35=15
Column_34=13
Column_29=10
Column_23=9
Column_37=9
Column_50=8
Column_30=4
Column_49=2
Column_8=1
Column_42=1

parameters:
[boosting: gbdt]
[objective: lambdarank]
[metric: ndcg]
[tree_learner: serial]
[device_type: cpu]
[data_sample_strategy: bagging]
[data: ]
[valid: ]
[num_iterations: 250]
[learning_rate: 0.03]
[num_leaves: 31]
[num_threads: 10]
[seed: 20260823]
[deterministic: 0]
[force_col_wise: 0]
[force_row_wise: 0]
[histogram_pool_size: -1]
[max_depth: -1]
[min_data_in_leaf: 80]
[min_sum_hessian_in_leaf: 0.001]
[bagging_fraction: 1]
[pos_bagging_fraction: 1]
[neg_bagging_fraction: 1]
[bagging_freq: 0]
[bagging_seed: 26585]
[bagging_by_query: 0]
[feature_fraction: 0.75]
[feature_fraction_bynode: 1]
[feature_fraction_seed: 20978]
[extra_trees: 0]
[extra_seed: 20048]
[early_stopping_round: 0]
[early_stopping_min_delta: 0]
[first_metric_only: 0]
[max_delta_step: 0]
[lambda_l1: 0.15]
[lambda_l2: 4]
[linear_lambda: 0]
[min_gain_to_split: 0]
[drop_rate: 0.1]
[max_drop: 50]
[skip_drop: 0.5]
[xgboost_dart_mode: 0]
[uniform_drop: 0]
[drop_seed: 26668]
[top_rate: 0.2]
[other_rate: 0.1]
[min_data_per_group: 100]
[max_cat_threshold: 32]
[cat_l2: 10]
[cat_smooth: 10]
[max_cat_to_onehot: 4]
[top_k: 20]
[monotone_constraints: ]
[monotone_constraints_method: basic]
[monotone_penalty: 0]
[feature_contri: ]
[forcedsplits_filename: ]
[refit_decay_rate: 0.9]
[cegb_tradeoff: 1]
[cegb_penalty_split: 0]
[cegb_penalty_feature_lazy: ]
[cegb_penalty_feature_coupled: ]
[path_smooth: 0]
[interaction_constraints: ]
[verbosity: -1]
[saved_feature_importance_type: 0]
[use_quantized_grad: 0]
[num_grad_quant_bins: 4]
[quant_train_renew_leaf: 0]
[stochastic_rounding: 1]
[linear_tree: 0]
[max_bin: 255]
[max_bin_by_feature: ]
[min_data_in_bin: 3]
[bin_construct_sample_cnt: 200000]
[data_random_seed: 4769]
[is_enable_sparse: 1]
[enable_bundle: 1]
[use_missing: 1]
[zero_as_missing: 0]
[feature_pre_filter: 1]
[pre_partition: 0]
[two_round: 0]
[header: 0]
[label_column: ]
[weight_column: ]
[group_column: ]
[ignore_column: ]
[categorical_feature: ]
[forcedbins_filename: ]
[precise_float_parser: 0]
[parser_config_file: ]
[objective_seed: 21584]
[num_class: 1]
[is_unbalance: 0]
[scale_pos_weight: 1]
[sigmoid: 1]
[boost_from_average: 1]
[reg_sqrt: 0]
[alpha: 0.9]
[fair_c: 1]
[poisson_max_delta_step: 0.7]
[tweedie_variance_power: 1.5]
[lambdarank_truncation_level: 30]
[lambdarank_norm: 1]
[label_gain: 0,1,3,7,15]
[lambdarank_position_bias_regularization: 0]
[eval_at: 1,3,5]
[multi_error_top_k: 1]
[auc_mu_weights: ]
[num_machines: 1]
[local_listen_port: 12400]
[time_out: 120]
[machine_list_filename: ]
[machines: ]
[gpu_platform_id: -1]
[gpu_device_id: -1]
[gpu_device_id_list: ]
[gpu_use_dp: 0]
[num_gpu: 1]

end of parameters

pandas_categorical:null
