tree
version=v4
num_class=1
num_tree_per_iteration=1
label_index=0
max_feature_idx=156
objective=lambdarank
feature_names=Column_0 Column_1 Column_2 Column_3 Column_4 Column_5 Column_6 Column_7 Column_8 Column_9 Column_10 Column_11 Column_12 Column_13 Column_14 Column_15 Column_16 Column_17 Column_18 Column_19 Column_20 Column_21 Column_22 Column_23 Column_24 Column_25 Column_26 Column_27 Column_28 Column_29 Column_30 Column_31 Column_32 Column_33 Column_34 Column_35 Column_36 Column_37 Column_38 Column_39 Column_40 Column_41 Column_42 Column_43 Column_44 Column_45 Column_46 Column_47 Column_48 Column_49 Column_50 Column_51 Column_52 Column_53 Column_54 Column_55 Column_56 Column_57 Column_58 Column_59 Column_60 Column_61 Column_62 Column_63 Column_64 Column_65 Column_66 Column_67 Column_68 Column_69 Column_70 Column_71 Column_72 Column_73 Column_74 Column_75 Column_76 Column_77 Column_78 Column_79 Column_80 Column_81 Column_82 Column_83 Column_84 Column_85 Column_86 Column_87 Column_88 Column_89 Column_90 Column_91 Column_92 Column_93 Column_94 Column_95 Column_96 Column_97 Column_98 Column_99 Column_100 Column_101 Column_102 Column_103 Column_104 Column_105 Column_106 Column_107 Column_108 Column_109 Column_110 Column_111 Column_112 Column_113 Column_114 Column_115 Column_116 Column_117 Column_118 Column_119 Column_120 Column_121 Column_122 Column_123 Column_124 Column_125 Column_126 Column_127 Column_128 Column_129 Column_130 Column_131 Column_132 Column_133 Column_134 Column_135 Column_136 Column_137 Column_138 Column_139 Column_140 Column_141 Column_142 Column_143 Column_144 Column_145 Column_146 Column_147 Column_148 Column_149 Column_150 Column_151 Column_152 Column_153 Column_154 Column_155 Column_156
feature_infos=none [-1.3667221069335938:1.2228531837463379] [-1.3717678785324097:1.5179100036621094] [0:1.7106336355209351] [0.1155245304107666:1.1062096357345581] [0.1155245304107666:1.5495724678039551] [-0.014259255491197109:0.346840500831604] [0.12472222000360489:0.25845295190811157] [0:1] [0:1.2780481576919556] [0.13862943649291992:0.90217190980911255] [0:0.4023594856262207] [0:0.48647752404212952] [0:0.65976434946060181] [0:0.95166563987731934] [0:0.54930615425109863] [0:0.64123731851577759] [0:0.67701256275177002] [0:0.70830333232879639] [0:1.4756346940994263] [0:1.5841083526611328] [0:1.6722949743270874] [0:1.6722949743270874] [0:0.62122666835784912] [0:0.67701256275177002] [0:0.82395923137664795] [0:1.1462419033050537] [0:1.6004083156585693] [0:0.79929840564727783] [0:0.57564628124237061] [0:0.74893307685852051] [0:0.78387355804443359] [0:0.82241231203079224] [0:0.57564628124237061] [0:0.74893307685852051] [0:0.78387355804443359] [0:0.84481734037399292] [0:0.57564628124237061] [0:0.74893307685852051] [0:0.78387355804443359] [0:0.91482293605804443] [0:0.44793987274169922] [0:0.69314718246459961] [0:0.93441742658615112] [0:0.93913161754608154] [0:0.44793987274169922] [0:0.72259294986724854] [0:0.96780025959014893] [0:0.94440442323684692] [0:0.44793987274169922] [0:0.73610973358154297] [0:0.97295504808425903] [0:0.91482293605804443] [0:0.91482293605804443] [0:0.74893307685852051] [0:0.74893307685852051] [0:0.96780025959014893] [0:0.96780025959014893] [0:0.74893307685852051] [0:0.82395923137664795] [0:2.7382149696350098] [0:4.0669922828674316] [0:5.3737444877624512] [0:3.8765265941619873] [0:4.7306246757507324] [0:5.755767822265625] [0:4.3412232398986816] [0:5.236727237701416] [0:6.1116466522216797] [0:4.6281261444091797] [0:5.5723991394042969] [0:6.4153037071228027] [-2.6396701335906982:0] [-1.3667221069335938:1.2228531837463379] [-1.3717678785324097:1.5179100036621094] [-1.2246962785720825:1.0435549020767212] [-0.97463232278823853:1.007066011428833] [-1.0000001192092896:1] [-0.77166634798049927:1.1313893795013428] [-1.6398227214813232:1.0492738485336304] [-0.31603088974952698:0.29616644978523254] [-0.22532129287719727:0.21260479092597961] [-1.0000001192092896:1] [-0.28184473514556885:0.19839347898960114] [-1.4970704317092896:1.2130072116851807] [0:1.2447440624237061] [0:1.350239634513855] [0:1.0707606077194214] [0.0019100838107988238:1.2569992542266846] none none [0.1155245304107666:0.75180989503860474] [0:1.4756346940994263] [0:0.88388413190841675] [0.40000000596046448:1] [0:0.43944492936134338] none none none none [-1.2246962785720825:1.0435549020767212] [-0.97463232278823853:1.007066011428833] [0.1155245304107666:1.4042527675628662] [0:1] [-1:1] [-1:1] [-0.95611751079559326:0.74301260709762573] [-0.72782593965530396:0.89978188276290894] [0.18228861689567566:1.295362114906311] [0:1.0025273561477661] [0:0.4389130175113678] [0.40000000596046448:0.98000001907348633] [0:0.27399036288261414] none none none none [-0.13896919786930084:0.072237566113471985] [-0.099372804164886475:0.060371343046426773] [0.1155245304107666:0.94124442338943481] [0.0002914775104727596:0.86199241876602173] [-0.34559169411659241:0.32581257820129395] [-0.12966731190681458:0.89301526546478271] [-0.70809626579284668:0.73710232973098755] [-0.62129461765289307:0.74984836578369141] [0.1155245304107666:1.1967587471008301] [0:1.1452763080596924] [0:0.53569597005844116] [0.40000000596046448:1] [0:0.37273600697517395] none none none none [-0.31603088974952698:0.29616644978523254] [-0.22532129287719727:0.21260479092597961] [0.1155245304107666:1.0485537052154541] [0:1] [-0.94145321846008301:0.79764729738235474] [-0.48452126979827881:1] [-0.64673364162445068:0.80110788345336914] [-0.93359065055847168:0.58023256063461304] [-0.84705936908721924:1.0646880865097046] [-0.64062213897705078:1.0025273561477661] [-0.39476007223129272:0.40327706933021545] [-0.44999998807907104:0.89999997615814209] [-0.23410657048225403:0.23410657048225403] none none none none [-0.47366335988044739:0.44084370136260986] [-0.37697100639343262:0.37792247533798218] [-0.76452791690826416:1.0196726322174072] [-0.63774532079696655:0.73509615659713745] [-1.3523123264312744:1.5046215057373047] [-1.0997085571289062:1.0838395357131958]
tree_sizes=1758 1779 1783 1773 1778 1780 1774 1779 1767 1778 1776 1762 1785 1790 1739 1783 1780 1773 1756 1789 1791 1795 1790 1789 1794 1778 1795 1783 1790 1788 1780 1793 1789 1789 1785 1789 1768 1793 1795 1793 1785 1774 1777 1795 1795 1797 1771 1795 1771 1785 1799 1789 1779 1791 1782 1796 1783 1786 1783 1798 1789 1759 1786 1784 1795 1787 1791 1777 1807 1793 1792 1790 1785 1788 1783

Tree=0
num_leaves=15
num_cat=0
split_feature=87 87 26 5 53 6 10 15 125 6 26 22 107 6
split_gain=238.673 46.1602 37.5485 24.3011 13.2949 11.9264 11.9107 10.7278 10.2347 9.66927 9.52507 6.81971 5.76227 5.57895
threshold=0.055057752877473838 0.16317769140005114 0.22396993637084964 1.1572675108909609 0.14931328594684604 0.072475306689739241 0.42766661942005163 1.0000000180025095e-35 0.89291098713874828 0.1396296098828316 0.31061333417892462 1.0000000180025095e-35 -0.10194275900721549 0.072744261473417296
decision_type=2 2 2 2 2 2 2 2 2 2 2 2 2 2
left_child=2 4 5 6 10 -1 -3 -7 11 13 12 -5 -2 -4
right_child=1 3 9 8 -6 7 -8 -9 -10 -11 -12 -13 -14 -15
leaf_value=-0.0075374234382569391 0 -0.018356613859636418 0.0029835828204166268 -0.034748866183621267 0.0049269880379691818 0.0019956179837260142 8.7147841837880802e-05 0.012130944893947053 0.0030695989472230433 -0.0017258432235372227 0.0058227051690361749 -0.0051322345197459913 -0.012689809702007586 0.019986900413693533
leaf_weight=33.39789170853328 27.139035622472875 34.854812945850426 19.470032381825149 86.637477326468797 44.800148251815699 164.84500893842778 38.349613956437679 107.5328375431709 2.5843688755994654 11.91325964219868 15.822141865268348 11.032611713977529 140.98516145482427 219.81733429606538
leaf_count=765 780 1121 272 3251 904 4424 935 1023 52 189 270 339 4662 1985
internal_value=0.00030675 -0.0141205 0.0108251 -0.0234914 -0.00614593 0.00459688 -0.00989629 0.00638398 -0.0311879 0.0178037 -0.00904312 -0.032445 -0.0108062 0.0188617
internal_weight=959.182 402.205 556.976 173.459 228.746 305.776 73.2044 272.378 100.254 251.201 183.946 97.6701 168.124 239.287
internal_count=20972 12314 8658 5698 6616 6212 2056 5447 3642 2446 5712 3590 5442 2257
is_linear=0
shrinkage=0.025


Tree=1
num_leaves=15
num_cat=0
split_feature=85 5 85 23 10 26 28 7 108 10 2 62 120 142
split_gain=364.184 86.931 70.1479 51.1989 44.4639 37.2269 28.3274 26.9645 26.42 23.5482 26.1817 23.4484 22.7187 21.1649
threshold=0.053880957886576659 1.100544333457947 0.18480810523033145 1.0000000180025095e-35 0.63969296216964733 1.0000000180025095e-35 0.39170669019222265 0.21509028226137164 1.0073150992393496 0.40253517031669622 0.24375484138727191 0.19823449105024341 0.24129531532526019 -0.10228335112333296
decision_type=2 2 2 2 2 2 2 2 2 2 2 2 2 2
left_child=3 6 8 7 11 -4 9 -1 -3 10 -2 -5 -9 -11
right_child=1 2 5 4 -6 -7 -8 12 -10 13 -12 -13 -14 -15
leaf_value=-0.0053614845314350901 -0.0060673462480184725 -0.0090287881580884671 -0.026142170899491807 0.010631685838571185 -0.0017940767188043126 0.012878724171442672 0.010000510459576509 0.010818268506473588 0.012858065220166307 0.0028047596720325407 -0.024397983532019996 0.022727834856769335 0.00068835042885079614 -0.0099173886155904875
leaf_weight=113.45755525585264 429.95157248713076 231.65887181344442 271.21295033302158 211.6356428777799 77.936313647776842 8.8257124312221986 78.115129750221968 403.75283556617796 28.946481966413558 319.67220659926534 46.672585229389369 294.60496837366372 214.06685603223741 96.380016066599637
leaf_count=609 3935 2638 4427 571 235 33 386 2109 130 2371 506 600 1486 950
internal_value=0.000352264 -0.0079855 -0.0159172 0.00992723 0.0154061 -0.0243909 -0.00341512 0.00535561 -0.00609288 -0.00471998 -0.00844303 0.0180584 0.00740821 -0.000308574
internal_weight=2826.89 1511.44 540.644 1315.45 584.177 280.039 970.792 731.277 260.605 892.676 476.624 506.241 617.82 416.052
internal_count=20986 15376 7228 5610 1406 4460 8148 4204 2768 7762 4441 1171 3595 3321
is_linear=0
shrinkage=0.025


Tree=2
num_leaves=15
num_cat=0
split_feature=16 87 5 26 110 61 22 61 125 78 22 154 5 117
split_gain=278.772 85.1538 49.0735 42.8816 42.0422 32.1079 30.5566 28.9463 28.3574 27.0187 24.3745 23.8964 21.7476 21.3045
threshold=1.0000000180025095e-35 0.16202040761709216 1.1572675108909609 0.22396993637084964 0.1565520837903023 0.020211571827530864 1.0000000180025095e-35 0.16630333662033084 0.84601745009422313 -0.0030709753045812245 1.2951778173446657 -0.036159910261631005 0.7020167112350465 -0.0099170468747615797
decision_type=2 2 2 2 2 2 2 2 2 2 2 2 2 2
left_child=1 3 4 -1 11 10 8 12 -4 -7 13 -3 -5 -2
right_child=5 2 6 7 -6 9 -8 -9 -10 -11 -12 -13 -14 -15
leaf_value=-0.0067842727817844124 0.0097469050786692293 -0.0044526910094406218 -0.034114065468193781 0.010032580352770139 0.0077757395459867569 0.00011773172231160474 -0.001446761057411721 0.013755308250040413 0.0048587383655077677 0.014394623535329104 0.013648597088641318 -0.02662529167332528 -0.0074833524651508653 -0.0029944597240100339
leaf_weight=817.59674338577315 102.79196343384683 68.774770479649305 135.46693308325484 53.157247344963253 61.38649817276746 98.580739919096231 27.03102042619139 108.65733744204044 9.057077086530624 581.31971207330935 107.7204736545682 55.648889503441751 126.27832394046709 274.45320369629189
leaf_count=8370 392 676 3243 244 512 685 327 424 74 2335 360 793 861 1566
internal_value=-0.000170814 -0.00741476 -0.0178348 -0.00388043 -0.00803903 0.00889969 -0.0271573 0.00426064 -0.0314066 0.0123806 0.00381336 -0.0159308 -0.0019254 0.000638656
internal_weight=2627.92 1463.05 357.365 1105.69 185.81 1164.87 171.555 288.093 144.524 679.9 484.966 124.424 179.436 377.245
internal_count=20862 15524 5625 9899 1981 5338 3644 1529 3317 3020 2318 1469 1105 1958
is_linear=0
shrinkage=0.025


Tree=3
num_leaves=15
num_cat=0
split_feature=17 87 4 10 10 15 18 127 85 1 88 72 28 4
split_gain=243.605 80.5543 69.0136 47.9431 33.9501 34.2391 30.1935 25.8611 25.7177 23.9353 22.3755 15.8372 15.6871 15.5169
threshold=1.0000000180025095e-35 0.020246866159141067 0.3114724606275559 0.37376695871353155 0.40253517031669622 1.0000000180025095e-35 0.22396993637084964 0.099739409983158125 0.18812649697065356 0.011265104170888664 0.44559380412101751 -1.6711744070053098 0.4769654124975205 0.3114724606275559
decision_type=2 2 2 2 2 2 2 2 2 2 2 2 2 2
left_child=2 4 3 6 5 -2 -1 8 -5 10 -6 -4 -8 -3
right_child=1 13 11 7 9 -7 12 -9 -10 -11 -12 -13 -14 -15
leaf_value=-0.031116530492796751 0.004352085317755691 -0.0034992294874402474 -0.01501001647927896 -0.0047759274567941573 0.0014317075834295392 0.016907820702066294 -0.014769577695544836 0.0010713702638529678 -0.021692638245297727 0.010600867587555763 -0.020571832110889518 0.0076319983949657754 0.011555972101164266 0.0057559331005749125
leaf_weight=143.16828541923314 218.84332894533873 576.86635553650558 11.096198637038468 127.01024626707658 257.82489668764174 415.40518053993583 122.96255138935521 110.6839361237362 107.66219777660444 173.814981052652 20.314163750037551 114.2793673616834 6.4412444047629824 128.03516335971653
leaf_count=2602 1291 6091 145 1225 1056 1127 1628 1232 1847 781 118 843 20 959
internal_value=-0.000167589 0.0048211 -0.0120908 -0.0154768 0.00905797 0.0127561 -0.0232227 -0.00875387 -0.0132653 0.00364551 -0.000916634 0.004401 -0.0125013 -0.00173252
internal_weight=2534.41 1791.1 743.304 617.928 1086.2 634.249 272.572 345.356 234.672 451.954 278.139 125.376 129.404 704.902
internal_count=20965 11423 9542 8554 4373 2418 4250 4304 3072 1955 1174 988 1648 7050
is_linear=0
shrinkage=0.025


Tree=4
num_leaves=15
num_cat=0
split_feature=85 5 26 4 87 123 69 142 38 125 78 3 153 156
split_gain=212.076 64.3548 60.2062 34.9348 33.1474 27.0497 24.1173 20.3067 19.3202 27.9801 17.8555 16.7823 24.0597 16.373
threshold=0.065563548356294646 1.1104156374931338 0.37446653842926031 0.3114724606275559 0.18526728451251986 -0.3127137273550033 1.0408945083618166 -0.25525721907615656 1.0000000180025095e-35 0.4446017742156983 -0.0091081834398210031 0.1555559113621712 0.0038644522428512578 0.084241151809692397
decision_type=2 2 2 2 2 2 2 2 2 2 2 2 2 2
left_child=2 3 6 8 -3 -6 11 10 9 -2 -8 -1 -13 -10
right_child=1 4 -4 -5 5 -7 7 -9 13 -11 -12 12 -14 -15
leaf_value=0.0038670597168713496 -0.015503114043212843 -0.0093092241414812812 0.016911420962747045 0.0061361763462419311 0.0039748558985372206 -0.028419760320344115 -0.010064645115041968 0.0040340758628000743 0.011378947961913313 -0.0033335295569999531 0.018514868170883964 0.0031092554181278292 -0.012339448865504862 -0.0086807857980807004
leaf_weight=432.21140096336603 192.77245967462659 226.52881638053805 277.41746660880744 168.10557603184134 14.289120505563913 134.63223564927466 7.0618017613887778 236.07701956108212 55.184258049353957 308.16744733648375 128.87104943022132 123.08270851988345 107.69197316048667 29.462750697508454
leaf_count=2291 2611 3091 690 1133 211 3402 62 1441 408 3140 536 717 816 342
internal_value=-7.34088e-06 -0.00791133 0.00679353 -0.00356825 -0.016217 -0.0251692 0.00390688 0.00889852 -0.00644231 -0.00829415 0.0162497 0.00097908 -0.00430204 0.00405659
internal_weight=2441.56 1129.14 1312.41 753.692 375.45 148.921 1035 372.01 585.587 500.94 135.933 662.986 230.775 84.647
internal_count=20891 14338 6553 7634 6704 3613 5863 2039 6501 5751 598 3824 1533 750
is_linear=0
shrinkage=0.025


Tree=5
num_leaves=15
num_cat=0
split_feature=87 4 26 2 91 17 18 117 153 66 79 79 71 6
split_gain=177.66 73.7855 39.4948 30.492 24.9063 22.6595 22.3738 20.9449 20.2159 19.6831 18.1646 18.0096 16.8918 14.829
threshold=0.04659631289541722 0.3114724606275559 0.37446653842926031 -0.2438898757100105 0.44559228420257574 1.0000000180025095e-35 1.0000000180025095e-35 -0.017193548381328579 0.2150116711854935 0.53925794363021862 -0.16434247046709058 -0.46057023108005518 3.4990576505661015 0.077685184776783003
decision_type=2 2 2 2 2 2 2 2 2 2 2 2 2 2
left_child=2 3 5 9 6 8 -5 -7 -1 -2 -9 -6 -3 -10
right_child=1 12 -4 4 11 7 -8 10 13 -11 -12 -13 -14 -15
leaf_value=-0.011727062052075344 -0.030119605530585687 0.0096938826496326611 0.013048839398995551 -0.025802497627076051 0.0098155099809837804 0.013211861609816257 -0.0098094244132900729 -0.0039929960145751991 -0.01239208016537793 -0.0049983417979455012 0.0046905925535446194 -0.0061424464155181834 -0.0076865847451140059 0.016285963222086648
leaf_weight=97.164559838362038 76.201824366347864 137.49652330717072 314.33693886175752 63.520924439420924 47.672995588975027 133.41850657574832 379.67141964938492 180.47077396977693 5.5714485999196794 33.747447398025542 686.51997083239257 158.39603450824507 35.004192841239274 25.224171441979706
leaf_count=852 1881 1056 853 1317 450 526 5491 1346 67 507 3960 2204 364 110
internal_value=-0.000116569 -0.00856882 0.00535903 -0.0118961 -0.009473 0.0030911 -0.0127489 0.0043749 -0.00637106 -0.0237621 0.00283898 -0.00205636 0.0058287 0.00878559
internal_weight=2374.42 931.711 1442.71 759.211 649.261 1128.37 443.192 1000.41 127.96 109.949 866.991 206.069 172.501 30.7956
internal_count=20984 13270 7714 11850 9462 6861 6808 5832 1029 2388 5306 2654 1420 177
is_linear=0
shrinkage=0.025


Tree=6
num_leaves=15
num_cat=0
split_feature=87 6 26 60 10 18 67 152 152 52 82 154 105 1
split_gain=165.715 44.36 32.1131 33.0057 24.151 37.707 22.9666 22.2666 18.0387 17.2507 16.6156 16.4053 15.0078 14.0405
threshold=0.042828923091292388 0.072475306689739241 0.22396993637084964 0.00020963443967048081 0.47004804015159612 1.0000000180025095e-35 0.99240571260452282 -0.059273699298501008 -0.046510955318808549 1.0000000180025095e-35 0.96002510190010082 0.39779615402221685 0.99557733535766613 -0.13636655360460279
decision_type=2 2 2 2 2 2 2 2 2 2 2 2 2 2
left_child=2 6 7 9 5 10 11 -1 -7 -4 -3 -2 -11 -9
right_child=1 4 3 -5 -6 8 -8 13 -10 12 -12 -13 -14 -15
leaf_value=-0.007356113334377877 -0.031139618617536103 -0.029937123910962399 -0.0036737353171495827 0.013923248717225804 0 0.0035502537220465391 -0.0083495139328010771 -0.0054084628860377737 -0.0086241608522720677 0.012037058147535555 0.0046291392359469894 0.0022278874432284392 -0.0090272537677142974 0.0052098586374810397
leaf_weight=126.29106045421213 76.894701661076397 52.526388579048216 136.13714093342423 385.89288043044508 308.77172056492418 91.172957524657249 87.349116995697841 79.695652631111443 303.13566610356793 107.3795747756958 5.9574969410896292 7.7928779469802967 15.815850418061016 532.01737162983045
leaf_count=958 1891 1193 639 1217 3625 1036 1350 660 4302 334 64 116 62 3439
internal_value=-0.000111767 -0.00819632 0.00535945 0.00938662 -0.00540922 -0.00900961 -0.019309 0.00172804 -0.00575668 0.00227271 -0.02605 -0.0280445 0.00867913 0.00372899
internal_weight=2316.83 933.601 1383.23 645.225 761.564 452.793 172.037 738.004 394.309 259.333 58.4839 84.6876 123.195 611.713
internal_count=20886 13577 7309 2252 10220 6595 3357 5057 5338 1035 1257 2007 396 4099
is_linear=0
shrinkage=0.025


Tree=7
num_leaves=15
num_cat=0
split_feature=17 15 125 2 109 28 5 82 78 125 119 141 31 60
split_gain=141.013 50.8064 46.4109 31.1384 23.5755 19.2013 17.4044 15.7981 16.0643 15.7963 14.8927 13.5255 13.4659 12.7617
threshold=1.0000000180025095e-35 1.0000000180025095e-35 0.43718586862087255 -0.16290885955095288 0.033521616831421859 0.43366721272468572 0.95035219192504894 -0.99999323487281788 -0.0084992893971502764 0.65313231945037853 0.25937914848327642 0.048422511667013175 0.22396993637084964 0.002614921773783863
decision_type=2 2 2 2 2 2 2 2 2 2 2 2 2 2
left_child=2 7 5 6 -5 -1 -4 -2 -9 12 -10 -11 13 -3
right_child=1 9 3 4 -6 -7 -8 8 10 11 -12 -13 -14 -15
leaf_value=-0.024084204308945784 0.010273989912757258 0.0070338958321185668 0 -0.0084080971061436423 0.0036763700620131255 0.0042678996330895776 -0.022545860935080507 -0.0069258144715509395 -0.0040071545876678603 -0.0088531541130153404 0.0033430610401462592 0.010272468398856458 -0.0097170350112429776 0.015516947636116463
leaf_weight=142.66252570413053 76.563825890421867 271.31955009885132 27.994963990524411 190.30324197560549 189.54124052845873 12.068597371689973 78.908347033429891 195.62236557528377 245.06467551738024 46.408228538930416 508.23772875033319 26.150029715150595 10.266442921012638 248.78146013058722
leaf_count=3024 327 986 250 2575 1809 130 1705 2184 2795 209 4037 80 46 753
internal_value=-0.000324542 0.00358376 -0.0101486 -0.00603454 -0.00241817 -0.0216498 -0.0172381 0.000162448 -0.000758504 0.00926585 0.000910214 -0.00133283 0.0107363 0.0113735
internal_weight=2269.89 1628.41 641.479 486.748 379.844 154.731 106.903 1025.49 948.925 602.926 753.302 72.5583 530.367 520.101
internal_count=20910 11417 9493 6339 4384 3154 1955 9343 9016 2074 6832 289 1785 1739
is_linear=0
shrinkage=0.025


Tree=8
num_leaves=15
num_cat=0
split_feature=85 4 3 26 125 92 37 151 104 101 6 117 3 10
split_gain=148.131 49.0822 33.4366 27.7705 25.622 23.0857 21.7234 18.9034 15.6877 15.3843 15.0601 12.5912 12.446 13.4292
threshold=0.053880957886576659 0.3114724606275559 0.24159795790910724 0.22396993637084964 0.5031423568725587 1.0000000180025095e-35 1.0000000180025095e-35 -0.14355003088712689 0.98980054259300243 -0.20139836519956586 0.072744261473417296 0.015167706180363895 0.046487014740705497 0.7081708312034608
decision_type=2 2 2 2 2 2 2 2 2 2 2 2 2 2
left_child=3 2 11 9 6 -6 -4 -5 10 -1 -9 -2 13 -11
right_child=1 -3 4 7 5 -7 -8 8 -10 12 -12 -13 -14 -15
leaf_value=-0.010716432344363359 -0.0054542874314960936 0.0035439276352276583 -0.023104324204145113 -0.0089040915043676807 -0.014644484331509743 0 0.0020408931872907231 -0.0026531619866091202 -0.0070233929207607878 0.0098182443116513682 0.013394548872689361 0.0080839040311464685 0.00028385941771746296 -0.0069527880174955689
leaf_weight=40.344300927594304 360.58817746443674 218.12727116141468 185.13007120043039 21.582887040451169 139.49645661376417 122.3267627323512 21.007126946700737 34.433382801711559 19.810654826462269 208.51318175159395 443.49991521798074 37.131048869341612 339.29441494680941 24.901732299476862
leaf_count=326 5057 1798 3811 84 2491 1493 246 148 90 897 1364 375 2501 146
internal_value=-0.000287328 -0.00686075 -0.00950929 0.00599917 -0.0139826 -0.0081216 -0.0205132 0.0101973 0.0112402 0.00229541 0.0121762 -0.00396011 0.00343453 0.00772562
internal_weight=2216.19 1083.81 865.68 1132.38 467.96 261.823 206.137 519.327 497.744 613.054 477.933 397.719 572.709 233.415
internal_count=20827 15271 13473 5556 8041 3984 4057 1686 1602 3870 1512 5432 3544 1043
is_linear=0
shrinkage=0.025


Tree=9
num_leaves=15
num_cat=0
split_feature=87 26 5 152 61 3 85 106 22 4 5 141 53 140
split_gain=124.524 45.5688 43.3841 30.752 21.4536 20.2247 17.4623 19.5824 19.8129 16.2353 15.2804 15.1793 13.8208 13.3779
threshold=0.055057752877473838 0.22396993637084964 1.100544333457947 -0.14594561606645581 0.13381855934858325 0.1722269877791405 0.18480810523033145 -0.25639559328556055 1.0000000180025095e-35 0.3354459702968598 0.7020167112350465 -0.18780773133039472 1.0000000180025095e-35 0.058476585894823081
decision_type=2 2 2 2 2 2 2 2 2 2 2 2 2 2
left_child=1 5 3 -2 10 -1 -4 13 -9 11 12 -5 -3 -8
right_child=2 4 6 9 -6 -7 7 8 -10 -11 -12 -13 -14 -15
leaf_value=0.0036268523186619925 0.016716202414268508 0.002217212865346564 -0.0075894164861544421 0.011357642916153793 0.014307109664492244 -0.0044238051027159107 0.011607595389550768 -0.027828997158124581 -0.00042914766531797248 0.0052964420876260056 -0.0032367333342621209 -0.0083955399953694072 0.01384192681385886 -0.01290584143151036
leaf_weight=480.68017492536455 34.281490790657699 140.84748177975416 151.3304545795545 15.477190386503933 292.13182629458606 310.45147129986435 14.215325218625368 115.05049326643348 20.462352347560227 71.483445361256599 95.75058407522738 317.80823643319309 119.70353171229362 17.568661873694509
leaf_count=3244 188 560 2345 127 918 2926 171 3355 334 582 592 4798 328 404
internal_value=0.000188884 0.00450364 -0.00793519 -0.00266827 0.00935282 0.000433199 -0.0147946 -0.0202984 -0.0241479 -0.00477405 0.00492305 -0.00707919 0.00797805 -0.00148026
internal_weight=2197.24 1439.57 757.678 439.05 648.433 791.132 318.627 167.297 135.513 404.769 356.302 333.285 260.551 31.784
internal_count=20872 8568 12304 5695 2398 6170 6609 4264 3689 5507 1480 4925 888 575
is_linear=0
shrinkage=0.025


Tree=10
num_leaves=15
num_cat=0
split_feature=16 4 85 111 26 5 106 36 107 3 7 7 79 72
split_gain=120.531 47.0446 41.1048 33.7105 23.5281 20.0128 17.5427 16.5556 15.4108 18.8914 12.7699 13.0193 12.4489 11.0663
threshold=1.0000000180025095e-35 0.3114724606275559 0.18305635452270511 0.92500004172325145 0.31061333417892462 1.1572675108909609 0.2550236582756043 0.55233678221702587 -0.11136649176478385 0.19913613051176074 0.21159110218286517 0.24638342112302783 -0.30141872167587275 -0.69216081500053395
decision_type=2 2 2 2 2 2 2 2 2 2 2 2 2 2
left_child=1 2 8 5 6 -4 10 -5 -1 -10 -2 -12 -3 -6
right_child=4 12 3 7 13 -7 -8 -9 9 -11 11 -13 -14 -15
leaf_value=0.0040956272608073932 -0.010376464757819484 -0.0071869289052351945 -0.01142969024007265 -0.0077643665598403971 0.013793191640455555 -0.026669170558088935 0.015477869803261031 0.016884766029549407 -0.0020031191343942213 -0.012089144877127133 0.0042279241730266504 -0.0062300606772825616 0.0062881657088342015 0.0026100857978911523
leaf_weight=101.08977912925184 38.155807008966804 42.128309680148959 159.5089113553986 27.136278747580945 250.89635847695172 115.64527333411388 53.245971666648984 18.372693816199899 294.22914761770517 190.6874769453425 505.69312457926571 75.15483895689249 202.49359477730468 81.989154826849699
leaf_count=1011 246 392 2435 423 742 3492 206 108 3688 2557 3179 739 1510 266
internal_value=-0.000364138 -0.00586381 -0.00846994 -0.0155353 0.00591781 -0.0187251 0.00310225 0.00341629 -0.00434871 -0.00619064 0.0017438 0.00275499 0.00369125 0.0112617
internal_weight=2156.43 1151.29 906.67 320.663 1005.14 275.154 672.25 45.509 586.006 484.917 619.004 580.848 244.622 332.886
internal_count=20994 15616 13714 6458 5378 5927 4370 531 7256 6245 4164 3918 1902 1008
is_linear=0
shrinkage=0.025


Tree=11
num_leaves=15
num_cat=0
split_feature=85 6 26 125 17 112 85 151 136 61 120 74 32 1
split_gain=103.837 35.7557 26.1015 21.9888 22.1944 19.7596 15.5392 15.1987 14.262 14.0072 13.6475 14.1426 11.6851 16.5491
threshold=0.053880957886576659 0.072744261473417296 0.22396993637084964 0.44764143228530889 1.0000000180025095e-35 0.15563239902257922 0.46205845475196844 -0.13115411251783368 0.33973486721515661 0.21283287554979327 0.15452106297016147 -0.17713911831378934 1.0000000180025095e-35 0.22051747143268588
decision_type=2 2 2 2 2 2 2 2 2 2 2 2 2 2
left_child=2 5 -1 4 -3 7 -5 -2 -8 12 -11 -12 -4 -14
right_child=1 3 9 6 -6 -7 8 -9 -10 10 11 -13 13 -15
leaf_value=0.0015211112448055494 0.00060603159966739076 -0.017582451700274143 0.00015416460423348625 0.0012867013755150625 -0.0036151008362363349 0.0033231497323525996 0.0043522783041861236 -0.021029456196718952 -0.02072827141838185 0 -0.006751405071911196 0.019090542271670598 0.011763613659903041 -0.012823129164762317
leaf_weight=567.72960077226162 21.330971180694178 98.958682073280215 142.03565580397844 476.51121406746097 231.52957337768748 26.112115174066275 15.29058752208948 141.91222454793751 28.281488074921072 34.404251463711262 7.8263165429234496 153.4393606223166 167.80823987908661 8.6283826585859043
leaf_count=3903 364 2060 603 5608 3016 424 185 3090 600 116 39 393 501 43
internal_value=-8.69658e-05 -0.00570027 0.00530062 -0.00338399 -0.00830338 -0.015221 -0.000117691 -0.0182831 -0.0126626 0.00932042 0.0145276 0.0173835 0.00567195 0.00975487
internal_weight=2121.8 1039.93 1081.87 850.572 330.488 189.355 520.083 163.243 43.5721 514.142 195.67 161.266 318.472 176.437
internal_count=20945 15347 5598 11469 5076 3878 6393 3454 785 1695 548 432 1147 544
is_linear=0
shrinkage=0.025


Tree=12
num_leaves=15
num_cat=0
split_feature=17 4 15 10 10 28 5 3 118 5 78 78 154 126
split_gain=107.489 35.7273 34.5408 34.1233 29.1414 18.9513 20.5383 17.1571 16.6233 14.6458 12.7543 11.2762 10.9968 10.9483
threshold=1.0000000180025095e-35 0.37498413026332861 1.0000000180025095e-35 0.37376695871353155 0.40253517031669622 0.20707555115222934 1.0749466419219973 0.37315744161605841 -0.010792147833853958 0.6084289848804475 -0.019308944232761856 -0.0087720756419002992 -0.025263725779950615 0.070858277380466475
decision_type=2 2 2 2 2 2 2 2 2 2 2 2 2 2
left_child=1 3 11 7 10 6 -5 -1 -6 -9 -4 -2 -3 -7
right_child=2 12 4 5 8 13 -8 9 -10 -11 -12 -13 -14 -15
leaf_value=-0.010320329842797137 -0.0044148156545213276 0.013927797773133729 -0.0089487849374005491 -0.0011067662707069813 -0.015913596441897656 -0.007518143615712178 -0.015339556011237543 0.0041499712561284359 0.0034390052038004316 -0.028689210822012413 0.013283014823399006 0.0021935922997591713 -0.0043677977731256682 0.012004276543660708
leaf_weight=119.6036764299497 190.19415770098567 42.132904533296824 8.2169966101646406 132.17020391207188 20.919928845018148 15.856543164700268 117.38336950819939 5.5045377574861041 163.52009807154536 87.275366235524416 368.23788500390947 780.46632065111771 24.383648822084069 44.625330332200974
leaf_count=2063 2213 220 67 1430 125 236 2661 61 669 2335 1225 7129 220 358
internal_value=0.000249778 -0.0087157 0.00374637 -0.0109139 0.00861769 -0.00523678 -0.00824591 -0.0184224 0.000342293 -0.0263695 0.0125041 0.0008479 0.00741927 0.00631629
internal_weight=2120.49 588.936 1531.56 522.419 560.895 310.035 249.554 212.384 184.44 92.7799 376.455 970.66 66.5166 60.4819
internal_count=21012 9584 11428 9144 2086 4685 4091 4459 794 2396 1292 9342 440 594
is_linear=0
shrinkage=0.025


Tree=13
num_leaves=15
num_cat=0
split_feature=85 85 26 52 3 143 142 122 3 7 125 117 107 7
split_gain=104.732 29.8868 25.0959 24.1241 19.8844 17.4311 15.3622 15.0473 14.2897 14.2243 14.0522 12.9167 11.6244 16.8437
threshold=0.078915040940046324 0.49453413486480718 0.31061333417892462 0.14931328594684604 0.21053479611873629 -0.0022878125309944148 -0.36322446167469019 0.19966370612382892 0.14800854772329333 0.24866002798080447 0.4435380250215531 -0.020941967144608494 0.009495249483734371 0.22018517553806308
decision_type=2 2 2 2 2 2 2 2 2 2 2 2 2 2
left_child=2 3 6 4 10 -6 8 11 -1 -8 -2 -5 13 -4
right_child=1 -3 12 7 5 -7 9 -9 -10 -11 -12 -13 -14 -15
leaf_value=0.01545100023546408 -0.0086250493818939671 -0.020820679036459028 -0.0061077323717890044 -0.0083756885594510107 -0.0019158916622659902 -0.015236353609825632 0.0018186173908593388 -0.0083436575526420753 -0.0021046882591293152 -0.011176916865115983 0.0029957584107358193 0.0088302093199955495 0.014384291010149632 0.0096993932554429174
leaf_weight=81.46191712655127 102.70527009759098 74.736626490484923 51.270534900948405 22.729910753201693 90.446153428871185 229.69814098533243 725.32752551883459 52.10492372722365 36.529470542445779 44.600343179889023 138.16809274209663 135.39323019096628 184.08776270225644 119.47661369107664
leaf_count=279 1661 1960 210 284 1364 4360 5587 683 271 494 1692 1228 503 379
internal_value=-6.6057e-06 -0.00674373 0.00459024 -0.00506557 -0.00773248 -0.0117159 0.00226436 0.00202835 0.0102271 0.000889851 -0.00208393 0.00586708 0.0101119 0.00479517
internal_weight=2088.74 845.982 1242.75 771.246 561.018 320.144 887.919 210.228 117.991 769.928 240.873 158.123 354.835 170.747
internal_count=20955 13232 7723 11272 9077 5724 6631 2195 550 6081 3353 1512 1092 589
is_linear=0
shrinkage=0.025


Tree=14
num_leaves=15
num_cat=0
split_feature=85 15 5 10 38 62 143 4 80 125 105 6 7 81
split_gain=87.1749 43.7618 38.571 25.4798 20.2039 18.8423 16.1632 15.862 17.0483 15.7852 14.2197 12.9102 15.5203 16.4126
threshold=0.16266285628080371 1.0000000180025095e-35 1.1599788069725039 0.68351846933364879 1.0000000180025095e-35 0.19823449105024341 0.062669888138771071 0.3354459702968598 0.017909816466271881 0.62092742323875438 -0.71943438053131092 0.072744261473417296 0.21457368880510333 0.043456632643938072
decision_type=2 2 2 2 2 2 2 2 2 2 2 2 2 2
left_child=1 11 4 5 7 -3 -4 9 -9 -2 -5 -1 13 -13
right_child=2 3 6 10 -6 -7 -8 8 -10 -11 -12 12 -14 -15
leaf_value=-0.0072639513484338454 -0.014848834678190355 0.0039472648478811705 -0.022750605112948664 0.0076763904954259572 0.008826730013357818 0.014119593025827571 0 0.011861788434227591 -0.013742812005949571 0 -0.016275968415625834 -0.012456609371719184 0.002081393335367302 0.0076202207384683893
leaf_weight=127.39397278241813 129.7259559778031 208.01889685541391 125.17384496005252 15.034301441162823 51.149239429272711 292.76057168282568 22.317070092307404 40.207339075393975 11.912166449241338 64.718225085642189 29.051260210573673 84.099956329911947 831.66295258980244 24.67373579647392
leaf_count=1545 2279 837 3752 60 450 934 414 225 139 768 171 891 8179 176
internal_value=8.08062e-05 0.00280008 -0.00955703 0.00848221 -0.00400532 0.0101097 -0.0195404 -0.00700175 0.00433802 -0.0101773 -0.00798999 -0.000149722 0.000880244 -0.00749433
internal_weight=2057.9 1612.7 445.204 544.865 297.713 500.779 147.491 246.564 52.1195 194.444 44.0856 1067.83 940.437 108.774
internal_count=20820 12793 8027 2002 3861 1771 4166 3411 364 3047 231 10791 9246 1067
is_linear=0
shrinkage=0.025


Tree=15
num_leaves=15
num_cat=0
split_feature=16 5 85 66 61 6 91 121 78 75 65 69 108 22
split_gain=87.4756 37.5231 24.0215 20.2015 19.1925 24.9858 16.4859 15.9 15.6889 14.9355 13.4977 13.0009 11.3405 11.3072
threshold=1.0000000180025095e-35 1.1500378251075747 0.13906378298997882 0.39650353789329534 0.022900409065186981 0.08432869985699655 0.3114724606275559 0.068967647850513472 -0.0030709753045812245 0.65822497010231029 1.0672965645790102 1.2893626093864443 0.91196992993354808 1.0000000180025095e-35
decision_type=2 2 2 2 2 2 2 2 2 2 2 2 2 2
left_child=1 3 12 -1 5 -2 -5 11 -6 13 -10 -7 -3 -4
right_child=4 2 9 6 8 7 -8 -9 10 -11 -12 -13 -14 -15
leaf_value=-0.0054416215312167076 -0.010470770472522713 -0.0081228588114974701 -0.023401238217589188 -0.0042060316174598114 -0.0019437593440984711 0.0080305970325843749 0.0068360620879969261 -0.0076367327596683042 0.014538944954704395 0.0049006380146159219 0.0056228789256477655 -0.010010803831014809 0.0070617510417042492 -0.0038407774564360843
leaf_weight=471.22932318551466 80.023740968666971 80.862245027907193 127.2243293595966 128.28110180282965 75.02063238248229 262.16782482899725 201.15519454842433 48.341796848922968 214.30423364415765 10.649213592056183 260.77515553124249 16.716091183945537 34.348715219879523 29.272701275069267
leaf_count=5876 743 1320 3997 1731 667 1208 1790 315 876 116 1411 121 291 525
internal_value=-0.000182832 -0.00502956 -0.0126803 -0.00216871 0.00528163 0.00107904 0.002503 0.0042109 0.00828119 -0.0184517 0.00992961 0.00653787 -0.0032584 -0.0203508
internal_weight=2040.37 1083.02 282.357 800.666 957.349 407.249 329.436 327.226 550.1 167.146 475.079 278.884 115.211 156.497
internal_count=20987 15646 6249 9397 5341 2387 3521 1644 2954 4638 2287 1329 1611 4522
is_linear=0
shrinkage=0.025


Tree=16
num_leaves=15
num_cat=0
split_feature=16 5 6 6 4 102 62 78 108 78 3 142 78 6
split_gain=79.4253 37.2814 30.4225 20.7392 18.311 16.3429 14.3817 14.4455 14.3453 13.9634 21.9237 13.824 12.6348 11.4472
threshold=1.0000000180025095e-35 1.1500378251075747 0.072744261473417296 0.072744261473417296 0.3114724606275559 0.62093681097030651 0.19823449105024341 -0.0030709753045812245 1.0196859240531924 0.085467826575040831 0.18733352422714236 -0.2249452322721481 0.0054804403334856042 0.072744261473417296
decision_type=2 2 2 2 2 2 2 2 2 2 2 2 2 2
left_child=1 4 -2 -3 9 6 11 -8 -5 10 -1 -4 -10 -6
right_child=2 3 5 8 13 -7 7 -9 12 -11 -12 -13 -14 -15
leaf_value=0.00083863385835242709 -0.0087228257504400435 -0.022452560347637398 0.0080387880780060841 -0.0096716419079891161 -0.0092792618560586636 0.01963957076349724 -0.0022666789233146533 0.010265601676180057 0.014925035320490686 0.0075258090344962301 -0.0091415771722800163 -0.0017083069345283843 -0.011786915565001683 0.0071152553724248575
leaf_weight=232.30202914774418 75.814848516136408 76.797358212526888 131.87429247703403 173.45694265677594 19.887116813100874 48.71470931917429 60.275304207578301 408.45754670910537 21.9366126684472 51.137950226664543 311.66817612573504 234.85302040725946 5.5143044320866457 173.29237875901163
leaf_count=2812 554 2417 634 3607 308 158 521 1871 136 481 4569 1621 99 1098
internal_value=0.000267471 -0.00440041 0.00545398 -0.0120807 -0.00153855 0.00678407 0.00575225 0.0086117 -0.00701528 -0.00371234 -0.00493094 0.00190737 0.0072892 0.00492259
internal_weight=2025.98 1065.99 959.99 277.705 788.288 884.175 835.46 468.733 200.908 595.108 543.97 366.727 27.4509 193.179
internal_count=20886 15527 5359 6259 9268 4805 4647 2392 3842 7862 7381 2255 235 1406
is_linear=0
shrinkage=0.025


Tree=17
num_leaves=15
num_cat=0
split_feature=87 4 26 10 3 5 85 79 6 28 6 153 14 6
split_gain=89.407 30.4311 28.8351 18.7236 20.3368 15.3411 15.3321 12.2279 11.9467 11.0908 10.9666 10.7592 10.3303 9.73303
threshold=0.055057752877473838 0.3114724606275559 0.37446653842926031 0.40253517031669622 0.27382126450538641 1.3054679036140444 0.42634445428848272 -0.46057023108005518 0.072744261473417296 0.4769654124975205 0.07866245880723001 -0.052521467208862298 0.37446653842926031 0.074898146092891707
decision_type=2 2 2 2 2 2 2 2 2 2 2 2 2 2
left_child=2 3 6 4 -2 7 8 -5 11 13 -10 -1 -6 -4
right_child=1 -3 9 5 12 -7 -8 -9 10 -11 -12 -13 -14 -15
leaf_value=0.0032455488008497056 -0.0067974771538771746 0.0039305990315153796 -0.0018172884636646299 0.0088795252854579499 -0.022282528138242729 -0.017298325013081518 -0.016855797231218116 -0.0043264266804210298 0.0092697709835411601 -0.0034617202258916155 0.0022850049323691834 -0.010617740057580913 0.0050984830596524826 0.014096912134901744
leaf_weight=54.95629305485636 157.61147065041587 125.64759077876806 22.255857244133949 43.560077071655542 122.15284022688866 35.48930777516216 13.676968245767055 194.13479028642178 167.98679456952959 23.294509764760733 751.02832119306549 63.863522122614086 4.1547987563535562 235.10742704942822
leaf_count=371 2886 1237 112 507 3342 1098 217 3269 1200 74 5288 629 29 699
internal_value=0.000456962 -0.0068208 0.00422379 -0.00929936 -0.0137194 -0.00427782 0.00224818 -0.00154581 0.00270163 0.0111872 0.0036782 -0.00440063 -0.0209273 0.0126547
internal_weight=2014.92 682.751 1332.17 557.103 283.919 273.184 1051.51 237.695 1037.83 280.658 919.015 118.82 126.308 257.363
internal_count=20958 12368 8590 11131 6257 4874 7705 3776 7488 885 6488 1000 3371 811
is_linear=0
shrinkage=0.025


Tree=18
num_leaves=15
num_cat=0
split_feature=87 4 26 5 110 3 10 17 61 64 141 10 103 6
split_gain=87.6359 41.514 24.3633 20.5047 19.8896 18.5391 17.9771 16.4648 15.2247 14.4732 13.1192 12.0876 11.6076 10.898
threshold=0.04659631289541722 0.3354459702968598 0.37446653842926031 1.3054679036140444 0.13269034773111346 0.1657574996352196 0.68351846933364879 0.22396993637084964 0.00064599435427226137 0.38265770673751837 0.21712984144687655 0.73524409532547008 0.71968194842338573 0.072744261473417296
decision_type=2 2 2 2 2 2 2 2 2 2 2 2 2 2
left_child=2 3 5 4 7 6 8 -2 -1 13 -5 12 -7 -3
right_child=1 9 -4 10 -6 11 -8 -9 -10 -11 -12 -13 -14 -15
leaf_value=0 -0.013700458214756919 -0.0062777894854756343 0.010414842413082223 -0.023590735295137482 0.0010158211230306118 -0.0061898909990232721 -0.0057203463960265625 -0.0025521218394777118 0.0091615634523669227 -0.0038091054540951722 0.0038789640540017808 0.0075767199612085797 0.0052503402572174097 0.015225749656476341
leaf_weight=159.98410891927779 257.95791035681032 10.225108307786284 272.29262381792068 74.887834378750995 127.9038643501699 272.91296845395118 78.135197648778558 133.12497544800863 365.71718651242554 54.684072514995933 8.0257510505616647 54.963188853114843 57.895966105163097 66.728096322156489
leaf_count=852 5311 205 847 2538 1760 2564 494 2235 2252 575 126 361 418 401
internal_value=-3.5437e-05 -0.00684903 0.00394267 -0.00960885 -0.0073953 0.00204592 0.00475118 -0.0101255 0.00642375 0.00543148 -0.0206458 -0.0021727 -0.00403753 0.0117665
internal_weight=1995.44 733.538 1261.9 601.9 518.987 989.609 603.836 391.083 525.701 131.637 82.9136 385.772 330.809 76.9532
internal_count=20939 13151 7788 11970 9306 6941 3598 7546 3104 1181 2664 3343 2982 606
is_linear=0
shrinkage=0.025


Tree=19
num_leaves=15
num_cat=0
split_feature=26 85 91 2 62 125 119 86 39 58 76 78 64 125
split_gain=58.5671 32.0561 31.0029 21.837 18.2034 13.0374 12.2828 18.5224 12.127 11.8456 11.3853 10.4755 10.5684 10.2459
threshold=0.22396993637084964 0.16018391400575641 0.42082132399082189 -0.19620612263679502 0.15356443077325824 0.70475816726684581 0.31827016174793249 0.14549681544303897 0.22396993637084964 1.0000000180025095e-35 -0.047368329018354409 -0.01119866408407688 0.14249262958765033 0.72992327809333812
decision_type=2 2 2 2 2 2 2 2 2 2 2 2 2 2
left_child=1 6 9 -4 8 -5 7 -1 10 -3 -2 -6 -13 -9
right_child=4 2 3 5 11 -7 -8 13 -10 -11 -12 12 -14 -15
leaf_value=0.0016425225153347833 0.0099675203331763673 -0.017826806001427969 -0.016766547116631846 0.0088860562315911783 -0.0021461624153424922 -0.006294654193108179 0.002097304945498132 -0.0096722615437330479 -0.010066170346698586 -0.0014052574359984813 -0.0013342324928829617 -0.0025983982600530703 0.0116662187737696 0.008000020500931725
leaf_weight=216.68360494449735 79.50682560633868 173.3843986671418 29.380230072652921 90.444647566881031 40.446164537221193 42.725726222386584 495.01296654669568 218.26681988500059 41.653368890285492 36.75182111444883 132.36865791166201 29.899188004434109 340.03854028787464 12.800403277389703
leaf_count=2259 472 4279 903 1063 295 687 4177 3331 366 648 909 168 1326 116
internal_value=-2.56972e-05 -0.00308192 -0.00916661 -0.000733049 0.00595849 0.00381172 -0.000578487 -0.00354144 0.000581447 -0.0152421 0.00315789 0.00913986 0.0104352 -0.00829522
internal_weight=1979.36 1315.45 372.687 162.551 663.913 133.17 942.764 447.751 253.529 210.136 211.875 410.384 369.938 231.067
internal_count=20999 17463 7580 2653 3536 1750 9883 5706 1747 4927 1381 1789 1494 3447
is_linear=0
shrinkage=0.025


Tree=20
num_leaves=15
num_cat=0
split_feature=17 10 7 2 18 108 78 78 6 32 155 136 154 126
split_gain=65.9598 40.3879 25.1496 20.459 20.126 19.0702 18.434 16.4884 15.9504 19.0132 15.8247 14.7968 14.1258 13.4262
threshold=1.0000000180025095e-35 0.47004804015159612 0.24638342112302783 -0.15215295553207395 0.22396993637084964 0.94683411717414867 -0.0097201410681009275 -0.16403088718652722 0.13370372354984286 1.0000000180025095e-35 0.7128533422946931 0.46453948318958288 0.24216231703758243 0.070858277380466475
decision_type=2 2 2 2 2 2 2 2 2 2 2 2 2 2
left_child=1 4 6 -3 5 10 -2 -5 -8 -10 -1 -6 -4 -9
right_child=2 3 12 7 11 -7 8 13 9 -11 -12 -13 -14 -15
leaf_value=-0.025592403693438012 -0.0036872428790284207 -0.012258446490420311 -0.0096325909484501065 -0.016667978122655431 -0.0092741672150712644 0.0014422886029417225 0.0062280861773131033 -0.00090754289708815615 -0.013274788047336769 0.0068344941292433001 0.0034539106950889236 0.010383592259941168 0.0083039580153128397 0.011499315322446552
leaf_weight=115.64234164939262 152.29580813087523 55.754821949405596 125.26441697217524 11.38288121903315 99.48923878883943 20.133985264226794 1024.0806500171311 100.26767101651058 50.319333210587502 44.348166408017278 9.1689753911923599 19.270625030621886 23.74213756993413 99.346468000672758
leaf_count=3045 1749 1287 1916 190 2054 225 6895 1479 408 192 170 166 260 879
internal_value=0.000232433 -0.00718633 0.00304942 -0.000194775 -0.013897 -0.0198936 0.00420277 0.00342505 0.00531563 -0.00402808 -0.0232514 -0.00532861 -0.00629112 0.00551013
internal_weight=1950.51 530.457 1420.05 266.752 263.705 144.945 1271.04 210.997 1118.75 94.6675 124.811 118.76 149.007 199.614
internal_count=20915 9495 11420 3835 5660 3440 9244 2548 7495 600 3215 2220 2176 2358
is_linear=0
shrinkage=0.025


Tree=21
num_leaves=15
num_cat=0
split_feature=87 14 10 3 6 152 78 124 78 2 28 139 103 110
split_gain=67.929 23.2223 19.9132 19.9021 17.9765 14.8835 14.2717 12.5317 11.4585 10.5138 11.6175 9.24527 8.51632 7.76889
threshold=0.042251711711287505 0.31061333417892462 0.42766661942005163 0.2790494859218598 0.052699072286486633 -0.14594561606645581 -0.0014403357054106889 0.028026772662997249 -6.9395173341035834e-06 -0.045360060408711426 0.20707555115222934 0.62971773743629467 0.038690213114023216 0.18781147897243503
decision_type=2 2 2 2 2 2 2 2 2 2 2 2 2 2
left_child=4 2 3 -2 12 -6 7 -7 -8 10 -4 -5 -1 -11
right_child=1 -3 9 11 5 6 8 -9 -10 13 -12 -13 -14 -15
leaf_value=0.00073618424933654368 -0.0057992253992502178 0.0090860812810518339 -0.011740982574520553 -0.019412829682525445 -0.011760852187495834 -0.0051314396003225033 0.01353263595425128 0.0055760825701896728 0.0050261852489761043 -0.0019995667884942663 0.0063214504843519944 0.0050350369214822478 -0.017801358339495196 0.00801914641798686
leaf_weight=24.04348064865917 221.28566674422473 49.660434171557426 97.023197378497571 136.19376465422101 23.342487005516887 141.60605934821069 113.89642023853958 110.82110172510147 735.02185002434999 183.36984094046056 18.826393302064389 4.8196264356374732 22.819701794534922 52.135422955732793
leaf_count=157 3851 390 2175 3738 206 1211 508 866 4122 2759 174 73 223 492
internal_value=-9.00181e-05 -0.00584771 -0.00703719 -0.0110742 0.00367205 0.0043454 0.00482107 -0.000343609 0.0063547 -0.00261181 -0.00839011 -0.0181662 -0.00986701 0.000449107
internal_weight=1934.87 763.314 713.654 362.299 1171.55 1124.69 1101.35 252.427 848.918 351.355 115.85 141.013 46.8632 235.505
internal_count=20945 13652 13262 7662 7293 6913 6707 2077 4630 5600 2349 3811 380 3251
is_linear=0
shrinkage=0.025


Tree=22
num_leaves=15
num_cat=0
split_feature=16 5 4 26 142 125 77 107 79 1 62 141 3 6
split_gain=68.135 30.4922 20.4396 18.2512 18.7992 18.0327 16.4348 14.1674 15.5422 13.7613 13.5854 12.4923 10.9193 9.43159
threshold=1.0000000180025095e-35 1.1183189153671267 0.3114724606275559 0.37446653842926031 -0.27528031170368189 0.57255995273590099 -0.98822414875030506 -0.10150637850165366 -0.13880122452974317 -0.13848830014467237 0.0086329015903174895 -0.12839759886264798 0.53570589423179638 0.077685184776783003
decision_type=2 2 2 2 2 2 2 2 2 2 2 2 2 2
left_child=1 2 9 4 -2 -3 -7 8 -6 11 -11 -1 -8 -5
right_child=3 5 -4 13 7 6 12 -9 -10 10 -12 -13 -14 -15
leaf_value=0.0039996217166845555 0.0094217178101424198 -0.0169289740796543 0.0055429656917952499 -0.0045887358671703547 0.0040442417102828469 0.0098613580903479763 -0.0024127193785336426 0.0020668984682129213 -0.017640358164780105 -0.0080459907459563586 0.0016102044382794332 -0.014426097756216795 -0.017928950704202664 0.012338023113897072
leaf_weight=22.188371605239809 188.78234836552292 142.66509120084811 185.32615381386131 15.398807300254701 26.904219007119536 29.355044619645923 86.623376997653395 436.75864124577492 39.653355779126287 121.17556167254224 274.80092285946012 98.281034770421684 35.897156781051308 219.0244567245245
leaf_count=207 876 4072 1312 81 223 298 1475 3238 294 1806 3542 1744 1047 655
internal_value=0.000265001 -0.00424207 -0.00132414 0.00511716 0.00295116 -0.0108296 -0.00420367 0.000337061 -0.00943697 -0.00388196 -0.00146386 -0.0108832 -0.00824555 0.0110061
internal_weight=1922.83 996.313 701.772 926.522 692.099 294.541 151.876 503.316 66.5576 516.446 395.976 120.469 122.521 234.423
internal_count=20870 15503 8611 5367 4631 6892 2820 3755 517 7299 5348 1951 2522 736
is_linear=0
shrinkage=0.025


Tree=23
num_leaves=15
num_cat=0
split_feature=85 85 83 26 53 3 122 1 81 63 1 154 121 82
split_gain=58.1901 25.3249 21.5134 18.6096 15.8411 17.5363 13.3715 11.8343 15.4653 10.9536 11.1167 10.3956 10.3504 10.113
threshold=0.072779342532157912 0.46864125132560736 -0.015773283317685124 0.31061333417892462 0.20707555115222934 0.2074287757277489 0.045173484832048423 -0.15661948174238202 -0.039243958890438073 0.0030325060943141584 0.18868990242481234 -0.28281392157077784 0.025811964645981792 -0.95977801084518422
decision_type=2 2 2 2 2 2 2 2 2 2 2 2 2 2
left_child=3 2 12 7 5 -4 -3 -1 13 -5 -11 -10 -2 -9
right_child=1 6 4 9 -6 -7 -8 8 11 10 -12 -13 -14 -15
leaf_value=-0.0077691998073905442 -0.0019352702535813894 0.0021282110562566353 -0.0024126386125876568 0.00073533439909618647 0.0020758636119640123 -0.011967546424741689 -0.023034519997712673 0.0038385119518199078 -0.0072306965228171819 0.012734434106389407 -0.0041570045712919735 0.0042698808516003998 0.013164885433391874 -0.013001081024634157
leaf_weight=73.068879570811987 45.334135932847857 12.773032913915811 231.8892607181333 95.34246913343668 122.33290729438886 265.06812170194462 59.288305453024805 25.598695768043399 41.840640494599938 204.98697044793516 20.525367209687829 604.44277511304244 49.559946846216917 53.28199471347034
leaf_count=707 739 244 3508 372 1254 5437 1935 208 414 644 68 4500 489 476
internal_value=-0.000485492 -0.00565651 -0.00402916 0.00315796 -0.00574282 -0.00769562 -0.0187586 0.00105217 0.00206998 0.00813247 0.0110121 0.0033881 0.00642667 -0.00761343
internal_weight=1905.33 786.246 714.184 1119.09 619.29 496.957 72.0613 798.233 725.164 320.855 225.512 646.283 94.8941 78.8807
internal_count=20995 13606 11427 7389 10199 8945 2179 6305 5598 1084 712 4914 1228 684
is_linear=0
shrinkage=0.025


Tree=24
num_leaves=15
num_cat=0
split_feature=85 2 22 125 26 26 104 79 2 17 117 86 61 1
split_gain=52.6174 24.0954 17.7126 14.6163 17.3749 13.317 10.653 10.3772 18.2089 10.2088 9.77952 11.1018 10.8829 9.64516
threshold=0.053880957886576659 -0.20341408997774121 0.45134170353412634 0.44860774278640753 0.31061333417892462 0.22396993637084964 0.99819046258926403 -0.015524608083069323 0.19077782332897189 1.0000000180025095e-35 -0.010865123942494391 0.36261004209518438 0.020980542525649074 0.21453120559453967
decision_type=2 2 2 2 2 2 2 2 2 2 2 2 2 2
left_child=5 2 6 4 9 10 -2 -5 -9 -3 -1 12 -12 -7
right_child=1 3 -4 7 -6 13 -8 8 -10 -11 11 -13 -14 -15
leaf_value=0.0073557272443334253 -0.019225347579106974 -0.016553566506385783 0.0068307895620245418 -0.0026401229461644402 0.0048578350686737434 0.0083259271688028609 0.0050504802294280516 0.0079250927311939751 -0.010382519196480693 -0.0051910734762638626 -0.0036452865781013339 -0.012926784808552211 0.0045304470427879311 -0.0042930164185801213
leaf_weight=120.58800246845931 101.71102346852422 76.513859703671187 15.204054042696951 285.53186966199428 57.800952328369021 420.92476454284042 6.8089535227045408 167.47582559706643 30.477482053684071 165.62903422908857 173.04580127820373 28.287102073431015 213.16401358414441 32.863307373598218
leaf_count=781 3041 2055 167 3932 464 1555 158 2032 596 2818 1255 244 1625 161
internal_value=0.000224959 -0.00408824 -0.013854 -0.00234453 -0.006566 0.00419579 -0.0172473 0.00034475 0.00461455 -0.00944274 0.00143953 -0.000410868 0.000836365 0.00729817
internal_weight=1896.03 907.153 123.724 783.429 299.944 988.873 108.52 483.485 197.953 242.143 535.085 414.497 386.21 453.788
internal_count=20884 15263 3366 11897 5337 5621 3199 6560 2628 4873 3905 3124 2880 1716
is_linear=0
shrinkage=0.025


Tree=25
num_leaves=15
num_cat=0
split_feature=87 10 15 10 60 109 4 5 5 1 87 27 122 36
split_gain=53.4082 27.0156 23.5208 29.2689 18.8375 15.4903 14.2251 11.833 11.6386 11.3759 11.1203 10.6052 10.1927 10.1602
threshold=0.16317769140005114 0.42766661942005163 1.0000000180025095e-35 0.40253517031669622 0.00019391395471757281 0.036261685192584998 0.3114724606275559 1.2899294495582583 0.51129707694053661 0.14165651798248294 0.049794618040323264 0.24964435398578647 0.1307058781385422 0.14931328594684604
decision_type=2 2 2 2 2 2 2 2 2 2 2 2 2 2
left_child=2 -2 6 4 12 -3 10 -7 -8 -10 -1 13 -4 -5
right_child=1 5 3 11 -6 7 8 -9 9 -11 -12 -13 -14 -15
leaf_value=6.5167052796753265e-05 -0.020386884368139267 -0.012307875725480318 0.009075619557448452 -0.0066168771790106815 0.014596538277151502 0.0085007393807351485 -0.010058430451933572 -0.011537776242104374 0.0081634729567841777 -0.0038622879628661768 -0.00566046989783667 -0.013984817765007776 -0.0040378862119854709 0.0061526351092315995
leaf_weight=528.07131497794762 98.690020990790799 51.446822060854174 56.239870110526681 56.528356124646962 202.36616869457066 63.587521507171914 21.409484351053834 12.675263472599907 214.23357135988772 53.454040117561817 337.24461610778235 27.74615003913641 68.980985825881362 77.850299229845405
leaf_count=4872 3225 1439 218 327 672 653 135 388 1489 500 6211 147 336 325
internal_value=-0.000224963 -0.0112927 0.00136232 0.00588457 0.010075 -0.00302802 -0.000586149 0.00391277 0.00409503 0.0056547 -0.00219897 -0.00262151 0.00203925 0.000593477
internal_weight=1870.52 226.4 1644.12 489.712 327.587 127.71 1154.41 76.2628 289.097 267.688 865.316 162.125 125.221 134.379
internal_count=20937 5705 15232 2025 1226 2480 13207 1041 2124 1989 11083 799 554 652
is_linear=0
shrinkage=0.025


Tree=26
num_leaves=15
num_cat=0
split_feature=15 17 125 10 118 109 18 62 78 107 142 57 125 104
split_gain=56.4866 24.2849 26.9837 22.7241 16.512 15.0067 14.2511 14.0174 13.5309 13.3208 19.6896 13.2036 11.7009 11.1912
threshold=1.0000000180025095e-35 1.0000000180025095e-35 0.49682894349098211 0.40253517031669622 -0.010275221429765223 0.017714569345116619 0.22396993637084964 0.19823449105024341 -0.15020033717155454 -0.031011819839477536 -0.27528031170368189 1.0000000180025095e-35 0.74470049142837536 -0.99285209178924549
decision_type=2 2 2 2 2 2 2 2 2 2 2 2 2 2
left_child=1 2 6 7 -5 12 -1 -2 -7 10 -6 -8 -4 -9
right_child=3 -3 5 4 9 8 11 13 -10 -11 -12 -13 -14 -15
leaf_value=-0.023466740840271432 0.0038335101352374246 0.00024424507106284715 -0.012155281856503851 -0.017599975295660788 0.015082301657168139 -0.014096237505962013 -0.011452370648716254 -0.0022728217528455922 0.0038664307914803952 0.0090762834111914586 -0.011586985395835829 0.0086005797850050685 0.0038634827558366707 0.016250198495238656
leaf_weight=62.805352454190142 133.91124165989459 869.61667225696146 109.11848006909713 17.262036990374327 11.91012232750654 18.016576334368438 68.640673766843975 18.241151729598641 192.8599900661502 81.257620075717568 53.411658719182014 17.057462695986032 29.552704286761582 200.26508916355669
leaf_count=2214 628 9355 2347 136 24 341 1690 72 2301 340 289 207 420 628
internal_value=0.000378511 -0.00227878 -0.00661069 0.00733369 -0.000303585 -0.00257292 -0.015134 0.0108117 0.00159934 0.0028322 -0.00497666 -0.00676692 -0.00862269 0.0146118
internal_weight=1883.93 1367.67 498.051 516.259 163.841 349.548 148.503 352.417 210.877 146.579 65.3218 85.6981 138.671 218.506
internal_count=20992 18875 9520 2117 789 5409 4111 1328 2642 653 313 1897 2767 700
is_linear=0
shrinkage=0.025


Tree=27
num_leaves=15
num_cat=0
split_feature=17 10 15 10 74 18 83 62 155 79 62 119 117 102
split_gain=53.687 30.9439 20.16 19.9345 15.5668 12.1731 12.0483 12.7757 11.184 10.2132 9.70499 14.0321 9.60944 9.59516
threshold=1.0000000180025095e-35 0.48828019201755529 1.0000000180025095e-35 0.40253517031669622 -0.15739278495311734 0.22396993637084964 -0.01851003989577293 1.0951543450355532 0.7128533422946931 -0.13880122452974317 0.19823449105024341 0.2148258909583092 -0.014839268755167721 0.91577371954917919
decision_type=2 2 2 2 2 2 2 2 2 2 2 2 2 2
left_child=1 5 -2 10 -3 8 7 -6 13 -5 11 -4 -11 -1
right_child=2 4 3 9 6 -7 -8 -9 -10 12 -12 -13 -14 -15
leaf_value=-0.021124129696414248 2.4596207766657214e-05 -0.012218977418664415 -0.0098549023510681941 0.0090196114690134898 0.017727277075706462 -0.0057472646032473498 -0.00085235161080209228 -0.009179909351827711 0.0042565104737598862 0.0070583660929378032 0.012995532441258676 0.0078205608858832425 -0.0076826384914005456 0.0016516948070481243
leaf_weight=125.51658720057458 872.2120488951914 44.005724138580263 25.464277481660247 36.841453295201063 36.872984058689326 111.86027779756114 150.62750192824751 5.4790894861798725 8.4941510548815113 25.436764311045408 205.33020933717489 103.33940021693707 100.79447166156024 9.7059512063860875
leaf_count=3390 9369 1142 216 156 256 2302 2038 112 178 88 675 396 550 95
internal_value=-0.000196701 -0.0071809 0.00234693 0.0062997 -0.000520191 -0.0130101 0.00264569 0.0127581 -0.0177042 -0.000781309 0.00969895 0.0036953 -0.00426688 -0.0194031
internal_weight=1861.98 492.562 1369.42 497.207 236.985 255.577 192.98 42.3521 143.717 163.073 334.134 128.804 126.231 135.223
internal_count=20963 9513 11450 2081 3548 5965 2406 368 3663 794 1287 612 638 3485
is_linear=0
shrinkage=0.025


Tree=28
num_leaves=15
num_cat=0
split_feature=87 4 15 103 142 4 140 5 38 140 102 82 7 135
split_gain=48.2167 24.8912 17.2176 13.4342 13.1098 15.3141 16.0903 12.245 10.91 10.5707 9.81244 9.5642 9.16742 12.8269
threshold=0.055057752877473838 0.39170669019222265 1.0000000180025095e-35 0.18777077645063403 -0.27528031170368189 0.20707555115222934 0.060150049626827247 1.0493646264076235 1.0000000180025095e-35 -0.11749501526355742 0.6168709695339204 0.062615521252155318 0.21509028226137164 0.035548783838748939
decision_type=2 2 2 2 2 2 2 2 2 2 2 2 2 2
left_child=2 3 12 7 -4 10 -7 11 9 -5 -6 -2 13 -1
right_child=1 -3 4 8 5 6 -8 -9 -10 -11 -12 -13 -14 -15
leaf_value=-0.010614645111680218 -0.0039999330205140312 0.0085783320364294178 0.012223271951098564 -0.0015659570143076716 -0.0032490200871891162 0.013647272182661345 -0.0053846198882999234 -0.0086453217117329235 0.00032095085204860682 -0.01815301810116737 0.0099785211581487083 0.0076837756123460223 0.0011206216926538885 0.0061728187298887745
leaf_weight=88.904161645565182 101.50719446362928 53.647555218078196 135.225641367957 33.557975665666163 190.05409925058484 104.79540920350701 28.144037609919906 193.77109988639131 30.800328881014138 136.06512681860477 30.299201678484678 59.113211357966065 626.98780735395849 29.52478547859937
leaf_count=818 1723 406 430 750 975 408 147 4601 514 3591 101 786 5509 223
internal_value=-0.00053902 -0.00623543 0.00229289 -0.00784117 0.00587983 0.00309583 0.00941965 -0.00460317 -0.0129243 -0.0152606 -0.000954987 0.000462847 -9.72692e-05 -0.00615076
internal_weight=1842.4 608.462 1233.94 554.815 488.518 353.293 132.939 354.392 200.423 169.623 220.353 160.62 745.417 118.429
internal_count=20982 12371 8611 11965 2061 1631 555 7110 4855 4341 1076 2509 6550 1041
is_linear=0
shrinkage=0.025


Tree=29
num_leaves=15
num_cat=0
split_feature=26 85 61 1 83 82 87 140 120 141 152 27 22 79
split_gain=48.7432 27.3708 15.5221 15.1813 17.2848 13.7278 13.4635 11.1653 9.94504 8.88652 8.05953 8.01241 7.84894 8.2624
threshold=0.22396993637084964 0.46205845475196844 0.13381855934858325 -0.19005213677883145 -0.017545734532177445 0.89901256561279308 0.039691681042313583 0.16752544790506366 0.18058996647596362 0.23566752672195437 -0.060201479122042649 1.0678076744079592 0.39170669019222265 -0.095175322145223604
decision_type=2 2 2 2 2 2 2 2 2 2 2 2 2 2
left_child=1 3 11 4 8 -6 10 -8 -1 -3 -5 12 13 -2
right_child=2 9 -4 6 5 -7 7 -9 -10 -11 -12 -13 -14 -15
leaf_value=0.011785803595513468 -0.0025235499598263238 -0.019437871223968919 0.010034886377519443 -0.0044526924773730658 -0.016073129018061183 0.0064167050245003843 -0.0048114619283527301 0.0075435736224673065 -0.0089755153345811006 0.0045059424184638432 0.0035692873097087547 0.013166818997547312 -0.0049227200218597538 0.0066851791754650967
leaf_weight=26.593910684809089 88.331328784115613 62.75868080323562 276.51610974222422 83.059943119063973 104.59878796478733 12.370954319369046 432.21399098844267 39.473438071087003 11.667399895377455 5.6281657000072292 432.42963014077395 24.759553547948599 93.71134829800576 146.08291495405138
leaf_count=185 646 2076 1197 720 2182 196 7959 522 236 115 3221 77 722 873
internal_value=0.000122803 -0.00279893 0.0057101 -0.00177476 -0.00874714 -0.0132219 -0.000573973 -0.00359018 0.00457475 -0.0169333 0.00218113 0.00206843 0.000759232 0.00321053
internal_weight=1840.2 1210.79 629.401 1142.41 155.231 116.97 987.177 471.687 38.2613 68.3868 515.49 352.885 328.126 234.414
internal_count=20927 17412 3515 15221 2799 2378 12422 8481 421 2191 3941 2318 2241 1519
is_linear=0
shrinkage=0.025


Tree=30
num_leaves=15
num_cat=0
split_feature=17 5 119 125 26 84 76 151 1 77 82 13 4 5
split_gain=40.5808 31.8517 19.1384 16.8246 15.1452 17.357 15.1101 15.1735 12.8374 10.695 10.4195 10.0018 9.40676 12.9729
threshold=0.22396993637084964 1.1385689377784731 0.27543734014034277 0.56264275312423717 0.37446653842926031 -0.21593841910362241 0.2745827585458756 -0.12540264427661893 0.43063506484031683 -0.98822414875030506 0.37836024165153509 0.22396993637084964 0.24964435398578647 0.82538226246833812
decision_type=2 2 2 2 2 2 2 2 2 2 2 2 2 2
left_child=1 2 8 -3 5 6 7 -2 11 -5 -7 -1 13 -4
right_child=4 3 12 9 -6 10 -8 -9 -10 -11 -12 -13 -14 -15
leaf_value=-0.01242550031733405 0.0061850884864621163 -0.018944856713437222 0.0049775628317011598 0.0076278985184050048 0.0091511727162375597 0.0049573516680292539 0.0091190831177526636 -0.015987807454280571 0.010435137025273294 -0.0081061444950901763 -0.0033727103104754992 0.0074612597091656312 0.0067430565057610657 -0.0046621184859662705
leaf_weight=126.02960770623758 17.249264216050506 94.578842680202797 138.96581967407838 23.74401449598372 236.49762597866356 525.48716600285843 19.1164814196527 69.512857431545854 10.587749036028979 108.77048716438003 102.97862420184538 9.0779182538390142 148.98695896007121 194.12546130921692
leaf_count=2301 148 3285 798 258 895 4634 146 967 80 2393 1091 70 1151 2647
internal_value=0.000307807 -0.00362981 -0.000638676 -0.0113991 0.00378974 0.00192696 -0.00690158 -0.0112371 -0.00822544 -0.00480112 0.00353528 -0.0105047 0.00177301 -0.000570978
internal_weight=1825.71 854.867 627.774 227.093 970.842 734.344 105.879 86.7621 145.695 132.515 628.466 135.108 482.078 333.091
internal_count=20864 12983 7047 5936 7881 6986 1261 1115 2451 2651 5725 2371 4596 3445
is_linear=0
shrinkage=0.025


Tree=31
num_leaves=15
num_cat=0
split_feature=17 10 18 7 83 154 77 154 35 108 4 128 128 81
split_gain=39.7875 20.1588 19.1691 17.9795 13.8833 13.6313 13.039 13.5857 12.2351 12.0173 10.8934 11.6995 10.8253 10.3195
threshold=1.0000000180025095e-35 0.50498560070991527 0.22396993637084964 0.24638342112302783 -0.0020656614797189827 0.16863964498043063 -0.98203182220458973 -0.049819305539131158 1.0000000180025095e-35 0.979992836713791 0.20707555115222934 0.7749999761581422 0.92499998211860668 -0.031974777579307549
decision_type=2 2 2 2 2 2 2 2 2 2 2 2 2 2
left_child=1 2 9 4 -2 -5 -3 -8 -4 12 11 -6 -1 -12
right_child=3 6 8 5 10 -7 7 -9 -10 -11 13 -13 -14 -15
leaf_value=-0.022266812016158832 -0.0022334164499793452 0.011699000292074158 -0.006422034515841714 -0.0098475312767358422 0.0057982626248245352 0.0066264990536416884 0.0042138961422355688 -0.0086809742786980865 0.010924006065516967 0.0023854581640894729 0.01533053537683176 -0.0012960090524002637 -0.0031833634032262421 0.0053319407020822321
leaf_weight=98.64169395621866 216.1650042841211 34.131095360964537 94.693695818074048 107.77846991783008 273.53652311395854 32.141599458176643 80.226158187491819 103.4375471114181 21.403503680601716 15.357247548177837 79.646840971428901 284.05188773851842 29.63160236668773 348.80039257835597
leaf_count=3006 2186 323 2102 1846 1856 394 1220 1873 241 156 426 2292 551 2492
internal_value=0.000152375 -0.00594965 -0.0104928 0.00236617 0.00336938 -0.00575643 -0.000212325 -0.00307149 -0.00240279 -0.0162623 0.00462227 0.00221112 -0.018597 0.00758607
internal_weight=1819.64 477.523 259.728 1342.12 1202.2 139.92 217.795 183.664 116.097 143.631 986.036 557.588 128.273 428.447
internal_count=20964 9472 6056 11492 9252 2240 3416 3093 2343 3713 7066 4148 3557 2918
is_linear=0
shrinkage=0.025


Tree=32
num_leaves=15
num_cat=0
split_feature=26 6 61 3 119 111 5 4 73 125 112 81 141 5
split_gain=42.5947 28.9094 19.1455 16.3222 15.2542 15.1661 10.2426 9.57429 12.8444 10.1375 9.43804 9.05651 8.09866 11.1597
threshold=0.22396993637084964 0.072475306689739241 0.12659135460853579 0.55893570184707653 0.41472730040550237 0.95000001788139354 0.87840479612350475 0.3114724606275559 -0.11235029995441435 0.4306956827640534 0.012077564373612406 -0.01323586795479059 0.035815868526697166 0.63257101178169262
decision_type=2 2 2 2 2 2 2 2 2 2 2 2 2 2
left_child=1 4 12 7 6 11 -1 8 -3 -9 -4 -5 13 -2
right_child=2 3 10 5 -6 -7 -8 9 -10 -11 -12 -13 -14 -15
leaf_value=-0.0020739911865389651 0.0082870440865995872 -0.0072089920449432245 0.0056810345281703648 -0.0035164945568143501 -0.00071912394434745961 0.0073638393147541677 -0.020863721781458316 -0.0045880931594944781 0.00096571823379189346 0.0099176950768592731 0.015710500940680047 -0.019592399496748302 -0.0043613385676225837 -0.0020295596676989827
leaf_weight=28.191843724343926 142.26287317927927 134.99298750562593 155.60275563923642 48.232616282766685 58.41311885160394 19.996411937754601 78.444728190195747 31.262487641535699 640.91696852236055 104.69754359358922 120.36401014216244 47.754238066496328 88.953720570541918 104.39966590888798
leaf_count=379 629 2441 818 806 838 197 2568 390 7783 756 377 1208 666 988
internal_value=0.000520414 -0.00222067 0.00582683 -0.000593525 -0.0115561 -0.00896149 -0.0167138 0.000559863 -0.000528788 0.00639618 0.0105712 -0.0129186 0.00165944 0.00398064
internal_weight=1804.49 1192.9 611.583 1027.85 165.05 115.983 106.637 911.87 775.91 135.96 275.967 95.9869 335.616 246.663
internal_count=20844 17366 3478 13581 3785 2211 2947 11370 10224 1146 1195 2014 2283 1617
is_linear=0
shrinkage=0.025


Tree=33
num_leaves=15
num_cat=0
split_feature=85 5 6 15 10 36 108 127 3 135 77 86 120 122
split_gain=42.8996 29.8457 16.4102 16.6966 15.9588 12.5082 12.5555 12.281 11.8301 11.5485 11.4965 11.2045 10.6757 13.967
threshold=0.16266285628080371 1.1599788069725039 0.072744261473417296 1.0000000180025095e-35 0.40253517031669622 0.57497692108154308 0.80735576152801525 0.22616494446992877 0.35718013346195226 0.0065765320323407659 -0.98822414875030506 0.22971949726343158 0.11837784945964815 0.032989339902997024
decision_type=2 2 2 2 2 2 2 2 2 2 2 2 2 2
left_child=2 5 7 -4 8 6 11 12 -5 -6 -3 -2 -1 -14
right_child=1 10 3 4 9 -7 -8 -9 -10 -11 -12 -13 13 -15
leaf_value=0.0021173979797537799 0.0056337314880330145 0.0028203500449924469 0.00039743040288033179 0.011002808655395772 0.0047887243297760011 0.0079356788664281582 0.0015007050068890722 0.0096054406862047803 -0.0071591838533299514 -0.008747628004501953 -0.020344814359320448 -0.013221596087644998 0.0024428293189096405 -0.017479575301937798
leaf_weight=36.983779440633953 15.719350651372222 11.056131314020602 838.83781551849097 270.24117993563414 91.045352932065725 43.455195247661322 90.342408126685768 16.66144779138267 15.447930954396723 51.662957344204187 102.45532243105117 102.94493945967406 24.743214150890708 72.209718776866794
leaf_count=276 238 227 9341 1014 406 372 1105 97 66 269 3932 2167 245 1184
internal_value=-0.000433232 -0.00792643 0.00154247 0.00248871 0.00643282 -0.00276952 -0.00536186 -0.00593899 0.00972975 -0.000329291 -0.017935 -0.0103402 -0.00858917 -0.0125714
internal_weight=1783.81 365.973 1417.83 1267.24 428.397 252.462 209.007 150.598 285.689 142.708 113.511 118.664 133.937 96.9529
internal_count=20939 8041 12898 11096 1755 3882 3510 1802 1080 675 4159 2405 1705 1429
is_linear=0
shrinkage=0.025


Tree=34
num_leaves=15
num_cat=0
split_feature=26 3 6 6 61 10 32 17 151 61 20 104 71 86
split_gain=34.0294 22.311 17.6384 15.6582 15.8386 14.1771 11.8252 11.2443 10.9525 10.8636 10.4109 10.0161 9.69888 8.87156
threshold=0.22396993637084964 0.55893570184707653 0.072475306689739241 0.043809818103909499 0.14489062875509265 0.37376695871353155 1.0000000180025095e-35 0.22396993637084964 0.08021263033151628 0.00077890467946417641 1.0462549328804018 0.99747925996780407 2.4278792142868046 0.49215021729469305
decision_type=2 2 2 2 2 2 2 2 2 2 2 2 2 2
left_child=1 2 7 -2 6 -3 -5 8 -1 10 -4 -6 -8 -7
right_child=3 5 9 4 11 13 12 -9 -10 -11 -12 -13 -14 -15
leaf_value=-0.018832741283659221 -0.016398239696022558 -0.021456622815360898 -0.0061960904523087022 -0.0038450822085436768 0.010396984917469702 0.0033951001205942697 0.0095660958101934472 0.0019868401968018753 0.00078879214221588248 0.0014769293887171777 0.0070058696970144441 -0.0095431856456854158 -0.0013361770742956786 -0.010125905126247994
leaf_weight=64.548729360569268 10.569569274317471 48.166466028895229 243.37544267624617 148.5034349327907 253.77744396403432 39.677548185456544 113.14945865236223 30.057702925056219 20.380306121427566 629.16998527967371 32.62671060487628 7.0091457720845929 78.602073256857693 67.195109491585754
leaf_count=1690 114 1650 3471 1226 1058 450 505 382 324 7750 165 48 553 1561
internal_value=-0.000501399 -0.00298828 -0.00156733 0.0042226 0.0049195 -0.011479 0.00123201 -0.0102965 -0.0144805 -0.000324604 -0.00436518 0.009419 0.00522024 -0.00516495
internal_weight=1786.81 1175.2 1020.16 611.611 601.042 155.039 340.255 114.987 84.929 905.172 276.002 260.787 191.752 106.873
internal_count=20947 17443 13782 3504 3390 3661 2284 2396 2014 11386 3636 1106 1058 2011
is_linear=0
shrinkage=0.025


Tree=35
num_leaves=15
num_cat=0
split_feature=17 26 91 31 69 67 144 104 153 86 18 128 80 1
split_gain=33.23 16.5897 18.1203 14.4294 22.6279 11.8026 10.6777 11.6221 10.5835 10.0514 9.86806 9.85658 9.75967 9.38005
threshold=1.0000000180025095e-35 0.22396993637084964 0.40690015256404882 1.0000000180025095e-35 0.98205697536468517 1.0001370310783388 0.018707111477851871 0.99778056144714367 0.17918691039085391 0.36667633056640631 0.22396993637084964 0.97499999403953563 0.01237767841666937 -0.061959961429238312
decision_type=2 2 2 2 2 2 2 2 2 2 2 2 2 2
left_child=1 2 10 4 8 9 7 -4 -2 -5 11 -1 -3 -6
right_child=3 12 6 5 13 -7 -8 -9 -10 -11 -12 -13 -14 -15
leaf_value=-0.019484216802071852 -0.00096288539133241756 -0.0034434687600378706 -0.0073940042518109463 0.015396639377071626 -0.0015944826061889067 -0.0024929774675388379 0.0071913552122618608 0.012619703558651427 -0.011073728126318346 -0.0045268684807013735 -0.0050676561185452711 0.0008475264405090635 0.013867090946989439 0.0068166567636559873
leaf_weight=107.61000772344414 647.71188439358957 32.143639616668224 141.73412702814676 94.228603339754045 98.279840617906302 36.540736407972872 46.452501591295004 9.1591667435131949 60.916317684575915 12.022256629541515 87.831768738571554 14.580266000004483 27.92619982175529 364.27537237526849
leaf_count=3271 6208 386 2730 335 1058 271 537 84 599 67 2070 269 189 2882
internal_value=-0.000297952 -0.00594254 -0.0077515 0.00173625 0.000768197 0.00892043 -0.00202696 -0.00526227 -0.00201932 0.012806 -0.0126739 -0.0171062 0.00539967 0.00500806
internal_weight=1781.41 467.438 407.368 1313.98 1171.18 142.792 197.346 150.893 708.628 106.251 210.022 122.19 60.0698 462.555
internal_count=20956 9536 8961 11420 10747 673 3351 2814 6807 402 5610 3540 575 3940
is_linear=0
shrinkage=0.025


Tree=36
num_leaves=15
num_cat=0
split_feature=16 5 4 84 62 6 6 125 7 136 17 137 21 10
split_gain=31.2735 21.7348 14.1638 14.7411 11.1023 11.0294 11.5902 11.6978 10.8078 10.9965 13.659 10.5102 10.106 10.5508
threshold=1.0000000180025095e-35 1.100544333457947 0.24964435398578647 -0.17118138819932935 0.0086329015903174895 0.077591050416231169 0.10671144351363183 0.69021266698837291 0.24638342112302783 0.38032615184783941 0.31061333417892462 0.11486860364675523 0.14931328594684604 0.74988695979118358
decision_type=2 2 2 2 2 2 2 2 2 2 2 2 2 2
left_child=1 2 3 -1 -5 -3 7 -7 9 10 -2 -12 13 -11
right_child=8 5 -4 4 -6 6 -8 -9 -10 12 11 -13 -14 -15
leaf_value=-0.0099323160570476375 -0.0037082892035053012 -0.015858900962192911 0.0038331901720426568 -0.0066400577842689462 0.0037468752500791659 -0.0064876243512167519 -0.017952246399782764 0.0065101669818100408 -0.0061037755502879104 0.015305151777655429 -0.0051434166724909055 0.0059705204933352242 0 -0.002916331425872326
leaf_weight=138.80296065984294 166.01587022095919 92.595380764105357 236.7533574369736 89.412699006963521 163.76897074072622 111.9317361083813 24.218579906271771 54.460795345483348 61.551790960133076 111.94062472879887 51.045106898993254 374.81771251279861 57.472777169197798 18.227833658456802
leaf_count=2371 1211 3160 2242 1407 2183 2604 828 733 785 430 364 2192 275 94
internal_value=-0.000328584 -0.00351962 -0.000853087 -0.00374426 -8.67999e-06 -0.00912183 -0.00504196 -0.00201158 0.00311753 0.00394294 0.00215292 0.00450537 0.00905783 0.0126348
internal_weight=1753.02 911.944 628.738 391.985 253.182 283.206 190.611 166.393 841.072 779.52 591.879 425.863 187.641 130.168
internal_count=20879 15528 8203 5961 3590 7325 4165 3337 5351 4566 3767 2556 799 524
is_linear=0
shrinkage=0.025


Tree=37
num_leaves=15
num_cat=0
split_feature=17 125 78 2 18 35 16 66 108 94 6 137 125 140
split_gain=34.3249 18.2456 13.608 12.1885 10.9704 12.8717 10.2203 14.4415 11.2648 10.0387 9.7766 10.4654 9.73134 11.6655
threshold=1.0000000180025095e-35 0.49682894349098211 -0.0097201410681009275 -0.15739278495311734 0.22396993637084964 1.0000000180025095e-35 0.22396993637084964 0.56109741330146801 0.54799997806549083 0.5000000149011613 0.10197866708040239 0.059851821511983878 0.4435380250215531 -0.11184644326567648
decision_type=2 2 2 2 2 2 2 2 2 2 2 2 2 2
left_child=1 4 -2 -3 -1 -6 7 9 -9 -4 11 -5 -8 -14
right_child=2 3 6 10 5 -7 12 8 -10 -11 -12 -13 13 -15
leaf_value=-0.020841151195460889 -0.0042970125832458616 -0.010958827549543984 0.006930292529296671 0.010515257421043272 -0.010524613984905258 0.0093862110894506745 0.0093198481093617301 -0.0075684692726467571 0.0084169673975209962 -0.0020539815269489826 -0.0071589898805489733 -0.00095744573421575386 -0.015867135554888653 0.0036720623977529879
leaf_weight=54.113170324126258 162.1512180827558 64.766897484427318 80.068596407771111 65.041190708987415 62.768170786788687 16.802767866291106 246.59872729051858 21.17282850202173 211.8313868176192 481.51876770565286 66.616439761128277 130.3870591847226 10.786798153072594 105.05152933485806
leaf_count=2225 2148 1695 720 657 1715 202 1235 329 1686 4690 1215 1814 77 586
internal_value=0.000174466 -0.00560797 0.00223473 -0.0021924 -0.0130037 -0.00550456 0.00319552 0.00154328 0.00661382 -0.000633062 0.000313693 0.00318799 0.0066189 0.00043617
internal_weight=1779.68 460.496 1319.18 326.812 133.684 79.5709 1157.03 794.592 233.004 561.587 262.045 195.428 362.437 115.838
internal_count=20994 9523 11471 5381 4142 1917 9323 7425 2015 5410 3686 2471 1898 663
is_linear=0
shrinkage=0.025


Tree=38
num_leaves=15
num_cat=0
split_feature=17 2 83 82 6 15 10 119 61 105 105 119 2 111
split_gain=36.3633 16.3331 16.9213 14.8466 11.9005 13.7322 12.6809 11.6568 11.5078 11.2546 10.6993 10.4425 10.1917 8.89876
threshold=1.0000000180025095e-35 -0.15739278495311734 -0.015773283317685124 -0.99999323487281788 0.072744261473417296 1.0000000180025095e-35 0.73524409532547008 0.42496097087860113 0.38320763409137731 -0.17927051335573194 -0.75014308094978321 0.51770183444023143 -0.12038339674472807 0.75000008940696727
decision_type=2 2 2 2 2 2 2 2 2 2 2 2 2 2
left_child=1 -1 8 9 7 12 -7 -5 13 -2 -4 -12 -6 -3
right_child=3 2 10 4 5 6 -8 -9 -10 -11 11 -13 -14 -15
leaf_value=-0.014444874663631025 -0.0018561951980702975 -0.0052512095846191063 0.0017604571295845618 -0.011130942566731694 0.0072584675618650538 0.0068557706365130859 -0.0094561673673920436 0.0044387287820683505 -0.0076594902491895853 0.016101299234942867 -0.01039321300019789 0.0079091637834290754 -0.0012659072971334894 0.015500109344935471
leaf_weight=101.51090203446802 25.740761696361005 9.0781881851144117 73.69241442810744 76.533358602318913 89.932905927300453 374.58495202101767 21.331508310511708 36.068325928412378 16.606244340538979 64.011888129636645 193.42172019416466 12.054777491837738 612.96138182934374 47.241009748773649
leaf_count=3383 154 219 1140 1195 933 1575 128 202 303 256 3933 122 6994 431
internal_value=-0.000101577 -0.00611051 -0.00327644 0.0020204 0.00122549 0.0020448 0.00569393 -0.00609621 0.00663461 0.0112168 -0.0060751 -0.00888482 -5.42269e-05 0.0116374
internal_weight=1754.77 453.605 352.094 1301.17 1211.41 1098.81 395.916 112.602 72.9254 89.7526 279.169 205.476 702.894 56.3192
internal_count=20968 9531 6148 11437 11027 9630 1703 1397 953 410 5195 4055 7927 650
is_linear=0
shrinkage=0.025


Tree=39
num_leaves=15
num_cat=0
split_feature=85 85 86 121 119 107 104 82 10 143 107 70 1 151
split_gain=28.6301 14.3725 12.6738 12.2366 12.2214 11.1417 11.2669 10.7818 17.4467 11.5062 10.3183 10.1935 9.47198 10.4652
threshold=0.058794636279344566 0.4759515523910523 0.53903496265411388 0.069833826273679747 0.39983119070529943 0.30927854776382452 0.97473302483558666 -0.6953919231891631 0.40253517031669622 -0.052919447422027581 0.0070300851948559293 1.6760748624801638 -0.059541193768382066 0.024435922503471378
decision_type=2 2 2 2 2 2 2 2 2 2 2 2 2 2
left_child=5 2 3 -2 11 6 7 9 -9 -1 -5 -4 -8 -14
right_child=1 -3 4 10 -6 -7 12 8 -10 -11 -12 -13 13 -15
leaf_value=-0.0026764005767634016 -0.0055050062549367425 -0.014329861025126898 -0.0045852617857787183 0.0088065382146998491 -0.0037358337889475987 -0.010476563649711923 -0.015188519363503667 0.0055064809694342466 -0.0039382797578181574 0.0091122823023923934 -0.0037735075019420371 0.018055143745924845 -0.0094630917120934743 0.010561098808085052
leaf_weight=54.327280188910663 520.94714238378219 60.950523706153035 10.009780659573151 69.139038826804608 39.658539723139256 26.530855699442327 24.724267460405827 275.63473683036864 200.2283284701407 306.81417343020439 70.210854657925665 37.640672247158363 17.756877755746245 23.982458222657442
leaf_count=361 9505 2128 333 939 686 193 209 1530 1343 1969 1131 343 154 104
internal_value=-0.00023418 -0.00365308 -0.00255354 -0.00376254 0.00581379 0.00273367 0.00326749 0.00407907 0.00150768 0.00727635 0.00258891 0.0131239 -0.0058545 0.00159887
internal_weight=1738.56 808.557 747.606 660.297 87.309 929.999 903.468 837.005 475.863 361.141 139.35 47.6505 66.4636 41.7393
internal_count=20928 15065 12937 11575 1362 5863 5670 5203 2873 2330 2070 676 467 258
is_linear=0
shrinkage=0.025


Tree=40
num_leaves=15
num_cat=0
split_feature=87 4 7 71 10 3 5 109 6 117 88 36 5 117
split_gain=30.103 24.5258 15.7274 10.487 10.1284 11.3923 11.0945 16.0235 8.89512 7.29911 12.3972 7.73024 5.90598 7.55089
threshold=0.055057752877473838 0.3114724606275559 0.24634501338005069 3.4856460094451909 0.40253517031669622 0.27382126450538641 1.3054679036140444 0.036261685192584998 0.052699072286486633 -0.011306259315460919 0.18009383976459506 0.56404110789299022 1.1104156374931338 -0.012694017495959995
decision_type=2 2 2 2 2 2 2 2 2 2 2 2 2 2
left_child=2 4 8 12 5 -2 7 -6 -1 11 -11 -10 13 -3
right_child=1 3 -4 -5 6 -7 -8 -9 9 10 -12 -13 -14 -15
leaf_value=-0.0068436828663925794 -0.0048152314492171918 -0.0049654694995997801 -0.0068939686424369685 -0.0065975656227015723 -0.0071887197983878555 -0.016657327595530767 -0.014844124113149693 0.0059889074191452184 0.0089661904920997904 0.0050168706127073012 -0.0012577690626799178 -0.0046899085987947859 -0.0013446604618468174 0.015132899595195502
leaf_weight=39.11873771622777 128.61344671295956 6.9222348239272824 88.993349752388895 23.739791389554739 101.88777508540079 97.792281894711778 28.954581596888602 104.60940077528358 224.68489607563242 505.22282714676112 306.83183459425345 20.393779681064188 20.392774113919586 61.529696117155254
leaf_count=376 2849 91 1231 330 2401 3413 1085 1392 1289 3292 2245 145 395 435
internal_value=0.000295295 -0.0043394 0.00257297 0.00563398 -0.00687804 -0.0105636 -0.00294312 -0.000493573 0.0034191 0.00388311 0.00264706 0.00761533 0.00942243 0.0125076
internal_weight=1759.69 574.442 1185.25 112.584 461.857 226.406 235.452 206.497 1096.25 1057.13 812.055 245.079 88.8447 68.4519
internal_count=20969 12391 8578 1251 11140 6262 4878 3793 7347 6971 5537 1434 921 526
is_linear=0
shrinkage=0.025


Tree=41
num_leaves=15
num_cat=0
split_feature=6 67 26 4 87 10 2 151 81 81 64 109 5 143
split_gain=27.9871 19.4781 18.6129 18.3922 12.6738 13.046 10.9721 10.0687 9.81036 9.6979 8.64607 9.04279 9.0184 7.46454
threshold=0.072744261473417296 1.5682835578918459 0.37446653842926031 0.3354459702968598 0.046077581122517593 0.40253517031669622 0.14471616595983508 0.068566504865884795 -0.037981338798999779 -0.050043221563100808 0.18844592571258548 0.73488029837608349 0.3354459702968598 -0.2334434241056442
decision_type=2 2 2 2 2 2 2 2 2 2 2 2 2 2
left_child=1 6 3 4 9 -6 13 -3 -4 -2 11 -10 -12 -1
right_child=2 7 8 -5 5 -7 -8 -9 10 -11 12 -13 -14 -15
leaf_value=0.0051809253181267821 -0.0087356902638385751 -0.0036417230256949994 0.016727775722320943 0.0072116566456099348 -0.0089478802649127741 -0.00017566336961415377 0.0062970723328703744 0.013738731011224029 -0.0079485878485011704 0.0018994757441035265 0.013162831171874258 0.0088997104976016109 0.0011223412138377136 -0.015832936730329386
leaf_weight=4.9659071557689449 46.414415809325874 47.349496765993536 45.664675293490291 182.45392143214121 197.70515371765941 221.19631413253956 9.9327391260303539 20.219361146446317 48.522847646847367 620.16337033268064 75.131139971315861 17.76680101454258 79.119056094437838 132.6932460879907
leaf_count=43 445 823 150 1275 4870 3904 85 183 290 4757 203 61 406 3411
internal_value=0.000204201 -0.00798285 0.00141355 0.00011754 -0.00112931 -0.00447871 -0.012782 0.00268973 0.00727021 0.000999132 0.00449602 -0.00260131 0.00758892 -0.0146367
internal_weight=1749.3 215.161 1534.14 1267.93 1085.48 418.901 147.592 67.5689 266.205 666.578 220.54 66.2896 154.25 137.659
internal_count=20906 4545 16361 15251 13976 8774 3539 1006 1110 5202 960 351 609 3454
is_linear=0
shrinkage=0.025


Tree=42
num_leaves=15
num_cat=0
split_feature=18 136 26 6 117 129 6 1 138 151 6 112 61 16
split_gain=32.7626 19.4318 14.6907 10.5588 14.0047 9.8823 9.69664 9.36343 8.03376 7.89246 7.87396 7.52463 8.13271 9.68227
threshold=1.0000000180025095e-35 0.54299369454383861 0.22396993637084964 0.072475306689739241 0.023469969630241398 0.16609474271535876 0.07800739631056787 -0.22167595475912091 -0.29236212372779841 -0.032285964116454118 0.10715577751398088 0.010282952804118397 0.13381855934858325 0.37446653842926031
decision_type=2 2 2 2 2 2 2 2 2 2 2 2 2 2
left_child=1 5 3 4 8 -1 -3 -5 -2 -8 -11 -4 -13 -14
right_child=2 6 11 7 -6 -7 9 -9 -10 10 -12 12 13 -15
leaf_value=-0.017153095500836959 0.0034777262096404313 -0.010678236127469085 0.0021155641873289214 -0.0081052855720298144 0.0092019200478207653 0.00040212052627336425 -0.0056787161006105888 0.0010347875464085628 -0.014865450129524808 0.016741315520332044 -0.0070009219757200918 0.0018190903439450684 0.01568608068977121 -0.0013560884107734852
leaf_weight=110.96501324407291 12.096031775232403 13.99948049825616 381.33884156914428 64.565097140613943 14.527601307258008 21.649717536522076 11.457176806405185 802.566174314823 70.444873274071142 29.98944938974455 3.0898958337493232 85.667791044339538 88.53535339422524 22.356159579008818
leaf_count=3345 183 373 2466 1269 161 440 199 9752 1537 208 78 555 286 64
internal_value=-1.1092e-05 -0.00945957 0.00121605 -0.000666211 -0.00800117 -0.0144052 0.00211212 0.000238669 -0.0119449 0.00776682 0.012973 0.00432738 0.00818991 0.0123517
internal_weight=1733.25 191.151 1542.1 964.2 97.0685 132.615 58.536 867.131 82.5409 44.5365 33.0793 577.898 196.559 110.892
internal_count=20916 4643 16273 12902 1881 3785 858 11021 1720 485 286 3371 905 350
is_linear=0
shrinkage=0.025


Tree=43
num_leaves=15
num_cat=0
split_feature=85 5 152 62 142 6 87 141 3 77 22 1 78 119
split_gain=25.2376 19.9121 13.4327 12.9168 13.2682 14.5832 12.557 9.77779 15.1052 9.70518 11.3184 8.34258 8.3679 8.38417
threshold=0.16266285628080371 1.1104156374931338 -0.085082016885280595 0.14025809615850451 -0.36682295799255366 0.085262812674045577 0.13931773602962497 -0.12242980301380156 0.3361020833253861 -0.98822414875030506 1.0000000180025095e-35 -0.34757880866527552 -0.0032395930029451843 0.29288874566555029
decision_type=2 2 2 2 2 2 2 2 2 2 2 2 2 2
left_child=3 2 6 4 -1 -6 -2 -4 -9 -3 -11 -5 13 -13
right_child=1 9 7 11 5 -7 -8 8 -10 10 -12 12 -14 -15
leaf_value=0.0082827133459929571 -0.0052830574475951891 0.0038990026902356134 0.0068889128912779556 -0.0084744082833894847 -0.0087615630734611157 0.00020308725820984827 0.015971431499004648 0.00083903407515636833 -0.014632470219242945 -0.018527662009700113 0.00035634079677453125 -0.0065228337503783866 0.0054967974785467373 0.004035853809276675
leaf_weight=68.07044212706387 18.96181511785835 13.059681347571312 27.822908009868115 22.452357809990644 153.60968921799213 350.00706376321614 35.000588344875723 72.277825745986775 68.312691123224795 95.669146109954454 22.191488532349467 73.538120183162391 615.92220013635233 91.811401311308146
leaf_count=472 218 265 311 246 2644 3093 284 1209 1314 3933 485 1034 4478 880
internal_value=0.000116813 -0.00572275 -0.000930262 0.00166233 -0.00118091 -0.00264728 0.00871093 -0.00446266 -0.00715615 -0.013014 -0.0151714 0.00368766 0.00417584 -0.000713187
internal_weight=1728.71 353.296 222.376 1375.41 571.687 503.617 53.9624 168.413 140.591 130.92 117.861 803.724 781.272 165.35
internal_count=20866 8019 3336 12847 6209 5737 502 2834 2523 4683 4418 6638 6392 1914
is_linear=0
shrinkage=0.025


Tree=44
num_leaves=15
num_cat=0
split_feature=26 85 91 92 126 152 61 155 18 111 155 118 84 77
split_gain=27.0524 18.4714 12.6152 11.9085 11.5148 10.0948 8.17287 7.86217 7.87495 7.38972 7.47459 7.25504 10.4579 10.6807
threshold=0.31061333417892462 0.15876914560794833 0.3114724606275559 1.0000000180025095e-35 0.23119604587554934 -0.086531151086091981 0.21283287554979327 0.7128533422946931 0.22396993637084964 0.78750011324882518 -0.23294904083013532 0.026219876483082775 -0.21593841910362241 -0.96723881363868702
decision_type=2 2 2 2 2 2 2 2 2 2 2 2 2 2
left_child=1 11 7 5 -5 -4 -2 8 -3 -8 -11 12 -1 -14
right_child=6 2 3 4 -6 -7 9 -9 -10 10 -12 -13 13 -15
leaf_value=-0.006480631132427749 0.0022996846250719987 -0.020629053065192558 0.0046236011772676317 0.0097710384323159705 -0.0055024231296179936 -0.01231847786455314 0.013356741385095815 0.0039749726073075092 -0.0059582009205997911 -0.011589709180991205 0.0061839480927472559 0.0076169818175428981 0.0053415904887464914 -0.0012226107731036742
leaf_weight=154.48841031920165 228.73739272449166 57.902718027355149 20.930952855618671 57.034952711779624 44.246527995914221 76.625288135255687 102.83946807030588 9.88588357134722 59.022363125812262 8.7071306537836772 39.234700502827764 56.959840983618051 193.28404046595097 616.45509345596656
leaf_count=2106 1253 2311 366 730 744 2126 339 217 1435 62 167 363 1681 7087
internal_value=-0.000223641 -0.00189729 -0.00696764 -0.00266517 0.00311217 -0.00846113 0.00556 -0.0128102 -0.0145642 0.00989502 0.00107343 -0.000206155 -0.000769045 0.00038417
internal_weight=1726.35 1346.84 325.649 198.838 101.281 97.5562 379.519 126.811 116.925 150.781 47.9418 1021.19 964.228 809.739
internal_count=20987 19166 7929 3966 1474 2492 1821 3963 3746 568 229 11237 10874 8768
is_linear=0
shrinkage=0.025


Tree=45
num_leaves=15
num_cat=0
split_feature=14 87 10 154 5 61 87 78 136 20 142 141 155 145
split_gain=20.5878 16.4088 12.5355 11.363 10.2207 9.17779 8.6328 8.48777 8.35425 8.30055 8.04268 7.59985 7.32567 6.10166
threshold=0.31061333417892462 0.042251711711287505 0.40253517031669622 0.16863964498043063 1.3054679036140444 0.17682834714651111 0.099400836974382414 -0.0097201410681009275 0.45699012279510504 0.84110677242279064 -0.069716610014438615 0.11918008700013162 0.7128533422946931 0.05000004172325135
decision_type=2 2 2 2 2 2 2 2 2 2 2 2 2 2
left_child=1 5 6 4 -4 8 -3 -7 9 -1 -9 -2 -8 -10
right_child=11 2 3 -5 -6 7 12 10 13 -11 -12 -13 -14 -15
leaf_value=-0.00063123614128700149 0.0073315099944038344 -0.0030618106821120022 0.0027639780058572416 -0.012050444828743821 -0.010902937065443322 -0.0054419542456632421 -0.013386528047249976 0.0072953987443734637 -0.010483806892836647 0.0091423464211678723 -0.0066894840342190511 -0.0089042766004642174 0.0043629204255211792 0.0010337939656983733
leaf_weight=378.77680219244212 246.22589229186997 146.38189799152315 260.60360857332125 35.889743700623512 27.014262129901908 36.288792926818132 139.2939900518395 247.86976800765842 71.509092561900616 50.909994209185243 18.26352259516716 8.7409230256453139 9.3489991736132634 37.976283860392869
leaf_count=3156 1167 2687 4072 883 919 429 4465 1650 564 232 148 56 209 253
internal_value=-2.73968e-05 -0.00119271 -0.00424813 -0.000742136 0.00105334 0.00106639 -0.00787263 0.00447049 -0.000876052 0.000715377 0.00604353 0.00635286 -0.0119498 -0.0066784
internal_weight=1715.09 1460.13 618.533 323.508 287.618 841.594 295.025 302.422 539.172 429.687 266.133 254.967 148.643 109.485
internal_count=20890 19667 13235 5874 4991 6432 7361 2227 4205 3388 1798 1223 4674 817
is_linear=0
shrinkage=0.025


Tree=46
num_leaves=15
num_cat=0
split_feature=15 10 4 85 110 5 88 79 64 136 87 36 79 125
split_gain=24.8626 17.2282 16.675 14.8622 18.9471 16.9478 13.835 10.9527 9.57556 9.55358 8.68187 8.38341 8.36983 8.04282
threshold=1.0000000180025095e-35 0.40253517031669622 0.3114724606275559 0.18812649697065356 0.12505535036325457 1.2848473191261294 0.31339153647422796 -0.01171100791543722 0.26782767474651342 0.42876577377319341 0.13356844335794452 0.14931328594684604 0.013962118886411192 0.4306956827640534
decision_type=2 2 2 2 2 2 2 2 2 2 2 2 2 2
left_child=2 8 3 -1 -5 -6 9 10 -2 -3 11 -4 -10 -9
right_child=1 6 7 4 5 -7 -8 13 12 -11 -12 -13 -14 -15
leaf_value=-0.0015828107261968015 0.0024317138579169296 -0.0022736037593017087 0.003928615507468639 -0.015130776672535266 0.0045189874235779803 -0.014678260147214626 -0.015373432664789626 -0.0010965645619197216 0.012889970223496021 0.011827846863963711 0.008658111190035192 -0.007292863239076435 -0.0067737640621523256 0.012899343767431371
leaf_weight=722.93791736802086 125.71619591861963 92.17947468534112 55.264717241749167 122.13680469524115 86.760145550826564 28.469802183797583 25.187473790720105 31.24374879989773 174.2475644685328 30.12974750995636 37.992895182222128 99.293111205566674 6.5123255439102641 77.850909327622503
leaf_count=9965 592 522 316 3926 1305 1260 149 353 628 131 361 936 51 527
internal_value=-2.52222e-05 0.00490899 -0.00183958 -0.0034486 -0.00873141 -0.00106288 -0.00194523 0.00317892 0.00819595 0.00185349 -0.00043776 -0.00321143 0.0117391 0.00907636
internal_weight=1715.92 453.973 1261.95 960.305 237.367 115.23 147.497 301.645 306.476 122.309 192.551 154.558 180.76 109.095
internal_count=21022 2073 18949 16456 6491 2565 802 2493 1271 653 1613 1252 679 880
is_linear=0
shrinkage=0.025


Tree=47
num_leaves=15
num_cat=0
split_feature=15 5 78 91 108 107 73 69 88 108 62 152 88 107
split_gain=32.5232 19.0547 14.4305 11.6927 10.1699 12.8686 10.3162 9.96632 9.41597 9.70606 8.3855 7.76493 12.9787 7.39459
threshold=1.0000000180025095e-35 1.1447490453720095 -0.0028562347870320077 0.56959870457649242 0.83278930187225353 0.042098039761185653 0.14831461012363437 0.96537357568740856 0.57047131657600414 1.0196859240531924 0.19823449105024341 0.024242715910077099 0.17099701613187793 0.035759571939706809
decision_type=2 2 2 2 2 2 2 2 2 2 2 2 2 2
left_child=1 2 4 10 5 -1 -6 -4 9 -3 11 12 -2 -9
right_child=3 8 7 -5 6 -7 -8 13 -10 -11 -12 -13 -14 -15
leaf_value=-0.011674790363155612 0.0052284380106803439 -0.0066825582907153753 -0.00054619615846346608 -0.0062355900462089239 0.0064244129549407558 0.00011469798618417523 -0.010333178068556687 0.0081038660225629996 -0.016511005198738896 0.0075509417035713238 0.0099740242560146103 0.0088566262775216613 -0.010525951118189523 -0.00044194790026282543
leaf_weight=135.45980964694172 65.695414420217276 182.1751173378434 389.80700280773453 34.649481751024723 77.054307471960783 91.438045287504792 18.949180356226861 193.56272666854784 48.898216598667204 24.324954617768526 256.4345292178914 61.963278513401747 44.273231402039528 85.816310371737927
leaf_count=2377 331 4424 4534 223 629 1278 253 2017 2107 220 967 259 282 971
internal_value=0.000433924 -0.00166378 -5.40016e-05 0.00601127 -0.00431435 -0.00710428 0.00222047 0.00202317 -0.00758715 -0.00462608 0.00717319 0.00254965 -0.00142335 0.00552587
internal_weight=1710.5 1247.49 992.087 463.016 322.901 226.898 96.0035 669.186 255.398 206.5 428.366 171.932 109.969 279.379
internal_count=20872 18810 12059 2062 4537 3655 882 7522 6751 4644 1839 872 613 2988
is_linear=0
shrinkage=0.025


Tree=48
num_leaves=15
num_cat=0
split_feature=85 26 3 111 3 10 64 120 6 111 71 70 64 102
split_gain=29.6361 15.9316 12.8877 18.9072 10.5484 16.6306 10.1903 10.8593 10.5695 10.4107 8.9214 11.1683 8.83248 8.562
threshold=0.053880957886576659 0.22396993637084964 0.2074287757277489 0.94375002384185802 0.35718013346195226 0.37376695871353155 0.18007490038871768 0.10317451506853105 0.16487035155296328 0.79375004768371593 2.3591365814208989 1.6595380306243899 0.85761550068855297 0.51129707694053661
decision_type=2 2 2 2 2 2 2 2 2 2 2 2 2 2
left_child=4 2 -2 -4 6 -6 7 8 -1 -9 -8 -12 -3 -7
right_child=1 12 3 -5 5 13 10 9 -10 -11 11 -13 -14 -15
leaf_value=-0.015449785928115165 -0.00134664812364435 -0.00067648293398560192 -0.010773090708446493 0.0060276389695800812 -0.016706457000607175 -0.0048492675652964173 0.014260073044840019 -0.0023488611052730579 0.001613660768773887 0.0075852506096553418 -0.0063248968158590149 0.005780008372450191 0.011374039662543842 0.010360025784771076
leaf_weight=35.655145657714456 252.45821709092706 137.17059701774269 323.44332440162543 39.034351895563304 31.64934871532023 36.952284943312407 60.682752983644605 119.13364818133414 37.151859492063522 121.42565571144223 43.588362067937851 362.04840931948274 39.146268071606755 32.026039209216833
leaf_count=253 4360 1500 8599 468 278 302 285 815 177 683 358 2262 306 179
internal_value=-0.000473975 -0.00396071 -0.00584155 -0.0087953 0.00265712 -0.00453261 0.00365546 0.000106357 -0.00759899 0.00273818 0.00595182 0.00430497 0.00248692 0.00254671
internal_weight=1671.57 791.253 614.936 362.478 880.314 100.628 779.686 313.366 72.807 240.559 466.32 405.637 176.317 68.9783
internal_count=20825 15233 13427 9067 5592 759 4833 1928 430 1498 2905 2620 1806 481
is_linear=0
shrinkage=0.025


Tree=49
num_leaves=15
num_cat=0
split_feature=6 5 25 3 10 111 88 142 151 81 7 3 79 88
split_gain=18.6553 13.7267 13.244 11.0523 19.0811 10.0363 9.28544 8.16882 8.04596 7.7343 8.34827 7.5982 11.9754 10.5573
threshold=0.072744261473417296 1.0861553549766543 0.22396993637084964 0.24159795790910724 0.37376695871353155 0.92500004172325145 0.28259676694870001 -0.21675133705139157 0.24908320605754855 -0.060998391360044472 0.22729630023241046 0.34072245657444006 -0.46991650760173792 0.11145566776394845
decision_type=2 2 2 2 2 2 2 2 2 2 2 2 2 2
left_child=1 9 3 5 8 6 -2 -6 -5 -1 -11 13 -13 -4
right_child=2 -3 11 4 7 -7 -8 -9 -10 10 -12 12 -14 -15
leaf_value=-0.013868240555080747 0.00066859126913177531 -0.014941967327454479 -0.00032287784681178959 -0.011913515815670907 0.0066438759742188163 -0.014048358714904775 0.0081408144521848292 -0.0023908476915026258 0.0059537554777490181 0.0066453808039338234 -0.0052696275757638357 0.0078748828185372603 -0.013567073526715816 0.010727497504040173
leaf_weight=15.378981335088609 657.63387318351306 72.297587111301254 74.497674182057381 140.34216524614021 80.181216989876702 13.447007482871411 113.26723130140454 181.42237916286103 9.379904503002761 61.812046046368778 60.874011328909546 20.573063401505351 20.872074170969427 160.73792609013617
leaf_count=168 7339 2770 319 2999 946 130 917 2670 134 590 1016 88 170 661
internal_value=-0.000191639 -0.00694937 0.000813826 -0.000333404 -0.00360277 0.00139386 0.00189039 0.000502541 -0.0103581 -0.0018206 0.000697847 0.00562264 -0.00331122 0.00733154
internal_weight=1682.72 210.363 1472.35 1195.67 411.326 784.348 770.901 261.604 149.722 138.065 122.686 276.681 41.4451 235.236
internal_count=20917 4544 16373 15135 6749 8386 8256 3616 3133 1774 1606 1238 258 980
is_linear=0
shrinkage=0.025


Tree=50
num_leaves=15
num_cat=0
split_feature=16 4 10 66 88 78 78 72 153 121 71 77 28 66
split_gain=21.5791 13.4901 14.9239 13.9119 13.6024 11.194 9.31317 11.8428 8.72698 8.57034 8.3257 8.00074 7.62259 7.22815
threshold=1.0000000180025095e-35 0.3114724606275559 0.40253517031669622 0.56814056634902965 0.22118356823921206 -0.01119866408407688 -0.0030709753045812245 -0.26642490923404688 -0.20421420037746427 0.069833826273679747 2.8537855148315434 -0.90242612361907948 0.43366721272468572 0.48359513282775884
decision_type=2 2 2 2 2 2 2 2 2 2 2 2 2 2
left_child=1 2 4 11 -1 -5 7 8 -2 13 -10 -4 -6 -3
right_child=6 9 3 5 12 -7 -8 -9 10 -11 -12 -13 -14 -15
leaf_value=-0.0024288146779135669 0.0081494213729523188 -0.004808537098405747 0.0015115459906228151 -0.0047466463297119515 -0.014728405871131084 0.0098302155070997196 0.003849642846268285 0.0097714461390483714 -0.017362547943312878 0.010283588609589056 -0.0020869445031595816 -0.0076083373859684115 0.0036204336467907765 0.0056267164009461594
leaf_weight=137.52945329947397 10.169207647442816 90.037497410550714 83.111307706218213 39.005039344076067 150.42654238967225 88.039694431005046 694.65705148782581 21.987396120093763 36.351372734643519 52.339608194772154 52.475914889015257 163.39545627776533 9.7380638844333571 57.643483171705157
leaf_count=2584 59 1011 1126 660 4496 1111 4152 132 497 368 560 3405 168 495
internal_value=-0.000164348 -0.00288792 -0.00457545 -0.00113317 -0.00864325 0.00524154 0.00272955 -0.00337476 -0.00714792 0.00265472 -0.00978466 -0.00455772 -0.0133656 -0.000540371
internal_weight=1686.91 871.266 671.246 373.551 297.694 127.045 815.641 120.984 98.9965 200.021 88.8273 246.507 160.165 147.681
internal_count=20824 15424 13550 6302 7248 1771 5400 1248 1116 1874 1057 4531 4664 1506
is_linear=0
shrinkage=0.025


Tree=51
num_leaves=15
num_cat=0
split_feature=87 5 4 84 83 78 3 119 16 143 108 151 137 82
split_gain=21.0524 17.4465 12.8995 9.64123 9.59248 9.11008 10.4178 10.0391 9.89283 9.58049 9.2618 9.1511 9.29345 8.48358
threshold=0.042831348255276687 1.1183189153671267 0.24964435398578647 -0.16866683214902875 -0.014421941246837376 -0.0014403357054106889 0.36554536223411566 0.42579305171966558 0.37446653842926031 -0.13548520207405088 1.0196859240531924 -0.11208287253975867 0.16853423416614535 -0.67367425560951222
decision_type=2 2 2 2 2 2 2 2 2 2 2 2 2 2
left_child=5 2 3 -2 -5 7 10 8 9 -1 13 12 -8 -7
right_child=1 -3 -4 4 -6 6 11 -9 -10 -11 -12 -13 -14 -15
leaf_value=0.0058407096804717088 -0.010464670707863836 -0.0092794509640074171 0.0047667523386389285 0.012114329177017893 -0.0028823122481456704 0.0079462148194118301 -0.010187477033212052 0.0061731505854907588 0.0092662173299581079 -0.0090269106682714702 -0.010713666203643961 -0.0092548680415766287 0.011871448203686802 0.0022236953803141213
leaf_weight=22.776060762815177 83.252335702069104 221.07265557197388 155.56564518297091 19.638402822427452 155.68040472548455 292.85177587205544 6.5140644721686867 56.631656365003437 16.342656128108501 152.54316942440346 13.465516887605189 61.66246463637799 24.413463498465717 391.96875492669642
leaf_count=171 1878 6623 1862 192 2959 1915 72 396 84 1727 69 582 136 2248
internal_value=-0.000250198 -0.00380226 -0.000670136 -0.0040537 -0.000467274 0.00192778 0.00323503 -0.00214526 -0.00488344 -0.00677827 0.00429108 -0.00418843 0.0053851 0.00478347
internal_weight=1674.38 635.209 414.137 258.571 175.319 1039.17 790.876 248.294 191.662 175.319 698.286 92.59 30.9275 684.821
internal_count=20914 13514 6891 5029 3151 7400 5022 2378 1982 1898 4232 790 208 4163
is_linear=0
shrinkage=0.025


Tree=52
num_leaves=15
num_cat=0
split_feature=6 14 3 10 152 17 3 107 10 7 63 3 72 153
split_gain=29.7419 14.397 15.8035 16.9774 12.4641 12.0594 10.995 7.79024 13.8894 8.93029 7.7227 5.9825 5.84526 5.67676
threshold=0.053240738809108741 0.31061333417892462 0.1722269877791405 0.37376695871353155 0.037267386913299567 0.31061333417892462 0.31926180422306066 -0.099056467413902269 0.68351846933364879 0.24638342112302783 0.22836975008249286 0.063561398535966887 -1.7330973148345945 -0.033095993101596825
decision_type=2 2 2 2 2 2 2 2 2 2 2 2 2 2
left_child=10 2 7 5 11 -4 -5 8 -2 -9 -1 -3 -13 -6
right_child=1 4 3 6 13 -7 -8 9 -10 -11 -12 12 -14 -15
leaf_value=-0.01869636409053629 0.00076263524531137896 -0.0022952596128866009 -0.010896501587956556 -0.0048502363612015478 0.0038868627341077824 0.0006672492553082077 0.0036240118835677254 0.0046596892577488152 -0.019576344529285153 -0.0037025354345319342 -0.0011549102638568288 -0.0023915850575931094 0.011439645467839201 -0.010967613053575674
leaf_weight=51.450635911081918 94.976994233205914 21.278531858697534 189.2814938868396 142.14708616351709 18.812681889161468 73.695593054872006 239.56271822983399 529.4898081086576 14.298204912804065 82.718694771640003 25.147797310259193 15.555432340130208 169.34301053825766 24.259811631403863
leaf_count=1582 768 99 4425 2326 96 945 3197 4416 135 1410 548 92 752 166
internal_value=8.34894e-05 0.000858086 -0.000159872 -0.00298402 0.00623656 -0.00772277 0.000384843 0.00235416 -0.00346929 0.00346034 -0.0140149 0.0087416 0.0101377 -0.00481945
internal_weight=1692.02 1615.42 1366.17 644.687 249.249 262.977 381.71 721.484 109.275 612.209 76.5984 206.177 184.898 43.0725
internal_count=20957 18827 17622 10893 1205 5370 5523 6729 903 5826 2130 943 844 262
is_linear=0
shrinkage=0.025


Tree=53
num_leaves=15
num_cat=0
split_feature=85 6 26 135 66 110 83 122 142 140 122 123 119 156
split_gain=17.0043 11.8703 10.6727 12.5994 9.33609 8.7573 7.44985 6.95357 6.56899 5.97611 5.62472 5.10283 4.49567 3.8321
threshold=0.4759515523910523 0.05253011733293534 0.37446653842926031 -0.037981338798999779 0.40317699313163763 0.31113064289093023 0.0029216337716206913 0.045173484832048423 -0.074197530746459947 -0.049485903233289712 0.35939407348632818 -0.42127533257007593 0.42496097087860113 0.4756296575069428
decision_type=2 2 2 2 2 2 2 2 2 2 2 2 2 2
left_child=1 9 4 -4 5 -3 -5 -2 -6 12 11 -9 -1 -11
right_child=7 2 3 6 8 -7 -8 10 -10 13 -12 -13 -14 -15
leaf_value=-0.0072375338967291779 0.0027334423346235225 -0.0011920903666240578 0.015383075085265577 0.0039398776185993059 0.003629621321942696 -0.016777650833559376 -0.0091679897755616944 0.0030734425731439889 -0.0058613426404961512 -0.017508720862101989 0.0034067873591294806 -0.020019903631754599 0.008768905138037424 0.00058016831520850626
leaf_weight=9.6872167848050612 10.811521065654231 812.19406920927577 49.797410676255822 192.63335403893143 434.51414549630135 11.485419200733302 19.267343876883388 2.4453891147859386 39.021894240751863 29.137567926198244 3.811574892140924 40.096765560097992 9.9918515579774958 6.4003288196399799
leaf_count=256 232 10627 165 862 5075 182 128 44 633 612 81 1773 103 87
internal_value=-6.8782e-05 0.000440662 0.000885015 0.00537163 -5.14992e-05 -0.00166217 0.00226472 -0.012215 0.00269624 -0.00983693 -0.0157609 -0.0180791 0.000738105 -0.0146639
internal_weight=1671.3 1614.13 1558.91 261.698 1297.22 823.679 211.901 57.1653 473.536 55.217 46.3537 42.5422 19.6791 35.5379
internal_count=20860 18730 17672 1155 16517 10809 990 2130 5708 1058 1898 1817 359 699
is_linear=0
shrinkage=0.025


Tree=54
num_leaves=15
num_cat=0
split_feature=87 4 111 7 78 154 7 128 68 121 60 72 153 140
split_gain=23.2474 22.8741 11.0233 9.58254 8.48995 14.988 8.95148 8.81872 8.24203 7.5958 7.50665 7.38898 7.26791 7.25078
threshold=0.042251711711287505 0.3114724606275559 0.74999997019767772 0.24638342112302783 -0.0097201410681009275 -0.0063081309199333182 0.23148071765899661 0.92499998211860668 1.2765759229660036 0.096993908286094679 0.0085648419335484522 -1.5941935181617735 0.3095910251140595 -0.17290513217449185
decision_type=2 2 2 2 2 2 2 2 2 2 2 2 2 2
left_child=3 8 -3 4 5 12 -7 10 13 -5 -6 -4 -1 -2
right_child=1 2 11 9 7 6 -8 -9 -10 -11 -12 -13 -14 -15
leaf_value=-0.016712880956281442 0.0016763719290493802 -0.0040597987442700673 -0.0055871184187881277 -0.0096152637412201553 0.0028410872365997558 0.0093951947926136301 -0.0064068588514150891 -0.0025426666946362516 -0.0034326110789307772 0.0065188420334969955 0.0081053847079543065 0.011668562281100336 0.0041153157938480928 -0.012393224613116085
leaf_weight=35.425671196077019 22.040389807894826 47.812662784941494 9.9205410340800864 55.195111347362399 436.57427305565216 49.564762745052576 23.965468564070761 97.961076322942972 339.50807839562185 14.557742657139896 302.69046619255096 88.999838014598936 7.091675595380365 140.37822325935122
leaf_count=467 451 601 153 825 2757 363 271 700 7673 116 1683 765 50 4042
internal_value=0.00027127 -0.0033864 0.00496571 0.0026149 0.00329385 -0.00276119 0.00392244 0.00417502 -0.00591132 -0.0056325 0.00510822 0.0094081 -0.0128684 -0.0104283
internal_weight=1671.69 648.66 146.733 1023.03 953.273 116.048 73.5302 837.226 501.927 69.7529 739.265 98.9204 42.5173 162.419
internal_count=20917 13685 1519 7232 6291 1151 634 5140 12166 941 4440 918 517 4493
is_linear=0
shrinkage=0.025


Tree=55
num_leaves=15
num_cat=0
split_feature=26 3 10 128 3 78 123 67 124 82 6 106 141 82
split_gain=22.1149 15.638 17.3975 12.1456 11.7546 11.5218 9.50535 9.27622 11.7629 9.36091 8.47777 11.5598 10.9837 7.9739
threshold=0.37446653842926031 0.20264933258295062 0.37376695871353155 0.72500002384185802 0.40631343424320226 -0.18122245371341703 0.14743425697088244 0.60475206375122081 -0.010339193046092985 -0.84544244408607472 0.07866245880723001 0.048216439783573158 0.10908984020352365 -0.99999842047691334
decision_type=2 2 2 2 2 2 2 2 2 2 2 2 2 2
left_child=1 7 4 -4 6 -5 -3 8 -1 -10 11 -9 -12 -6
right_child=-2 2 3 5 13 -7 -8 10 9 -11 12 -13 -14 -15
leaf_value=-0.0083755859668613718 0.0064199226770990277 -0.0071767833246873473 -0.0086194477445263352 -0.014653858690076252 0.0045802411790248423 0.0031014262083276329 0.0072275187295572146 0.010468007747372388 0.0091051898808585142 -0.0023729663516426636 -0.0015028236832053863 -0.0048167561827286336 0.0095707955020146104 -0.017971200208286322
leaf_weight=113.56649666838348 261.99648403655738 131.50325502362102 81.370134357595816 12.802578123984857 5.2041398650035253 273.06832585728262 24.668813938740641 134.667342830915 54.939554211683571 119.2390476022847 278.12857409892604 30.324866315349936 57.230232897214592 83.417103868443519
leaf_count=1187 1192 2737 1542 304 34 4039 353 1308 440 1161 3377 368 354 2608
internal_value=-7.25899e-05 -0.00134057 -0.00430259 -0.000749218 -0.00930058 0.00170599 -0.00447379 0.000974134 -0.00251421 0.00153386 0.00301653 0.007452 0.000616297 -0.0161344
internal_weight=1662.13 1400.13 612.034 367.241 244.793 285.871 156.172 788.096 287.745 174.179 500.351 164.992 335.359 88.6212
internal_count=21004 19812 11617 5885 5732 4343 3090 8195 2788 1601 5407 1676 3731 2642
is_linear=0
shrinkage=0.025


Tree=56
num_leaves=15
num_cat=0
split_feature=5 85 14 3 10 77 145 26 67 119 77 155 77 119
split_gain=19.9815 14.9618 10.0231 9.5053 9.55243 13.4043 12.476 8.59061 8.35772 10.096 8.35437 7.62074 8.15162 7.35453
threshold=1.0954968929290774 0.1965659633278847 0.31061333417892462 0.1722269877791405 0.37376695871353155 0.28369519114494329 0.05000004172325135 1.0000000180025095e-35 1.7756664752960207 0.53319412469863903 -0.98822414875030506 -0.27800711989402765 -0.99794265627861012 0.46270747482776647
decision_type=2 2 2 2 2 2 2 2 2 2 2 2 2 2
left_child=2 8 3 4 5 -1 -6 10 9 -2 -3 12 -4 -5
right_child=1 7 11 13 6 -7 -8 -9 -10 -11 -12 -13 -14 -15
leaf_value=0.0071605609140616925 -0.0056028408947244052 0.0033190207341490339 0.0075537686876266334 -0.0034742775731150897 0.0022060441524354374 -0.0074360905308413347 -0.0089200374922967559 0.007902997970300708 0.0072148067180934543 0.01092958897724618 -0.016449348054351602 0.0077924345388796839 -0.0091306515155841327 0.0063261088473127369
leaf_weight=275.30063985101879 186.29780034930445 10.023592487443237 19.576605968177319 418.62810257985257 209.53026160877198 34.779591861180961 75.812442895956337 3.8100250307470551 41.816976656205952 14.473893783986567 92.184254719060846 201.96282724011689 31.611338619142771 41.961070510558784
leaf_count=2083 3370 215 60 6185 1662 522 731 28 562 80 3969 950 228 301
internal_value=-7.87386e-05 -0.00530113 0.00133795 0.000231771 0.00230859 0.00526849 -0.000948686 -0.0126313 -0.00160417 -0.00380305 -0.0142562 0.00568587 -0.0023292 -0.00241702
internal_weight=1657.77 348.607 1309.16 1056.01 595.423 310.08 285.343 106.018 242.589 200.772 102.208 253.151 51.1879 460.589
internal_count=20946 8224 12722 11484 4998 2605 2393 4212 4012 3450 4184 1238 288 6486
is_linear=0
shrinkage=0.025


Tree=57
num_leaves=15
num_cat=0
split_feature=3 4 111 10 82 88 92 152 7 152 81 63 7 123
split_gain=19.9405 25.564 12.6747 11.5316 13.2835 11.8507 11.2142 10.9298 10.476 9.74565 8.34791 8.32964 7.55317 9.49069
threshold=0.20264933258295062 0.3114724606275559 0.92500004172325145 0.37376695871353155 -0.99999681115150441 0.22118356823921206 1.0000000180025095e-35 -0.048515481874346726 0.24866002798080447 -0.10437947139143942 0.0069021738599985847 0.12731393426656726 0.21138890087604525 0.025487391278147701
decision_type=2 2 2 2 2 2 2 2 2 2 2 2 2 2
left_child=2 3 8 4 -2 -6 9 -3 11 -5 -8 -1 -9 -14
right_child=1 7 -4 6 5 -7 10 12 -10 -11 -12 -13 13 -15
leaf_value=0.0018643524792576007 0.0080740654584442635 0.012096308661493705 -0.015128925745687938 0.0056451727688064217 -0.0021355679629755809 -0.015585578110558716 -0.0026914600825333011 -0.012526971275985531 -0.0074959442747531664 -0.0093616217652203598 0.0085487870809590489 0.0069985170633630085 0.0093436219459294232 -0.004925165318072397
leaf_weight=614.21199373761192 14.447607613168655 67.30362163670361 12.760086726397274 23.725932854693383 65.329376250272617 138.21916538546793 78.102171784965321 12.879504341632126 44.519080065190792 131.69692779373145 64.601554258959368 296.69901950657368 49.913250172976404 43.37572597200051
leaf_count=5519 81 395 130 345 1055 4181 1201 188 803 2931 784 2478 396 496
internal_value=0.000259893 -0.00295141 0.00256803 -0.00572607 -0.0099691 -0.011686 -0.00231748 0.00507287 0.00300203 -0.00675569 0.00258458 0.00361943 -4.99747e-05 0.00278528
internal_weight=1657.79 689.595 968.19 516.123 217.996 203.549 298.127 173.472 955.43 155.423 142.704 910.911 106.168 93.289
internal_count=20983 12053 8930 10578 5317 5236 5261 1475 8800 3276 1985 7997 1080 892
is_linear=0
shrinkage=0.025


Tree=58
num_leaves=15
num_cat=0
split_feature=26 3 4 5 107 85 36 61 152 76 83 104 154 68
split_gain=21.0069 13.2096 13.3765 9.31664 9.17753 9.97157 9.13923 7.76429 7.09866 9.54189 7.31859 6.57836 6.38028 6.33633
threshold=0.22396993637084964 0.20264933258295062 0.3354459702968598 0.98804292082786571 -0.1672483757138252 0.11531213298439981 0.69183480739593517 0.19366177171468738 -0.052406115457415574 0.23284431546926501 -0.002227663178928196 -0.77735266089439381 0.088842466473579421 1.1934150457382204
decision_type=2 2 2 2 2 2 2 2 2 2 2 2 2 2
left_child=1 8 4 13 5 -3 -6 -2 12 10 -10 -9 -1 -4
right_child=7 2 3 -5 6 -7 -8 11 9 -11 -12 -13 -14 -15
leaf_value=-0.0095025664081238512 0.0013668339011167771 0.0091479484494482941 0.0057335101568986553 0.0091076963258691444 -0.0093261184688468151 -0.0075607189945420192 0.0064608374343622377 -0.0017755974503803275 -0.0045990635980344063 -0.010953234291579144 0.0038949397270587566 0.0092432850804841961 0.0020648286371052829 -0.013970158180080515
leaf_weight=63.890690839849412 361.32899503270164 35.631277453154325 7.2037146193906691 54.128186753485352 335.7968053058139 29.864099719794467 15.396929888054727 34.746958051808178 63.317111704964191 22.72831803560257 397.64190424745902 178.68831910938025 40.627511443104595 13.9632136458531
leaf_count=869 2559 311 49 571 8341 767 241 200 985 256 4345 814 454 213
internal_value=-7.59376e-05 -0.00213236 -0.00510475 0.00400561 -0.00684618 0.00137693 -0.00840898 0.0037321 0.00038531 0.00170219 0.00261469 0.00739495 -0.00514932 -0.0072393
internal_weight=1654.95 1080.19 491.984 75.2951 416.689 65.4954 351.194 574.764 588.206 483.687 460.959 213.435 104.518 21.1669
internal_count=20975 17402 10493 833 9660 1078 8582 3573 6909 5586 5330 1014 1323 262
is_linear=0
shrinkage=0.025


Tree=59
num_leaves=15
num_cat=0
split_feature=26 86 61 77 154 152 142 155 121 79 152 78 125 137
split_gain=17.6536 12.8564 9.28933 9.02888 8.34575 8.05531 7.96317 8.2721 7.4473 6.02509 7.59015 6.97167 5.58174 5.36241
threshold=0.22396993637084964 0.62388765811920177 0.21283287554979327 -0.98315346240997303 -0.03260176628828048 -0.031696185469627373 -0.071753084659576402 0.33684463798999792 0.1050279662013054 -0.055941943079233163 -0.055128237232565873 0.19368621706962588 0.54386582970619213 0.071589242666959776
decision_type=2 2 2 2 2 2 2 2 2 2 2 2 2 2
left_child=1 3 13 4 12 -4 7 -3 -6 11 -11 -5 -1 -2
right_child=2 6 5 9 8 -7 -8 -9 -10 10 -12 -13 -14 -15
leaf_value=0.0029654308523034 0.0071333103696385181 -0.018769156005386617 0.013909311525741437 -0.0058310040262284334 0.0089452036417193171 0.0033865375891069683 0.0051989051150708237 0.0012114342044233471 -0.0075282769257880959 -0.0066213561650965954 0.0010944832233116817 0.0067123919584094766 -0.0087393372390974118 -0.00025279724665408092
leaf_weight=43.916090224403888 64.191748324781656 44.289439324173145 74.400982107967138 290.85115205089096 123.74549425533041 128.44966454431415 8.2432836047373694 13.540508774109183 9.5909319631755334 86.098762354347855 408.96238617703784 19.629284597467631 35.037461997941136 299.05916413385421
leaf_count=483 360 1604 293 5649 1178 662 252 419 149 1255 5695 224 452 2215
internal_value=0.000187122 -0.00167102 0.00372734 -0.000896711 0.00353992 0.00786554 -0.0114677 -0.0145076 0.0071505 -0.00211601 -0.000347711 -0.00477895 -0.00255912 0.0012055
internal_weight=1650.01 1083.9 566.102 1017.83 212.29 202.851 66.0732 57.8299 133.336 805.542 495.061 310.48 78.9536 363.251
internal_count=20890 17360 3530 15085 2262 955 2275 2023 1327 12823 6950 5873 935 2575
is_linear=0
shrinkage=0.025


Tree=60
num_leaves=15
num_cat=0
split_feature=85 6 6 32 126 7 103 7 61 88 121 36 104 72
split_gain=16.724 13.0952 12.7817 12.5168 11.7719 10.9336 13.6149 10.5056 10.3823 9.85794 8.65142 6.58901 5.87772 6.9043
threshold=0.4759515523910523 0.072744261473417296 0.07872412353754045 1.0000000180025095e-35 0.24381698668003085 0.21840749680995944 0.03680612891912461 0.24205724149942401 0.017538848333060745 0.11399557068943979 -0.040795387700200074 1.0000000180025095e-35 0.99819046258926403 -1.9379020929336546
decision_type=2 2 2 2 2 2 2 2 2 2 2 2 2 2
left_child=1 4 8 9 5 6 -1 -5 -3 -4 -10 -6 13 -2
right_child=12 2 3 7 11 -7 -8 -9 10 -11 -12 -13 -14 -15
leaf_value=0.0096115764897516803 0.0035211677392314846 -0.0032770693778018307 -0.0099438524974530575 0.0036377653136857578 -0.0064305180646860825 -0.013528734786279882 -0.010028680919584284 -0.0079291980287662933 0.00031842238546731622 -0.0010166525911115701 0.011330830208861078 0.01292844164186375 0.0055644603343258494 -0.017680201953690952
leaf_weight=32.036113896407187 6.2121649330947539 51.922615050105378 82.628011862747371 540.57519147731364 6.9050565955694791 88.108441760879941 32.164353807689622 42.011696793371812 64.873672174755484 468.54192148544826 156.11734281666577 19.931663141120225 3.1567691620439282 43.643203394021839
leaf_count=325 135 874 816 4718 92 2213 669 834 581 6408 1125 133 85 1907
internal_value=-2.77351e-05 0.000470661 0.00130211 0.000100247 -0.00566446 -0.00836226 -9.38805e-05 0.00263943 0.0060366 -0.00256053 0.0083346 0.00717767 -0.0124641 -0.0146657
internal_weight=1638.83 1585.82 1406.67 1133.76 179.146 152.309 64.2005 582.587 272.914 551.17 220.991 26.8367 53.0121 49.8554
internal_count=20915 18788 15356 12776 3432 3207 994 5552 2580 7224 1706 225 2127 2042
is_linear=0
shrinkage=0.025


Tree=61
num_leaves=15
num_cat=0
split_feature=17 10 109 5 137 88 7 5 65 15 10 67 2 154
split_gain=20.2807 18.394 9.6722 10.6378 8.84366 8.60715 8.184 6.84947 6.35271 6.14389 10.311 9.58222 7.92704 6.49252
threshold=1.0000000180025095e-35 0.47004804015159612 1.0000000180025095e-35 1.3000612854957583 0.24756716936826709 0.3850769847631455 0.24638342112302783 0.65032026171684276 0.40964829921722418 1.0000000180025095e-35 0.68351846933364879 0.4859121590852738 0.14471616595983508 -0.37858571112155909
decision_type=2 2 2 2 2 2 2 2 2 2 2 2 2 2
left_child=1 5 -3 4 -4 -1 9 -7 -8 13 11 -11 -12 -2
right_child=6 2 3 -5 -6 7 8 -9 -10 10 12 -13 -14 -15
leaf_value=-0.004548057711810727 -0.010617601314868476 -0.006144524440095998 0.010277754088427404 -0.0099913564070063972 -0.0032117991641026663 0.004165949976931778 -0.014051318763832397 -0.017426375314510325 -0.00079733435649254687 0 -0.011444940642584485 0.0086667127191635152 0.0093630379041933307 0.0014901396320934745
leaf_weight=117.63505719788373 16.763356686104089 76.917542999144644 97.26752025494352 16.985458777751774 33.804156308062375 4.6808663192205122 18.923571184277534 76.309068087022752 99.150585067924112 115.08879672735929 29.373421167954803 261.96539023332298 5.0373928472399703 665.1914425145369
leaf_count=2620 240 1788 1005 542 455 74 432 2996 1780 528 206 1126 11 7084
internal_value=0.00016238 -0.00446293 0.000432328 0.00413169 0.00673376 -0.00977568 0.00181775 -0.0156675 -0.00411797 0.00250778 0.00488455 0.00612365 -0.00649621 0.000996048
internal_weight=1635.09 423.6 224.975 148.057 131.072 198.625 1211.49 80.9899 118.074 1093.42 411.465 377.054 34.4108 681.955
internal_count=20887 9480 3790 2002 1460 5690 11407 3070 2212 9195 1871 1654 217 7324
is_linear=0
shrinkage=0.025


Tree=62
num_leaves=15
num_cat=0
split_feature=6 67 2 156 6 106 14 135 145 83 28 62 85 127
split_gain=20.8825 13.1432 12.4665 13.2125 11.7462 13.1824 11.2188 13.4869 9.2023 8.0921 8.02514 14.7962 11.3389 7.65994
threshold=0.072744261473417296 1.5682835578918459 0.14471616595983508 0.42920780181884771 0.07872412353754045 0.077375300228595748 0.31061333417892462 0.030217259190976623 0.099999994039535536 0.0083333249203860777 0.14931328594684604 1.2188612818717959 0.1890537962317467 0.16916033625602725
decision_type=2 2 2 2 2 2 2 2 2 2 2 2 2 2
left_child=1 2 3 -1 5 9 10 -8 -7 -2 12 -12 -6 -3
right_child=4 13 -4 -5 6 8 7 -9 -10 -11 11 -13 -14 -15
leaf_value=-0.017246970155470925 0.0096123937698231084 -0.003732127990783398 0.0076063613226464892 0.0022271637732624049 -0.00077222087189837273 -0.010940111762341609 0.0087650579023098325 -0.010207023318602265 0.0061067284898850428 -0.0076212657029498506 0.0058992704096269485 -0.0092513000944118157 -0.0093715063964162956 0.011708204588103647
leaf_weight=99.36156707839109 212.69012790312991 44.597622711327858 11.183173151686786 22.558642327319831 673.71521009365097 34.671111419564113 142.13688901811838 16.687843842431903 23.201610834337771 8.9086343876551819 199.76182355126366 37.989180693868548 101.21930253552273 19.061570844147354
leaf_count=2959 1712 873 92 493 7924 514 645 116 214 200 1838 565 2711 137
internal_value=0.000252666 -0.0071368 -0.0113184 -0.0136737 0.00131359 0.00580619 0.000183283 0.00612149 -0.00405195 0.00851015 -0.000796619 0.00310019 -0.00203709 0.00184968
internal_weight=1647.74 196.763 133.103 121.92 1450.98 279.471 1171.51 158.825 57.8727 221.599 1012.69 237.751 774.935 63.6592
internal_count=20993 4554 3544 3452 16439 2640 13799 761 728 1912 13038 2403 10635 1010
is_linear=0
shrinkage=0.025


Tree=63
num_leaves=15
num_cat=0
split_feature=26 3 10 107 68 156 86 10 107 3 2 106 86 7
split_gain=14.642 12.1717 18.5064 11.0868 11.2947 10.5789 9.74146 8.43877 12.7089 8.55639 8.34419 8.30371 7.56053 7.37957
threshold=0.37446653842926031 0.20264933258295062 0.37376695871353155 -0.10194275900721549 2.613284826278687 -0.22582961618900296 0.44158183038234716 0.68351846933364879 -0.099056467413902269 0.13888950645923617 0.14770677685737613 0.0073754778131842622 0.18971347808837893 0.24868746846914294
decision_type=2 2 2 2 2 2 2 2 2 2 2 2 2 2
left_child=1 7 5 6 -5 -3 -4 13 -9 -10 11 -2 -7 -1
right_child=10 2 3 4 -6 12 -8 8 9 -11 -12 -13 -14 -15
leaf_value=0.0023777836438134596 -0.0023899231437411869 -0.0008283702302489224 0.011465255653443291 -0.006038924799182159 0.0048606002751669496 -0.0008684617243506095 -0.0041155526008925282 -0.020643974811513852 -0.006384194693698577 0.0078947065171807024 0.01380117864257752 0.0071115004769849296 -0.015262776126710245 -0.008484035102639528
leaf_weight=634.89630334451795 101.49476555734873 69.12550306529738 62.812408556463197 197.74396791798063 71.433429154101759 31.280824609100819 28.719835658324882 14.966924317181109 53.973718232475221 31.381524715572596 43.332020223140717 105.01950828358531 128.14903237321414 29.537454567849636
leaf_count=6525 547 1493 666 3577 988 463 608 164 568 314 159 472 3722 595
internal_value=-0.000349554 -0.00139231 -0.00405775 -0.000425084 -0.00301799 -0.00943173 0.00654539 0.000676358 -0.00565702 -0.000680032 0.00505865 0.00250986 -0.01277 0.0017345
internal_weight=1603.87 1354.02 589.265 360.71 269.177 228.555 91.5322 764.756 100.322 85.3552 249.846 206.514 159.43 664.434
internal_count=20861 19683 11517 5839 4565 5678 1274 8166 1046 882 1178 1019 4185 7120
is_linear=0
shrinkage=0.025


Tree=64
num_leaves=15
num_cat=0
split_feature=5 85 78 119 72 14 69 52 72 154 22 140 105 22
split_gain=15.8021 15.1112 9.07695 10.4013 8.61648 7.80486 7.71032 7.63021 7.21883 8.68084 6.63681 6.05746 7.4657 6.35687
threshold=1.1447490453720095 0.16018391400575641 -0.0087720756419002992 0.44460210204124456 -1.3113680481910703 0.31061333417892462 0.99926975369453441 1.0000000180025095e-35 -1.7330973148345945 -0.20982794463634488 0.14931328594684604 0.13507032394409182 -0.66044083237647999 0.24964435398578647
decision_type=2 2 2 2 2 2 2 2 2 2 2 2 2 2
left_child=2 -2 3 11 -5 6 7 -4 -7 -10 -3 12 -1 -13
right_child=1 10 5 4 -6 8 -8 -9 9 -11 -12 13 -14 -15
leaf_value=-0.00011141764281739065 -0.00053639933017858913 -0.014974934544871248 -0.0029885440801353455 -0.0065340513220859932 0.012995012990865288 -0.0073051698870458806 0.0034953678480534062 0.0033981881444268324 -0.0036822872001987766 0.0095509201653609273 0.0005971405004989599 0.0087617099185569626 -0.011194433100964803 -0.0090300054036292834
leaf_weight=59.005501742940396 157.6361251513008 88.811127993685659 389.10815461329184 11.863150333985685 27.801404530182481 12.893826706334947 365.14136797236279 152.37676898157224 29.410027837380767 163.49345036502928 17.690936873666942 24.554742189589891 109.33478173566982 7.296536889858543
leaf_count=839 2460 4082 4587 164 166 92 3726 1263 172 690 396 287 1958 103
internal_value=-0.000274419 -0.00573229 0.000823536 -0.00345973 0.00675118 0.00178526 0.000738169 -0.00113399 0.00604593 0.00737489 -0.0124843 -0.00580914 -0.00764491 0.00304516
internal_weight=1616.42 264.138 1352.28 239.856 39.6646 1112.42 906.626 541.485 205.797 192.903 106.502 200.192 168.34 31.8513
internal_count=20985 6938 14047 3517 330 10530 9576 5850 954 862 4478 3187 2797 390
is_linear=0
shrinkage=0.025


Tree=65
num_leaves=15
num_cat=0
split_feature=5 87 78 124 76 153 25 7 123 77 155 83 85 64
split_gain=14.017 14.4866 10.0525 9.35773 12.0073 8.92387 7.9283 8.89563 12.7825 7.55073 6.79319 6.19245 5.96234 5.66901
threshold=1.100544333457947 0.049794618040323264 -0.0084992893971502764 -0.11697487160563468 -0.038740864023566239 0.12176180630922319 0.31061333417892462 0.21509028226137164 0.16490572690963748 0.16097161173820498 0.15101667493581775 -0.016619826667010781 0.14117410778999331 0.14249262958765033
decision_type=2 2 2 2 2 2 2 2 2 2 2 2 2 2
left_child=2 -2 3 12 9 -3 7 8 -4 -5 -6 -9 -1 -8
right_child=1 5 6 4 10 -7 13 11 -10 -11 -12 -13 -14 -15
leaf_value=0.011510700787968705 0.002114595390878337 -0.011481901366988345 -0.0078445147434612686 -0.0042585254996457753 -0.018188962052811487 -0.00021624237591659175 -0.0013993437727495301 0.011686339167728939 0.0073658824186970603 0.0089936896192661115 -0.0024165830864751789 0.0016652916103283592 -0.0051411100955030091 0.009753338111146849
leaf_weight=25.814342180266976 119.95652741193771 151.25858969945693 121.72935349005274 75.689149456098676 44.322618467733264 63.904083346482366 31.10281238052994 29.92187706194818 35.261497017927468 26.701217414811254 33.412856498733163 732.02480058767833 11.062133322004227 110.64061549678445
leaf_count=183 1315 5309 1400 1081 929 1465 152 188 209 312 480 7314 198 406
internal_value=-0.000179034 -0.00464364 0.00101459 -0.00373511 -0.00610045 -0.00837916 0.00202889 0.0011177 -0.00407371 -0.00011242 -0.0127786 0.00225007 0.00622395 0.00730659
internal_weight=1612.8 335.119 1277.68 217.002 180.126 215.163 1060.68 918.938 156.991 102.39 77.7355 761.947 36.8765 141.743
internal_count=20941 8089 12852 3183 2802 6774 9669 9111 1609 1393 1409 7502 381 558
is_linear=0
shrinkage=0.025


Tree=66
num_leaves=15
num_cat=0
split_feature=85 145 143 60 26 155 120 68 21 71 64 86 5 152
split_gain=20.5739 10.711 11.5086 8.21509 7.66586 8.26545 7.66528 7.66586 7.15328 6.94461 7.52179 6.55154 6.36855 6.24742
threshold=0.16266285628080371 -0.025000005960464474 -0.081666477024555192 0.00020963443967048081 0.31061333417892462 -0.220090277493 0.27681180834770208 1.6141985058784487 1.1040056347846987 1.6582842469215395 0.44747652113437658 0.093022737652063384 0.82060289382934581 0.00023427233099937442
decision_type=2 2 2 2 2 2 2 2 2 2 2 2 2 2
left_child=3 13 -3 6 -5 -6 12 8 -8 -4 -11 -7 -1 -2
right_child=1 2 9 4 5 11 7 -9 -10 10 -12 -13 -14 -15
leaf_value=0.0029274191884708055 -0.0047861634951933581 0.0084546196987715875 -0.016763249443085659 0.0010919469824686463 -0.001594733537119781 -0.00028848328633976475 -0.013133714239196856 0.0019989033077899717 0.0059737951720905602 0.0021138450061754448 -0.008575051832269566 0.011813912478478707 -0.0027627295550715584 -0.017582966444544223
leaf_weight=255.51696174219251 64.503558796364814 38.405227604322135 15.847993902279994 510.95494942646474 50.205713619478047 31.922007076442242 68.661533790640533 37.150455135852098 6.343901749700307 84.17463651439175 60.273609433788806 124.84170530363917 214.76937341643497 51.077152651268989
leaf_count=1677 1565 576 807 5953 246 131 1049 459 28 1912 1612 476 2924 1607
internal_value=-0.000339029 -0.00596067 -0.00211018 0.00105221 0.00282673 0.00675785 -0.00112698 -0.0066574 -0.0107729 -0.00512649 -0.00258201 0.00943014 0.000298851 -0.0116612
internal_weight=1614.65 314.282 198.701 1300.37 717.924 206.969 582.442 112.156 75.0054 160.296 144.448 156.764 470.286 115.581
internal_count=21022 8079 4907 12943 6806 853 6137 1536 1077 4331 3524 607 4601 3172
is_linear=0
shrinkage=0.025


Tree=67
num_leaves=15
num_cat=0
split_feature=5 87 26 25 20 21 88 119 117 87 16 2 88 5
split_gain=11.3352 15.3487 8.93575 6.68986 6.02751 8.63613 10.4577 7.44587 6.01639 5.22547 5.19007 4.74728 4.69883 4.69521
threshold=1.100544333457947 0.065379276871681227 1.0000000180025095e-35 0.37446653842926031 1.01499879360199 0.4769654124975205 0.17543853819370273 0.27543734014034277 0.028677083551883701 0.0027950853109359746 0.37446653842926031 -0.021914344280958172 0.27301299571990972 1.2331820130348208
decision_type=2 2 2 2 2 2 2 2 2 2 2 2 2 2
left_child=3 9 8 4 5 7 -7 -1 12 11 -5 -2 -3 -11
right_child=1 2 -4 10 -6 6 -8 -9 -10 13 -12 -13 -14 -15
leaf_value=-0.001940829664947347 -0.0033576952825046659 -0.003841060824845532 0.0095533539486869854 0.010544243949261539 0.0078931273297289991 6.0170365134780242e-05 -0.013907711166418608 0.0025312150470674834 0.0011476744350318851 -0.0036761196923990459 -0.00088014716668809103 0.015988910016027796 -0.014483592444316041 0.0053839979869089267
leaf_weight=340.00046573858708 4.950729412026706 52.866460973164067 6.2175014154054216 67.37000682298094 56.09535120241344 77.497037823311985 44.61844172142446 668.89900137204677 23.19443327607587 80.822514628060162 30.865757126361132 14.163607278838752 101.09160088165663 46.026348010636866
leaf_count=4780 68 1432 71 300 271 667 612 6180 567 1172 126 59 4139 536
internal_value=0.00015666 -0.00388945 -0.00849772 0.00122938 0.000663631 0.000215029 -0.00573795 0.00100679 -0.00976322 0.00202642 0.00713624 0.0112139 -0.0114464 -0.000117487
internal_weight=1614.68 329.333 183.37 1285.35 1187.11 1131.01 122.115 1008.9 177.152 145.963 98.2358 19.1143 153.958 126.849
internal_count=20980 8044 6209 12936 12510 12239 1279 10960 6138 1835 426 127 5571 1708
is_linear=0
shrinkage=0.025


Tree=68
num_leaves=15
num_cat=0
split_feature=86 66 15 124 142 142 125 61 125 3 121 17 82 137
split_gain=13.5173 10.7791 9.97547 11.3066 14.8876 10.8401 8.60445 8.58236 8.04495 7.79846 8.13253 7.81783 7.50196 7.29765
threshold=0.36261004209518438 0.035102365538477905 1.0000000180025095e-35 -0.0040060873143374911 -0.30970032513141627 -0.16031587123870847 0.49119676649570471 0.11294038966298105 0.70475816726684581 0.51329064369201671 0.099548600614070906 0.22396993637084964 -0.9685273766517638 0.70914772152900707
decision_type=2 2 2 2 2 2 2 2 2 2 2 2 2 2
left_child=2 -2 9 4 -4 -6 13 8 -8 10 11 -1 -11 -3
right_child=1 6 3 -5 5 -7 7 -9 -10 12 -12 -13 -14 -15
leaf_value=-0.0049956107829057499 -0.013796346828668241 -0.013524597250130541 0.011222224887317354 0.0078477905231265476 -0.011656667809817941 0.001741198272108376 0.0092883842525690232 -0.0042001184482521256 -0.0045060746445064392 -0.0033459601842789352 0.0051985365949603684 0.0001576473911504739 0.015951245570854002 0.0033327709920450248
leaf_weight=293.88004809943959 52.702037490671501 48.560316292569041 37.710785899311304 224.03951477631927 58.751845015212893 72.334424230270088 73.269259594380856 114.41002717753872 28.3126599653624 12.976547504775224 103.64000212633982 448.77612038422376 21.942371587734669 14.874029246624557
leaf_count=5318 1712 1458 127 1041 359 411 1032 1911 468 159 1169 5358 126 285
internal_value=-0.000112321 -0.00451929 0.00105825 0.00431005 -0.000525574 -0.00465026 -0.00223063 0.000238713 0.00526371 -0.000415808 -0.000966169 -0.00191202 0.00949196 -0.00950481
internal_weight=1606.18 332.128 1274.05 392.837 168.797 131.086 279.426 215.992 101.582 881.215 846.296 742.656 34.9189 63.4343
internal_count=20934 6866 14068 1938 897 770 5154 3411 1500 12130 11845 10676 285 1743
is_linear=0
shrinkage=0.025


Tree=69
num_leaves=15
num_cat=0
split_feature=6 77 4 3 64 86 141 75 151 75 136 63 141 103
split_gain=15.2061 11.5698 13.6713 13.5319 9.93666 10.9642 9.86671 9.22055 10.2311 10.0093 10.7726 8.86421 8.17761 7.18452
threshold=0.053240738809108741 -0.98203182220458973 0.3114724606275559 0.1722269877791405 0.38760273158550268 0.21125888079404834 -0.12242980301380156 -0.21839043498039243 -0.092357937246561037 0.18913473933935168 0.29938423633575445 0.22836975008249286 0.082963481545448317 0.014210598077625038
decision_type=2 2 2 2 2 2 2 2 2 2 2 2 2 2
left_child=11 7 3 12 5 -4 -5 8 -2 13 -11 -1 -3 -9
right_child=1 2 4 6 -6 -7 -8 9 -10 10 -12 -13 -14 -15
leaf_value=-0.015415592637055414 0.0056722288019269845 -0.00083498895782786525 0.00010363285608909709 0.0029101478940640399 -0.00099661906136364726 0.013926257537061414 -0.0073261286202037194 -0.0038261696891575821 -0.011965425372519177 -0.015208030633677247 0.0040064769624911954 0.0010890453033781994 0.0069832285735035825 0.0098341067975409539
leaf_weight=48.076400228368584 28.474068559706211 447.46537750540301 61.219833690673113 63.142683661310002 112.87109887925908 82.106742471456528 311.16107422951609 19.161147026345134 30.61482406174764 14.736823323648421 45.430482685565948 26.45462152082473 89.96293449960649 218.98054272541776
leaf_count=1565 254 4774 516 998 1003 591 7195 159 378 214 386 553 705 1659
internal_value=0.000114409 0.000695132 -0.000510003 -0.00195724 0.0044508 0.00856674 -0.00553022 0.00455583 -0.00376748 0.00632672 -0.00227278 -0.0100742 0.000574928 0.00855419
internal_weight=1599.86 1525.33 1167.93 911.732 256.198 143.327 374.304 357.398 59.0889 298.309 60.1673 74.531 537.428 238.142
internal_count=20950 18832 15782 13672 2110 1107 8193 3050 632 2418 600 2118 5479 1818
is_linear=0
shrinkage=0.025


Tree=70
num_leaves=15
num_cat=0
split_feature=26 88 119 1 7 151 64 68 68 66 28 142 14 124
split_gain=10.0159 9.95809 9.01908 7.09701 7.30818 7.98594 6.91247 13.3976 10.3832 4.77595 7.91227 10.9285 11.4599 7.03791
threshold=0.22396993637084964 0.17433373630046847 0.23821425437927249 -0.17030187696218488 0.24638342112302783 -0.012594584841281174 0.81479710340499889 2.9184179306030278 2.5507456064224248 0.42435827851295477 1.0000000180025095e-35 -0.19981932640075681 0.42514967918396002 0.095563039183616652
decision_type=2 2 2 2 2 2 2 2 2 2 2 2 2 2
left_child=1 3 -3 -1 5 -5 8 -8 -4 10 -2 13 -13 -12
right_child=9 2 6 4 -6 -7 7 -9 -10 -11 11 12 -14 -15
leaf_value=-0.010986247495100427 -0.0023749574647150594 -0.0099968590550669218 -0.0016003505902222707 -0.00023903420795036071 -0.00443902854426932 0.0077286796523649455 -0.013419091409316485 0.00073759719201282751 0.010246920095711662 0.0057377034936525063 -0.0098365427487388073 0.012896033082926632 -0.0039733045802923207 0.0073581864027521295
leaf_weight=13.448492912109939 195.71222912939265 92.995851217536256 392.988904986938 133.53442738670856 62.751419833861291 167.25723809748888 70.1403409257764 79.451236927416176 40.146214643726125 197.50754489284009 32.842918890528381 85.715162995271385 26.199645176529884 11.132988808676599
leaf_count=233 1542 2772 6740 1542 1287 1699 1473 1128 463 1166 242 394 134 42
internal_value=2.30996e-05 -0.00139378 -0.00319636 0.00180396 0.00264633 0.00427804 -0.00191026 -0.00632641 -0.00022754 0.00273344 0.000877795 0.00491377 0.00884365 -0.00461596
internal_weight=1601.82 1052.71 675.723 376.992 363.543 300.792 582.727 149.592 433.135 549.11 351.603 155.891 111.915 43.9759
internal_count=20857 17337 12576 4761 4528 3241 9804 2601 7203 3520 2354 812 528 284
is_linear=0
shrinkage=0.025


Tree=71
num_leaves=15
num_cat=0
split_feature=6 60 4 10 15 85 77 126 117 142 119 86 141 1
split_gain=14.085 12.7973 11.8821 10.8373 11.4913 10.2286 8.54266 7.57238 7.3441 6.98246 6.89733 6.82394 6.39322 7.34624
threshold=0.072744261473417296 0.00026021126541309064 0.14931328594684604 0.47004804015159612 1.0000000180025095e-35 0.18695191293954852 0.36542434990406042 0.24381698668003085 0.023469969630241398 -0.14208666980266568 0.36731715500354772 0.1419898867607117 0.082657132297754302 0.1060876101255417
decision_type=2 2 2 2 2 2 2 2 2 2 2 2 2 2
left_child=1 -1 5 4 11 12 -5 -3 -7 -8 -6 -4 13 -2
right_child=2 7 3 6 10 8 9 -9 -10 -11 -12 -13 -14 -15
leaf_value=-0.015329737874773272 -0.0041682064721685549 -0.0045827509418662543 0.0020687856674874673 0.00325728099668267 0.0076762776762676014 -0.013454260728902753 0.00049410202808203361 0.009208600662447523 0.0016279835756568706 0.018057469822694152 -0.0086752629823161134 -0.0047161805109971547 0.0043572379494967485 0.0044237904664585579
leaf_weight=59.457898416090757 294.92808253318071 106.18102061853278 131.61709291115403 272.59089835791383 121.16316628828645 65.864080596948043 22.229200871195644 19.454578116070479 22.13335932418704 41.369944945443422 7.5892898105084887 250.24679189710878 98.934414393268526 66.227462477982044
leaf_count=1949 2748 2383 1435 2817 571 1846 291 169 423 326 35 4503 717 743
internal_value=-0.000577342 -0.00683621 0.00029551 0.00214856 -0.000143384 -0.00252986 0.00555051 -0.00173968 -0.0097956 0.0131369 0.00596619 -0.00235409 -0.000900062 -0.00246754
internal_weight=1579.99 185.093 1394.89 846.806 510.616 548.087 336.19 125.636 87.9974 63.5991 128.752 381.864 460.09 361.156
internal_count=20956 4501 16455 9978 6544 6477 3434 2552 2269 617 606 5938 4208 3491
is_linear=0
shrinkage=0.025


Tree=72
num_leaves=15
num_cat=0
split_feature=17 5 137 88 108 66 70 77 128 78 7 1 107 83
split_gain=15.1797 14.1949 11.1644 12.2214 9.08643 10.6321 10.259 8.96898 9.05297 8.78438 6.79192 7.14074 6.71353 6.50633
threshold=0.31061333417892462 1.1500378251075747 0.17715755850076678 0.064419522881507887 0.65789303183555614 0.10947726294398309 1.8098425865173342 -0.98822414875030506 0.79999998211860668 -0.16403088718652722 0.24638342112302783 -0.35846148431301111 -0.20854943245649335 -0.01968880649656057
decision_type=2 2 2 2 2 2 2 2 2 2 2 2 2 2
left_child=1 4 3 -2 5 -1 -7 8 -3 -6 11 -4 -13 -11
right_child=2 7 10 -5 9 6 -8 -9 -10 13 -12 12 -14 -15
leaf_value=-0.011807272293355483 0.0096324029822718246 -0.0096430206328606757 -0.010064725563418454 -0.0049849049839823956 -0.013880980680286731 0.010076969315080437 -0.005553587634508389 -0.009974064365197377 0.011046097207335417 0.0089903058485630225 -0.0031217815340418343 -0.0093084304377179013 0.0073490777113263094 0.00072159017804362036
leaf_weight=71.259171107783914 33.481417644768953 10.141111802775415 5.4472620189189902 154.58608018793166 11.460376678500323 31.155434015206993 54.700293452944607 163.17104875890072 21.285999560495839 56.145642247982323 45.409177405759692 5.1950740516185752 383.53801814001054 533.09605409787036
leaf_count=1386 159 252 94 1584 227 344 1033 5530 243 509 885 56 2910 5636
internal_value=7.43462e-05 -0.00189884 0.00306749 -0.00189846 -0.000293291 -0.00543189 0.000530884 -0.00771059 0.00326232 0.00111038 0.00521372 0.00626859 0.0068232 0.00169397
internal_weight=1580.07 952.415 627.657 188.067 757.817 157.115 85.8557 194.598 31.4271 600.702 439.59 394.18 388.733 589.242
internal_count=20848 15160 5688 1743 9135 2763 1377 6025 495 6372 3945 3060 2966 6145
is_linear=0
shrinkage=0.025


Tree=73
num_leaves=15
num_cat=0
split_feature=85 125 13 2 18 107 107 77 2 86 72 104 72 63
split_gain=10.9342 10.3964 10.0346 8.40095 7.8117 7.46977 8.71535 8.21659 7.03885 5.98454 5.79547 5.37461 5.25465 4.44713
threshold=0.053880957886576659 0.44860774278640753 0.22396993637084964 -0.16555944085121152 0.31061333417892462 0.024387214332818988 0.28752397000789648 -0.13106524199247357 -0.62104937434196461 0.27781015634536749 -1.0698771476745603 0.99517175555229198 -0.90598154067993153 0.254258543252945
decision_type=2 2 2 2 2 2 2 2 2 2 2 2 2 2
left_child=11 2 9 4 8 7 -7 -5 -3 10 -2 -1 13 -13
right_child=1 3 -4 5 -6 6 -8 -9 -10 -11 -12 12 -14 -15
leaf_value=0.0029855962645446523 3.9173230249887989e-05 0.0048037735821179232 0.0050538771257361646 0.00027809212140524298 0.0040004617494757665 -0.0047549016347875296 0.0065032601277069391 0.0097282130769950383 -0.014951210601855114 -0.012738618278408284 -0.0088538116922583978 -0.018230959233294073 0.0031259732324121891 0.0017632543766641397
leaf_weight=802.63060396863148 97.325410231482238 7.0522300223819903 40.009985315613449 118.77852961258031 21.85535191022791 136.39192783506587 48.33574940636754 106.32892877468839 41.268588566919789 74.493418938131072 69.959095916710794 10.105090599507095 15.003688741009681 5.7930076103657475
leaf_count=5353 1986 228 353 1839 408 2448 559 1494 1515 2859 1584 120 85 35
internal_value=0.000584473 -0.0015579 -0.0052685 0.000670345 -0.00662565 0.00210221 -0.00152856 0.00506099 -0.0114787 -0.00718413 -0.00395387 0.00255158 -0.00611188 -0.0128727
internal_weight=1595.33 761.799 281.788 480.011 70.1762 409.835 184.728 225.107 48.3208 241.778 167.285 833.532 30.9018 15.8981
internal_count=20866 15273 6782 8491 2151 6340 3007 3333 1743 6429 3570 5593 240 155
is_linear=0
shrinkage=0.025


Tree=74
num_leaves=15
num_cat=0
split_feature=17 26 111 18 102 112 88 6 27 68 141 119 79 153
split_gain=16.5753 9.09743 10.5522 8.12738 8.6273 8.45156 7.80027 9.19648 11.2 9.73388 6.46986 5.08763 4.36133 4.23129
threshold=1.0000000180025095e-35 0.50316895544528972 0.71250000596046459 0.22396993637084964 0.3354459702968598 0.064982548356056227 0.064419522881507887 0.13370372354984286 0.46715016663074499 3.3320747613906865 -0.1098310276865959 0.33045490086078649 -0.44165818393230433 -0.23993128538131711
decision_type=2 2 2 2 2 2 2 2 2 2 2 2 2 2
left_child=1 2 13 5 -5 -4 -2 8 9 -8 -9 -10 -12 -1
right_child=6 -3 3 4 -6 -7 7 10 11 -11 12 -13 -14 -15
leaf_value=0.0038529538277901373 0.0093594139541678615 0.011538391979484282 -0.0097989597227178 -0.0047430972512257745 0.0077797295050282302 0.00036261390171754831 -0.00058213335327078012 0.0062745437065500238 0.010079660514645254 0.0098457398045293659 0.0038914994377194458 -0.0048441849310477481 -0.013364599606534603 -0.015240704782320404
leaf_weight=2.2024352955631903 51.84023592621088 8.6796267395839077 134.17343215068104 55.255986833479255 58.129828264471143 73.8624297096394 905.00407635816373 7.1739544114097944 92.760379210114479 47.569611859507859 4.1186175178736439 8.0729022547602636 48.010849436745048 65.871483852621168
leaf_count=34 257 44 3306 1415 980 1531 9769 51 415 304 22 53 550 2204
internal_value=-0.000652932 -0.00498106 -0.00571418 -0.00348545 0.00170745 -0.0063113 0.000851999 0.000348901 0.000937576 4.16643e-05 -0.00833042 0.00838593 -0.0113333 -0.013982
internal_weight=1562.73 398.175 389.496 321.422 113.386 208.036 1164.55 1112.71 1053.41 952.574 59.3034 100.833 52.1295 68.0739
internal_count=20935 9514 9470 7232 2395 4837 11421 11164 10541 10073 623 468 572 2238
is_linear=0
shrinkage=0.025


end of trees

feature_importances:
Column_5=45
Column_6=45
Column_10=43
Column_26=38
Column_3=36
Column_85=36
Column_4=30
Column_78=28
Column_87=26
Column_125=25
Column_7=24
Column_17=22
Column_61=19
Column_2=18
Column_119=18
Column_1=17
Column_15=16
Column_77=16
Column_88=16
Column_107=16
Column_142=16
Column_152=15
Column_86=14
Column_18=13
Column_79=13
Column_82=13
Column_141=13
Column_154=13
Column_62=12
Column_16=11
Column_83=11
Column_108=11
Column_117=11
Column_151=11
Column_22=10
Column_64=10
Column_72=10
Column_111=10
Column_28=9
Column_66=9
Column_104=9
Column_153=9
Column_155=9
Column_14=8
Column_81=8
Column_121=8
Column_140=8
Column_36=7
Column_67=7
Column_68=7
Column_136=7
Column_137=7
Column_60=6
Column_71=6
Column_91=6
Column_109=6
Column_120=6
Column_122=6
Column_128=6
Column_143=6
Column_63=5
Column_69=5
Column_102=5
Column_103=5
Column_105=5
Column_106=5
Column_110=5
Column_123=5
Column_124=5
Column_126=5
Column_32=4
Column_76=4
Column_84=4
Column_112=4
Column_135=4
Column_145=4
Column_156=4
Column_20=3
Column_21=3
Column_25=3
Column_27=3
Column_38=3
Column_52=3
Column_53=3
Column_70=3
Column_75=3
Column_92=3
Column_118=3
Column_127=3
Column_13=2
Column_31=2
Column_35=2
Column_65=2
Column_73=2
Column_74=2
Column_80=2
Column_23=1
Column_37=1
Column_39=1
Column_57=1
Column_58=1
Column_94=1
Column_101=1
Column_129=1
Column_138=1
Column_139=1
Column_144=1

parameters:
[boosting: gbdt]
[objective: lambdarank]
[metric: ndcg]
[tree_learner: serial]
[device_type: cpu]
[data_sample_strategy: bagging]
[data: ]
[valid: ]
[num_iterations: 400]
[learning_rate: 0.025]
[num_leaves: 15]
[num_threads: 10]
[seed: 20260824]
[deterministic: 0]
[force_col_wise: 0]
[force_row_wise: 0]
[histogram_pool_size: -1]
[max_depth: 5]
[min_data_in_leaf: 25]
[min_sum_hessian_in_leaf: 0.001]
[bagging_fraction: 0.85]
[pos_bagging_fraction: 1]
[neg_bagging_fraction: 1]
[bagging_freq: 1]
[bagging_seed: 4565]
[bagging_by_query: 0]
[feature_fraction: 0.8]
[feature_fraction_bynode: 1]
[feature_fraction_seed: 12274]
[extra_trees: 0]
[extra_seed: 23975]
[early_stopping_round: 0]
[early_stopping_min_delta: 0]
[first_metric_only: 0]
[max_delta_step: 0]
[lambda_l1: 0.5]
[lambda_l2: 12]
[linear_lambda: 0]
[min_gain_to_split: 0]
[drop_rate: 0.1]
[max_drop: 50]
[skip_drop: 0.5]
[xgboost_dart_mode: 0]
[uniform_drop: 0]
[drop_seed: 11764]
[top_rate: 0.2]
[other_rate: 0.1]
[min_data_per_group: 100]
[max_cat_threshold: 32]
[cat_l2: 10]
[cat_smooth: 10]
[max_cat_to_onehot: 4]
[top_k: 20]
[monotone_constraints: ]
[monotone_constraints_method: basic]
[monotone_penalty: 0]
[feature_contri: ]
[forcedsplits_filename: ]
[refit_decay_rate: 0.9]
[cegb_tradeoff: 1]
[cegb_penalty_split: 0]
[cegb_penalty_feature_lazy: ]
[cegb_penalty_feature_coupled: ]
[path_smooth: 0]
[interaction_constraints: ]
[verbosity: -1]
[saved_feature_importance_type: 0]
[use_quantized_grad: 0]
[num_grad_quant_bins: 4]
[quant_train_renew_leaf: 0]
[stochastic_rounding: 1]
[linear_tree: 0]
[max_bin: 255]
[max_bin_by_feature: ]
[min_data_in_bin: 3]
[bin_construct_sample_cnt: 200000]
[data_random_seed: 4772]
[is_enable_sparse: 1]
[enable_bundle: 1]
[use_missing: 1]
[zero_as_missing: 0]
[feature_pre_filter: 1]
[pre_partition: 0]
[two_round: 0]
[header: 0]
[label_column: ]
[weight_column: ]
[group_column: ]
[ignore_column: ]
[categorical_feature: ]
[forcedbins_filename: ]
[precise_float_parser: 0]
[parser_config_file: ]
[objective_seed: 31899]
[num_class: 1]
[is_unbalance: 0]
[scale_pos_weight: 1]
[sigmoid: 1]
[boost_from_average: 1]
[reg_sqrt: 0]
[alpha: 0.9]
[fair_c: 1]
[poisson_max_delta_step: 0.7]
[tweedie_variance_power: 1.5]
[lambdarank_truncation_level: 30]
[lambdarank_norm: 1]
[label_gain: 0,1,3,7,15]
[lambdarank_position_bias_regularization: 0]
[eval_at: 1,3,5]
[multi_error_top_k: 1]
[auc_mu_weights: ]
[num_machines: 1]
[local_listen_port: 12400]
[time_out: 120]
[machine_list_filename: ]
[machines: ]
[gpu_platform_id: -1]
[gpu_device_id: -1]
[gpu_device_id_list: ]
[gpu_use_dp: 0]
[num_gpu: 1]

end of parameters

pandas_categorical:null
