{"type":"FeatureCollection","name":"Horn context; Ethiopia boundary from geoBoundaries gbOpen, neighbors from Natural Earth 1:10m","features":[{"type":"Feature","properties":{"name":"South Sudan","ISO3166-1-Alpha-3":"SSD","ISO3166-1-Alpha-2":"SS"},"geometry":{"type":"Polygon","coordinates":[[[35.920835,4.619332],[35.856536,4.619603],[35.781222,4.619922],[35.778439,4.678338],[35.739402,4.681127],[35.711518,4.661608],[35.705939,4.619962],[35.705846,4.619447],[35.705812,4.61926],[35.700365,4.589111],[35.61214,4.619497],[35.610641,4.620014],[35.610201,4.620812],[35.562607,4.707137],[35.52218,4.780461],[35.570836,4.904313],[35.49564,4.926429],[35.396117,4.926429],[35.433715,5.003836],[35.411598,5.030376],[35.333563,4.987281],[35.263419,4.948545],[35.245726,4.98172],[35.176189,4.955564],[35.094298,4.924761],[35.00272,4.890314],[34.920829,4.859511],[34.844751,4.830895],[34.763589,4.800366],[34.666277,4.76498],[34.598159,4.73092],[34.529156,4.696419],[34.459674,4.660609],[34.381188,4.620158],[34.280109,4.520061],[34.179133,4.419912],[34.078157,4.319841],[33.977078,4.219692],[33.896049,4.138353],[33.813677,4.056033],[33.701901,3.944076],[33.606196,3.848087],[33.532609,3.774293],[33.527716,3.771431],[33.490648,3.749746],[33.447343,3.744372],[33.286526,3.752537],[33.19542,3.757059],[33.164466,3.763053],[33.143486,3.774086],[33.01724,3.87718],[32.997241,3.885526],[32.979568,3.879196],[32.9189,3.83416],[32.840352,3.794291],[32.756429,3.769022],[32.599281,3.756283],[32.415571,3.741297],[32.371801,3.731065],[32.187782,3.61916],[32.175948,3.605595],[32.174863,3.59265],[32.179203,3.556864],[32.178997,3.541361],[32.175929,3.527234],[32.174552,3.520897],[32.16799,3.512242],[32.155846,3.511776],[32.093007,3.524463],[32.076161,3.53317],[32.060864,3.548958],[32.054226,3.559572],[32.041537,3.57986],[32.030168,3.585932],[32.022236,3.58642],[31.943662,3.591255],[31.93002,3.59836],[31.923095,3.615284],[31.920046,3.661302],[31.916274,3.680267],[31.901908,3.704297],[31.830697,3.783879],[31.80703,3.803722],[31.801107,3.806472],[31.780985,3.815815],[31.777884,3.816435],[31.775714,3.810699],[31.696132,3.721273],[31.68683,3.712824],[31.668537,3.70502],[31.564771,3.689802],[31.547201,3.680991],[31.535522,3.666444],[31.53452,3.665563],[31.523739,3.656083],[31.505446,3.659855],[31.377702,3.729308],[31.29502,3.774189],[31.255745,3.786669],[31.214818,3.792354],[31.167585,3.792405],[31.141489,3.785119],[31.104408,3.756175],[31.077668,3.735303],[31.068677,3.731737],[31.04966,3.727991],[31.040358,3.724218],[31.009559,3.699775],[30.995968,3.693522],[30.985788,3.692127],[30.965996,3.692618],[30.955505,3.689001],[30.944447,3.679286],[30.939382,3.668408],[30.936282,3.656858],[30.931734,3.645102],[30.865692,3.548958],[30.843781,3.505911],[30.839543,3.490202],[30.827658,3.511105],[30.837683,3.562678],[30.823214,3.580429],[30.792105,3.592702],[30.779082,3.602598],[30.772261,3.617558],[30.76916,3.651845],[30.765129,3.661716],[30.746939,3.674867],[30.731333,3.663498],[30.714642,3.64381],[30.693351,3.63195],[30.665394,3.632053],[30.653767,3.630606],[30.636455,3.624095],[30.604932,3.60668],[30.592427,3.603528],[30.572635,3.601047],[30.562248,3.601358],[30.553463,3.60451],[30.543024,3.612907],[30.543438,3.617868],[30.549329,3.624095],[30.55491,3.636394],[30.562248,3.675332],[30.562868,3.694866],[30.53889,3.84155],[30.525247,3.867543],[30.515532,3.87085],[30.505507,3.869765],[30.495482,3.867078],[30.48587,3.865579],[30.465716,3.866096],[30.456828,3.867595],[30.418949,3.879713],[30.33792,3.927875],[30.270948,3.94945],[30.205887,3.95038],[30.189351,3.95609],[30.182116,3.965521],[30.180462,3.97565],[30.180359,3.986218],[30.178085,3.997096],[30.171574,4.00818],[30.147493,4.036654],[30.138501,4.059702],[30.133023,4.082801],[30.122688,4.102464],[30.099795,4.115099],[30.057782,4.123651],[30.0429,4.133108],[30.027913,4.15445],[30.004762,4.19928],[29.989363,4.21778],[29.966005,4.23181],[29.954171,4.233825],[29.942647,4.233774],[29.932157,4.236151],[29.924147,4.245582],[29.923217,4.257752],[29.929315,4.268371],[29.93686,4.278319],[29.940115,4.288344],[29.930348,4.308653],[29.908489,4.329194],[29.882703,4.344025],[29.860689,4.347281],[29.814852,4.346764],[29.787825,4.368804],[29.776198,4.405624],[29.776766,4.449342],[29.785654,4.479366],[29.786998,4.489675],[29.785448,4.498564],[29.778523,4.5151],[29.777696,4.523859],[29.783691,4.533833],[29.788295,4.539366],[29.793302,4.545383],[29.796713,4.556028],[29.784621,4.563288],[29.774492,4.5675],[29.751755,4.581272],[29.74514,4.583907],[29.722919,4.578197],[29.715323,4.57967],[29.700802,4.5883],[29.671863,4.613983],[29.660287,4.622122],[29.618533,4.641578],[29.606751,4.643904],[29.576675,4.644446],[29.546392,4.657365],[29.535024,4.660699],[29.528822,4.659872],[29.513268,4.652146],[29.508462,4.65535],[29.498127,4.665608],[29.494096,4.668295],[29.472599,4.672197],[29.457612,4.669535],[29.449241,4.657055],[29.44676,4.622122],[29.44366,4.604707],[29.44459,4.594475],[29.44273,4.583442],[29.423919,4.566053],[29.417305,4.555485],[29.410897,4.532283],[29.402629,4.512077],[29.390226,4.493758],[29.33886,4.449549],[29.328938,4.434924],[29.318706,4.411076],[29.303927,4.387149],[29.28739,4.383584],[29.267443,4.387873],[29.242845,4.387356],[29.23158,4.375548],[29.228686,4.356712],[29.221296,4.340692],[29.19613,4.337075],[29.173495,4.348004],[29.10983,4.412367],[29.098564,4.420532],[29.058877,4.437689],[29.055983,4.4365],[29.053193,4.450789],[29.042341,4.455336],[28.994075,4.487453],[28.98622,4.495928],[28.925552,4.480813],[28.903641,4.478591],[28.856202,4.482467],[28.825713,4.478384],[28.815274,4.478281],[28.789953,4.48859],[28.785095,4.507995],[28.783648,4.530371],[28.769179,4.549775],[28.755433,4.553987],[28.746855,4.54931],[28.738173,4.540887],[28.72453,4.533988],[28.704067,4.533988],[28.695178,4.532593],[28.653734,4.452701],[28.638644,4.432082],[28.623658,4.422367],[28.58242,4.412626],[28.570535,4.405107],[28.566711,4.394126],[28.564282,4.382602],[28.557306,4.373533],[28.54821,4.37082],[28.538495,4.371827],[28.52878,4.373843],[28.519272,4.374411],[28.496844,4.369011],[28.482426,4.358986],[28.443927,4.308498],[28.425427,4.290824],[28.404137,4.277828],[28.381502,4.275296],[28.357421,4.282866],[28.349101,4.292349],[28.345846,4.306379],[28.336854,4.327489],[28.303161,4.352242],[28.261045,4.350382],[28.216965,4.342036],[28.177587,4.347229],[28.158725,4.360794],[28.140225,4.37932],[28.112371,4.414641],[28.108341,4.433994],[28.101726,4.442133],[28.085551,4.443322],[28.076301,4.437689],[28.059765,4.420067],[28.04974,4.419137],[28.019044,4.462752],[28.014186,4.472209],[28.011241,4.480141],[28.009587,4.488383],[28.008915,4.499081],[28.012119,4.521766],[28.01708,4.539052],[28.014031,4.550033],[27.96251,4.557449],[27.951244,4.55595],[27.944526,4.557294],[27.934294,4.568172],[27.92923,4.569981],[27.920342,4.565278],[27.916104,4.562152],[27.917861,4.560756],[27.917035,4.558431],[27.916414,4.553573],[27.914037,4.54931],[27.907939,4.54869],[27.89099,4.555847],[27.885512,4.556674],[27.856935,4.552462],[27.849132,4.553212],[27.83766,4.559981],[27.819469,4.579567],[27.809238,4.58799],[27.801383,4.590574],[27.776888,4.595741],[27.772444,4.595819],[27.765209,4.612071],[27.760765,4.635997],[27.758801,4.677157],[27.766863,4.735449],[27.763142,4.757101],[27.759215,4.766273],[27.7526,4.777668],[27.744229,4.787848],[27.734823,4.793197],[27.725832,4.792784],[27.706505,4.787435],[27.699063,4.787435],[27.685938,4.797899],[27.679736,4.814488],[27.671882,4.855906],[27.658756,4.879652],[27.640979,4.890943],[27.552716,4.900529],[27.532562,4.907583],[27.514578,4.92244],[27.509204,4.932439],[27.505018,4.953859],[27.501349,4.96329],[27.492823,4.973031],[27.461558,4.99688],[27.45453,4.999799],[27.447864,5.003468],[27.441818,5.007964],[27.43634,5.013158],[27.443058,5.05778],[27.441301,5.070725],[27.431173,5.083618],[27.402131,5.104496],[27.385801,5.143847],[27.358516,5.166766],[27.30131,5.205187],[27.280898,5.23056],[27.264465,5.260145],[27.2378,5.32319],[27.233665,5.33828],[27.228239,5.387605],[27.220126,5.413082],[27.218059,5.42551],[27.220126,5.440883],[27.260744,5.550257],[27.258884,5.559972],[27.261054,5.577593],[27.257127,5.586068],[27.247515,5.592605],[27.240073,5.591985],[27.234596,5.588833],[27.231082,5.587593],[27.227309,5.586714],[27.222607,5.584363],[27.217336,5.585397],[27.211341,5.594879],[27.210669,5.601623],[27.215165,5.616144],[27.216716,5.633456],[27.219196,5.639993],[27.218369,5.645315],[27.201109,5.656968],[27.196407,5.661464],[27.194288,5.667304],[27.193823,5.676321],[27.190774,5.691824],[27.182351,5.707456],[27.170413,5.72035],[27.156254,5.727481],[27.136307,5.734018],[27.131449,5.741459],[27.130933,5.752131],[27.123801,5.768745],[27.11481,5.775282],[27.072745,5.791224],[27.063547,5.790862],[27.045356,5.784919],[27.036055,5.785126],[27.029543,5.78988],[27.021999,5.805099],[27.003499,5.819284],[26.99182,5.847706],[26.981071,5.859204],[26.937456,5.848507],[26.916475,5.849644],[26.903763,5.866982],[26.894255,5.889667],[26.882059,5.891941],[26.865316,5.885973],[26.842165,5.884267],[26.81891,5.894628],[26.810849,5.912379],[26.805061,5.957183],[26.794364,5.970489],[26.776329,5.981884],[26.705016,6.009789],[26.634322,6.006482],[26.602179,6.010616],[26.543578,6.030847],[26.527972,6.043172],[26.51805,6.061156],[26.509885,6.082679],[26.498827,6.099836],[26.48105,6.104951],[26.440639,6.076995],[26.424826,6.072447],[26.421312,6.09366],[26.42927,6.113091],[26.4456,6.130221],[26.46534,6.144303],[26.48353,6.154457],[26.500067,6.167971],[26.509472,6.186394],[26.508955,6.205462],[26.495829,6.221146],[26.4795,6.225073],[26.464927,6.224402],[26.455625,6.230474],[26.455315,6.254451],[26.452008,6.28029],[26.436195,6.29171],[26.394647,6.300547],[26.375837,6.312587],[26.351755,6.344368],[26.335219,6.360595],[26.315789,6.371576],[26.300699,6.377829],[26.28964,6.387208],[26.282819,6.407853],[26.285093,6.425888],[26.290674,6.444672],[26.289124,6.459426],[26.27021,6.465653],[26.277031,6.477358],[26.286436,6.484179],[26.296462,6.489527],[26.30504,6.496917],[26.324367,6.537199],[26.356096,6.579496],[26.372323,6.609804],[26.379867,6.619778],[26.379224,6.631362],[26.378007,6.65329],[26.329741,6.680575],[26.270623,6.702486],[26.236207,6.72003],[26.219464,6.737523],[26.178743,6.765919],[26.147634,6.804702],[26.131821,6.81173],[26.113734,6.816458],[26.091203,6.830334],[26.080971,6.842348],[26.077354,6.85333],[26.0757,6.864647],[26.071566,6.877462],[26.071152,6.88356],[26.073116,6.88971],[26.073633,6.895136],[26.069189,6.899063],[26.063401,6.899063],[26.05689,6.89741],[26.050585,6.896686],[26.045418,6.899683],[26.035806,6.922266],[26.032292,6.974097],[26.026091,6.99668],[25.981132,7.000297],[25.969453,7.003553],[25.966766,7.009857],[25.966249,7.017454],[25.960461,7.024482],[25.950436,7.028564],[25.930386,7.03151],[25.920257,7.034145],[25.888735,7.05187],[25.884084,7.061069],[25.881707,7.079827],[25.877469,7.087734],[25.860726,7.095537],[25.815767,7.099774],[25.800781,7.104942],[25.791686,7.121117],[25.791583,7.134398],[25.786209,7.142666],[25.7613,7.143751],[25.750242,7.146542],[25.734429,7.162406],[25.724507,7.166695],[25.705077,7.166385],[25.697015,7.168607],[25.672727,7.187831],[25.65402,7.195376],[25.592422,7.211241],[25.576609,7.219819],[25.53165,7.260695],[25.516768,7.269945],[25.500335,7.272787],[25.481163,7.266173],[25.455118,7.278213],[25.416154,7.307772],[25.360033,7.335574],[25.346804,7.345031],[25.335952,7.359604],[25.330577,7.374125],[25.32417,7.402908],[25.316211,7.417223],[25.3097,7.422029],[25.292957,7.427196],[25.285102,7.431589],[25.279211,7.438358],[25.269599,7.454223],[25.263295,7.461044],[25.249962,7.469984],[25.190431,7.501197],[25.169037,7.551168],[25.164593,7.567343],[25.165213,7.5799],[25.186504,7.600106],[25.252546,7.62243],[25.274974,7.641964],[25.279418,7.659482],[25.276421,7.674261],[25.270633,7.688162],[25.266809,7.703097],[25.270633,7.746143],[25.269909,7.760768],[25.264535,7.777718],[25.249652,7.804331],[25.23942,7.835957],[25.229705,7.851615],[25.216889,7.864069],[25.191568,7.872389],[25.18547,7.877918],[25.180509,7.884016],[25.173171,7.888564],[25.148573,7.892594],[25.134414,7.892543],[25.103408,7.885773],[25.089559,7.884895],[25.059173,7.896108],[25.029304,7.918846],[24.981245,7.972331],[24.972666,7.976982],[24.964812,7.982615],[24.958094,7.989178],[24.952616,7.996567],[24.950549,8.014396],[24.930085,8.035454],[24.927811,8.070956],[24.917993,8.087027],[24.832107,8.16573],[24.800171,8.180277],[24.742293,8.18684],[24.710564,8.204307],[24.69041,8.206632],[24.670876,8.206839],[24.614859,8.217148],[24.544682,8.206115],[24.51285,8.207149],[24.481327,8.226657],[24.471508,8.22893],[24.464274,8.233194],[24.458899,8.239757],[24.454869,8.248671],[24.431097,8.271408],[24.396578,8.267817],[24.332085,8.245725],[24.326814,8.248567],[24.310278,8.261564],[24.302733,8.26544],[24.295498,8.266525],[24.281029,8.266525],[24.263186,8.268505],[24.257051,8.269186],[24.222428,8.277196],[24.206615,8.283268],[24.17995,8.297712],[24.152872,8.317891],[24.131374,8.343058],[24.121556,8.372307],[24.125173,8.404889],[24.137162,8.438866],[24.193179,8.532426],[24.203204,8.543459],[24.243719,8.570176],[24.25054,8.579632],[24.245579,8.591802],[24.218397,8.613041],[24.211266,8.627071],[24.21509,8.64136],[24.233487,8.667767],[24.235761,8.682003],[24.217674,8.691512],[24.180467,8.690711],[24.170328,8.689327],[24.174782,8.695646],[24.176953,8.709857],[24.182999,8.717919],[24.240566,8.761534],[24.270849,8.775719],[24.380093,8.844216],[24.402882,8.848893],[24.493833,8.858349],[24.542874,8.874653],[24.552795,8.880079],[24.558377,8.886746],[24.558377,8.993354],[24.559307,8.999865],[24.565353,9.014851],[24.655993,9.167297],[24.659869,9.176986],[24.660954,9.182283],[24.680178,9.373357],[24.686999,9.391366],[24.694957,9.402916],[24.723948,9.429219],[24.785236,9.497509],[24.792522,9.520402],[24.794383,9.532184],[24.792677,9.798369],[24.796398,9.818859],[24.799809,9.825215],[24.803685,9.829169],[24.807302,9.830047],[24.816759,9.830745],[24.827611,9.832683],[24.836292,9.836636],[24.844819,9.841674],[24.879287,9.869915],[24.913859,9.890715],[24.926933,9.90521],[24.954373,9.942237],[24.967861,9.955957],[24.976284,9.967351],[24.984965,9.985593],[24.990702,10.00306],[25.016901,10.056752],[25.027754,10.086155],[25.028994,10.092047],[25.029304,10.098248],[25.028684,10.103906],[25.025583,10.114164],[25.017367,10.133],[25.015816,10.138039],[25.013646,10.149072],[25.014421,10.157366],[25.017057,10.168011],[25.067028,10.27493],[25.07695,10.286867],[25.084081,10.293223],[25.090282,10.295755],[25.105992,10.300354],[25.120564,10.30609],[25.131261,10.308287],[25.156893,10.306245],[25.168365,10.308132],[25.19255,10.317433],[25.198286,10.317588],[25.209965,10.316116],[25.216631,10.316968],[25.225623,10.320611],[25.232754,10.322317],[25.239575,10.323014],[25.251512,10.320999],[25.25699,10.319216],[25.267067,10.314798],[25.272803,10.313015],[25.278694,10.312007],[25.28474,10.311852],[25.290166,10.313093],[25.299778,10.316658],[25.305359,10.317123],[25.316211,10.315573],[25.321999,10.315651],[25.327425,10.316581],[25.346029,10.325262],[25.351145,10.326813],[25.362927,10.32813],[25.369335,10.328208],[25.381272,10.329448],[25.391504,10.332652],[25.400961,10.336993],[25.415844,10.342031],[25.427212,10.344124],[25.439305,10.345209],[25.479509,10.343814],[25.490826,10.345597],[25.503383,10.349163],[25.506484,10.349628],[25.58033,10.375311],[25.623324,10.385853],[25.629061,10.386706],[25.661358,10.387016],[25.684148,10.390685],[25.699961,10.395026],[25.705748,10.395956],[25.745901,10.394405],[25.753962,10.395336],[25.762799,10.397739],[25.78378,10.407893],[25.82848,10.419546],[25.839332,10.420554],[25.843053,10.417815],[25.886512,10.364304],[25.891628,10.355984],[25.893644,10.351333],[25.894884,10.34583],[25.90093,10.191059],[25.902791,10.185529],[25.905426,10.181266],[25.911937,10.174212],[25.919689,10.167856],[25.955707,10.146901],[25.9709,10.140312],[25.998082,10.132458],[26.000872,10.131062],[26.007229,10.125998],[26.010794,10.122691],[26.016685,10.114862],[26.076423,10.01771],[26.088206,10.002827],[26.102313,9.988163],[26.102623,9.987841],[26.179466,9.95898],[26.368163,9.739717],[26.556859,9.520454],[26.600887,9.49198],[26.625744,9.480663],[26.683621,9.476012],[26.694318,9.476942],[27.080393,9.606831],[27.33924,9.612799],[27.385129,9.60479],[27.528066,9.605358],[27.609301,9.595178],[27.615089,9.595798],[27.635915,9.601379],[27.641496,9.601947],[27.769602,9.583318],[27.868355,9.588511],[27.884788,9.591379],[27.895072,9.59541],[27.997076,9.38493],[28.04511,9.331407],[28.44383,9.327981],[28.84255,9.324556],[28.843841,9.324545],[28.831489,9.349248],[28.827372,9.38493],[28.828745,9.427474],[28.84933,9.465901],[28.913833,9.529031],[28.989476,9.58709],[29.009474,9.603239],[29.132258,9.667731],[29.252354,9.711165],[29.483089,9.761679],[29.567321,9.841364],[29.613882,9.914461],[29.615432,10.058147],[29.64587,10.081711],[29.700957,10.115017],[29.967814,10.243329],[30.012979,10.270485],[30.248779,10.121257],[30.484578,9.972028],[30.749265,9.735763],[30.765284,9.724291],[30.779082,9.719873],[30.793035,9.728012],[30.804817,9.738942],[30.824092,9.746176],[30.83696,9.749354],[30.94991,9.752446],[30.950234,9.752455],[31.164382,9.764005],[31.234817,9.792323],[31.449816,10.003279],[31.664816,10.214236],[31.774215,10.348775],[31.801965,10.376241],[31.864184,10.472127],[31.929865,10.636923],[31.942887,10.655552],[32.17848,10.853202],[32.414073,11.050851],[32.430713,11.082193],[32.435363,11.107023],[32.364153,11.240013],[32.348754,11.30758],[32.345705,11.41163],[32.359812,11.573481],[32.354852,11.675774],[32.352991,11.687376],[32.34834,11.703163],[32.34524,11.709106],[32.082207,11.999811],[32.414434,12.001271],[32.746662,12.002731],[32.748213,12.026812],[32.747592,12.039525],[32.745577,12.051126],[32.73302,12.085982],[32.725733,12.132336],[32.725268,12.145255],[32.726198,12.157941],[32.730074,12.181893],[32.730384,12.194864],[32.729712,12.201065],[32.728524,12.206853],[32.728834,12.211917],[32.731779,12.216155],[33.209218,12.210367],[33.203017,12.128098],[33.144984,11.934673],[33.146018,11.81866],[33.132427,11.686213],[33.129016,11.67549],[33.115994,11.646939],[33.104573,11.630583],[33.091447,11.614796],[33.087727,11.608853],[33.083231,11.599164],[33.082921,11.584565],[33.132504,11.213903],[33.182088,10.843241],[33.178367,10.824534],[33.174646,10.812287],[33.14824,10.766036],[33.141418,10.750818],[33.140023,10.739036],[33.15072,10.730974],[33.370603,10.650901],[33.3813,10.645785],[33.389827,10.639248],[33.468995,10.543905],[33.685545,10.367973],[33.902096,10.192041],[33.916978,10.174522],[33.961782,10.064038],[33.966794,10.047269],[33.968345,10.020811],[33.96726,10.000269],[33.956097,9.933994],[33.959818,9.904203],[33.96726,9.884514],[33.973254,9.861776],[33.973254,9.854852],[33.972376,9.848883],[33.96912,9.838341],[33.904886,9.7107],[33.883905,9.619853],[33.877704,9.543424],[33.881425,9.499215],[33.888711,9.470818],[33.892019,9.464281],[33.894809,9.459475],[33.897755,9.456582],[33.900855,9.45529],[34.070698,9.454592],[34.083096,9.205117],[34.097473,8.915836],[34.11185,8.626555],[34.107251,8.601531],[34.103169,8.579322],[34.090249,8.556507],[34.069579,8.533615],[33.970774,8.445377],[33.95031,8.433207],[33.931706,8.428143],[33.875172,8.427936],[33.840859,8.423983],[33.824116,8.419487],[33.808096,8.412614],[33.797658,8.405612],[33.756213,8.370136],[33.751872,8.368793],[33.74102,8.367087],[33.695545,8.372875],[33.671309,8.400289],[33.651672,8.434499],[33.620407,8.460699],[33.600099,8.463955],[33.585371,8.458115],[33.57116,8.450131],[33.552143,8.446824],[33.537053,8.453206],[33.521964,8.465324],[33.505117,8.474884],[33.484757,8.474006],[33.490338,8.466513],[33.489924,8.462921],[33.480519,8.45765],[33.413133,8.449718],[33.400162,8.452638],[33.392101,8.451862],[33.384608,8.448013],[33.370862,8.437393],[33.361353,8.434293],[33.25273,8.458167],[33.23516,8.455635],[33.206427,8.430572],[33.207358,8.426593],[33.210355,8.420779],[33.202913,8.414113],[33.187824,8.411038],[33.174078,8.404475],[33.16953,8.397421],[33.167877,8.389722],[33.16798,8.372823],[33.166843,8.368276],[33.161882,8.361506],[33.161159,8.356106],[33.163329,8.352954],[33.172321,8.34652],[33.174078,8.343058],[33.171804,8.330888],[33.163123,8.312052],[33.161159,8.304585],[33.164363,8.292777],[33.171391,8.283113],[33.178419,8.275672],[33.185757,8.26451],[33.194852,8.259239],[33.208288,8.253683],[33.206893,8.240738],[33.199865,8.235519],[33.190511,8.232419],[33.181623,8.225726],[33.173975,8.21459],[33.169944,8.205495],[33.16829,8.195392],[33.16798,8.181362],[33.171081,8.175962],[33.184723,8.166247],[33.187824,8.160898],[33.185137,8.14108],[33.177282,8.127102],[33.164776,8.117051],[33.147516,8.109067],[33.117544,8.104158],[33.11341,8.099093],[33.111343,8.090644],[33.106589,8.08049],[33.100594,8.071033],[33.043853,8.013465],[33.031141,7.996309],[33.026077,7.986284],[33.021633,7.965251],[33.016775,7.958327],[33.012021,7.953314],[33.007569,7.944058],[33.006801,7.942462],[32.993572,7.928148],[32.9898,7.917244],[33.015018,7.850633],[33.023493,7.835078],[33.040753,7.824846],[33.044629,7.816423],[33.047677,7.807277],[33.051295,7.801127],[33.058323,7.797975],[33.085401,7.794978],[33.107519,7.785211],[33.120851,7.783299],[33.126949,7.791567],[33.132117,7.793944],[33.164518,7.801127],[33.172941,7.799628],[33.201467,7.788156],[33.233919,7.783195],[33.242394,7.780715],[33.257794,7.767434],[33.273503,7.749192],[33.29159,7.733069],[33.347142,7.718961],[33.359803,7.719272],[33.384401,7.735446],[33.393289,7.739735],[33.436491,7.748572],[33.462329,7.749502],[33.479537,7.743146],[33.488477,7.73617],[33.506823,7.73095],[33.516796,7.726093],[33.526511,7.717101],[33.540361,7.698911],[33.550851,7.691315],[33.572297,7.685217],[33.637202,7.691315],[33.647744,7.688627],[33.675029,7.670851],[33.706552,7.661859],[33.71606,7.657156],[33.729445,7.642119],[33.761071,7.598142],[33.811507,7.560987],[33.821429,7.558403],[33.842099,7.555922],[33.852538,7.553545],[33.882407,7.536079],[34.006534,7.409936],[34.02369,7.382445],[34.030615,7.3487],[34.031132,7.255372],[34.033612,7.250256],[34.04002,7.247259],[34.085909,7.211499],[34.113194,7.177548],[34.132417,7.163388],[34.151124,7.167471],[34.167764,7.175377],[34.181407,7.167212],[34.190915,7.149539],[34.195773,7.129023],[34.195773,7.09774],[34.195773,7.086959],[34.198253,7.064376],[34.206005,7.054506],[34.213756,7.051974],[34.219957,7.046134],[34.229879,7.03337],[34.270807,7.003398],[34.275665,6.997403],[34.280729,6.980092],[34.287653,6.975286],[34.294475,6.972237],[34.297575,6.968568],[34.439169,6.934875],[34.503661,6.89002],[34.512343,6.876842],[34.519061,6.861649],[34.523298,6.844183],[34.524745,6.824572],[34.522575,6.821781],[34.513273,6.815296],[34.511102,6.814314],[34.512136,6.808268],[34.516683,6.798062],[34.517924,6.793824],[34.524745,6.752871],[34.53632,6.743078],[34.553994,6.739254],[34.596679,6.739202],[34.618486,6.736541],[34.635539,6.729823],[34.703545,6.684916],[34.709643,6.674012],[34.714501,6.655667],[34.726593,6.641947],[34.733518,6.637606],[34.743543,6.596808],[34.753878,6.556423],[34.776099,6.499449],[34.784264,6.44183],[34.792739,6.421676],[34.832633,6.353541],[34.839041,6.327599],[34.839764,6.268688],[34.844725,6.248689],[34.879969,6.187634],[34.898882,6.13867],[34.915522,6.119705],[34.934436,6.102368],[34.951489,6.08118],[34.959447,6.061724],[34.967964,6.008131],[34.969782,5.996689],[34.95924,5.975502],[34.955726,5.964211],[34.955313,5.952558],[34.960377,5.941706],[34.97681,5.924032],[34.979911,5.912844],[34.977741,5.898659],[34.974537,5.887239],[34.972676,5.876257],[34.974433,5.863106],[34.984355,5.841014],[35.06528,5.726447],[35.079543,5.699782],[35.088225,5.64175],[35.098663,5.622474],[35.143312,5.58966],[35.22341,5.542996],[35.261961,5.511887],[35.269299,5.491785],[35.27364,5.479873],[35.267645,5.468556],[35.258964,5.458143],[35.251832,5.447369],[35.250695,5.435147],[35.254623,5.425923],[35.287489,5.374092],[35.302372,5.357374],[35.320769,5.348719],[35.344953,5.352362],[35.367484,5.368046],[35.408205,5.412565],[35.430219,5.427215],[35.448203,5.430755],[35.469287,5.430755],[35.490164,5.428042],[35.508044,5.423417],[35.530782,5.410084],[35.57388,5.375332],[35.598168,5.368743],[35.621939,5.373782],[35.639819,5.382076],[35.658319,5.386417],[35.683641,5.379595],[35.749373,5.339158],[35.80415,5.318023],[35.809111,5.309109],[35.782033,5.26986],[35.775315,5.24658],[35.778415,5.22715],[35.798259,5.189271],[35.807147,5.165267],[35.807354,5.144674],[35.799189,5.124624],[35.760949,5.076332],[35.755884,5.063439],[35.751647,4.854356],[35.760018,4.805728],[35.784513,4.764181],[35.920835,4.619332]]]}},{"type":"Feature","properties":{"name":"Somalia","ISO3166-1-Alpha-3":"SOM","ISO3166-1-Alpha-2":"SO"},"geometry":{"type":"Polygon","coordinates":[[[46.466963,6.538292],[46.488046,6.558645],[46.508406,6.578308],[46.55321,6.621457],[46.598065,6.664633],[46.618425,6.684244],[46.667001,6.731115],[46.715577,6.777985],[46.764101,6.824882],[46.812729,6.871675],[46.861408,6.918597],[46.909984,6.965467],[46.95856,7.012286],[47.007032,7.059208],[47.055608,7.106079],[47.104287,7.153001],[47.152863,7.19982],[47.201439,7.246691],[47.250118,7.293509],[47.298797,7.34038],[47.347373,7.387302],[47.395949,7.434173],[47.444525,7.481043],[47.493101,7.527914],[47.532388,7.565864],[47.541676,7.574836],[47.590252,7.621655],[47.638932,7.668525],[47.687507,7.715396],[47.736032,7.762215],[47.784659,7.809137],[47.833183,7.855956],[47.881811,7.902826],[47.930593,7.949697],[47.979169,7.996567],[48.039114,8.087492],[48.099058,8.17852],[48.159003,8.269419],[48.219155,8.360318],[48.279099,8.451165],[48.339147,8.54209],[48.399299,8.633118],[48.459243,8.723887],[48.519188,8.814915],[48.579184,8.90584],[48.639336,8.996661],[48.699229,9.087689],[48.759225,9.178511],[48.819325,9.269384],[48.879114,9.360308],[48.939111,9.451233],[48.939111,9.562701],[48.939111,9.563603],[48.939111,9.676],[48.939111,9.788422],[48.939111,9.900715],[48.939111,10.013033],[48.939111,10.12543],[48.939111,10.2378],[48.939111,10.350119],[48.939111,10.462567],[48.939111,10.574937],[48.939111,10.687333],[48.939111,10.7996],[48.939111,10.912022],[48.939111,11.024367],[48.939111,11.136737],[48.939112,11.24913],[48.976817,11.25141],[49.108409,11.276597],[49.239594,11.300279],[49.278087,11.316962],[49.293305,11.337958],[49.303477,11.345445],[49.315929,11.340522],[49.32545,11.33511],[49.335704,11.334621],[49.400076,11.340522],[49.4192,11.344794],[49.435069,11.35106],[49.488617,11.381741],[49.507335,11.385199],[49.521739,11.393785],[49.544444,11.436713],[49.558604,11.453518],[49.576834,11.460028],[49.59962,11.461737],[49.644542,11.460354],[49.650076,11.462144],[49.666026,11.471137],[49.675304,11.473944],[49.686778,11.474351],[49.716319,11.46776],[49.804861,11.458401],[49.851248,11.464911],[49.880707,11.488227],[49.88852,11.487291],[49.906423,11.498725],[49.917979,11.501899],[49.921886,11.503852],[49.934418,11.512885],[49.942149,11.51557],[49.949474,11.51496],[49.956309,11.512519],[49.961111,11.509955],[49.962657,11.508734],[50.053884,11.511379],[50.07252,11.508734],[50.131521,11.539944],[50.151134,11.557929],[50.161876,11.563381],[50.197602,11.562649],[50.206554,11.566799],[50.214366,11.572659],[50.225434,11.578111],[50.268321,11.589301],[50.28891,11.602444],[50.372325,11.668931],[50.418142,11.678046],[50.437022,11.690619],[50.470388,11.727851],[50.500824,11.754828],[50.512706,11.771226],[50.517589,11.79267],[50.518891,11.815253],[50.52296,11.837958],[50.52947,11.859524],[50.538585,11.878648],[50.561209,11.907904],[50.575938,11.920966],[50.589854,11.926459],[50.602061,11.927965],[50.627452,11.940131],[50.632091,11.946763],[50.636485,11.951606],[50.641124,11.954413],[50.647146,11.954047],[50.655935,11.948432],[50.661469,11.947577],[50.682953,11.953355],[50.724864,11.971137],[50.761567,11.978746],[50.771983,11.985785],[50.797864,11.989119],[50.867055,11.942891],[50.970083,11.932323],[51.029307,11.885077],[51.048839,11.878648],[51.127696,11.878648],[51.147227,11.873603],[51.181163,11.855373],[51.199718,11.851304],[51.222911,11.850775],[51.247081,11.847561],[51.267345,11.839423],[51.292698,11.833108],[51.277354,11.800605],[51.266381,11.759286],[51.249359,11.728775],[51.255708,11.681655],[51.247801,11.652391],[51.22954,11.635897],[51.212529,11.607947],[51.181245,11.578829],[51.148123,11.536038],[51.124766,11.511786],[51.12086,11.505316],[51.121918,11.494127],[51.126638,11.478827],[51.127696,11.470893],[51.125011,11.447984],[51.118419,11.426256],[51.086192,11.357164],[51.081309,11.341498],[51.079356,11.275946],[51.07252,11.233791],[51.085948,11.187974],[51.130945,11.160752],[51.17444,11.158764],[51.189504,11.138306],[51.164399,11.116767],[51.142263,11.068427],[51.131358,11.052883],[51.12379,11.038764],[51.118337,11.016913],[51.115082,10.993354],[51.124522,10.85456],[51.138194,10.676744],[51.160655,10.598456],[51.154307,10.587714],[51.131358,10.58393],[51.107432,10.576565],[51.101899,10.55858],[51.107188,10.515041],[51.102224,10.494696],[51.092296,10.482164],[51.076915,10.475816],[51.055675,10.474066],[51.035818,10.467515],[51.018321,10.452094],[51.010102,10.434027],[51.018403,10.41942],[51.038097,10.416083],[51.19044,10.446112],[51.200938,10.44477],[51.211925,10.44184],[51.220388,10.442043],[51.223888,10.449856],[51.219574,10.461005],[51.210216,10.467108],[51.200857,10.471503],[51.196544,10.477444],[51.195811,10.500312],[51.193044,10.521186],[51.186778,10.541571],[51.176117,10.562812],[51.191742,10.548977],[51.20734,10.538096],[51.220647,10.524928],[51.237966,10.515024],[51.24662,10.50909],[51.257942,10.503801],[51.280556,10.48733],[51.292532,10.480075],[51.3112,10.476055],[51.325879,10.47268],[51.335871,10.474614],[51.345875,10.480494],[51.35721,10.48374],[51.377856,10.48169],[51.395173,10.479023],[51.403077,10.456707],[51.417038,10.447485],[51.410965,10.429814],[51.397509,10.395793],[51.38502,10.391506],[51.380154,10.387339],[51.372569,10.381415],[51.37608,10.367693],[51.367419,10.367726],[51.349458,10.375002],[51.336131,10.374395],[51.320079,10.378485],[51.300831,10.372566],[51.272873,10.377905],[51.265391,10.396877],[51.26295,10.408596],[51.256602,10.420315],[51.240977,10.425605],[51.090099,10.407313],[51.017125,10.381916],[50.927389,10.327844],[50.90988,10.295635],[50.901703,10.234442],[50.912814,10.176853],[50.8838,10.101264],[50.888682,10.05565],[50.900401,10.024075],[50.901703,10.011664],[50.89975,10.000718],[50.890798,9.986029],[50.877696,9.916653],[50.881196,9.905463],[50.86964,9.884467],[50.863129,9.866034],[50.854015,9.816107],[50.840587,9.779771],[50.833263,9.768785],[50.838634,9.740912],[50.836925,9.73078],[50.831716,9.712063],[50.824474,9.651068],[50.806163,9.624457],[50.805512,9.59394],[50.812999,9.541164],[50.836762,9.477037],[50.840343,9.456122],[50.837413,9.437201],[50.830333,9.419623],[50.768321,9.319281],[50.748302,9.303534],[50.706309,9.285712],[50.689464,9.274848],[50.676768,9.259182],[50.646983,9.211371],[50.641124,9.196357],[50.649181,9.132514],[50.648448,9.110419],[50.633637,9.073188],[50.604503,9.037909],[50.494884,8.951972],[50.464122,8.920559],[50.439708,8.88817],[50.422048,8.857123],[50.40797,8.816352],[50.389822,8.733547],[50.374278,8.698879],[50.326508,8.641099],[50.319591,8.620347],[50.322602,8.55976],[50.319591,8.541815],[50.303477,8.504584],[50.290212,8.486762],[50.274913,8.479153],[50.256196,8.472561],[50.246104,8.456448],[50.239106,8.436347],[50.230154,8.41767],[50.166026,8.33336],[50.156423,8.320624],[50.141368,8.287991],[50.113048,8.19953],[50.091075,8.161038],[50.058279,8.130316],[49.929373,8.051744],[49.842052,7.962714],[49.824229,7.933905],[49.812511,7.897528],[49.803233,7.82689],[49.808604,7.815009],[49.823416,7.805325],[49.827647,7.782904],[49.825043,7.757758],[49.819347,7.739936],[49.790782,7.69953],[49.760916,7.667304],[49.752208,7.650295],[49.748302,7.606635],[49.744151,7.589057],[49.640798,7.409125],[49.586599,7.314765],[49.520518,7.239651],[49.367035,7.025702],[49.293224,6.880927],[49.247325,6.810614],[49.197927,6.67357],[49.074718,6.415269],[49.072032,6.393297],[49.074067,6.370795],[49.083507,6.329047],[49.085623,6.307359],[49.0713,6.219916],[49.036143,6.144232],[48.951491,5.99872],[48.850108,5.824449],[48.695811,5.587348],[48.646739,5.480048],[48.620128,5.443996],[48.548106,5.375067],[48.448009,5.208726],[48.328868,5.079657],[48.202403,4.908922],[48.055675,4.612942],[47.948497,4.457099],[47.840587,4.341376],[47.577973,4.059882],[47.489268,3.936347],[47.335623,3.778754],[47.206716,3.644599],[47.039806,3.469265],[47.01295,3.441067],[46.834239,3.232489],[46.700043,3.113267],[46.625743,3.023912],[46.487804,2.90884],[46.414317,2.833441],[46.351573,2.788642],[46.34962,2.780178],[46.3449,2.770087],[46.339203,2.761705],[46.334483,2.758246],[46.317638,2.751899],[46.307628,2.736029],[46.299815,2.715766],[46.289399,2.696234],[46.275401,2.685858],[46.236501,2.667629],[46.142345,2.568915],[46.13087,2.554023],[46.114513,2.523261],[46.104991,2.510565],[46.062999,2.484036],[46.047618,2.455064],[46.027029,2.438137],[45.826345,2.308824],[45.711925,2.24433],[45.605642,2.183051],[45.266205,1.987291],[45.232188,1.967678],[45.210704,1.963121],[45.199718,1.959621],[45.001475,1.86636],[44.831554,1.749701],[44.823985,1.740302],[44.812185,1.735582],[44.67628,1.6376],[44.550059,1.559068],[44.332774,1.38996],[44.221365,1.275621],[44.198416,1.265692],[44.157888,1.24079],[44.145518,1.22956],[44.1421,1.221381],[44.139659,1.211168],[44.138031,1.191596],[44.133962,1.187567],[44.115001,1.182034],[44.11085,1.17829],[44.10377,1.168362],[44.032888,1.09748],[44.012543,1.084215],[43.990977,1.078599],[43.97877,1.068671],[43.932628,1.009833],[43.819835,0.949449],[43.781912,0.921617],[43.734223,0.854967],[43.717296,0.845282],[43.703461,0.840522],[43.658946,0.804918],[43.467621,0.620551],[43.285492,0.414984],[43.184906,0.31627],[43.09018,0.223375],[42.891124,0.003079],[42.770274,-0.129327],[42.712087,-0.17669],[42.647797,-0.228936],[42.580333,-0.29754],[42.555919,-0.332127],[42.553559,-0.34238],[42.553966,-0.351251],[42.550792,-0.357599],[42.526622,-0.362726],[42.519298,-0.369317],[42.479747,-0.422052],[42.474457,-0.438653],[42.486501,-0.449395],[42.47641,-0.465997],[42.47283,-0.469903],[42.472911,-0.4638],[42.472423,-0.458673],[42.47047,-0.454034],[42.465994,-0.449395],[42.412608,-0.490981],[42.404552,-0.500909],[42.39796,-0.517348],[42.38266,-0.535252],[42.349864,-0.565606],[42.250255,-0.685642],[42.246755,-0.694268],[42.246755,-0.701918],[42.245291,-0.707452],[42.236339,-0.709568],[42.232595,-0.713067],[42.192231,-0.776137],[42.166515,-0.802667],[42.151622,-0.813897],[42.135509,-0.82171],[42.116466,-0.826267],[42.086599,-0.825616],[42.071544,-0.828709],[42.062511,-0.839288],[42.081716,-0.843438],[42.080903,-0.862888],[42.071951,-0.884454],[42.065684,-0.894464],[42.051443,-0.902032],[42.036957,-0.920017],[42.025564,-0.941583],[42.020844,-0.960056],[42.016368,-0.968032],[41.983165,-0.994073],[41.971934,-0.99977],[41.967947,-0.992852],[41.963634,-0.95086],[41.964692,-0.911554],[41.958832,-0.894464],[41.95281,-0.894464],[41.955414,-0.909601],[41.952403,-0.920831],[41.94752,-0.930841],[41.94516,-0.942966],[41.946462,-0.954767],[41.951427,-0.969415],[41.95281,-0.980401],[41.955577,-0.992934],[41.96225,-0.998956],[41.969249,-1.003188],[41.973155,-1.011163],[41.97169,-1.023614],[41.961436,-1.044122],[41.958832,-1.055841],[41.953461,-1.068617],[41.930024,-1.089939],[41.924653,-1.097101],[41.923025,-1.110121],[41.918305,-1.121026],[41.911632,-1.130955],[41.873871,-1.176039],[41.869477,-1.186212],[41.872895,-1.195489],[41.880707,-1.19492],[41.890147,-1.189386],[41.897472,-1.183201],[41.885427,-1.209649],[41.862804,-1.212335],[41.84197,-1.196954],[41.835297,-1.168878],[41.829112,-1.168878],[41.830251,-1.189223],[41.84197,-1.224867],[41.842784,-1.24391],[41.836599,-1.262302],[41.73227,-1.431085],[41.708751,-1.460056],[41.689708,-1.489516],[41.65211,-1.565118],[41.633311,-1.580336],[41.610606,-1.593194],[41.575043,-1.652602],[41.554861,-1.669692],[41.561046,-1.669692],[41.535085,-1.696303],[41.535944,-1.676312],[41.53858,-1.613699],[41.534963,-1.594785],[41.522871,-1.572771],[41.484527,-1.523162],[41.434194,-1.458049],[41.383758,-1.39304],[41.332185,-1.326378],[41.282989,-1.262816],[41.237307,-1.203905],[41.18222,-1.132695],[41.13106,-1.066445],[41.081554,-1.002573],[41.056129,-0.969604],[41.030601,-0.936738],[41.00528,-0.903768],[40.979751,-0.870798],[40.978821,-0.794834],[40.977891,-0.724347],[40.976961,-0.653861],[40.975514,-0.545237],[40.974067,-0.436716],[40.97262,-0.328299],[40.971173,-0.219675],[40.97045,-0.152186],[40.969623,-0.084697],[40.968486,-0.002738],[40.968486,0.122319],[40.968486,0.247273],[40.968486,0.37233],[40.968486,0.497283],[40.968486,0.62234],[40.968486,0.747242],[40.968486,0.872248],[40.968486,0.997201],[40.968486,1.122207],[40.968486,1.230295],[40.968486,1.247212],[40.968486,1.372191],[40.968486,1.497145],[40.968486,1.62215],[40.968486,1.747181],[40.968486,1.872135],[40.968486,1.997166],[40.968486,2.103619],[40.968486,2.210047],[40.968486,2.316501],[40.968486,2.422954],[40.968486,2.49711],[40.967142,2.631727],[40.965902,2.760608],[40.965385,2.814145],[40.979751,2.841895],[41.013961,2.875795],[41.096127,2.957082],[41.178396,3.03842],[41.260665,3.119811],[41.342727,3.201149],[41.394506,3.27515],[41.446183,3.349047],[41.497963,3.423074],[41.549639,3.497023],[41.633562,3.617093],[41.717381,3.737163],[41.801303,3.857182],[41.885019,3.977226],[41.898455,3.996915],[41.912201,4.007974],[41.917472,4.020453],[41.916645,4.051098],[41.923466,4.070554],[41.941243,4.086212],[42.011833,4.129491],[42.068367,4.174553],[42.102887,4.19189],[42.13534,4.200081],[42.221846,4.200959],[42.297294,4.201734],[42.415013,4.221707],[42.568285,4.247856],[42.718663,4.273487],[42.78977,4.285605],[42.831628,4.302322],[42.868938,4.326765],[42.870195,4.328171],[42.899634,4.361104],[42.914724,4.393299],[42.9325,4.463217],[42.945936,4.496858],[42.952551,4.507581],[42.960406,4.517374],[43.03544,4.578895],[43.119259,4.647702],[43.232792,4.701497],[43.346997,4.755654],[43.459342,4.808829],[43.528485,4.841566],[43.640519,4.867353],[43.716484,4.884793],[43.815186,4.907479],[43.845158,4.914352],[43.932284,4.945203],[43.968975,4.953962],[44.029126,4.950448],[44.081009,4.947451],[44.132789,4.94448],[44.184672,4.941431],[44.236452,4.938485],[44.288335,4.935488],[44.340115,4.932439],[44.391998,4.929468],[44.443726,4.926445],[44.495557,4.923473],[44.547441,4.920476],[44.596808,4.917643],[44.59922,4.917505],[44.651104,4.914507],[44.702883,4.911562],[44.754766,4.908565],[44.806546,4.905541],[44.858378,4.902544],[44.912586,4.899392],[44.941525,4.911484],[45.020642,4.99688],[45.0209,4.99688],[45.077744,5.059072],[45.185024,5.176248],[45.292356,5.293476],[45.399585,5.410704],[45.506865,5.527881],[45.518477,5.540564],[45.614146,5.645057],[45.721426,5.762337],[45.828706,5.879513],[45.935986,5.996689],[45.99681,6.059192],[46.057839,6.12172],[46.118818,6.184223],[46.179899,6.246726],[46.240981,6.309228],[46.302062,6.371731],[46.362937,6.43426],[46.423915,6.496736],[46.466963,6.538292]]]}},{"type":"Feature","properties":{"name":"Kenya","ISO3166-1-Alpha-3":"KEN","ISO3166-1-Alpha-2":"KE"},"geometry":{"type":"MultiPolygon","coordinates":[[[[35.705846,4.619447],[35.705939,4.619962],[35.711518,4.661608],[35.739402,4.681127],[35.778439,4.678338],[35.781222,4.619922],[35.856536,4.619603],[35.920835,4.619332],[35.922799,4.602072],[35.936028,4.578533],[35.937062,4.559258],[35.934065,4.539207],[35.933755,4.52218],[35.940472,4.508046],[35.958352,4.496858],[35.99711,4.462959],[36.018401,4.449135],[36.041345,4.443683],[36.045325,4.443716],[36.19131,4.444924],[36.225726,4.4496],[36.236268,4.449652],[36.246087,4.446991],[36.264277,4.438206],[36.277196,4.436449],[36.463025,4.440169],[36.619501,4.443373],[36.628182,4.441461],[36.642962,4.432599],[36.648857,4.43118],[36.651333,4.430583],[36.844087,4.432237],[36.903721,4.415778],[36.974828,4.37994],[37.015652,4.370587],[37.025367,4.363275],[37.041077,4.336817],[37.048415,4.331959],[37.068466,4.333458],[37.075907,4.33108],[37.082522,4.322166],[37.086449,4.312477],[37.091617,4.290256],[37.094821,4.284882],[37.099988,4.283693],[37.105983,4.283848],[37.111874,4.282298],[37.166031,4.247545],[37.263492,4.184888],[37.360954,4.122204],[37.475056,4.048979],[37.556084,3.996889],[37.647758,3.937874],[37.751008,3.871522],[37.846196,3.810337],[37.945931,3.746232],[37.976731,3.72644],[37.995334,3.707914],[38.020759,3.667167],[38.036158,3.648926],[38.048974,3.641846],[38.078843,3.632673],[38.101891,3.612649],[38.114087,3.610608],[38.145609,3.618437],[38.176925,3.620917],[38.283068,3.608902],[38.389935,3.596888],[38.445953,3.601668],[38.496906,3.62394],[38.498146,3.629676],[38.497319,3.63859],[38.499386,3.64691],[38.508998,3.650812],[38.514269,3.648512],[38.533182,3.632828],[38.541244,3.623294],[38.543208,3.615388],[38.547135,3.609522],[38.561088,3.606008],[38.57411,3.604561],[38.579588,3.605311],[38.593747,3.61084],[38.595608,3.607507],[38.596641,3.602133],[38.601912,3.59867],[38.660306,3.594459],[38.6601,3.601306],[38.661443,3.615336],[38.66103,3.621951],[38.688108,3.586294],[38.703715,3.570429],[38.722008,3.560404],[38.82071,3.533739],[38.895227,3.513585],[38.921272,3.513999],[38.963234,3.522086],[38.979977,3.519812],[38.994963,3.514257],[39.010466,3.514464],[39.06793,3.526582],[39.077542,3.524256],[39.090441,3.518334],[39.180481,3.476998],[39.219445,3.468704],[39.257583,3.469686],[39.296338,3.49199],[39.302748,3.495679],[39.315874,3.494904],[39.320525,3.484543],[39.311326,3.466094],[39.436176,3.462374],[39.466976,3.452013],[39.475657,3.440799],[39.480928,3.42726],[39.488473,3.413901],[39.504389,3.403333],[39.536325,3.405013],[39.553172,3.431316],[39.574979,3.497901],[39.600818,3.528907],[39.666447,3.588723],[39.745098,3.660579],[39.764218,3.685745],[39.780755,3.71657],[39.80866,3.790287],[39.828297,3.842583],[39.848451,3.867284],[39.93413,3.908703],[40.020223,3.950122],[40.117168,3.996915],[40.162437,4.019394],[40.166984,4.025259],[40.166261,4.031486],[40.167191,4.035465],[40.176803,4.034535],[40.1798,4.03283],[40.182797,4.032003],[40.185588,4.032158],[40.286874,4.067453],[40.365732,4.094867],[40.371106,4.099932],[40.376998,4.116081],[40.382682,4.121377],[40.511873,4.171064],[40.6175,4.211605],[40.700699,4.243515],[40.763744,4.284933],[40.785758,4.25584],[40.846013,4.214989],[40.870611,4.186981],[40.887354,4.156052],[40.897689,4.145924],[40.915879,4.136648],[40.963628,4.12037],[40.979751,4.110758],[41.0059,4.086677],[41.070082,3.996915],[41.114524,3.962343],[41.162996,3.94268],[41.215293,3.936608],[41.317405,3.942422],[41.429543,3.948882],[41.479773,3.962938],[41.506231,3.964384],[41.586329,3.984151],[41.602246,3.983065],[41.628704,3.972084],[41.642967,3.969449],[41.657436,3.972704],[41.699811,3.996915],[41.747353,3.981412],[41.791381,3.958157],[41.835927,3.94945],[41.885019,3.977226],[41.801303,3.857182],[41.717381,3.737163],[41.633562,3.617093],[41.549639,3.497023],[41.497963,3.423074],[41.446183,3.349047],[41.394506,3.27515],[41.342727,3.201149],[41.260665,3.119811],[41.178396,3.03842],[41.096127,2.957082],[41.013961,2.875795],[40.979751,2.841895],[40.965385,2.814145],[40.965902,2.760608],[40.967142,2.631727],[40.968486,2.49711],[40.968486,2.422954],[40.968486,2.316501],[40.968486,2.210047],[40.968486,2.103619],[40.968486,1.997166],[40.968486,1.872135],[40.968486,1.747181],[40.968486,1.62215],[40.968486,1.497145],[40.968486,1.372191],[40.968486,1.247212],[40.968486,1.230295],[40.968486,1.122207],[40.968486,0.997201],[40.968486,0.872248],[40.968486,0.747242],[40.968486,0.62234],[40.968486,0.497283],[40.968486,0.37233],[40.968486,0.247273],[40.968486,0.122319],[40.968486,-0.002738],[40.969623,-0.084697],[40.97045,-0.152186],[40.971173,-0.219675],[40.97262,-0.328299],[40.974067,-0.436716],[40.975514,-0.545237],[40.976961,-0.653861],[40.977891,-0.724347],[40.978821,-0.794834],[40.979751,-0.870798],[41.00528,-0.903768],[41.030601,-0.936738],[41.056129,-0.969604],[41.081554,-1.002573],[41.13106,-1.066445],[41.18222,-1.132695],[41.237307,-1.203905],[41.282989,-1.262816],[41.332185,-1.326378],[41.383758,-1.39304],[41.434194,-1.458049],[41.484527,-1.523162],[41.522871,-1.572771],[41.534963,-1.594785],[41.53858,-1.613699],[41.535944,-1.676312],[41.535085,-1.696303],[41.534516,-1.696873],[41.458344,-1.774835],[41.422374,-1.829767],[41.417654,-1.847263],[41.396007,-1.86061],[41.339122,-1.912367],[41.303477,-1.95615],[41.282725,-1.96852],[41.267345,-1.94964],[41.248709,-1.957289],[41.231456,-1.955499],[41.219981,-1.944024],[41.219005,-1.922459],[41.198985,-1.943129],[41.195079,-1.967055],[41.185802,-1.990167],[41.156912,-1.987481],[41.117849,-1.978285],[41.109141,-1.977634],[41.096853,-1.985284],[41.076996,-2.007094],[41.049978,-2.018487],[41.039561,-2.031996],[41.028656,-2.043227],[41.01295,-2.042413],[40.999766,-2.035577],[40.990245,-2.028904],[40.983653,-2.019301],[40.979503,-2.004978],[40.980235,-1.990167],[40.990082,-1.962498],[40.989431,-1.950291],[40.98699,-1.936456],[40.991059,-1.924086],[41.006114,-1.901788],[40.970714,-1.928969],[40.966645,-2.046563],[40.945323,-2.073175],[40.926768,-2.059259],[40.908214,-1.997735],[40.889985,-1.983819],[40.879568,-1.977797],[40.870372,-1.967218],[40.861013,-1.963474],[40.849132,-1.977634],[40.855642,-1.992608],[40.858572,-2.005792],[40.855968,-2.018487],[40.872244,-2.011407],[40.885102,-2.014825],[40.893809,-2.026056],[40.896821,-2.042413],[40.894705,-2.049086],[40.885427,-2.054457],[40.883149,-2.060154],[40.886485,-2.069757],[40.893809,-2.072035],[40.901134,-2.073663],[40.904307,-2.080336],[40.906016,-2.153253],[40.911957,-2.19199],[40.924815,-2.217218],[40.933767,-2.219659],[40.944672,-2.218357],[40.956879,-2.218927],[40.969493,-2.227716],[40.979259,-2.24212],[40.980724,-2.253025],[40.969493,-2.278985],[40.944835,-2.30934],[40.922618,-2.313735],[40.919444,-2.302423],[40.952159,-2.286065],[40.934906,-2.27988],[40.921072,-2.270603],[40.896821,-2.24505],[40.893077,-2.237074],[40.894379,-2.232029],[40.893728,-2.228204],[40.883149,-2.224054],[40.884451,-2.226332],[40.877696,-2.228692],[40.863048,-2.231378],[40.838064,-2.24505],[40.815684,-2.271905],[40.794688,-2.29046],[40.773936,-2.279229],[40.774587,-2.287774],[40.777192,-2.296808],[40.782563,-2.304295],[40.790782,-2.307224],[40.795584,-2.309991],[40.793712,-2.316502],[40.786957,-2.327325],[40.793468,-2.341974],[40.821788,-2.360772],[40.828624,-2.37477],[40.816905,-2.397882],[40.789317,-2.424981],[40.758149,-2.447442],[40.711762,-2.466567],[40.650564,-2.539321],[40.615896,-2.552504],[40.585216,-2.545831],[40.555431,-2.532403],[40.523611,-2.525079],[40.490896,-2.528497],[40.389822,-2.560317],[40.348318,-2.590102],[40.32309,-2.598077],[40.293712,-2.616388],[40.243907,-2.656671],[40.232107,-2.669041],[40.223318,-2.683038],[40.204845,-2.724867],[40.174978,-2.762628],[40.170665,-2.779474],[40.172618,-2.787205],[40.187511,-2.807061],[40.18865,-2.813572],[40.184825,-2.828871],[40.183767,-2.837579],[40.164887,-2.901462],[40.162608,-2.934259],[40.183767,-2.950291],[40.178559,-2.976495],[40.190684,-2.988051],[40.211274,-2.986017],[40.232107,-2.970636],[40.232921,-2.981866],[40.225108,-2.993748],[40.190115,-3.027032],[40.1692,-3.054946],[40.163829,-3.06699],[40.159516,-3.117771],[40.153168,-3.135186],[40.119151,-3.183526],[40.118419,-3.196954],[40.129242,-3.233331],[40.12908,-3.251886],[40.122895,-3.267348],[40.114024,-3.281671],[40.102387,-3.294203],[40.088145,-3.303643],[40.039806,-3.325616],[40.026622,-3.334405],[40.002615,-3.362481],[39.989106,-3.373224],[39.971446,-3.376072],[39.979259,-3.359063],[39.990082,-3.320896],[39.991954,-3.307061],[39.973969,-3.311456],[39.966075,-3.321222],[39.964366,-3.334242],[39.96461,-3.348321],[39.963634,-3.357599],[39.957774,-3.382257],[39.959646,-3.387791],[39.96339,-3.393243],[39.96518,-3.399184],[39.947602,-3.427992],[39.927257,-3.481378],[39.900564,-3.524184],[39.890147,-3.58172],[39.878673,-3.605076],[39.865977,-3.616469],[39.85727,-3.618259],[39.835623,-3.608819],[39.830821,-3.60589],[39.817719,-3.590753],[39.812999,-3.589776],[39.786388,-3.587579],[39.790538,-3.578871],[39.79127,-3.574884],[39.780935,-3.566583],[39.773123,-3.584893],[39.77589,-3.600193],[39.787934,-3.609145],[39.808116,-3.608819],[39.796072,-3.622979],[39.800141,-3.634698],[39.81422,-3.639337],[39.848969,-3.625177],[39.860118,-3.633233],[39.866466,-3.648533],[39.868988,-3.663344],[39.867035,-3.69492],[39.786388,-3.917169],[39.760753,-3.941827],[39.732107,-3.946384],[39.711925,-3.931329],[39.712087,-3.897393],[39.689952,-3.909601],[39.683767,-3.917169],[39.687348,-3.927179],[39.694102,-3.93727],[39.69752,-3.94671],[39.701996,-3.955824],[39.712087,-3.96502],[39.734223,-3.963311],[39.745291,-3.968683],[39.742442,-3.985935],[39.721365,-4.00921],[39.718272,-4.01629],[39.715505,-4.02516],[39.708344,-4.03753],[39.699474,-4.048435],[39.690766,-4.053155],[39.681163,-4.047947],[39.67449,-4.024998],[39.666677,-4.019708],[39.659841,-4.007582],[39.661957,-3.984633],[39.660492,-3.970798],[39.643077,-3.985528],[39.617361,-3.971449],[39.605724,-3.969659],[39.594737,-3.978692],[39.604666,-3.988214],[39.616466,-3.992852],[39.643077,-3.9992],[39.63559,-4.017022],[39.62615,-4.025486],[39.594737,-4.032647],[39.584483,-4.032892],[39.573253,-4.031834],[39.56422,-4.032892],[39.560557,-4.039809],[39.56129,-4.060968],[39.563243,-4.070896],[39.567393,-4.08115],[39.581879,-4.061619],[39.615082,-4.05934],[39.650076,-4.069594],[39.669688,-4.087986],[39.665863,-4.112074],[39.615896,-4.197849],[39.583832,-4.279392],[39.551117,-4.402114],[39.54005,-4.430434],[39.531098,-4.417413],[39.522472,-4.418145],[39.514008,-4.426853],[39.506033,-4.438084],[39.504405,-4.443536],[39.505382,-4.455987],[39.502208,-4.461602],[39.487966,-4.474542],[39.484874,-4.478936],[39.450694,-4.581964],[39.444347,-4.563409],[39.447439,-4.534275],[39.443858,-4.519952],[39.431,-4.529962],[39.423839,-4.543878],[39.417817,-4.559503],[39.409679,-4.574477],[39.404796,-4.573907],[39.397716,-4.570082],[39.391368,-4.571059],[39.388682,-4.585138],[39.390636,-4.593438],[39.406261,-4.615167],[39.396169,-4.629002],[39.362478,-4.633966],[39.324392,-4.624607],[39.300466,-4.594985],[39.299653,-4.600763],[39.293712,-4.615492],[39.264334,-4.606622],[39.242686,-4.627374],[39.224376,-4.655857],[39.204845,-4.670099],[39.200694,-4.671482],[39.197113,-4.671808],[39.193858,-4.673272],[39.190603,-4.677504],[39.105757,-4.616306],[39.020388,-4.554915],[38.935018,-4.49342],[38.849649,-4.431925],[38.764279,-4.370533],[38.678807,-4.309038],[38.59354,-4.247543],[38.508274,-4.186152],[38.422802,-4.12476],[38.416175,-4.119981],[38.337535,-4.063265],[38.252063,-4.001873],[38.166797,-3.940379],[38.08153,-3.878987],[37.996058,-3.817492],[37.910791,-3.755997],[37.825422,-3.694502],[37.770955,-3.655435],[37.757209,-3.637451],[37.747184,-3.616987],[37.729821,-3.555389],[37.722276,-3.53999],[37.708323,-3.527174],[37.68941,-3.518079],[37.668326,-3.512498],[37.646932,-3.510637],[37.599079,-3.513428],[37.596185,-3.499682],[37.604144,-3.480148],[37.608174,-3.463612],[37.60311,-3.455757],[37.586677,-3.45369],[37.579442,-3.446352],[37.577892,-3.43581],[37.580476,-3.424131],[37.58523,-3.412969],[37.590294,-3.404081],[37.604867,-3.387957],[37.627191,-3.370284],[37.650962,-3.357572],[37.669876,-3.356125],[37.668429,-3.338245],[37.671943,-3.324292],[37.681865,-3.315714],[37.700055,-3.31437],[37.679996,-3.192148],[37.677834,-3.178978],[37.660161,-3.070561],[37.644865,-3.045963],[37.562286,-2.999867],[37.424212,-2.922754],[37.347622,-2.879978],[37.132854,-2.760089],[36.918191,-2.640303],[36.703527,-2.520414],[36.488863,-2.400628],[36.274096,-2.280842],[36.059535,-2.160952],[35.844871,-2.041063],[35.630207,-1.921174],[35.415647,-1.801284],[35.246367,-1.706823],[35.200983,-1.681498],[34.986215,-1.561609],[34.771552,-1.441823],[34.718893,-1.412414],[34.556888,-1.321934],[34.34212,-1.202148],[34.127457,-1.082258],[34.052526,-1.0404],[34.015422,-1.037507],[34.001986,-1.028722],[34.000022,-1.002573],[33.984519,-1.002057],[33.980385,-1.002573],[33.904214,-1.002573],[33.89853,-0.799072],[33.894809,-0.662749],[33.911346,-0.519295],[33.935117,-0.313106],[33.953514,-0.154356],[33.95248,-0.115702],[33.921578,-0.01297],[33.890468,0.090073],[33.893569,0.109814],[33.951757,0.187328],[33.960266,0.198677],[34.04064,0.305874],[34.076607,0.333779],[34.085185,0.347008],[34.087976,0.367369],[34.07671,0.403852],[34.075677,0.422249],[34.080121,0.431344],[34.097381,0.451808],[34.104409,0.462247],[34.107509,0.470722],[34.131588,0.569433],[34.132417,0.572834],[34.149574,0.603634],[34.179133,0.623891],[34.219751,0.638567],[34.2521,0.655],[34.276181,0.680838],[34.292304,0.72373],[34.296252,0.746746],[34.298402,0.759283],[34.30667,0.768068],[34.370852,0.800211],[34.388009,0.815817],[34.402375,0.856073],[34.431211,0.893538],[34.457152,0.957617],[34.463043,0.978081],[34.463663,1.022936],[34.468831,1.044227],[34.477203,1.064587],[34.487021,1.082467],[34.507485,1.102518],[34.524021,1.098642],[34.540351,1.089392],[34.560065,1.093149],[34.561228,1.093371],[34.566883,1.103022],[34.571977,1.111716],[34.573631,1.134247],[34.580452,1.152541],[34.628925,1.163599],[34.663031,1.196362],[34.683805,1.209075],[34.766074,1.217498],[34.797907,1.231916],[34.810516,1.272533],[34.800077,1.312324],[34.782714,1.352993],[34.780747,1.371789],[34.778993,1.388547],[34.838421,1.437174],[34.859505,1.517919],[34.882553,1.552232],[34.892578,1.55727],[34.913558,1.56156],[34.92348,1.566107],[34.933712,1.575693],[34.940947,1.587036],[34.972676,1.654241],[34.978671,1.675945],[34.979704,1.8703],[34.984045,1.88247],[35.002752,1.906138],[35.006473,1.916861],[35.001408,1.927997],[34.977947,1.949908],[34.969162,1.960295],[34.962031,1.977813],[34.957897,1.997838],[34.956657,2.018508],[34.958207,2.037965],[34.967612,2.082561],[34.967509,2.101914],[34.922343,2.210719],[34.904284,2.254255],[34.865603,2.347506],[34.859091,2.38678],[34.867876,2.411482],[34.885963,2.425434],[34.906117,2.436907],[34.920896,2.454632],[34.923584,2.477318],[34.914385,2.494371],[34.8871,2.522379],[34.881312,2.541448],[34.875628,2.591212],[34.865603,2.604855],[34.856508,2.60346],[34.849893,2.59514],[34.841832,2.58775],[34.828086,2.588784],[34.81868,2.597982],[34.776512,2.685625],[34.76132,2.772493],[34.740959,2.835539],[34.736928,2.844375],[34.730107,2.85285],[34.724836,2.854142],[34.696517,2.867733],[34.694657,2.87042],[34.692693,2.872229],[34.69104,2.875691],[34.688869,2.879154],[34.685045,2.880962],[34.682565,2.87936],[34.678121,2.871557],[34.67564,2.8698],[34.671506,2.867785],[34.660344,2.858638],[34.654143,2.856519],[34.6405,2.860137],[34.631405,2.869542],[34.616419,2.893416],[34.58469,2.928711],[34.574664,2.946126],[34.545622,3.097383],[34.545556,3.097501],[34.53384,3.118467],[34.512859,3.132368],[34.46573,3.145856],[34.444853,3.159136],[34.434001,3.182029],[34.424079,3.304812],[34.41116,3.344707],[34.403822,3.355404],[34.394417,3.365661],[34.386562,3.376384],[34.383978,3.388347],[34.386976,3.399664],[34.397001,3.424159],[34.398551,3.433642],[34.394417,3.444623],[34.382118,3.466043],[34.381291,3.476869],[34.386872,3.485628],[34.395967,3.489607],[34.406199,3.492294],[34.415501,3.497023],[34.434518,3.52622],[34.443923,3.566295],[34.446403,3.646704],[34.439686,3.667736],[34.425009,3.677193],[34.406303,3.682929],[34.387492,3.692747],[34.35504,3.727371],[34.337056,3.734579],[34.309874,3.726699],[34.299436,3.716932],[34.295095,3.707346],[34.290444,3.70316],[34.278868,3.709723],[34.263779,3.750056],[34.241558,3.778737],[34.240938,3.78362],[34.230396,3.782742],[34.210552,3.777135],[34.190915,3.775843],[34.173655,3.771399],[34.16518,3.77083],[34.152468,3.775636],[34.159082,3.783362],[34.17903,3.7961],[34.166524,3.811319],[34.150814,3.81721],[34.148954,3.822688],[34.196703,3.847389],[34.207555,3.860877],[34.204971,3.874545],[34.182854,3.886095],[34.163423,3.886198],[34.123736,3.872039],[34.108026,3.868938],[34.084772,3.877336],[34.086219,3.894673],[34.098931,3.917721],[34.109576,3.943352],[34.107096,3.959501],[34.09552,3.970999],[34.080844,3.980792],[34.068959,3.991876],[34.061104,4.007767],[34.061517,4.017921],[34.065858,4.02743],[34.069786,4.041357],[34.072679,4.064663],[34.072369,4.076419],[34.069269,4.08802],[34.060897,4.09926],[34.049735,4.109466],[34.04095,4.120421],[34.03971,4.134038],[34.041054,4.164812],[34.028548,4.188014],[34.006017,4.205713],[33.977078,4.219692],[34.078157,4.319841],[34.179133,4.419912],[34.280109,4.520061],[34.381188,4.620158],[34.459674,4.660609],[34.529156,4.696419],[34.598159,4.73092],[34.666277,4.76498],[34.763589,4.800366],[34.844751,4.830895],[34.920829,4.859511],[35.00272,4.890314],[35.094298,4.924761],[35.176189,4.955564],[35.245726,4.98172],[35.263419,4.948545],[35.333563,4.987281],[35.411598,5.030376],[35.433715,5.003836],[35.396117,4.926429],[35.49564,4.926429],[35.570836,4.904313],[35.52218,4.780461],[35.562607,4.707137],[35.610201,4.620812],[35.610641,4.620014],[35.61214,4.619497],[35.700365,4.589111],[35.705812,4.61926],[35.705846,4.619447]]],[[[41.053966,-2.049574],[41.065684,-2.03631],[41.092784,-2.038018],[41.122732,-2.047784],[41.143321,-2.059503],[41.162771,-2.090916],[41.155284,-2.112074],[41.136892,-2.115492],[41.123383,-2.093683],[41.124278,-2.104669],[41.122813,-2.115899],[41.118907,-2.124282],[41.112559,-2.127699],[41.10963,-2.129002],[41.107758,-2.131524],[41.104828,-2.134047],[41.098888,-2.135349],[41.09197,-2.132989],[41.086436,-2.128351],[41.082856,-2.123712],[41.081798,-2.121515],[41.068614,-2.123468],[41.050792,-2.12949],[41.01352,-2.148858],[41.004405,-2.142185],[40.995616,-2.143813],[40.988943,-2.152276],[40.986176,-2.165948],[40.991547,-2.173761],[41.002289,-2.180108],[41.009939,-2.187188],[41.006114,-2.197361],[40.993663,-2.197198],[40.98585,-2.191339],[40.981456,-2.181573],[40.979503,-2.169366],[40.957286,-2.174005],[40.957367,-2.1513],[40.969249,-2.119806],[40.982921,-2.097345],[41.00115,-2.087172],[41.024669,-2.080173],[41.045177,-2.069757],[41.053966,-2.049574]]]]}},{"type":"Feature","properties":{"name":"Sudan","ISO3166-1-Alpha-3":"SDN","ISO3166-1-Alpha-2":"SD"},"geometry":{"type":"MultiPolygon","coordinates":[[[[22.861064,10.919154],[22.900235,11.059895],[22.906539,11.069894],[22.922352,11.087076],[22.925143,11.097954],[22.92566,11.118134],[22.928967,11.137926],[22.935168,11.155883],[22.952015,11.191049],[22.956459,11.2088],[22.954536,11.237843],[22.953668,11.250942],[22.928347,11.32515],[22.914808,11.396101],[22.900442,11.408245],[22.87698,11.40884],[22.781792,11.398892],[22.771871,11.403181],[22.771561,11.433308],[22.76877,11.442326],[22.743035,11.466097],[22.662523,11.493072],[22.628107,11.509841],[22.592347,11.543663],[22.561754,11.586012],[22.541704,11.632986],[22.537053,11.68089],[22.592863,11.988933],[22.610537,12.039628],[22.613534,12.05725],[22.612397,12.072804],[22.607333,12.077714],[22.598858,12.063244],[22.585525,12.071357],[22.546458,12.064433],[22.481449,12.044279],[22.470494,12.036114],[22.464499,12.032962],[22.458091,12.03043],[22.483826,12.140345],[22.484756,12.152541],[22.484033,12.164737],[22.481449,12.176674],[22.407965,12.399761],[22.374892,12.450869],[22.372825,12.463116],[22.395873,12.496086],[22.445689,12.611066],[22.43246,12.62383],[22.33014,12.661451],[22.204877,12.743358],[22.176248,12.7015],[22.144105,12.671269],[22.105865,12.650392],[22.058736,12.636697],[22.019668,12.631426],[21.97719,12.63184],[21.935953,12.63954],[21.900813,12.656438],[21.880142,12.676282],[21.840868,12.748939],[21.813686,12.782296],[21.809449,12.793665],[21.811826,12.799969],[21.827846,12.831104],[21.85296,12.905725],[21.935126,13.059152],[21.964065,13.098349],[21.998378,13.130595],[22.016051,13.140233],[22.123435,13.182168],[22.139971,13.193511],[22.232265,13.289035],[22.267612,13.334562],[22.275984,13.376316],[22.263995,13.399183],[22.228648,13.441119],[22.215625,13.464993],[22.211181,13.484191],[22.210561,13.541733],[22.195885,13.580464],[22.132116,13.638652],[22.11434,13.677383],[22.11434,13.699708],[22.116303,13.715185],[22.112893,13.729835],[22.09708,13.749756],[22.073722,13.771357],[22.074962,13.780323],[22.099353,13.819416],[22.180762,13.920555],[22.190614,13.932794],[22.214695,13.956617],[22.243531,13.975427],[22.402281,14.049299],[22.421608,14.06214],[22.458711,14.096117],[22.481449,14.108546],[22.508217,14.113636],[22.531472,14.122627],[22.546355,14.139707],[22.547698,14.169033],[22.540877,14.201176],[22.531885,14.220632],[22.514109,14.231458],[22.457678,14.241147],[22.441038,14.249855],[22.429049,14.264608],[22.419954,14.286235],[22.41706,14.298095],[22.418094,14.30595],[22.426982,14.323003],[22.431323,14.327214],[22.444862,14.333364],[22.449926,14.338377],[22.45096,14.345792],[22.447343,14.351632],[22.442382,14.356928],[22.439074,14.362923],[22.424915,14.470436],[22.417164,14.484104],[22.386364,14.506532],[22.363523,14.543532],[22.382334,14.579111],[22.422745,14.609084],[22.465429,14.629289],[22.666347,14.681741],[22.676579,14.688975],[22.681437,14.702928],[22.67968,14.711816],[22.66459,14.743752],[22.659009,14.761271],[22.650844,14.816151],[22.650844,14.841938],[22.658906,14.857415],[22.695493,14.88147],[22.715337,14.899428],[22.721021,14.915938],[22.721951,14.934671],[22.727222,14.959036],[22.738901,14.97981],[22.829025,15.071639],[22.848765,15.087504],[22.871606,15.0997],[22.905506,15.112567],[22.913257,15.121688],[22.958009,15.201631],[22.965657,15.223904],[22.97837,15.340202],[22.976406,15.373636],[22.966484,15.404823],[22.944987,15.433116],[22.923593,15.455569],[22.906849,15.481408],[22.899511,15.510191],[22.906746,15.541404],[22.92566,15.563935],[23.004518,15.611425],[23.068493,15.686692],[23.094642,15.704262],[23.119249,15.707224],[23.166782,15.712944],[23.320571,15.681318],[23.395812,15.688346],[23.52707,15.735165],[23.592699,15.749014],[23.707524,15.748859],[23.829067,15.731031],[23.945546,15.692222],[23.972624,15.691085],[23.984406,15.72116],[23.984406,15.72194],[23.984406,15.779658],[23.984303,16.011944],[23.983993,16.244229],[23.983786,16.476515],[23.983683,16.7088],[23.983476,16.941138],[23.983269,17.173371],[23.983063,17.405657],[23.982856,17.637943],[23.982753,17.870228],[23.982443,18.102514],[23.982236,18.334799],[23.982133,18.567033],[23.981926,18.799293],[23.981719,19.031553],[23.981512,19.263838],[23.981306,19.496124],[23.981306,19.621026],[23.981306,19.745824],[23.981306,19.870597],[23.981306,19.995421],[24.142433,19.995421],[24.227906,19.995318],[24.34087,19.995292],[24.474609,19.995189],[24.599149,19.99506],[24.721312,19.995034],[24.867247,19.994956],[24.968016,19.994956],[24.970186,19.995189],[24.972356,19.995421],[24.974527,19.995654],[24.976801,19.995964],[24.977731,19.997463],[24.978661,19.999013],[24.979591,20.000512],[24.980521,20.002062],[24.980521,20.008391],[24.980521,20.120013],[24.980625,20.215098],[24.980625,20.310234],[24.980728,20.405319],[24.980831,20.500352],[24.980831,20.624944],[24.980831,20.749536],[24.980935,20.874128],[24.980935,20.998719],[24.980935,21.123311],[24.981038,21.247851],[24.981141,21.372443],[24.981141,21.497035],[24.981141,21.621575],[24.981141,21.746167],[24.981245,21.870811],[24.981245,21.995351],[25.0785,21.995299],[25.175858,21.995299],[25.273217,21.995299],[25.370678,21.995299],[25.467933,21.995299],[25.56524,21.995248],[25.662599,21.995248],[25.759854,21.995248],[25.857109,21.995248],[25.954467,21.995196],[26.051929,21.995144],[26.149184,21.995144],[26.246542,21.995144],[26.343797,21.995093],[26.441052,21.995093],[26.538411,21.995093],[26.635769,21.995093],[26.733127,21.995041],[26.830383,21.994989],[26.927741,21.994989],[27.024996,21.994989],[27.122354,21.994989],[27.219713,21.994989],[27.316968,21.994938],[27.414326,21.994938],[27.511685,21.994938],[27.609043,21.994938],[27.706401,21.994938],[27.803656,21.994938],[27.901015,21.994886],[27.998373,21.994834],[28.095732,21.994834],[28.192935,21.994834],[28.290345,21.994783],[28.387703,21.994783],[28.484907,21.994783],[28.582317,21.994783],[28.679675,21.994783],[28.777034,21.994783],[28.874392,21.994731],[28.971647,21.994679],[29.069006,21.994679],[29.166364,21.994679],[29.263619,21.994679],[29.360822,21.994679],[29.458232,21.994628],[29.555591,21.994628],[29.652949,21.994628],[29.750308,21.994628],[29.847563,21.994576],[29.944818,21.994524],[30.042176,21.994524],[30.13938,21.994524],[30.236893,21.994524],[30.334251,21.994524],[30.431506,21.994473],[30.528761,21.994473],[30.62612,21.994473],[30.723478,21.994473],[30.820733,21.994473],[30.918143,21.994473],[31.015553,21.994421],[31.112912,21.994369],[31.210115,21.994369],[31.248407,21.994369],[31.261637,22.001759],[31.310936,22.095707],[31.314388,22.102273],[31.359512,22.188104],[31.38535,22.214459],[31.404057,22.223761],[31.42328,22.226965],[31.442504,22.224174],[31.460901,22.215493],[31.482915,22.195442],[31.491803,22.173221],[31.490563,22.14821],[31.467412,22.084131],[31.435476,21.995351],[31.494719,21.995387],[31.521776,21.995403],[31.624095,21.995403],[31.726518,21.995403],[31.828837,21.995403],[31.93126,21.995403],[32.033579,21.995403],[32.136002,21.995403],[32.238321,21.995403],[32.340744,21.995403],[32.443063,21.995403],[32.524519,21.995403],[32.545434,21.995403],[32.647857,21.995403],[32.750331,21.995403],[32.852651,21.995403],[32.955073,21.995403],[33.057393,21.995403],[33.158728,21.995403],[33.15976,21.995403],[33.181136,21.995409],[33.303681,21.903022],[33.439577,21.80057],[33.558442,21.710957],[33.560882,21.709118],[33.866456,21.749724],[33.999118,21.767353],[34.084179,21.995454],[34.090456,21.995454],[34.323103,21.995454],[34.555751,21.995506],[34.788501,21.995558],[35.021149,21.995558],[35.253796,21.995558],[35.486443,21.995558],[35.719194,21.995609],[35.951841,21.995609],[36.184592,21.995609],[36.417239,21.995661],[36.649887,21.995713],[36.883637,21.995714],[36.880626,21.980699],[36.87794,21.97602],[36.873709,21.974066],[36.857758,21.971991],[36.840099,21.966132],[36.863943,21.949368],[36.873546,21.936103],[36.874197,21.815253],[36.896821,21.677883],[36.887869,21.650133],[36.902029,21.641059],[36.905284,21.629381],[36.905935,21.617092],[36.91212,21.606106],[36.923188,21.595526],[36.930431,21.585924],[36.98406,21.465806],[37.113617,21.278062],[37.198985,21.202135],[37.305431,21.074449],[37.312999,21.057685],[37.310883,21.038153],[37.303966,21.020901],[37.291352,21.012641],[37.272146,21.020168],[37.251964,21.006049],[37.233897,21.02025],[37.206554,21.064887],[37.199718,21.073554],[37.192231,21.086086],[37.189301,21.097235],[37.1963,21.102118],[37.209321,21.098619],[37.216482,21.090399],[37.221039,21.08039],[37.227061,21.071682],[37.250011,21.054999],[37.26352,21.04975],[37.272146,21.054267],[37.27003,21.062567],[37.245372,21.089057],[37.229747,21.127834],[37.218923,21.14175],[37.203136,21.136868],[37.175141,21.156724],[37.167003,21.146186],[37.15919,21.148017],[37.15268,21.157782],[37.148611,21.170966],[37.151052,21.183051],[37.157563,21.194648],[37.159516,21.206448],[37.148611,21.218736],[37.12143,21.22427],[37.104991,21.207506],[37.098399,21.180894],[37.100759,21.156724],[37.105805,21.151109],[37.118175,21.150336],[37.120616,21.143704],[37.117198,21.131781],[37.11378,21.123236],[37.118175,21.097846],[37.117849,21.086127],[37.11378,21.074774],[37.10377,21.065334],[37.093598,21.062405],[37.086681,21.057115],[37.086436,21.040595],[37.091563,21.031643],[37.120616,20.999701],[37.147309,20.940863],[37.160004,20.878241],[37.169119,20.746405],[37.183604,20.684394],[37.228038,20.565009],[37.230479,20.499986],[37.227712,20.484076],[37.222423,20.468248],[37.212738,20.458686],[37.182302,20.462836],[37.178884,20.449937],[37.182628,20.420233],[37.175141,20.349189],[37.182302,20.308743],[37.182628,20.293931],[37.206234,20.235371],[37.214248,20.200116],[37.21958,20.167429],[37.224892,20.119532],[37.209646,20.08161],[37.209972,20.074856],[37.206309,20.06387],[37.194102,20.049506],[37.189464,20.040107],[37.188813,20.01317],[37.196137,19.979153],[37.259451,19.820705],[37.26531,19.786851],[37.26531,19.721666],[37.263357,19.703762],[37.258067,19.692857],[37.241384,19.670478],[37.238292,19.65526],[37.245372,19.595038],[37.243826,19.576158],[37.245372,19.567776],[37.249278,19.558295],[37.26531,19.532375],[37.285818,19.475287],[37.32545,19.262844],[37.333507,19.159654],[37.337169,19.147691],[37.345551,19.140815],[37.354747,19.135484],[37.36085,19.128323],[37.36085,19.121649],[37.355642,19.108547],[37.355235,19.10163],[37.379562,19.069301],[37.391576,19.019453],[37.412364,18.955268],[37.425955,18.913479],[37.434337,18.861721],[37.447602,18.843573],[37.469177,18.805424],[37.492286,18.76751],[37.525238,18.738511],[37.530772,18.726874],[37.539806,18.715888],[37.551036,18.709947],[37.563162,18.71369],[37.574392,18.719916],[37.581798,18.718166],[37.641512,18.726744],[37.674725,18.740953],[37.679371,18.722502],[37.701671,18.711168],[37.720225,18.707831],[37.740733,18.709174],[37.747125,18.69768],[37.749469,18.681389],[37.765573,18.667295],[37.758067,18.628648],[37.773611,18.636664],[37.785159,18.64016],[37.796397,18.631741],[37.812755,18.615627],[37.925505,18.585044],[37.966936,18.546964],[37.994884,18.502021],[38.038198,18.461086],[38.065716,18.44371],[38.109251,18.427425],[38.121858,18.413301],[38.109275,18.395924],[38.082957,18.382879],[38.076119,18.348119],[38.103624,18.291663],[38.151674,18.249331],[38.205417,18.237394],[38.245434,18.243906],[38.251161,18.280825],[38.271251,18.286607],[38.306163,18.306545],[38.312348,18.295966],[38.303884,18.287543],[38.289806,18.280219],[38.27947,18.273017],[38.278005,18.26496],[38.278819,18.253974],[38.276215,18.242011],[38.264496,18.23078],[38.24936,18.22663],[38.236013,18.227444],[38.224864,18.226549],[38.217296,18.217719],[38.230317,18.217841],[38.265147,18.223944],[38.278331,18.221666],[38.287364,18.216295],[38.295665,18.209784],[38.306163,18.204088],[38.319347,18.200873],[38.347504,18.197577],[38.361095,18.193183],[38.376231,18.190619],[38.386567,18.195258],[38.388031,18.203192],[38.375662,18.210354],[38.391449,18.224189],[38.411143,18.204901],[38.443207,18.155707],[38.433849,18.142279],[38.45045,18.132392],[38.475597,18.130561],[38.49171,18.141425],[38.502289,18.126044],[38.505707,18.086371],[38.512218,18.073717],[38.531993,18.070705],[38.541677,18.085883],[38.54005,18.10871],[38.52589,18.128363],[38.542817,18.118394],[38.584483,18.077135],[38.591075,18.061754],[38.590994,18.045966],[38.593435,18.0362],[38.603852,18.013861],[38.601573,18.004828],[38.459285,17.890744],[38.431587,17.851986],[38.371332,17.698817],[38.343737,17.655926],[38.323479,17.640888],[38.27387,17.617789],[38.25661,17.602544],[38.251546,17.582804],[38.252786,17.561617],[38.250202,17.541824],[38.233356,17.525701],[38.209688,17.522291],[38.192015,17.532729],[38.176822,17.547561],[38.160595,17.557327],[38.125352,17.546527],[38.119461,17.545597],[38.114913,17.536657],[38.116154,17.530301],[38.118737,17.523428],[38.118427,17.512937],[38.107989,17.493817],[38.091452,17.480019],[38.076466,17.479864],[38.070782,17.501465],[38.072229,17.521464],[38.071195,17.538104],[38.06179,17.548077],[38.038846,17.548181],[38.015385,17.539964],[38.014424,17.539344],[37.946862,17.495729],[37.915546,17.457023],[37.895909,17.442554],[37.872034,17.437283],[37.849193,17.444001],[37.819221,17.4717],[37.79886,17.477126],[37.763927,17.45909],[37.720415,17.38385],[37.679591,17.363437],[37.63918,17.358011],[37.506785,17.318479],[37.496036,17.312174],[37.493556,17.300754],[37.504718,17.254969],[37.505648,17.236778],[37.500997,17.195076],[37.494693,17.174612],[37.472782,17.136991],[37.468028,17.114667],[37.45976,17.09472],[37.403432,17.029918],[37.309795,17.055343],[37.280959,17.052965],[37.233417,17.024647],[37.203134,17.022786],[37.188252,17.024905],[37.133991,17.01643],[37.124069,17.018032],[37.085415,17.040873],[37.07508,17.044542],[37.049345,17.04878],[37.031465,17.055808],[37.016376,17.065833],[37.000459,17.072602],[36.980099,17.070019],[36.973484,17.062526],[36.97337,17.062083],[36.971314,17.054102],[36.973588,17.045214],[36.993431,17.018652],[36.997049,16.999532],[36.992398,16.980205],[36.96811,16.946615],[36.971521,16.935815],[36.981959,16.925996],[36.990641,16.913646],[36.993121,16.900933],[36.991261,16.860781],[36.992605,16.856957],[36.998496,16.847965],[36.999736,16.842126],[36.997876,16.837991],[36.990641,16.829982],[36.988781,16.825537],[36.984957,16.765696],[36.960359,16.705648],[36.94961,16.69185],[36.91664,16.668958],[36.901447,16.655729],[36.892352,16.636867],[36.890699,16.619142],[36.892559,16.586534],[36.889562,16.567207],[36.877263,16.527313],[36.876539,16.513567],[36.883361,16.490416],[36.896383,16.472742],[36.912093,16.456619],[36.926252,16.438274],[36.927313,16.435393],[36.933693,16.418069],[36.933177,16.400395],[36.929663,16.382464],[36.928216,16.361121],[36.933383,16.340089],[36.951574,16.299575],[36.954261,16.278284],[36.944029,16.252859],[36.902171,16.211001],[36.885944,16.184853],[36.852665,16.093644],[36.8075,15.969311],[36.759544,15.837484],[36.732672,15.794748],[36.683269,15.74519],[36.670971,15.723124],[36.61671,15.531534],[36.614126,15.489262],[36.627872,15.445622],[36.595109,15.424331],[36.575576,15.393428],[36.524933,15.247908],[36.506743,15.220338],[36.433156,15.150859],[36.425094,15.133444],[36.423647,15.111508],[36.435119,15.01663],[36.45548,14.849069],[36.462199,14.793766],[36.47398,14.696804],[36.489173,14.571231],[36.504262,14.447336],[36.52638,14.263523],[36.436566,13.991214],[36.432122,13.969924],[36.432535,13.944499],[36.438013,13.919952],[36.455376,13.870007],[36.458167,13.820139],[36.439942,13.776176],[36.398429,13.67604],[36.394812,13.655938],[36.391298,13.599352],[36.382099,13.571033],[36.233581,13.36164],[36.136946,13.032436],[36.138393,13.013315],[36.146351,12.997373],[36.149555,12.988821],[36.149865,12.980242],[36.140874,12.96554],[36.125991,12.950968],[36.114415,12.933889],[36.115346,12.911719],[36.138703,12.871851],[36.143044,12.856942],[36.143251,12.832551],[36.123614,12.721447],[36.115035,12.70181],[36.099429,12.69566],[36.072144,12.70305],[36.063049,12.707908],[36.057261,12.712145],[36.050647,12.715452],[36.038451,12.717468],[36.029976,12.717158],[35.728392,12.67437],[35.702761,12.66605],[35.70137,12.665421],[35.687671,12.659228],[35.684054,12.656076],[35.684261,12.650753],[35.677439,12.625225],[35.675992,12.614528],[35.672375,12.604296],[35.662453,12.593651],[35.653772,12.590034],[35.634445,12.588587],[35.625866,12.585124],[35.616875,12.575151],[35.428772,12.266953],[35.418127,12.238996],[35.41544,12.211142],[35.412546,12.198636],[35.403348,12.185097],[35.392909,12.176726],[35.371102,12.165512],[35.361283,12.157347],[35.353738,12.14603],[35.335962,12.102312],[35.32604,12.047483],[35.317358,12.023712],[35.297824,12.001594],[35.260411,11.980407],[35.251419,11.971725],[35.248525,11.962475],[35.248379,11.957858],[35.247802,11.939634],[35.245734,11.929867],[35.215555,11.896588],[35.148556,11.871229],[35.126672,11.862946],[35.088018,11.838193],[35.072722,11.818866],[35.059079,11.79587],[35.048227,11.771376],[35.041199,11.747604],[35.040579,11.727399],[35.048124,11.68952],[35.046263,11.648644],[35.053498,11.628077],[35.074375,11.587356],[35.076856,11.568649],[35.073135,11.54896],[34.947148,11.274868],[34.944254,11.253242],[34.953969,11.226112],[34.971436,11.206888],[34.984148,11.186398],[34.980324,11.155263],[34.914282,10.963957],[34.913558,10.952976],[34.92317,10.939928],[34.952832,10.91843],[34.95831,10.903418],[34.950662,10.869183],[34.933816,10.845308],[34.879762,10.804613],[34.861572,10.787586],[34.857438,10.775674],[34.857334,10.763556],[34.85134,10.745753],[34.838524,10.72914],[34.827569,10.72777],[34.815373,10.73131],[34.798527,10.729656],[34.786228,10.718985],[34.772895,10.688263],[34.764834,10.680254],[34.754395,10.684129],[34.752948,10.698728],[34.756979,10.728804],[34.750674,10.743945],[34.737445,10.755391],[34.708093,10.774072],[34.587067,10.879285],[34.574768,10.884143],[34.557818,10.877787],[34.437308,10.795673],[34.420048,10.780816],[34.404235,10.759835],[34.365582,10.685783],[34.279489,10.565506],[34.271737,10.530082],[34.276181,10.488715],[34.32486,10.268651],[34.325894,10.223563],[34.317419,10.181266],[34.314215,10.175452],[34.304603,10.165634],[34.301813,10.160285],[34.301606,10.148994],[34.305017,10.124603],[34.303466,10.113544],[34.280832,10.080109],[34.221921,10.02603],[34.098208,9.67972],[34.066892,9.531176],[34.070698,9.454592],[33.900855,9.45529],[33.897755,9.456582],[33.894809,9.459475],[33.892019,9.464281],[33.888711,9.470818],[33.881425,9.499215],[33.877704,9.543424],[33.883905,9.619853],[33.904886,9.7107],[33.96912,9.838341],[33.972376,9.848883],[33.973254,9.854852],[33.973254,9.861776],[33.96726,9.884514],[33.959818,9.904203],[33.956097,9.933994],[33.96726,10.000269],[33.968345,10.020811],[33.966794,10.047269],[33.961782,10.064038],[33.916978,10.174522],[33.902096,10.192041],[33.685545,10.367973],[33.468995,10.543905],[33.389827,10.639248],[33.3813,10.645785],[33.370603,10.650901],[33.15072,10.730974],[33.140023,10.739036],[33.141418,10.750818],[33.14824,10.766036],[33.174646,10.812287],[33.178367,10.824534],[33.182088,10.843241],[33.132504,11.213903],[33.082921,11.584565],[33.083231,11.599164],[33.087727,11.608853],[33.091447,11.614796],[33.104573,11.630583],[33.115994,11.646939],[33.129016,11.67549],[33.132427,11.686213],[33.146018,11.81866],[33.144984,11.934673],[33.203017,12.128098],[33.209218,12.210367],[32.731779,12.216155],[32.728834,12.211917],[32.728524,12.206853],[32.729712,12.201065],[32.730384,12.194864],[32.730074,12.181893],[32.726198,12.157941],[32.725268,12.145255],[32.725733,12.132336],[32.73302,12.085982],[32.745577,12.051126],[32.747592,12.039525],[32.748213,12.026812],[32.746662,12.002731],[32.414434,12.001271],[32.082207,11.999811],[32.34524,11.709106],[32.34834,11.703163],[32.352991,11.687376],[32.354852,11.675774],[32.359812,11.573481],[32.345705,11.41163],[32.348754,11.30758],[32.364153,11.240013],[32.435363,11.107023],[32.430713,11.082193],[32.414073,11.050851],[32.17848,10.853202],[31.942887,10.655552],[31.929865,10.636923],[31.864184,10.472127],[31.801965,10.376241],[31.774215,10.348775],[31.664816,10.214236],[31.449816,10.003279],[31.234817,9.792323],[31.164382,9.764005],[30.950234,9.752455],[30.94991,9.752446],[30.83696,9.749354],[30.824092,9.746176],[30.804817,9.738942],[30.793035,9.728012],[30.779082,9.719873],[30.765284,9.724291],[30.749265,9.735763],[30.484578,9.972028],[30.248779,10.121257],[30.012979,10.270485],[29.967814,10.243329],[29.700957,10.115017],[29.64587,10.081711],[29.615432,10.058147],[29.613882,9.914461],[29.567321,9.841364],[29.483089,9.761679],[29.252354,9.711165],[29.132258,9.667731],[29.009474,9.603239],[28.989476,9.58709],[28.913833,9.529031],[28.84933,9.465901],[28.828745,9.427474],[28.827372,9.38493],[28.831489,9.349248],[28.843841,9.324545],[28.84255,9.324556],[28.44383,9.327981],[28.04511,9.331407],[27.997076,9.38493],[27.895072,9.59541],[27.884788,9.591379],[27.868355,9.588511],[27.769602,9.583318],[27.641496,9.601947],[27.635915,9.601379],[27.615089,9.595798],[27.609301,9.595178],[27.528066,9.605358],[27.385129,9.60479],[27.33924,9.612799],[27.080393,9.606831],[26.694318,9.476942],[26.683621,9.476012],[26.625744,9.480663],[26.600887,9.49198],[26.556859,9.520454],[26.368163,9.739717],[26.179466,9.95898],[26.102623,9.987841],[26.102313,9.988163],[26.088206,10.002827],[26.076423,10.01771],[26.016685,10.114862],[26.010794,10.122691],[26.007229,10.125998],[26.000872,10.131062],[25.998082,10.132458],[25.9709,10.140312],[25.955707,10.146901],[25.919689,10.167856],[25.911937,10.174212],[25.905426,10.181266],[25.902791,10.185529],[25.90093,10.191059],[25.894884,10.34583],[25.893644,10.351333],[25.891628,10.355984],[25.886512,10.364304],[25.843053,10.417815],[25.839332,10.420554],[25.82848,10.419546],[25.78378,10.407893],[25.762799,10.397739],[25.753962,10.395336],[25.745901,10.394405],[25.705748,10.395956],[25.699961,10.395026],[25.684148,10.390685],[25.661358,10.387016],[25.629061,10.386706],[25.623324,10.385853],[25.58033,10.375311],[25.506484,10.349628],[25.503383,10.349163],[25.490826,10.345597],[25.479509,10.343814],[25.439305,10.345209],[25.427212,10.344124],[25.415844,10.342031],[25.400961,10.336993],[25.391504,10.332652],[25.381272,10.329448],[25.369335,10.328208],[25.362927,10.32813],[25.351145,10.326813],[25.346029,10.325262],[25.327425,10.316581],[25.321999,10.315651],[25.316211,10.315573],[25.305359,10.317123],[25.299778,10.316658],[25.290166,10.313093],[25.28474,10.311852],[25.278694,10.312007],[25.272803,10.313015],[25.267067,10.314798],[25.25699,10.319216],[25.251512,10.320999],[25.239575,10.323014],[25.232754,10.322317],[25.225623,10.320611],[25.216631,10.316968],[25.209965,10.316116],[25.198286,10.317588],[25.19255,10.317433],[25.168365,10.308132],[25.156893,10.306245],[25.131261,10.308287],[25.120564,10.30609],[25.105992,10.300354],[25.090282,10.295755],[25.084081,10.293223],[25.07695,10.286867],[25.067028,10.27493],[25.017057,10.168011],[25.014421,10.157366],[25.013646,10.149072],[25.015816,10.138039],[25.017367,10.133],[25.025583,10.114164],[25.028684,10.103906],[25.029304,10.098248],[25.028994,10.092047],[25.027754,10.086155],[25.016901,10.056752],[24.990702,10.00306],[24.984965,9.985593],[24.976284,9.967351],[24.967861,9.955957],[24.954373,9.942237],[24.926933,9.90521],[24.913859,9.890715],[24.879287,9.869915],[24.844819,9.841674],[24.836292,9.836636],[24.827611,9.832683],[24.816759,9.830745],[24.807302,9.830047],[24.803685,9.829169],[24.799809,9.825215],[24.796398,9.818859],[24.792677,9.798369],[24.794383,9.532184],[24.792522,9.520402],[24.785236,9.497509],[24.723948,9.429219],[24.694957,9.402916],[24.686999,9.391366],[24.680178,9.373357],[24.660954,9.182283],[24.659869,9.176986],[24.655993,9.167297],[24.565353,9.014851],[24.559307,8.999865],[24.558377,8.993354],[24.558377,8.886746],[24.552795,8.880079],[24.542874,8.874653],[24.493833,8.858349],[24.402882,8.848893],[24.380093,8.844216],[24.270849,8.775719],[24.240566,8.761534],[24.182999,8.717919],[24.176953,8.709857],[24.174782,8.695646],[24.170328,8.689327],[24.114011,8.681642],[24.009624,8.698876],[23.981306,8.694173],[23.962082,8.697015],[23.922291,8.713449],[23.866687,8.70779],[23.803436,8.72213],[23.768916,8.721252],[23.737496,8.70686],[23.72127,8.702002],[23.689127,8.710684],[23.657088,8.710012],[23.644065,8.715154],[23.629079,8.725593],[23.61337,8.732233],[23.59642,8.734145],[23.578023,8.730476],[23.56407,8.722699],[23.540506,8.704793],[23.525726,8.701485],[23.505262,8.710736],[23.49007,8.732595],[23.481801,8.759363],[23.482318,8.783393],[23.495444,8.809438],[23.536682,8.85561],[23.553632,8.883154],[23.565931,8.940024],[23.567481,8.974828],[23.560143,8.996455],[23.542573,8.997281],[23.505469,8.961082],[23.478081,8.958912],[23.451416,8.974182],[23.43829,8.994543],[23.435706,9.018934],[23.45772,9.146161],[23.462821,9.153725],[23.474257,9.170682],[23.48945,9.176702],[23.521799,9.175358],[23.537922,9.178149],[23.549498,9.185254],[23.571408,9.207294],[23.610062,9.255457],[23.623291,9.265637],[23.63218,9.277574],[23.630733,9.292173],[23.620501,9.322869],[23.621845,9.34062],[23.646856,9.418393],[23.646339,9.425033],[23.640861,9.43312],[23.63497,9.435394],[23.627529,9.435084],[23.619984,9.447719],[23.617194,9.457176],[23.618537,9.488311],[23.61647,9.501463],[23.606755,9.526241],[23.606135,9.537171],[23.618537,9.566084],[23.655538,9.622463],[23.669077,9.652022],[23.674038,9.69034],[23.644789,9.863068],[23.624015,9.907768],[23.457617,10.173747],[23.291219,10.439726],[23.109421,10.614495],[23.005551,10.686817],[22.863234,10.891817],[22.861064,10.919154]]],[[[37.26531,20.855048],[37.275645,20.848049],[37.279145,20.845649],[37.283539,20.83275],[37.271821,20.766099],[37.264496,20.749986],[37.254405,20.749823],[37.244151,20.77265],[37.243419,20.804023],[37.250824,20.834662],[37.26531,20.855048]]]]}},{"type":"Feature","properties":{"name":"Djibouti","ISO3166-1-Alpha-3":"DJI","ISO3166-1-Alpha-2":"DJ"},"geometry":{"type":"Polygon","coordinates":[[[43.240733,11.48786],[43.188815,11.407764],[42.923715,10.998787],[42.908109,11.004187],[42.898084,10.995687],[42.888059,10.983568],[42.873279,10.978246],[42.860153,10.980416],[42.835452,10.987444],[42.794111,10.991604],[42.771787,10.996462],[42.754837,11.010544],[42.729619,11.06501],[42.710395,11.072116],[42.686521,11.073046],[42.615621,11.08966],[42.608145,11.089088],[42.569732,11.086146],[42.479712,11.059119],[42.413256,11.015944],[42.391758,11.005893],[42.376669,11.006668],[42.361166,11.011887],[42.338532,11.015504],[42.305872,11.004601],[42.297294,11.003774],[42.279414,11.004394],[42.270835,11.003516],[42.235179,10.987703],[42.221639,10.984344],[42.202726,10.98455],[42.151359,10.996203],[42.096272,10.990261],[42.069401,10.981501],[42.038395,10.950444],[42.0108,10.943597],[41.954162,10.941271],[41.947341,10.938532],[41.942793,10.933546],[41.937522,10.929825],[41.928841,10.931065],[41.922846,10.936026],[41.920262,10.941943],[41.916852,10.947059],[41.79872,10.970675],[41.773811,10.980054],[41.766523,10.989466],[41.761306,10.996203],[41.779289,11.024677],[41.785594,11.067388],[41.787971,11.259727],[41.775672,11.368429],[41.749834,11.483383],[41.74911,11.537953],[41.778669,11.628645],[41.792415,11.704455],[41.808228,11.736236],[41.823007,11.746106],[41.862282,11.763056],[41.872203,11.775871],[41.877784,11.790134],[41.886259,11.796025],[41.897525,11.799384],[41.911477,11.805947],[41.925327,11.816437],[41.936386,11.827445],[41.97468,11.88091],[42.057308,11.996271],[42.097719,12.070169],[42.108778,12.082106],[42.132343,12.093475],[42.140301,12.105826],[42.155494,12.142257],[42.288715,12.321006],[42.319205,12.386377],[42.379459,12.465907],[42.430929,12.520322],[42.448499,12.523371],[42.475681,12.516343],[42.521569,12.496241],[42.678252,12.360022],[42.691482,12.378832],[42.696187,12.380126],[42.727758,12.388806],[42.741401,12.408081],[42.749876,12.417073],[42.779745,12.422602],[42.792251,12.429165],[42.798038,12.456088],[42.788737,12.487456],[42.785223,12.517222],[42.828838,12.557633],[42.852092,12.611738],[42.868835,12.626155],[42.877723,12.62507],[42.890126,12.615407],[42.900358,12.616389],[43.117686,12.707913],[43.133962,12.697211],[43.143321,12.679511],[43.151134,12.659735],[43.161794,12.642727],[43.259613,12.533352],[43.283214,12.496527],[43.297374,12.482001],[43.312999,12.477688],[43.329356,12.488756],[43.329356,12.453559],[43.331228,12.436713],[43.336192,12.419908],[43.344086,12.406155],[43.353201,12.395209],[43.360525,12.383002],[43.363536,12.365302],[43.364757,12.327135],[43.367849,12.306871],[43.374034,12.292955],[43.411388,12.241767],[43.414317,12.224921],[43.411388,12.166653],[43.418712,12.091254],[43.413341,12.059272],[43.398774,12.029527],[43.377126,12.004828],[43.350434,11.987942],[43.34254,11.985663],[43.315684,11.981106],[43.288341,11.967434],[43.268403,11.963813],[43.225434,11.962877],[43.206554,11.957831],[43.174001,11.935004],[43.097179,11.84455],[43.09197,11.841295],[43.086029,11.838853],[43.076182,11.834703],[43.069184,11.830268],[43.064708,11.823432],[43.060883,11.809556],[43.055512,11.803616],[43.041515,11.798529],[42.986827,11.796088],[42.972504,11.790839],[42.95753,11.780463],[42.942638,11.77383],[42.915538,11.783596],[42.896495,11.780585],[42.803396,11.747992],[42.777192,11.732245],[42.75408,11.707953],[42.684093,11.582261],[42.677419,11.573676],[42.667979,11.568549],[42.636974,11.559556],[42.627696,11.559068],[42.60377,11.563381],[42.577403,11.562405],[42.569021,11.563381],[42.563487,11.567206],[42.554047,11.580268],[42.548595,11.583808],[42.526866,11.582465],[42.515147,11.574123],[42.514985,11.567206],[42.528087,11.570217],[42.532481,11.548489],[42.532481,11.547471],[42.533051,11.523505],[42.538748,11.502997],[42.571625,11.490465],[42.591563,11.47248],[42.60377,11.46776],[42.617686,11.470282],[42.633556,11.484809],[42.644786,11.488227],[42.653494,11.485907],[42.662852,11.481635],[42.672537,11.479722],[42.681651,11.484524],[42.687511,11.497219],[42.680675,11.504788],[42.670421,11.509955],[42.665294,11.51557],[42.674083,11.532131],[42.694102,11.545966],[42.739757,11.563381],[42.807465,11.571275],[42.829112,11.576972],[42.839529,11.584459],[42.847504,11.592719],[42.855805,11.595771],[42.866954,11.587592],[42.875173,11.583686],[42.900727,11.584052],[43.040538,11.585924],[43.06186,11.590155],[43.081798,11.589545],[43.103363,11.576972],[43.123057,11.581488],[43.133556,11.595282],[43.141124,11.608588],[43.151866,11.611762],[43.157888,11.601304],[43.172211,11.542873],[43.173106,11.541653],[43.183849,11.526557],[43.19516,11.518297],[43.226329,11.501899],[43.240733,11.48786]]]}},{"type":"Feature","properties":{"name":"Eritrea","ISO3166-1-Alpha-3":"ERI","ISO3166-1-Alpha-2":"ER"},"geometry":{"type":"MultiPolygon","coordinates":[[[[43.117686,12.707913],[42.900358,12.616389],[42.890126,12.615407],[42.877723,12.62507],[42.868835,12.626155],[42.852092,12.611738],[42.828838,12.557633],[42.785223,12.517222],[42.788737,12.487456],[42.798038,12.456088],[42.792251,12.429165],[42.779745,12.422602],[42.749876,12.417073],[42.741401,12.408081],[42.727758,12.388806],[42.696187,12.380126],[42.691482,12.378832],[42.678252,12.360022],[42.521569,12.496241],[42.475681,12.516343],[42.448499,12.523371],[42.430929,12.520322],[42.379459,12.465907],[42.33171,12.515465],[42.250165,12.623985],[42.184949,12.733048],[42.137304,12.77333],[42.0817,12.803922],[42.024649,12.82697],[41.946617,12.876166],[41.894321,12.94797],[41.8166,13.112792],[41.784767,13.164572],[41.750764,13.208316],[41.7118,13.247926],[41.635525,13.309344],[41.530726,13.393783],[41.357093,13.502278],[41.222217,13.586614],[41.192038,13.615863],[41.121345,13.738181],[41.043623,13.872488],[40.93779,13.989922],[40.833197,14.105962],[40.772322,14.148362],[40.704419,14.173219],[40.614089,14.185802],[40.585874,14.19469],[40.479834,14.244403],[40.421646,14.273755],[40.353687,14.335241],[40.277055,14.404574],[40.237678,14.427441],[40.194373,14.444649],[40.104559,14.465966],[40.086886,14.465759],[40.037483,14.451522],[40.023221,14.45116],[39.999839,14.455238],[39.979812,14.458731],[39.961519,14.454209],[39.93072,14.428784],[39.911186,14.42341],[39.892273,14.426562],[39.87708,14.433616],[39.824473,14.478135],[39.796878,14.495111],[39.766906,14.504775],[39.735073,14.503715],[39.722985,14.501717],[39.677712,14.494233],[39.650944,14.496584],[39.599474,14.511648],[39.59379,14.514567],[39.587692,14.520278],[39.567331,14.544307],[39.552138,14.556684],[39.532295,14.567587],[39.515035,14.56782],[39.50718,14.547821],[39.489403,14.524489],[39.448579,14.505111],[39.36662,14.482916],[39.347603,14.481805],[39.293446,14.490305],[39.268538,14.48643],[39.254999,14.474415],[39.233191,14.440438],[39.20818,14.440179],[39.187509,14.477205],[39.158467,14.560146],[39.144721,14.581566],[39.127461,14.602211],[39.107308,14.620116],[39.0855,14.633475],[39.075475,14.637402],[39.04695,14.643758],[39.011189,14.647763],[39.009742,14.651226],[38.996823,14.638901],[38.995273,14.622261],[38.996823,14.60358],[38.993826,14.585157],[38.979667,14.567122],[38.959203,14.554642],[38.917552,14.535703],[38.884582,14.506247],[38.866082,14.493664],[38.821537,14.489478],[38.761902,14.465449],[38.742885,14.461056],[38.724385,14.459403],[38.706195,14.46116],[38.688005,14.467103],[38.668471,14.467723],[38.606563,14.436484],[38.569356,14.426821],[38.492978,14.418294],[38.443679,14.418656],[38.435204,14.416305],[38.426832,14.417183],[38.41443,14.426304],[38.409056,14.43527],[38.402338,14.456871],[38.394276,14.464312],[38.340636,14.492682],[38.32503,14.504594],[38.313351,14.519347],[38.305186,14.536917],[38.295678,14.574874],[38.28927,14.587741],[38.278831,14.595467],[38.267152,14.601771],[38.257644,14.610427],[38.252683,14.62022],[38.247825,14.647712],[38.245841,14.652474],[38.239557,14.667555],[38.229325,14.679725],[38.213925,14.685875],[38.190258,14.687322],[38.13331,14.677762],[38.115223,14.681017],[38.006703,14.7244],[37.998435,14.730911],[37.99275,14.740755],[37.992027,14.749514],[37.989856,14.757317],[37.980038,14.764552],[37.968772,14.766387],[37.964432,14.771193],[37.962261,14.777859],[37.958437,14.785093],[37.957817,14.788194],[37.958127,14.798762],[37.95761,14.802844],[37.954096,14.806255],[37.944381,14.80734],[37.94004,14.81088],[37.92092,14.847519],[37.908828,14.864727],[37.891464,14.879532],[37.85064,14.783879],[37.785631,14.632183],[37.721242,14.481753],[37.658507,14.335173],[37.601043,14.200917],[37.564973,14.116685],[37.553707,14.105497],[37.535724,14.11684],[37.525285,14.128829],[37.520634,14.145443],[37.519498,14.170997],[37.5165,14.180557],[37.508749,14.188127],[37.498517,14.193088],[37.488182,14.194897],[37.475366,14.199574],[37.469371,14.210813],[37.464307,14.235825],[37.456969,14.254609],[37.452628,14.260578],[37.412217,14.293599],[37.397748,14.301738],[37.394957,14.312383],[37.395474,14.335173],[37.394027,14.350081],[37.390203,14.358169],[37.374907,14.373026],[37.33708,14.426356],[37.318166,14.43713],[37.293775,14.457439],[37.280029,14.45545],[37.258221,14.448111],[37.184221,14.449558],[37.149701,14.441936],[37.121072,14.420826],[37.105879,14.399226],[37.097818,14.379511],[37.094407,14.35915],[37.093787,14.335173],[37.090997,14.314218],[37.083452,14.297733],[37.072703,14.285305],[37.060197,14.27683],[37.052446,14.275331],[37.034256,14.277502],[37.026091,14.27683],[37.011518,14.265074],[37.005627,14.263162],[36.995395,14.264092],[36.986714,14.266831],[36.978859,14.27112],[36.970901,14.27683],[36.952814,14.300963],[36.946923,14.304735],[36.913746,14.309024],[36.848531,14.327783],[36.816388,14.332072],[36.748072,14.332072],[36.738357,14.329798],[36.72213,14.320057],[36.713655,14.317784],[36.668593,14.317784],[36.648543,14.31458],[36.61764,14.300446],[36.603791,14.29732],[36.5825,14.296751],[36.565654,14.292927],[36.553045,14.282773],[36.545707,14.263162],[36.52638,14.263523],[36.504262,14.447336],[36.489173,14.571231],[36.47398,14.696804],[36.462199,14.793766],[36.45548,14.849069],[36.435119,15.01663],[36.423647,15.111508],[36.425094,15.133444],[36.433156,15.150859],[36.506743,15.220338],[36.524933,15.247908],[36.575576,15.393428],[36.595109,15.424331],[36.627872,15.445622],[36.614126,15.489262],[36.61671,15.531534],[36.670971,15.723124],[36.683269,15.74519],[36.732672,15.794748],[36.759544,15.837484],[36.8075,15.969311],[36.852665,16.093644],[36.885944,16.184853],[36.902171,16.211001],[36.944029,16.252859],[36.954261,16.278284],[36.951574,16.299575],[36.933383,16.340089],[36.928216,16.361121],[36.929663,16.382464],[36.933177,16.400395],[36.933693,16.418069],[36.927313,16.435393],[36.926252,16.438274],[36.912093,16.456619],[36.896383,16.472742],[36.883361,16.490416],[36.876539,16.513567],[36.877263,16.527313],[36.889562,16.567207],[36.892559,16.586534],[36.890699,16.619142],[36.892352,16.636867],[36.901447,16.655729],[36.91664,16.668958],[36.94961,16.69185],[36.960359,16.705648],[36.984957,16.765696],[36.988781,16.825537],[36.990641,16.829982],[36.997876,16.837991],[36.999736,16.842126],[36.998496,16.847965],[36.992605,16.856957],[36.991261,16.860781],[36.993121,16.900933],[36.990641,16.913646],[36.981959,16.925996],[36.971521,16.935815],[36.96811,16.946615],[36.992398,16.980205],[36.997049,16.999532],[36.993431,17.018652],[36.973588,17.045214],[36.971314,17.054102],[36.97337,17.062083],[36.973484,17.062526],[36.980099,17.070019],[37.000459,17.072602],[37.016376,17.065833],[37.031465,17.055808],[37.049345,17.04878],[37.07508,17.044542],[37.085415,17.040873],[37.124069,17.018032],[37.133991,17.01643],[37.188252,17.024905],[37.203134,17.022786],[37.233417,17.024647],[37.280959,17.052965],[37.309795,17.055343],[37.403432,17.029918],[37.45976,17.09472],[37.468028,17.114667],[37.472782,17.136991],[37.494693,17.174612],[37.500997,17.195076],[37.505648,17.236778],[37.504718,17.254969],[37.493556,17.300754],[37.496036,17.312174],[37.506785,17.318479],[37.63918,17.358011],[37.679591,17.363437],[37.720415,17.38385],[37.763927,17.45909],[37.79886,17.477126],[37.819221,17.4717],[37.849193,17.444001],[37.872034,17.437283],[37.895909,17.442554],[37.915546,17.457023],[37.946862,17.495729],[38.014424,17.539344],[38.015385,17.539964],[38.038846,17.548181],[38.06179,17.548077],[38.071195,17.538104],[38.072229,17.521464],[38.070782,17.501465],[38.076466,17.479864],[38.091452,17.480019],[38.107989,17.493817],[38.118427,17.512937],[38.118737,17.523428],[38.116154,17.530301],[38.114913,17.536657],[38.119461,17.545597],[38.125352,17.546527],[38.160595,17.557327],[38.176822,17.547561],[38.192015,17.532729],[38.209688,17.522291],[38.233356,17.525701],[38.250202,17.541824],[38.252786,17.561617],[38.251546,17.582804],[38.25661,17.602544],[38.27387,17.617789],[38.323479,17.640888],[38.343737,17.655926],[38.371332,17.698817],[38.431587,17.851986],[38.459285,17.890744],[38.601573,18.004828],[38.603689,17.994371],[38.613048,17.983466],[38.620372,17.952582],[38.662934,17.894965],[38.66627,17.884955],[38.667491,17.864447],[38.66977,17.85399],[38.687836,17.829413],[38.690929,17.823635],[38.695811,17.806627],[38.789724,17.668891],[38.85963,17.513251],[38.929047,17.397121],[38.953298,17.312242],[38.964692,17.292304],[38.952647,17.253485],[38.971202,17.223334],[38.998546,17.19595],[39.012462,17.165351],[39.017589,17.126695],[39.026134,17.093085],[39.055919,17.034125],[39.060313,17.014838],[39.06365,16.97427],[39.068858,16.953925],[39.084483,16.924872],[39.090017,16.884223],[39.094981,16.867743],[39.12794,16.794867],[39.149669,16.716946],[39.135997,16.723782],[39.155935,16.679145],[39.161388,16.657172],[39.163341,16.62816],[39.144867,16.609361],[39.160981,16.563788],[39.156505,16.538153],[39.149669,16.544989],[39.15089,16.529446],[39.160655,16.525133],[39.171641,16.524848],[39.177013,16.52143],[39.175548,16.48664],[39.177013,16.477362],[39.180675,16.468207],[39.185069,16.460517],[39.188975,16.451809],[39.190603,16.439439],[39.18922,16.399888],[39.190603,16.387356],[39.194102,16.378119],[39.203136,16.362209],[39.204845,16.349799],[39.20338,16.337551],[39.197276,16.312812],[39.197439,16.29857],[39.228038,16.168036],[39.232188,16.123847],[39.235606,16.10871],[39.258962,16.058987],[39.294119,15.928778],[39.313487,15.893948],[39.37322,15.858466],[39.382498,15.842963],[39.390391,15.83633],[39.427013,15.82038],[39.437022,15.811957],[39.437511,15.799018],[39.432628,15.788153],[39.426443,15.778144],[39.42335,15.767564],[39.426524,15.755805],[39.440684,15.740912],[39.443858,15.73314],[39.445323,15.706529],[39.450857,15.690497],[39.477875,15.661119],[39.460623,15.659613],[39.448741,15.649807],[39.444591,15.63524],[39.450694,15.619574],[39.454926,15.628119],[39.464041,15.638332],[39.474946,15.642646],[39.484874,15.633857],[39.482758,15.614936],[39.46339,15.605902],[39.440929,15.603176],[39.430186,15.603095],[39.432465,15.593655],[39.450694,15.565579],[39.455251,15.531887],[39.45753,15.524604],[39.47169,15.519436],[39.494884,15.517524],[39.516856,15.520087],[39.526378,15.528022],[39.533946,15.539781],[39.551768,15.542304],[39.572032,15.538398],[39.587169,15.531399],[39.611339,15.499986],[39.663585,15.336168],[39.667735,15.332506],[39.686534,15.325629],[39.690766,15.322211],[39.693044,15.304674],[39.698985,15.288031],[39.707693,15.273871],[39.718272,15.263902],[39.70338,15.209377],[39.698253,15.123603],[39.70045,15.119534],[39.709809,15.113023],[39.712087,15.10932],[39.715587,15.094062],[39.725108,15.086168],[39.738129,15.085639],[39.752289,15.092597],[39.762218,15.07392],[39.773692,15.071031],[39.789399,15.075588],[39.81129,15.078925],[39.818207,15.08397],[39.823741,15.095649],[39.826182,15.108222],[39.824718,15.116523],[39.819672,15.1258],[39.823497,15.13227],[39.835623,15.140367],[39.854666,15.173489],[39.856781,15.192939],[39.836762,15.226793],[39.825938,15.266913],[39.817719,15.281236],[39.804454,15.28144],[39.796397,15.266018],[39.789724,15.257473],[39.780935,15.278144],[39.778494,15.297593],[39.780935,15.34927],[39.779633,15.360419],[39.774587,15.379381],[39.773448,15.39053],[39.775727,15.402737],[39.781261,15.406724],[39.787934,15.408677],[39.793793,15.41474],[39.800466,15.44892],[39.80714,15.458889],[39.8213,15.448879],[39.828136,15.448879],[39.829112,15.456855],[39.835623,15.476142],[39.841645,15.476142],[39.842052,15.472968],[39.841645,15.463121],[39.852712,15.471584],[39.865977,15.492987],[39.875255,15.504096],[39.889985,15.478217],[39.910004,15.457424],[40.005138,15.381008],[40.019786,15.373765],[40.042817,15.368883],[40.050792,15.366116],[40.060802,15.360093],[40.072439,15.350735],[40.079926,15.340725],[40.083181,15.330227],[40.081309,15.319159],[40.074067,15.307278],[40.056163,15.293402],[40.047211,15.284369],[40.041759,15.274848],[40.026622,15.237209],[40.037771,15.238186],[40.046235,15.235785],[40.052013,15.22956],[40.053966,15.219224],[40.051524,15.216254],[40.04127,15.21247],[40.039724,15.209296],[40.041515,15.204983],[40.046235,15.200995],[40.047211,15.198432],[40.052501,15.190131],[40.075938,15.173163],[40.081309,15.164537],[40.084158,15.151801],[40.097179,15.125881],[40.101817,15.113023],[40.101248,15.101874],[40.098481,15.088813],[40.097504,15.075832],[40.101817,15.064643],[40.114268,15.069037],[40.12794,15.06623],[40.138927,15.058661],[40.143321,15.048529],[40.145274,15.040188],[40.149669,15.038316],[40.154307,15.037299],[40.157074,15.031155],[40.156505,15.02204],[40.15089,15.007066],[40.149587,15.000067],[40.159434,14.982245],[40.182628,14.970852],[40.256602,14.945258],[40.272634,14.937567],[40.279959,14.93183],[40.286794,14.913479],[40.301768,14.916897],[40.324555,14.935533],[40.347179,14.944078],[40.362966,14.964097],[40.375743,14.986721],[40.389822,15.003241],[40.38852,14.987372],[40.3921,14.973578],[40.401378,14.966132],[40.417735,14.969062],[40.423025,14.977851],[40.420746,14.989244],[40.422699,14.99901],[40.440684,15.003241],[40.451427,15.003852],[40.454438,15.004462],[40.464854,14.997016],[40.463227,14.993598],[40.461111,14.986558],[40.463145,14.979682],[40.475352,14.976508],[40.482595,14.973578],[40.485606,14.967678],[40.489513,14.962551],[40.499034,14.962226],[40.505626,14.965277],[40.511485,14.970526],[40.516368,14.97663],[40.520193,14.982733],[40.515147,14.99079],[40.51295,14.998765],[40.512706,15.017483],[40.518321,15.012519],[40.523123,15.001695],[40.527029,14.997016],[40.55421,14.99018],[40.556651,14.981676],[40.555837,14.972968],[40.555919,14.964097],[40.561046,14.95539],[40.568696,14.950507],[40.573741,14.951483],[40.579356,14.954413],[40.58839,14.95539],[40.6067,14.952948],[40.616384,14.948676],[40.620616,14.939276],[40.624278,14.900092],[40.627696,14.891995],[40.656586,14.880316],[40.652029,14.897121],[40.660411,14.902574],[40.687673,14.900824],[40.694509,14.896226],[40.697439,14.887397],[40.692719,14.881903],[40.677094,14.887152],[40.670909,14.880316],[40.718761,14.831855],[40.719249,14.834174],[40.722667,14.835924],[40.727387,14.834133],[40.732432,14.82567],[40.733735,14.818183],[40.732432,14.790961],[40.724132,14.768256],[40.723888,14.757066],[40.732432,14.74372],[40.757986,14.72602],[40.766368,14.714586],[40.766449,14.695299],[40.777029,14.701809],[40.786632,14.706041],[40.796886,14.706773],[40.808116,14.702826],[40.808116,14.722073],[40.831065,14.712226],[40.884451,14.714545],[40.91391,14.699123],[40.944672,14.677314],[40.972667,14.669623],[41.040212,14.667426],[41.156098,14.641588],[41.167491,14.636949],[41.179535,14.621772],[41.195649,14.58511],[41.208751,14.568101],[41.253184,14.537665],[41.28297,14.517564],[41.306814,14.488918],[41.32252,14.454535],[41.328298,14.417629],[41.335948,14.402004],[41.352387,14.392157],[41.368988,14.384752],[41.376638,14.376288],[41.381033,14.368801],[41.399669,14.346666],[41.412771,14.306545],[41.433604,14.282131],[41.479666,14.242865],[41.50587,14.213446],[41.514496,14.199205],[41.521332,14.181383],[41.528982,14.14883],[41.533458,14.136949],[41.541759,14.126166],[41.555431,14.115912],[41.588634,14.096177],[41.605968,14.081773],[41.620942,14.063625],[41.657237,13.996487],[41.667817,13.955146],[41.676524,13.940253],[41.740082,13.921536],[41.753429,13.920722],[41.785655,13.932807],[41.798106,13.934394],[41.806,13.929674],[41.82545,13.896796],[41.841563,13.880316],[41.848969,13.876166],[41.863292,13.872952],[41.874278,13.873196],[41.896495,13.878811],[41.904307,13.879788],[41.92156,13.873114],[41.956798,13.850531],[41.969737,13.845649],[41.980968,13.837795],[41.986013,13.819485],[41.988943,13.798774],[41.993663,13.783596],[42.034923,13.752265],[42.041352,13.739163],[42.045746,13.739],[42.068696,13.708441],[42.075531,13.69477],[42.07781,13.693427],[42.086762,13.689521],[42.089203,13.687974],[42.093598,13.676459],[42.09962,13.654364],[42.106619,13.643541],[42.116954,13.640774],[42.129242,13.645575],[42.139496,13.65119],[42.143809,13.650377],[42.147309,13.64411],[42.164561,13.632392],[42.171153,13.626532],[42.175141,13.617255],[42.180837,13.594143],[42.184825,13.585598],[42.208018,13.568549],[42.212169,13.567572],[42.215994,13.55386],[42.223888,13.553941],[42.230235,13.560004],[42.229503,13.56387],[42.224294,13.567613],[42.209972,13.585761],[42.206554,13.591742],[42.2046,13.593492],[42.201427,13.59516],[42.198741,13.5987],[42.198497,13.606024],[42.201671,13.606391],[42.215587,13.605658],[42.219005,13.606024],[42.219737,13.632554],[42.206309,13.643866],[42.18922,13.652737],[42.167735,13.653795],[42.159923,13.656562],[42.162364,13.662299],[42.171641,13.667182],[42.184825,13.667467],[42.219005,13.640204],[42.25587,13.591986],[42.270356,13.585598],[42.288422,13.574612],[42.29477,13.549954],[42.294688,13.509223],[42.305919,13.476142],[42.314789,13.461005],[42.32545,13.454576],[42.335216,13.443508],[42.34254,13.418118],[42.358084,13.302476],[42.372325,13.278632],[42.377696,13.230048],[42.376801,13.225491],[42.379405,13.222642],[42.410167,13.204576],[42.431326,13.198391],[42.476817,13.194525],[42.495942,13.197903],[42.507498,13.206977],[42.514415,13.220038],[42.520681,13.2355],[42.533946,13.232571],[42.537771,13.226264],[42.538097,13.217719],[42.541759,13.208197],[42.547699,13.203274],[42.554454,13.199652],[42.559906,13.194322],[42.562185,13.183987],[42.570079,13.170966],[42.620453,13.12934],[42.655447,13.072333],[42.668305,13.064154],[42.688243,13.061347],[42.7046,13.054023],[42.718272,13.044013],[42.729747,13.033149],[42.737641,13.017727],[42.747244,12.961737],[42.763682,12.925238],[42.767589,12.90648],[42.770193,12.87816],[42.773936,12.862128],[42.781261,12.851874],[42.795421,12.848375],[42.808442,12.852281],[42.821544,12.85932],[42.835785,12.864936],[42.849294,12.837836],[42.868907,12.821357],[42.896251,12.813178],[42.93214,12.81094],[42.927419,12.805854],[42.918468,12.790473],[42.927989,12.78974],[42.93572,12.791938],[42.945649,12.797309],[42.944591,12.798489],[42.963227,12.810452],[42.966319,12.81094],[42.978038,12.823961],[42.987315,12.838202],[42.989919,12.847357],[42.989513,12.854071],[42.991466,12.859605],[43.000987,12.864936],[42.994884,12.874905],[42.9935,12.884589],[42.99586,12.893297],[43.000987,12.900295],[43.02947,12.878852],[43.043142,12.865627],[43.048839,12.855292],[43.053233,12.844875],[43.06365,12.836371],[43.076182,12.828762],[43.086436,12.820868],[43.093272,12.807766],[43.094574,12.777533],[43.097179,12.762519],[43.123871,12.715318],[43.117686,12.707913]]],[[[40.386404,15.641262],[40.401134,15.640774],[40.406261,15.638129],[40.414236,15.598293],[40.408051,15.580024],[40.393891,15.572333],[40.393565,15.572496],[40.372895,15.582587],[40.365896,15.584133],[40.356619,15.586168],[40.308116,15.57453],[40.287364,15.572984],[40.265961,15.579983],[40.23113,15.596422],[40.208263,15.599677],[40.158702,15.589545],[40.148774,15.591254],[40.143321,15.592231],[40.139334,15.595852],[40.133393,15.603258],[40.129405,15.608303],[40.127045,15.610338],[40.122895,15.613878],[40.122813,15.613959],[40.11378,15.597561],[40.102224,15.589057],[40.085297,15.587633],[40.060802,15.592231],[40.020356,15.607571],[40.015147,15.608588],[40.001475,15.611274],[39.979015,15.606513],[39.978852,15.606513],[39.970388,15.617662],[39.963878,15.626288],[39.937348,15.702094],[39.948741,15.70185],[39.95574,15.699693],[39.956716,15.69595],[39.956879,15.69538],[39.950938,15.688422],[39.958995,15.683905],[39.965099,15.677924],[39.967296,15.673733],[39.969005,15.670396],[39.971446,15.661119],[39.971528,15.661119],[39.978852,15.661119],[39.988292,15.6647],[40.001475,15.659613],[40.015391,15.651923],[40.026622,15.647447],[40.026703,15.647488],[40.039317,15.648098],[40.081309,15.661119],[40.062999,15.692857],[40.038585,15.71898],[40.0088,15.736558],[39.975108,15.743069],[39.942149,15.736396],[39.930431,15.739569],[39.923595,15.75731],[39.924978,15.777045],[39.933767,15.788235],[39.946788,15.789862],[39.970551,15.774848],[39.976736,15.770982],[39.990001,15.769924],[39.993907,15.777899],[39.981944,15.795233],[39.97641,15.811957],[39.975271,15.815334],[39.994965,15.824693],[40.021251,15.827053],[40.032156,15.826321],[40.033458,15.826239],[40.037446,15.838406],[40.030772,15.854315],[40.019379,15.868109],[40.009369,15.873969],[40.009288,15.87401],[39.974376,15.871772],[39.963145,15.877102],[39.95102,15.893866],[39.950938,15.893948],[39.987478,15.891059],[40.026215,15.882636],[40.062673,15.868842],[40.084809,15.854315],[40.091563,15.84984],[40.101003,15.835639],[40.105642,15.828681],[40.105561,15.82864],[40.100597,15.814154],[40.09018,15.803127],[40.088145,15.792141],[40.095714,15.784613],[40.105154,15.784247],[40.114594,15.787787],[40.122813,15.792141],[40.121104,15.795803],[40.116222,15.802558],[40.115408,15.809027],[40.125987,15.811957],[40.136485,15.80622],[40.138764,15.793321],[40.138927,15.792222],[40.133067,15.711168],[40.135916,15.695868],[40.141287,15.684109],[40.142426,15.681464],[40.160167,15.652411],[40.163829,15.644355],[40.173595,15.643622],[40.232107,15.627021],[40.247406,15.655015],[40.253184,15.661119],[40.261567,15.663235],[40.248057,15.668118],[40.227794,15.674018],[40.219168,15.685329],[40.219086,15.68537],[40.226573,15.696479],[40.244477,15.702094],[40.266938,15.703518],[40.287364,15.702094],[40.298595,15.700019],[40.307628,15.697211],[40.311453,15.695258],[40.315115,15.693427],[40.321544,15.688422],[40.32545,15.680854],[40.326915,15.67182],[40.329926,15.664252],[40.338552,15.661119],[40.352712,15.658026],[40.373546,15.644355],[40.386404,15.641262]]],[[[40.095388,16.047349],[40.080577,16.034166],[40.077403,16.019029],[40.083669,16.013332],[40.092296,16.008775],[40.099376,16.002102],[40.10963,15.995103],[40.114513,15.985907],[40.09669,15.981024],[40.067393,15.990465],[40.042979,16.003404],[40.000011,16.007758],[39.990001,16.017727],[39.990245,16.034247],[39.99822,16.049628],[40.01588,16.056138],[40.038341,16.057929],[40.047211,16.063463],[40.043793,16.071845],[40.041759,16.08161],[40.041352,16.092108],[40.043224,16.103095],[40.050466,16.107245],[40.075694,16.08808],[40.083018,16.08397],[40.092947,16.081732],[40.111013,16.073961],[40.118826,16.061998],[40.11199,16.052883],[40.095388,16.047349]]]]}},{"type":"Feature","properties":{"shapeName":"Ethiopia","shapeISO":"ETH","shapeID":"96871213B60890837709686","shapeGroup":"ETH","shapeType":"ADM0","source":"geoBoundaries gbOpen ETH ADM0, boundary year 2016"},"geometry":{"type":"Polygon","coordinates":[[[37.9463085954226,14.835202556762416],[37.94454433793943,14.841961131251065],[37.94113468188334,14.846023192612014],[37.92363655130992,14.826669583980465],[37.90296551175652,14.810583966254548],[37.87649724992947,14.800418591642456],[37.8502898081236,14.813064757082568],[37.83345816673656,14.80570492887067],[37.805594630102455,14.769481161352033],[37.78269428647361,14.735442026132933],[37.774407492798474,14.698766107453231],[37.77605379344946,14.679018116822963],[37.78357576402629,14.654291896692948],[37.774388260078894,14.630953772626794],[37.75384615442055,14.643289037165495],[37.74236804464412,14.64300132085335],[37.72450584215411,14.62432284812919],[37.716471494585925,14.603048821362234],[37.710706063223505,14.589214849890642],[37.701461582665836,14.579421052082],[37.698842556741575,14.5631378375546],[37.68933681403773,14.546338221691336],[37.679691003280226,14.528008906259485],[37.67313576720166,14.522278671020313],[37.67157442417857,14.504743910808907],[37.65800014013014,14.495321847642254],[37.64026600437838,14.490709440709676],[37.60913944730686,14.481589285390307],[37.59619290638525,14.478160355220199],[37.577495922573476,14.468494369778675],[37.57335956543137,14.455961249448626],[37.56004918477476,14.452852433802889],[37.54961775882208,14.446715943258143],[37.525598660960405,14.460575068244271],[37.508325939160066,14.461920269322068],[37.48977805396847,14.4736870957402],[37.483475741765474,14.472046893285077],[37.471954328422754,14.469298049912483],[37.45779779361181,14.47115684494169],[37.443951217772955,14.471165069641486],[37.44096682511753,14.478122535235924],[37.430570431623465,14.480790845774967],[37.41323660159571,14.474501527586309],[37.404163038468766,14.471937856340157],[37.39901796128989,14.461727542822405],[37.377933815982196,14.429113043090794],[37.359704993242104,14.417799435767106],[37.34614174240825,14.416360747502825],[37.344854204479084,14.409629230135286],[37.33751894644318,14.411698058101997],[37.33371496095556,14.417132428385505],[37.32832928058457,14.423165085991341],[37.32107949629367,14.426429622389348],[37.3150794629098,14.42924502639759],[37.31335891050328,14.43526073784465],[37.30873234658301,14.443204685870555],[37.3000939339785,14.445223319437842],[37.29072275678675,14.443206962352667],[37.2838300135069,14.43930856607164],[37.27547632955882,14.4377836510248],[37.266946592126246,14.436425118578919],[37.2588902077078,14.435337409043214],[37.25407261839554,14.430769399328792],[37.24867211054937,14.430077622410291],[37.239152055086606,14.432780689216337],[37.23231569866842,14.437432323399992],[37.227732209155135,14.440981746176146],[37.21983557254589,14.439526110655999],[37.21282188806716,14.437521688921569],[37.20712624202204,14.433059226526069],[37.200746716339424,14.425373516939123],[37.19431154042823,14.420996975250299],[37.188759408490846,14.418490310470716],[37.180517242342475,14.415099132172475],[37.17194302464968,14.413975882361358],[37.16498656592341,14.41784063287601],[37.15775713464427,14.416335889344559],[37.152957443686574,14.414314118757767],[37.148678807170306,14.411111480898269],[37.142299275049226,14.40684639378744],[37.13465984050589,14.406005440488942],[37.12966309641407,14.399617909534092],[37.126760370928395,14.393940063380866],[37.12473521017099,14.387930459436582],[37.12292113297364,14.380114899980857],[37.11764992355221,14.37259870366975],[37.11466623280439,14.367801391506514],[37.114286432213234,14.361838789129976],[37.10921608091108,14.356736559231082],[37.103345076520334,14.34399018577876],[37.10037169370254,14.333859641220727],[37.10126607294087,14.327137905080706],[37.10547772995271,14.321413192272095],[37.10461094051879,14.31400199278914],[37.10358558193544,14.307178134755821],[37.10349301406695,14.299977910320456],[37.10420188833731,14.291363275706704],[37.1015430250456,14.286516543782533],[37.09686060797155,14.283052393563963],[37.09616521151301,14.27745511500003],[37.09457206594155,14.272271868785165],[37.090114018933896,14.268596476733476],[37.08280367437106,14.267770457746249],[37.07750815951618,14.268204257712918],[37.072352344502356,14.267218822420325],[37.06595916530443,14.26252318926931],[37.05784659360178,14.263040044616437],[37.05058809211018,14.266708184632815],[37.04437340152773,14.267016660821392],[37.03883993655464,14.264845216938069],[37.03357050776659,14.258898251197555],[37.02528032930562,14.254895069180758],[37.01833181115749,14.251190708597557],[37.00891242145109,14.25008334464336],[37.00282541290431,14.253661560732635],[36.997914014610615,14.25846483394121],[36.99114612555771,14.26035351383886],[36.98723072062616,14.263706538303696],[36.984649364265074,14.268740088943176],[36.98224904989802,14.27508797813544],[36.97524893743461,14.280783781660027],[36.97004812670813,14.287684080126345],[36.9633991960813,14.29047989626594],[36.9570153406778,14.29101427630238],[36.95115974681081,14.290707090219993],[36.944539176297724,14.28969390755487],[36.93846495162444,14.291749110133106],[36.93340101218868,14.29625810144086],[36.92728656945176,14.297775607690149],[36.921420285799506,14.298989942548257],[36.91562423406955,14.300089754467344],[36.90928746930311,14.301923110588762],[36.90108584631418,14.305343031999904],[36.89540702067648,14.311429822226703],[36.887248163952094,14.312047459451485],[36.87897300166974,14.311533979630282],[36.87324721233268,14.313913273797114],[36.86891641832309,14.316643699641075],[36.864075383438376,14.318413204484106],[36.85791234359078,14.317759362324608],[36.8493816442818,14.31692318994183],[36.8414742338447,14.30933949993196],[36.83301995839707,14.307461528960928],[36.82782170084906,14.309537856498762],[36.82570197264087,14.314303563413834],[36.8174807590713,14.313296216518042],[36.80900531254443,14.313678686190983],[36.80134569146159,14.314867546801894],[36.79399610291115,14.314995560419758],[36.78756341393155,14.315837618387446],[36.77903173959235,14.317255466590938],[36.77215911983655,14.316104585500847],[36.766161530817456,14.31621343570535],[36.75942065918349,14.317903253151153],[36.75345147321256,14.318486661884574],[36.74729290406451,14.318301548793613],[36.74113292868701,14.317206827526624],[36.73512206485865,14.315765549756385],[36.729214884307574,14.310406115656042],[36.720177826356675,14.307922286512095],[36.71263838692066,14.307254308062198],[36.70579157406517,14.304729569022635],[36.69886389231648,14.301116895764558],[36.69173770001571,14.296942369845624],[36.68658627850511,14.296502006802939],[36.67925250315144,14.297970819944608],[36.6692390310976,14.300196158690603],[36.660303634926464,14.303037429329155],[36.65205065042873,14.305073660100259],[36.64379312392428,14.30673867190905],[36.63721299167544,14.308074013456434],[36.62961327709139,14.30818530698665],[36.622144384097844,14.306787002200037],[36.62136223524949,14.300493577807426],[36.61899223686716,14.293481724285206],[36.612939611246155,14.291722817719046],[36.607396234375315,14.292172062520947],[36.60044081460019,14.290405328553142],[36.59277061072165,14.286467373466024],[36.58502917994145,14.283734224495927],[36.57886128158054,14.28757488877854],[36.57098956973114,14.285413108376401],[36.56461375949341,14.283413379397937],[36.55907831890407,14.280957419840513],[36.55354580509317,14.277444386723822],[36.557403961243175,14.27085979736549],[36.56192100802495,14.266734065295918],[36.56253399169124,14.261212430714796],[36.55751784523228,14.256047542882346],[36.55035232640115,14.250832875761441],[36.543869537672535,14.251277757951256],[36.54132616652794,14.198675698442347],[36.53638647437526,14.184252352314305],[36.52221045856251,14.142851984932449],[36.51620286904234,14.125303545318722],[36.48489676672536,14.03382292844791],[36.48322967118122,14.02894985861528],[36.463611024456036,13.97159072942381],[36.49987882620937,13.847421242845876],[36.461671682236954,13.785434512983247],[36.45197791692734,13.76934482908217],[36.44629602887062,13.764710334613701],[36.4446012687788,13.757691938929723],[36.44257732724942,13.749996352731259],[36.43989770096343,13.742337766267575],[36.43603752313366,13.732130653232957],[36.43311988752882,13.724209841291959],[36.430572264184676,13.716595501147859],[36.42757012201441,13.707959750351565],[36.42386795201005,13.698242095378118],[36.42113282856707,13.691311698769177],[36.418837724636276,13.685511703411779],[36.415208062027666,13.67670696987495],[36.41207192468401,13.669384609247405],[36.41003332964181,13.663898085385869],[36.40548161646973,13.651064199634046],[36.40322500636534,13.644012310714798],[36.40182591639185,13.636035494670686],[36.40024782041312,13.627934191134635],[36.39863873808513,13.622361672590879],[36.39636662277982,13.614431024639797],[36.39453652367174,13.607065992746067],[36.39191537142232,13.59480304803141],[36.39047729561325,13.589251527385217],[36.38879519737848,13.581284212395314],[36.38689209788303,13.574141829492605],[36.38455249000116,13.567893872543165],[36.38299987470119,13.556310364297854],[36.382148452952876,13.545896585979094],[36.37854563474983,13.538486401726347],[36.37348120407568,13.533596346424078],[36.365084153862746,13.525303847533948],[36.35834838028299,13.51309492204685],[36.354487722683174,13.506044792645504],[36.350766580023496,13.500702767193578],[36.34754994511198,13.4941788394469],[36.34435981461009,13.488128870733247],[36.34156070142422,13.483203305090791],[36.33786905079694,13.476419734909719],[36.33516243879367,13.471140365076156],[36.330795516992474,13.464045992517214],[36.325947063281255,13.454099114501439],[36.323206453040164,13.44932978461094],[36.32021633390283,13.444289229459212],[36.31577390104494,13.43574223019879],[36.3114324703783,13.426943501724791],[36.30609101313304,13.418883216927258],[36.30200459991581,13.41187608432584],[36.299356489172546,13.40643876120468],[36.296511379742526,13.40218793873551],[36.293652262546644,13.396805912017351],[36.288802569328006,13.388457148260905],[36.285417928682236,13.381745737347183],[36.28253981344839,13.376742178876329],[36.27880064370156,13.366689803479327],[36.277117053657584,13.35991963792916],[36.27470742700261,13.350495452757627],[36.27383537109103,13.345346895176732],[36.271383749229145,13.33700111746062],[36.26900613889636,13.330310199825751],[36.26752706220064,13.32463069023347],[36.26655650242086,13.319322646851335],[36.265043426227706,13.31402935564113],[36.26350434186697,13.307371179874494],[36.26091671429737,13.298608938995432],[36.25965413843521,13.292051503393678],[36.259066587209425,13.286259999440533],[36.257843521613665,13.281192937460306],[36.252470522575585,13.265924515466923],[36.25091368973345,13.259576313604063],[36.248618832158016,13.252813401285424],[36.24417185513071,13.236403321595006],[36.242536775429244,13.230929796126295],[36.24038466327355,13.22263101391314],[36.23810355539971,13.215707782648389],[36.2369854897416,13.20995161164699],[36.23499389431272,13.203751650040097],[36.234044668173325,13.198370279814494],[36.231684215593916,13.189761358829188],[36.22942110749143,13.182654976190715],[36.22790603040643,13.176993466287996],[36.22613293346044,13.169378124148807],[36.223872818509165,13.160989850431259],[36.22127568482202,13.151071708425489],[36.2189915756347,13.143875334186044],[36.21690847156749,13.136490973920981],[36.215209386812056,13.130502492643673],[36.213990318486445,13.124825982950648],[36.21121817931858,13.114914841811482],[36.20251573282055,13.08188070240846],[36.19954558036516,13.070410695906094],[36.19550639540063,13.058953193640185],[36.18630394836631,13.028198364150112],[36.18322080610777,13.01921864610982],[36.18145122590205,13.014349069825512],[36.180149655760886,13.008741754762559],[36.17686753286665,13.004176128494418],[36.17500977893003,12.998550285035217],[36.172738668509716,12.99084195397633],[36.170953750471874,12.985219609604691],[36.16859981479687,12.979353288529428],[36.16532752138797,12.974139583906215],[36.161150623910814,12.96980597594679],[36.157948494326945,12.963652268102608],[36.15818387485912,12.955982670222568],[36.15618810532214,12.94824934080658],[36.15360198936084,12.94113746132994],[36.15384112387719,12.934077895236046],[36.15548547238727,12.928077564619489],[36.158014015217454,12.922347539688317],[36.16188134672224,12.916419524235206],[36.168387750674334,12.909282598396157],[36.17353837302528,12.90389203074904],[36.17982251746017,12.896377304362424],[36.1810050122537,12.889245739778088],[36.181558486308404,12.881569892062078],[36.181835953207475,12.874143524233554],[36.181056391901926,12.86716712323242],[36.180701841586796,12.860158723198476],[36.18034529303003,12.853209318554057],[36.179940737518486,12.84537398936586],[36.17888184221554,12.833908173409664],[36.17800724763848,12.827520857256586],[36.177391771782794,12.819995669517608],[36.17649093289131,12.808856124644114],[36.1763533816521,12.800301356481802],[36.176729841061324,12.790975650925963],[36.17722198790863,12.78458552652523],[36.176824775015845,12.778345228925657],[36.175674950708654,12.771152099425308],[36.17364409338405,12.762513597512537],[36.17235602045407,12.75626763777431],[36.17144820284549,12.74873220275715],[36.16992736583421,12.741194438796626],[36.16821178446633,12.735489934580075],[36.165748678182084,12.72941246760224],[36.16301306299559,12.723128518464454],[36.159692670587674,12.715144718136601],[36.157130801376,12.707217659277527],[36.156467488786795,12.699360583859509],[36.15707422443201,12.693304098675737],[36.15805397093594,12.68736485068772],[36.15250753437478,12.683274979560153],[36.14536182675493,12.683898464016636],[36.138645632857745,12.684701930482687],[36.13352648288532,12.68504492819288],[36.12667878266677,12.685367936703056],[36.12048509957893,12.685490458209863],[36.113835402667895,12.685314508006062],[36.10873942538275,12.686600258513653],[36.10778475750317,12.691638499841892],[36.10643025070471,12.697652493351617],[36.10252317098941,12.704243950780917],[36.097266540877875,12.708928078020877],[36.092657419113586,12.7116498693806],[36.087670285449896,12.714214676090592],[36.08264814785671,12.716254529028486],[36.07356989794744,12.71967678426446],[36.06664970365252,12.721687148089789],[36.05991651155093,12.722966574508227],[36.05188077222226,12.722778132423118],[36.04265898728566,12.720540204966094],[36.03443448197114,12.718350102248762],[36.029048572117674,12.71829663502087],[36.023097401072825,12.719295580555158],[36.01575568690963,12.71994906245153],[36.00903098023584,12.718480473050208],[36.00332098915514,12.714483294257292],[36.00237953094105,12.708909574896008],[35.77316634456815,12.661273152948132],[35.77121531136174,12.666054421907477],[35.762479404166704,12.669674157904314],[35.74850192835711,12.658048220109992],[35.73696909532154,12.659879247151885],[35.72978975532937,12.66756183727048],[35.72182353662984,12.671031914247243],[35.699625530122205,12.668474577949327],[35.685987024677836,12.649417272867758],[35.69104587359614,12.63951934114791],[35.69243812457613,12.631889068998083],[35.69161381259657,12.62468010515677],[35.687873909319045,12.616590064259304],[35.68447227628616,12.610479601950669],[35.67686702645094,12.605831537201714],[35.67216237368309,12.603333273955284],[35.667084713819875,12.601671941260873],[35.66137104064274,12.601019025751233],[35.654273840580494,12.603102383188757],[35.64826617720871,12.605926672177308],[35.43053501548792,12.237162733481924],[35.434743458613454,12.234243962625037],[35.439042558569646,12.228536430047878],[35.44195010919792,12.221306701552459],[35.44330510541606,12.212430288001],[35.44229004236508,12.205745364477007],[35.438418390096146,12.198043791282775],[35.43414923347007,12.191923584921133],[35.429682084192315,12.18856189425904],[35.42437491536,12.186123627632005],[35.41890074681952,12.1847772685518],[35.41024923858093,12.184511332582174],[35.4014397381496,12.186529701062307],[35.33263828902328,12.067530705824366],[35.337958761565794,12.063609016269641],[35.340997827145316,12.05849977265272],[35.3423208404878,12.053132892768392],[35.343976864717014,12.047983825783717],[35.34485985684375,12.04094392399472],[35.344408816312175,12.03531840839058],[35.34267473844147,12.029786390165125],[35.34053064824436,12.024171880771048],[35.33646700622736,12.019600790606747],[35.33130533826596,12.016500079660865],[35.324029860856626,12.013871839024196],[35.31443268604257,12.01488295083485],[35.30847923649644,12.016824099458855],[35.303172889938686,12.016306491556383],[35.29980785925353,12.009577285318402],[35.297737052958986,12.001553992226974],[35.276115863198314,11.940826762040968],[35.257874448767666,11.93503840961656],[35.20285670562905,11.891500234964338],[35.158004161851125,11.86160537308469],[35.09820073409793,11.815268283728477],[35.04736759770543,11.736046531656662],[35.05633783151885,11.69269858498967],[35.077268682785515,11.646361067965648],[35.080258551867786,11.594044632329153],[35.07876321834211,11.54770724452745],[35.0787630791528,11.522296416349157],[35.06720194710397,11.5004495094816],[35.039493889946534,11.41654066665047],[35.02493949116326,11.386274047597055],[35.00550333351419,11.362358082159256],[34.9905560042841,11.338041698696754],[34.97709654908915,11.31004183469987],[34.96364070889948,11.286125839171119],[34.94909272350728,11.276729807135021],[34.93790101300329,11.251899131093584],[34.92647063553172,11.244149656134713],[34.930422844616096,11.236610729767166],[34.962145367402606,11.236798965499576],[34.985318974869514,11.214377536891197],[34.99728044644397,11.199457443929163],[35.00101713060186,11.181492871314907],[34.993541561817196,11.148608327369956],[34.98457082813879,11.099281503435442],[34.97146850325887,11.049232022113744],[34.96071662330865,10.992138353924442],[34.957339233865824,10.957923387232428],[34.983105029150224,10.899413878517944],[34.95841838806978,10.878207349214616],[34.927974574854936,10.856923801626042],[34.890379415914545,10.822752621199893],[34.86795316111874,10.809299956089331],[34.867620949956454,10.776396255844451],[34.8582824487753,10.757290172997479],[34.831618871573,10.741748346785402],[34.801172728094535,10.722358129738987],[34.785977638957675,10.710764828870273],[34.77830165829293,10.71066084572395],[34.79131437414813,10.741204686939778],[34.79110375033264,10.756385655486827],[34.7776687312064,10.756203016606415],[34.7661531928444,10.756046008464686],[34.750586473453524,10.771016159437487],[34.72912607743159,10.79539278367302],[34.68838580028439,10.82519083353952],[34.64944796305211,10.862596527318928],[34.6261083463438,10.883138543105124],[34.61052833352418,10.898096296126111],[34.59895407008795,10.901725204375074],[34.583792344990144,10.888224436213212],[34.555054988958354,10.884014139044021],[34.545683082689685,10.868698944450786],[34.53247340437577,10.853328064559925],[34.50571779033181,10.8453488296274],[34.465760120718905,10.821995957077158],[34.45232104829114,10.792859721612786],[34.43138978814199,10.762964760441028],[34.40746827159446,10.713638024240058],[34.383500698207285,10.678499569781042],[34.34586792044288,10.630517871248413],[34.30993150677459,10.597736233161667],[34.298326847578366,10.586584548799614],[34.29384148522721,10.561173772320915],[34.280245643533895,10.532802472632818],[34.28050563994933,10.515735593697462],[34.307451380368896,10.508548730734828],[34.32710134182783,10.476592277621732],[34.31219856649158,10.44792030460296],[34.29384073999945,10.407214251953354],[34.30164106778115,10.385170112825815],[34.30564249962232,10.373847822652907],[34.317869103821664,10.32470830397315],[34.32406373709911,10.29444830865346],[34.33869240292049,10.256244062806465],[34.352147954027366,10.221864702758696],[34.343177387113016,10.202432968354175],[34.34695843606197,10.169581233811893],[34.33394234427738,10.142839144441407],[34.334354294264784,10.11439145386392],[34.29837217311897,10.087323385890477],[34.260316886657364,10.071604525979058],[34.233859598020764,10.048463726473116],[34.22670635765492,10.01422123867543],[34.219084684167925,9.961778498228496],[34.21758933872344,9.903483196013813],[34.204133448892804,9.86461971901104],[34.169746253608096,9.782408548839275],[34.146839125244924,9.719116988512761],[34.14517411175356,9.702025499590537],[34.132670023337724,9.641163235894243],[34.1178741062736,9.606819255717728],[34.1014684227542,9.551593872047697],[34.10921788427682,9.409478018626363],[34.11775929890333,9.345120248350947],[34.12278850641716,9.257956148520742],[34.13541134097737,9.172789416547195],[34.14048847360328,9.07993277816744],[34.144326551337706,9.000654131332904],[34.14544727202862,8.963296269865472],[34.14134498254608,8.912027252501922],[34.141772467682536,8.902213102500994],[34.141812447359676,8.896923558739324],[34.14184243449994,8.8912240522839],[34.14149739842527,8.88374970039757],[34.14154237279433,8.873215614214365],[34.14134982309042,8.860154240015255],[34.141287293875465,8.851007535693965],[34.14166228115894,8.842488272719498],[34.141659755405406,8.835066413962894],[34.14188223559701,8.825119774925849],[34.142092216897026,8.818900314602853],[34.14225720169805,8.810901001723577],[34.14127214620071,8.80216176519793],[34.14086210386264,8.792662588281935],[34.14121209299826,8.785013250468438],[34.141182067470055,8.77799385760098],[34.140232021112794,8.77218436031924],[34.140322007795746,8.765794915461955],[34.14069699210132,8.757455635441923],[34.14154199659335,8.749686303538828],[34.14186198483969,8.74421677612814],[34.14230197723302,8.737077396801642],[34.14114692592639,8.731152913979416],[34.14083189575416,8.724108524498863],[34.142167802099195,8.711960136640915],[34.1417896620665,8.702878213021565],[34.142882186832104,8.69651305545823],[34.1429336417107,8.689152845742045],[34.14522163484832,8.67085235260018],[34.14230977127766,8.653036575669272],[34.14282991557639,8.612019259459688],[34.12189866598826,8.576145359312209],[34.10246256184334,8.55671369484006],[34.097142845346866,8.551090624684097],[34.082029247437426,8.549865526321806],[34.07121992479685,8.543215803305207],[34.0620138820851,8.532305035502668],[34.053027392827836,8.524954134307977],[34.042555923664914,8.518699608795671],[34.033828994124825,8.511477492854056],[34.028110283270415,8.497592414365416],[34.021166170735334,8.489833120550053],[34.0157477096711,8.48795556578868],[34.00124824491713,8.493987158021401],[33.99216440935564,8.48901646028076],[33.98603728021178,8.489833254282678],[33.9811355853504,8.492691970373945],[33.97294527552784,8.499454340466366],[33.9570355344994,8.493508832405988],[33.95131688567052,8.495550780511822],[33.946823667845756,8.498817880307152],[33.936203293845786,8.495959223827116],[33.92604295548354,8.487955907359778],[33.89903196771119,8.481665878603827],[33.89372175847513,8.47431496352767],[33.889595905968825,8.463392776939548],[33.88224333884554,8.461350878414903],[33.88224331262521,8.454408327642138],[33.87570767476341,8.446649031882274],[33.87795425451623,8.43746035354419],[33.86590422313443,8.436439436290025],[33.85278385861816,8.432650464917653],[33.84670586193505,8.43276404083129],[33.840987201404026,8.431947291331712],[33.83812785478828,8.427046678356724],[33.82791594465483,8.421329323245189],[33.82587354931132,8.416428706754694],[33.821380285531475,8.407444247362248],[33.81443617655534,8.400910108480943],[33.80830902503348,8.395601122643154],[33.8001395127098,8.395192767477566],[33.79115302075634,8.38661671013948],[33.7783132932811,8.376317981787242],[33.7731800296439,8.37068975132308],[33.75602406507488,8.372731741860658],[33.7501011837568,8.375998846394895],[33.744396765754615,8.371901796133418],[33.73845959565393,8.366606027497683],[33.73314940736634,8.364972505931489],[33.726205323298295,8.364972532084689],[33.717218868256936,8.366606107186772],[33.710386158852,8.371624701863954],[33.70128834863227,8.37354871658456],[33.695047674665055,8.380536559230096],[33.69271043512051,8.39274285802553],[33.68944265999814,8.400502190977475],[33.68372402738783,8.40703637706967],[33.682498637410916,8.416837629515504],[33.678618173585846,8.430926937952748],[33.680864829926485,8.441749140887877],[33.66248319922822,8.451080916147813],[33.64982075363949,8.458901442100556],[33.640834303827276,8.462168558379684],[33.620756903169834,8.469674932519515],[33.611015589923966,8.462577055818965],[33.59814461518305,8.447545976133611],[33.576626211396615,8.448424006008297],[33.569429498113635,8.454766172707133],[33.56265045926214,8.469350555391463],[33.557106531066175,8.470267862240705],[33.547701901586926,8.468703073474252],[33.5423917191473,8.468703093707791],[33.5343218426471,8.469866544171373],[33.52548900672121,8.468461663729467],[33.520211923183965,8.468703702324754],[33.5117002732779,8.472107647592058],[33.498850577533574,8.472040870899692],[33.489856571028575,8.470067411892394],[33.48346489901094,8.457798799622003],[33.47551663802974,8.45349558472096],[33.46135202941231,8.450452910698052],[33.44857312549063,8.438696748679606],[33.438179915972526,8.44077072274379],[33.424522414902476,8.447553185007614],[33.41235029217512,8.44017504047909],[33.40126163202776,8.429827984029735],[33.39608692088784,8.424654454347055],[33.387881905385306,8.426208201982751],[33.3812817455217,8.432806953385727],[33.37317045669075,8.432045323094593],[33.37095275118086,8.43721888014152],[33.36762622442691,8.442136238952866],[33.361481221869724,8.441226093138955],[33.35579141818403,8.444184163679013],[33.350254020284474,8.446087898055886],[33.33553153192311,8.444425243101103],[33.32116846309908,8.45011211801519],[33.314597225995236,8.460567364282928],[33.305948693061424,8.456471634268162],[33.30032156533094,8.442805219257536],[33.29638973484316,8.437813199683418],[33.28963617992053,8.437588719938454],[33.280913480116126,8.448735287738938],[33.275236905630564,8.453723871187258],[33.267940715538,8.451920929002977],[33.259519774580724,8.447825197574033],[33.24927809840295,8.445094728036398],[33.24749940141481,8.436480258399301],[33.23932690873074,8.427857786755338],[33.23478734017665,8.423886570590257],[33.21792972569273,8.433524053277822],[33.21552544088986,8.428088644500301],[33.217630591055325,8.415811041883735],[33.21719039570337,8.409134467410446],[33.20868484107256,8.406299780917156],[33.193363853001706,8.40800179394203],[33.19052661343328,8.402895933729983],[33.19575232960704,8.392874820878394],[33.19052655688956,8.387578323677461],[33.18983835186264,8.381049586938119],[33.191929241712145,8.36869876170988],[33.19410018091642,8.352324711585648],[33.200926867074244,8.350747331433302],[33.21201550559265,8.354442683798167],[33.21719632356495,8.35637568725986],[33.21549686023953,8.343055610395016],[33.211276195889525,8.335965726603073],[33.20527303229234,8.334065851976556],[33.19270916295527,8.333994319961686],[33.19387920949303,8.327365378744362],[33.20166597498211,8.313793409556556],[33.202405192700695,8.307141702135272],[33.195751988504064,8.29901186352807],[33.17948866645189,8.297533765808373],[33.170697164674706,8.297084667764405],[33.17653165579856,8.2849694445969],[33.173756186835,8.264360033895349],[33.17627990963072,8.255647541270285],[33.18091285500967,8.249204685313762],[33.18997869475644,8.25015777004179],[33.19892655470066,8.248699465782353],[33.20149898447113,8.240920188476668],[33.20331158328076,8.234965752954961],[33.20073997478026,8.228161688447052],[33.19741264519973,8.219114693420233],[33.19131620687326,8.21180063701082],[33.17594058751582,8.20337644825801],[33.16654118948282,8.19574432145994],[33.16783516644909,8.188869454481441],[33.17337837086208,8.189218544450643],[33.175772259657165,8.181074317559567],[33.176340588590094,8.173325564830877],[33.17765679702467,8.167403836841878],[33.18485525679347,8.161353416023296],[33.18466278737004,8.146022694096931],[33.19006893605363,8.135641701732839],[33.186918820850686,8.124690201631038],[33.17353567859844,8.12832805027308],[33.16710330043355,8.124114366690193],[33.16405029573471,8.115187847858875],[33.159432423058014,8.111761228637478],[33.15345117653579,8.111386420612755],[33.14694212043666,8.113460193383958],[33.13718797074497,8.113421834279112],[33.13135083582131,8.111770927364669],[33.1265505587672,8.110043228688532],[33.120732623170234,8.10791240080165],[33.11752216755484,8.101539151517093],[33.11713747300435,8.088116469471869],[33.11782062584783,8.076859650927481],[33.119343020982114,8.063955727953873],[33.11215076494825,8.072584586547963],[33.10524618505036,8.076611400353933],[33.09757441458233,8.076611427332033],[33.086450345867995,8.076227962362935],[33.0841487959748,8.071050670346226],[33.08740926760882,8.062230073503422],[33.079545676239356,8.054943530871485],[33.08146359826316,8.048999216205655],[33.078203013820314,8.025797253591092],[33.07391492621329,8.021193222338105],[33.059550562834325,8.01533746679868],[33.046963964190546,8.015700983373216],[33.037088309138696,8.006055181818821],[33.03118597036937,7.991609241327747],[33.036974590021686,7.975404512685529],[33.0290859469211,7.962079355081841],[33.009834008792936,7.949691562199964],[33.00282128583128,7.941258994477429],[33.00572363266265,7.927539768543549],[33.002821204880185,7.916951931901682],[33.00513664118799,7.907113351404695],[33.00918868983844,7.900168463006585],[33.014398465000696,7.889751132627876],[33.00455770388253,7.886278728893206],[33.002242216397015,7.880491341778601],[33.00503521589944,7.873035506687304],[33.01092515859543,7.859077948002278],[33.023660181989534,7.840558239337343],[33.03755293602297,7.820881048389935],[33.04501129329161,7.812878396499384],[33.04592213380418,7.802919341757073],[33.0485513276681,7.793101514995032],[33.05079414000398,7.788447165228182],[33.05717909954697,7.792277263371499],[33.06292554348164,7.787170417278011],[33.07377996919856,7.792277206259085],[33.08527287652921,7.7935538747082],[33.08907208438348,7.801203730034602],[33.09601848143525,7.797152529912714],[33.10007051473888,7.793101342019114],[33.10570468963071,7.788446978288441],[33.10251219500977,7.781425102394079],[33.10953563127582,7.780148372532959],[33.11569993867503,7.785577674015146],[33.123804055378066,7.784420168650434],[33.134223711462745,7.789050047686601],[33.138267894326304,7.785255101819678],[33.145920629288455,7.791054044740341],[33.156784263585386,7.792915277907729],[33.15795728898395,7.798309799744353],[33.1660614265579,7.796573553813903],[33.18458514803106,7.78499870138624],[33.193847019722455,7.782104972630284],[33.2002145816389,7.780368731755256],[33.21758055948313,7.772266321193571],[33.22510312084526,7.770572679703338],[33.23899866002375,7.774581206328883],[33.248260505119696,7.764742604221953],[33.255785765391806,7.759533923891209],[33.27257289029552,7.749695297123109],[33.281984007792204,7.742652943347616],[33.287084969430154,7.744352869458044],[33.29572760928452,7.746801519715195],[33.29303605710485,7.735853134226534],[33.30021636202917,7.740937430046316],[33.3043849992846,7.734807405701527],[33.30408809939058,7.726503409990081],[33.315987889244894,7.722494395330942],[33.32003993059165,7.713234550880324],[33.32087709090199,7.70737538497069],[33.333646991852774,7.709928753902441],[33.34322441862188,7.712482134516331],[33.34769390240571,7.718865651230868],[33.35216338309017,7.724610814699406],[33.360463799331704,7.720780667611709],[33.36692821392658,7.72596666095892],[33.375032377503565,7.731175287698924],[33.38197878780596,7.731175263993171],[33.39124066007827,7.728860274922635],[33.398187082005215,7.732332687337547],[33.40802784157774,7.735805090396578],[33.41728976585129,7.741592451533974],[33.424893868602894,7.749144067979183],[33.43234034187225,7.752588449529533],[33.44854859159827,7.741013606297959],[33.46193163057987,7.742258646841319],[33.46504751981516,7.748059858165741],[33.47411588887099,7.745037703040926],[33.491355194795354,7.731632227461276],[33.50093262816657,7.736100666513183],[33.50348658028137,7.728440420129513],[33.515617991046604,7.73290885080478],[33.524556881205,7.723333522373324],[33.53158028862165,7.714396554564351],[33.54115767515104,7.704821224787855],[33.55073508577017,7.702906132870913],[33.56304537929736,7.694914549169006],[33.580872556356205,7.687769456607567],[33.58665251632144,7.698162430757378],[33.59989917211528,7.706736083371382],[33.61319804196647,7.702920599531261],[33.62346892741369,7.708947332444368],[33.63095185261289,7.701669605882773],[33.636975152040314,7.692898895238545],[33.653251162876884,7.691628113950152],[33.66507503739414,7.691775636420354],[33.67305726725553,7.693353267773203],[33.68439967445252,7.6831690646805],[33.68240895955006,7.674653867222108],[33.69091054054565,7.670403981502901],[33.69502063277689,7.661182857704388],[33.71301464623236,7.657654336500258],[33.7206660644034,7.65255448292573],[33.73370283178059,7.641014079501663],[33.73766917215246,7.62875522955088],[33.753205225024075,7.617657513067036],[33.76997518004092,7.612605666360227],[33.778476748692704,7.604955895792729],[33.79377962335269,7.605805815061562],[33.81716838222294,7.584508888757262],[33.83458715197057,7.569256915670535],[33.84111557257442,7.559721615055929],[33.85669120844242,7.542907734501883],[33.871993997950334,7.519108490961883],[33.88814700707979,7.513158638450611],[33.90430005688591,7.519108381942508],[33.92725434299419,7.513158507010977],[33.948373166321595,7.503464605422625],[33.944257467152916,7.493609114447774],[33.94368944880453,7.482338673008587],[33.94588564837714,7.469174385756377],[33.95735482889306,7.464365750294152],[33.95846469837317,7.448460385617333],[33.98547276923211,7.437363532923659],[33.99290573423251,7.425192393263542],[33.99879177600015,7.419608668060446],[34.00545127430468,7.409251666786782],[34.01322067865027,7.393716173913659],[34.02949946109585,7.370782811248442],[34.03393909836674,7.355247329415792],[34.031377342592435,7.33769165548197],[34.032089101325845,7.316778561652406],[34.03578876971195,7.294954917899933],[34.03356886483636,7.27646032298979],[34.027649249633285,7.267213040888074],[34.0187698781455,7.269062530212448],[34.011000428748055,7.270912016384727],[34.01248029221562,7.260924925611854],[34.01987973993884,7.250567924454714],[34.03467865538708,7.236511978745226],[34.04466790888646,7.222456049661135],[34.05502718019221,7.221716231356036],[34.07722558975914,7.211359182625082],[34.09276445500104,7.197673127252162],[34.09979392745469,7.186946236833021],[34.099793906249126,7.180658072648988],[34.129181733434315,7.176460362669548],[34.1456362201626,7.157453036297881],[34.166319103768515,7.157671061979188],[34.19311324286719,7.138768913139911],[34.1933443771779,7.116636835206014],[34.1935594387793,7.095980202613343],[34.193972391039885,7.056142342839579],[34.21622040430101,7.047517164281476],[34.232785617016745,7.01669664480073],[34.256359214212644,7.022838943077192],[34.28763237913494,6.998065595059088],[34.32331943570711,6.974807664231559],[34.36035046418143,6.964841709403156],[34.3839856958292,6.965073406020085],[34.41069119123517,6.953525098316662],[34.42110354491294,6.946245508164574],[34.443404760753495,6.931699197178969],[34.48502172048128,6.905524926866122],[34.5133958230933,6.873314730417375],[34.52086490997294,6.864526888264379],[34.531398169811204,6.843956691142591],[34.53464039166574,6.812983807011832],[34.53651271432631,6.770187282710837],[34.53666197127099,6.753948908670141],[34.56189071825623,6.740892138264717],[34.61365056411983,6.733978084548605],[34.62975186614418,6.750364264131479],[34.650576112669796,6.734308532990567],[34.681868921067405,6.703577312397871],[34.70850760399606,6.697904508132686],[34.716176045263026,6.665484358812798],[34.73108652782508,6.649369786223908],[34.74753629213417,6.625883610641917],[34.77288311019311,6.598041142909591],[34.78924134425033,6.584888261708041],[34.806827428944565,6.601281811200156],[34.845241756282206,6.600126967118627],[34.85698430628657,6.609086527334594],[34.88957837802614,6.597540923632779],[34.88530547231637,6.578304585898249],[34.90603274844969,6.572566707390544],[34.920923909925214,6.557917714013999],[34.94020948596011,6.547734595650534],[34.955205872228134,6.519790166870863],[34.956801224558674,6.505031611048791],[34.98498121656778,6.490484523389122],[35.00733368509159,6.465548454013917],[35.01453130497245,6.44623511693923],[35.00432285607604,6.415893689207855],[35.003698010409586,6.403640114335994],[34.999072317205766,6.39639898062524],[34.98725544974705,6.387660815780789],[34.987504826044415,6.355600588605112],[34.98865213829811,6.346963500419469],[34.98571954433504,6.300093767211897],[34.95187553413049,6.26913200684317],[34.949715510809256,6.253301975783763],[34.953065514105795,6.238861945754831],[34.960345548830055,6.224681915396391],[34.96482556076114,6.213461889217814],[34.96676555944338,6.202231867543868],[34.96645554737095,6.185261833562597],[34.968415548353214,6.171511804109319],[34.96970553539285,6.155691775811826],[34.96633551395042,6.145811760420775],[34.960655472973116,6.136611748089408],[34.958185451014984,6.128571731556351],[34.95870544667159,6.121241716255533],[34.962295456654644,6.107031685636972],[34.966125465887814,6.091461651671505],[34.97285549596896,6.08598163659678],[34.980775535615926,6.077071612364171],[34.98799556864722,6.068851588181977],[34.99273558267268,6.055111561652737],[34.99352557766135,6.043421539449758],[34.993575573321195,6.03748152282044],[34.99335055727189,6.019811489703129],[34.99579056526415,6.015266479207358],[34.9988555755814,6.010461465521982],[35.00270559266716,6.003946452567162],[35.00094557480616,5.996711438194071],[34.99966056528985,5.990796430405768],[34.99857555168417,5.983283913745518],[34.99568553182452,5.976701404690651],[34.991845507319375,5.971521395966353],[34.99002548970529,5.963911385518476],[34.988315476437435,5.955631368369827],[34.987555464467796,5.946631347847069],[34.99267048311511,5.9367913275172],[34.99801550455565,5.925851300540492],[34.99633549112267,5.91809128637021],[34.99362046761327,5.910026272443996],[34.99177545321641,5.902591257566003],[34.991640446761224,5.89670124489751],[34.99467545749851,5.891951230326568],[35.000825484353705,5.884126214716362],[35.00518549975733,5.877181197982751],[35.010350524382964,5.869016176025903],[35.0164955515147,5.860561152937458],[35.021955577009344,5.853261136798282],[35.02564558894138,5.847811119197379],[35.030365612281564,5.841501101563866],[35.034225625251985,5.83553108556024],[35.038025646038136,5.830381073479583],[35.0413856563395,5.825921062128204],[35.046990681436135,5.81884603887678],[35.051690701966294,5.810628521656408],[35.05596572049189,5.803161000340629],[35.059485732181464,5.797430990046362],[35.064305756223156,5.789550966948084],[35.06695576638065,5.784230956353328],[35.069615774302925,5.778670939447239],[35.07227578459451,5.774270928647778],[35.07545579462924,5.76901091706159],[35.07794580328338,5.764430906433174],[35.081575823031336,5.75835088997415],[35.084465832353224,5.753660878505253],[35.088935848355376,5.745590855409964],[35.093260863138184,5.736825836337661],[35.09634588139186,5.731500821812841],[35.10167589971897,5.723040799575125],[35.106095914839585,5.715230783545771],[35.10954593531053,5.709270766101932],[35.11369594836729,5.703240748891077],[35.11755596885081,5.697860737661759],[35.12181598310066,5.69212072060686],[35.12561849609291,5.684048199026192],[35.12569599235519,5.674960682430678],[35.12495598430505,5.668960665970064],[35.1239759692819,5.662550658360304],[35.12322596174268,5.65546064147829],[35.12299595532184,5.64864062647343],[35.1223459449802,5.639350605319657],[35.121395934814814,5.629310584494583],[35.12202092898676,5.621648070348864],[35.12691594744415,5.616530557466768],[35.132415978128925,5.613390543233775],[35.1380160030659,5.609890531638548],[35.14418603776471,5.605710519107161],[35.149326061743004,5.602280506531645],[35.15429608465272,5.598790493881074],[35.15875610571393,5.595600488052086],[35.16417613046112,5.591410476383042],[35.17097616681909,5.58699045673389],[35.177326193205474,5.583100443014112],[35.18555623383225,5.577980423916199],[35.1914962602222,5.573560412984021],[35.19721629230607,5.570070399434433],[35.202816316941,5.566410386437297],[35.211326358800626,5.560360368400416],[35.21863638923542,5.555590356668675],[35.226756429242236,5.550360336635979],[35.23234646248318,5.546290325091309],[35.239146490253084,5.541350306176812],[35.24508652056544,5.537395293819251],[35.250826545895904,5.533705283759539],[35.257191576898855,5.528765265547422],[35.26462161061067,5.523735245925859],[35.27085664080363,5.520130236712839],[35.276196668899175,5.516780224456645],[35.284051708846725,5.512010207513937],[35.28936172913174,5.508115195629672],[35.29523675895576,5.503210179709959],[35.30099178485988,5.497670164981299],[35.30025677269351,5.491870151990771],[35.30171927993434,5.485255134850785],[35.30484179174242,5.477680114680758],[35.305136786685004,5.471930101038667],[35.304026777838324,5.466515094233481],[35.30500677445974,5.459045076203914],[35.30289675668786,5.452150064708266],[35.300551741173386,5.446730051671536],[35.29990673397098,5.43882503633018],[35.295336700721684,5.431860024432159],[35.29129667677961,5.426630017758165],[35.29031666853362,5.419590001843415],[35.288776652059624,5.41119998641414],[35.28788164094496,5.403729970860646],[35.28776663497979,5.397149956939955],[35.28786163320834,5.391464943304387],[35.28581661484915,5.384114927232133],[35.286326608815536,5.377239914410266],[35.2878966141039,5.372389902564272],[35.2906366253168,5.36336987905498],[35.294116638653634,5.354809855803136],[35.296066638567225,5.346829839968054],[35.298646649274204,5.340639822351182],[35.30086165374856,5.333849804957945],[35.308821693110986,5.330864791217121],[35.316596734927295,5.33033978271642],[35.32485678048546,5.331999780258781],[35.33541683993192,5.334089775996249],[35.343316884417966,5.337824780498416],[35.34711190478344,5.341329784017937],[35.35359444291487,5.345442290810941],[35.36010197650395,5.348654791116737],[35.36761202044208,5.350234788852791],[35.37479206273551,5.354154792043013],[35.3815020967237,5.355909789106464],[35.38811713039909,5.357494787212171],[35.39455717048734,5.357579786063289],[35.401409704671316,5.359662283270969],[35.40726390421487,5.36106311486865],[35.41109393092785,5.365446456283554],[35.41937731104945,5.369629791614281],[35.42709735443662,5.373892294094164],[35.432857385960105,5.378744799691293],[35.43804241512199,5.380704798292181],[35.44193743879883,5.384633136748711],[35.448748311692086,5.387900638555903],[35.45543085030921,5.392583144205668],[35.459932547231084,5.39730481840433],[35.46455090366449,5.401753156744798],[35.46946426917775,5.407193166161226],[35.4744576298351,5.409119832078161],[35.48040266278105,5.412392331837422],[35.487687703812405,5.414474833173734],[35.49328273492627,5.41351982235126],[35.50024027243726,5.417587328436203],[35.5057678065307,5.419054827017955],[35.5109078322207,5.418654822352126],[35.51655785390969,5.415074809844577],[35.521861220839924,5.41700314264187],[35.52852792139893,5.417379805583562],[35.53408295190763,5.418789804125923],[35.53985798031698,5.415789792909474],[35.57942818450891,5.415769760378246],[35.65645856384788,5.382329622381745],[35.74116936655585,5.371057335584048],[35.763293452275484,5.353267253692266],[35.78599920853379,5.344149429673911],[35.792181738450395,5.342629422545151],[35.801735955902274,5.342132749281431],[35.80865932610827,5.341239404872852],[35.814016017170566,5.338486062454872],[35.81984687707557,5.332661877077297],[35.82949942641019,5.333044367027211],[35.83587695518078,5.328824355167054],[35.83954446695032,5.322024337442226],[35.84764950972992,5.320159327538007],[35.85502354411631,5.315975308321242],[35.85838455858266,5.310834296671826],[35.860072058403595,5.303595113257916],[35.85839621088367,5.295749263841781],[35.855032855315315,5.290285922391746],[35.85360450977295,5.285274243242979],[35.846645722871834,5.282214244036763],[35.84257444466184,5.275239233372472],[35.838072751569776,5.271975897527962],[35.83284938726653,5.267929226859512],[35.82792935879463,5.262369216036266],[35.82454933621305,5.257249213667344],[35.823009319748195,5.249439193454067],[35.82335931909318,5.243384178726656],[35.822709310179526,5.237829169353244],[35.824659313220224,5.229179148777263],[35.82836932673393,5.22413913358561],[35.83105433703225,5.216594117084095],[35.832979337068316,5.21083910296772],[35.8368443556241,5.203954081587322],[35.84341938619415,5.200774067474093],[35.84963941269516,5.196589055280968],[35.85345442628664,5.19038903729175],[35.85685610555655,5.183705690281184],[35.8591194485297,5.176365673313072],[35.85872443814155,5.171148991279599],[35.858649435865225,5.165893980956621],[35.856384419582845,5.158678969492406],[35.855399407091795,5.150308947679047],[35.85100937912087,5.146025609148083],[35.84644268558642,5.142508941118427],[35.84276933061681,5.137513931844138],[35.84002931103211,5.132082252986691],[35.83687928854357,5.126268909474449],[35.833374264540176,5.12102890564275],[35.828646739721584,5.117306398704822],[35.823742544886315,5.112995557295563],[35.819114183618325,5.109393889490371],[35.814939162350655,5.105118885017338],[35.81201914107633,5.099708874542711],[35.81014412579052,5.094933862994402],[35.80852911028015,5.087916347671004],[35.809479111223986,5.078953830076592],[35.81064410986207,5.071443809479095],[35.81031410143006,5.063773791947929],[35.81049659102252,5.052536267898519],[35.81045908617585,5.045478753107584],[35.81058907867541,5.038148732539619],[35.81063407401119,5.029983715331988],[35.8108990710753,5.021703698316435],[35.80996405971912,5.013288677574394],[35.80926404731588,5.002988659455553],[35.80985904006975,4.995228641268286],[35.808629122090714,4.984965754541485],[35.80729401039294,4.970518583525376],[35.805188983656585,4.94689853288059],[35.80537896364329,4.923518474053063],[35.801448920646905,4.898528419594228],[35.799350673741415,4.879757796888589],[35.79413017379889,4.80472772774432],[35.78697271493906,4.751452937421895],[35.78705859287084,4.732880853478849],[35.82678142939025,4.682297449509646],[35.84665964902376,4.652669664112236],[35.873929058562204,4.625549387601641],[35.9036965202676,4.591007666638478],[35.91283326809706,4.579321186763507],[35.92237928716765,4.567807534005657],[35.939809358523185,4.545417464579124],[35.95118940807351,4.532177429316901],[35.96612947095928,4.512957367860093],[35.997694614502336,4.492832297035233],[36.00497964569855,4.486572275437466],[36.011499673994166,4.481177258020879],[36.01713969940714,4.476367237056656],[36.021519720910156,4.472257222081031],[36.02647974368503,4.467957209254603],[36.030519756208356,4.464307195559786],[36.035349780340425,4.459617181226588],[36.03990980116314,4.455507165903193],[36.04435982181926,4.452657159492641],[36.04984984635326,4.450827154670849],[36.05976989616624,4.450177141966344],[36.06901494105947,4.450817137712536],[36.0757799793725,4.450857131014402],[36.082780010067,4.450712126017007],[36.089150045793915,4.450287120786231],[36.09655008188694,4.450397115251124],[36.105360125117976,4.451302110527804],[36.114945174449325,4.451482102069193],[36.12360021746264,4.45081209710986],[36.13246025725125,4.449817088535306],[36.13773028777935,4.449607082291828],[36.14441031792967,4.449352077147457],[36.15069035348481,4.448237071087451],[36.15630037816534,4.447727065672578],[36.16281041127147,4.447507055655461],[36.169260444906755,4.447277054585276],[36.17494047532181,4.446887048775717],[36.18334551389917,4.447312039363946],[36.19364056517942,4.446967031250276],[36.200870600057264,4.446567025435868],[36.21021373258103,4.446266581095002],[36.24485296463868,4.456152487825312],[36.26587506940258,4.44508267169947],[36.35350852720949,4.44416402640081],[36.39795551222685,4.440605853664494],[36.454721512823085,4.444520702937703],[36.543610388993066,4.441105539177905],[36.61764658123099,4.451260847731302],[36.64110261483109,4.451336434354214],[36.657183013834654,4.441475182172046],[36.71336777691391,4.440700662458827],[36.76284873673961,4.442424543296388],[36.7708139527628,4.442814490343387],[36.77638409651648,4.443044467177174],[36.78320928346496,4.443431917000581],[36.79302454327838,4.444214327453492],[36.799214710937214,4.444454299957188],[36.807184926053786,4.444606769146368],[36.81624516754222,4.444644247419565],[36.823700369654524,4.44491420739328],[36.83294311412667,4.445179168202882],[36.83958579392103,4.445404131843223],[36.844495920222826,4.443064329862863],[36.85177110819382,4.440074571917022],[36.85813627359911,4.43697483277753],[36.867266507690594,4.43324514095328],[36.87469669914004,4.431025314982964],[36.87973016549842,4.42968209189924],[36.88830705794536,4.427860568229586],[36.8963172684723,4.426350682727234],[36.90539750478117,4.42320094177371],[36.915057754092636,4.419701224175922],[36.92227294000378,4.41627651024675],[36.92894811376755,4.413371750153064],[36.935768291033014,4.410386999619893],[36.942343462091195,4.408837121568106],[36.950528675211395,4.40567071337856],[36.95693882899568,4.398143021866847],[36.96451903314125,4.396978108986552],[36.970529187349236,4.395953184375238],[36.97619933486138,4.392573467408709],[36.98222949238109,4.390678621466285],[36.98617458651002,4.38674395794142],[36.991839731623955,4.383494231221148],[36.99783988457847,4.380366988942266],[37.00560508581262,4.377229750373463],[37.01433656266163,4.373296429594332],[37.0401862653962,4.363183155116777],[37.05925772809953,4.344495174173429],[37.085576362198594,4.326951339328264],[37.105029239667104,4.300254239318993],[37.12448213714908,4.284235963800846],[37.16224367841595,4.271650133245096],[37.19121793388113,4.255636098756387],[37.197334934147435,4.251720311294074],[37.201885047913095,4.248780556306488],[37.20780520146407,4.244770898399717],[37.214695378087775,4.240291274665834],[37.22249056944455,4.234801736776673],[37.229545747199786,4.230497097796261],[37.235240896029566,4.227062385331593],[37.24201606713272,4.22313271952986],[37.2488812393672,4.21899306595433],[37.25368636261683,4.215623352480915],[37.260494030523155,4.210861247962407],[37.26818672206297,4.205169234862757],[37.27467688916237,4.200984584721013],[37.28252708645543,4.196094995947019],[37.290327286313065,4.19161036935506],[37.2982974847371,4.18640081115381],[37.30437763540279,4.182016183303985],[37.30966776960603,4.178241497568957],[37.315427915419775,4.175096762553746],[37.32123306302254,4.171742043934985],[37.33027829552251,4.165727551238774],[37.33983353358523,4.159218100515827],[37.345003661618925,4.155243436873644],[37.35029879231998,4.151778731464362],[37.35443889883925,4.148299025057948],[37.36012904390588,4.144869311394833],[37.36610919570457,4.141429599522984],[37.37331437622967,4.137149957582543],[37.38039955397229,4.132590340639078],[37.385399682746325,4.129500606466328],[37.39527993147879,4.123548604914864],[37.40191009452371,4.119661428260463],[37.407600238843735,4.115711762317639],[37.51051282230886,4.048124649512927],[37.51677298161018,4.040918076557595],[37.52103308462374,4.038128314884847],[37.52622321652877,4.035788506019214],[37.53128334643724,4.032818759911325],[37.53548344711599,4.02893908815607],[37.54406365899885,4.021929678067364],[37.554523919589165,4.013750375548877],[37.56201410946111,4.009255751091556],[37.56974930274837,4.004126187129672],[37.57781951105491,4.000116518583648],[37.58090791486006,3.995958543387553],[37.5861747143571,3.992102205915269],[37.59250487632494,3.988929134549628],[37.59798501226164,3.986522669859544],[37.60660022966045,3.980688158841153],[37.61276038140398,3.975928561375797],[37.62204561832648,3.970294037801948],[37.631800859258824,3.963959570754196],[37.63492593325994,3.959204977858515],[37.63793100553614,3.954600378574765],[37.6441161616179,3.95153063055793],[37.64946629655195,3.948275909348142],[37.653896402975576,3.945056183010026],[37.66088658139589,3.940684047245447],[37.67054682304214,3.934467069308612],[37.677234491348955,3.929484993694168],[37.68495718397286,3.924537912379121],[37.69144734671685,3.920608240600696],[37.69894753359732,3.915308689185633],[37.70525769153278,3.910489100791309],[37.71070782620315,3.906369446499704],[37.71759800165176,3.902229794021044],[37.72231811482678,3.899060062990703],[37.72908828845084,3.894955410428067],[37.73578845520669,3.891560692346806],[37.740768578268174,3.888420953808048],[37.745138691554715,3.885441212490013],[37.750368823353575,3.881521540632254],[37.75547894602733,3.877771861765709],[37.76180410395483,3.873069758773974],[37.768209264153704,3.868242668939494],[37.773549400141015,3.864552976169674],[37.77854951916305,3.860533319592681],[37.78348964551793,3.857073615147228],[37.794189909051426,3.850844134774652],[37.80241511671868,3.845939550769272],[37.80813026009411,3.841844897647552],[37.81318038500046,3.838075216593864],[37.81878552691267,3.834670501701264],[37.8288307816812,3.828336034674145],[37.83446091654177,3.824816333990325],[37.84147609188782,3.819781758496822],[37.847871252030515,3.815397131430851],[37.854351414673474,3.811347471174729],[37.861181585102095,3.806777857890333],[37.867661746922295,3.802378229906593],[37.873061883401675,3.798688544623686],[37.87908203160743,3.794248919046265],[37.88669221766971,3.788869369632362],[37.89414240211526,3.783939788436748],[37.9010125751253,3.77920018992035],[37.90659271487351,3.775740484336037],[37.91160284276804,3.773030711975163],[37.91738298811495,3.770025961889596],[37.92410815231433,3.764571423048571],[37.93019330174269,3.760611754971992],[37.93754349156071,3.756902071297542],[37.94397365348289,3.753372364806094],[37.94909377593406,3.750602597553221],[37.95541393816918,3.746927907889079],[37.96161409021017,3.743203222229077],[37.966964225093015,3.739973495795403],[37.97305438151403,3.736678768072912],[37.979894548417754,3.733544033579177],[37.98596470474537,3.730619276659434],[37.99130484433378,3.729204391088652],[37.9967099801929,3.727834495466902],[38.00335014638058,3.723744842603786],[38.00607520384518,3.716775448049963],[38.010285311459945,3.713830694926209],[38.013798728563195,3.710149344551475],[38.014670403890854,3.703699069845912],[38.019615528019905,3.698422023676155],[38.02311061141157,3.693987405359853],[38.02940075986471,3.687372968677782],[38.035350907017964,3.683028337589323],[38.03991934961787,3.677193836278191],[38.045676154857254,3.671064359919506],[38.051649639105264,3.668996200531316],[38.055866409732864,3.665879796911035],[38.06114654307322,3.661733482070586],[38.06511663757404,3.658350433490757],[38.06981675780189,3.654440768821824],[38.07621191063421,3.649193715108309],[38.083542093421514,3.643326713862363],[38.088257204730645,3.639672023143491],[38.092687318154155,3.636742270262386],[38.09762244024463,3.632922596336859],[38.10326257800764,3.628083011264156],[38.10750268024489,3.623748380465591],[38.11148777528475,3.61956373980775],[38.11663790586716,3.614759148018322],[38.121098013346376,3.610024555871364],[38.1269881619418,3.608367188960329],[38.13381834126489,3.610769467116474],[38.13951848903993,3.610754460583637],[38.14465362223251,3.61085943947107],[38.1546688896924,3.613254209533875],[38.16293910230957,3.614639077521957],[38.17157933297182,3.616988855991067],[38.18177960258717,3.618978665694534],[38.1892747953905,3.619483605308751],[38.1977800170681,3.618943641653336],[38.20413018337345,3.618103703253097],[38.21389543470657,3.617198764862646],[38.21999059090134,3.616403823906472],[38.22640075022604,3.615453894241611],[38.23792105116899,3.615248893407072],[38.246111261091514,3.614793919193534],[38.25424147217219,3.613534012909685],[38.26357671339943,3.613014039499755],[38.27209693488171,3.613528979281851],[38.278432100354834,3.613443975438215],[38.2847322575386,3.612954011840436],[38.29492252654071,3.612189060937735],[38.303742750765416,3.611529100879415],[38.31280298447213,3.611264109299894],[38.32317677302869,3.61069078731507],[38.33025343374546,3.609049269949606],[38.335693574104965,3.608714284858127],[38.342503750490295,3.607704368146845],[38.35318402330695,3.607079399957779],[38.36226425824387,3.607044388164528],[38.36960444639511,3.606654408100904],[38.37756465098976,3.606144439364255],[38.38346480606274,3.605784462560302],[38.38870494168513,3.605739455777548],[38.39681514915413,3.605629450118775],[38.40482535044025,3.604574526101826],[38.4140155879575,3.604104549308645],[38.423030823995724,3.603009632253809],[38.43064601601614,3.602384669767262],[38.43801684577435,3.602783977869531],[38.449575886984704,3.627978922962765],[38.47701223119128,3.612428708600976],[38.482117370759916,3.614603511943185],[38.48832753423912,3.61652333265978],[38.4972077652153,3.61952971891387],[38.50313792283269,3.621316220415349],[38.51182815380468,3.624437596532616],[38.518178318917116,3.627847286998733],[38.51758331880717,3.633996753790972],[38.51771833265334,3.641281116110326],[38.51442159642936,3.648498821549651],[38.52234347477249,3.651860182088886],[38.52782861671534,3.653220055674632],[38.533578768026956,3.65422994982672],[38.53806887417103,3.649680342869672],[38.54471402848806,3.640538630654501],[38.54873161550008,3.631076948883771],[38.552844210940236,3.624997477187041],[38.55214918151854,3.618983005804827],[38.55402922191213,3.614083425287445],[38.561909420717704,3.611148668452217],[38.569074597646065,3.608278909379944],[38.573264701688444,3.604894197837194],[38.58101239929378,3.605351640729073],[38.58947012188146,3.605709092999845],[38.596975315627425,3.606004052466598],[38.60412550333701,3.609078772280335],[38.61056734148396,3.612653449656022],[38.611205678584646,3.605354087158914],[38.61928588095399,3.603149261990892],[38.62587105161846,3.602944273059049],[38.63132119262427,3.60183435388699],[38.63655131970329,3.600614451964247],[38.64371150054403,3.598454634228936],[38.650111667515255,3.597104740162835],[38.656016814594174,3.595529863002275],[38.66324700089575,3.596404773141532],[38.66674710220075,3.600599400922147],[38.66947717745668,3.605353981267872],[38.671387237777374,3.610748505023833],[38.67006721242609,3.616183033073705],[38.67120225136179,3.621302581640921],[38.67869577932284,3.6230724127543],[38.68437258426149,3.618827772087959],[38.68759265398689,3.611728390604414],[38.6914477422805,3.605108961594567],[38.696247853348986,3.598444537293059],[38.70070295575459,3.591730116524588],[38.70660809597203,3.584020777595974],[38.70933814930672,3.576471436095587],[38.7132332380102,3.570626937605375],[38.719123386293624,3.568337131570467],[38.72460352289248,3.566887246352571],[38.729973657276005,3.565487358271197],[38.73527379129094,3.564047477989336],[38.74342399520162,3.561032722711467],[38.776220379348985,3.551453648450848],[38.7819349666939,3.548718733741661],[38.7949252912687,3.544689057924647],[38.802655484441246,3.54220926098071],[38.829726164146024,3.533739954960088],[38.83711634816146,3.533294983468573],[38.85771686821925,3.527390463937543],[38.871457213734196,3.522200893897884],[38.88575756650034,3.517131310871831],[38.89674784180663,3.513051643374825],[38.90848313695395,3.511191788152192],[38.926863608059755,3.512426643644958],[38.93488381270219,3.512841593821907],[38.947709144219864,3.514401433170615],[38.956689391801376,3.522815682083481],[38.963549578691826,3.529770058204093],[38.97098976451801,3.527150273937627],[38.984060091622986,3.521850717652866],[39.0025105626967,3.522460628263918],[39.00793569372147,3.518830939047152],[39.01612089343782,3.514321318878277],[39.025056138794575,3.523465500209039],[39.03223132873449,3.526050262585964],[39.04765171443993,3.523070494041104],[39.066537209223654,3.529444903944],[39.074692425013914,3.536059303775189],[39.081672612328546,3.540158933384006],[39.09370290823951,3.535509322788054],[39.10729322828583,3.520650595596085],[39.1357639396811,3.51212129266542],[39.17594492425617,3.492242965452028],[39.20129555216421,3.480643933029437],[39.234896398095955,3.478574050973268],[39.280787558825466,3.474404331934644],[39.29967804663342,3.47847393994837],[39.329248797308615,3.479723781651272],[39.329908806151,3.474024281028506],[39.33340888332805,3.46778481939741],[39.34847926311068,3.467444821688831],[39.40643072672872,3.466124826138235],[39.41641097555124,3.463795014198511],[39.42456117276071,3.458630453546903],[39.46835228014195,3.458115414833262],[39.48685275404961,3.461055129040991],[39.4945429420317,3.459005290254887],[39.49925305802514,3.455325606435071],[39.5053831772938,3.438447079054203],[39.512493307714536,3.411929396309819],[39.51693341120258,3.405949913529673],[39.528258689056536,3.400365379220958],[39.54473410888605,3.403040115112521],[39.555274387683745,3.409519527106327],[39.559744506637124,3.413979127153635],[39.56558468249625,3.427647912453857],[39.57947511642668,3.474103808207517],[39.582735210665966,3.479653311163613],[39.60980593995667,3.50411111249751],[39.61738614646579,3.513990228421012],[39.707218581841325,3.60622193939518],[39.771890337738306,3.669886205991924],[39.83747227487525,3.814793294680944],[39.855202794173074,3.847710356193925],[39.862743016228976,3.865588762410896],[40.01892711348607,3.948891068531675],[40.10745942580553,3.991057139907559],[40.11989974754316,3.997836510964174],[40.12725994862391,4.003925955973421],[40.16991106127659,4.025153986133211],[40.191631631068596,4.037562838370837],[40.20987209128797,4.041172477012201],[40.23172264879453,4.047741842650722],[40.37345631054169,4.10399653554543],[40.38543660211747,4.102516633065316],[40.40068702090103,4.117405276937351],[40.44045805048288,4.135583576202388],[40.649833441445146,4.222615344827761],[40.67126399221882,4.230844561539553],[40.68800441159533,4.232594365358087],[40.7068849094416,4.244463260113019],[40.721975283771286,4.246823014842285],[40.74477588407294,4.25944183789678],[40.75943626507482,4.270060854193619],[40.77605669879681,4.278660044504735],[40.79304709839559,4.2713506570125],[40.806447392676006,4.25535204573719],[40.827177858526234,4.238673476750079],[40.84079816510676,4.225114652421373],[40.86132862404445,4.205996303370275],[40.88185908298593,4.186877954184693],[40.91438982228853,4.164189896240494],[40.937780364525196,4.149731121592945],[40.955450738941934,4.125963197795164],[40.96885103276686,4.109964586831896],[40.98226132563799,4.093965983787006],[41.00810192348142,4.079277224466748],[41.0263923299485,4.062828650109825],[41.04266269826642,4.051479623126297],[41.057883016281394,4.027931679490556],[41.08350360147032,4.010803141505391],[41.10222403289705,3.99923412837495],[41.11360428693635,3.98834507065412],[41.14718507971809,3.977855925711637],[41.173015676081235,3.96316717591279],[41.192566152149844,3.961367289588452],[41.216026759486134,3.976415894363291],[41.247577512947366,3.971036294513941],[41.28890850655458,3.964746761031576],[41.3328795622016,3.960677019559908],[41.379520691330036,3.958827072628516],[41.41415153571763,3.960546832214471],[41.43390201536923,3.961176734787748],[41.473002952085224,3.957556957911919],[41.49806356875579,3.962616449018054],[41.534714448798084,3.95922666360255],[41.55670497696572,3.957196792150219],[41.5793255353097,3.962486266719071],[41.59663595682207,3.963336148347682],[41.62882673254526,3.965285891949147],[41.653677341762545,3.967905601522193],[41.67831793757347,3.968085523916148],[41.698498438571555,3.9735949847334],[41.71071872495795,3.972465056424392],[41.72537907515317,3.971115141251187],[41.75287975217579,3.975944636964692],[41.768170133567644,3.981914066684466],[41.799710876917324,3.976534473779134],[41.81968136338889,3.979604146553879],[41.84453196261469,3.982223855318384],[41.85982234329563,3.988193283994587],[41.88447293409492,3.988373205987322],[41.901573346571936,3.986783307483239],[41.91483369047149,3.997862279112269],[41.927674008878206,4.004051695022976],[41.93891431584776,4.020230218826366],[41.94931458575082,4.026649611679709],[41.959714847542074,4.03305901436158],[41.97298519044389,4.044137985490161],[41.98338545980988,4.050547387948285],[41.98952564314749,4.064736103824957],[41.995455814061536,4.076495030808497],[42.006276102769256,4.08779398845313],[42.014646328654194,4.099312940188677],[42.03014672258718,4.107722145777223],[42.04298704055288,4.113911552225799],[42.05827742032402,4.119870980742926],[42.07907795175275,4.13270977838478],[42.11614883753339,4.134199545135705],[42.158949887326266,4.144998468514433],[42.204811025797554,4.162896738126409],[42.25897231143475,4.162806601292219],[42.30582342816636,4.163386430245977],[42.345544378731674,4.167095985788732],[42.39706559007712,4.164786055973403],[42.43678653854867,4.168485620403206],[42.469597340973905,4.177754696569575],[42.492217888614825,4.183044161136054],[42.5199285602035,4.190313433809866],[42.54680919107748,4.187833583739996],[42.57514989523613,4.202422196257367],[42.59714040841601,4.200392319616075],[42.6128508112276,4.21124129680679],[42.63973143292739,4.208751448690205],[42.65299177468617,4.219820413524267],[42.670512197999685,4.223120071984969],[42.69292272968738,4.225969749764647],[42.71574329054312,4.233698989530452],[42.73145368434916,4.244537967983508],[42.756714299285505,4.252037221844575],[42.777944842666024,4.269755563054692],[42.80320545705178,4.277254816556483],[42.816265789863756,4.285894005919034],[42.829946151453484,4.301842523039465],[42.848306621353146,4.314901295165509],[42.86135694822261,4.323530478920673],[42.87482730259626,4.337049222861523],[42.890327690532615,4.345448413119935],[42.903588031019815,4.356527378449745],[42.91726839181619,4.372475900205834],[42.93562886202066,4.38553466289931],[42.948889202645155,4.396603622207663],[42.958519498141904,4.422771228922287],[42.974219900934216,4.433620207432363],[42.983230159827485,4.452468474511337],[42.992020414720145,4.468866967868704],[43.00019063244054,4.477956120042638],[43.00856086621284,4.489475051731857],[43.012681019050035,4.508773291807088],[43.0137210759557,4.520972183162026],[43.02761145304223,4.539370481823323],[43.03396165413916,4.555998951620256],[43.06802252038639,4.579906684789194],[43.084152944345796,4.595635212505417],[43.09741328541077,4.606704167784523],[43.110673627304244,4.617773130311353],[43.13147414487278,4.630611897754262],[43.152484684075134,4.645880451536658],[43.16351497945547,4.65961917474066],[43.18388548311924,4.667568391430017],[43.201825925540994,4.675757592092135],[43.23037663972653,4.69278595889905],[43.250977148961006,4.703184947935653],[43.271357643736486,4.711134162189038],[43.28747806845949,4.726862685351591],[43.30807857718508,4.737261673503439],[43.32559899640748,4.740551316094798],[43.35414971012571,4.757589684289212],[43.357429815136726,4.767128806853977],[43.37495023341857,4.770428446907404],[43.38514047698494,4.774398058690042],[43.398400818717036,4.785477005848259],[43.4283515254621,4.790086492459381],[43.441201842736454,4.796275882719142],[43.45649221496012,4.802235294115642],[43.47401263267124,4.805534940605999],[43.48909298906951,4.809064566577875],[43.51149351349478,4.811904239600801],[43.52678388488607,4.81787364032477],[43.54228427018183,4.826282823901885],[43.55268452811053,4.832692210140259],[43.569994930202434,4.8335520725251],[43.5803951950124,4.839971456180906],[43.600575671365014,4.845480889923452],[43.612995966537106,4.846790727980461],[43.62319620781284,4.850770335233602],[43.63827657077041,4.854299959866212],[43.6834976382013,4.864868852060804],[43.701228068379514,4.870608264585314],[43.71386836971415,4.874357884250644],[43.734038845689554,4.879867309275223],[43.7566593812515,4.88515675323812],[43.788840127475474,4.887096472725351],[43.807200587234135,4.900165213914216],[43.84469146766313,4.906534507521931],[43.8648619414296,4.912043938561026],[43.89460263319357,4.914213636074022],[43.9371936310362,4.922572733944842],[43.982224680159426,4.930701837524004],[44.029905796771445,4.941050724218136],[44.07877689479441,4.936530970033854],[44.12379794093556,4.944670068197381],[44.15108856871289,4.947059759706322],[44.202189691472164,4.939870236278066],[44.307892059616684,4.93748009029884],[44.38426377745194,4.937789791529569],[44.45274528945349,4.931070167670187],[44.54797738849894,4.922640609411586],[44.62739916342083,4.923660235047098],[44.67920028803784,4.914500895247185],[44.73225148160352,4.919800220819109],[44.8279935804909,4.913960413722775],[44.904135264421114,4.914110130435272],[44.96309658455045,4.920329345089788],[45.0026308391556,4.933604647711376],[45.08107951453415,5.01247043554351],[45.66920471848177,5.623661602537506],[45.899400698008236,5.858188818079012],[45.946301930842885,5.911023686869018],[45.99576322079063,5.961388775491439],[46.063944997422276,6.0316519216031],[46.12276653385142,6.091306090986369],[46.17823801366581,6.154729911672411],[46.80455452383705,6.804475948781055],[47.9592554996693,8.013694932667303],[47.000335609917094,7.986203791688536],[46.7368105773686,8.071457472142196],[45.62180862558851,8.443989798989966],[44.157318128573266,8.938993309502134],[44.122447449817734,8.962961321695806],[44.0867967007494,8.977780187422132],[44.06219617759606,8.986979496657327],[44.05401606188548,8.999258424803882],[44.036285697561226,9.007807755044315],[44.01933541090947,9.025506233370788],[44.00370507192232,9.031565780122428],[43.976464472703945,9.038015356841107],[43.95945424217767,9.066012896077892],[43.929753683543474,9.089900898652592],[43.91329338553459,9.103759735349259],[43.901643156424335,9.111889063479286],[43.885032840513844,9.123988057025748],[43.867282536905435,9.14325640784856],[43.84382206877669,9.157755228549709],[43.822711701855205,9.17908340965415],[43.80496139705143,9.198351762872722],[43.771450728275,9.219070077416896],[43.76200058959431,9.232278928211018],[43.736790078260604,9.246937748358347],[43.7255898914728,9.260306597576118],[43.71057959733287,9.270505761866506],[43.68318900512902,9.280095058988524],[43.66777879560054,9.306182777390696],[43.65467855814302,9.31796177897711],[43.64461835822223,9.324181279989434],[43.62976807161788,9.336130277497535],[43.62541803781243,9.347099307879468],[43.6118677552326,9.353638797089198],[43.59845748275699,9.361928126261985],[43.59030734047623,9.36972746432045],[43.58230720757881,9.379276640998182],[43.57049696550095,9.38565614115891],[43.55504662373931,9.390605781913196],[43.547196507870254,9.401904806623076],[43.535236249182844,9.406534459195406],[43.52123591280323,9.407834429195272],[43.49777535992212,9.409074464665608],[43.49335533424382,9.422433276764117],[43.48342518322278,9.436312073924487],[43.467184822636405,9.441521699532716],[43.456614611255205,9.448051173309512],[43.448214471820286,9.458090312182176],[43.434124184924976,9.46679960519732],[43.41640382677784,9.47784871156014],[43.41310382659578,9.489647656625918],[43.40636380222022,9.51182567790981],[43.388913474916535,9.526364467759514],[43.38026336730677,9.542973014213846],[43.36864318398677,9.558411677697142],[43.356282929294004,9.56530113652966],[43.35738304303938,9.57812995822748],[43.346002882388284,9.596418364696245],[43.33674271966565,9.605897561053233],[43.32643255684371,9.619776364421863],[43.3187224364214,9.630545434709957],[43.30791223093277,9.63872475940195],[43.30200218259371,9.653643444915732],[43.29894220502707,9.668292126293814],[43.28980205383593,9.679191200043148],[43.288162108636755,9.693709887518718],[43.275931863293124,9.702019208735091],[43.272991897731245,9.718097772493058],[43.2751520033485,9.726516990848106],[43.27507210890165,9.742325552428735],[43.265931956901184,9.753224619156315],[43.264542035086926,9.77059305059733],[43.257081943894946,9.784211864723748],[43.25055183378332,9.792001199223819],[43.250101898730485,9.803540148922151],[43.25108199511109,9.814939105986976],[43.25230212216387,9.829187806365367],[43.23888186781657,9.84048686559639],[43.232481775613806,9.849696075915544],[43.22322160546525,9.859175274673177],[43.21433148264892,9.872924078454478],[43.200671204903095,9.881373402375925],[43.18652087437371,9.884123246851345],[43.16821045191545,9.888682954180172],[43.15920030976107,9.901011889306151],[43.14374996514022,9.905311605577317],[43.13733986630171,9.91453080767326],[43.11761940921211,9.919230508203203],[43.09918898080261,9.92237034576739],[43.09314892261709,9.935859160994065],[43.0819786735953,9.939758878916393],[43.07903870144483,9.955837439587977],[43.0665985498331,9.978535466832467],[43.063898608000365,9.997463763862902],[43.05296838182796,10.004223224063885],[43.04159822797506,10.022511646555834],[43.0271179723763,10.038220314441206],[43.02225792360554,10.048719393313377],[43.013007758480775,10.058198594814526],[43.00541764911204,10.070387539940935],[42.99485746345503,10.081416613868532],[42.98237719249062,10.086886200937315],[42.971206942807,10.090785920417584],[42.96765691449005,10.099735135349427],[42.95436666741165,10.112454067996875],[42.938696409611545,10.131152481925776],[42.9094958748598,10.159710087894616],[42.884605444598684,10.187367746919179],[42.856965021062116,10.226494393800802],[42.840744890941224,10.267390802620946],[42.82030454947882,10.291788736556386],[42.805444336366946,10.315676673205337],[42.786664167210674,10.359622826804111],[42.77651422734062,10.405578745252965],[42.750633894029434,10.450514864257181],[42.73731389119667,10.499460538526598],[42.71691361048264,10.532077731535248],[42.70561363049203,10.575533884541702],[42.707813995036716,10.619869871117524],[42.72252464992294,10.661436022624292],[42.74177531863784,10.686813602833885],[42.76863633441218,10.735099062818557],[42.797467469441656,10.79285365626895],[42.8440890752256,10.853747843540642],[42.86560982390349,10.881975143189711],[42.897960946203106,10.925101030465598],[42.93398210355665,10.95917770044209],[42.944352564479175,10.986335182074548],[42.91802196963369,10.9957945129635],[42.85307038611806,11.003444291269508],[42.797239267662334,11.04237118336069],[42.76053852621987,11.068219117076904],[42.70203714826199,11.08212828663426],[42.656355937846726,11.075099240699785],[42.611154782089585,11.073659694394813],[42.57969394150548,11.06813041455484],[42.536332751225494,11.05525187326213],[42.512532039655376,11.040563363066187],[42.475251033452935,11.03276432721169],[42.44003001431955,11.016326045738953],[42.40528905083376,11.005467267509925],[42.3344572149324,11.000768176711148],[42.23870476584032,11.00118880494373],[42.187193382019004,10.991879995337989],[42.127541815373455,10.986150915300021],[42.07930054994937,10.982171605830938],[42.035459288740576,10.963713552398783],[41.973017643682766,10.958244465681503],[41.904975857573525,10.953275370844151],[41.81744381355782,10.983883225398621],[41.769822631929905,10.992072810963043],[41.76427248907627,10.991732879520752],[41.761362349616846,10.982803698996456],[41.764733150046126,11.085824465144587],[41.77011350438811,11.11711163505062],[41.773954202816455,11.201794042927212],[41.777804897914585,11.286466463814456],[41.773525046729176,11.32339319287238],[41.777115902203455,11.429733687435174],[41.775546423832346,11.5081167064155],[41.77593666392713,11.539723892059316],[41.78242699830034,11.562611800850206],[41.788817317484174,11.583839869346422],[41.791777535612866,11.603628087759791],[41.79790801182274,11.646524219588862],[41.80429833236881,11.667752288446032],[41.81191864484777,11.682230940482063],[41.81943893336607,11.69505974833614],[41.82694922310241,11.707888549613962],[41.834779561164446,11.725686912479516],[41.85425019429328,11.742715257050799],[41.86729068885745,11.763503308167136],[41.88654129208222,11.777221946899456],[41.90236180114413,11.78950074135595],[41.91996236404973,11.803319383846688],[41.94307313317385,11.825107273786614],[41.96518394254068,11.856954281019142],[41.98111446821506,11.87089292234242],[41.997795099246275,11.896430528662494],[42.01115563773967,11.922198138802633],[42.02054600864017,11.938226641205159],[42.02838634896943,11.956024995226798],[42.04163687976844,11.980132756657538],[42.05102724510215,11.996161259463113],[42.06417775988685,12.018609164914515],[42.07897832314756,12.040947067390388],[42.09057880800219,12.065164823866715],[42.11256961715753,12.095351979787267],[42.125070044166534,12.10784077187488],[42.16509148083691,12.158485966584308],[42.1813420532175,12.177404158055605],[42.20001277953224,12.20781131893583],[42.21208314167292,12.213670700000492],[42.23021379373676,12.235788601320214],[42.24523438704491,12.261436200599267],[42.267125184901595,12.289973496241764],[42.28225579582719,12.317280950892481],[42.295836385046705,12.346358264956155],[42.31241701074367,12.370246009959898],[42.32024735957518,12.388044371019626],[42.337947948381704,12.403522854734344],[42.35571875274346,12.445648974734794],[42.34194854298369,12.46487737494975],[42.33626852385999,12.48024605914883],[42.31060819108504,12.521912555890411],[42.281187703547886,12.557159661025908],[42.250867294924504,12.604135735844897],[42.24330719659445,12.616284722950494],[42.23505704704053,12.62434406669799],[42.22795693870647,12.634013270866994],[42.21988678533059,12.6411526977158],[42.2106766385926,12.653421686721874],[42.19690643386254,12.672650092665961],[42.15671578328856,12.721936048953388],[42.13661545003577,12.746574022605607],[42.11443501499861,12.764692601428147],[42.09733472415093,12.784151015860235],[42.096324779323844,12.794200134861505],[42.08378455253086,12.806689127137682],[42.07135433552509,12.820837976427821],[42.05736409687079,12.83674668131355],[42.05115399128586,12.843826108955115],[42.043593891460986,12.85597509292972],[42.03470380240602,12.873223641316052],[42.0214736752137,12.900741318278078],[42.01113357422162,12.921409572957792],[41.998703364272295,12.935548427124935],[41.986913250470714,12.95964639399439],[41.97347308832655,12.983854365186872],[41.93140234988175,13.029930640966132],[41.88509642378081,13.083883369635732],[41.87960147201403,13.090285738989989],[41.78733972319729,13.175998941692885],[41.738248866885385,13.231854425741629],[41.69636806808443,13.270621356533239],[41.6518972228295,13.312328059238672],[41.6125964601576,13.348165229858488],[41.579005870176665,13.386382154656031],[41.53213499867118,13.433788377814532],[41.49662823513364,13.467832330147534],[41.482504059287436,13.481374617154467],[41.440613245339335,13.520141562826101],[41.41958282315544,13.538140159177154],[41.379372000224116,13.570567651904618],[41.35132146945819,13.598035480263198],[41.314610743229665,13.63092290575645],[41.29171038650577,13.662900302947707],[41.251279712093485,13.713346238481925],[41.21677905820342,13.748163482665188],[41.192428558972146,13.768461914450587],[41.169548117925906,13.790050215287092],[41.078206353114396,13.879163209165815],[41.01649510664546,13.933089027231073],[40.97175418930416,13.970656130565798],[40.83764144018579,14.084747336525963],[40.6514274770458,14.229976297878618],[40.54648514048144,14.301990939250212],[40.445402821130116,14.364036413788776],[40.38556136183093,14.390324635019256],[40.33184012779984,14.42458211992937],[40.269388607451425,14.453830113909046],[40.22347751940541,14.47919829940649],[40.17387621103616,14.490847701517264],[40.14080533834924,14.498617301052207],[40.08993382423937,14.490818369902518],[40.076193460875245,14.494518165787444],[40.056142833945174,14.48746892848706],[40.04409237781947,14.474310154175432],[40.029081819369864,14.45855161909658],[40.01110115256145,14.440203337036792],[39.985138966210584,14.432913739728503],[39.98173264928594,14.441352066783361],[39.97717026973267,14.437071093579533],[39.972381203708736,14.432157989814183],[39.97223452467383,14.426901798180047],[39.965527569692355,14.422279213303213],[39.958865987081786,14.418465134744483],[39.95534108605115,14.414597824759815],[39.950745471616564,14.411220294122026],[39.945540076887774,14.410028226993106],[39.939345992928,14.40932476076442],[39.93292110206347,14.412626127434796],[39.9246372595974,14.415569658161017],[39.91228731800502,14.4235029151301],[39.90117856215202,14.43240090603545],[39.89611788857754,14.436423246752405],[39.89138085283921,14.444144687132196],[39.880702237022376,14.452676588785733],[39.873433737342005,14.462468595592583],[39.867619000239024,14.46406708335888],[39.862798024175355,14.466390063464832],[39.85749608509203,14.472596237063515],[39.8477207308449,14.475057347083242],[39.84228973697644,14.479970017848444],[39.83219460151823,14.485424445047363],[39.82656210900236,14.4807128977788],[39.82085991102285,14.479520261511198],[39.814059921616106,14.482940989269597],[39.81098188866927,14.488046304484545],[39.807597020294565,14.493941388196962],[39.80188852130796,14.499793546826972],[39.793488761564696,14.500760106039802],[39.792422218155075,14.506907583425388],[39.78632777323384,14.511651795015716],[39.780837708564974,14.519478816707439],[39.777751877955644,14.523108680488882],[39.775407126524115,14.527710916329552],[39.76936902300028,14.533753850335348],[39.767663915087724,14.541326226174807],[39.7589380341259,14.544056817518637],[39.75115277974653,14.545780827306592],[39.74283363368955,14.546734086751057],[39.73539944006434,14.547568444020643],[39.72967297018878,14.547354785688823],[39.72306961986651,14.549576076153366],[39.71607398479261,14.552223089723842],[39.710209692311096,14.551932165117409],[39.70573780816917,14.556347199160918],[39.69992560090026,14.562573094545515],[39.697633872482854,14.569575958949658],[39.6904580108137,14.577821122256616],[39.68567485370575,14.583780338624903],[39.68116624111677,14.589314337458791],[39.67470965942652,14.588754018043861],[39.667420733878856,14.592713214878094],[39.65830231610474,14.590384053687432],[39.65095206417325,14.593628649934631],[39.64387537490193,14.596370343216584],[39.638563358858114,14.598994256402774],[39.6345679704033,14.603461501948038],[39.6296840471937,14.609324137470464],[39.626674535609965,14.620277809346126],[39.625341587993006,14.629025613232802],[39.623561899015726,14.636501346921042],[39.61896229688182,14.63883025147221],[39.61189145268732,14.644235067275734],[39.60670448183389,14.647665661734717],[39.601698207296714,14.652543539512383],[39.59645748138436,14.658039667720615],[39.5920997834427,14.662702191499456],[39.58643755046232,14.66532277216652],[39.58091753752415,14.66834826153204],[39.57605678337874,14.670445352987308],[39.57050519115562,14.670459123031671],[39.564351030515915,14.670404731091068],[39.55638713685834,14.669335257193799],[39.55014891855582,14.67019961144773],[39.54499259902098,14.670906805632795],[39.5383168690715,14.670073044935597],[39.53117434620958,14.671595364866311],[39.52371047825263,14.674595028877107],[39.51665964489358,14.677616700083929],[39.51085946504747,14.672336175631132],[39.50354784753694,14.677564596440012],[39.50136556382613,14.671269321316837],[39.500619096785506,14.66468613039337],[39.49798361565982,14.654903870741457],[39.49307983763107,14.649254795304953],[39.48924169448966,14.64583012454588],[39.48745196328177,14.640796115510701],[39.48848758012303,14.633306363361132],[39.490951270984965,14.625594539061693],[39.48664876580447,14.618326894946],[39.48295796912194,14.610690052872311],[39.47840627365942,14.604189972373634],[39.47864443611456,14.59817228237661],[39.48268723484867,14.59457087236826],[39.48672666058073,14.589681129427303],[39.49255181950553,14.583037073748361],[39.49404007070574,14.574651688505801],[39.49527356897904,14.564926763024719],[39.497485592273286,14.557235732966488],[39.49963862030775,14.551336144622287],[39.50125885703473,14.54436525667054],[39.5000462370381,14.537396124038514],[39.497606806466855,14.527484278544659],[39.49584210469535,14.517448251312207],[39.49398812689177,14.509438598186923],[39.485968357073695,14.501994165728805],[39.479748573523395,14.499520316909354],[39.4735135956812,14.498820547472361],[39.47189288310157,14.504982441259768],[39.46864069497701,14.508967852519437],[39.47019180745252,14.516177197614702],[39.46273642786152,14.513614212134394],[39.45795369870985,14.507811700848729],[39.45296430556456,14.511507144636887],[39.45321199731477,14.52037681666683],[39.45413461833004,14.52743551607639],[39.44640932057916,14.524938302309994],[39.43634782117011,14.519838240282622],[39.42996956913136,14.524921258646184],[39.42909010026898,14.531236856026842],[39.4208665543286,14.531247513818835],[39.41305584333675,14.531571677567932],[39.40633015750339,14.535569953835846],[39.39933329134002,14.53876757644239],[39.3921018540191,14.537568438712581],[39.38450362123995,14.536362908661417],[39.375603861043714,14.537339023079257],[39.36956795162682,14.538880392760811],[39.36547069502791,14.534555443778503],[39.36852202876675,14.52721518456472],[39.36944648138645,14.519257709735498],[39.36565292078355,14.51240771347934],[39.36551727574273,14.5063906037384],[39.37024661361217,14.500364665274564],[39.37201826306182,14.495185071461318],[39.36558478720961,14.496832103422447],[39.3589033538937,14.501089303537766],[39.35425869518482,14.505581811230453],[39.34785741860458,14.508865922426361],[39.3408807487584,14.511878303729802],[39.33670327571195,14.507733950232792],[39.3311154226043,14.503820690317347],[39.32491388684738,14.498839944309735],[39.32438615924851,14.492974615797454],[39.32742314289276,14.48709294873827],[39.33085055165111,14.481007371366108],[39.32285245031519,14.480103366999007],[39.31471591111841,14.47945269438124],[39.31520221796302,14.473918212070668],[39.315213045161634,14.466332715310315],[39.31717531281691,14.460413734500847],[39.32322666878858,14.459612367117607],[39.31869685146958,14.453415141663386],[39.32415960729417,14.450608378164619],[39.320785274304356,14.442513363481446],[39.31568072382547,14.438132243530935],[39.308372296646546,14.436756101939473],[39.29858144582247,14.436757819057465],[39.298220405234,14.43068127378223],[39.29875272256466,14.424779045832203],[39.301924884817474,14.418801944272495],[39.30169984756148,14.411966398102381],[39.29376146438996,14.41116106189317],[39.29111191986028,14.405312664908706],[39.28410628835028,14.40447938154313],[39.27671202277666,14.402733163326499],[39.26907529879558,14.398101379016179],[39.26159149200698,14.393679464374088],[39.25629697111369,14.392925841816172],[39.25061409505814,14.392839152941596],[39.24898780514681,14.399997271963008],[39.247629976941866,14.405912320768005],[39.24062100827539,14.412175933601505],[39.237189074199435,14.419070986735582],[39.23531754106702,14.423878536777716],[39.232658019445225,14.431337285000316],[39.22825533424132,14.437513896289449],[39.225048988085675,14.443900028642615],[39.22397759076982,14.449382168607034],[39.221868292686096,14.454374444896027],[39.22174091355799,14.461605889396662],[39.219758613639286,14.471331823261636],[39.219997299129204,14.478757695786664],[39.21534567737086,14.483420384066234],[39.212412147035806,14.48808792657697],[39.209351746800245,14.493623110106336],[39.21757377166156,14.496642587243832],[39.2207459476339,14.500924354604269],[39.22391838882165,14.505478424170953],[39.2287705037707,14.512218667522065],[39.232319115496196,14.519735355686416],[39.232890698892305,14.531539190678645],[39.23318027048941,14.540881382381436],[39.2394083085772,14.548212710553948],[39.240993707357845,14.556231892037852],[39.23902648150287,14.561247305549099],[39.239498087862565,14.5664469402881],[39.23404862579023,14.5687271126833],[39.227333494898744,14.5687832439305],[39.222402931692294,14.573022814152516],[39.22185094731234,14.580132748740366],[39.216736552786394,14.59203322980777],[39.213200634855944,14.598097490447138],[39.20891845449299,14.60387410580783],[39.20118878664975,14.611598758819445],[39.195038594383504,14.61397386258247],[39.18792494461176,14.616531920377795],[39.17854299494403,14.619091353216465],[39.17033551446359,14.620311334602375],[39.15831540416677,14.620838670117525],[39.13429327000116,14.616095349437074],[39.125528629837305,14.613992071748012],[39.114816839186894,14.618184516880065],[39.11046293931738,14.623130019958577],[39.1052461255502,14.630591965486646],[39.098460045898626,14.633932856691583],[39.092599793190224,14.633362282525127],[39.087705164735894,14.633897964180525],[39.08160026343659,14.63707342866938],[39.07619204119733,14.633976062761612],[39.06836093792922,14.63428259540159],[39.062333109738326,14.636836491902768],[39.05605563690348,14.636746830738737],[39.04928081053745,14.636049676447538],[39.042256878747466,14.632192545824482],[39.035153357808575,14.633870942258875],[39.02953065544541,14.635026695464141],[39.024381033000324,14.632929817097814],[39.020915441469384,14.62912442477709],[39.0151483519153,14.624430254097991],[39.00933022517939,14.61680015015385],[39.01147775759758,14.609745499976956],[39.013535694654045,14.60401135171656],[39.01229767052976,14.59738146393779],[39.01082529406581,14.590839305893901],[39.00203088170123,14.586342443242133],[38.9998832024013,14.577772953337059],[38.99639762263707,14.572382403831059],[38.99472335552212,14.566154791287717],[38.98852949233274,14.560409407155182],[38.981793445007696,14.553264015887258],[38.97886702939953,14.548021650112496],[38.97559378698986,14.542164526378043],[38.968166646476334,14.539036271304099],[38.96123216340875,14.538741686378508],[38.95500203888525,14.53656379142481],[38.950497417913404,14.53170775227618],[38.94442428364549,14.531756619842682],[38.93812678928587,14.532655670335522],[38.93437739756685,14.52657054860411],[38.92894463298938,14.519633749926035],[38.921828140377684,14.511880682996969],[38.91479330348322,14.506586993377653],[38.90573610771073,14.501764073515488],[38.89763211809265,14.50022374739254],[38.89104972949495,14.49978769587858],[38.884302382834264,14.498161811711158],[38.8781636127519,14.49718042773156],[38.87110799329863,14.495618184436253],[38.86508932632025,14.494618888911335],[38.8574825627829,14.495086465874639],[38.84925172712298,14.496259659243739],[38.84211187209243,14.491612285831732],[38.836043877731335,14.485852734620153],[38.831074717108585,14.484264356020024],[38.82532020594628,14.482541734843103],[38.81760596779949,14.482466244017077],[38.81601919130011,14.474909768215204],[38.80984211022799,14.472503191807045],[38.80254739832885,14.46889032747963],[38.794896550178876,14.463793926172862],[38.78749462537264,14.464537424574768],[38.78182976755034,14.466195919268044],[38.77570561185394,14.467462039689998],[38.768868618534185,14.46664397957087],[38.759779813726446,14.46520170554003],[38.75103555056154,14.465655931182168],[38.74404633535833,14.46266275064845],[38.737193971835616,14.46093290758122],[38.73140245605308,14.459471748611422],[38.7240890793532,14.461240921159987],[38.71662151490864,14.461567291897477],[38.71081873252252,14.464291905993115],[38.70379701201926,14.465863112570647],[38.69626893958565,14.462881914029829],[38.68807388948681,14.460768405713969],[38.68110435179388,14.457333729425798],[38.6759517401927,14.45356706162956],[38.67078400976588,14.453252614283258],[38.665762208822706,14.450993527110423],[38.662495921973346,14.44605140012479],[38.65507081048503,14.445570003863525],[38.64762139408543,14.441754908270994],[38.639976620519626,14.440065555139734],[38.632127469094236,14.441116750805042],[38.62475179926758,14.437327534890345],[38.61662644883292,14.434107097182746],[38.60917107425433,14.43921756577817],[38.60214462715277,14.439875889906656],[38.59522671211689,14.439153825474206],[38.58730978717445,14.436605782572665],[38.579828475419404,14.434213256211047],[38.572932940455544,14.433536418956681],[38.56783384309416,14.429333883291273],[38.56191007607785,14.426615830916989],[38.55550471581029,14.4262709145571],[38.54995646374716,14.422843624083763],[38.54448893751975,14.423103592533474],[38.53820233055151,14.420719156319075],[38.532679659141884,14.417852422725696],[38.52771562887892,14.415352588513107],[38.52180734327144,14.41144426453111],[38.51670827106206,14.405659715194714],[38.511081476678584,14.410478026640979],[38.50688605318132,14.413832632357682],[38.49941174826335,14.4125189465891],[38.492342851441386,14.415171181249038],[38.48454751694367,14.418775708397963],[38.47844334433657,14.417159155038329],[38.47314014979855,14.41363494228952],[38.465668327840305,14.412395654756164],[38.457032576286885,14.410025482882963],[38.448259588170515,14.410997260117277],[38.44358718968218,14.416720291458853],[38.44350862892585,14.422795492410463],[38.43957750562569,14.427351260552555],[38.433021891795846,14.428577810796105],[38.42997355668667,14.43524880167809],[38.42894322075078,14.441834778197718],[38.42588155616952,14.450931721068217],[38.42301313327242,14.457443884463242],[38.4216296511295,14.464323886937397],[38.4147533082651,14.46446468325577],[38.40905473929974,14.46431321684669],[38.40236502114694,14.46553339297867],[38.39973863956014,14.470714271683768],[38.398993449700725,14.477082399900565],[38.395654929202585,14.482047373516277],[38.38924000031527,14.480210411886315],[38.38126447876722,14.481371941143516],[38.37428992912433,14.480805950020606],[38.36976375872193,14.484972344701424],[38.36308008600063,14.487340637959301],[38.36105670726263,14.492900407917292],[38.35698812641948,14.499832219503254],[38.35676633545894,14.50731137271434],[38.35015893364785,14.510110778849382],[38.34405439003663,14.508276752896286],[38.34065555272396,14.514322108322476],[38.341790114835995,14.522583839796766],[38.337249127358085,14.52942746831856],[38.33055605742681,14.532098197306295],[38.3259779411312,14.538199982646912],[38.3210014346483,14.544981585794067],[38.31608807333145,14.55124163087874],[38.314764041717496,14.559674833087783],[38.31427802320723,14.568698935060288],[38.316164039625086,14.57403892550248],[38.31123038685794,14.57929904032666],[38.308767973740075,14.585682630589943],[38.30344525320726,14.588706185430746],[38.29862940246796,14.591923050716785],[38.29398191944526,14.595371776950849],[38.29280613333231,14.602956327816706],[38.286926319651684,14.608071092191397],[38.279248072923565,14.610240177903584],[38.27197948481409,14.61109949280092],[38.2653507225924,14.614694848017939],[38.26595880492982,14.621706984678115],[38.26712170122331,14.628374620801013],[38.26990765664062,14.634938425161286],[38.265350884770804,14.639331766222737],[38.265183962732344,14.645116904138304],[38.264576308015386,14.653069795997823],[38.26256516269618,14.661051288147506],[38.261928109955406,14.667703863920345],[38.25705252354322,14.670330837235978],[38.252460763860164,14.675602930006784],[38.24390511717433,14.67848961357912],[38.23789711204571,14.683697420123023],[38.229084534125235,14.68633273718847],[38.22263598124318,14.6841297853808],[38.21587626868014,14.683313952769227],[38.210871333372594,14.687395735648746],[38.20353138708382,14.68646759160716],[38.195727462778464,14.688110668221421],[38.18824868438043,14.689713365082843],[38.18578341830285,14.68513227241351],[38.184405211450475,14.67983948144884],[38.18084257898272,14.67713403361234],[38.174677605255525,14.68037409923516],[38.169750057086524,14.678082867222546],[38.16284392303679,14.676414423008792],[38.15705613326081,14.677011023686662],[38.15114742825394,14.675321683934087],[38.146961364527705,14.669195066280187],[38.140108419973025,14.667854588858406],[38.135285526596995,14.673109468471981],[38.13292451750079,14.679083508348748],[38.12841045983565,14.682483801298309],[38.120990884500024,14.684379712360823],[38.115730695487755,14.688481948495273],[38.11000121772469,14.690649947269074],[38.1064041074489,14.69806426490109],[38.101788387755484,14.70062536542466],[38.096211362844116,14.701999964337013],[38.09238603789805,14.707186009704056],[38.08696828948553,14.708421657596704],[38.078703681326374,14.707977427436704],[38.07157676007363,14.710114546281659],[38.065471025969025,14.711887709623584],[38.05962911718076,14.711331249500587],[38.05433000266454,14.711384756390611],[38.047563056120964,14.71393455315207],[38.04120942278068,14.717159584091034],[38.03583644517137,14.722597398866823],[38.030904567755194,14.728423494636841],[38.02582533980957,14.732605991413296],[38.01910412813285,14.737192352808952],[38.018252051916754,14.743190645187878],[38.02130170849085,14.749802933641911],[38.0223100009856,14.755534139665329],[38.02137801258049,14.761335497015846],[38.016664382811896,14.765764998992312],[38.01098578771509,14.766635194352752],[38.00561649317043,14.766842940134278],[38.00448707807791,14.772158690124808],[38.000475875425735,14.775953246847443],[37.99502933694502,14.774011100387385],[37.99283541071953,14.779738758178771],[37.99359682381653,14.787479422456519],[37.993122376411996,14.792554117568283],[37.99085675754904,14.800127333917331],[37.98876159252987,14.808496248043086],[37.98220558021323,14.805564887148828],[37.97530477310493,14.802176879651878],[37.97536308027697,14.809894443269204],[37.97569483237545,14.818553399503761],[37.97386877578213,14.825096897651736],[37.971887023386564,14.83099650201864],[37.96002517462121,14.833516450706556],[37.95126333894635,14.832744604664335],[37.9463085954226,14.835202556762416]],[[37.439554312437004,12.281957426721124],[37.44591926907059,12.286003042073274],[37.45542714264613,12.28883640969122],[37.463744814878744,12.291599208260212],[37.4707262855944,12.294951629113637],[37.47538044045562,12.298611286710308],[37.480268876247756,12.30020297836399],[37.48454269552132,12.297061867911767],[37.49162638804247,12.29515549293366],[37.498839051713695,12.28770342852408],[37.50114257743983,12.280773680482238],[37.50702798130961,12.278211118868384],[37.511524467453405,12.272139615166006],[37.51929100284078,12.264401491988675],[37.52106090596337,12.25622805452325],[37.52568160664799,12.250725970357799],[37.52701180964982,12.244731146862481],[37.533928992086025,12.241918950962127],[37.53924692482496,12.238537612796696],[37.54099119613195,12.233699021206675],[37.54607857305142,12.23043327438483],[37.55446080242967,12.228438899425889],[37.55894860790608,12.224450117881059],[37.56087242633744,12.218148752101609],[37.56192891791971,12.211559815483756],[37.56219438810612,12.205256359094275],[37.560161032242284,12.197061911583273],[37.56653544585186,12.193725830633694],[37.56937260138113,12.185134182270385],[37.5751787154853,12.176117304494152],[37.5764608294851,12.167900257332711],[37.5763392518003,12.159515008360689],[37.58462324298554,12.15586000283143],[37.58972284592549,12.148504609458572],[37.59254589620393,12.143229216838385],[37.59416789991956,12.135863511570614],[37.59524764846271,12.130253907081578],[37.599724675566094,12.127303887476062],[37.60340242017374,12.122503614759358],[37.6081487036974,12.119344028218782],[37.614486250938675,12.110544503480336],[37.61812488001228,12.100615342335665],[37.61743705196662,12.09048497321547],[37.61503518961256,12.083014632505062],[37.61096835534916,12.07422241701933],[37.60826990009758,12.066510099686218],[37.60414123969424,12.059162258890241],[37.60106661255402,12.052366864450368],[37.60132477620374,12.044932805853536],[37.596110224820855,12.03870207461473],[37.59056420936405,12.034627291530878],[37.591507193389354,12.027176098514552],[37.59058512705944,12.020371192636084],[37.58824302165022,12.013655787252612],[37.584935633702166,12.006056962987142],[37.580063407309105,11.99539007416636],[37.573838799855345,11.988702027935155],[37.57153110763674,11.981330512298687],[37.57270601495332,11.973878317892733],[37.571205273473986,11.968213483094088],[37.568289556117755,11.962367738823566],[37.56503527620566,11.955840922145498],[37.56145728507868,11.949093927165535],[37.558129958954375,11.943666815568845],[37.55567545002111,11.936807022785738],[37.55166795122669,11.929369580683499],[37.54863836572245,11.922317416995668],[37.54548375055142,11.917904316925531],[37.541233224942026,11.912870026227836],[37.53339450734347,11.906571698274101],[37.52757435969421,11.901480409706764],[37.52277181298934,11.896496296383795],[37.51530026861259,11.896975129209792],[37.51332141813771,11.903885458758877],[37.50959646383029,11.901285287110234],[37.50450196105561,11.897126542037693],[37.49895908425084,11.893850486239312],[37.50316510101864,11.88443269907257],[37.50084798751229,11.876069686394757],[37.50118921158816,11.869815976230493],[37.50670033568928,11.86391170777316],[37.50820134986116,11.858847888414632],[37.51027677134386,11.852057315119124],[37.51584891275956,11.853365946501347],[37.515331989896126,11.847556863527732],[37.51464235777041,11.837524117667515],[37.50773943063763,11.831199786883111],[37.49970165958395,11.832593787800446],[37.49650933575638,11.826776481534507],[37.48907930331463,11.826509635425657],[37.4821853788469,11.826480766876378],[37.47856805794561,11.820090067909634],[37.47533872263156,11.825410572452538],[37.473382781269365,11.829779793592984],[37.46963207302195,11.82085491000656],[37.469773503773034,11.814727270769993],[37.46485550317176,11.812208839317467],[37.46034297369093,11.807920090482579],[37.461517379414374,11.801173241061036],[37.453650289173964,11.79905894985576],[37.44964251837665,11.794616550276249],[37.455561129045044,11.790479266184187],[37.457131067811765,11.783439451614408],[37.45738867572861,11.774574842990402],[37.454652220473776,11.769760449983284],[37.44947590610142,11.766343613905589],[37.447609277359824,11.759777696251087],[37.44710232770686,11.752663991031461],[37.440540821616594,11.752506847244156],[37.436171969948795,11.747754057984633],[37.43645014345835,11.741561942963408],[37.43175258465459,11.73711540397655],[37.42613285886593,11.730940558338313],[37.42494271145683,11.722857126913246],[37.42991153442411,11.717015356275478],[37.433583900580565,11.712495528762677],[37.43409755138351,11.707030533364486],[37.432329802082826,11.701240711498889],[37.428969476410366,11.695817399210808],[37.424983434507105,11.69204836874584],[37.420915899646126,11.68729573142649],[37.41769116914004,11.680417470854128],[37.41743036648474,11.673481341347422],[37.422002114658824,11.666341992664993],[37.42231129368511,11.661012753224435],[37.421881651866904,11.655557328896498],[37.41948215042649,11.649615257023408],[37.415708850398445,11.644995344991628],[37.41201203117531,11.640733782030367],[37.41015053403978,11.635548345250509],[37.41136179613686,11.627329519177815],[37.408174166574625,11.62019137035771],[37.404760211359296,11.613516359987942],[37.408257348286206,11.608256568259806],[37.40686687278738,11.602728537934023],[37.407895106948196,11.595907687862882],[37.40742503238574,11.587138094089594],[37.407251405496204,11.577969443985475],[37.40439855006513,11.571215112650366],[37.3994376295359,11.574269739467319],[37.3919794192559,11.57319484641076],[37.38527152318343,11.574650519824115],[37.379916414818936,11.577687231930806],[37.37646610064038,11.583444686025805],[37.380736241266625,11.59514144512522],[37.376349901786874,11.603261256751217],[37.374040491391725,11.612564345519504],[37.37056977506827,11.608082470793995],[37.36595422340859,11.613111908345388],[37.36032445970517,11.616564242701171],[37.35299213422946,11.61489355165012],[37.346408672481154,11.614332306463695],[37.34309929993969,11.618390497478542],[37.33893581362044,11.624361476395817],[37.33590754655369,11.629916744550458],[37.32902098385495,11.634112271618385],[37.324463139332096,11.640608128449067],[37.318023220240015,11.643387838219116],[37.31293847686565,11.648266566596625],[37.309803747405425,11.653144098511751],[37.30441271936839,11.649033063518013],[37.29936572205245,11.6498558758796],[37.29341572818922,11.65154442810443],[37.29223619932461,11.66014164725651],[37.29777424866212,11.662974497360851],[37.30187078551884,11.668604015723432],[37.303650791878006,11.673472897427848],[37.31230134035105,11.673687741480608],[37.313486289772406,11.679785207134797],[37.313972251220676,11.686891224588448],[37.318772156897076,11.688857392233643],[37.321036100736436,11.684152788040118],[37.32423242861563,11.67946101109753],[37.3302004493576,11.68252088108922],[37.33752633535376,11.684338683872603],[37.343417637739854,11.686802711720992],[37.3486731563581,11.684923574234045],[37.35369522735618,11.688996385112608],[37.35660459834602,11.693676772802734],[37.35493415081854,11.698925612241434],[37.35330327509174,11.704115743204465],[37.347688859351976,11.708745814314916],[37.34251996922102,11.71316515894028],[37.332134636855145,11.71416709219259],[37.32529467317662,11.711025311417108],[37.31987707310642,11.711090459593228],[37.32045335874818,11.716846291536106],[37.31799977501099,11.724404316046567],[37.31405557268362,11.728444487815807],[37.306999883698786,11.73070324600429],[37.302177876466125,11.736373063814954],[37.30543151921701,11.743371185220301],[37.30503218242403,11.74988392832629],[37.3045090489832,11.75548229630342],[37.30417987118377,11.761219601233467],[37.30506785741662,11.766200598620124],[37.304803730209116,11.770962103602296],[37.310934255045,11.767758212565008],[37.311492044717994,11.775516352589284],[37.31002507788447,11.780462336278784],[37.30575089706379,11.785007382626993],[37.30100753629954,11.789452772453531],[37.29687243832344,11.793262840517393],[37.29287010038363,11.797993826588216],[37.28839123939246,11.801199323841551],[37.28124751168553,11.804479161295406],[37.27695379284181,11.809858801962129],[37.27084546900608,11.812997062815992],[37.26477903499364,11.814273418614475],[37.25887466600387,11.814244052565426],[37.2523536790166,11.814333279392404],[37.24902700478103,11.818193963173202],[37.24424124669689,11.820356068162198],[37.23987908957773,11.825364420643409],[37.23426908799906,11.828294968577511],[37.22668159497282,11.82370453950644],[37.21937510988295,11.819144390100886],[37.207167394508765,11.813317876159434],[37.20028476474535,11.810504489458006],[37.19314520935352,11.807385797640148],[37.18662334485195,11.805457665922988],[37.17927587247488,11.803263477666446],[37.16951792451664,11.803170371480789],[37.1595962121267,11.801032525752852],[37.14463594748983,11.800756628803876],[37.13613061900559,11.800683180489386],[37.12830216816546,11.805064092921675],[37.123918321476125,11.808177097196886],[37.119942139636265,11.812948784266576],[37.117317252728284,11.824789872282668],[37.12002271920865,11.832355146668164],[37.12632787357304,11.83466119358685],[37.12763994605123,11.840929944116175],[37.12633745006988,11.846861344001727],[37.11910625670513,11.83898525723832],[37.11145806127876,11.834762149020143],[37.107140244490516,11.838782939109892],[37.10274840902196,11.830971779512378],[37.10322861762808,11.82301420835529],[37.10632901438534,11.816149417136465],[37.105240079065595,11.80546528741173],[37.1119209133016,11.807856187758507],[37.10938143679002,11.801181862290836],[37.09919663135766,11.795805247924385],[37.09203545102354,11.799048483958662],[37.08822891432477,11.804503203437989],[37.081414167691044,11.806366014295035],[37.08132680277811,11.81461617470778],[37.079546584199555,11.822421432897402],[37.07419331724422,11.827218713459105],[37.06551282439989,11.828430737365663],[37.055375542896236,11.831141116720104],[37.0476909484436,11.836056946565328],[37.046032095232775,11.84331367045505],[37.04590355050302,11.851189290654844],[37.04737417014508,11.858252018208391],[37.041377040568264,11.864824999489695],[37.035198202951406,11.870152350813912],[37.03021929532836,11.880948484556807],[37.02397509398248,11.883224804610885],[37.018762463580586,11.886893347994729],[37.012847606439784,11.883179700661612],[37.00475653777652,11.882749405802125],[36.997652351801214,11.886224017540878],[36.99525706169432,11.89141833150221],[36.993445543225725,11.897686883308673],[36.995046870434884,11.90338921517026],[36.99768784580722,11.907542344333981],[36.999793952721376,11.90176420941152],[37.0037320386177,11.906562128316654],[37.00888824876686,11.914781532686604],[37.013679505747305,11.921301652695426],[37.017141958656936,11.924892407464261],[37.02102843105084,11.929887955507011],[37.02141403359504,11.93785257472062],[37.01876402856463,11.944345385449237],[37.017785618281295,11.950710673653942],[37.01593826736787,11.957169042923477],[37.01787995898416,11.963758813303661],[37.021288327158935,11.970318712225627],[37.01941149199173,11.979935474692459],[37.01613384146085,11.987794347311393],[37.016928827420074,11.993323332384737],[37.01994835805982,11.99815666054473],[37.020593414930296,12.005108879108308],[37.01939294638086,12.010539737576275],[37.012973589565334,12.016187713113549],[37.02092696766504,12.058141449938658],[37.02155914253357,12.063784934624692],[37.02191980875101,12.069416321185336],[37.023186842290755,12.0751922803966],[37.02587002999611,12.079621770138198],[37.03048175696516,12.082925485075384],[37.03342905489435,12.087498606055918],[37.02764990441893,12.091823218416662],[37.025563319920415,12.09746563202191],[37.02678158583401,12.102943552406652],[37.029022199507196,12.109190030072261],[37.03139291440109,12.11400367370907],[37.03422493780349,12.118473356680449],[37.03180832350345,12.125503513020076],[37.03228613239419,12.13138124156127],[37.03426498853345,12.136350230543552],[37.03398764921653,12.142748180380135],[37.033838991271786,12.149340969775022],[37.03600294940686,12.156192010099748],[37.038926954609344,12.161879559829346],[37.041707509499204,12.167171532325193],[37.04496020945949,12.174183744024669],[37.04890838540283,12.182233111594819],[37.05302345012009,12.187366730099148],[37.05543671916942,12.193151617729404],[37.05807353494235,12.197698383354908],[37.06088256335291,12.204131491424336],[37.06497395540471,12.211468301440465],[37.07077004659023,12.216985579684016],[37.0766381550951,12.220841048615215],[37.11294142881389,12.245556135852741],[37.11839731989229,12.242722349871311],[37.12140318870668,12.248246857396994],[37.12480655924556,12.252167751068715],[37.12995172816861,12.255768412472543],[37.1364416903605,12.260080754924482],[37.14386718856712,12.265847466745647],[37.1555355389872,12.268143204318072],[37.1606075035686,12.265433743540836],[37.160849644659685,12.259772896440627],[37.15832137025605,12.25366310434414],[37.16144609421085,12.247924748090465],[37.168187262868514,12.243372770095089],[37.171148573957794,12.238981382419928],[37.173307101929474,12.2330033863051],[37.17332882086842,12.227427116613763],[37.171525970107716,12.218928359943686],[37.1739256602934,12.213715396186734],[37.17434873849202,12.207807303606211],[37.17319517538013,12.202500100688905],[37.176828257823686,12.1985414226419],[37.181932379532945,12.194032450406153],[37.18837053893703,12.190573419981503],[37.19288669540331,12.194010058475726],[37.1989252720203,12.194409123729995],[37.2078742824991,12.19178650078878],[37.206506445695716,12.198252284621944],[37.204823259866714,12.203339021633838],[37.21296918413648,12.207294968126908],[37.21932281385771,12.206308756655774],[37.224146332906194,12.206112342203795],[37.23037887268831,12.210733408685146],[37.237120556097615,12.208807371490938],[37.24322622901818,12.208177391825505],[37.24922225255458,12.203960597246093],[37.254205735904925,12.195704859958072],[37.262549555373745,12.196909757592353],[37.269986573737555,12.199182770202277],[37.2769890581995,12.201776007594779],[37.28217931045992,12.200893804298964],[37.28728336456679,12.205476618666975],[37.28872715822624,12.214187288097532],[37.29331986148667,12.219139917815573],[37.29707296652148,12.225964141476732],[37.30145278922524,12.231096341357837],[37.2992708173496,12.23819169055445],[37.29548425668469,12.24670437715038],[37.29898985232282,12.254365346790127],[37.303983629379516,12.262928663625305],[37.309808987423736,12.267074939927094],[37.314723978314895,12.269764180595937],[37.32192186818559,12.272527901880272],[37.32695452485215,12.274542200058086],[37.33454575713417,12.276834459556534],[37.34117745486378,12.277927328391659],[37.34590607135216,12.274426603342373],[37.35136704881096,12.272210098013506],[37.35770188639985,12.270246298236179],[37.36207198083711,12.264802143231758],[37.36031140201012,12.259907109558402],[37.36858513217746,12.2584413563365],[37.37449998847235,12.257878370923123],[37.37752875286966,12.263617526018063],[37.38278625070591,12.265946461580155],[37.38261562388201,12.27363146599147],[37.38490638526223,12.278447704340966],[37.38947383035778,12.275173794839564],[37.396031678827036,12.273915032757387],[37.402924708287074,12.273461367247286],[37.4104114470511,12.277457646199275],[37.41471809031605,12.280807416511726],[37.419840233171016,12.279966960279058],[37.42726998719818,12.275419827029037],[37.43466715111402,12.278386263102572],[37.439554312437004,12.281957426721124]]]}}]}
