tree
version=v4
num_class=1
num_tree_per_iteration=1
label_index=0
max_feature_idx=464
objective=binary sigmoid:1
feature_names=Column_0 Column_1 Column_2 Column_3 Column_4 Column_5 Column_6 Column_7 Column_8 Column_9 Column_10 Column_11 Column_12 Column_13 Column_14 Column_15 Column_16 Column_17 Column_18 Column_19 Column_20 Column_21 Column_22 Column_23 Column_24 Column_25 Column_26 Column_27 Column_28 Column_29 Column_30 Column_31 Column_32 Column_33 Column_34 Column_35 Column_36 Column_37 Column_38 Column_39 Column_40 Column_41 Column_42 Column_43 Column_44 Column_45 Column_46 Column_47 Column_48 Column_49 Column_50 Column_51 Column_52 Column_53 Column_54 Column_55 Column_56 Column_57 Column_58 Column_59 Column_60 Column_61 Column_62 Column_63 Column_64 Column_65 Column_66 Column_67 Column_68 Column_69 Column_70 Column_71 Column_72 Column_73 Column_74 Column_75 Column_76 Column_77 Column_78 Column_79 Column_80 Column_81 Column_82 Column_83 Column_84 Column_85 Column_86 Column_87 Column_88 Column_89 Column_90 Column_91 Column_92 Column_93 Column_94 Column_95 Column_96 Column_97 Column_98 Column_99 Column_100 Column_101 Column_102 Column_103 Column_104 Column_105 Column_106 Column_107 Column_108 Column_109 Column_110 Column_111 Column_112 Column_113 Column_114 Column_115 Column_116 Column_117 Column_118 Column_119 Column_120 Column_121 Column_122 Column_123 Column_124 Column_125 Column_126 Column_127 Column_128 Column_129 Column_130 Column_131 Column_132 Column_133 Column_134 Column_135 Column_136 Column_137 Column_138 Column_139 Column_140 Column_141 Column_142 Column_143 Column_144 Column_145 Column_146 Column_147 Column_148 Column_149 Column_150 Column_151 Column_152 Column_153 Column_154 Column_155 Column_156 Column_157 Column_158 Column_159 Column_160 Column_161 Column_162 Column_163 Column_164 Column_165 Column_166 Column_167 Column_168 Column_169 Column_170 Column_171 Column_172 Column_173 Column_174 Column_175 Column_176 Column_177 Column_178 Column_179 Column_180 Column_181 Column_182 Column_183 Column_184 Column_185 Column_186 Column_187 Column_188 Column_189 Column_190 Column_191 Column_192 Column_193 Column_194 Column_195 Column_196 Column_197 Column_198 Column_199 Column_200 Column_201 Column_202 Column_203 Column_204 Column_205 Column_206 Column_207 Column_208 Column_209 Column_210 Column_211 Column_212 Column_213 Column_214 Column_215 Column_216 Column_217 Column_218 Column_219 Column_220 Column_221 Column_222 Column_223 Column_224 Column_225 Column_226 Column_227 Column_228 Column_229 Column_230 Column_231 Column_232 Column_233 Column_234 Column_235 Column_236 Column_237 Column_238 Column_239 Column_240 Column_241 Column_242 Column_243 Column_244 Column_245 Column_246 Column_247 Column_248 Column_249 Column_250 Column_251 Column_252 Column_253 Column_254 Column_255 Column_256 Column_257 Column_258 Column_259 Column_260 Column_261 Column_262 Column_263 Column_264 Column_265 Column_266 Column_267 Column_268 Column_269 Column_270 Column_271 Column_272 Column_273 Column_274 Column_275 Column_276 Column_277 Column_278 Column_279 Column_280 Column_281 Column_282 Column_283 Column_284 Column_285 Column_286 Column_287 Column_288 Column_289 Column_290 Column_291 Column_292 Column_293 Column_294 Column_295 Column_296 Column_297 Column_298 Column_299 Column_300 Column_301 Column_302 Column_303 Column_304 Column_305 Column_306 Column_307 Column_308 Column_309 Column_310 Column_311 Column_312 Column_313 Column_314 Column_315 Column_316 Column_317 Column_318 Column_319 Column_320 Column_321 Column_322 Column_323 Column_324 Column_325 Column_326 Column_327 Column_328 Column_329 Column_330 Column_331 Column_332 Column_333 Column_334 Column_335 Column_336 Column_337 Column_338 Column_339 Column_340 Column_341 Column_342 Column_343 Column_344 Column_345 Column_346 Column_347 Column_348 Column_349 Column_350 Column_351 Column_352 Column_353 Column_354 Column_355 Column_356 Column_357 Column_358 Column_359 Column_360 Column_361 Column_362 Column_363 Column_364 Column_365 Column_366 Column_367 Column_368 Column_369 Column_370 Column_371 Column_372 Column_373 Column_374 Column_375 Column_376 Column_377 Column_378 Column_379 Column_380 Column_381 Column_382 Column_383 Column_384 Column_385 Column_386 Column_387 Column_388 Column_389 Column_390 Column_391 Column_392 Column_393 Column_394 Column_395 Column_396 Column_397 Column_398 Column_399 Column_400 Column_401 Column_402 Column_403 Column_404 Column_405 Column_406 Column_407 Column_408 Column_409 Column_410 Column_411 Column_412 Column_413 Column_414 Column_415 Column_416 Column_417 Column_418 Column_419 Column_420 Column_421 Column_422 Column_423 Column_424 Column_425 Column_426 Column_427 Column_428 Column_429 Column_430 Column_431 Column_432 Column_433 Column_434 Column_435 Column_436 Column_437 Column_438 Column_439 Column_440 Column_441 Column_442 Column_443 Column_444 Column_445 Column_446 Column_447 Column_448 Column_449 Column_450 Column_451 Column_452 Column_453 Column_454 Column_455 Column_456 Column_457 Column_458 Column_459 Column_460 Column_461 Column_462 Column_463 Column_464
feature_infos=none [-1.3667221069335938:1.2228531837463379] [-1.3717678785324097:1.5179100036621094] [0:1.7106336355209351] [0.1155245304107666:1.1062096357345581] [0.1155245304107666:1.5495724678039551] [-0.014259255491197109:0.346840500831604] [0.12472222000360489:0.25845295190811157] [0:1] [0:1.2780481576919556] [0.13862943649291992:0.90217190980911255] [0:0.4023594856262207] [0:0.48647752404212952] [0:0.65976434946060181] [0:0.95166563987731934] [0:0.54930615425109863] [0:0.64123731851577759] [0:0.67701256275177002] [0:0.70830333232879639] [0:1.4756346940994263] [0:1.5841083526611328] [0:1.6722949743270874] [0:1.6722949743270874] [0:0.62122666835784912] [0:0.67701256275177002] [0:0.82395923137664795] [0:1.1462419033050537] [0:1.6004083156585693] [0:0.79929840564727783] [0:0.57564628124237061] [0:0.74893307685852051] [0:0.78387355804443359] [0:0.82241231203079224] [0:0.57564628124237061] [0:0.74893307685852051] [0:0.78387355804443359] [0:0.84481734037399292] [0:0.57564628124237061] [0:0.74893307685852051] [0:0.78387355804443359] [0:0.91482293605804443] [0:0.44793987274169922] [0:0.69314718246459961] [0:0.93441742658615112] [0:0.93913161754608154] [0:0.44793987274169922] [0:0.72259294986724854] [0:0.96780025959014893] [0:0.94440442323684692] [0:0.44793987274169922] [0:0.73610973358154297] [0:0.97295504808425903] [0:0.91482293605804443] [0:0.91482293605804443] [0:0.74893307685852051] [0:0.74893307685852051] [0:0.96780025959014893] [0:0.96780025959014893] [0:0.74893307685852051] [0:0.82395923137664795] [0:3.0783822536468506] [0:2.6627862453460693] [0:2.7822237014770508] [0:2.2190651893615723] [0:2.4961907863616943] [0:3.0335056781768799] [0:2.7372574806213379] [0:3.7350854873657227] [0:3.5437045097351074] [0:4.0620007514953613] [0:3.0210416316986084] [0:3.8823025226593018] [0:4.1787276268005371] [0:4.3286399841308594] [0:5.3123574256896973] [0:4.905336856842041] [0:5.5486407279968262] [0:4.3331561088562012] [0:5.1455845832824707] [0:5.3465924263000488] [0:5.4470930099487305] [0:4.2417340278625488] [0:3.5653395652770996] [0:3.6664745807647705] [0:3.0614135265350342] [0:3.5470008850097656] [0:3.7647848129272461] [0:3.8419449329376221] [0:4.7661190032958984] [0:4.3698873519897461] [0:4.5592913627624512] [0:3.8038616180419922] [0:4.2578096389770508] [0:4.8073182106018066] [0:4.6818361282348633] [0:5.7180671691894531] [0:5.3452720642089844] [0:5.9615874290466309] [0:4.7732234001159668] [0:5.5199356079101562] [0:5.774531364440918] [0:5.8092899322509766] [0:4.7303705215454102] [0:4.1138138771057129] [0:4.1939787864685059] [0:3.6095633506774902] [0:4.065788745880127] [0:4.3203091621398926] [0:4.3277511596679688] [0:5.2941374778747559] [0:4.9546866416931152] [0:5.1418685913085938] [0:4.3961563110351562] [0:4.6447443962097168] [0:5.3913841247558594] [0:5.0116057395935059] [0:6.1507010459899902] [0:5.8142013549804688] [0:6.379572868347168] [0:5.2596988677978516] [0:5.9238872528076172] [0:6.2268867492675781] [0:6.1652517318725586] [0:5.0239028930664062] [0:4.4596853256225586] [0:4.5558619499206543] [0:3.9551289081573486] [0:4.3885130882263184] [0:4.7099752426147461] [0:4.5976061820983887] [0:5.6207547187805176] [0:5.3336849212646484] [0:5.5175457000732422] [0:4.7625665664672852] [0:4.9637413024902344] [0:5.7976899147033691] [0:5.2798571586608887] [0:6.4910688400268555] [0:6.1580095291137695] [0:6.7217121124267578] [0:5.5986337661743164] [0:6.254091739654541] [0:6.587303638458252] [0:6.4566841125488281] [-2.9055593013763428:0] [-2.6822078227996826:0] [-2.9993057250976562:0] [-2.5328848361968994:0] [-2.7293670177459717:0] [-3.1679904460906982:0] [-2.6082210540771484:0] [-1.3667221069335938:1.2228531837463379] [-1.3717678785324097:1.5179100036621094] [-1.2246962785720825:1.0435549020767212] [-0.97463232278823853:1.007066011428833] [-1.0000001192092896:1] [-0.77166634798049927:1.1313893795013428] [-1.6398227214813232:1.0492738485336304] [-0.31603088974952698:0.29616644978523254] [-0.22532129287719727:0.21260479092597961] [-1.0000001192092896:1] [-0.28184473514556885:0.19839347898960114] [-1.4970704317092896:1.2130072116851807] [0:1.2447440624237061] [0:1.350239634513855] [0:1.0707606077194214] [0.0019100838107988238:1.2569993734359741] [-2.6393764019012451:4.2790436744689941] [-5.4795951843261719:2.5899958610534668] [-1.4820009469985962:5.5677647590637207] [-1.4142135381698608:5.5677647590637207] [-1.4142135381698608:5.5677647590637207] [-1.8708288669586182:5.5677647590637207] [-2.6379387378692627:5.5677647590637207] [-1.7845439910888672:5.5677647590637207] [-2.0973410606384277:5.5677647590637207] [-3.2656512260437012:5.5677647590637207] [-5.5677647590637207:3.8729832172393799] [-1.4142135381698608:5.5677647590637207] [-1.4142135381698608:5.5677647590637207] [-1.5689290761947632:5.5677647590637207] [-2.3670363426208496:5.5677647590637207] [-1.7551435232162476:5.5677647590637207] [-1.4365047216415405:5.5677647590637207] [-1.2761707305908203:5.5677647590637207] [-1.7320507764816284:5.5677647590637207] [-1.7320507764816284:5.5677647590637207] [-1.7320507764816284:5.5677647590637207] [-1.7320507764816284:5.5677647590637207] [-2:5.5677647590637207] [-2:5.5677647590637207] [0:1] [0:1] [0:1] [0:1] [0:1] [0:1] [0:1] [0:1] [0:1] [0:1] [0:1] [0:1] [0:1] [0:1] [0:1] [0:1] [0:1] [0:1] [0:1] [0:1] [0:1] [0:1] [0:1] [0:1] none none [0.1155245304107666:0.75180989503860474] [0:1.4756346940994263] [0:0.88388413190841675] [0.40000000596046448:1] [0:0.43944492936134338] none none none none [-1.2246962785720825:1.0435549020767212] [-0.97463232278823853:1.007066011428833] [0.1155245304107666:1.4042527675628662] [0:1] [-1:1] [-1:1] [-0.95611751079559326:0.74301260709762573] [-0.72782593965530396:0.89978188276290894] [0.18228861689567566:1.295362114906311] [0:1.0025273561477661] [0:0.4389130175113678] [0.40000000596046448:0.98000001907348633] [0:0.27399036288261414] none none none none [-0.13896919786930084:0.072237566113471985] [-0.099372804164886475:0.060371343046426773] [0.1155245304107666:0.94124442338943481] [0.0002914775104727596:0.86199241876602173] [-0.34559169411659241:0.32581257820129395] [-0.12966731190681458:0.89301526546478271] [-0.70809626579284668:0.73710232973098755] [-0.62129461765289307:0.74984836578369141] [0.1155245304107666:1.1967587471008301] [0:1.1452763080596924] [0:0.53569597005844116] [0.40000000596046448:1] [0:0.37273600697517395] none none none none [-0.31603088974952698:0.29616644978523254] [-0.22532129287719727:0.21260479092597961] [0.1155245304107666:1.0485537052154541] [0:1] [-0.94145321846008301:0.79764729738235474] [-0.48452126979827881:1] [-0.64673364162445068:0.80110788345336914] [-0.93359065055847168:0.58023256063461304] [-0.84705936908721924:1.0646880865097046] [-0.64062213897705078:1.0025273561477661] [-0.39476007223129272:0.40327706933021545] [-0.44999998807907104:0.89999997615814209] [-0.23410657048225403:0.23410657048225403] none none none none [-0.47366335988044739:0.44084370136260986] [-0.37697100639343262:0.37792247533798218] [-0.76452791690826416:1.0196726322174072] [-0.63774532079696655:0.73509615659713745] [-1.3523123264312744:1.5046215057373047] [-1.0997085571289062:1.0838395357131958] [-1.4134122133255005:5.5677647590637207] [-1.4134137630462646:5.5677647590637207] [-1.1287643909454346:5.5677638053894043] [-1.4134143590927124:5.5677642822265625] [-1.1479654312133789:5.5677647590637207] [-1.4134135246276855:5.5677628517150879] [-1.0884153842926025:5.5677647590637207] [-1.4134246110916138:5.5677647590637207] [-1.4134285449981689:5.5677652359008789] [-1.413405179977417:5.5625309944152832] [-1.413422703742981:5.5673513412475586] [-1.4134173393249512:5.5677566528320312] [-1.4224367141723633:5.3976936340332031] [-1.270226001739502:5.5677647590637207] [-1.4767801761627197:5.5677647590637207] [-1.4134443998336792:5.5677647590637207] [-1.5609550476074219:5.4223451614379883] [-1.4134368896484375:5.5677628517150879] [-1.4495495557785034:5.5662264823913574] [-1.5242881774902344:5.3877520561218262] [-1.4310946464538574:5.5677647590637207] [-2.0158219337463379:5.5670967102050781] [-1.965571403503418:5.5675835609436035] [-2.0913281440734863:5.5670232772827148] [-1.7033045291900635:5.5677618980407715] [-1.8803212642669678:5.5648980140686035] [-2.1449086666107178:5.5639915466308594] [-1.6666284799575806:5.5674200057983398] [-2.3138058185577393:5.5668206214904785] [-2.2692012786865234:5.5675778388977051] [-2.3162121772766113:5.5634093284606934] [-1.9118286371231079:5.5675764083862305] [-2.1754930019378662:5.5623188018798828] [-2.4964969158172607:5.4718575477600098] [-1.9519380331039429:5.5670866966247559] [-2.5595443248748779:5.5663223266601562] [-2.5723004341125488:5.5675692558288574] [-2.6241617202758789:5.4633941650390625] [-2.2270967960357666:5.5675654411315918] [-2.4113235473632812:5.5340285301208496] [-2.6068825721740723:5.4445309638977051] [-2.2114195823669434:5.5669431686401367] [-3.3391852378845215:5.567657470703125] [-4.1327600479125977:5.5351977348327637] [-3.9233682155609131:5.4918179512023926] [-3.7356359958648682:5.5656380653381348] [-2.9699347019195557:5.4262723922729492] [-3.9907102584838867:5.5666794776916504] [-2.7361698150634766:5.5676970481872559] [-3.6910772323608398:4.7390832901000977] [-4.3785862922668457:5.2645950317382812] [-4.1162123680114746:4.5921015739440918] [-4.4936032295227051:5.2355737686157227] [-3.161644458770752:5.0202088356018066] [-4.7700276374816895:4.8194527626037598] [-3.1591255664825439:4.7470364570617676] [-3.9813156127929688:4.5178918838500977] [-4.3006076812744141:5.1279091835021973] [-4.006505012512207:4.4186601638793945] [-4.407170295715332:5.094477653503418] [-3.5944292545318604:4.9518303871154785] [-4.6240472793579102:4.650078296661377] [-3.6677143573760986:4.7216081619262695] [-4.6191163063049316:5.4178280830383301] [-4.860630989074707:5.4705405235290527] [-4.8793301582336426:5.2527880668640137] [-4.6957998275756836:5.5014195442199707] [-4.6335926055908203:5.4282383918762207] [-4.466001033782959:5.4945344924926758] [-4.4264507293701172:5.5330147743225098] [-4.5526909828186035:5.1907920837402344] [-4.7755985260009766:3.9754960536956787] [-4.6788344383239746:4.2745046615600586] [-4.4467968940734863:4.6189846992492676] [-4.7046117782592773:4.5646533966064453] [-4.7399511337280273:3.8740024566650391] [-4.2988133430480957:4.8730535507202148] [-4.3262901306152344:4.2848906517028809] [-4.6638598442077637:3.8412880897521973] [-4.478752613067627:4.0824623107910156] [-4.3989162445068359:4.132164478302002] [-4.5337018966674805:4.8129491806030273] [-4.6459112167358398:3.3015356063842773] [-4.5270504951477051:4.402733325958252] [-4.290184497833252:3.9987468719482422] [-5.0259809494018555:4.388150691986084] [-3.7386622428894043:5.1936488151550293] [-5.0105419158935547:4.402590274810791] [-4.873082160949707:3.8328323364257812] [-4.3258404731750488:5.0804595947265625] [-4.8304443359375:3.1801252365112305] [0:1] [0:1] [0:1] [0:1] [0:1] [0:1] [0:1] [0:1] [0:1] [0:1] [0:1] [0:1] [0:1] [0:1] [0:1] [0:1] [0:1] [0:1] [0:1] [0:1] [0:1] [0:1] [0:1] [0:1] [0:1] [0:1] [0:1] [0:1] [0:1] [0:1] [0:1] [0:1] [0:1] [0:1] [0:1] [0:1] [0:1] [0:1] [0:1] [0:1] [0:1] [0:1] [0:1] [0:1] [0:1] [0:1] [0:1] [0:1] [0:1] [0:1] [0:1] [0:1] [0:1] [0:1] [0:1] [0:1] [0:1] [0:1] [0:1] [0:1] [0:1] [0:1] [0:1] [0:1] [0:1] [0:1] [0:1] [0:1] [0:1] [0:1] [0:1] [0:1] [0:1] [0:1] [0:1] [0:1] [0:1] [0:1] [0:1] [0:1] [0:1] [0:1] [0:1] [0:1] [0:1] [0:1] [0:1] [0:1] [0:1] [0:1] [0:1]
tree_sizes=3444 3493 3487 3506 3491 3510 3511 3501 3491 3477 3497 3520 3508 3524 3507 3507 3509 3505 3511 3488 3517 3508 3478 3489 3515 3535 3515 3518 3508 3519 3520 3490 3496 3527 3521 3499 3526 3489 3506 3512 3525 3529 3508 3524 3513 3527 3527 3525 3522 3518 3532 3528 3524 3533 3531 3516 3528 3486 3512 3525 3519 3529 3508 3520 3522 3534 3514 3520 3526 3532 3543 3513 3541 3509 3529 3544 3521 3517 3528 3533 3539 3537 3528 3514 3525 3479 3520 3541 3536 3535 3526 3520 3535 3535 3532 3509 3525 3527 3555 3533 3498 3519 3538 3565 3536 3525 3517 3540 3550 3540 3525 3535 3542 3547 3542 3542 3551 3521 3545 3537 3535 3551 3535 3553 3523 3533 3545 3530 3539 3538 3541 3536 3525 3508 3544 3554 3527 3556 3531 3543 3556 3549 3524 3551 3546 3525 3524 3555 3527 3539 3546 3520 3539 3532 3510 3551 3556 3557 3493 3521 3503 3540 3528 3547 3545 3516 3550 3517 3525 3543 3529 3547 3549 3551 3554 3539 3552 3522 3555 3533 3511 3504 3561 3504 3538 3550 3543 3518 3543 3534 3546 3525 3516 3537 3539 3527 3547 3529 3511 3530 3534 3526 3514 3549 3547 3539 3554 3555 3545 3498 3543 3532 3538 3537 3502 3550 3470 3538 3533 3493 3515 3552 3557 3535 3543 3504 3519 3516 3536 3559 3499 3527 3531 3547 3516 3555 3563 3520 3543 3546

Tree=0
num_leaves=31
num_cat=0
split_feature=166 163 166 7 7 3 18 235 7 177 177 7 343 232 232 3 366 129 267 254 86 123 107 232 233 254 229 247 5 10
split_gain=6514.79 838.445 660.774 168.217 153.152 143.275 124.307 93.2644 87.9832 80.0855 79.3405 72.5453 72.4124 67.7455 62.9668 54.1469 52.5201 50.4367 47.1352 46.5803 43.2679 41.2769 51.7036 41.132 41.0497 41.1571 38.4714 38.2689 35.0424 34.5136
threshold=0.24767129868268969 0.19876509904861453 0.17433373630046847 0.22385613620281222 0.2363599240779877 0.21863251924514773 0.31061333417892462 0.028544994071125988 0.252648875117302 -0.30675415694713587 0.52901628613471996 0.2363599240779877 -0.59994664788246144 -0.28690269589424128 -0.20887932926416394 0.20543613284826281 -1.1891756057739256 0.002465393161401153 0.085258673876523985 0.87500000000000011 1.3797599507370252e-08 0.26804755628108984 0.077651560306549086 0.12528297305107119 -0.21823204308748242 0.79999998211860668 0.14065241068601611 -0.12590373307466504 1.1599788069725039 0.72485041618347179
decision_type=2 2 2 2 2 2 2 2 2 2 2 2 2 2 2 2 2 2 2 2 2 2 2 2 2 2 2 2 2 2
left_child=2 3 5 10 15 12 28 9 20 -5 24 26 -1 19 -14 29 -12 23 -19 -9 -6 -11 -23 -13 25 -2 -7 -18 -3 -4
right_child=1 6 4 7 8 11 -8 13 -10 21 16 17 14 -15 -16 -17 27 18 -20 -21 -22 22 -24 -25 -26 -27 -28 -29 -30 -31
leaf_value=-0.34748010973274868 -0.4092115208380494 -0.4125505314510246 -0.35733062716122221 -0.38316189745277196 -0.38915618133039176 -0.39336005568894855 -0.39563097631644761 -0.34009007086935727 -0.39622952645626258 -0.33523086361696464 -0.35614760787472061 -0.35045450351387342 -0.39224878172277772 -0.39542190646645897 -0.32599526424441372 -0.37590255977768011 -0.35923882396292062 -0.33147654136469779 -0.38260613515932801 -0.39948106632338765 -0.34365604742375899 -0.40147183359358063 -0.35484228981065441 -0.40495742880509622 -0.40940675564235607 -0.35145432482025091 -0.35504703431790269 -0.39239165613841426 -0.42369746317908807 -0.39311737388528661
leaf_weight=209.44952078163624 11.929225325584413 557.49368272721767 342.45873272418976 93.752030059695244 16.515073776245117 48.486948609352112 240.67095518112183 33.562515079975128 27.68474169075489 90.291952192783356 46.99633777141571 18.581073582172394 10.428124591708182 156.0185656696558 1678.7035777419806 381.5768913179636 29.084751158952713 150.25374636054039 16.961398422718048 11.652020737528799 575.23624047636986 20.409924536943436 108.48826758563519 17.310659363865852 240.16762256622314 20.010117962956429 34.041371271014214 247.20772564411163 895.33934473991394 21.320587918162346
leaf_count=682 49 2207 1153 342 62 183 910 104 106 280 156 59 40 590 5102 1361 97 462 62 46 1854 80 361 69 944 64 112 926 3649 81
internal_value=-0.368889 -0.403042 -0.34192 -0.382729 -0.358478 -0.331682 -0.416279 -0.370243 -0.347491 -0.360156 -0.393519 -0.352668 -0.328643 -0.386027 -0.326458 -0.367843 -0.383295 -0.343295 -0.336609 -0.356122 -0.345033 -0.350485 -0.363016 -0.376728 -0.405248 -0.374624 -0.376939 -0.388432 -0.419603 -0.35966
internal_weight=6352.08 2803.08 3549.01 1109.57 1364.79 2184.22 1693.5 514.175 619.436 312.942 595.396 285.635 1898.58 201.233 1689.13 745.356 323.289 203.107 167.215 45.2145 591.751 219.19 128.898 35.8917 272.107 31.9393 82.5283 276.292 1452.83 363.779
internal_count=22193 10805 11388 4039 4617 6771 6766 1803 2022 1063 2236 947 5824 740 5142 2595 1179 652 524 150 1916 721 441 128 1057 113 295 1023 5856 1234
is_linear=0
shrinkage=1


Tree=1
num_leaves=31
num_cat=0
split_feature=164 165 166 7 7 177 245 3 7 252 175 3 7 232 347 86 7 373 162 244 279 7 346 351 431 250 282 159 352 278
split_gain=6162.17 675.855 641.215 235.407 174.656 129.921 105.031 87.2174 82.3513 66.5714 62.9644 62.2795 63.5053 60.3571 57.2398 53.9719 49.6922 43.2758 42.2584 41.7869 51.7212 41.4593 40.5691 40.1744 51.2481 40.1557 58.1748 39.819 39.6738 38.8143
threshold=0.24830114096403125 0.19928193837404254 0.16274726390838626 0.2363599240779877 0.22385613620281222 0.55704396963119518 0.44694477319717413 0.21863251924514773 0.252648875117302 0.083861492574214949 -0.18108975142240522 0.20264933258295062 0.21710490435361865 -0.17905787378549573 -0.079609688371419893 1.3797599507370252e-08 0.1977239400148392 0.43428638577461248 -0.31540732085704798 0.0097327576950192469 -0.038178779184818261 0.2363599240779877 -1.2337180376052854 1.1960791349411013 0.093073595315217986 -0.020709973759949204 -0.15711337327957151 -1.0000000180025095e-35 0.13537741452455523 -0.041988568380475037
decision_type=2 2 2 2 2 2 2 2 2 2 2 2 2 2 2 2 2 2 2 2 2 2 2 2 2 2 2 2 2 2
left_child=2 4 7 11 5 -2 9 13 15 10 19 12 -4 27 -13 -5 -15 -18 -17 20 -6 -9 -7 24 -22 26 -11 -1 -27 -14
right_child=1 -3 3 8 6 22 -8 21 -10 25 -12 14 29 16 -16 18 17 -19 -20 -21 23 -23 -24 -25 -26 28 -28 -29 -30 -31
leaf_value=0.03564576971116086 -0.027639707101280549 -0.039730637963169384 0.0032770290270936228 -0.010031210874707056 -0.0053758361613643977 0.028679822227077222 -0.028053927299730708 0.0072666126528456157 -0.010567880322755904 0.036965414193243007 0.032536940675241335 -0.013301556243001032 0.0066347948967538251 -0.0068226373923741101 0.010976139127871785 0.0014768794660299277 0.054301703971920259 0.037426846264136435 0.039799595008367279 -0.017719471658805604 -0.013352629708385778 0.037171738412541941 -0.0068337580217675198 -0.013488538267294967 0.03245902125709231 -0.033738127842054835 -0.01114318784858747 -0.025037068010446438 0.0098778223546366634 0.032020057919528229
leaf_weight=11.14931331574917 530.25407090783119 1168.1793405413628 153.51635690033436 18.297054916620255 112.54186499118805 24.939735427498817 86.574194118380547 62.68841589987278 30.821254149079323 26.56064772605896 98.727252990007401 119.37795270979404 74.493513479828835 11.103239849209784 276.62965072691441 28.028179466724396 1468.6930501908064 234.03087605535984 711.02370283007622 50.554610818624496 21.772367000579834 156.1902202218771 303.49840559065342 22.902706176042557 131.51749102771282 65.59621973335743 62.618661493062973 13.991648346185682 21.267275780439377 264.12294472754002
leaf_count=33 2088 4760 547 69 413 80 342 221 116 83 319 449 262 41 966 100 4388 741 2242 193 83 495 1121 87 426 264 235 56 74 857
internal_value=0.0115078 -0.0225387 0.0370575 0.0232735 -0.00953254 -0.0185463 0.00157401 0.048729 0.0351684 0.00603718 0.0122573 0.0125134 0.0195721 0.0510614 0.00352756 0.0371231 0.0517368 0.0521512 0.0383878 0.00578747 0.0102608 0.0291438 -0.00356353 0.0201297 0.0255877 -0.00925866 0.00472357 0.00344971 -0.0230073 0.0267133
internal_weight=6361.66 2727.5 3634.16 1676.31 1559.33 858.692 700.633 1957.85 788.17 614.059 438.016 888.14 492.133 1738.97 396.008 757.349 1713.83 1702.72 739.052 339.289 288.734 218.879 328.438 176.193 153.29 176.043 89.1793 25.141 86.8635 338.616
internal_count=22151 10568 11583 5608 5808 3289 2519 5975 2527 2177 1521 3081 1666 5259 1415 2411 5170 5129 2342 1202 1009 716 1201 596 509 656 318 89 338 1119
is_linear=0
shrinkage=0.03


Tree=2
num_leaves=31
num_cat=0
split_feature=164 166 165 7 7 366 177 246 373 94 228 3 236 36 7 86 234 248 164 232 140 318 201 327 234 346 246 186 130 162
split_gain=5753.58 624.693 616.111 203.639 177.374 97.378 95.0799 94.8701 82.0805 69.9941 80.2107 64.1381 63.5059 60.5355 53.5462 49.1261 48.6556 47.2478 47.1782 42.8595 40.461 39.0177 38.6171 38.3845 38.261 37.6186 36.7325 64.1317 45.8158 35.1737
threshold=0.25450415909290319 0.16274726390838626 0.19928193837404254 0.2363599240779877 0.22432254999876025 -1.1426748633384702 0.55704396963119518 0.18058996647596362 0.43428638577461248 0.018750676885247234 0.2834331095218659 0.20264933258295062 0.17893258482217791 0.2834331095218659 0.21710490435361865 6.0557552306050874e-09 0.81499916315078746 0.20781902968883517 0.16465787589550021 -0.20887932926416394 1.168498754501343 -0.91077089309692372 0.28801843523979193 0.46832792460918432 0.75952166318893444 -1.2337180376052854 0.19727958738803866 -0.37001366913318628 1.425995469093323 -0.31540732085704798
decision_type=2 2 2 2 2 2 2 2 2 2 2 2 2 2 2 2 2 2 2 2 2 2 2 2 2 2 2 2 2 2
left_child=1 8 4 11 6 -5 26 17 12 10 20 14 18 -10 -3 -7 -11 -6 19 -1 23 -12 -19 -9 -13 -8 27 -2 -29 -17
right_child=2 3 -4 5 7 15 25 9 13 16 21 24 -14 -15 -16 29 -18 22 -20 -21 -22 -23 -24 -25 -26 -27 -28 28 -30 -31
leaf_value=-0.0027817182324402106 0.034475473141135415 0.0045657361480637496 -0.038975672320215309 0.003219531411260418 -0.02853730039872503 -0.014455310964722735 0.026544301921783711 -0.027617218301717424 0.035687432136459515 0.0042634918768995802 -0.012783456422501388 0.0093170788823495193 -0.0054043345496376152 -0.0059037582122252082 0.025868086987398852 0.0026195150907776209 -0.028293031783303807 -0.023437723902824874 0.034610941486140891 0.052865433420579047 0.019981271496149838 0.039077333770201242 0.015616090067584798 0.010934502091739426 -0.010040549538429765 -0.0088450672194511394 -0.033563317179939156 -0.0023856137376080961 -0.031851554822025556 0.039029888355291635
leaf_weight=11.51779483258724 14.193111792206762 157.58992037177086 1156.4254527240992 90.329988017678261 105.11334183812141 12.920303970575331 22.803210005164146 45.67382051050663 277.92912249267101 146.79574148356915 10.87629660964012 304.57341328263283 17.040116474032402 32.880706548690796 351.92322742938995 26.463069349527359 49.57535283267498 29.257743939757347 216.38288426399231 1407.2658904343843 59.197194173932076 124.61828823387623 54.267387762665749 35.852209120988846 123.42181174457073 294.17072467505932 304.2237763851881 77.744259536266327 123.76748584210873 680.74953779578209
leaf_count=42 44 559 4754 320 418 50 73 181 878 522 42 1068 62 120 1158 94 197 115 683 4165 199 392 185 125 460 1095 1228 287 499 2129
internal_value=0.011102 0.035198 -0.0225836 0.0220043 -0.00980098 0.0329879 -0.0189188 0.00180089 0.0468211 0.00897927 0.0185417 0.012324 0.0496052 0.0312213 0.0194509 0.0366405 -0.00459496 -0.015807 0.0502055 0.0523949 0.00227836 0.0344172 0.00106554 -0.0110209 0.003639 -0.00574821 -0.0267453 -0.0163296 -0.0209955 0.0377212
internal_weight=6365.54 3710.99 2654.56 1747.97 1498.13 810.463 836.903 661.227 1963.02 472.589 276.218 937.508 1652.21 310.81 509.513 720.133 196.371 188.638 1635.17 1418.78 140.723 135.495 83.5251 81.526 427.995 316.974 519.929 215.705 201.512 707.213
internal_count=22144 11788 10356 5838 5602 2593 3226 2376 5950 1658 939 3245 4952 998 1717 2273 719 718 4890 4207 505 434 300 306 1528 1168 2058 830 786 2223
is_linear=0
shrinkage=0.03


Tree=3
num_leaves=31
num_cat=0
split_feature=164 165 166 164 7 373 7 246 431 164 177 252 6 153 36 153 177 254 126 106 281 236 350 1 356 143 331 279 246 176
split_gain=5462.02 634.221 530.044 158.974 123.626 120.041 86.28 74.521 69.8413 62.8143 58.6046 64.3581 57.3797 47.6864 46.0141 45.8305 44.2099 43.616 42.6756 43.6297 42.4376 39.4684 37.9805 36.7838 35.5827 34.3897 33.6337 33.6012 32.8537 32.5656
threshold=0.24830114096403125 0.19928193837404254 0.17433373630046847 0.44582338631153112 0.2363599240779877 0.43428638577461248 0.22473920881748202 0.12232908979058267 0.063508063554763808 0.15381482243537906 -0.32364358007907862 0.12573919445276263 0.062150495126843459 -0.38713382184505457 0.2834331095218659 0.14267975836992267 0.55704396963119518 0.92499998211860668 0.051917815580964095 0.0011095505324192347 -0.19375010579824445 0.17893258482217791 -1.1721718311309812 -0.23300153017044065 1.3384768366813662 1.6372399330139162 -0.64668357372283924 0.2547172904014588 0.36165761947631841 0.75182458758354198
decision_type=2 2 2 2 2 2 2 2 2 2 2 2 2 2 2 2 2 2 2 2 2 2 2 2 2 2 2 2 2 2
left_child=2 3 5 6 13 9 7 25 -6 21 27 20 -10 -4 28 18 -9 23 19 -8 -12 -1 -18 -15 -14 -2 -21 -5 -7 -25
right_child=1 -3 4 10 8 14 15 16 12 -11 11 -13 24 17 -16 -17 22 -19 -20 26 -22 -23 -24 29 -26 -27 -28 -29 -30 -31
leaf_value=0.050836294672674046 0.027568068065501727 -0.038319835676621977 -0.018415260073226806 -0.037062369719174884 -0.013315600570532073 0.034591433899476949 -0.0061230911742999206 -0.023838327847193065 -0.019343831814946689 0.035732716902552294 -0.021736006940219144 -0.026629877096530804 0.035824291452319079 -0.0036790639224229906 -0.00061444998079220926 0.02195954338925557 0.035388007748353004 -0.0051388859805320984 -0.0051711200109822025 -0.0055953264180578326 0.013978835119290083 0.00050393569040932352 -0.0086735670578079287 0.013518494094644062 0.00023379194711817589 -0.010622187647366863 0.040898019720958266 -0.00082572127876653109 0.004653985497829501 0.028503589961786317
leaf_weight=1386.9086996018887 54.870813280344009 1154.4753456562757 36.971316605806351 216.75344944000244 27.444648191332817 304.83893400430679 44.672776147723198 242.25593799352646 14.133921667933462 445.62444952130318 36.371436059474945 127.38627900183201 537.46285925805569 69.856506764888763 45.016969010233879 122.92738464474678 12.147035151720045 90.927307486534119 270.41828869283199 15.853393688797949 89.703620597720146 14.73215678334236 218.81453178822994 416.40294639766216 27.233274340629578 27.178376257419586 51.895275875926018 26.696512296795845 40.471668481826782 209.30701254308224
leaf_count=4082 181 4791 142 891 104 959 165 958 55 1391 142 505 1687 255 161 410 36 332 990 59 311 52 816 1429 96 104 160 99 140 683
internal_value=0.0107134 -0.0215294 0.0345591 -0.00896487 0.0201276 0.0436841 -0.00234802 -0.0104582 0.0303861 0.0469548 -0.0228438 -0.0121692 0.0326105 0.0123696 0.0276244 0.00655661 -0.0150409 0.0139797 0.00127839 0.0162737 0.00299517 0.0503199 -0.00533927 0.0165202 0.0341501 0.0149593 0.0303728 -0.0332648 0.0312746 0.0188077
internal_weight=6379.75 2712.42 3667.33 1557.95 1429.74 2237.59 1061.03 555.267 606.275 1847.27 496.911 253.461 578.83 823.465 390.328 505.767 473.218 786.494 382.84 112.421 126.075 1401.64 230.962 695.566 564.696 82.0492 67.7487 243.45 345.311 625.71
internal_count=22186 10618 11568 5827 4783 6785 3879 2095 1942 5525 1948 958 1838 2841 1260 1784 1810 2699 1374 384 453 4134 852 2367 1783 285 219 990 1099 2112
is_linear=0
shrinkage=0.03


Tree=4
num_leaves=31
num_cat=0
split_feature=164 163 166 7 18 7 343 177 7 253 267 351 278 3 418 236 246 329 7 86 230 264 267 232 162 119 264 366 131 146
split_gain=5168.99 615.657 528.1 171.181 119.787 98.9256 78.8333 74.3767 71.1637 59.2778 57.8741 60.3547 57.4371 58.7897 49.2425 47.8273 47.5932 47.567 46.8677 46.3033 45.2284 43.8056 42.1922 42.1003 41.7549 40.8514 40.0748 38.4556 37.1085 40.3732
threshold=0.24830114096403125 0.20827306807041171 0.16274726390838626 0.2363599240779877 0.31061333417892462 0.22385613620281222 -0.48503765463829035 0.52901628613471996 0.252648875117302 1.0000000180025095e-35 -0.11137516424059866 0.95442667603492748 -0.041988568380475037 0.2074287757277489 0.74133810400962841 0.17893258482217791 0.16611602157354358 -0.89374244213104237 0.21696616709232333 6.0557552306050874e-09 0.32697506248950964 0.011187158524990084 0.018206539563834671 -0.20887932926416394 -0.31540732085704798 0.70523092150688182 0.19684276729822162 -1.327109634876251 1.9932265281677248 -1.2177576422691343
decision_type=2 2 2 2 2 2 2 2 2 2 2 2 2 2 2 2 2 2 2 2 2 2 2 2 2 2 2 2 2 2
left_child=2 5 6 12 -3 7 -1 16 19 10 11 -7 28 18 -11 23 -2 -15 21 -5 -12 -14 -22 -8 -21 -6 -16 -9 -4 -30
right_child=1 4 3 8 25 9 15 27 -10 14 20 -13 13 17 26 -17 -18 -19 -20 24 22 -23 -24 -25 -26 -27 -28 -29 29 -31
leaf_value=0.027122271716945819 -0.0034230363727593307 -0.036258696067022853 -0.0089839490126586968 -0.011539283768450606 -0.020302842219293665 0.042089682469525942 0.0030534375545515418 0.026536467486999515 -0.010567722972704146 -0.026586335352148507 -0.0055806886696011084 -0.017470621431122397 0.017944880060628658 -0.019603340630535336 -0.0092464342023321575 -0.00034250946238193386 -0.030789445487776561 0.011195822241047482 0.030158505117681741 -0.00053661659322387027 0.00029153391037364297 -0.020671859727736625 0.032603836388820598 0.047549631223776596 0.035441616478866962 0.0063877846467297657 0.040170090412959623 -0.0054611869975272698 0.035599026433212527 -0.01188740105660026
leaf_weight=255.044682726264 83.320908099412918 1368.936578810215 158.41356684267521 17.082014039158821 169.4133473187685 74.917749226093292 20.873073533177376 31.694274321198463 31.896550208330154 73.256516233086586 165.90100349485874 14.443812713026999 81.617266327142715 48.413346141576767 32.988255247473717 18.855644315481186 197.42881695926189 239.33538566529751 278.78061871230602 29.407993420958519 71.228482276201248 30.897244587540627 69.040070325136185 1681.2265208512545 730.24301400780678 68.293299436569214 16.891274318099022 259.50594410300255 34.737213164567947 21.322223693132401
leaf_count=816 311 5699 583 65 663 229 73 102 120 291 608 56 275 186 124 67 804 831 892 105 255 119 220 4960 2271 244 50 961 108 80
internal_value=0.0104414 -0.0210693 0.0335478 0.0211505 -0.032839 -0.00362236 0.0441092 -0.0121644 0.0311282 0.00581374 0.0114534 0.031784 0.0119373 0.0161756 -0.0118627 0.0465005 -0.022985 0.00563579 0.0236647 0.032933 0.0049082 0.00666295 0.0170607 0.0470249 0.0340429 -0.0126283 0.0101876 -0.00140218 -0.00152136 0.0180564
internal_weight=6375.41 2697.26 3678.15 1702.15 1606.64 1090.62 1976 571.95 808.63 518.667 395.531 89.3616 893.517 679.044 123.136 1720.96 280.75 287.749 391.295 776.733 306.17 112.515 140.269 1702.1 759.651 237.707 49.8795 291.2 214.473 56.0594
internal_count=22168 10617 11551 5635 6606 4011 5916 2178 2561 1833 1368 285 3074 2303 465 5100 1115 1017 1286 2441 1083 394 475 5033 2376 907 174 1063 771 188
is_linear=0
shrinkage=0.03


Tree=5
num_leaves=31
num_cat=0
split_feature=164 165 166 7 7 3 177 245 373 431 6 252 230 153 175 348 366 424 232 152 262 159 1 280 5 278 154 266 7 358
split_gain=4807.66 576.32 490.287 150.532 106.198 102.308 90.9651 89.6748 70.0739 60.6473 55.8075 53.2437 67.3785 52.9417 49.4801 47.0362 46.2652 48.8185 39.1213 38.4226 39.2245 35.2877 35.012 36.3439 34.9688 34.3543 38.8883 37.3151 39.6952 34.7266
threshold=0.24830114096403125 0.19928193837404254 0.17433373630046847 0.22282407432794574 0.2363599240779877 0.22790350764989856 0.55704396963119518 0.44694477319717413 0.43428638577461248 0.063508063554763808 0.062150495126843459 0.083861492574214949 0.92207381129264843 -0.36158877611160273 -0.1841347590088844 0.18484797328710559 -0.8452206254005431 0.48212005198001867 -0.20887932926416394 0.18555146455764773 0.35241895914077764 -2.7648638933897013e-10 -0.24013397842645642 -0.33357411623001093 1.1599788069725039 -0.042301518842577927 0.0059540059883147487 0.060150049626827247 0.21773147583007815 -0.40183921158313746
decision_type=2 2 2 2 2 2 2 2 2 2 2 2 2 2 2 2 2 2 2 2 2 2 2 2 2 2 2 2 2 2
left_child=2 3 5 6 13 8 -2 11 18 -6 -11 12 14 -4 -5 -13 17 -8 -1 22 -21 -17 -15 -24 -3 26 -25 29 -29 -27
right_child=1 24 4 7 9 -7 16 -9 -10 10 -12 15 -14 19 -16 21 -18 -19 -20 20 -22 -23 23 25 -26 27 -28 28 -30 -31
leaf_value=-0.006528870082054378 -0.025016507820326953 -0.028166457586435767 -0.020921536751062845 -2.5394894507873498e-05 -0.01300679248446898 0.021665584020717409 -0.0034531844353213486 -0.025930966808091385 0.028891806061294961 -0.021185029094317458 0.031267897780194828 -0.02317578404299139 0.037585804288585704 -0.0043449249119229365 0.025303718684513588 0.022786632862918769 -0.010416183320396807 0.045308601239099924 0.04595354803480528 0.0087660809833455602 -0.03076762064684983 -0.011850587886150296 -0.010629718024566078 0.015651881919617014 -0.040886076768029231 -0.0069202123599692109 -0.01795362065206826 -0.00041902710667551162 0.042891490345879552 0.020396610861984209
leaf_weight=10.883403062820433 514.17062856256962 382.72497992217541 38.091001078486443 298.14866535365582 27.358257949352264 251.36651602387428 43.143344432115555 86.636948212981224 322.46513651311398 13.999806165695189 564.19931922852993 86.304834023118019 65.622430250048637 72.068289592862129 83.145243167877197 48.648079439997673 264.36755639314651 23.765614360570908 1679.945141300559 55.025992959737778 28.707257181406021 43.951723888516426 34.954647168517113 86.409565851092339 752.16714611649513 44.568320453166962 39.478038340806961 21.936243787407875 112.23544405400753 291.92991660535336
leaf_count=40 2073 1579 148 1073 104 816 157 347 1020 55 1771 342 203 264 271 163 996 70 4937 191 115 167 129 293 3220 163 150 79 341 971
internal_value=0.00985139 -0.0206037 0.0320421 -0.00868305 0.0181494 0.0407329 -0.0171907 0.00146714 0.043025 0.0276667 0.0297417 0.00552154 0.0110215 0.0109804 0.00582744 -0.00805891 -0.00474707 0.0163755 0.045584 0.0127079 -0.00600003 0.00656351 0.0149862 0.0172322 -0.0368047 0.0189865 0.00464367 0.0226764 0.0360664 0.0166807
internal_weight=6388.42 2692.8 3695.62 1557.91 1430.96 2264.66 845.447 712.458 2013.29 605.557 578.199 625.821 446.916 825.405 381.294 178.905 331.277 66.909 1690.83 787.314 83.7333 92.5998 703.58 631.512 1134.89 596.558 125.888 470.67 134.172 336.498
internal_count=22248 10661 11587 5862 4774 6813 3296 2566 5997 1930 1826 2219 1547 2844 1344 672 1223 227 4977 2696 306 330 2390 2126 4799 1997 443 1554 420 1134
is_linear=0
shrinkage=0.03


Tree=6
num_leaves=31
num_cat=0
split_feature=166 166 177 373 235 163 166 163 1 36 1 6 141 252 329 462 153 80 139 36 146 166 2 108 265 153 233 247 243 254
split_gain=4551.51 598.539 449.392 145.219 90.7772 105.089 75.6931 70.3028 67.4608 66.3395 63.7603 55.1076 49.2374 44.9928 42.8067 42.2336 40.921 38.1052 42.9807 36.9756 35.453 35.1484 33.5589 47.4751 32.5596 32.1901 32.8716 39.2643 40.0379 33.6592
threshold=0.27301299571990972 0.18494790047407153 -0.25807014107704157 0.43428638577461248 0.030043338425457481 0.19876509904861453 0.32303611934185034 0.1965659633278847 -0.18313621729612348 0.2834331095218659 -0.049141589552164071 0.072744261473417296 0.84479632973670971 0.070858277380466475 -0.74743372201919545 0.87749999761581432 -0.32975593209266657 1.1255986969462676e-29 3.3432999849319462 1.0000000180025095e-35 -1.202739894390106 0.57047134637832653 -0.056352077051997178 0.0022233403287827973 0.5179448425769807 -0.34587153792381281 -0.093817885965108858 0.04219814948737622 -0.01736109051853418 0.72500002384185802
decision_type=2 2 2 2 2 2 2 2 2 2 2 2 2 2 2 2 2 2 2 2 2 2 2 2 2 2 2 2 2 2
left_child=1 3 6 8 5 10 -2 13 19 12 -4 -10 -5 15 -12 17 -13 -3 24 -1 -9 22 -6 -24 -19 -15 -27 28 -28 -30
right_child=2 7 4 9 21 -7 -8 20 11 -11 14 16 -14 25 -16 -17 -18 18 -20 -21 -22 -23 23 -25 -26 26 27 -29 29 -31
leaf_value=-0.013198930971623555 -0.012685945264320486 -0.0093449129632699104 -0.0095020979508731781 -0.0092439591979315578 -0.021987533219033645 -0.02200678643481269 -0.036027484342085539 0.013788357851874575 0.020271250468911949 -0.0054648049384983868 -0.011943380237298079 0.0018558786325567243 0.029658366697993526 -0.023098811846982748 0.027769827056155418 0.0048410619199168352 0.044440685081438697 0.030767155350784711 0.013365890829529374 0.027638108352517413 -0.01335704030967534 -0.035489545095853718 0.0041093723025677296 -0.016901428940960188 -0.0091608628065222748 0.026761279247786464 0.026613222875651231 0.018473841249654413 0.0028375620646649128 -0.025397461419988825
leaf_weight=28.548654869198799 151.04964077472687 28.362680241465569 70.837913855910301 28.016001805663109 179.0500261336565 91.234255075454712 1283.6261804103851 59.954390048980713 112.9406453371048 62.343635499477386 23.831687599420547 21.687543421983719 396.64638794958591 22.889775991439819 174.03881891071796 150.16217269003391 1825.6287672072649 459.49726985394955 255.13559278845787 40.242271065711975 115.8138844370842 57.569415017962456 193.38214731216431 181.35080745816231 15.777689620852469 70.221659064292908 23.784752458333969 100.20664325356483 74.509638741612434 66.820182472467422
leaf_count=105 584 106 266 101 711 368 5456 206 361 224 90 74 1246 91 565 527 5367 1454 859 126 441 243 701 703 58 229 76 336 264 260
internal_value=0.00948155 0.0292393 -0.0230173 0.0380664 -0.0071717 0.00470438 -0.0336508 0.0137327 0.0416421 0.0227687 0.0141402 0.0426731 0.0269593 0.0161896 0.0226908 0.0197374 0.0439553 0.0226005 0.0239321 0.0108982 -0.00386686 -0.014155 -0.0115031 -0.0061547 0.0293062 0.00695853 0.00946975 0.00428444 -0.0046671 -0.0110096
internal_weight=6365.16 3959.19 2405.97 2516.05 971.295 359.943 1434.68 1443.14 2029.05 487.006 268.708 1960.26 424.662 1267.37 197.871 908.935 1847.32 758.773 730.411 68.7909 175.768 611.352 553.783 374.733 475.275 358.433 335.543 265.321 165.115 141.33
internal_count=22198 12511 9687 7604 3647 1289 6040 4907 6033 1571 921 5802 1347 4260 655 3004 5441 2477 2371 231 647 2358 2115 1404 1512 1256 1165 936 600 524
is_linear=0
shrinkage=0.03


Tree=7
num_leaves=31
num_cat=0
split_feature=164 163 166 18 7 166 177 3 343 247 327 122 138 5 238 1 235 119 102 232 280 294 153 246 123 162 236 250 234 229
split_gain=4250.88 673.925 328.623 121.485 115.765 109.805 84.8857 66.721 66.0585 60.272 55.3133 53.8749 52.1814 45.1746 44.9319 44.8922 44.7806 43.7564 43.7498 41.158 40.6262 37.9064 34.5778 36.1927 33.1148 32.6874 31.7458 30.8422 30.7682 30.0552
threshold=0.22971949726343158 0.20827306807041171 0.16274726390838626 0.31061333417892462 0.21932946890592578 0.31037597358226782 0.14118966460227969 0.21053479611873629 -1.1017973423004148 0.041606089100241668 0.74273687601089489 0.11295838654041292 3.1482294797897343 1.1599788069725039 0.15563239902257922 -0.11655743420124053 0.13646198809146884 0.82369145750999462 0.0079463324509561079 -0.20887932926416394 0.17114730179309848 -0.39209958910942072 -0.33126068115234369 0.25266292691230779 0.23387510329484942 -0.31540732085704798 0.17893258482217791 0.11059062927961351 0.73873665928840648 0.12373381480574609
decision_type=2 2 2 2 2 2 2 2 2 2 2 2 2 2 2 2 2 2 2 2 2 2 2 2 2 2 2 2 2 2
left_child=2 5 7 13 21 9 -7 19 -6 15 16 -9 20 -3 25 -2 24 -5 -17 -1 -11 -4 -20 -24 28 -10 27 -21 -8 -29
right_child=1 3 4 17 8 6 10 11 14 12 -12 -13 -14 -15 -16 18 -18 -19 22 26 -22 -23 23 -25 -26 -27 -28 29 -30 -31
leaf_value=-0.0050483499188518997 -0.015235220686388606 -0.026045729207058246 -0.015114061072293202 -0.018134526056082186 0.0058002795040445459 -0.024734919036918518 -0.014685078462246197 0.00084251711992047262 0.00045032976966613721 0.029495332170806389 0.016937805213946621 0.032338208666661275 -0.013923678423288453 -0.038480620678300763 -0.01253182817892245 -0.0094964196310934959 -0.020662062501583561 0.0090026287816353922 -0.017012729761005384 0.043675543303103477 -0.0051262041233156967 0.0096863159694674777 0.02770083518417403 0.0027233769960072259 -0.0088425316092509993 0.029440898769659905 0.000350956750468072 -0.013319535583520604 0.026462410348649927 0.030367641043078278
leaf_weight=14.694064676761625 117.13250379264355 512.80490271747112 72.734600082039833 196.27764970064163 150.19738398492336 227.95411852002144 16.620571002364159 67.031216695904732 37.285713449120522 178.20598484575748 97.217639729380608 184.84923215210438 33.379222720861435 819.83115455508232 20.666239574551582 109.277179479599 136.75831620395184 67.115553706884384 24.859660029411316 1661.0297772288322 33.666711792349815 175.02352404594421 115.79208415746689 95.514230594038963 103.92077454924583 976.62905699014664 16.515867248177528 16.088872641324997 56.268704473972321 35.006036892533302
leaf_count=53 444 2133 274 772 520 924 64 232 132 578 333 567 126 3571 78 407 540 238 96 4859 124 603 375 337 388 3067 57 58 183 105
internal_value=0.00938582 -0.0170404 0.0320633 -0.0301837 0.0209182 -0.00137889 -0.0103457 0.0399589 0.0247986 0.00672012 -0.00205505 0.0242465 0.0185173 -0.0338646 0.0274891 0.000260246 -0.00821756 -0.0111268 0.00574246 0.0421171 0.023958 0.00214919 0.0129073 0.016908 0.00177113 0.0283955 0.0425428 0.0429406 0.0164837 0.0164832
internal_weight=6370.35 2942.6 3427.75 1596.03 1432.54 1346.57 638.74 1995.22 1184.78 707.828 410.786 251.88 245.252 1332.64 1034.58 462.576 313.568 263.393 345.443 1743.33 211.873 247.758 236.166 211.306 176.81 1013.91 1728.64 1712.12 72.8893 51.0949
internal_count=22238 11633 10605 6714 4674 4919 2432 5931 3797 2487 1508 799 828 5704 3277 1659 1175 1010 1215 5132 702 877 808 712 635 3199 5079 5022 247 163
is_linear=0
shrinkage=0.03


Tree=8
num_leaves=31
num_cat=0
split_feature=164 165 164 7 7 177 246 177 343 451 94 228 3 76 247 243 18 7 280 279 248 236 291 179 356 2 176 32 243 350
split_gain=3982.2 476.424 423.455 162.141 144.73 96.3155 86.0397 76.0836 68.7841 68.2533 56.4198 65.6209 43.4958 56.7924 43.029 40.6801 40.2409 40.0378 37.509 43.733 37.0622 36.7853 35.1941 34.4004 34.0997 33.0923 32.7604 32.0583 31.8777 32.7258
threshold=0.25450415909290319 0.19928193837404254 0.16590964794158938 0.2363599240779877 0.22432254999876025 1.1006243228912356 0.18167795240879062 0.55704396963119518 -0.56921026110649098 0.12701612710952762 0.017931570298969749 0.2834331095218659 0.2074287757277489 0.069888498634099974 0.041834848001599319 -0.015982716344296929 0.22396993637084964 0.21082794666290286 -0.22580546885728833 -0.033936031162738793 0.20781902968883517 0.18781147897243503 -0.46242566406726832 -0.48010595142841334 1.261047422885895 0.063216403126716628 1.2415778636932375 0.20707555115222934 -0.029285872355103489 -0.96581840515136708
decision_type=2 2 2 2 2 2 2 2 2 2 2 2 2 2 2 2 2 2 2 2 2 2 2 2 2 2 2 2 2 2
left_child=2 4 5 12 7 8 14 28 25 -5 11 18 23 -14 20 -11 -12 -10 -8 -20 -6 24 -13 -4 -19 -1 -21 -7 29 -2
right_child=1 -3 3 9 6 27 10 -9 17 15 16 22 13 -15 -16 -17 -18 21 19 26 -22 -23 -24 -25 -26 -27 -28 -29 -30 -31
leaf_value=0.027575171983662355 0.027100212456090522 -0.034862726753100058 -0.0071498109348692857 0.0042312324995035953 -0.019120906965164886 0.020567756529707684 -0.030524423609639886 -0.0052501752739348255 0.0025894173301389167 -0.0014856998198091384 -0.023455914012658608 0.004796227092075141 0.0085774244256657303 -0.014175049744688079 -0.03379823490377673 0.031420036479771672 0.0050727760180830743 0.042923088003838296 -0.012702389149253569 0.030780284440851957 0.012525381726119587 -0.0047513139460006078 0.040301989810210465 0.01774952363252227 0.014936900877394783 -0.0025027518362278288 -0.012692414290030235 -0.010376995838836917 -0.026892686371506207 -0.016868976824813406
leaf_weight=218.2611527889967 16.047406122088432 1089.7220613509417 53.806452929973602 112.82534250617027 61.913896381855011 116.97511164844036 18.872895687818527 311.373819693923 25.350166276097298 34.33185587823391 57.314289718866348 36.614906162023544 266.24367281794548 147.57021702826023 64.234617009758949 658.86079084873199 137.67904084920883 1656.3425474911928 46.981526046991348 63.915524333715439 57.549866765737534 13.416918292641638 98.591028228402138 338.89772970974445 51.08799284696579 36.523405000567436 15.387317061424254 34.496646419167519 445.39774863421917 37.878998383879662
leaf_count=684 54 4754 194 389 249 378 78 1157 86 119 230 129 926 553 266 2029 488 4839 178 206 198 48 300 1120 165 128 59 126 1849 154
internal_value=0.00895009 -0.0198872 0.0285572 0.01681 -0.00866406 0.0372699 0.00176487 -0.0170976 0.0390259 0.0262811 0.00850572 0.016973 0.00718724 0.000337884 -0.0152953 0.0297768 -0.00378293 0.0412165 0.00257432 0.00894296 -0.0039433 0.0417667 0.03147 0.0142462 0.0421562 0.0232718 0.0218782 0.013307 -0.0242901 -0.00200198
internal_weight=6324.46 2559.47 3764.99 1612.54 1469.75 2152.45 659.055 810.698 2000.98 806.018 475.357 280.363 806.518 413.814 183.698 693.193 194.993 1746.2 145.157 126.284 119.464 1720.85 135.206 392.704 1707.43 254.785 79.3028 151.472 499.324 53.9264
internal_count=22133 10349 11784 5330 5595 6454 2381 3214 5950 2537 1668 950 2793 1479 713 2148 718 5138 521 443 447 5052 429 1314 5004 812 265 504 2057 208
is_linear=0
shrinkage=0.03


Tree=9
num_leaves=31
num_cat=0
split_feature=164 165 166 7 7 177 18 164 7 366 333 278 280 329 7 294 246 228 137 6 129 229 452 368 7 146 162 246 237 134
split_gain=3782.18 459.434 407.126 138.389 129.582 83.6723 79.4934 67.0809 62.9642 43.8515 48.0815 42.6523 51.0376 45.5063 49.2832 42.5169 42.0454 52.1394 73.896 39.8935 39.719 39.5679 38.522 38.4343 38.0354 51.9691 37.9857 35.7673 35.1965 34.9782
threshold=0.25450415909290319 0.19928193837404254 0.16274726390838626 0.2363599240779877 0.22432254999876025 0.55704396963119518 1.0000000180025095e-35 0.13496182858943942 0.252648875117302 -0.8452206254005431 -0.35091055929660792 -0.041988568380475037 -0.31458123028278345 -0.88134428858757008 0.22473920881748202 -0.39209958910942072 0.18058996647596362 0.2834331095218659 2.0095803737640385 0.062150495126843459 0.37253263592720037 0.0085715642198920267 0.25403225421905523 -0.2506230473518371 0.2363599240779877 -0.95584627985954274 -0.31540732085704798 0.14250152558088305 0.76250007748603832 0.89714279770851146
decision_type=2 2 2 2 2 2 2 2 2 2 2 2 2 2 2 2 2 2 2 2 2 2 2 2 2 2 2 2 2 2
left_child=2 4 7 11 5 -2 21 -1 19 10 28 23 -13 -14 15 -15 20 -18 -19 -5 -8 -6 -9 -4 25 -24 -21 -25 -7 -16
right_child=1 -3 3 8 6 9 16 22 -10 -11 -12 12 13 14 29 -17 17 18 -20 26 -22 -23 24 27 -26 -27 -28 -29 -30 -31
leaf_value=0.041635721457615876 -0.024090300820911646 -0.034292917007431929 0.018754850089828318 -0.015646345509062545 0.0065116051983006296 -0.025336510039559269 -0.019478433779271935 0.011688040195409147 -0.011649353295130081 -0.0099051816150091 0.044783903871922798 -0.014939655992456315 -0.0029151423560233422 -0.011466530305736137 0.037373237675258811 0.015278599124390582 0 0.037106345324764249 0.0018399155954238529 -0.0031012187154278157 0.014656902365862541 -0.036133526751391497 -0.0078617123682786002 0.010921285852941455 0.03608148954744058 0.029551447859118264 0.030119353772686906 -0.017469667078677663 0.023348063002181785 0.015099208791114619
leaf_weight=1237.2857446223497 494.22723019123077 1080.2459858506918 53.585126668214798 14.157661601901053 24.243949979543686 23.16237036883831 91.121015429496765 108.82440255582333 33.94990174472332 253.27257633209229 24.055488079786301 49.393239691853523 104.44761130213737 63.739366918802261 144.8642206043005 221.75557774305344 229.12556074559689 107.47361198067665 103.02398279309273 30.401014402508736 38.300246611237526 61.362969473004341 47.338025093078613 51.779733330011368 500.64456556737423 87.419598743319511 754.66763788461685 121.88194753229618 17.031875938177109 139.94416017830372
leaf_count=3615 2053 4768 178 54 88 92 359 355 128 961 70 185 374 237 443 747 829 330 369 108 131 263 168 176 1493 267 2326 459 55 465
internal_value=0.00870158 -0.0195027 0.0277771 0.0172662 -0.00848897 -0.0164459 0.00143117 0.0371439 0.0261676 -0.00425201 0.0166692 0.00932567 0.0128572 0.0150399 0.0183419 0.00914009 0.00557889 0.00998821 0.0205089 0.0278742 -0.00906591 -0.0243637 0.0293438 -0.00193091 0.0321911 0.0165956 0.0288036 -0.00885121 -0.00408125 0.0270893
internal_weight=6312.73 2546.65 3766.08 1784.57 1466.4 811.75 654.651 1981.51 833.176 317.522 64.2497 951.391 724.144 674.751 570.303 285.495 569.044 439.623 210.498 799.226 129.421 85.6069 744.227 227.247 635.402 134.758 785.069 173.662 40.1942 284.808
internal_count=22146 10368 11778 5880 5600 3231 2369 5898 2616 1178 217 3264 2451 2266 1892 984 2018 1528 699 2488 490 351 2283 813 1928 435 2434 635 147 908
is_linear=0
shrinkage=0.03


Tree=10
num_leaves=31
num_cat=0
split_feature=166 164 177 7 373 7 2 365 166 243 163 327 317 166 6 272 232 233 116 226 263 348 254 247 126 6 264 7 36 336
split_gain=3598.78 528.379 378.936 119.407 95.5261 89.7465 75.059 72.5205 62.6776 57.5941 49.9701 49.511 54.9251 46.3466 43.4765 39.9092 39.5823 39.0628 38.931 35.4062 34.7045 34.51 33.6717 38.3442 55.5623 41.4182 33.5761 33.2145 30.9306 30.5021
threshold=0.28259676694870001 0.18331135064363482 -0.37769213318824763 0.22432254999876025 0.65130192041397106 0.2363599240779877 -0.16555944085121152 -1.5566641092300413 0.18127245455980304 -0.015982716344296929 0.1965659633278847 0.78553521633148204 -0.48867240548133845 0.38507701456546789 0.062150495126843459 0.030099324882030491 -0.20887932926416394 -0.0070258958730846635 1.1677975654602053 -0.33126068115234369 0.032674636691808708 0.66028153896331798 0.72500002384185802 0.033033862709999091 0.056312033906579025 0.11969999969005586 0.28625628352165228 0.1977239400148392 0.43366721272468572 -0.9112999141216277
decision_type=2 2 2 2 2 2 2 2 2 2 2 2 2 2 2 2 2 2 2 2 2 2 2 2 2 2 2 2 2 2
left_child=1 4 13 20 8 10 -5 -7 16 17 19 12 18 -2 -11 -14 -1 -9 -8 -3 -4 -16 26 25 -25 -24 -21 -18 -6 -29
right_child=2 5 3 6 28 7 11 9 -10 14 -12 -13 15 -15 21 -17 27 -19 -20 22 -22 -23 23 24 -26 -27 -28 29 -30 -31
leaf_value=-0.0030655447849353176 -0.019273855247845532 -0.013497996383983647 0.014257100975874352 -0.027859116407048908 0.022410154832896611 -0.0080933204057746042 0.036249392255447314 -0.026719703086523383 0.020415493820266962 -0.020079515962090833 -0.010763253599690308 0.027889564118982278 -0.015050071071092266 -0.034901039576240328 0.031667802207365009 0.019247714935055203 -0.0065329671530922106 0.029067482647975769 -0.0036160841266903118 0.021193862567889129 -0.017733716887784648 0.013126062944278299 0.002814562335853922 0.029114982879354628 -0.003219121661806882 -0.028456041515191613 -0.022149836445507338 0.0056778692293064049 -0.0051833538577675782 0.039553225474854313
leaf_weight=19.121368870139122 243.12849746644497 55.263750717043877 26.961907744407654 45.674826666712761 354.96050220727921 70.505542799830437 51.871196776628494 29.206236943602562 225.69859933853149 13.064080923795698 140.84908849000931 97.525331929326057 125.40515041351318 1070.2342108637094 399.86458288133144 32.991729572415352 12.206829130649565 9.7257142663001996 32.657493129372597 245.76709961891174 524.71247234940529 137.83490930497646 205.45181232690811 101.64324314892292 82.236516714096069 39.451015487313271 11.39841069281101 27.55241896212101 37.384262457489967 1837.6362275034189
leaf_count=67 1004 210 94 190 1129 261 159 112 727 51 540 317 484 4774 1229 112 43 28 121 811 2101 453 722 324 296 156 45 91 134 5396
internal_value=0.00860477 0.0254704 -0.0217689 -0.00711173 0.0339409 0.011562 0.00560857 0.0198796 0.0364935 0.0232975 0.00521713 0.0105996 0.00302963 -0.0321336 0.0257864 -0.00733059 0.0383193 -0.0102488 0.0216341 0.00834013 -0.0159924 0.0271638 0.0102333 0.00491422 0.0150115 -0.00283186 0.018697 0.0387562 0.0197099 0.0390815
internal_weight=6307.99 4056.82 2251.16 937.8 2514.56 1542.26 386.126 660.201 2122.22 589.696 882.061 340.451 242.926 1313.36 550.764 158.397 1896.52 38.932 84.5287 741.212 551.674 537.699 685.948 428.783 183.88 244.903 257.166 1877.4 392.345 1865.19
internal_count=22181 12825 9356 3578 7587 5238 1383 2134 6324 1873 3104 1193 876 5778 1733 596 5597 140 280 2564 2195 1682 2354 1498 620 878 856 5530 1263 5487
is_linear=0
shrinkage=0.03


Tree=11
num_leaves=31
num_cat=0
split_feature=166 164 165 7 3 166 365 265 281 166 232 3 243 6 7 282 190 231 153 244 36 356 282 5 7 234 265 236 234 306
split_gain=3423.88 439.672 354.182 108.701 101.811 84.9756 63.6717 60.2828 74.9852 58.8587 48.801 45.8865 44.0454 49.8423 42.3752 41.2852 40.8754 39.6604 37.9537 37.6466 35.8773 35.0085 34.7649 34.5912 34.3007 33.7525 33.1747 33.1072 32.9249 31.9355
threshold=0.27301299571990972 0.18224476277828219 0.19928193837404254 0.2363599240779877 0.20264933258295062 0.16149063408374789 -1.2721434235572813 -0.0072908326983451835 -0.39719273149967188 0.40547306835651403 -0.20887932926416394 0.19438093155622485 -0.015982716344296929 0.10269322246313096 0.1977239400148392 -0.12191296368837355 -0.37203873693943018 0.97513961791992199 -0.37871409952640528 0.0081143821589648741 0.54616111516952526 0.054392768070101745 -0.47105544805526728 1.0933871865272524 0.24866002798080447 0.46465097367763525 0.0016190856695175173 0.18781147897243503 0.77675655484199535 -0.51878011226654042
decision_type=2 2 2 2 2 2 2 2 2 2 2 2 2 2 2 2 2 2 2 2 2 2 2 2 2 2 2 2 2 2
left_child=1 5 4 11 7 10 -5 -2 -9 29 -1 26 19 -14 -12 -13 -10 21 -11 -8 22 -17 -7 -4 27 -24 28 -16 -3 -6
right_child=2 3 23 6 9 20 12 8 16 18 14 15 13 -15 24 17 -18 -19 -20 -21 -22 -23 25 -25 -26 -27 -28 -29 -30 -31
leaf_value=-0.0074518160549181707 -0.011739734472047502 0.010035942994983718 -0.022532978766153604 -6.1000082096402029e-05 -0.019583906586969384 0.0050353840734177688 0.029292236087439701 -0.027852777323643513 -0.0053155684712010917 -3.3618450801645452e-05 -0.011113171606837188 0.0096052882260273878 0.030314905036177685 -0.0015457383370918306 0.038982142128725451 -0.022239280011004902 0.027343994111703716 0.014310647012113762 -0.026061905100667988 -0.025842997757724574 -0.0030265414017958381 -7.6830467272083163e-05 -0.0067853447423407015 -0.036509450633411988 0.01913165273209004 0.02932940914232661 0.021324124170424313 -0.0043054998175210447 -0.026289656635273641 -0.0026123428440648511
leaf_weight=19.847846776247025 128.31303516030312 75.766568899154663 264.1852363795042 103.94899860024452 133.65613973140717 73.334142744541168 10.678452700376509 27.560856148600578 40.897085085511208 58.870621278882027 13.100986167788504 218.20736275613308 482.65049256384373 47.162939876317978 1672.1307449638844 135.84610532224178 150.58942329883575 56.243791311979294 382.34818524122238 23.456671193242073 41.395284622907639 118.25697715580463 21.419334173202515 786.30042830109596 110.00953470170498 510.2020787447691 197.38692051172256 14.278086766600607 23.81411524116993 359.52991724014282
leaf_count=71 491 257 1147 369 536 247 31 112 152 228 47 760 1482 165 4907 527 489 192 1605 90 147 425 76 3597 346 1577 641 50 93 1355
internal_value=0.00850013 0.0254362 -0.0203079 0.012486 -0.00962984 0.0331866 0.0214299 0.00415359 0.0135852 -0.0147577 0.0365715 0.00511788 0.0253617 0.027476 0.037087 -0.000201057 0.0203743 -0.00718885 -0.0226672 -0.00629025 0.0233013 -0.0122439 0.025134 -0.0331769 0.0374861 0.0277856 0.0144059 0.0385932 9.42765e-05 -0.00744243
internal_weight=6301.39 3969.14 2332.25 1493.42 1281.77 2475.72 667.898 347.36 219.047 934.405 1829.37 825.522 563.949 529.813 1809.52 528.554 191.487 310.347 441.219 34.1351 646.351 254.103 604.956 1050.49 1796.42 531.621 296.968 1686.41 99.5807 493.186
internal_count=22212 12500 9712 5032 4968 7468 2137 1244 753 3724 5421 2895 1768 1647 5350 1904 641 1144 1833 121 2047 952 1900 4744 5303 1653 991 4957 350 1891
is_linear=0
shrinkage=0.03


Tree=12
num_leaves=31
num_cat=0
split_feature=164 163 166 5 7 219 343 7 7 162 17 409 86 371 6 264 158 230 156 232 187 177 6 244 230 185 356 268 245 328
split_gain=3179.66 546.989 235.836 107.875 100.292 88.1348 67.872 60.027 46.9373 41.3813 40.0231 38.8744 38.1988 38.1573 34.8863 34.7448 37.0134 33.407 35.3301 32.3546 31.4679 30.7432 29.8831 29.2977 29.1132 29.0608 39.1577 28.7297 36.3626 27.9059
threshold=0.22971949726343158 0.20827306807041171 0.15626182407140735 1.1621791124343874 0.23500321805477145 1.0000000180025095e-35 -0.48503765463829035 0.21256603300571444 0.19459108263254168 -0.22282723337411878 0.22396993637084964 0.72570532560348522 1.3797599507370252e-08 0.92351761460304271 0.084523718804121031 0.11802950128912927 0.00035238495911471551 -0.48471112549304957 0.12059863284230234 -0.20887932926416394 -0.38767105340957636 1.5709112882614138 0.10241205617785455 0.0041561541147530088 -0.99759784340858448 -1.0000000180025095e-35 -0.5284060239791869 -0.3168442547321319 0.4511545598506928 -0.57340037822723378
decision_type=2 2 2 2 2 2 2 2 2 2 2 2 2 2 2 2 2 2 2 2 2 2 2 2 2 2 2 2 2 2
left_child=2 5 6 10 9 7 -1 20 -8 23 -3 17 -6 22 21 16 -16 -9 27 -10 -2 -7 -14 -4 -21 -11 -27 -19 -29 -17
right_child=1 3 4 -5 12 14 8 11 19 25 -12 -13 13 -15 15 29 -18 18 -20 24 -22 -23 -24 -25 -26 26 -28 28 -30 -31
leaf_value=0.018286251853836748 0.0090583694176256946 -0.020891119237791796 -0.018506826556120702 -0.034818671794083447 -0.011471509717512304 -0.03138235383622278 -0.016555964840556936 0.00020548584889262174 -0.0029649323140133865 0.004155703722764529 0.0016835223164211859 -0.0042411657365268793 0.029746920626905479 0.011380049308237964 -0.0036931089408415948 -0.02144627207269395 -0.030694276687028045 -0.0003655175511681415 -0.028220065854066095 0.0060677280526879335 -0.022640319749853116 0.012142792152059066 0.0015684387523886235 0.014358951993711781 0.038787791325324082 -0.010776039524120058 0.022705523844360326 0.023295802895668974 -0.011777033350651831 0.019788145160090073
leaf_weight=213.12620140612125 33.614368632435799 612.20540234446526 67.578249260783195 824.14914141595364 21.123663872480392 105.00706040859222 10.516995921730993 189.59707793593407 15.888281464576719 214.30001913011074 77.701104134321213 203.68373812735081 783.27966360747814 153.98995667695999 140.48020049929619 12.770986184477804 63.259130820631981 70.034957155585289 9.8813509494066221 28.530450016260147 97.860397949814796 12.668190687894819 37.050723493099213 29.836315646767616 1543.239666596055 31.04744865000248 258.04638162255287 312.37113444507122 24.427684858441353 56.707302659749985
leaf_count=677 122 2607 256 3782 78 443 39 684 56 740 289 749 2395 514 532 53 262 252 42 93 399 44 125 100 4524 114 828 1030 94 194
internal_value=0.00823963 -0.0151431 0.0277659 -0.0274367 0.0192012 -0.00109476 0.035205 0.00387414 0.0373651 0.00933912 -0.0183422 0.00695314 0.0250362 0.0259146 -0.0129464 -0.00669151 -0.0128676 0.0107363 0.0154203 0.0378 -0.0144118 -0.0261938 0.028511 -0.00805229 0.0382301 0.0127895 0.0189045 0.0169651 0.0205335 0.0108022
internal_weight=6253.97 2846.42 3407.55 1514.06 1596.25 1332.36 1811.3 941.471 1598.18 600.808 689.907 809.996 995.444 974.32 390.893 273.218 203.739 606.312 416.715 1587.66 131.475 117.675 820.33 97.4146 1571.77 503.394 289.094 406.834 336.799 69.4783
internal_count=22117 11578 10539 6678 5150 4900 5389 3372 4712 2038 2896 2851 3112 3034 1528 1041 794 2102 1418 4673 521 487 2520 356 4617 1682 942 1376 1124 247
is_linear=0
shrinkage=0.03


Tree=13
num_leaves=31
num_cat=0
split_feature=164 165 164 177 253 373 255 1 164 433 6 6 234 453 357 282 343 310 260 10 135 249 232 175 331 232 243 282 150 98
split_gain=3038.47 431.125 294.069 101.447 83.1741 80.4591 67.8317 49.4271 49.1684 46.3871 42.1195 43.324 40.7793 40.3011 38.1722 37.5474 40.3894 38.8099 37.3091 42.8143 48.8603 33.6343 36.3861 33.2221 39.2521 33.2974 32.3373 34.5275 34.0934 31.1722
threshold=0.25450415909290319 0.19928193837404254 0.18331135064363482 -0.37769213318824763 0.062411088496446616 0.43428638577461248 0.13143738359212878 -0.22167595475912091 0.3155409991741181 0.042572464793920524 0.058277221396565444 0.095462944358587279 0.90709102153778087 0.35599078238010412 1.5591022968292239 0.49743874371051794 -0.52675041556358326 -0.50222226977348317 -0.04584937542676925 0.76787891983985912 1.5923082232475283 0.0034900804748758678 0.077375300228595748 -0.32293516397476191 0.11835680902004243 0.16302361339330676 -5.8526544307824217e-05 -0.2103607580065727 -0.09339920803904532 2.0360688779419436e-07
decision_type=2 2 2 2 2 2 2 2 2 2 2 2 2 2 2 2 2 2 2 2 2 2 2 2 2 2 2 2 2 2
left_child=2 3 5 8 23 6 7 -1 -2 -4 -11 15 -8 -6 -9 16 17 -12 19 20 -10 -13 -23 25 29 -5 27 28 -7 -25
right_child=1 -3 9 4 13 26 12 14 18 10 11 21 -14 -15 -16 -17 -18 -19 -20 -21 -22 22 -24 24 -26 -27 -28 -29 -30 -31
leaf_value=-0.010689650569975308 -0.0032451019306952303 -0.032459362466354461 -0.010430589412503695 0.0040842741740694339 -0.025810332792855675 0.0098275039702544215 -0.0084829151725024123 0.035965515738512525 0.015361563067437396 -0.016650998058421507 0.022428360963876404 0.014938616545751623 0.02825342691900215 -0.0051625805117639801 -0.0046486866172695228 -0.00048190412885033563 0.027741376422444619 0.00033084354298690971 -0.02995280337562017 0.032312210984890767 -0.030659349167740588 -0.02351041470459047 0.0055961870286399601 -0.013621679115029879 -0.0075327259303047175 -0.023457666265629409 0.02723746008942415 0.019045598827732192 -0.027982846733744033 0.024064351223282127
leaf_weight=17.818165585398674 149.1384172141552 1029.6874547302723 67.241138279438019 222.76562823355198 112.3860724568367 52.60809700191021 54.131821647286415 1840.4978293031454 25.599730297923088 32.613751441240311 151.09670908749104 197.15687210857868 42.711920469999313 320.79323905706406 19.075969249010086 75.862164065241814 400.27060860395432 132.81618411839008 252.78257961571217 13.562733650207518 55.205884501338005 47.376145631074905 126.64481569826603 17.188502728939056 53.294499650597572 40.688884660601616 300.89807663857937 191.24058748781681 26.581068500876427 182.32577003538609
leaf_count=64 554 4768 248 802 469 172 193 5459 95 124 486 658 129 1227 66 262 1240 462 1109 45 243 181 440 69 199 163 931 610 102 602
internal_value=0.00811397 -0.0176858 0.0250288 -0.00705082 -0.00125733 0.0308528 0.0337792 0.0350451 -0.0179417 0.0128714 0.0142809 0.0152788 0.00843051 -0.0108686 0.0355274 0.0193742 0.0215737 0.0123838 -0.0240369 -0.00711249 -0.0158977 0.00666173 -0.00287262 0.00682465 0.0144388 -0.000627625 0.0204358 0.0123336 -0.0039842 0.0204151
internal_weight=6252.06 2475.42 3776.64 1445.73 949.443 2545.56 1974.24 1877.39 496.289 1231.08 1163.84 1131.22 96.8437 433.179 1859.57 760.046 684.184 283.913 347.151 94.3683 80.8056 371.178 174.021 516.263 252.809 263.455 571.328 270.43 79.1892 199.514
internal_count=22172 10345 11827 5577 3531 7726 5911 5589 2046 4101 3853 3729 322 1696 5525 2450 2188 948 1492 383 338 1279 621 1835 870 965 1815 884 274 671
is_linear=0
shrinkage=0.03


Tree=14
num_leaves=31
num_cat=0
split_feature=166 166 177 7 7 7 164 226 248 1 280 327 6 317 7 111 166 179 290 254 244 6 287 451 154 155 226 177 408 233
split_gain=2915.79 395.271 345.811 108.346 88.3441 72.9329 62.8509 56.6537 56.1582 65.2427 59.689 54.5367 51.8317 47.4142 43.5815 44.8327 41.3975 41.0283 40.3274 39.2618 38.8939 40.3203 38.6801 37.9838 37.3029 31.2408 31.185 30.666 29.4474 28.6753
threshold=0.28030997514724737 0.16274726390838626 -0.25807014107704157 0.2363599240779877 0.22432254999876025 0.252648875117302 0.13140273839235309 -0.36158877611160273 0.037663040682673461 -0.19005213677883145 -0.30802302062511439 0.78553521633148204 0.062150495126843459 -0.49751673638820643 0.2363599240779877 1.1869261264801028 0.38507701456546789 -0.5000510811805724 -0.16340302675962445 0.92499998211860668 0.017258805222809318 0.098055537790060057 -0.22621556371450421 0.32200460135936743 -0.070879783481359468 0.72898924350738536 -0.032197818160057061 1.1006243228912356 0.90161287784576427 -0.034291226416826241
decision_type=2 2 2 2 2 2 2 2 2 2 2 2 2 2 2 2 2 2 2 2 2 2 2 2 2 2 2 2 2 2
left_child=1 6 16 7 18 12 27 -3 -9 29 -11 13 -5 22 15 26 25 -12 -4 -19 21 -14 -6 24 -16 -2 -8 -1 -20 -10
right_child=2 3 4 5 11 -7 14 8 9 10 17 -13 20 -15 23 -17 -18 19 28 -21 -22 -23 -24 -25 -26 -27 -28 -29 -30 -31
leaf_value=0.038102853662867947 -0.022071498034659007 -0.021640553359860218 -0.01918247637333791 -0.016494748731047556 -0.0048343455288382357 -0.012074957185098241 -0.0016740808314710577 -0.0079560446621969594 -0.020529193783411729 -0.017858956367299714 -0.0042736796534463091 0.022868972529797423 0.027222849268762853 -0.010543320878374354 -0.014310725737830564 -0.01910376260656307 -0.032586297950157737 0.022631424767656623 0.0053631822238928905 -0.0030039252821460181 -0.012567129684280427 0.0019796436638074327 0.032633609944480078 0.03304226587828258 0.021887651021809729 0.00751728385323229 0.027209172394846843 0.0094406907314923041 -0.022120253156301832 0.0037556393614539226
leaf_weight=1127.6640644222498 219.66757290065289 51.488763570785522 356.30654913187027 23.948502644896507 43.001704901456833 51.722229838371277 46.72090470790863 149.51664146780968 56.656150117516518 39.229214146733284 65.191031828522682 106.10666373372078 782.11183992028236 182.48592339456081 28.204490929841995 29.030175030231476 1040.5999400168657 553.25101366639137 133.93859311938286 56.993840873241425 20.704793050885201 63.584621697664261 45.784658119082451 499.25074531137943 97.323719963431358 33.313801050186157 101.2769238203764 41.202797621488571 39.680729538202286 133.41432899236679
leaf_count=3314 940 203 1464 92 162 196 159 548 221 148 235 351 2411 704 100 107 4860 1790 499 205 75 219 141 1492 302 130 310 134 164 475
internal_value=0.00777404 0.0229633 -0.0199394 0.0136525 -0.00566133 0.0211079 0.0325507 0.00719842 0.00875023 0.0115625 0.0156879 0.00535709 0.0231264 -0.00185783 0.0255495 0.0116661 -0.0298615 0.0178149 -0.013495 0.0202133 0.024357 0.0253691 0.0153501 0.0292939 0.0133489 -0.0180372 0.0183596 0.0371637 -0.00147387 -0.00390197
internal_weight=6219.37 4018.49 2200.89 2047.81 907.305 942.072 1970.67 1105.74 1054.25 904.736 714.665 377.379 890.35 271.272 801.807 177.028 1293.58 675.436 529.926 610.245 866.401 845.696 88.7864 624.779 125.528 252.981 147.998 1168.87 173.619 190.07
internal_count=22151 12736 9415 6818 3485 2993 5918 3825 3622 3074 2378 1358 2797 1007 2470 576 5930 2230 2127 1995 2705 2630 303 1894 402 1070 469 3448 663 696
is_linear=0
shrinkage=0.03


Tree=15
num_leaves=31
num_cat=0
split_feature=166 164 165 232 7 7 164 2 7 137 267 372 246 233 164 3 266 187 246 282 231 233 247 267 267 456 251 234 305 7
split_gain=2738.72 373.423 300.228 90.1713 90.1283 82.0514 65.4452 65.4038 63.3854 64.1717 57.9982 55.7641 49.6665 47.2734 42.5084 42.1112 40.0063 39.9698 39.8075 36.0157 41.1124 35.3595 34.8947 37.2774 33.5518 31.3919 31.3378 30.8836 30.6305 31.5454
threshold=0.28259676694870001 0.18331135064363482 0.19928193837404254 -0.20887932926416394 0.22385613620281222 0.2363599240779877 0.13140273839235309 -0.16555944085121152 0.2363599240779877 0.44640378654003149 0.011906528845429422 0.43685834109783178 0.17064678668975833 -0.025172427296638485 0.41182526946067816 0.20264933258295062 0.012632887810468675 -0.24177844822406766 0.13617371767759326 -0.12191296368837355 0.97513961791992199 0.18958250433206561 -0.06837125867605208 0.085258673876523985 0.077607393264770522 0.58198922872543346 0.240605503320694 0.76579296588897716 -0.37942351400852198 0.2363599240779877
decision_type=2 2 2 2 2 2 2 2 2 2 2 2 2 2 2 2 2 2 2 2 2 2 2 2 2 2 2 2 2 2
left_child=1 3 4 10 14 15 28 -6 27 -10 -1 22 -9 16 18 -3 24 -15 -2 -17 25 -20 23 -7 -14 -21 -19 -8 29 -5
right_child=2 5 -4 6 7 11 8 12 9 -11 -12 -13 13 17 -16 19 -18 26 21 20 -22 -23 -24 -25 -26 -27 -28 -29 -30 -31
leaf_value=0.030522644020812475 0.010422471222630687 0.012728056047898497 -0.031542094516906156 0.006967968391640351 -0.026725184392212994 0.015234742319445176 0.017496728427677924 -0.011743910891057254 -0.024691122025013435 0.030213592195692918 -0.02944850490058773 0.0045012476507059708 0.016388416071122427 -0.022281448486650611 -0.023455147391489052 0.0083726354723467431 0.036565784798737094 -0.024042963914560931 -0.019025132956787354 -0.023209890300233679 0.014149537948771248 0.0058462126552152925 0.028062341433485946 -0.028803058730166694 -0.024363997176139997 -0.0024206591812149553 0.016759248908959645 -0.0049952796040634972 0.038254582917424521 0.030653163853617136
leaf_weight=15.546292960643767 73.949819639325142 334.54549546539783 1002.733587294817 68.358983799815178 59.299680069088936 88.736731857061386 255.65594390034676 106.73193998634815 14.442338749766348 823.17247676849365 34.517183437943459 192.44519664347172 66.153805449604988 46.207573771476746 340.83288434147835 224.45874638855457 79.337876826524734 14.167451635003088 219.40133631229401 118.18057239055634 59.837993130087852 62.212362468242645 375.53347834944725 14.290638506412504 17.358274191617966 143.32888975739479 84.487201973795891 65.25616343319416 914.75235158205032 289.76081956923008
leaf_count=46 268 1117 4763 226 249 285 821 422 55 2489 132 659 225 188 1478 786 242 58 896 465 206 231 1160 56 70 521 291 228 2692 873
internal_value=0.00756898 0.0221862 -0.0195396 0.0293986 -0.00911895 0.0105626 0.0302214 0.000961385 0.0246903 0.0290577 -0.00918182 0.0184192 0.00532586 0.0114095 -0.0159326 0.00446445 0.0221514 -0.00106158 -0.00837919 -0.000678675 -0.00707664 -0.0134858 0.0238489 0.0075871 0.00657271 -0.0122149 0.00959568 0.012882 0.0350848 0.0263811
internal_weight=6205.69 4032.82 2172.87 2481.46 1170.14 1551.36 2431.4 473.744 1158.53 837.615 50.0635 671.006 414.444 307.712 696.396 880.352 162.85 144.862 355.564 545.806 321.347 281.614 478.561 103.027 83.5121 261.509 98.6547 320.912 1272.87 358.12
internal_count=22198 12817 9381 7562 4618 5255 7384 1745 3593 2544 178 2160 1496 1074 2873 3095 537 537 1395 1978 1192 1127 1501 341 295 986 349 1049 3791 1099
is_linear=0
shrinkage=0.03


Tree=16
num_leaves=31
num_cat=0
split_feature=166 164 177 373 7 7 365 348 251 356 236 166 294 247 267 263 162 232 280 251 76 282 177 408 342 248 232 287 155 304
split_gain=2584.66 378.757 328.499 85.027 76.4329 66.9952 66.8715 53.7096 46.6827 46.1546 47.9984 41.0067 40.8971 40.8019 55.8067 45.1781 40.4858 38.4133 37.7481 37.2952 37.1819 34.7944 34.3223 33.5715 32.3248 31.7994 30.6586 30.6535 30.5883 30.3303
threshold=0.28030997514724737 0.18331135064363482 -0.25807014107704157 0.62404382228851329 0.22432254999876025 0.2363599240779877 -1.5566641092300413 0.42587745189666754 0.6856580674648286 1.261047422885895 0.15771429985761645 0.38507701456546789 -1.0000000180025095e-35 -0.060721518471837037 0.085258673876523985 0.14675459265708926 0.023248823359608654 -0.20887932926416394 -0.44213201105594629 0.20707554370164874 0.1028706803917885 -0.25956933200359339 1.6491032838821413 0.88675212860107433 -0.79351568222045887 -0.037200080230832093 0.09181844070553781 -0.28811649978160853 0.72898924350738536 -0.48496901988983149
decision_type=2 2 2 2 2 2 2 2 2 2 2 2 2 2 2 2 2 2 2 2 2 2 2 2 2 2 2 2 2 2
left_child=1 3 11 9 12 20 -7 8 24 10 17 28 22 14 15 -8 -15 -1 -19 -9 25 -5 -4 26 -6 -3 -14 -18 -2 -22
right_child=2 5 4 21 7 6 13 19 -10 -11 -12 -13 23 16 -16 -17 27 18 -20 -21 29 -23 -24 -25 -26 -27 -28 -29 -30 -31
leaf_value=-0.0052504806954762626 -0.02141632207242904 -0.025679217414026543 -0.019566208138761747 -0.0004114498597665489 0.013205664667270384 -0.010008312544082798 -0.022130453794231963 -0.025348451473349933 0.017423174474360422 0.0066103759261896978 0.00016741655842276193 -0.031864666441536522 0.023719542734867854 0.028526247953661873 -0.033539764204372699 0.021633426910664392 0.023336490246534024 -0.0091250097039378714 0.033583494139097635 0.023345415404040008 -0.018257647254213302 0.020365179960293286 0.013240042823037181 -0.020907977002357789 -0.018344245616470266 0.0098171829658917128 -0.0083511370248820736 -0.011769495693380379 0.0076110835777269004 0.0020083863878832538
leaf_weight=21.395953476428986 217.8663365393877 16.950181782245636 376.29313749074936 91.684775143861771 30.930692911148071 70.329218357801437 20.037864610552788 9.7926258444786054 59.50466476380825 71.562105894088745 42.284597426652908 1005.7129790782928 57.927595242857933 369.85841406881809 20.294102400541306 103.81770999729633 33.35711370408535 15.725030541419981 1910.5897407531738 134.22542576491833 91.526153653860092 319.06707364320755 25.866957768797874 35.099295303225517 135.9439797103405 551.83897545933723 40.29196771979332 43.373807474970818 34.014137655496597 198.42051526904106
leaf_count=75 945 69 1572 312 106 262 75 41 205 236 144 4823 201 1136 81 325 102 55 5724 442 350 1009 90 147 541 1900 157 154 133 700
internal_value=0.00716889 0.0214682 -0.0191959 0.0287057 -0.00534608 0.00961015 0.0167467 0.00505759 -0.00403453 0.0312152 0.0320685 -0.0290792 -0.0125342 0.0200294 0.00570672 0.0136678 0.0244699 0.0327526 0.0331976 0.0189434 0.00401325 0.0157733 -0.01724 0.00173818 -0.0121398 0.00844181 0.0107833 0.00404175 -0.0173561 -0.00463313
internal_weight=6155.58 3992.11 2163.47 2472.31 905.876 1519.8 661.068 370.397 226.379 2061.56 1990 1257.59 535.479 590.739 144.15 123.856 446.589 1947.71 1926.31 144.018 858.736 410.752 402.16 133.319 166.875 568.789 98.2196 76.7309 251.88 289.947
internal_count=22112 12709 9403 7555 3502 5154 2135 1335 852 6234 5998 5901 2167 1873 481 400 1392 5854 5779 483 3019 1321 1662 505 647 1969 358 256 1078 1050
is_linear=0
shrinkage=0.03


Tree=17
num_leaves=31
num_cat=0
split_feature=166 164 177 373 7 2 166 282 166 366 5 247 418 163 317 36 140 280 75 7 218 107 277 280 345 340 262 161 248 232
split_gain=2396.51 357.43 307.661 87.7479 83.8778 65.2847 57.7305 61.3545 50.8089 49.3998 48.0448 44.7457 43.7649 43.3818 39.7734 36.5636 38.8192 33.4471 32.2421 30.6984 29.4115 28.1715 42.2364 36.0151 27.9129 30.8483 27.7217 28.8341 27.5124 31.4154
threshold=0.28539620339870458 0.18971347808837893 -0.37769213318824763 0.39398489892482763 0.22432254999876025 -0.16555944085121152 0.21806698292493823 0.49096243083477026 0.18009383231401446 -0.55544343590736378 1.100544333457947 -0.13694477081298825 0.80707195401191723 0.20271153748035434 -0.48867240548133845 0.42082132399082189 0.78724059462547313 -0.44213201105594629 0.6126103699207307 0.1919469088315964 0.78525918722152721 0.45392645895481115 -0.11553415283560751 -0.046199489384889596 0.32114756107330328 0.14161804318428042 0.50692948698997509 -0.0036528408527374263 0.0014230099914129826 -0.015286738518625496
decision_type=2 2 2 2 2 2 2 2 2 2 2 2 2 2 2 2 2 2 2 2 2 2 2 2 2 2 2 2 2 2
left_child=1 3 10 8 18 -6 7 9 17 -3 -2 -7 14 -8 -13 16 -5 -1 -4 -19 -10 22 -16 -23 25 -20 27 -18 29 -11
right_child=2 6 4 15 5 11 13 -9 20 28 -12 12 -14 -15 21 -17 26 19 24 -21 -22 23 -24 -25 -26 -27 -28 -29 -30 -31
leaf_value=-0.009219914117567193 -0.019527445933338949 0.0017995017597535179 -0.017744655096696843 -0.0073013887342225237 -0.026662484554239977 -0.030912409888961236 0.006385506091842727 -0.01125611434709483 0.019189558277657139 0.020069993356193996 -0.033114631822015655 0.021235458626086536 0.029922922070590805 -0.011316732516131838 0.018289029378999261 -0.004709756565789083 0.0061435943436803564 -0.012009307972740831 -0.0067747455080225619 0.032846666966468249 -0.018134381604101826 0.034571262118140149 -0.023305922265067051 -0.010437393950563105 -0.019557226858966929 0.024563157312157767 -0.0038503587126383809 0.026520665232381928 0.024689908940267912 -0.026669921322815586
leaf_weight=14.275579944252966 395.80758401751518 135.02061094343662 381.89923198521137 41.456299379467964 43.971547037363052 16.194038674235344 624.45545834302902 67.015587121248245 214.62594483792782 21.146589949727058 799.78528974950314 82.315834030508995 86.060319572687149 148.20945498347282 23.676559612154961 59.104690656065941 80.802756398916245 10.229583725333212 57.130509585142136 1724.649284645915 15.044166982173918 25.408295065164566 76.727353915572166 26.211358904838562 43.081165328621864 44.285884648561478 33.432568892836571 417.02802039682865 429.2300118803978 16.934333443641663
leaf_count=50 1778 461 1601 145 190 70 2162 239 681 66 3919 271 274 577 82 208 267 37 225 5187 56 78 310 101 180 151 115 1284 1355 67
internal_value=0.00713652 0.0206094 -0.0188097 0.0272235 -0.00555473 0.00510429 0.00855424 0.014962 0.0303692 0.017992 -0.0287651 0.0097434 0.0124473 0.00290535 0.00530423 0.0171301 0.0194317 0.0321468 -0.0132463 0.032529 0.0162363 -0.00381103 -0.0128468 0.0130205 -0.00101766 0.00751524 0.0216051 0.0233651 0.0225528 -0.00139582
internal_weight=6155.22 4052.66 2102.55 2610.65 906.962 380.565 1442.01 669.347 1978.82 602.332 1195.59 336.594 320.4 772.665 234.339 631.824 572.72 1749.15 526.397 1734.88 229.67 152.024 100.404 51.6197 144.498 101.416 531.263 497.831 467.311 38.0809
internal_count=22187 12957 9230 8030 3533 1376 4927 2188 6011 1949 5697 1186 1116 2739 842 2019 1811 5274 2157 5224 737 571 392 179 556 376 1666 1551 1488 133
is_linear=0
shrinkage=0.03


Tree=18
num_leaves=31
num_cat=0
split_feature=166 164 177 7 166 7 362 327 373 247 317 153 254 5 290 228 320 1 129 159 36 250 153 227 248 176 130 278 106 345
split_gain=2240.97 354.126 293.858 80.0915 74.4291 73.1547 66.5563 55.8065 46.7352 46.7325 44.3703 41.5526 42.8253 40.9897 39.482 38.684 45.2389 37.1198 36.6204 37.0652 34.9968 33.8139 36.0904 32.8208 32.8079 35.8142 44.0615 31.3378 35.672 31.1048
threshold=0.28539620339870458 0.18331135064363482 -0.25807014107704157 0.2363599240779877 0.17314992845058444 0.22432254999876025 -1.3483552932739256 0.78553521633148204 0.43428638577461248 -0.041508141905069344 -0.49751673638820643 -0.33126068115234369 0.72500002384185802 1.1599788069725039 -0.16340302675962445 0.2834331095218659 -0.92875182628631581 -0.19352876394987104 0.002465393161401153 0.059076871722936637 0.2834331095218659 0.10713219270110132 -0.32975593209266657 0.029128714464604858 0.0014230099914129826 -0.19228750467300412 1.2961551547050478 -0.042208606377243989 0.011645085643976929 0.30907911062240606
decision_type=2 2 2 2 2 2 2 2 2 2 2 2 2 2 2 2 2 2 2 2 2 2 2 2 2 2 2 2 2 2
left_child=1 4 13 11 8 14 -5 10 21 18 -7 -3 17 -2 -4 16 23 -13 -8 -20 -10 22 -1 -14 -17 -26 -27 28 -6 -16
right_child=2 3 5 6 27 7 9 -9 20 -11 -12 12 15 -15 29 24 -18 -19 19 -21 -22 -23 -24 -25 25 26 -28 -29 -30 -31
leaf_value=-0.014515981920923817 -0.020416947589763389 -0.019354956501675045 -0.017714071678789325 -0.0067908593681950012 -0.013562057796809772 0.014865353629653945 -0.023770601264203224 0.023234455701590263 0.021970291152780819 0.026398038875896059 -0.010849463946417998 -0.0063549747014145213 0.022971186310330394 -0.032339356338519309 0.0091605657827977527 -0.019990928535358918 -0.017963091617957127 0.018909628778141167 0.017042574562646916 -0.027464247075056104 -0.0079722980547119963 0.0090155287072691201 0.033077687729269223 -0.01592209355763307 -2.9287582404299056e-05 0.032742985266589121 -0.0042282641292975803 0.020531737964818005 0.017051190397355625 -0.017501479868101723
leaf_weight=10.517757326364515 504.78619794547558 62.646045371890068 341.96877200901508 89.994431495666504 57.562334403395653 84.508184909820557 22.001630932092667 104.7046704441309 291.06096205115318 383.00414407253265 170.41779661178589 61.972105041146278 48.152558848261833 722.98357598483562 109.9205895960331 30.221512764692307 161.87316828966141 239.63717536628246 155.99338282644749 12.308580562472342 35.69007471203804 64.082944676280022 1580.952255487442 23.891531154513359 147.18809106945992 85.733410403132439 39.406777054071426 352.90883709490299 65.954879075288773 52.371195197105408
leaf_count=38 2305 245 1438 329 207 287 83 341 905 1183 667 229 156 3601 405 118 615 788 498 49 125 208 4764 89 530 265 143 1115 210 219
internal_value=0.0069503 0.0200364 -0.0181953 0.00881109 0.0271274 -0.00471743 0.0166698 0.00553912 0.0297192 0.0204081 -0.00211543 0.00292834 0.00475297 -0.0275896 -0.0120285 -0.00034571 -0.00937427 0.0136581 0.00779076 0.012761 0.0185697 0.031826 0.0326944 0.0096726 0.00665496 0.0100764 0.021414 0.0160478 0.00274193 0.000126852
internal_weight=6114.42 4022.75 2091.66 1564.02 2458.73 863.891 663.302 359.631 1982.3 573.308 254.926 900.722 838.076 1227.77 504.261 536.467 233.917 301.609 190.304 168.302 326.751 1655.55 1591.47 72.0441 302.55 272.328 125.14 476.426 123.517 162.292
internal_count=22155 12892 9263 5320 7572 3357 2142 1295 6040 1813 954 3178 2933 5906 2062 1916 860 1017 630 547 1030 5010 4802 245 1056 938 408 1532 417 624
is_linear=0
shrinkage=0.03


Tree=19
num_leaves=31
num_cat=0
split_feature=166 166 177 7 7 235 166 304 373 232 153 248 1 182 6 236 247 6 243 267 164 246 149 118 254 265 231 267 68 233
split_gain=2205.87 328.201 281.866 94.5611 82.7011 63.1302 62.7556 54.4319 54.313 47.5441 43.9863 48.3706 50.9023 42.3434 39.4843 38.6455 34.649 33.9992 33.9015 44.7431 33.147 32.3077 32.3613 31.245 31.171 29.5385 41.0658 30.8527 29.3372 28.8492
threshold=0.28030997514724737 0.16274726390838626 0.14118966460227969 0.2363599240779877 0.252648875117302 0.030043338425457481 0.38507701456546789 -0.56333038210868824 0.43428638577461248 0.02975658513605595 -0.36158877611160273 0.04776264168322087 -0.19005213677883145 -0.44971235096454615 0.062908068299293532 0.17893258482217791 -0.084147848188877092 0.098055537790060057 -0.015982716344296929 0.050099726766347892 0.15514594316482547 0.27230393886566168 -1.561259329319 1.3060156106948855 0.72500002384185802 0.075879104435443892 0.31346909701824194 0.044262526556849487 0.0015424254233948889 -0.034291226416826241
decision_type=2 2 2 2 2 2 2 2 2 2 2 2 2 2 2 2 2 2 2 2 2 2 2 2 2 2 2 2 2 2
left_child=1 8 6 10 14 7 28 -4 15 21 -3 -12 29 24 -5 20 -11 18 19 -16 -1 -10 -23 -9 -14 -22 27 -27 -2 -13
right_child=2 3 5 4 -6 -7 -8 23 9 16 11 12 13 -15 17 -17 -18 -19 -20 -21 25 22 -24 -25 -26 26 -28 -29 -30 -31
leaf_value=0.03379142483852423 -0.021968463201800469 -0.019848722810688432 -0.015795129717197307 -0.010348522038352908 -0.016211785290737833 -0.0094814937067125241 -0.029168746780012661 -0.0083295542777343592 0.033001032365922056 -0.022045238015003688 -0.0077351706031728194 -0.020178313126440951 0.011758822679437774 0.01634045791363142 0.023207425298471144 -0.009277904774566699 0.011389316433690211 0.00089000470697029005 0.025191596939478044 -0.031839809168614099 0.03063597201064245 0.033762686876748702 -0.011004103095931682 0.02058096345576798 -0.020157199601079055 0.01105578949723361 0.021907413942858878 -0.030773281215596908 -0.0034574073527301168 0.0039470462368639348
leaf_weight=1297.9594717621803 161.9848220795393 51.659252032637596 57.98792339861393 31.006989687681198 52.660266205668449 449.56358233094215 1082.4184596538544 36.46957939863205 139.16161708533764 32.209986448287964 165.51023814082146 59.059056967496872 47.193108275532722 598.67239473760128 21.412887319922447 17.86509345471859 89.511908501386642 64.934218913316727 735.32916389405727 17.958032324910164 157.31768457591534 14.934750556945799 36.225758045911789 178.65006397664547 49.207097813487053 26.801470458507538 100.1752222776413 23.761952862143517 150.15449953079224 130.7949355840683
leaf_count=3918 726 204 233 114 203 1785 5330 143 415 118 605 231 159 1963 65 63 289 222 2270 72 475 42 127 596 187 86 312 90 619 463
internal_value=0.00680445 0.0200061 -0.0178753 0.0114944 0.0185512 -0.00261367 -0.025724 0.00860842 0.0288323 0.0166849 0.00549317 0.00687252 0.00965568 0.0133907 0.0207783 0.0310785 0.0017426 0.0220162 0.0237498 -0.00269067 0.0315722 0.0257873 0.00437437 0.0155244 -0.00469274 0.0216454 0.0112527 -0.00977086 -0.0133678 -0.0039551
internal_weight=6078.55 3961.32 2117.23 2025.4 923.302 722.671 1394.56 273.108 1935.92 312.044 1102.1 1050.44 884.927 695.073 870.641 1623.88 121.722 839.634 774.7 39.3709 1606.02 190.322 51.1605 215.12 96.4002 308.056 150.739 50.5634 312.139 189.854
internal_count=22125 12693 9432 6758 2946 2757 6675 972 5935 991 3812 3608 3003 2309 2743 4944 407 2629 2407 137 4881 584 169 739 346 963 488 176 1345 694
is_linear=0
shrinkage=0.03


Tree=20
num_leaves=31
num_cat=0
split_feature=166 164 177 7 343 7 2 365 5 7 6 327 290 345 247 162 280 299 248 251 250 279 177 162 220 248 153 269 250 1
split_gain=2082.42 304.356 259.204 76.1745 66.2684 57.0509 55.8745 50.4496 46.2402 46.085 45.9705 40.5893 39.1419 36.5859 36.288 40.2261 35.378 33.514 33.4468 32.4833 41.3804 42.2333 31.6395 31.0663 30.1348 33.1076 30.4585 31.3534 45.5157 31.2953
threshold=0.28259676694870001 0.18331135064363482 -0.25807014107704157 0.22385613620281222 -0.56921026110649098 0.2363599240779877 -0.16555944085121152 -1.5566641092300413 1.0749466419219973 0.21082794666290286 0.070730414241552367 0.78553521633148204 -0.16340302675962445 0.24990315735340121 -0.041508141905069344 -0.27011002600193018 -0.44213201105594629 0.09346367791295053 0.27249851822853094 0.6856580674648286 -0.031556004658341401 -0.033936031162738793 -1.0541790127754209 0.020961179398000244 0.70000001788139354 0.037663040682673461 -0.17481312900781629 0.041173070669174201 0.074968259781599059 -0.20227047055959699
decision_type=2 2 2 2 2 2 2 2 2 2 2 2 2 2 2 2 2 2 2 2 2 2 2 2 2 2 2 2 2 2
left_child=1 4 8 12 -1 17 -5 -7 -2 -6 -11 19 -4 -14 15 -9 -12 24 -17 20 21 -8 -18 -16 -3 -26 -27 29 -29 -28
right_child=2 5 3 6 9 7 11 14 -10 10 16 -13 13 -15 23 18 22 -19 -20 -21 -22 -23 -24 -25 25 26 27 28 -30 -31
leaf_value=0.01426196119002575 -0.017417209318519328 0.01377170479748599 -0.018423166269109292 -0.026546412973712706 -0.00069134863702383933 -0.0079703648934945411 -0.016919106672979883 -0.017827027073892523 -0.030840104986982992 0.0050609720071948059 -0.006149816909060561 0.024925371574901649 0.0088744911708213518 -0.019592481978769082 0.027034302741272987 0.019467040971477435 -0.0090814216839632603 -0.008775364093789784 -0.016243892246377668 0.019297758651575684 -0.016839774204065752 0.02750694136126336 0.030479230643285189 0.0043926530891910042 -0.014712105632066742 -0.016104349590379183 -0.0027974766057780303 -0.024285022586811669 0.019379932610139705 0.020999446710780186
leaf_weight=400.02001675963402 375.25645443797112 291.26931384205818 342.05589699745178 37.591065958142281 47.870999395847321 70.134098619222641 24.009137481451035 39.105324074625969 823.45178461074829 75.118500933051109 21.825651556253433 95.949369817972183 113.45869317650795 54.283063933253288 334.00649446249008 137.24199157953262 15.092334091663359 152.13934403657913 22.375823497772217 63.865937605500221 98.687701135873795 46.366646826267242 1877.2541194409132 69.908984482288361 84.904142379760742 44.252209186553955 66.675950348377228 47.012568011879921 28.966630771756172 165.90186792612076
leaf_count=1288 1717 986 1458 164 163 261 94 145 4184 248 76 307 419 230 1027 433 53 562 81 215 392 150 5740 232 322 167 243 185 93 538
internal_value=0.00659451 0.0192588 -0.0177423 -0.00526338 0.0258675 0.00881741 0.00509525 0.0153585 -0.0267723 0.0280846 0.0287823 0.00922105 -0.0126982 -0.000693467 0.018151 0.00723237 0.0296859 0.00372951 0.0139258 0.00216982 -0.00475085 0.0120555 0.0301259 0.0232827 0.00641219 0.00135162 0.00545758 0.00887184 -0.00728093 0.0142511
internal_weight=6066.05 3991.08 2074.98 876.268 2437.18 1553.89 366.47 672.773 1198.71 2037.16 1989.29 328.879 509.798 167.742 602.639 198.723 1914.17 881.122 159.618 232.929 169.063 70.3758 1892.35 403.915 728.983 437.713 352.809 308.557 75.9792 232.578
internal_count=22173 12843 9330 3429 7568 5275 1322 2179 5901 6280 6117 1158 2107 649 1918 659 5869 3096 514 851 636 244 5793 1259 2534 1548 1226 1059 278 781
is_linear=0
shrinkage=0.03


Tree=21
num_leaves=31
num_cat=0
split_feature=164 165 164 7 164 177 357 271 147 161 234 267 130 1 282 134 219 267 138 177 108 283 5 85 108 141 263 248 439 266
split_gain=1952.28 333.214 189.094 115.388 79.1797 50.767 49.9353 74.1173 50.0143 44.2985 42.7361 40.874 40.5614 37.0084 36.886 42.8119 35.3137 35.1997 51.2525 35.0008 39.5591 41.5291 34.4242 34.0219 33.9107 32.2526 31.8856 31.4455 30.8439 30.8231
threshold=0.24830114096403125 0.19928193837404254 0.14314472675323489 0.2363599240779877 0.44582338631153112 1.1006243228912356 -0.43807068467140192 -0.17499998211860654 -0.4234775304794311 -0.0034124776721000667 0.76579296588897716 -0.13556548953056333 0.77838101983070385 -0.23300153017044065 0.44181108474731451 1.2379493117332461 1.0000000180025095e-35 0.1018369384109974 1.8214917778968813 0.31479415297508245 0.21991345286369327 -0.46716777980327601 1.0933871865272524 1.8285909391124736e-05 0.0033362506655976181 2.8067588806152348 0.16591077297925952 -0.033313248306512826 0.70900535583496105 -0.11749501526355742
decision_type=2 2 2 2 2 2 2 2 2 2 2 2 2 2 2 2 2 2 2 2 2 2 2 2 2 2 2 2 2 2
left_child=2 4 5 10 16 9 7 -5 -9 -1 13 24 -12 -4 -8 -16 19 18 -6 -2 21 -21 -3 -23 -11 -17 28 -15 29 -14
right_child=1 22 3 6 17 -7 14 8 -10 11 12 -13 26 27 15 25 -18 -19 -20 20 -22 23 -24 -25 -26 -27 -28 -29 -30 -31
leaf_value=0.011963262421096755 -0.0028111669504875957 -0.017779615997843508 -0.011143202204643704 -0.03250064033317366 0.011707341804094844 0.0082302028733808701 0.027315892685780541 0.022102347052601678 -0.0033333663191238614 -0.025842453453704357 0.010868052809683393 0.032309228431101004 0.018927794960106676 -0.021677973624119776 0.024481684254975395 -0.030263015313885356 -0.0093669408195742355 -0.02769581417569188 -0.016445164626596238 -0.013538257711997034 -0.017160260420903545 0.0051572377925549083 -0.03189611952642156 0.02869962494010659 0.027637256694760116 0.014336745548861772 -0.027854277777703922 0.013795891346049608 0.018196998892987981 -0.026694089598608285
leaf_weight=127.74562676250935 428.36542783677578 247.55822238326073 60.034186869859695 25.736013144254684 71.346261858940125 113.27452912926674 691.86897327005863 238.81115867197514 93.780362263321877 17.351696491241459 94.310183048248291 1279.4215914309025 12.482819676399229 17.092260047793388 51.501066386699677 28.264279395341873 304.20635572075844 147.98110860586166 227.79088507592678 35.873713508248329 34.897692516446114 100.15823389589787 689.68188090622425 131.3024021089077 11.984430715441702 19.009574204683304 67.166836157441139 582.34039448201656 36.406463265419006 41.076592281460762
leaf_count=415 1630 1179 222 100 268 375 2124 747 323 66 313 3904 40 67 158 107 1218 689 987 140 135 358 3609 420 35 60 263 1917 119 160
internal_value=0.0064237 -0.0144022 0.0203848 0.014337 -0.00548971 0.0283159 0.0206417 0.0109823 0.0149785 0.0298449 0.00627642 0.0315093 -0.00413455 0.0102634 0.0248715 0.00697608 -0.000889783 -0.0159348 -0.00958214 0.0026811 0.0103869 0.0143673 -0.028338 0.0190068 -0.00259053 -0.0125993 -0.0132825 0.0125285 -0.00106972 -0.014929
internal_weight=6028.82 2419.16 3609.66 2059.88 1481.92 1549.78 1148.97 358.328 332.592 1436.5 910.91 1308.76 251.443 659.467 790.644 98.7749 1034.8 447.118 299.137 730.597 302.232 267.334 937.24 231.461 29.3361 47.2739 157.133 599.433 89.9659 53.5594
internal_count=22148 10633 11515 6720 5845 4795 3619 1170 1070 4420 3101 4005 895 2206 2449 325 3901 1944 1255 2683 1053 918 4788 778 101 167 582 1984 319 200
is_linear=0
shrinkage=0.03


Tree=22
num_leaves=31
num_cat=0
split_feature=164 163 164 7 17 252 357 271 340 116 117 247 325 250 10 267 168 7 289 234 262 1 268 164 159 149 183 139 162 277
split_gain=1841.32 291.152 197.076 85.2537 67.0469 58.658 54.1028 58.9783 53.8493 49.2001 41.4427 44.9671 40.9635 36.6001 46.4918 36.1491 36.0043 33.61 31.9268 31.3679 39.2519 32.4008 31.0745 30.5355 29.994 33.213 32.0611 30.7198 29.4483 29.3745
threshold=0.24830114096403125 0.20827306807041171 0.15514594316482547 0.2363599240779877 0.22396993637084964 0.083861492574214949 -0.42720749974250788 -0.17499998211860654 -0.33552886545658106 1.201269328594208 2.1499012708663945 0.017496236599981788 -0.68281209468841542 0.039309557527303703 0.44998097419738775 0.013596769422292711 0.48096820712089544 0.19459108263254168 -0.11276133358478545 0.76579296588897716 0.35241895914077764 -0.24013397842645642 -0.3422290682792663 0.47203670442104345 -0.027829998172819611 -2.250634908676147 -0.71133658289909352 2.0888757705688481 -0.31540732085704798 0.0054977480322122583
decision_type=2 2 2 2 2 2 2 2 2 2 2 2 2 2 2 2 2 2 2 2 2 2 2 2 2 2 2 2 2 2
left_child=2 5 8 19 16 9 7 -5 -1 12 15 -12 -2 18 -15 -11 -3 -10 -9 21 -21 -4 -8 -7 25 -19 -26 -27 -24 -23
right_child=1 4 3 6 -6 23 22 13 17 10 11 -13 -14 14 -16 -17 -18 24 -20 20 -22 29 28 -25 26 27 -28 -29 -30 -31
leaf_value=0.015245690864041856 -0.004546714096604303 -0.018944993433720494 -0.011857909403247564 -0.032899588816584897 0.0025182695260567629 -0.006277036730770502 0.0034377348033970308 0.022979744438170659 -0.012688566024911819 -0.02800546114013704 0.018126326393829405 -0.013923182345173852 0.019326225805122992 0.011177261847398579 -0.032522941270404108 0.0022659629042643577 -0.029767036967742015 -0.0086116306699231173 -0.0092228905336736999 -0.02698774483755649 0.002663572390902833 0.0052761127721744489 -0.01030342658148283 -0.026693313544723467 0.0001092251283005759 0 0.032625291121339627 0.028467866728675777 0.027415059690829576 0.01943508564482754
leaf_weight=321.08713196218014 86.898936703801155 594.56103800237179 53.139421597123146 21.553421705961227 84.285499468445778 383.33425809442997 62.977756679058075 189.02558335661888 12.969735637307165 82.069788753986359 96.200976356863976 57.044176980853081 216.45197433233261 55.561526998877525 26.765777468681335 56.401373073458672 666.15879213809967 29.648921310901642 27.88551364839077 43.913433954119682 183.99559056758881 315.24266730248928 15.465735793113707 75.470591112971306 28.632993787527084 42.421595066785812 1201.8670322299004 179.71234311163425 551.47456619143486 233.15988178551197
leaf_count=1031 326 2818 198 85 319 1515 209 591 47 356 324 225 727 180 102 208 3451 104 99 172 641 1070 56 337 97 144 3681 556 1691 752
internal_value=0.00646515 -0.013865 0.0200289 0.0128436 -0.0230803 -0.0020194 0.0189554 0.00861395 0.026989 0.00416769 -0.00455723 0.00604359 0.0125054 0.012322 -0.00434801 -0.0160876 -0.0248044 0.029421 0.0186341 0.00572572 -0.00363889 0.00929203 0.0240529 -0.0100086 0.0298544 0.01931 0.031882 0.0232318 0.0262547 0.011484
internal_weight=5995.38 2398.88 3596.5 1780.16 1345.01 1053.87 950.71 320.792 1816.34 595.067 291.716 153.245 303.351 299.238 82.3273 138.471 1260.72 1495.25 216.911 829.451 227.909 601.542 629.918 458.805 1482.28 251.783 1230.5 222.134 566.94 548.403
internal_count=22112 10606 11506 5846 6588 4018 3013 1057 5660 2166 1113 549 1053 972 282 564 6269 4629 690 2833 813 2020 1956 1852 4582 804 3778 700 1747 1822
is_linear=0
shrinkage=0.03


Tree=23
num_leaves=31
num_cat=0
split_feature=166 164 177 7 232 7 166 2 267 5 333 268 7 373 153 176 282 246 251 350 1 234 250 236 250 265 153 265 282 254
split_gain=1756.47 273.328 248.234 79.5865 66.523 53.8561 53.1293 46.8901 46.691 46.4066 42.8859 41.8781 39.7505 37.9742 36.5076 36.2298 35.9821 35.3599 35.5968 35.1884 34.0242 33.5567 33.0029 32.6562 32.735 35.869 35.8072 32.1326 31.9817 30.7098
threshold=0.28259676694870001 0.18331135064363482 -0.32364358007907862 0.22473920881748202 -0.20887932926416394 0.2363599240779877 0.17314992845058444 -0.16555944085121152 0.011906528845429422 1.1599788069725039 -1.2574546337127683 -0.36322446167469019 0.1977239400148392 0.43428638577461248 -0.33126068115234369 0.70334646105766307 0.49743874371051794 0.14064672589302066 0.240605503320694 -0.7464427351951598 0.078987419605255141 0.46224597096443182 -0.017399776726961132 0.17893258482217791 0.11059062927961351 0.080677814781665816 -0.32975593209266657 -0.24775727093219754 -0.1655086353421211 0.72500002384185802
decision_type=2 2 2 2 2 2 2 2 2 2 2 2 2 2 2 2 2 2 2 2 2 2 2 2 2 2 2 2 2 2
left_child=1 4 9 11 8 14 12 -5 -1 -2 -7 19 -6 23 -3 29 -12 -9 22 -4 -15 -8 -19 24 26 -26 -14 -20 -22 -16
right_child=2 5 3 7 6 10 21 17 -10 -11 16 -13 13 20 15 -17 -18 18 27 -21 28 -23 -24 -25 25 -27 -28 -29 -30 -31
leaf_value=0.0261465685754428 -0.018260975831507095 -0.018828360637741497 0.03658560893680253 -0.022808752191354441 -0.015852463674938248 -0.010871624351150791 -0.014427174829457745 -0.014396769012487289 -0.028136019295323708 -0.031178972647443331 0.018865024579109661 -0.015498091306995306 -0.015370404291317519 0.022754396342805711 0.0098621179815019753 0.014517756534982136 -0.0045456793395692585 0.022040956994823203 -0.012099274203324651 -0.0062137080139447855 -0.025880505709997739 0.017038885451173932 -0.027379337741859116 -0.011756425960949087 0.022576688578251472 -0.020912834770339884 0.030885004517819427 0.020965443226417153 0.011660504851038568 -0.0042185903537811358
leaf_weight=15.456512585282324 478.36961795389652 58.072487488389015 20.181599140167236 38.996995165944099 14.906714648008345 51.443365469574928 27.271387755870819 42.151087671518326 33.078380420804024 663.39964842796326 543.53441804647446 451.99530686438084 11.001259833574293 227.66215780377388 204.9089180380106 227.1625697016716 62.695654690265656 12.106815069913862 24.835513830184937 42.267976552248001 22.23324790596962 422.76894888281822 28.273178458213806 13.555250674486159 38.022391781210899 20.685800924897194 1495.5325092822313 226.62335757911205 60.728078976273537 399.98956561088562
leaf_count=46 2279 229 64 172 54 193 99 167 125 3556 1730 1919 40 707 696 756 218 39 95 174 83 1348 121 48 118 76 4632 756 195 1453
internal_value=0.0059389 0.0175828 -0.0167083 -0.0047346 0.0239085 0.00769222 0.0246288 0.00573692 -0.00954329 -0.0259201 0.0141613 -0.012322 0.0268553 0.0272551 0.00282762 0.00449605 0.0164025 0.00950054 0.0132436 0.00975987 0.0169155 0.0149174 -0.0112732 0.0291991 0.0296112 0.00649794 0.0304708 0.0174199 0.000252023 0.000592334
internal_weight=5979.91 3950.71 2029.2 887.432 2402.9 1547.81 2354.37 372.987 48.5349 1141.77 657.673 514.445 1904.33 1889.42 890.134 832.061 606.23 333.99 291.839 62.4496 310.623 450.04 40.38 1578.8 1565.24 58.7082 1506.53 251.459 82.9613 604.898
internal_count=22188 12846 9342 3507 7571 5275 7400 1350 171 5835 2141 2157 5953 5899 3134 2905 1948 1178 1011 238 985 1447 160 4914 4866 194 4672 851 278 2149
is_linear=0
shrinkage=0.03


Tree=24
num_leaves=31
num_cat=0
split_feature=166 164 177 232 7 373 327 267 7 372 5 317 243 7 6 293 271 247 137 280 293 228 68 364 236 267 144 287 247 308
split_gain=1668.95 254.197 231.884 64.8558 62.4916 54.6936 47.7873 47.5684 47.0502 55.4326 46.9158 43.3942 39.2743 39.1114 38.2465 34.6227 31.8621 32.4106 44.4845 39.056 33.4382 36.6124 30.1388 29.4569 28.5482 28.5203 28.9918 28.4107 28.3159 27.4081
threshold=0.28259676694870001 0.18331135064363482 -0.32364358007907862 -0.20887932926416394 0.22432254999876025 0.63317933678627025 0.78553521633148204 0.011906528845429422 0.24027962982654574 0.50111216306686412 1.1599788069725039 -0.48867240548133845 -0.015606746077537535 0.19459108263254168 0.072744261473417296 -0.21601324528455731 -0.17499998211860654 0.041834848001599319 1.8841941356658938 0.049721926450729377 -0.27859728038310999 0.51887804269790661 0.37089806795120245 1.4606142640113833 0.15383919328451159 -0.0018260945798829196 -0.88792985677719105 -0.22621556371450421 -0.077178876847028718 -0.58576047420501698
decision_type=2 2 2 2 2 2 2 2 2 2 2 2 2 2 2 2 2 2 2 2 2 2 2 2 2 2 2 2 2 2
left_child=1 3 10 7 22 13 11 -1 16 12 -2 27 28 -5 -15 -7 25 19 -19 20 29 -22 -4 24 -16 -3 -27 -6 -10 -18
right_child=2 8 4 5 6 15 -8 -9 9 -11 -12 -13 -14 14 23 -17 17 18 -20 -21 21 -23 -24 -25 -26 26 -28 -29 -30 -31
leaf_value=0.027591339712261062 -0.017465962699811481 0.026489729076818243 -0.014835799374916041 -0.017085214772734517 -0.0034144116759606633 0.017426074845153391 0.021016446147181542 -0.027994494073341303 -0.035281282603469757 -0.0013346985506265067 -0.030468164557748596 -0.010933777819061585 0.022773327536366416 0.010532258487911872 0.028758510989662978 -0.0057174392877756509 -0.0054287100926545999 0.020429054912435952 -0.002378452674674496 -0.013131830347783695 -0.012728344419427069 0.018543252733231833 0.0034576049851304273 -0.0054768603806939131 0.0028643748871046062 0.024710331271569831 -0.019916513849165762 0.028228313848519936 0.0159775777138586 0.018691792740906384
leaf_weight=14.351410850882528 473.93300788104534 87.254871428012848 415.11207108199596 13.909280866384504 44.226013362407684 313.94209860265255 106.0912964195013 33.558513209223747 13.674774751067163 140.82333689928055 657.15024454891682 173.49405461549759 380.66100615262985 138.30861523747444 1744.8368611633778 66.70273269712925 55.593074157834053 154.00694942474365 143.53010049462318 195.63431431353092 144.81496629118919 36.504041850566864 96.343146055936813 21.078057661652565 41.77310112118721 14.386599645018576 26.801342025399208 47.919170409440994 12.218435347080229 136.51036271452904
leaf_count=42 2274 277 1778 51 168 997 347 127 56 495 3579 689 1191 452 5451 230 202 502 514 721 540 122 372 73 140 44 103 149 38 450
internal_value=0.00595241 0.0173221 -0.0162137 0.0234462 -0.00462363 0.0241574 0.00466866 -0.00975782 0.00776904 0.014788 -0.0251703 -0.00219379 0.0203261 0.0262033 0.0265782 0.0133134 0.00382102 0.00167841 0.00959059 -0.00250659 0.00317153 -0.00592158 -0.0113694 0.0277547 0.0281725 0.0173656 -0.00278565 0.0137664 -0.0125214 0.0117133
internal_weight=5945.14 3930.87 2014.27 2388.46 883.186 2340.55 371.731 47.9099 1542.41 547.378 1131.08 265.639 406.554 1959.91 1946 380.645 995.037 866.594 297.537 569.057 373.422 181.319 511.455 1807.69 1786.61 128.443 41.1879 92.1452 25.8932 192.103
internal_count=22174 12818 9356 7563 3503 7394 1353 169 5255 1780 5853 1006 1285 6167 6116 1227 3475 3051 1016 2035 1314 662 2150 5664 5591 424 147 317 94 652
is_linear=0
shrinkage=0.03


Tree=25
num_leaves=31
num_cat=0
split_feature=164 165 164 7 7 357 246 177 227 247 280 232 267 10 227 159 232 3 286 278 308 133 360 153 170 277 278 150 246 130
split_gain=1566.42 274.504 176.034 130.151 78.8342 67.4541 57.5305 48.0407 47.3777 41.4079 39.6853 47.9817 49.8371 39.0291 40.7436 37.8205 39.6213 49.9517 40.0098 39.0662 37.229 36.9268 36.5517 36.3007 36.2179 34.8977 35.7296 35.7532 34.1054 59.0584
threshold=0.25665935873985296 0.19928193837404254 0.13140273839235309 0.2363599240779877 0.22432254999876025 -0.43807068467140192 0.18058996647596362 -0.78373727202415455 -0.070879783481359468 0.041834848001599319 -0.02081767842173576 -0.20887932926416394 -0.13556548953056333 0.44998097419738775 -0.15085262060165402 -2.0954757928848262e-09 -0.010050484444946049 0.24159795790910724 -0.1943457946181297 -0.041988568380475037 -0.55670267343521107 0.59950751066207897 0.69170945882797252 0.082998044788837447 -0.1841347590088844 -0.088396459817886339 0.076301313936710372 -0.05356482416391372 0.16312311589717868 1.4904012084007265
decision_type=2 2 2 2 2 2 2 2 2 2 2 2 2 2 2 2 2 2 2 2 2 2 2 2 2 2 2 2 2 2
left_child=2 4 10 15 7 8 9 -2 13 -6 11 -1 -13 14 -5 16 17 18 -4 -17 -14 -10 -18 24 -8 -21 -27 -28 29 -9
right_child=1 -3 3 5 6 -7 23 28 21 -11 -12 12 20 -15 -16 19 22 -19 -20 25 -22 -23 -24 -25 -26 26 27 -29 -30 -31
leaf_value=-0.024323498030042766 -0.027387286416949548 -0.026845419093609289 -0.00089726509234285337 0.026602471817785141 -0.00076969620846898887 0.023490809413477906 -0.0081581856333339982 0.023184630654646439 0.0009231568224682792 -0.03048603252383332 0.032178776107211003 -0.027563506727243916 -0.0013060181725207303 -0.032460968582438056 -0.013757774516346669 -0.025063798422032029 -0.01437782809962888 -0.010520690096747325 0.029047945035524481 -0.0078255643926433156 0.026014894454513618 0.022449006314816371 0.01265300854453435 0.018487873471859543 0.012519440592780064 0.019656486038662119 -0.017038017092920726 0.015951307946077055 -0.013063570331251178 -0.009867203880465969
leaf_weight=14.949293151497839 142.14388300478458 882.93144664168358 64.623606771230698 32.970533415675163 112.80034856498241 958.17591042816639 160.56213417649269 68.90837699174881 113.85311087965965 61.531074687838554 671.81427046656609 11.864289060235022 47.745787814259529 31.655428364872932 44.61958384513855 20.030864164233208 210.53159807622433 82.980018213391304 94.605763465166092 63.51627916097641 498.88785083591938 194.80478337407112 50.556242719292641 171.00543446838856 132.75734952092171 347.90575186908245 51.202810719609261 53.078391835093498 400.89827239513397 128.42409563064575
leaf_count=57 709 4757 225 100 438 3017 609 243 386 272 2087 46 165 121 159 78 776 304 291 228 1583 613 168 574 463 1123 193 173 1694 541
internal_value=0.00575028 -0.0138475 0.0178671 0.0130701 -0.00542443 0.0191048 0.00227857 -0.0120423 0.00880255 -0.0120881 0.0270372 0.0206802 0.0221896 -0.00775641 0.00405064 0.00499334 -0.000899184 0.00770244 0.0173054 0.0104886 0.0236232 0.0147387 -0.00891078 0.00779425 0.00123928 0.0122068 0.0151199 -0.00020517 -0.00810428 0.00202195
internal_weight=5922.33 2261.96 3660.37 2415.11 1379.03 1376.08 638.656 740.375 417.903 174.331 1245.26 573.447 558.498 109.246 77.5901 1039.03 503.297 242.209 159.229 535.734 546.634 308.658 261.088 464.325 293.319 515.703 452.187 104.281 598.231 197.332
internal_count=22193 10300 11893 7955 5543 4396 2356 3187 1379 710 3938 1851 1794 380 259 3559 1764 820 516 1795 1748 999 944 1646 1072 1717 1489 366 2478 784
is_linear=0
shrinkage=0.03


Tree=26
num_leaves=31
num_cat=0
split_feature=164 165 164 164 36 7 451 278 236 282 153 146 153 282 266 278 7 158 230 326 116 149 32 22 154 244 250 282 356 135
split_gain=1514.85 253.85 174.371 69.58 61.7848 61.4825 42.3589 40.8671 70.3975 41.5361 62.8446 51.3972 41.1166 40.5738 38.8893 42.0983 36.0643 43.6971 34.4328 33.895 30.9222 35.1631 30.5284 30.3291 30.3123 29.7331 29.5989 29.5119 29.4317 29.3137
threshold=0.25450415909290319 0.19928193837404254 0.16219014674425128 0.49704536795616155 0.54616111516952526 0.23450291156768802 0.12701612710952762 -0.017625617794692513 0.083339158445596709 -0.15343961864709851 -0.0084083399269729835 -1.7904428243637083 0.14267975836992267 0.4756296575069428 -0.071956872940063463 0.069344926625490202 0.22432254999876025 0.0008582882583141328 0.92207381129264843 -0.70984411239624012 1.1575223803520205 -0.39574986696243281 0.42082132399082189 0.48623421788215643 0.49038858711719518 0.00092766564921475958 -0.011858501471579073 -0.21760680526494977 -0.78111758828163136 1.2294654250144961
decision_type=2 2 2 2 2 2 2 2 2 2 2 2 2 2 2 2 2 2 2 2 2 2 2 2 2 2 2 2 2 2
left_child=2 3 4 16 7 28 -7 8 9 10 11 -1 14 -8 15 -9 17 27 19 -18 21 23 -20 -21 -19 -6 -15 -2 -4 -13
right_child=1 -3 5 -5 25 6 13 12 -10 -11 -12 29 -14 26 -16 -17 18 24 22 20 -22 -23 -24 -25 -26 -27 -28 -29 -30 -31
leaf_value=-0.03855816335013218 -0.012486195759273844 -0.026149189713863204 -0.01933377527589749 -0.017941255642589124 -0.025716141024350374 -0.0011771255597821714 0.018944146919258137 0.021121887787784722 -0.018648494782577092 0.033038920951849696 0.023798746295071754 -0.016982039887152703 0.0081955972876317802 0.0093714115738420499 0.031954798029524514 -0.019266164003111815 -0.013192063061643165 -0.019448879047428216 0.028578438319603824 0.023698254946816853 -0.004245153929746134 -0.017902260018853287 -0.010806528119725857 -0.018488981842259115 0.021468216322657899 0.014677999113132199 -0.023363465972339952 0.0064884348343664843 0.0045588059218823872 0.014406652260582313
leaf_weight=19.827616214752197 103.97334223985672 878.38074824213982 43.734011113643646 307.63198940455914 28.136442512273788 131.33438654243946 858.21559081971645 184.31344218552113 38.806679263710976 168.07982903718948 250.19807310402393 28.901738628745079 97.04289548099041 70.959317520260811 975.25945708155632 20.642586007714272 117.12519836425781 222.71224655210972 69.960798934102058 130.87180891633034 154.99046958982944 20.804032638669014 18.491203680634499 11.79132257401943 11.636364832520483 24.184126317501068 29.469576954841614 213.01055747270584 534.32534836232662 101.15512397885323
leaf_count=79 438 4794 171 1418 107 456 2737 592 142 519 799 105 324 233 3039 76 451 964 222 425 583 82 71 48 42 77 109 834 1844 331
internal_value=0.00562205 -0.0135972 0.0176854 -0.00552599 0.0238115 0.010497 0.014673 0.024706 0.0178425 0.0205498 0.0147993 -0.000547888 0.0278444 0.0168481 0.0293933 0.0165026 -0.00187157 -0.00719135 0.00372657 0.000124252 0.00523251 0.0140856 0.0200462 0.0194396 -0.0168099 -0.00733899 -0.00103293 9.68853e-05 0.00252353 0.00684364
internal_weight=5865.97 2261.38 3604.59 1383 1936.55 1668.04 1089.98 1884.23 606.969 568.162 400.083 149.884 1277.26 958.644 1180.22 204.956 1075.37 551.333 524.035 435.583 318.458 163.467 88.452 142.663 234.349 52.3206 100.429 316.984 578.059 130.057
internal_count=22112 10372 11740 5578 6190 5550 3535 6006 1975 1833 1314 515 4031 3079 3707 668 4160 2278 1882 1589 1138 555 293 473 1006 184 342 1272 2015 436
is_linear=0
shrinkage=0.03


Tree=27
num_leaves=31
num_cat=0
split_feature=164 165 7 7 164 289 185 286 6 5 158 149 236 6 271 354 244 220 280 369 247 126 280 159 247 120 159 282 129 333
split_gain=1406.9 328.92 105.714 79.8032 75.3771 74.4336 63.2761 56.9829 42.0084 40.6176 38.3592 43.6467 34.9239 34.6709 34.0996 44.5709 41.1009 39.6358 32.1211 30.9886 30.4696 41.944 34.3669 30.4186 29.6943 29.6739 29.8112 29.4107 29.4105 28.2767
threshold=0.22633570432662967 0.19928193837404254 0.2363599240779877 0.24859444797039035 0.44582338631153112 -0.18712561577558515 -1.0000000180025095e-35 -0.2562363594770431 0.070730414241552367 1.1621791124343874 -0.082961410284042345 -1.3520460724830625 0.18781147897243503 0.097140725702047362 -0.099999934434890733 0.88630396127700817 0.0025805372279137377 0.90000000596046459 -0.44213201105594629 0.72532960772514354 -0.061517238616943352 0.27887742221355444 0.17114730179309848 0.010850641410797836 -0.099702022969722734 0.43555250763893133 -0.036926696076989167 0.04787945747375489 0.00015723720571259039 0.41375598311424261
decision_type=2 2 2 2 2 2 2 2 2 2 2 2 2 2 2 2 2 2 2 2 2 2 2 2 2 2 2 2 2 2
left_child=2 4 5 8 20 14 25 -5 -4 -3 11 -6 -8 18 17 16 19 -1 -10 -16 21 29 -22 -13 -23 26 -7 -18 -20 -2
right_child=1 9 3 7 10 6 12 -9 13 -11 -12 23 -14 -15 15 -17 27 -19 28 -21 22 24 -24 -25 -26 -27 -28 -29 -30 -31
leaf_value=0.020765204121782822 -0.024688312489760261 -0.016428705487389849 0.0049109308152821786 0.015840057261275801 -0.018424450242318376 -0.012384723484327351 0.027822940437986957 -0.012894480476956294 -0.01538273952468803 -0.030716889317892675 -0.019189256073226194 0.029456438834528691 -0.012800456979620598 -0.0026340021374792735 -0.027540648567636387 0.013726948908004825 0.018178149247276929 -0.012608963229752608 -0.0095537895962488004 -3.7830346059867498e-05 0.0052685060921312281 0.020473096174454818 -0.0082213037404367719 -0.012504187205855199 -0.008739099871419435 -0.01810076372085621 0.016003111717981966 -0.013356528165894921 0.028182125759814432 0.0040985853260302784
leaf_weight=141.5532703101635 122.83245401084423 314.95055365562439 88.204014211893082 272.9240729957819 49.113621145486832 36.04965740442276 368.53783586621284 73.688930213451385 11.232112064957617 551.03012350201607 318.76701694726944 43.658545300364494 15.831188276410101 33.525360882282257 99.983808442950249 106.42609141767025 61.321985945105553 35.310282349586487 15.265697985887526 57.461049005389214 863.09092219173908 52.844808652997017 204.17694047093391 17.341383948922157 59.124278977513313 33.060335412621498 152.97348283231258 36.943670049309731 1564.4586560726166 37.090997308492661
leaf_count=450 505 1597 293 878 223 130 1160 262 41 3173 1474 158 57 114 380 347 196 126 54 200 3152 185 785 78 228 123 499 134 4949 134
internal_value=0.00559036 -0.0106354 0.0189239 0.0230011 -0.00317576 0.0114894 0.0186438 0.00956716 0.0256638 -0.0257058 -0.0140124 0.00113555 0.0259239 0.0267583 0.00328468 -0.00199605 -0.00877129 0.0138187 0.027393 -0.017996 0.000341815 -0.00848639 0.00264127 0.017314 0.005353 0.00559094 0.0102866 0.00612291 0.0277703 -0.018057
internal_weight=5838.77 2634.02 3204.75 2059.3 1768.04 1145.45 606.452 346.613 1712.69 865.981 428.881 110.114 384.369 1624.48 539 362.137 255.711 176.864 1590.96 157.445 1339.16 271.893 1067.27 60.9999 111.969 222.083 189.023 98.2657 1579.72 159.923
internal_count=22085 11692 10393 6591 6922 3802 1969 1140 5451 4770 1933 459 1217 5158 1833 1257 910 576 5044 580 4989 1052 3937 236 413 752 629 330 5003 639
is_linear=0
shrinkage=0.03


Tree=28
num_leaves=31
num_cat=0
split_feature=166 166 177 7 433 3 122 3 10 337 230 231 6 166 230 115 39 251 142 164 154 243 247 248 281 251 236 336 142 1
split_gain=1361.91 220.484 208.825 57.9064 59.2433 56.6693 50.2488 49.7817 55.7062 48.3664 41.1834 39.4089 39.3507 35.6645 32.8663 31.7673 30.0979 30.2567 33.6959 29.9524 29.4645 36.0149 42.7103 28.1221 43.3991 27.7354 27.5288 26.555 32.7166 35.1796
threshold=0.28539620339870458 0.16274726390838626 -0.32364358007907862 0.22432254999876025 0.063508063554763808 0.19598712772130969 0.12509436160326007 0.20264933258295062 0.37376695871353155 0.52094665169715892 0.95540961623191845 0.96164920926094066 0.062150495126843459 0.38507701456546789 0.60011482238769542 0.062720451503992095 0.50316895544528972 0.66940924525260936 3.7436395883560185 0.16465787589550021 -0.070879783481359468 -0.013692042324692009 0.020883467048406604 0.031310165300965316 -0.37915277481079096 0.28798912465572363 0.17893258482217791 -0.94016253948211659 3.869426012039185 0.24151813983917239
decision_type=2 2 2 2 2 2 2 2 2 2 2 2 2 2 2 2 2 2 2 2 2 2 2 2 2 2 2 2 2 2
left_child=1 5 13 11 -5 19 14 8 25 10 -10 20 -6 -2 -7 -9 17 -17 -19 26 -3 22 -22 24 -15 -4 -1 -14 29 -29
right_child=2 3 7 4 12 6 -8 15 9 -11 -12 -13 27 23 -16 16 -18 18 -20 -21 21 -23 -24 -25 -26 -27 -28 28 -30 -31
leaf_value=0.027560351715436963 -0.012342695201431695 0.0071608361651899263 -0.0024508737620201663 -0.011340021918225692 -0.019424029791618499 -0.017713657860237476 0.018507830496566156 -0.0014759823229221411 -0.023714922875615555 0.018345807026700019 0.021061019620462956 0.016942172407252078 0.0048292985550815225 0.035607965390789358 0.020373608927734401 -0.023497891945738238 0.023219894306830073 -0.016479399113392107 0.019416695758693404 0.011893648613032753 0.024457032065163004 -0.014238829025965094 -0.025374399093935834 -0.028723894513962574 -0.017683839096159119 0.029790964694626533 -0.0096441195807677373 0.021602856582194675 0.0076304539086754566 0.0038234413290830472
leaf_weight=1346.1255228966475 212.99616362154484 149.6238971054554 30.315266996622086 87.573265686631203 26.233616277575493 66.266878709197044 234.94797874987125 274.17959161102772 92.877676635980606 47.400683343410492 16.717727988958359 98.564711809158325 245.0153426527977 9.4682210236787778 21.539024174213409 209.74776117503643 11.108610093593596 50.916603624820709 32.61495740711689 147.28099262714386 46.115686997771263 232.25649750232697 15.257008627057074 758.44624605774879 82.664628550410271 85.252858445048332 14.524626284837721 716.63658452033997 329.03595311939716 121.90734079480171
leaf_count=4328 1002 520 117 328 102 239 759 1114 380 158 55 330 836 44 67 940 36 226 119 483 147 872 63 4290 441 278 51 2266 1097 419
internal_value=0.00548749 0.0156557 -0.0151942 0.00888931 0.0118685 0.0232314 0.0114071 -0.00405135 0.0063878 -0.00518334 -0.0159404 0.000432958 0.0133364 -0.0240167 -0.00744554 -0.00900475 -0.015567 -0.0175781 -0.00193015 0.0256909 -0.00342114 -0.00888948 0.010586 -0.0268031 -0.00997364 0.0215908 0.0271082 0.014045 0.0159296 0.0190836
internal_weight=5813.61 3898.9 1914.71 2068.22 1526.4 1830.69 322.754 851.132 272.564 156.996 109.595 541.818 1438.83 1063.58 87.8059 578.568 304.388 293.279 83.5316 1507.93 443.253 293.629 61.3727 850.579 92.1328 115.568 1360.65 1412.6 1167.58 838.544
internal_count=22107 12907 9200 6980 5048 5927 1065 3423 988 593 435 1932 4720 5777 306 2435 1321 1285 345 4862 1602 1082 210 4775 485 395 4379 4618 3782 2685
is_linear=0
shrinkage=0.03


Tree=29
num_leaves=31
num_cat=0
split_feature=166 166 165 7 7 18 7 343 246 143 327 6 317 327 299 248 5 62 164 364 265 154 267 145 264 183 247 307 369 159
split_gain=1297.38 217.819 180.007 63.5872 54.6238 60.132 46.8116 42.3953 40.3307 44.6999 39.7288 39.0253 36.9734 35.0111 32.842 32.887 32.5463 32.2669 31.7202 31.6763 31.4721 54.819 46.4079 33.4457 29.9293 28.2412 28.1124 26.3065 26.0348 25.9132
threshold=0.28259676694870001 0.15626182407140735 0.19729586690664294 0.2363599240779877 0.22385613620281222 1.0000000180025095e-35 0.252648875117302 -0.48503765463829035 0.16005571186542514 1.7497177720069887 0.78553521633148204 0.062908068299293532 -0.48451524972915644 0.068075757473707213 1.0000000180025095e-35 -0.037200080230832093 1.1621791124343874 0.00025566219119355088 0.13140273839235309 -0.35532078146934504 0.080677814781665816 -0.023465142585337159 0.033356284722685821 -0.9335535168647765 0.45342996716499334 -0.39087463915348047 -0.038940418511629098 -0.25495950877666468 -1.0794415473937986 2.8521753847599034e-09
decision_type=2 2 2 2 2 2 2 2 2 2 2 2 2 2 2 2 2 2 2 2 2 2 2 2 2 2 2 2 2 2
left_child=1 7 4 14 8 -6 11 -1 9 25 12 -5 -7 -13 15 -3 -4 -16 -9 -15 26 22 23 -22 -17 28 29 -19 -2 -20
right_child=2 3 16 6 5 10 -8 18 -10 -11 -12 13 -14 19 17 24 -18 27 20 -21 21 -23 -24 -25 -26 -27 -28 -29 -30 -31
leaf_value=0.010291573751528582 -0.016127821305962235 -0.021752725814248215 -0.016441210919689711 -0.013526189049861912 -0.024940164357329864 0.012924258230841446 -0.011893863680660827 0.028906015565190783 -0.017374354751249623 -0.017924592719986795 0.0197985455043071 0.022125146935922983 -0.0090233563594377866 -0.0058482776381407371 -0.030401280619327245 0.0086039900144396168 -0.02966081413930996 0.010356382948906114 -0.0045996193385629573 0.014364107721037783 0.027353971040204185 0.018618753473315961 -0.038433587099795496 -0.024280008786407851 -0.021321343800896387 -0.0079232786084076374 0.031328587511084957 -0.012212254093917354 0.026396344824370879 0.031512216058466769
leaf_weight=205.95843032002449 10.373669221997259 28.689738616347313 298.30030211806297 33.495693862438202 60.286970987915993 105.21761943399906 51.881132319569588 924.69857516884804 432.38187359273434 80.412199795246124 117.28033678233624 548.12662950158119 172.57205256819725 83.428433015942574 33.726923540234566 916.32397888600826 538.16732668876648 88.329782038927078 47.690131962299347 323.66233050823212 23.917601063847542 185.78328934311867 26.365740895271301 11.121589437127112 24.388181537389755 47.105799928307533 206.44419771432877 83.638986185193062 69.640719965100288 19.990217477083206
leaf_count=674 48 115 1561 124 296 365 199 2998 1977 370 385 1731 678 288 137 3113 3197 300 169 1052 74 609 104 43 95 202 648 310 255 61
internal_value=0.00533739 0.0153581 -0.0147033 0.00915732 -0.00661839 0.00130183 0.0145419 0.0235948 -0.0122237 -0.0012268 0.00569691 0.0160135 -0.000560109 0.0171511 0.00432231 0.00663424 -0.0251345 -0.0063837 0.0254236 0.0101676 0.0189256 0.0106309 -0.0128154 0.00940139 0.00766534 0.00964165 0.0259169 -0.000609797 0.0199086 0.00787982
internal_weight=5799.4 3867.66 1931.74 2215.69 1095.27 455.357 1040.59 1651.97 639.914 207.532 395.07 988.713 277.79 955.217 1175.1 969.402 836.468 205.696 1446.01 407.091 521.313 247.188 61.4049 35.0392 940.712 127.12 274.125 171.969 80.0144 67.6803
internal_count=22178 12844 9334 7464 4576 1724 3394 5380 2852 875 1428 3195 1043 3071 4070 3323 4758 747 4706 1340 1708 830 221 117 3208 505 878 610 303 230
is_linear=0
shrinkage=0.03


Tree=30
num_leaves=31
num_cat=0
split_feature=164 165 164 7 177 448 271 253 161 134 445 3 233 6 282 250 6 372 280 5 6 287 217 161 7 177 124 348 305 387
split_gain=1195.46 221.498 154.87 107.379 57.0411 56.778 52.1791 47.5569 41.7135 34.6858 40.7422 49.0741 39.7992 38.8808 33.6012 51.2409 35.4694 33.5626 33.3078 33.0743 32.7338 31.1102 29.5812 29.5805 29.1441 28.2634 28.282 27.2927 29.4278 34.3415
threshold=0.25901398062705999 0.19928193837404254 0.13140273839235309 0.2363599240779877 -0.72309178113937367 0.25403225421905523 -0.17499998211860654 0.091292221099138274 -0.0028198997024446722 0.64919865131378185 0.78759399056434642 0.24316004663705829 0.20693554729223254 0.14888888597488406 0.48541983962059027 -0.011858501471579073 0.070730414241552367 -0.42157068848609919 -0.02081767842173576 1.1599788069725039 0.10269322246313096 -0.12320095300674437 0.65692242980003368 -0.0019790009828284378 0.20970652252435687 -1.3942943811416624 0.017586906440556053 0.18484797328710559 -0.3461869210004806 0.85092595219612133
decision_type=2 2 2 2 2 2 2 2 2 2 2 2 2 2 2 2 2 2 2 2 2 2 2 2 2 2 2 2 2 2
left_child=2 4 8 9 25 6 -5 23 -1 12 11 17 13 24 16 -16 -7 -11 22 -3 -18 -8 -10 -6 -4 26 -2 -9 -29 -30
right_child=1 19 3 5 7 14 21 27 18 10 -12 -13 -14 -15 15 -17 20 -19 -20 -21 -22 -23 -24 -25 -26 -27 -28 28 29 -31
leaf_value=0.007222226867411365 -0.025234471370954518 -0.015785116322404695 -0.009452446275023018 -0.029480196988986424 -0.0051787730985854187 0.0020819982109435285 0.014053295015754943 -0.015735455866640061 0.021482861976088272 0.017432881538587436 0.0094407672504249526 -0.022548050084790435 -0.018502654752184992 -0.01717144686007863 0.016914785556689006 -0.025635800937242492 0.025109536668484249 -0.0065020519732346509 0.031460728235175907 -0.029098487342034584 -0.0038506501828154175 -0.010655742482790198 -0.014197752798504857 0.0083049546571522196 0.016870539719792813 -0.022833881835391569 0.010966690186899776 -0.015334414155137763 0.016921152840616568 -0.01656344324072628
leaf_weight=120.4832342416048 21.922118738293648 297.75011245906353 36.749382153153419 27.29071132838726 217.44392609596252 75.337369561195374 242.64056742191315 241.33234937489033 473.39997655153275 68.895010873675346 203.46596068143845 115.95368260145187 35.008978351950645 31.676785796880722 75.279543355107307 29.916423633694649 817.32296521961689 165.49608042836189 592.7250279635191 529.15920051932335 34.2300084233284 50.256719931960106 16.89762057363987 415.00692392885685 401.83369320631027 192.76480597257614 52.039944231510162 70.63828144967556 93.119916319847107 31.483370617032051
leaf_count=410 103 1570 134 105 856 254 789 1054 1565 225 680 454 134 118 245 112 2602 586 1903 3201 117 179 63 1522 1312 948 196 299 340 136
internal_value=0.00526472 -0.0123507 0.0158099 0.0113592 -0.00473937 0.0169452 0.00570395 -0.00158874 0.0246013 0.00415248 -0.00102248 -0.00719438 0.00978157 0.0121497 0.0203606 0.00387589 0.0221772 0.000791207 0.0264663 -0.02449 0.0239113 0.00962883 0.0200495 0.00364673 0.0145275 -0.016965 -0.000887596 -0.00913474 -0.000661636 0.00794986
internal_weight=5777.52 2162.66 3614.86 2411.35 1335.75 1352.27 320.188 1069.02 1203.51 1059.08 553.811 350.345 505.269 470.26 1032.09 105.196 926.89 234.391 1083.02 826.909 851.553 292.897 490.298 632.451 438.583 266.727 73.9621 436.574 195.242 124.603
internal_count=22212 10225 11987 8046 5454 4403 1073 4207 3941 3643 1945 1265 1698 1564 3330 357 2973 811 3531 4771 2719 968 1628 2378 1446 1247 299 1829 775 476
is_linear=0
shrinkage=0.03


Tree=31
num_leaves=31
num_cat=0
split_feature=166 166 165 342 372 201 5 112 237 326 236 2 6 236 336 76 304 254 232 355 140 247 116 117 247 243 190 246 174 85
split_gain=1132.06 195.583 187.521 51.6164 50.585 42.0907 41.2623 37.1367 34.8822 32.8981 32.0837 31.2775 30.0094 28.8439 29.0469 28.8084 27.9095 27.4795 26.8087 26.0988 24.816 24.4383 24.418 50.6071 63.8227 42.8017 23.947 23.3712 22.849 22.1991
threshold=0.28030997514724737 0.15626182407140735 0.19928193837404254 -0.4448950439691543 -0.094037611037492738 0.4629120826721192 1.0933871865272524 0.019406600855290893 0.67499998211860668 -0.99253740906715382 0.13649922609329226 0.1762572377920151 0.072475306689739241 0.18781147897243503 -0.79077941179275502 1.4118621945381167 -0.56608688831329335 0.82499998807907116 0.20349349081516269 1.1933817863464358 2.6438698768615727 -0.080638770014047609 1.1935116648674013 2.3157954216003422 0.033033862709999091 0.023469969630241398 -0.19611614197492597 0.30295287072658544 -0.3155484646558761 1.0748858130682494e-05
decision_type=2 2 2 2 2 2 2 2 2 2 2 2 2 2 2 2 2 2 2 2 2 2 2 2 2 2 2 2 2 2
left_child=1 3 5 7 8 26 -4 -1 -3 -6 16 12 -11 14 -5 -10 20 27 -16 -14 -7 -9 29 25 -25 -24 -2 -13 -19 -18
right_child=2 4 6 13 9 10 -8 21 15 11 -12 17 19 -15 18 -17 22 28 -20 -21 -22 -23 23 24 -26 -27 -28 -29 -30 -31
leaf_value=-0.021558957086169915 -0.019949496608095595 -0.0025180732933374203 -0.012860035106702923 0 -0.0090175650704553897 -0.020430619196486761 -0.028842444790262101 -0.0081758674474400536 0.018713079706326255 -0.0043224938386047605 -0.0080618301336880509 0.0099211170229670728 0.011693437957933706 -0.012998036231796992 0.026033315874142461 0.0018038181786841764 0.0045224958248076741 0.0050106552132556442 -0.010402223025367379 -0.0092904662230707258 0.021165222164410285 0.018293115904053359 -0.023936872223122262 0.035183820145487689 -0.01855592151220865 0.027276007834076743 -0.0053787719255249172 -0.025006938645488985 -0.03322056701822107 0.027365468205567085
leaf_weight=26.412060454487801 213.18102516233921 96.309072658419609 219.64024764299393 40.84107218682766 131.5949432849884 53.961129888892174 584.89190186560154 34.71958926320076 657.13888670504093 139.98946133255959 311.01238593459129 85.600034356117249 829.98494032025337 13.964705586433409 1361.8087409585714 108.47623601555824 78.235632047057152 17.556374624371529 14.541242823004721 51.360952138900757 10.059366673231123 142.81069642305374 72.852715387940407 50.281217470765114 24.775486305356026 11.691921740770338 206.05076323449612 14.200541466474531 37.339104786515236 77.768768787384033
leaf_count=98 1041 339 1151 139 479 231 3570 122 2131 492 1286 290 2764 50 4480 375 287 61 53 183 33 464 321 155 100 39 907 56 154 251
internal_value=0.00511201 0.0145728 -0.0136694 0.0223996 0.00861626 -0.00560248 -0.0246407 0.00786035 0.0142432 0.00484319 -0.00100022 0.00644723 0.00835201 0.0244158 0.0248539 0.0163689 0.00479914 -0.00588073 0.0255901 0.0103952 -0.012305 0.0129459 0.00849297 8.20244e-05 0.0172472 -0.0151957 -0.0130186 0.00353964 -0.0216401 0.0166604
internal_weight=5719.05 3804.65 1914.4 1635.1 2169.55 1109.87 804.532 203.942 861.924 1307.63 690.639 1176.03 1021.34 1431.16 1417.19 765.615 379.626 154.696 1376.35 881.346 64.0205 177.53 315.606 159.601 75.0567 84.5446 419.232 99.8006 54.8955 156.004
internal_count=22102 12730 9372 5406 7324 4651 4721 684 2845 4479 2703 4000 3439 4722 4672 2506 1417 561 4533 2947 264 586 1153 615 255 360 1948 346 215 538
is_linear=0
shrinkage=0.03


Tree=32
num_leaves=31
num_cat=0
split_feature=166 165 166 3 3 217 434 6 122 104 6 283 158 127 18 148 189 107 217 175 342 124 230 356 336 278 231 234 368 266
split_gain=1078.54 181.747 177.628 50.6965 50.4912 50.1992 49.3861 48.7956 44.6986 41.0509 40.7935 38.8112 37.9096 50.6429 33.4058 33.7316 33.3256 39.204 33.1508 32.5215 32.4551 31.2858 31.1151 30.106 29.3471 27.9311 29.901 27.9302 27.7717 27.1391
threshold=0.28030997514724737 0.19928193837404254 0.15626182407140735 0.19598712772130969 0.20264933258295062 0.3114724606275559 0.085144929587841048 0.099351868033409133 0.11295838654041292 0.026618342846632007 0.071922417730093016 -0.32790933549404139 -0.039788153022527688 0.18240390717983249 0.22396993637084964 -1.2074395418167112 -1.0000000180025095e-35 0.114143043756485 0.56959870457649242 1.0216847658157351 -0.5619225502014159 0.66096833348274242 0.60011482238769542 -0.4404128342866897 1.0754440426826479 0.022415187209844593 0.7820667326450349 0.83857685327529918 -0.70584639906883229 -0.13102977722883222
decision_type=2 2 2 2 2 2 2 2 2 2 2 2 2 2 2 2 2 2 2 2 2 2 2 2 2 2 2 2 2 2
left_child=2 4 3 20 5 9 -4 10 22 -2 28 -10 13 -6 21 -16 19 -18 -15 -9 -1 -14 -5 -23 -7 27 -27 -11 -8 -22
right_child=1 -3 6 8 12 24 7 16 11 25 -12 -13 14 18 15 -17 17 -19 -20 -21 29 23 -24 -25 -26 26 -28 -29 -30 -31
leaf_value=0.0076107622278845221 -0.016015664982524117 -0.024486445023792342 -0.0050566444278450223 -0.023245338836710087 0.016707673803466133 -0.01118214188897766 0.016430331078879288 -0.0096047773730383035 -0.0028463166781865427 -0.0040070627740203136 0.015413513924467362 0.025109936846096352 -0.029034478410452137 -0.01781698252301191 0.017225211039137392 -0.010428050944763458 0.017441631360764074 -0.0084593871600735348 0.016241682669324346 0.011064000543431412 -0.010774968149285516 0.01323045465059663 0.017844011111795014 -0.017385276144192153 0.020139310846095652 0.049877729489552533 0.00014548988296335743 0.038340542037032237 -0.0045377678362227012 0.025771594812658578
leaf_weight=111.08181658387184 21.738397270441055 793.50973397493362 216.68134294450283 48.02153405547142 95.189674496650696 151.26170881092548 75.207838162779808 235.7880013436079 63.332554966211319 44.88570162653923 1114.0291980057955 130.47402532398701 168.36724297702312 113.0140919983387 40.574148014187813 238.99178442358971 186.42728653550148 66.76236592233181 26.526195958256721 88.546404018998146 14.591777756810187 34.687031701207161 17.501581683754921 91.027033239603043 25.620365664362907 42.0972750633955 14.577010199427603 12.488131985068319 176.9548088312149 1231.7815472483635
leaf_count=371 90 4726 783 177 372 595 242 867 221 173 3649 420 864 500 146 988 607 237 101 294 54 154 55 435 86 122 52 36 622 4091
internal_value=0.00475198 -0.0135564 0.0140427 0.0215554 -0.00570658 0.00443665 0.00836408 0.00987835 0.00900946 0.0177258 0.0129588 0.0161413 -0.00964712 0.000469882 -0.0137607 -0.00605529 0.00250529 0.0105277 -0.0108043 -0.00381578 0.023886 -0.0207399 -0.0114624 -0.00860639 -0.00599435 0.0247982 0.0386734 0.00821415 0.00195035 0.0252776
internal_weight=5691.74 1914.56 3777.18 1616.78 1121.05 312.669 2160.4 1943.72 259.33 135.787 1366.19 193.807 808.377 234.73 573.647 279.566 577.524 253.19 139.54 324.334 1357.46 294.081 65.5231 125.714 176.882 114.048 56.6743 57.3738 252.163 1246.37
internal_count=22130 9440 12690 5389 4714 1154 7301 6518 873 473 4513 641 3560 973 2587 1134 2005 844 601 1161 4516 1453 232 589 681 383 174 209 864 4145
is_linear=0
shrinkage=0.03


Tree=33
num_leaves=31
num_cat=0
split_feature=166 165 164 164 7 243 271 230 290 154 244 278 18 249 5 364 182 136 125 177 177 280 267 281 263 267 290 158 280 287
split_gain=1027.31 276.983 80.2874 64.7231 62.0781 54.4456 46.1358 47.4537 47.4819 43.7647 85.5086 56.2413 54.934 40.3446 38.1476 37.7102 37.2827 37.2404 35.878 35.283 36.4314 34.839 44.9926 34.8107 36.9966 33.415 30.5777 29.3852 40.9469 28.9946
threshold=0.21806698292493823 0.19928193837404254 0.13140273839235309 0.49704536795616155 0.2363599240779877 -0.015606746077537535 -0.22499999403953549 -0.25804677605628962 -0.40221467614173884 -0.068721566349267946 -0.0057547334581613532 -0.069060876965522752 0.68507987260818493 -0.11872598901391028 1.0910112261772158 0.22395683079957965 -0.21164184063673017 0.019569901749491695 0.05967946536839009 0.66476380825042736 1.1422253251075747 -0.02081767842173576 -0.13556548953056333 0.3245645016431809 0.1522747948765755 0.015666674822568897 -0.45540198683738703 -0.093890458345413194 -0.060499049723148339 -0.29909588396549219
decision_type=2 2 2 2 2 2 2 2 2 2 2 2 2 2 2 2 2 2 2 2 2 2 2 2 2 2 2 2 2 2
left_child=2 3 13 16 6 25 -4 8 29 10 18 -12 15 -1 -3 -13 -2 -11 -7 -18 -21 22 -15 24 -22 -6 -9 28 -5 -8
right_child=1 14 4 27 5 9 7 26 -10 17 11 12 -14 21 -16 -17 19 -19 -20 20 23 -23 -24 -25 -26 -27 -28 -29 -30 -31
leaf_value=-0.0049286911494070751 -0.0078130126162158382 -0.011966476897175466 0.031576604346518704 -0.020679840074766181 0.011920362799361359 -0.01471396911935507 0.019917383821424488 -0.0058229494138301629 -0.020648646464613247 -0.0070649322273831994 0.028955669344630786 -0.034525450330449417 0.021386498734353224 -0.03053382149445303 -0.027177885228044148 -0.0018247083132201256 -0.0012299156783044274 0.023514158670330597 0.031392123977189858 0.017486309404817491 0.020000439047953202 0.029496784672302909 0.019508216220383869 -0.020217924179306037 -0.006160641246378361 -0.028540129960283257 0.014241107463286698 -0.019841022801921227 0.023513306009128859 -0.011058783296752491
leaf_weight=40.885240003466606 394.69512198865414 224.39020206034184 47.504537954926491 28.506314784288406 29.137873440980911 12.774605333805082 56.304743885993958 85.864586398005486 117.74154208600521 34.028960987925529 30.175282150506973 68.329168602824211 29.331004992127419 10.522357031702994 586.62869979441166 57.494229078292847 765.58764553070068 781.5624475479126 120.93737863004208 229.54919223487377 88.653920128941536 595.24643053114414 480.46902149915695 48.449824407696724 93.072518706321716 31.416935205459595 267.08562730252743 231.17429929971695 33.263889819383621 41.234644681215286
leaf_count=145 1595 1176 143 136 96 47 179 301 434 120 94 260 95 42 3664 201 2883 2516 375 772 293 1965 1628 187 350 121 878 1137 130 148
internal_value=0.00475037 -0.00850775 0.017037 -0.00224532 0.0130214 0.0169995 0.00517846 0.0025959 -0.00831513 0.0184843 0.0087404 -0.00444304 -0.0119729 0.0233594 -0.0231205 -0.0205458 0.000117845 0.0221763 0.0263998 0.00271091 0.00921613 0.0244585 0.0180006 0.000651537 0.00681468 -0.00969802 0.0093125 -0.0150466 0.00293692 0.00685817
internal_weight=5662.02 2723.97 2938.05 1912.95 1810.92 1195.19 615.736 568.231 215.281 1134.63 319.042 185.33 155.154 1127.12 811.019 125.823 1620.01 815.591 133.712 1225.31 459.725 1086.24 490.991 230.176 181.726 60.5548 352.95 292.945 61.7702 97.5394
internal_count=22111 12323 9788 7483 6008 3925 2083 1940 761 3708 1072 650 556 3780 4840 461 6080 2636 422 4485 1602 3635 1670 830 643 217 1179 1403 266 327
is_linear=0
shrinkage=0.03


Tree=34
num_leaves=31
num_cat=0
split_feature=164 165 166 7 433 164 342 112 5 230 7 248 232 248 368 229 229 278 147 251 230 264 251 268 350 229 262 329 238 219
split_gain=987.295 197.953 125.187 49.4976 50.0832 47.8907 45.1438 38.3926 38.1674 29.3941 36.7638 28.3469 31.2868 27.2559 29.5395 26.4437 44.0293 54.8109 57.7972 38.465 35.7906 34.0891 33.9397 33.8279 31.6135 28.0935 26.5877 26.3362 27.7151 26.2056
threshold=0.24830114096403125 0.19928193837404254 0.15626182407140735 0.21953703463077548 0.042572464793920524 0.48211182653903967 -0.48864039778709406 0.021532863378524784 1.1621791124343874 -0.99759784340858448 0.19459108263254168 0.070328969508409514 -0.12414068356156348 0.031310165300965316 -0.77900999784469593 0.034377340227365501 0.16329798847436908 -0.0076533053070306769 -1.0034352540969846 0.50978338718414318 -0.84028854966163624 0.11559027060866357 0.37984219193458563 -0.1953037232160568 -1.0000000180025095e-35 0.086893934756517424 0.37138576805591589 -0.89374244213104237 0.15563239902257922 1.0000000180025095e-35
decision_type=2 2 2 2 2 2 2 2 2 2 2 2 2 2 2 2 2 2 2 2 2 2 2 2 2 2 2 2 2 2
left_child=2 5 6 -4 -5 29 7 -1 -3 -8 -11 12 -12 14 -10 20 17 18 -17 -20 24 -18 -23 -24 -13 26 -19 -6 -29 -2
right_child=1 8 3 4 27 -7 9 -9 13 10 11 15 -14 -15 -16 16 21 25 19 -21 -22 22 23 -25 -26 -27 -28 28 -30 -31
leaf_value=-0.021996950509275338 0.0019465500389087504 -0.013636991536746905 -0.00076372929530492645 -0.012092273889737888 0.0016952689435810605 -0.014107550065459143 -0.0065489710867225994 0.012672013403567285 0.036059499616784736 -0.021455850655406648 -0.011143763909230678 -0.036641508305077605 0.034797220378567036 -0.029829698316781353 -0.016235522467989216 -0.040711744491312526 0.028444763245335399 0.032946221201404446 0.020113269220940078 -0.020716281926438165 0.030449895345403002 0.022819539226634093 -0.039105449814808256 0.011760945333654247 0.017694738496589767 0.0038814609522046699 -0.0023190874947003224 0.015192718532852771 -0.015189113643196618 -0.0079987901483532225
leaf_weight=28.192061424255371 777.28668655455112 293.72752696275711 341.58974190056324 69.134560242295265 165.74683298170567 322.96297831833363 26.584502205252647 154.12066504359245 6.6052254587411872 10.880489051342009 10.541845038533209 9.0027582794427889 275.39917202293873 458.71423196792603 26.984684377908707 27.778035327792168 316.05010198056698 97.204072490334511 50.001066863536835 25.798682525753975 358.17459753155708 37.818687155842781 16.627315476536751 18.102789431810379 17.294872581958771 86.32254122197628 21.848683014512062 1227.4642663002014 21.957503780722618 335.3150662779808
leaf_count=105 2917 1602 1204 254 567 1545 97 512 35 41 40 38 902 2975 171 114 1050 319 168 98 1183 125 67 62 58 306 78 4001 84 1397
internal_value=0.00479939 -0.010743 0.0149187 0.0094932 0.0118532 -0.00406666 0.0210824 0.00664036 -0.0227794 0.0229062 0.0235119 0.0239846 0.0328418 -0.0279454 -0.00124813 0.0214382 0.0175618 0.00876425 -0.00858096 0.00551344 0.0280047 0.0242508 0.00495316 -0.0148148 -0.00438391 0.017556 0.0266216 0.0130842 0.0145688 -0.00107266
internal_weight=5635.23 2221.6 3413.64 1825.89 1484.3 1435.56 1587.74 182.313 786.032 1405.43 1378.85 1367.97 285.941 492.304 33.5899 1082.02 697.552 308.953 103.578 75.7997 384.472 388.599 72.5488 34.7301 26.2976 205.375 119.053 1415.17 1249.42 1112.6
internal_count=22115 10642 11473 6110 4906 5859 5363 617 4783 4746 4649 4608 942 3181 206 3666 2387 1083 380 266 1279 1304 254 129 96 703 397 4652 4085 4314
is_linear=0
shrinkage=0.03


Tree=35
num_leaves=31
num_cat=0
split_feature=163 164 5 7 36 247 246 177 164 140 246 248 281 336 265 253 327 145 169 280 267 7 139 247 2 177 262 106 262 244
split_gain=931.222 238.713 82.2983 59.3955 59.2649 53.7396 48.7261 42.3249 38.5271 40.1976 36.7971 36.6313 38.403 32.5698 35.0204 37.7064 36.8347 43.5616 32.4526 32.0891 38.716 31.6915 31.6031 29.8127 32.0856 29.7478 35.3012 27.9778 27.0448 45.0419
threshold=0.1965659633278847 0.18331135064363482 1.1621791124343874 0.21800848841667178 0.35638883709907537 -0.15600447356700894 0.13617371767759326 0.55704396963119518 0.13140273839235309 0.82082611322402965 0.12041620165109636 0.031310165300965316 -0.37915277481079096 -1.0663503408432005 0.54304742813110363 0.062411088496446616 0.48062755167484289 -1.3576177358627317 -0.24333605915307996 -0.02081767842173576 -0.13556548953056333 0.24866002798080447 3.3934791088104252 0.064976926892995848 0.2088449448347092 0.29365436732769018 0.53404641151428234 0.00018759652448352429 0.15150829404592517 3.492459654808045e-10
decision_type=2 2 2 2 2 2 2 2 2 2 2 2 2 2 2 2 2 2 2 2 2 2 2 2 2 2 2 2 2 2
left_child=1 4 18 6 8 -5 -3 27 19 10 -10 12 -4 -7 15 23 -17 -18 -2 20 -1 -22 -6 25 -25 -15 -27 -8 29 -9
right_child=2 3 11 5 22 13 7 28 9 -11 -12 -13 -14 14 -16 16 17 -19 -20 -21 21 -23 -24 24 -26 26 -28 -29 -30 -31
leaf_value=-0.025487316537230378 -0.0016889623480021937 0.012136303825775682 0.041306293457734865 -0.026211897785470832 0.0095083728011792802 -0.0046978906889883912 -0.0054770060019551214 0.032484549550402753 -0.024007305920609383 0.017599275320227096 0.0084881130899182519 -0.027198367571493319 -0.013526077409963014 0.0041172163908633477 -0.017054869479090431 -0.01277182744889328 -0.021772024864319756 0.028009676586322533 -0.015168163233588914 0.028265576214748064 0.020697864681962136 -0.0089287539311187179 -0.017858160551573039 0.026871515870959692 -0.0026344814671700901 0.01893787146194818 -0.011462934590738775 -0.028832571336990805 -0.0058992355531104924 -0.01452698076933015
leaf_weight=12.485490992665289 265.18240442872047 126.71823301911354 8.3216035068035108 35.319702655076981 101.94906710088253 151.69999417662621 86.884849905967712 40.743427991867065 32.491851210594177 867.93422943353653 145.02023477852345 589.05322575569153 39.026798754930496 402.61306923627853 35.884490698575974 106.33429466187954 15.940454959869383 48.850615411996841 416.6958699375391 583.80881401896477 446.75505106151104 30.684930577874184 51.300322100520134 199.63514633476734 37.347863957285881 334.52038721740246 33.147057592868805 106.13769088685513 228.49280071258545 24.201705232262611
leaf_count=48 1215 465 39 140 342 543 341 132 121 2884 486 3665 229 1383 133 433 70 156 2051 1962 1529 111 189 628 136 1078 122 524 880 95
internal_value=0.00455039 0.0113316 -0.0174369 0.00378581 0.0179841 0.00718521 -0.00395932 -0.00828603 0.0192828 0.0149561 0.0017981 -0.0251808 0 0.00818564 0.00982149 0.0107447 -0.00214786 0.014687 -0.0100118 0.0233616 0.0171809 0.0186706 0 0.0129451 0.0222362 0.00989853 0.0160061 -0.0189317 -0.000970484 0.0151109
internal_weight=5605.18 4286.9 1318.28 2014.47 2272.43 1401.29 613.179 486.46 2119.18 1045.45 177.512 636.402 47.3484 1365.97 1214.27 1178.39 171.125 64.7911 681.878 1073.73 489.925 477.44 153.249 1007.26 236.983 770.281 367.667 193.023 293.438 64.9451
internal_count=22130 14931 7199 7259 7672 4822 2437 1972 7141 3491 607 3933 268 4682 4139 4006 659 226 3266 3650 1688 1640 531 3347 764 2583 1200 865 1107 227
is_linear=0
shrinkage=0.03


Tree=36
num_leaves=31
num_cat=0
split_feature=163 166 166 343 164 265 231 252 18 352 357 243 247 158 158 309 236 231 83 237 265 409 248 367 267 366 133 111 6 267
split_gain=883.124 234.556 74.2581 73.774 47.8119 53.2133 70.4483 44.0434 47.2223 47.1789 42.7978 40.8773 35.8279 36.393 41.4179 35.6315 34.9155 33.8938 43.3803 33.3179 33.0651 34.2498 32.2453 57.2946 29.1326 28.8164 28.7839 28.2475 28.2243 31.5494
threshold=0.19876509904861453 0.20333489030599597 0.38507701456546789 -0.86233228445053089 0.13496182858943942 0.080677814781665816 -0.22358427941799161 0.070858277380466475 1.0000000180025095e-35 -0.22697994858026502 0.13693223148584369 -0.015982716344296929 -0.038940418511629098 -0.0041605080477893344 -0.0080053359270095808 -0.33502605557441706 0.016634240746498111 0.99783113598823558 4.1512614188832238e-05 0.84807693958282482 0.54304742813110363 0.6885775923728944 0.031310165300965316 -0.91169995069503773 0.092508204281330123 0.96351963281631481 0.50288555026054393 0.50270870327949535 0.12851849943399432 0.011906528845429422
decision_type=2 2 2 2 2 2 2 2 2 2 2 2 2 2 2 2 2 2 2 2 2 2 2 2 2 2 2 2 2 2
left_child=1 3 17 -1 -5 12 10 8 -3 -9 24 27 -6 14 26 -11 -13 18 -2 -20 21 -10 23 -4 -7 28 -14 -8 -17 -30
right_child=2 7 22 4 5 6 11 9 20 15 -12 16 13 -15 -16 25 -18 -19 19 -21 -22 -23 -24 -25 -26 -27 -28 -29 29 -31
leaf_value=0.0015313395129809416 -0.026186617309766298 -0.023053057465985537 0.037336908645416188 0.022826939045204022 0.0071059362429351947 -0.031266583695733471 0.016076534114604635 -0.013787436318621437 0.011874062103359123 -0.014307426345126986 0.0086754862426496621 0.018679569979690815 -0.0054126371129354896 0.029731743556800489 -0.029710290747620785 0.01557344122193946 -0.0071833054557749057 0.010945666830646503 -0.0097400396457570093 0.015138577565815348 -0.018330617838829628 -0.0010711122139063839 -0.024478691202313125 -0.016937873324020004 0.011864051043938388 -0.016584072465216541 0.024659878648560906 -0.032328879859745772 -0.016634936532010872 0.01403562286366895
leaf_weight=269.94746536016464 107.4908145815134 40.98866493999958 15.996137663722036 1087.9663827121258 156.4184747338295 69.485433414578438 11.365832209587095 252.86045250296593 711.70898316800594 86.230355069041252 55.267465114593506 375.27604107558727 36.258436188101768 324.47655034065247 13.516526862978933 214.14806281030178 49.204284489154816 71.341855898499489 188.84223893284798 57.415146768093109 36.286220446228981 243.80906324088573 777.3162672072649 66.495101347565651 12.987748831510542 36.703347191214561 93.583089306950569 22.93685519695282 60.016941517591476 47.912702098488808
leaf_count=915 522 187 77 3745 536 264 36 1047 2423 360 187 1234 127 1032 53 746 175 290 834 241 139 885 4767 383 42 160 303 90 235 166
internal_value=0.00422536 0.010735 -0.0175387 0.0164575 0.0181883 0.0139391 0.00737395 0.00217048 0.0060917 -0.00362056 -0.0110066 0.0129974 0.0200447 0.0241801 0.0107455 0.0022572 0.0155894 -0.0070876 -0.0108954 -0.00364 0.00745981 0.00857631 -0.0225947 -0.00419869 -0.0239603 0.00646471 0.0163381 -0.0160296 0.00942011 -0.00290255
internal_weight=5594.25 4309.36 1284.9 2578.69 2308.74 1220.78 596.524 1730.66 1032.79 697.872 137.741 458.783 624.253 467.835 143.358 445.011 424.48 425.09 353.748 246.257 991.804 955.518 859.808 82.4912 82.4732 358.781 129.842 34.3027 322.078 107.93
internal_count=22201 15087 7114 8739 7824 4079 2028 6348 3634 2714 493 1535 2051 1515 483 1667 1409 1887 1597 1075 3447 3308 5227 460 306 1307 430 126 1147 401
is_linear=0
shrinkage=0.03


Tree=37
num_leaves=31
num_cat=0
split_feature=166 166 177 7 7 327 3 153 122 243 7 327 452 162 237 342 230 166 247 3 154 246 263 149 234 3 248 7 332 267
split_gain=841.88 172.667 151.372 53.0388 50.8223 47.652 46.2972 45.1662 39.2424 37.7967 36.7009 35.8644 44.458 37.1719 33.7286 32.3253 30.9736 30.6074 30.402 41.8942 29.2002 28.7235 28.6769 28.1882 27.6616 27.3551 26.59 37.9511 37.6379 36.0828
threshold=0.29278062283992773 0.15626182407140735 -0.43041984736919398 0.2363599240779877 0.252648875117302 0.66340705752372753 0.19598712772130969 -0.36158877611160273 0.11295838654041292 -0.01736109051853418 0.22385613620281222 0.068075757473707213 0.26794873178005224 0.078764900565147414 0.78750005364418041 -0.4448950439691543 0.60011482238769542 0.39387190341949468 -0.06837125867605208 0.2534326314926148 0.10146149992942811 0.27230393886566168 0.11278400197625162 -2.225966095924377 0.76060384511947643 0.2040793523192406 0.037663040682673461 0.2156363055109978 -0.16799637675285337 0.011906528845429422
decision_type=2 2 2 2 2 2 2 2 2 2 2 2 2 2 2 2 2 2 2 2 2 2 2 2 2 2 2 2 2 2
left_child=1 6 17 7 11 -4 15 -3 16 14 25 18 -13 -14 24 21 20 22 19 -5 -8 -1 -2 -17 -9 -7 -11 28 -28 -30
right_child=2 3 5 4 -6 10 8 9 -10 26 -12 12 13 -15 -16 23 -18 -19 -20 -21 -22 -23 -24 -25 -26 -27 27 -29 29 -31
leaf_value=0.015847304141790794 0.0081929075776974985 -0.021282693642103334 -0.0080319300207842975 0.016376599862164318 -0.014626737885178768 0.015806094947937003 -0.033183624898115077 0.016562162826187363 0.014789911376177254 -0.0092600391571672422 0.018794631015416625 -0.012057447226312946 0.015257993494394341 -0.014348317508077434 0.033639908564732666 0.0056920106904172849 0.018287027643850779 -0.024448158391842702 0.02171918491571179 -0.021341780773954492 0.01394181453490664 -0.012380180822322506 -0.017307627192920609 0.025032812470409348 -0.025182730758737566 -0.015915747798948516 -0.024227178428864571 0.0075961180749237909 -0.0097368184922810557 0.017492454772903208
leaf_weight=112.11730252206326 51.186073124408722 60.260055243968964 624.59879972040653 68.737395748496056 55.556565716862679 30.080849841237068 39.556235522031784 29.854835227131844 183.70652486383915 148.91928978264332 119.40241886675358 84.65340456366539 289.43721634149551 37.832824796438217 61.915603384375572 78.932330831885338 17.736009359359741 709.38800975680351 455.23777712881565 33.777592211961746 11.103539168834685 38.302518099546432 124.96692909300327 1083.9948255866766 16.320190101861954 65.664554238319397 65.870939433574677 699.27783912420273 98.943278700113297 67.608667328953743
leaf_count=374 246 243 2721 225 217 110 152 98 622 555 404 303 954 137 190 285 56 4515 1463 127 35 139 647 3746 65 316 266 2373 370 226
internal_value=0.00432991 0.0121471 -0.0130402 0.00682834 0.0118657 -0.0038467 0.0198025 0.00264194 0.00768373 0.00398104 0.00812648 0.0134882 0.00657317 0.0115753 0.0203444 0.0220678 -0.0108648 -0.021648 0.0184319 0.00328315 -0.022234 0.00836194 -0.00981049 0.023771 0.000237512 -0.00544946 0.00221422 0.00411478 -0.00623131 0.00151562
internal_weight=5564.94 3839.65 1725.29 2274.2 1025.23 839.747 1565.45 1248.97 252.102 1188.71 215.148 969.676 411.923 327.27 108.091 1313.35 68.3958 885.541 557.753 102.515 50.6598 150.42 176.153 1162.93 46.175 95.7454 1080.62 931.701 232.423 166.552
internal_count=22180 13221 8959 7812 3426 3551 5409 4386 865 4143 830 3209 1394 1091 353 4544 243 5408 1815 352 187 513 893 4031 163 426 3790 3235 862 596
is_linear=0
shrinkage=0.03


Tree=38
num_leaves=31
num_cat=0
split_feature=166 177 166 327 433 7 373 338 18 251 6 232 236 164 7 279 179 281 279 265 154 309 182 264 278 243 123 230 270 229
split_gain=795.859 151.911 141.65 43.1137 40.9101 41.6963 40.0788 37.4414 36.6442 37.224 35.7133 34.4391 33.8622 33.5431 33.4701 31.8808 30.996 30.4575 48.3082 28.6436 44.7863 28.5338 27.4431 26.009 26.144 25.3998 25.8014 24.0082 23.9571 23.5087
threshold=0.28259676694870001 -0.44870173931121821 0.16274726390838626 0.66340705752372753 0.054093567654490478 0.21953703463077548 0.43428638577461248 0.1207752786576748 0.22396993637084964 0.49682894349098211 0.058277221396565444 0.027322583831846717 0.18781147897243503 0.14314472675323489 0.1919469088315964 0.12176180630922319 -0.42694503068923945 -0.073396895080804811 -0.0081616714596748335 0.075879104435443892 -0.023465142585337159 0.42278410494327551 -0.12388581782579421 0.31204976141452795 0.044188752770423896 -0.038143325597047799 0.55898755788803112 -0.99740153551101673 0.038178779184818275 0.077432084828615202
decision_type=2 2 2 2 2 2 2 2 2 2 2 2 2 2 2 2 2 2 2 2 2 2 2 2 2 2 2 2 2 2
left_child=2 8 6 7 -4 17 12 21 9 -2 -7 16 13 14 -1 29 -8 -6 -19 -15 -21 -3 -23 24 -22 26 -11 -16 -27 -5
right_child=1 3 4 15 5 10 11 -9 -10 25 -12 -13 -14 19 27 -17 -18 18 -20 20 23 22 -24 -25 -26 28 -28 -29 -30 -31
leaf_value=-0.024309133107625162 -0.03058191498997483 -0.005954169408130163 -0.010228108805631585 -0.017659870854721905 0.0081483887145960554 -0.021337829255248342 -0.01213837572605575 -0.021718425188381799 -0.00084384492194825868 0.032669706340149068 0.010817677188783015 -0.0042170893440233344 -0.016861235177555035 0.021326031038317178 -0.0027441842517716753 0.023965385567040122 0.02118967067645236 0.0072298881918444746 -0.020048139189600574 -0.016807190178499454 0.026654867580092355 -0.01244833485695308 0.029157013031807552 -0.022062260482510122 0.00017915358271657989 -0.02131169302200565 -0.016504704818803121 0.025568868208608809 -0.0013045752244971783 0.0069498836312312561
leaf_weight=7.1773197948932639 331.96163180470467 522.57173155248165 113.1275101006031 41.171207576990128 187.71982370316982 25.264588162302971 24.594854980707169 123.00263926386833 76.903068378567696 12.913387402892115 1475.5884575992823 117.29323844611645 16.16025410592556 205.49269936978817 25.718759208917618 67.194319546222687 154.531833127141 99.893202126026154 123.64349254965782 53.558926269412041 87.97817550599575 16.182320937514305 35.710250422358513 10.674449592828749 53.305995687842369 381.79402302205563 12.185321971774099 955.07785823941231 64.94205105304718 120.06673565506935
leaf_count=28 2187 2254 423 176 646 99 89 584 352 59 4920 408 59 693 95 242 500 347 482 198 290 76 118 42 190 2362 76 3355 377 468
internal_value=0.0043314 -0.011984 0.0122297 -0.00344024 0.00681557 0.00786304 0.0185761 -0.0071407 -0.0208564 -0.0227343 0.0101729 0.00822009 0.0206868 0.0212098 0.0242658 0.0076901 0.0162728 -0.000570655 -0.0079633 0.0135554 0.00528978 -0.00377742 0.0160669 0.0135412 0.0172165 -0.0168248 0.0100757 0.0248016 -0.0184914 0.000130183
internal_weight=5543.4 1806.6 3736.8 925.899 2025.24 1912.11 1711.56 697.467 880.699 803.796 1500.85 296.42 1415.14 1398.98 987.974 228.432 179.127 411.257 223.537 411.01 205.518 574.464 51.8926 151.959 141.284 471.835 25.0987 980.797 446.736 161.238
internal_count=22195 9331 12864 3918 6917 6494 5947 3032 5413 5061 5019 997 4950 4891 3478 886 589 1475 829 1413 720 2448 194 522 480 2874 135 3450 2739 644
is_linear=0
shrinkage=0.03


Tree=39
num_leaves=31
num_cat=0
split_feature=163 166 5 7 3 433 265 253 232 366 312 263 243 278 143 266 252 231 271 248 342 160 237 150 283 231 169 229 57 249
split_gain=762.541 197.02 83.5557 72.1404 44.0178 42.4774 44.2944 47.5869 52.1007 36.662 34.6815 39.9735 33.1305 32.265 52.5862 35.6048 32.2565 37.4836 31.4709 30.9175 30.7601 29.1498 32.216 29.1406 34.0218 28.4923 27.4354 43.3725 27.0244 26.0495
threshold=0.1965659633278847 0.16149063408374789 1.0910112261772158 0.22432254999876025 0.21053479611873629 0.063508063554763808 0.54304742813110363 0.062411088496446616 -0.28690269589424128 0.84050744771957409 -0.15053083002567288 0.04178252816200257 -0.012694017495959995 -1.0000000180025095e-35 1.0983936786651614 0.039903026074171073 0.070858277380466475 -0.58349817991256703 -1.0000000180025095e-35 0.032989339902997024 -0.4448950439691543 -0.2129065319895744 0.846153885126114 -0.069443531334400163 -0.30261342227458948 -0.97246783971786488 -0.31893074512481684 0.014446109067648651 0.37446653842926031 -0.18532703071832654
decision_type=2 2 2 2 2 2 2 2 2 2 2 2 2 2 2 2 2 2 2 2 2 2 2 2 2 2 2 2 2 2
left_child=1 4 26 9 20 -5 7 13 -9 10 12 -12 -3 25 15 18 17 -14 -15 21 -1 -16 -23 24 -6 -7 -2 -28 -22 -27
right_child=2 3 -4 5 23 6 -8 8 -10 -11 11 -13 16 14 19 -17 -18 -19 -20 -21 28 22 -24 -25 -26 29 27 -29 -30 -31
leaf_value=0.0077195776683044171 0.0031811215455364431 0.0054602620161714882 -0.023042510382472941 -0.012311025247453134 -0.0057420383798106444 -0.014934118972369586 -0.016371442621809409 0.019951358025656039 -0.017038828243849957 -0.018441935738239108 0.031735564437761134 0.0023354002144312792 0.024308059705691453 0.03156817416222496 0.010252308296673021 0.040508998613609695 -0.026911927695704 -0.013476324440352723 0.0053985158071779204 0.013357580833413136 0.022267890650492082 -0.041296394290829895 0.011963595390841797 -0.01155692226603559 0.021623732681973967 -0.016761786463327263 0.0097272322630821834 -0.015926648234412276 -0.0093107233009686666 0.010268819545009619
leaf_weight=173.71837125718594 154.74002277851105 106.84321485459805 717.94120699167252 77.932552963495255 59.423999324440956 41.819109499454498 51.008140593767166 43.062521666288376 102.35028998553753 101.40920875966549 39.411328628659248 431.20289225876331 26.305827230215073 70.072486490011215 36.646224439144135 104.58778853714466 93.560715988278389 74.2659522742033 99.601342469453812 385.41237847507 1247.6640954911709 23.733196720480919 11.065229609608648 59.195610463619232 106.03012724220753 27.391019567847252 66.483077391982079 330.2469487041235 20.824592009186745 614.9727403819561
leaf_count=596 696 417 4554 291 211 154 188 145 420 449 123 1584 92 213 123 309 420 300 334 1272 4394 99 36 211 351 100 300 1636 79 2063
internal_value=0.00400668 0.0101279 -0.0163238 0.00487787 0.0181389 0.00848562 0.00954659 0.0104697 -0.00560245 -0.00210482 0.00017536 0.00524852 -0.00766208 0.0121478 0.0165379 0.0268428 -0.014875 -0.00255705 0.0170881 0.0100173 0.0200625 -0.00745201 -0.0249422 0.00551137 0.0119001 0.00732136 -0.00737893 -0.0115075 0.021693 0.00893177
internal_weight=5498.92 4229.51 1269.41 2562.65 1666.86 1689.66 1611.72 1560.71 145.413 872.999 771.59 470.614 300.976 1415.3 731.119 274.262 194.132 100.572 169.674 456.857 1442.21 71.4447 34.7984 224.65 165.454 684.183 551.47 396.73 1268.49 642.364
internal_count=22160 14974 7186 9132 5842 5747 5456 5268 565 3385 2936 1707 1229 4703 2386 856 812 392 547 1530 5069 258 135 773 562 2317 2632 1936 4473 2163
is_linear=0
shrinkage=0.03


Tree=40
num_leaves=31
num_cat=0
split_feature=164 163 164 7 176 448 271 161 219 137 234 282 250 287 261 2 367 250 175 137 278 329 261 282 263 130 1 71 248 367
split_gain=728.536 142.253 106.042 66.9808 48.8398 42.2711 48.2175 36.4683 36.085 35.819 34.6592 32.5667 56.8269 30.7757 30.6235 38.2569 44.8154 30.5714 30.7748 30.1004 29.6801 30.3635 35.643 30.8835 29.1891 38.273 36.4729 28.4387 28.4119 48.1549
threshold=0.25450415909290319 0.20271153748035434 0.13001942634582522 0.2363599240779877 0.49955466389656072 0.25403225421905523 -0.17499998211860654 -0.0019790009828284378 1.0000000180025095e-35 1.5473421812057497 0.76579296588897716 0.48541983962059027 -0.011858501471579073 -0.12320095300674437 -0.020084659568965432 0.061705065891146667 -0.29106748104095453 0.0062575896736234435 -0.36760343611240381 2.7069517374038701 -0.01042854133993387 -0.44270865619182581 0.0028551911236718301 -0.12305340915918349 0.16591077297925952 0.90789076685905468 0.094546165317296996 3.4358035918558023e-05 0.031310165300965316 -0.92476794123649586
decision_type=2 2 2 2 2 2 2 2 2 2 2 2 2 2 2 2 2 2 2 2 2 2 2 2 2 2 2 2 2 2
left_child=2 8 7 10 9 6 -5 -1 17 -3 14 -7 -13 -8 15 -4 -17 18 -2 -6 21 23 -23 -9 26 -26 -12 -16 29 -11
right_child=1 4 3 5 19 11 13 20 -10 28 24 12 -14 -15 27 16 -18 -19 -20 -21 -22 22 -24 -25 25 -27 -28 -29 -30 -31
leaf_value=0.0066643999815559421 -0.011751551129640068 -0.027862051462015203 0.013091183918644739 -0.029841479322948391 0.014503692340825748 0.018353607523367569 0.012103340962587783 -0.012307077451249789 -0.0094912535250478193 0.037583592886717081 0.0093339430325413714 0.01445193208936907 -0.030942063058444335 -0.012604596044396978 0.014849781218246714 0.021650848798680289 -0.021852923644716148 0.0106315594239075 0.005690567540255511 -0.023820964957937975 0.026531232537230543 0.02329016591848445 -0.017450629940783374 0.024597644329448384 0.0056650917214373844 -0.030548375470021559 -0.020916414206658678 0.0003360604893856274 -0.017021978174808043 -0.010871823509670728
leaf_weight=159.91285066306591 168.24973295629025 285.42253044247627 70.151419550180435 27.562769770622253 64.582216873764992 879.18494042754173 237.72525508701801 60.002791821956635 300.58566015958786 17.56255467236042 135.27744297683239 73.198997527360916 28.936728209257126 49.292251780629158 366.38515305519104 20.373364195227623 100.59965607523918 264.86287468671799 182.39100435376167 17.916682422161102 616.42621818184853 210.51652602851391 15.890203878283499 22.325107932090759 37.338728114962578 66.077756747603416 40.934609934687614 182.82963009178638 697.81820929050446 67.174878522753716
leaf_count=573 668 1823 232 107 246 2965 788 223 1290 84 455 248 112 177 1206 64 378 976 678 86 2166 743 61 73 127 266 157 633 4154 376
internal_value=0.00408793 -0.00993687 0.012616 0.00893626 -0.0169282 0.0134487 0.00373172 0.0203525 -0.0010836 -0.018641 0.00314025 0.0165045 0.000335124 0.00762523 0.00653087 -0.00367298 -0.0136608 0.00306603 -0.00271561 0.00485109 0.0226394 0.0144196 0.0199482 -0.00103864 -0.0057403 -0.0178481 0.00171872 0.0101022 -0.0150473 0.00115801
internal_weight=5467.51 2066.57 3400.94 2315.87 1150.48 1295.9 314.58 1085.07 916.089 1067.98 1019.97 981.321 102.136 287.018 740.339 191.124 120.973 615.504 350.641 82.4989 925.161 308.735 226.407 82.3279 279.629 103.416 176.212 549.215 782.556 84.7374
internal_count=22135 10381 11754 7915 6769 4397 1072 3839 3612 6437 3518 3325 360 965 2513 674 442 2322 1346 332 3266 1100 804 296 1005 393 612 1839 4614 460
is_linear=0
shrinkage=0.03


Tree=41
num_leaves=31
num_cat=0
split_feature=166 165 164 7 3 265 243 227 244 357 271 153 287 5 161 338 153 235 271 265 278 263 182 231 342 280 127 237 10 138
split_gain=660.601 204.218 75.4293 53.0019 48.0308 50.508 47.0205 44.8311 67.3466 45.4173 41.6566 39.8186 44.7307 39.1393 36.7237 36.5866 36.7804 36.5358 38.8792 35.4998 37.4702 48.6261 37.6078 34.9711 33.6578 32.2972 31.9501 31.9322 30.7968 38.4102
threshold=0.21806698292493823 0.20235884934663775 0.13140273839235309 0.2363599240779877 0.20264933258295062 -0.0072908326983451835 -0.015982716344296929 -0.047368329018354409 -0.0065008662641048423 0.13693223148584369 -0.22499999403953549 -0.01717803347855806 -0.32411797344684595 1.1621791124343874 -0.0034124776721000667 0.13698868453502658 -0.46361567080020899 0.015602772124111654 0.099999934434890761 0.54304742813110363 -0.073508076369762407 0.04178252816200257 -0.41722199320793146 0.99783113598823558 -0.4100047349929809 -0.33357411623001093 0.034604033455252654 0.72083333134651195 0.17917595058679583 3.4231445789337163
decision_type=2 2 2 2 2 2 2 2 2 2 2 2 2 2 2 2 2 2 2 2 2 2 2 2 2 2 2 2 2 2
left_child=2 4 14 10 5 -2 27 8 26 17 -4 12 -12 -3 -1 23 -17 18 -10 20 21 -7 -22 -6 -13 -24 -8 -5 29 -9
right_child=1 13 3 6 15 19 7 28 9 -11 11 24 -14 -15 -16 16 -18 -19 -20 -21 22 -23 25 -25 -26 -27 -28 -29 -30 -31
leaf_value=0.00095155996275134115 -0.0064314286902282013 -0.011275409705493681 0.027736598256023877 0.02142366652465269 -0.0042106711046467236 0.025971526099936908 -0.0083178900032372417 0.015732826066411333 0.010703194604852032 0.010985699124857196 0.011536650935607854 -0.0061630168767427829 -0.017426320374952117 -0.026124697115573428 0.021811027045703951 0.017950331359850361 -0.017028855156065795 -0.040296395094039407 -0.024186144564973863 -0.0229351016015968 -0.016246998604387271 -0.035370572401376428 -0.020002333770564311 0.01429131963037291 0.013465700573240029 0.020988658418333798 0.027346187566209657 -0.025045045022427243 0.022989005226637951 -0.016178498822443519
leaf_weight=84.188420996069908 223.79562251269817 279.28526437282562 47.504591956734657 12.275238543748854 858.74112050235271 12.167415112257002 23.214375257492065 122.6174768358469 58.019870832562447 105.05088870227337 60.866583362221718 114.18287254869938 162.66239945590496 443.08546072244644 974.23961815237999 23.815283387899399 289.86367331445217 30.072004362940788 44.691847369074821 19.588494762778282 24.124735474586487 24.139087066054344 12.673433095216749 95.823396980762482 220.54530584812164 313.82144044339657 130.09983813762665 39.960531428456306 543.0585749745369 39.409791216254234
leaf_count=304 854 1600 146 39 3557 36 84 415 196 365 201 400 595 3172 3482 95 1329 119 169 77 97 100 50 354 732 1030 422 153 1803 148
internal_value=0.00375814 -0.00706628 0.0138409 0.00994587 -0.00186944 0.00485581 0.0137183 0.0150597 0.00670634 -0.00329495 0.00270144 0.000235409 -0.00938337 -0.0205613 0.0201789 -0.00522839 -0.0140065 -0.0146525 -0.00495668 0.0110988 0.0132254 -0.0136954 0.0162559 -0.00225192 0.00675012 0.0189796 0.0217531 -0.0127066 0.0195675 0.00756037
internal_weight=5433.58 2620.92 2812.66 1754.23 1898.55 630.31 1148.47 1096.23 391.149 237.835 605.762 558.257 223.529 722.371 1058.43 1268.24 313.679 132.784 102.712 406.515 386.926 36.3065 350.62 954.565 334.728 326.495 153.314 52.2358 705.086 162.027
internal_count=22124 12351 9773 5987 7579 2244 3913 3721 1355 849 2074 1928 796 4772 3786 5335 1424 484 365 1390 1313 136 1177 3911 1132 1080 506 192 2366 563
is_linear=0
shrinkage=0.03


Tree=42
num_leaves=31
num_cat=0
split_feature=164 166 177 253 3 87 372 6 267 82 280 5 187 36 116 113 232 283 187 185 229 230 233 251 154 281 281 166 2 230
split_gain=647.214 138.808 123.817 50.9342 42.3814 39.192 38.2815 34.4516 30.946 39.0882 35.9185 30.1464 31.0366 29.9541 29.3287 46.1974 28.5596 25.9809 25.4408 44.7079 36.0746 24.6179 25.6878 31.106 24.3466 41.8488 35.1084 24.3064 24.2519 48.0803
threshold=0.3155409991741181 0.15626182407140735 -0.44870173931121821 0.051768887788057334 0.19598712772130969 8.3921534610453829e-07 -0.094037611037492738 0.072475306689739241 -0.082905028015375123 0.00017077644588425758 0.015181710943579676 1.1599788069725039 -0.36760343611240381 0.54616111516952526 1.1480540633201601 0.89844694733619701 -0.17905787378549573 -0.30261342227458948 -0.24419327080249784 -0.17960531264543531 0.23332214355468753 0.60011482238769542 -0.10946783423423766 0.43870116770267492 -0.073969133198261247 0.079790860414505019 0.33228196203708654 0.40937505662441259 0.15347037464380267 -0.48471112549304957
decision_type=2 2 2 2 2 2 2 2 2 2 2 2 2 2 2 2 2 2 2 2 2 2 2 2 2 2 2 2 2 2
left_child=1 4 11 8 16 21 13 -8 14 -10 -11 12 -2 -3 -4 -16 -1 -7 -18 20 -20 22 -6 -24 25 -21 -27 -17 -9 -30
right_child=2 6 3 -5 5 17 7 28 9 10 -12 -13 -14 -15 15 27 18 -19 19 24 -22 -23 23 -25 -26 26 -28 -29 29 -31
leaf_value=-0.01413780268532059 0.0029094700319788895 0.012217454510578164 0.024595624951429505 -0.011136265358431083 0.0090957607233299442 -0.00070464037232508491 -0.0086842723347331698 0.0065318321537770202 -0.020688244613646586 0.021836938768260185 -0.0090111229205755688 -0.025870960781003961 -0.018255641018070777 -0.005623098439936124 -0.022052969505130242 -0.0099134466598240888 0.026070126199837437 0.022493507326782479 -0.018571329395665758 0.021032506255469607 0.017418407064641102 0.01440253971224419 0.0027333061961772346 -0.04616780370205574 0.022185964386752285 -0.025803569143883862 0.014313857575331343 0.040242477776919784 -0.02590478203257959 0.0040240831218010835
leaf_weight=17.148465871810913 77.243401378393173 843.06336599588394 91.364837437868118 377.58000612258911 16.510020717978477 67.601814329624176 200.00006477534771 1010.957997828722 67.270693570375443 61.003227159380913 61.545800134539604 458.9253226518631 268.97456875443459 89.183791741728783 35.986594572663307 9.2795302867889422 456.89590126276016 108.53011201322079 51.20716156065464 87.855981469154358 37.031474962830544 20.35581611096859 15.812770307064055 28.322933211922646 535.72961428761482 39.081236198544502 27.894571602344513 18.354164183139801 59.136840507388115 172.68210302293301
leaf_count=63 425 2879 315 1772 54 241 737 3526 308 217 264 3276 1529 335 163 36 1619 371 201 315 132 66 54 115 1932 158 100 63 241 633
internal_value=0.0038025 0.0103052 -0.0127007 -0.00360882 0.0174043 0.00604246 0.00574954 0.00265612 0.00466187 -0.00340018 0.00661377 -0.0207438 -0.0135398 0.0104704 0.014321 -0.00126102 0.0196813 0.0138458 0.020236 0.0165983 -0.00318701 -0.0105577 -0.0197143 -0.0304665 0.0191481 0.00806686 -0.00917982 0.0244972 0.00452795 -0.00410229
internal_weight=5412.53 3885 1527.53 722.385 1509.98 257.133 2375.02 1442.78 344.805 189.82 122.549 805.143 346.218 932.247 154.985 63.6203 1252.84 176.132 1235.7 778.8 88.2386 81.0015 60.6457 44.1357 690.561 154.832 66.9758 27.6337 1242.78 231.819
internal_count=22140 13772 8368 3138 5421 901 8351 5137 1366 789 481 5230 1954 3214 577 262 4520 612 4457 2838 333 289 223 169 2505 573 258 99 4400 874
is_linear=0
shrinkage=0.03


Tree=43
num_leaves=31
num_cat=0
split_feature=164 3 177 166 233 250 281 244 147 281 228 235 267 6 263 153 251 159 116 113 220 5 337 244 235 248 160 232 234 243
split_gain=603.701 139.409 131.219 66.4551 42.9079 59.332 54.5245 42.0411 49.5601 43.5654 41.8827 41.1329 37.4219 40.1699 35.4771 51.4589 41.0123 36.5792 35.2931 40.6928 34.8098 34.1742 32.0106 31.2332 31.2142 44.9069 43.7966 34.5599 44.8743 39.0676
threshold=0.3155409991741181 0.19598712772130969 -0.44870173931121821 0.14878189563751223 -0.09314101934432982 -0.094042286276817308 0.17530208826065066 0.010806166566908361 -0.75389674305915821 -0.53363874554634083 0.77802231907844555 0.047812953591346748 -0.082905028015375123 0.062908068299293532 0.22799138724803927 -0.0072504347190260878 0.49344477057456976 0.0065765320323407659 1.1935116648674013 0.89844694733619701 0.90000000596046459 1.1599788069725039 0.80820101499557506 0.0066168359480798253 0.030043338425457481 0.061613019555807121 -0.10189135372638701 -0.037492318078875535 0.75015574693679821 -0.01736109051853418
decision_type=2 2 2 2 2 2 2 2 2 2 2 2 2 2 2 2 2 2 2 2 2 2 2 2 2 2 2 2 2 2
left_child=1 3 21 -1 6 -6 -3 8 9 -7 24 12 18 -14 15 -10 17 -17 -4 23 -8 -2 -15 -20 25 26 -5 28 -26 -29
right_child=2 4 11 10 5 7 20 -9 14 -11 -12 -13 13 22 -16 16 -18 -19 19 -21 -22 -23 -24 -25 27 -27 -28 29 -30 -31
leaf_value=0.019781056781301456 -0.013076329129071119 0.017248539913961042 0.027782462627765635 0.012691862544146401 -0.028770345062682886 -0.027646807340209766 -0.034763385729786475 -0.02129905802610171 -0.021014471450553924 0.015849918854200357 0.035947291929969254 -0.0092738020593239739 0.020744921416214361 -0.01905949039345009 0.0053134501122868247 -0.023463101155493413 0.013244664229683482 0.011269878402745664 -0.034349239075587519 0.025361474852673191 0.013766768020683218 -0.026245605058550784 0.013303458325583386 0.020003528378579678 0.021217241049315782 0.015624602851920352 -0.01895382716632335 0.020560508921434448 -0.008927638526742691 -0.0093436850377028972
leaf_weight=1113.2071146667004 339.65437905490398 276.2479727268219 83.537064671516418 73.714703753590584 54.11536006629467 15.810393214225767 27.100915968418121 60.90231591463089 146.97987824678421 292.49200665950775 46.136670708656311 415.16692307591438 37.965519025921822 109.26553049683571 374.45579299330711 70.712282299995422 118.41635105013847 36.36810314655304 27.264282405376434 22.052409067749977 16.490616127848625 449.71782843768597 30.149571314454079 7.6620815843343726 132.4659548997879 620.22751054167747 69.803892806172371 40.056776374578476 59.906378105282784 234.05270434916019
leaf_count=4061 1922 948 276 251 225 64 112 237 576 1005 142 1934 138 493 1353 280 412 125 134 75 62 3275 107 26 433 2062 258 133 219 847
internal_value=0.00364816 0.00992847 -0.0123214 0.0144105 0.00270009 7.00294e-06 0.0123104 0.00158222 0.00304435 0.0130218 0.00963596 -0.00311329 0.00492636 -0.00416496 -0.00114265 -0.00763901 0.00140423 -0.0116069 0.0161271 -0.00196701 -0.0168323 -0.020757 -0.0116876 -0.020826 0.00844293 0.0121556 -0.00279572 0.00225237 0.0117933 -0.00453314
internal_weight=5402.1 3879.66 1522.44 2389.57 1490.09 1170.25 319.84 1116.14 1055.23 308.302 1276.36 733.063 317.896 177.381 746.932 372.477 225.497 107.08 140.516 56.9788 43.5915 789.372 139.415 34.9264 1230.23 763.746 143.519 466.482 192.372 274.109
internal_count=22185 13805 8380 8406 5399 4277 1122 4052 3815 1069 4345 3183 1249 738 2746 1393 817 405 511 235 174 5197 600 160 4203 2571 509 1632 652 980
is_linear=0
shrinkage=0.03


Tree=44
num_leaves=31
num_cat=0
split_feature=163 164 5 36 7 246 251 248 367 232 280 6 280 7 366 169 286 6 249 265 427 142 152 229 263 327 265 7 338 230
split_gain=600.672 158.217 77.033 48.9691 42.9744 41.8017 46.8582 37.4431 43.1554 37.1143 36.4683 34.6166 32.9844 30.6887 28.319 27.3394 27.1528 25.8488 26.8674 32.5693 36.1829 25.8959 28.8461 31.8558 34.77 25.1838 31.1288 24.9952 40.1613 24.9449
threshold=0.1965659633278847 0.18331135064363482 1.1621791124343874 0.35638883709907537 0.21800848841667178 0.13617371767759326 0.20707554370164874 0.031310165300965316 -0.89598035812377919 -0.20887932926416394 -0.44213201105594629 0.071922417730093016 -0.049819305539131158 0.21029333025217059 -1.0507317185401914 -0.18108974397182462 -0.17955297231674192 0.058277221396565444 0.026503029279410843 0.50908678770065319 0.098387096077203764 4.0555949211120614 -0.10184238478541373 0.54596135020256054 0.11278400197625162 0.38688723742961889 0.0030848085880279545 0.20824074000120166 0.15605962276458743 -0.063056968152523027
decision_type=2 2 2 2 2 2 2 2 2 2 2 2 2 2 2 2 2 2 2 2 2 2 2 2 2 2 2 2 2 2
left_child=1 3 15 9 5 27 -7 8 -4 -1 -11 12 -12 -13 -15 25 -5 -6 19 20 -19 -22 -23 24 -24 29 -27 -3 -29 -2
right_child=2 4 7 16 17 6 -8 -9 -10 10 11 13 -14 14 -16 -17 -18 18 -20 -21 21 22 23 -25 -26 26 -28 28 -30 -31
leaf_value=-0.011393233099481842 -0.017930131066605903 -0.0091857830576343794 0.045144479303789668 -0.01194015115241428 -0.020113925626952599 0.014883589492947494 -0.011591215148154197 -0.025317073380133826 -0.012983942947391353 -0.019867117825517186 -0.016799521672308481 -0.0067615894570982526 0.012526073600532692 -0.0060581083848744921 0.019040940733699583 -0.012996748872577638 0.013228294136519861 -0.0067708865701957537 0.0016415731997364068 -0.022192232495189135 0.017064069935341788 0.026611428009978066 0.013061818910100375 0.022043245781676591 -0.021451692488241424 0.033989502399531697 -0.0047529497914461181 0.027173923606488157 -0.019050071812799559 0.0025423705595318128
leaf_weight=39.244600415229797 81.534488752484322 35.155566602945328 8.6775423735380155 90.392721801996231 27.237576007843018 63.687684759497643 415.01856744289398 519.62247353792191 36.053762540221214 18.899805217981339 46.958233311772346 40.509334862232208 88.687912151217461 37.746601313352585 1730.9891931116581 377.41268445551395 56.822249174118042 83.989426121115685 617.43122610449791 20.687573879957199 486.2514715641737 30.093266487121582 32.733929261565208 27.959664449095726 74.618956536054611 30.178582891821861 33.672171369194984 78.567039147019386 15.494418978691099 130.1430993527174
leaf_count=139 410 144 41 327 111 229 1747 3665 234 72 172 142 299 133 6188 1965 194 302 2197 80 1611 95 108 88 286 126 165 262 71 613
internal_value=0.00348099 0.00890724 -0.0149954 0.0145513 0.00283142 -0.00378939 -0.00788362 -0.0230747 0.0026724 0.0157755 0.0163623 0.0167897 0.00197427 0.0178828 0.0184776 -0.00782572 -0.00199802 0.00571633 0.00633544 0.0101033 0.0112263 0.0136091 0.00311104 -0.00309349 -0.0106807 -0.000558874 0.0149592 0.010927 0.0186636 -0.00561679
internal_weight=5376.47 4159.18 1217.29 2150.25 2008.93 607.923 478.706 564.354 44.7313 2003.04 1963.79 1944.89 135.646 1809.25 1768.74 652.941 147.215 1401 1373.77 756.334 735.647 651.657 165.406 135.313 107.353 275.528 63.8508 129.217 94.0615 211.678
internal_count=22216 14997 7219 7666 7331 2453 1976 3940 275 7145 7006 6934 471 6463 6321 3279 521 4878 4767 2570 2490 2188 577 482 394 1314 291 477 333 1023
is_linear=0
shrinkage=0.03


Tree=45
num_leaves=31
num_cat=0
split_feature=164 3 165 373 7 233 250 281 158 3 372 304 147 282 283 278 250 229 247 155 254 279 229 351 220 139 248 229 271 185
split_gain=552.834 117.114 111.852 57.8451 48.2491 46.1034 53.1245 47.9638 45.1172 50.6979 44.7096 40.1835 41.8533 33.3069 37.9619 32.8685 75.3584 32.1122 84.169 43.0776 41.6701 32.9041 31.7414 35.6027 31.6346 31.041 30.7837 29.3923 31.578 43.621
threshold=0.31170147657394415 0.20149951428174975 0.19928193837404254 0.43428638577461248 0.21082794666290286 -0.093817885965108858 -0.094042286276817308 0.17530208826065066 -0.018388275988399979 0.2040793523192406 -0.45227243006229395 -0.5605143904685973 -1.0839446783065794 -0.12305340915918349 -0.28914211690425867 0.08949011936783792 -0.073866106569766984 0.1327919736504555 0.048390297219157226 -0.55285215377807606 0.70000001788139354 0.016894377768039707 0.76495662331581127 1.0492876768112185 0.90000000596046459 2.5445761680603032 0.22346820682287219 0.79721909761428844 0.049999982118606574 -0.17960531264543531
decision_type=2 2 2 2 2 2 2 2 2 2 2 2 2 2 2 2 2 2 2 2 2 2 2 2 2 2 2 2 2 2
left_child=1 3 8 4 -1 7 -7 -3 11 -10 -8 -2 -13 14 -5 27 -17 18 -12 20 -19 -21 23 -14 -9 -4 -16 28 -6 -30
right_child=2 5 25 13 15 6 10 24 9 -11 17 12 22 -15 26 16 -18 19 -20 21 -22 -23 -24 -25 -26 -27 -28 -29 29 -31
leaf_value=-0.0078728541156880463 -0.015795667613766849 0.017703429557661032 -0.030436860267673935 0.0098933714669597588 0.023202108666327059 -0.029109135438417932 0.010962089186715953 -0.034093223059013411 0.0058627533836324896 -0.015789307532428559 -0.018397799422499434 -0.012898320811742839 0.022014372275070623 0.010802022433271226 -0.022661560374483462 0.026096285257934608 -0.027606884353016507 -0.0093583505506361821 0.010391731377329731 -0.025268711046834771 0.016937831345038581 0.0068348385253740708 -0.011895755385613412 -0.015577249641021034 0.013653053348958893 -0.015853296373243845 0.008552879741551514 0.0027047621045796851 -0.0019830171415061472 0.017946329489522149
leaf_weight=65.625422060489655 73.644918963313103 260.86450143158436 222.49106153845787 104.48844322562218 893.92793318629265 47.054763182997704 304.30893261730671 23.692771658301353 124.31911624968052 386.90026926994324 255.84088258445263 61.980752855539322 187.59954325854778 455.12480033934116 90.534213617444038 39.535871639847755 40.52118968963623 67.976511567831039 134.02147157490253 60.631756946444511 198.68849378824234 45.045793160796165 32.374280139803886 20.317296743392944 15.612790554761885 411.05549191683531 35.209177866578102 103.39187739789486 121.94912698864937 468.88669380545616
leaf_count=241 347 893 1671 353 3192 199 1068 99 452 1917 990 289 722 1530 338 133 160 259 470 250 680 163 143 98 58 2845 118 374 450 1700
internal_value=0.00356467 0.00963478 -0.0117024 0.0136362 0.0165538 0.00274669 -8.17531e-05 0.0130366 -0.00474651 -0.0104956 0.00137062 0.00309335 0.00798274 0.00614728 -0.00305722 0.0175498 -0.000999329 -0.00251002 -0.00846575 0.00373941 0.0101283 -0.0119167 0.0136239 0.0179044 -0.015704 -0.0212678 -0.013852 0.0184918 0.0195662 0.0138403
internal_weight=5353.62 3832.93 1520.68 2419.19 1733.84 1413.74 1113.57 300.17 887.136 511.219 1066.51 375.917 302.272 685.357 230.232 1668.21 80.0571 762.205 389.862 372.343 266.665 105.678 240.291 207.917 39.3056 633.547 125.743 1588.16 1484.76 590.836
internal_count=22202 13718 8484 8589 6250 5129 4079 1050 3968 2369 3880 1599 1252 2339 809 6009 293 2812 1460 1352 939 413 963 820 157 4516 456 5716 5342 2150
is_linear=0
shrinkage=0.03


Tree=46
num_leaves=31
num_cat=0
split_feature=163 164 5 232 243 263 243 265 170 161 238 249 248 360 281 10 398 219 282 236 332 327 164 243 169 158 365 184 254 154
split_gain=530.726 146.834 74.2748 45.195 39.0358 77.9502 83.733 45.9133 40.3202 37.4084 39.3816 57.672 36.4753 34.8075 34.5774 36.7728 34.4036 31.4103 31.7086 31.2687 30.6082 40.0717 37.4641 30.1709 29.2872 28.4175 27.8571 27.7236 27.0848 26.7556
threshold=0.1965659633278847 0.18331135064363482 1.1621791124343874 -0.20887932926416394 -0.00010614975326461716 0.19148580729961398 -0.00050711887888610352 0.55096182227134716 -0.27475781738758082 -2.3836701984691896e-05 1.0000000180025095e-35 0.026503029279410843 0.031310165300965316 0.52050834894180309 0.079790860414505019 0.17917595058679583 0.61200717091560375 1.0000000180025095e-35 0.7187747359275819 0.20281872898340228 -0.25901386141777033 0.48062755167484289 0.35091355443000799 -0.0090852659195661527 -0.20631927996873853 0.020780355669558052 1.0482939481735232 -0.65456426143646229 0.84999999403953563 0.10146149992942811
decision_type=2 2 2 2 2 2 2 2 2 2 2 2 2 2 2 2 2 2 2 2 2 2 2 2 2 2 2 2 2 2
left_child=1 3 24 25 5 6 7 8 -5 10 11 -10 16 -13 27 -16 -4 18 -3 26 21 -19 -22 28 -2 -1 -6 -7 -17 -11
right_child=2 17 12 4 19 14 -8 -9 9 29 -12 13 -14 -15 15 23 -18 20 -20 -21 22 -23 -24 -25 -26 -27 -28 -29 -30 -31
leaf_value=0.017171159272043494 0.0005309995269331038 0.005384199255522696 -0.016895757617359484 0.019546948393369627 0.02045983985988057 -0.0085861494200302948 -0.046272145008562388 0.028617966004778818 -0.062827305181417367 -0.0012543989770498682 0.0028219987581533396 -0.025076443388277355 -0.024453891254419328 0.021214433448173742 -0.022905881087170038 0.007351272305847892 0.030418729998598217 -0.022506029429519927 -0.017083065101165477 -0.020022845934256898 0.0093890359188336103 0.014637877355111885 -0.013761659589988786 0.020609732195650217 -0.012355281276422426 -0.023529585312321712 -0.0037956956183423586 0.025500077937561115 -0.035574189886747883 0.024448800626187654
leaf_weight=16.493054747581482 264.87582741677761 1539.102962076664 25.197967186570168 77.704975038766861 991.05823557078838 19.160195648670197 23.816596582531929 55.967256441712379 22.754008546471596 164.16547593474388 55.484204068779945 31.262335360050201 504.53022088110447 16.959811523556709 24.391583204269409 35.83638833463192 17.266251161694527 120.77365094423294 51.788012146949768 12.758091285824774 176.93112508952618 27.305886149406433 88.547901555895805 114.18716242909431 381.52799311280251 41.079922392964363 41.658618494868279 340.7886710613966 12.303291037678717 39.403387531638145
leaf_count=52 1262 5452 167 283 3540 70 101 196 102 607 198 123 3652 57 94 128 97 544 202 48 637 95 407 404 2014 152 155 1203 51 137
internal_value=0.00343257 0.00851314 -0.0141376 0.0139722 0.0147065 0.0104286 0.00163258 0.00476691 0.00103994 -0.00360184 -0.0159877 -0.0297598 -0.022229 -0.0079803 0.0181342 0.00720781 0.00371257 0.00265891 0.00457462 0.0188307 -0.00463901 -0.0152374 0.00147365 0.0125546 -0.0071097 -0.0111099 0.0194523 0.0235279 -0.0065524 0.00431829
internal_weight=5335.08 4141.68 1193.4 2137.23 2079.66 1034.19 487.518 463.701 407.734 330.029 126.46 70.9762 546.994 48.2221 546.667 186.718 42.4642 2004.45 1590.89 1045.47 413.559 148.08 265.479 162.327 646.404 57.573 1032.72 359.949 48.1397 203.569
internal_count=22230 15038 7192 7701 7497 3754 1804 1703 1507 1224 480 282 3916 180 1950 677 264 7337 5654 3743 1683 639 1044 583 3276 204 3695 1273 179 744
is_linear=0
shrinkage=0.03


Tree=47
num_leaves=31
num_cat=0
split_feature=166 165 7 289 7 176 263 390 286 247 248 317 251 229 263 234 271 135 233 132 235 331 336 269 267 279 286 64 307 442
split_gain=515.906 167.642 61.7833 66.0466 61.3508 42.3839 41.7178 38.3725 36.3501 35.7865 33.1604 32.7202 32.7155 39.125 36.9067 38.3704 32.62 31.9794 31.9576 31.2966 31.2049 41.5155 29.4534 29.3061 29.1414 57.1149 26.965 26.9559 26.4301 26.999
threshold=0.21806698292493823 0.19928193837404254 0.2363599240779877 -0.18345633149147031 0.24859444797039035 0.52771052718162548 0.081314958631992354 0.87298387289047252 -0.25709009170532221 -0.080638770014047609 0.04776264168322087 -0.39149117469787592 0.40228442847728735 0.035822624340653426 0.32261776924133306 0.81137728691101085 -0.2000000327825546 0.47375562787055975 -0.055304633453488343 1.5031601786613467 0.017714569345116619 0.52755990624427807 -0.62028655409812916 -0.35628178715705866 0.082657132297754302 -0.043972782790660851 -0.0086602941155433637 0.0054009202867746362 -0.43674431741237635 0.96609193086624157
decision_type=2 2 2 2 2 2 2 2 2 2 2 2 2 2 2 2 2 2 2 2 2 2 2 2 2 2 2 2 2 2
left_child=2 5 3 10 7 11 -5 17 9 -6 -1 -2 -8 -14 15 23 -12 -4 -10 -3 21 -7 -22 -15 -19 -26 -17 -27 -18 -30
right_child=1 19 4 6 8 20 12 -9 18 -11 16 -13 13 14 -16 26 28 24 -20 -21 22 -23 -24 -25 25 27 -28 -29 29 -31
leaf_value=-0.025555887807337734 0.00028839881929576099 -0.027834897734658848 -0.012683930980075201 0.026076431535855323 -0.015499367719248895 0.018136323120190163 0.020284442453689069 0.0060975030547078934 0.010967175434655606 0.013995931803892888 0.029650252331606456 -0.0093353445588557019 0.018171469337303955 0.01813087019396618 0.018385209763136363 -0.019189852778812591 0.0074256579092120741 0.022294502336462355 -0.026682608725276401 -0.013869885843078035 -0.017898404028077075 -0.017767993726809025 0.0033731276840761834 -0.028010842814021008 -0.019850749772499083 0.025062587188918163 0.028053831754439804 -0.018002984755123456 -0.012866031853555166 0.021019716520093101
leaf_weight=44.624202415347099 598.52630905807018 237.81255242973566 21.596112534403801 149.51185873150826 38.213580414652824 201.51006053388119 108.68068680167198 216.67891505360603 26.256851926445961 211.47200778126717 23.937889412045479 665.38701365888119 73.421462208032608 9.0135511010885221 33.732939437031746 10.875977873802183 136.38395383954048 1127.0740360617638 49.673452228307724 448.39947511255741 64.728976011276245 27.651867404580116 312.0896530598402 92.77449406683445 42.029519155621529 85.553911507129669 22.629649251699448 9.8149212002754194 184.11708001792431 17.234995171427727
leaf_count=169 2381 1758 81 530 141 672 377 791 87 718 72 2900 252 29 109 41 457 4075 189 3112 286 110 1177 364 166 298 72 40 662 53
internal_value=0.00332541 -0.00635366 0.0123673 0.00588337 0.0155432 -0.00166947 0.0131063 0.0180944 0.00360469 0.00914129 -0.00306261 -0.00479327 0.00715256 0.000819888 -0.0070805 -0.0140958 0.000116718 0.0200636 -0.0137098 -0.0189569 0.00480914 0.0133612 -0.000513274 -0.0229247 0.0206979 0.00708214 0.0117931 0.0195999 -0.00250564 -0.00930639
internal_weight=5291.41 2556.11 2735.3 906.939 1828.36 1869.89 500.641 1502.75 325.616 249.686 406.298 1263.91 351.129 242.448 169.027 135.294 361.674 1286.07 75.9303 686.212 605.981 229.162 376.819 101.788 1264.47 137.398 33.5056 95.3688 337.736 201.352
internal_count=22169 12396 9773 3187 6586 7526 1774 5451 1135 859 1413 5281 1244 867 615 506 1244 4660 276 4870 2245 782 1463 393 4579 504 113 338 1172 715
is_linear=0
shrinkage=0.03


Tree=48
num_leaves=31
num_cat=0
split_feature=164 3 177 166 255 434 235 283 177 172 237 346 357 250 140 189 245 251 159 243 231 254 149 281 301 154 154 265 126 362
split_gain=471.785 107.786 103.459 48.3135 44.3981 39.2416 38.6374 38.2185 43.2548 36.8328 36.6374 33.6567 32.0125 50.1671 40.4582 39.0685 31.9531 31.0105 29.8669 29.8248 34.8425 29.991 40.4853 34.8851 28.2908 27.9426 35.4307 26.7601 26.5984 35.8674
threshold=0.3155409991741181 0.19598712772130969 -0.44870173931121821 0.18373083323240283 1.0000000180025095e-35 0.22401433438062671 0.13646198809146884 -0.26628009974956507 0.75191670656204235 -0.70859578251838673 0.71250000596046459 0.23180247843265536 -0.14351426064968106 0.041350202634930618 0.92606809735298168 -1.0000000180025095e-35 0.21828096359968188 0.46681433916091924 -0.013945432379841803 -0.015606746077537535 0.7101181447505952 0.65000000596046459 -1.3260581493377683 0.19929253309965136 -0.43239502608776087 -0.073969133198261247 -0.1229158155620098 0.54304742813110363 0.02163016423583031 0.052698044106364257
decision_type=2 2 2 2 2 2 2 2 2 2 2 2 2 2 2 2 2 2 2 2 2 2 2 2 2 2 2 2 2 2
left_child=1 3 17 12 5 24 7 8 -4 -5 18 -9 13 14 -1 -16 -15 -2 -7 20 -12 -21 -23 -24 -3 26 -18 -11 29 -6
right_child=2 4 6 9 28 10 -8 11 -10 27 19 -13 -14 16 15 -17 25 -19 -20 21 -22 22 23 -25 -26 -27 -28 -29 -30 -31
leaf_value=-0.020465997170318766 -0.027146180455076538 0.0041128686664386434 -0.015422460693210592 -0.016517098122253004 -0.0089999535586935946 -0.0067779769922156003 -0.010259158582432546 0.023920320437149211 0.011359115785735435 0.0094740883914401445 0.0031602955353294696 -0.0031831226638716968 0.018438769528430741 -0.034060596175119848 0.0020566399932992201 0.027006131377109804 0.0032066646234373418 -0.013939808828915549 0.030662889080991813 -0.010774732544390707 -0.037365278366612173 0.01865061334448985 0.0090949271295404626 -0.014360504927468976 -0.013618351580120681 0.017575195448793431 -0.038841398697308196 -0.020081698064399137 -0.013180896117909022 0.017850969784632298
leaf_weight=19.655440479516983 268.85523486882448 189.35019512474537 128.37565416842699 51.425764620304108 97.527550175786018 20.20016148686409 333.9701327458024 104.85471361875534 83.81993193924427 674.34959702193737 51.975099444389343 61.962745994329453 1155.0910210460424 22.051096066832542 85.647923856973648 172.26943969726562 52.727672159671783 482.7248861938715 97.617401242256165 59.019707381725311 21.986213892698288 274.4511933028698 183.32974584400654 74.457768738269806 130.8845427185297 46.975579261779785 19.416082799434662 22.115911439061165 211.62525118887424 71.286893233656883
leaf_count=76 1990 678 605 191 374 74 1599 381 314 2272 187 255 4309 91 313 607 191 3235 320 219 93 938 648 284 511 167 78 83 840 247
internal_value=0.00326313 0.00883013 -0.0111679 0.0128585 0.00248864 0.00553492 -0.0029142 0.00359934 -0.00477059 0.0064704 0.00913307 0.0140698 0.0158455 0.00848166 0.0157653 0.0190339 -0.00583704 -0.0188847 0.0241393 0.00623599 -0.010946 0.00850578 0.0107754 0.00208001 -0.00323834 0.00090486 -0.0104116 0.00833014 -0.00625884 0.00253821
internal_weight=5270 3805.44 1464.56 2321.73 1483.71 1103.27 712.983 379.013 212.196 747.891 783.037 166.817 1573.83 418.743 277.573 257.917 141.17 751.58 117.818 665.22 73.9613 591.258 532.239 257.788 320.235 119.119 72.1438 696.466 380.44 168.814
internal_count=22170 13791 8379 8378 5413 3952 3154 1555 919 2546 2763 636 5832 1523 996 920 527 5225 394 2369 280 2089 1870 932 1189 436 269 2355 1461 621
is_linear=0
shrinkage=0.03


Tree=49
num_leaves=31
num_cat=0
split_feature=163 166 5 238 255 237 124 18 126 236 230 271 324 123 336 248 177 326 456 246 178 229 169 229 327 250 248 268 183 266
split_gain=466.779 130.416 57.8748 43.6556 38.3905 38.3305 37.0967 33.7919 31.1191 30.9789 31.8696 29.4296 28.6496 34.7112 28.5049 30.4476 32.1195 27.6596 27.8074 28.3306 26.2686 26.237 24.6204 25.5656 25.3974 32.7165 24.1366 49.27 23.8513 37.7164
threshold=0.20271153748035434 0.16274726390838626 1.1641964912414553 0.1458285450935364 0.13143738359212878 0.71250000596046459 1.0074607729911806 1.0000000180025095e-35 0.0082704816013574618 0.18781147897243503 -0.99740153551101673 0.025000005960464481 -0.56481212377548207 0.41910289227962499 -0.74998506903648365 0.072403889149427428 0.90775322914123546 1.6843481659889223 0.25403225421905523 0.27381993830204016 -0.18108975142240522 0.0043439229484647521 -0.1841347739100456 0.014446109067648651 0.38688723742961889 -0.0034835091792047019 0.084801763296127333 -0.1223740130662918 -0.67550376057624806 -0.00067480560392141331
decision_type=2 2 2 2 2 2 2 2 2 2 2 2 2 2 2 2 2 2 2 2 2 2 2 2 2 2 2 2 2 2
left_child=1 4 22 7 9 -6 12 8 -3 10 11 -1 13 -5 -12 16 -16 18 19 -17 -4 -7 24 -24 -2 -26 27 -20 29 -28
right_child=2 3 20 6 5 21 -8 -9 -10 -11 14 -13 -14 -15 15 17 -18 -19 26 -21 -22 -23 23 -25 25 -27 28 -29 -30 -31
leaf_value=-0.03060432137959173 -0.0057622260462624267 0.018377458870764335 -0.027170393724078104 0.018128310843018147 0.020851467307479828 0.011474125485406897 0.014106261400094305 0.0055729937908006689 -0.023487440055479581 -0.022967996167439646 0.0021468285994755451 0.016100815033797618 -0.020552087313000594 -0.019593395931278158 0.028986206710723612 0.010861423981557561 -0.01299872637305337 -0.013898996394060649 0.018395972372393574 -0.019535162314300303 -0.012365048230070539 -0.026320183504882393 0.0062859743206504243 -0.016176970806157636 0.034767223054448522 -0.0064805714571387878 -0.036211701863253232 -0.038718564083852089 0.020214010782180131 0.019501861955828256
leaf_weight=19.582392990589142 197.83446615934372 15.018038704991339 306.04855027794838 43.626583069562912 32.255084112286568 18.307101547718048 50.176450744271278 2205.2305676490068 59.706652522087097 12.383171886205671 113.10434204339981 16.034462809562683 144.68803988397121 31.73295059800148 279.69875007867813 95.99943782389164 13.204182878136633 22.808625519275665 29.79333570599556 30.686144694685936 199.92722429335117 49.052555039525032 49.188527800142765 292.90943207591772 29.466543585062027 28.739266216754913 12.455353274941446 14.555136665701864 803.36123625934124 18.101325407624245
leaf_count=82 990 53 2355 150 107 65 192 7797 289 47 399 57 635 138 1044 363 53 92 111 120 1451 185 255 1613 128 143 53 64 3028 68
internal_value=0.00311179 0.00774482 -0.014155 0.00352518 0.0144974 -0.0032398 -0.00772514 0.00488274 -0.0140916 0.0157065 0.0161469 -0.0101406 -0.0130309 0.00180142 0.0168533 0.0180869 0.0267993 0.0154293 0.0161969 0.00278277 -0.0215894 -0.015794 -0.0076718 -0.0128558 -0.000547722 0.0157306 0.0180826 -0.00286736 0.0192238 -0.00544481
internal_weight=5235.68 4131.56 1104.11 2550.18 1581.38 99.6147 270.224 2279.96 74.7247 1481.77 1469.38 35.6169 220.048 75.3595 1433.77 1320.66 292.903 1027.76 1004.95 126.686 505.976 67.3597 598.138 342.098 256.04 58.2058 878.266 44.3485 833.918 30.5567
internal_count=22127 15192 6935 9254 5938 357 1115 8139 342 5581 5534 139 923 288 5395 4996 1097 3899 3807 483 3806 250 3129 1868 1261 271 3324 175 3149 121
is_linear=0
shrinkage=0.03


Tree=50
num_leaves=31
num_cat=0
split_feature=166 3 177 166 228 271 230 289 267 280 327 247 230 158 263 336 230 247 162 252 190 296 247 277 229 265 268 267 230 18
split_gain=402.464 117.421 77.6968 56.1886 39.5729 38.6005 47.6934 38.5543 36.5516 37.5382 33.5232 31.6987 59.8137 48.7631 44.197 37.0174 32.4414 30.6372 38.1675 29.8846 29.8007 29.6927 29.6799 29.0887 28.8035 28.5257 31.5722 35.3898 29.4501 28.474
threshold=0.38507701456546789 0.19598712772130969 -0.44870173931121821 0.15626182407140735 0.77079674601554882 0.099999994039535536 0.95775720477104198 -0.27060960233211512 0.096092492341995253 0.017372374422848228 0.66340705752372753 -0.062385151162743561 -0.99583750963211048 -0.04743548855185508 0.50461769104003917 0.34753099083900457 -0.89179283380508412 0.062609113752841963 -0.052990855649113648 0.077868115156888976 1.3737818598747256 -0.47793021798133845 0.10265657678246499 0.067590367048978819 0.81724262237548839 -0.29560367763042444 -0.18406462669372556 0.010047186166048052 -0.82843968272209156 0.22396993637084964
decision_type=2 2 2 2 2 2 2 2 2 2 2 2 2 2 2 2 2 2 2 2 2 2 2 2 2 2 2 2 2 2
left_child=1 3 -2 20 7 11 -7 19 9 -9 -4 14 -13 16 15 -3 -14 18 -11 -5 24 -15 -19 -12 -1 -23 29 28 -28 -27
right_child=2 5 10 4 -6 6 -8 8 -10 17 23 12 13 21 -16 -17 -18 22 -20 -21 -22 25 -24 -25 -26 26 27 -29 -30 -31
leaf_value=0.01817603365435199 -0.020541499686402342 -0.022303579528030953 -0.0089460994725694843 0.013919484501606402 0.031133681593572715 0.012243001676677589 -0.019820438956308088 0.0044323205486047597 0.016867949370972146 0.0011211663948273531 -0.002744596753194186 -0.027886060663023921 -0.010755560267712147 0.012384753404197387 0.013688109386870189 0.0023602921368093893 0.022296781528821467 0.025515513654688207 -0.027738464448472003 -0.0087563253088673975 -0.0066463243401687 0.01698692668924056 -0.01404698942179422 0.02574167608414895 -0.0059013226779202638 -0.014051185693841353 0.014529628023636517 0.00070654926837973348 -0.024905485160748052 0.0057752510538821205
leaf_weight=1085.539026722312 598.71574398130178 172.40488564223051 330.59336753934622 472.47627870738506 51.316482469439507 402.41322333365679 39.950495332479477 283.4672417640686 94.817934647202492 61.509226381778717 74.845825560390949 52.350999496877193 27.288397312164307 136.88759662210941 54.139275245368481 75.987650014460087 151.5588089749217 28.692395463585854 111.13139615952969 53.376613929867744 44.989542081952095 54.254173070192337 26.120868757367134 47.475100621581078 42.829486802220345 76.800404757261276 14.261033058166502 114.47773435711861 144.8480976074934 285.80051189661026
leaf_count=4170 4484 729 1602 1579 162 1473 165 985 312 220 341 229 110 493 207 289 526 91 428 205 178 191 98 175 168 359 52 445 620 1039
internal_value=0.00301624 0.00721088 -0.0135036 0.0116112 0.0069185 0.00143319 0.00906029 0.00562649 0.000425779 -0.00279206 -0.00400618 -0.00107173 0.00138046 0.0030957 -0.00952282 -0.0148595 0.016982 -0.0117038 -0.0177547 0.0115133 0.0162641 -1.0873e-05 0.0070367 0.0090252 0.0172221 -0.00258313 -0.0044351 -0.0119967 -0.0208443 0.00136093
internal_weight=5211.32 4159.69 1051.63 2356.27 1182.91 1803.42 442.364 1131.59 605.739 510.921 452.914 1361.06 1058.53 1006.18 302.532 248.393 178.847 227.454 172.641 525.853 1173.36 827.33 54.8133 122.321 1128.37 690.442 636.188 273.587 159.109 362.601
internal_count=22125 15523 6602 8596 4080 6927 1638 3918 2134 1822 2118 5289 4064 3835 1225 1018 636 837 648 1784 4516 3199 189 516 4338 2706 2515 1117 672 1398
is_linear=0
shrinkage=0.03


Tree=51
num_leaves=31
num_cat=0
split_feature=166 166 2 6 117 327 336 280 176 6 80 282 269 161 366 246 166 267 243 235 134 6 148 247 126 267 155 39 123 107
split_gain=406.709 88.2997 79.0184 70.7546 41.9659 41.8708 39.8108 38.6402 34.0341 33.8769 41.3664 37.022 33.853 33.3831 32.3329 30.5774 30.2607 37.0334 28.9132 30.5008 27.9828 27.7506 27.6566 27.5453 30.2142 27.4941 26.4197 25.7779 24.7842 23.4567
threshold=0.28259676694870001 0.12711897492408755 -0.16555944085121152 0.10754005610942842 2.1499012708663945 0.32142743468284612 -0.88830542564392079 -0.44213201105594629 -0.26002885401248926 0.098055537790060057 5.0403546470925376e-26 0.48541983962059027 -0.012091025710105894 -0.0041213224176317445 -0.95753192901611317 0.19975841045379641 0.38507701456546789 0.32910352945327764 -0.030948900617659088 0.047812953591346748 1.2379493117332461 0.071922417730093016 -1.0678521394729612 0.0087166447192430514 0.44592413306236273 0.11918008700013162 -0.2858119904994964 1.0000000180025095e-35 0.0044484247919172057 0.90116301178932201
decision_type=2 2 2 2 2 2 2 2 2 2 2 2 2 2 2 2 2 2 2 2 2 2 2 2 2 2 2 2 2 2
left_child=1 13 4 5 18 16 22 -8 -6 10 -9 14 -10 -1 -12 23 -4 -18 19 -2 28 -16 -3 24 -7 -23 -27 -11 -13 -15
right_child=2 6 3 -5 8 15 7 9 12 27 11 20 -14 29 21 -17 17 -19 -20 -21 -22 25 -24 -25 -26 26 -28 -29 -30 -31
leaf_value=-0.012440545208815082 0.029912174157738367 0.014804259237608853 0.0014952794015600567 -0.019706610472976865 -0.012389677795504839 -0.0079364928326119098 -0.020573736440612861 -0.014594256149495177 -0.016727697860527815 -0.0012837546012495343 -0.0010526473761762541 -0.017414783272451054 0.04052563525184421 0.015487036742334098 0.0010558142296188057 0.014464350833995684 -0.014567446623953794 0.024513783526782334 -0.025120994690625086 -0.01669872514371526 -0.013296656154154797 0.017008219005883903 -0.0053941322149735436 -0.01798421294165584 0.030261460015643653 -0.025501428525377946 0.017311268241324496 0.01131356259033265 0.0166441421706683 0.028363897089638174
leaf_weight=26.906136676669121 13.666900001466272 66.027574136853218 280.01816439628601 217.72428930550814 67.140262007713318 37.161017194390297 35.701767802238464 50.29142102599144 8.9775838106870669 466.91456662118435 127.57245092093945 18.286375313997269 20.577756695449352 573.592848777771 124.48844543099403 206.10020907968283 297.68380443751812 17.060844227671623 387.26078333705664 25.463864952325821 83.786881104111671 1098.7519240826368 362.55711022019386 58.578624062240124 25.969473034143448 22.586968645453453 16.43617756664753 204.31878158450127 79.615894183516502 185.54975326359272
leaf_count=107 67 220 1160 1390 429 183 137 191 48 1665 447 71 71 2240 435 872 1716 75 2708 173 321 3869 1306 330 108 92 54 699 276 714
internal_value=0.00310713 0.00884836 -0.00910252 -0.00460851 -0.0186891 -0.000912542 0.00628479 0.00782857 -0.000658042 0.00833661 0.0106778 0.0115544 0.0229744 0.0176929 0.0132122 0.0075855 -0.00564752 -0.0119292 -0.0226773 0.00142176 -0.00109106 0.01466 -0.00207037 -0.00413459 0.00907909 0.0161238 -0.00735065 0.00261249 0.00944489 0.0188785
internal_weight=5206.77 3543.39 1663.38 1140.3 523.087 922.572 2757.34 2328.75 96.6956 2293.05 1621.82 1571.53 29.5553 786.049 1389.84 327.809 594.763 314.745 426.392 39.1308 181.689 1262.26 428.585 121.709 63.1305 1137.78 39.0231 671.233 97.9023 759.143
internal_count=22174 12844 9330 5834 3496 4444 9783 8257 548 8120 5756 5565 119 3061 4897 1493 2951 1791 2948 240 668 4450 1526 621 291 4015 146 2364 347 2954
is_linear=0
shrinkage=0.03


Tree=52
num_leaves=31
num_cat=0
split_feature=166 165 166 7 357 271 250 244 128 264 248 153 247 140 278 278 249 146 101 176 247 128 236 166 5 289 248 353 281 6
split_gain=395.41 89.1293 79.9744 49.872 42.6164 65.2844 45.4189 46.2651 36.972 34.427 35.3863 38.0344 33.708 43.3551 33.8499 33.4762 48.797 32.3819 31.8807 30.1497 29.6327 45.7283 40.1227 29.0208 28.9794 28.2759 27.8374 27.3292 36.198 26.7746
threshold=0.28539620339870458 0.19928193837404254 0.12819439172744754 0.2363599240779877 -0.43807068467140192 -0.17499998211860654 0.03457248397171498 -0.0057547334581613532 0.13215336203575137 0.46520569920539862 0.037663040682673461 -0.33126068115234369 -0.08958133682608603 1.1758415699005129 0.032469270750880248 -0.01042854133993387 -0.11872598901391028 -1.2630717754364011 0.33548589050769811 -0.37783749401569361 -0.038844019174575799 0.59306830167770397 0.10031352564692499 0.57619208097457897 1.1621791124343874 -0.30150222778320307 0.43054437637329107 -0.56009298563003529 -0.18472614139318463 0.071922417730093016
decision_type=2 2 2 2 2 2 2 2 2 2 2 2 2 2 2 2 2 2 2 2 2 2 2 2 2 2 2 2 2 2
left_child=2 23 15 9 5 -5 12 8 -8 10 -4 -12 -7 14 -14 20 -17 -9 -6 25 21 -1 26 27 -3 -13 -22 28 -2 -20
right_child=1 24 3 4 18 6 7 17 -10 -11 11 19 13 -15 -16 16 -18 -19 29 -21 22 -23 -24 -25 -26 -27 -28 -29 -30 -31
leaf_value=-0.033036760994748331 -0.01087400636714991 -0.0096950075060682952 -0.0097150752277956175 -0.029831601764614083 0.019407954063112878 -0.010465359722752254 -0.026999327679362691 6.8618297576002277e-05 0.019845383069998109 -0.026547319770439597 -0.017796410846365837 0.010050454294060434 0.010049600782644772 0.022525173985226993 -0.032722601390663866 -0.018638036901096017 0.023269820653659436 -0.039223150641913479 -0.011241994360056958 0.0098400918635446651 0.022138618388596105 0.0090229741459366651 -0.021188958693606801 -0.019593072888679133 -0.023555777261416368 -0.0064618266925231755 -0.02095110909822576 -0.0052713830413889107 0.013745954649226642 0.010499902524450879
leaf_weight=28.637837201356888 70.776749029755592 239.1644269824028 175.85738526284695 43.355987355113029 440.82370312511921 44.263417258858681 13.217016920447348 30.376672133803368 56.375577121973038 30.745414227247238 57.881756097078323 137.12003093957901 39.176136717200279 211.70553961396217 19.184016659855843 21.026337623596191 493.63700595498085 40.567837998270988 51.139745011925697 647.38333176076412 166.61542169749737 60.50171272456646 19.150911256670952 89.078740909695625 376.17051601409912 257.56243880093098 8.9616097062826139 683.85729517042637 169.47718811035156 450.72669717669487
leaf_count=120 317 1523 656 172 1552 162 52 108 189 122 230 464 133 701 77 83 1931 163 186 2199 646 239 79 489 3190 944 39 3069 675 1659
internal_value=0.00279955 -0.00940866 0.00841671 0.00595429 0.00979129 0.00261787 0.0061388 -0.00773249 0.00915711 0.00168508 0.00251478 0.00452862 0.0124067 0.016363 -0.00584848 0.0167507 0.0213104 -0.0237694 0.0135242 0.00588915 0.00813356 -0.0058019 0.0145447 -0.00387638 -0.018355 -0.000623838 0.0191628 -0.0022142 0.00634814 0.00813962
internal_weight=5174.52 1628.52 3545.99 2747.46 1440.91 498.222 454.866 140.537 69.5926 1306.55 1275.8 1099.95 314.329 270.066 58.3602 798.531 514.663 70.9445 942.69 1042.07 283.867 89.1395 194.728 1013.19 615.335 394.682 175.577 924.111 240.254 501.866
internal_count=22169 9263 12906 9769 5154 1757 1585 512 241 4615 4493 3837 1073 911 210 3137 2014 271 3397 3607 1123 359 764 4550 4713 1408 685 4061 992 1845
is_linear=0
shrinkage=0.03


Tree=53
num_leaves=31
num_cat=0
split_feature=166 164 177 281 235 36 231 282 85 244 153 126 357 133 271 144 339 346 163 262 263 126 229 278 265 358 156 246 133 248
split_gain=369.451 120.591 70.8601 43.7631 63.3953 39.9437 34.4937 34.9965 34.8131 33.1572 38.1452 32.4405 31.9396 52.3233 33.0646 31.871 31.3021 30.5622 30.0602 28.4964 28.1973 30.0076 28.8871 30.8675 27.4139 26.3588 24.722 24.3158 24.076 23.8452
threshold=0.38507701456546789 0.18331135064363482 -0.44870173931121821 -0.15914881229400632 0.17857497185468676 0.35638883709907537 0.99557733535766613 0.49096243083477026 2.2050790903449528e-05 -0.024769831448793408 -0.38713382184505457 0.0058327519800513991 -0.064611122012138353 0.14129264652729037 -0.099999994039535509 -1.6229359507560728 0.021131705492734913 -1.0000000180025095e-35 0.1965659633278847 0.14685947448015216 0.081314958631992354 0.48905366659164434 0.79415625333786022 -0.037802420556545251 0.24978544563055041 -0.41651800274848932 0.11308507621288301 0.42470349371433264 0.67389580607414257 0.29583597183227545
decision_type=2 2 2 2 2 2 2 2 2 2 2 2 2 2 2 2 2 2 2 2 2 2 2 2 2 2 2 2 2 2
left_child=1 5 -2 -4 11 12 7 8 18 -10 -11 -5 13 -1 -14 -12 -15 -16 25 -18 28 22 23 -22 -7 -3 -20 -27 -19 -25
right_child=2 6 3 4 -6 24 -8 -9 9 10 15 -13 14 16 17 -17 19 20 26 -21 21 -23 -24 29 -26 27 -28 -29 -30 -31
leaf_value=-0.025718477683029553 -0.019989831761296206 -0.011214002947791542 -0.015972718199580224 -0.019013034145676965 -0.01832218179767604 -0.012733111725646949 0.012257400321349459 -0.012927705397040436 0.027662663640607661 -0.018893139077299628 -0.01127135487873307 0.016255236456501468 0.024013590031557643 0.0143869754545107 0.021498898696831612 0.0075041509933593837 0.02696832079188909 0.029797731150643138 -0.017125666082246006 -0.005106654347119096 -0.012577426747676384 0.015904146766098793 -0.02463691566257846 0.012087567813760972 0.012646680970720289 0.0066929000691016323 0.02282404781464337 -0.014985436131079839 0.005306091804578179 -0.014778311496331504
leaf_weight=33.215263620018959 576.26318242400885 129.92759677767754 164.66552101820707 20.597606986761093 80.523590222001076 90.140895694494247 245.40416599065065 154.25471455603838 50.043621979653835 54.479020319879055 84.18969963490963 181.35675210505724 347.00926834344864 400.49659389257431 264.44838073849678 773.50403831154108 22.173731565475464 90.15228708088398 159.61198134720325 163.98023501038551 74.902041286230087 166.89106476306915 29.633614152669907 215.75645607709885 56.219126954674721 359.27913981676102 9.0043311119079572 46.423488765954971 65.128782704472542 27.926266312599182
leaf_count=127 4480 486 819 115 424 333 892 609 174 231 328 757 1311 1421 1001 2801 80 332 811 642 297 642 120 819 193 1259 36 190 246 112
internal_value=0.00297822 0.00699339 -0.0130908 -0.00400538 0.00315204 0.0121404 0.00186247 0.000414076 0.00170423 0.00540141 0.00396732 0.0120915 0.0133005 0.00754786 0.0160181 0.00557271 0.00973009 0.0128826 -0.00333593 -0.000392798 0.00928121 0.00572364 0.000597594 0.00345629 -0.00278361 0.000173947 -0.0141078 0.00397476 0.020262 0.00864013
internal_weight=5137.6 4114.2 1023.41 447.143 282.478 2048.07 2066.12 1820.72 1666.46 962.216 912.173 201.954 1901.71 619.866 1281.85 857.694 586.651 934.839 704.247 186.154 670.391 515.109 348.218 318.585 146.36 535.63 168.616 405.703 155.281 243.683
internal_count=22088 15493 6595 2115 1296 7676 7817 6925 6316 3534 3360 872 7150 2270 4880 3129 2143 3569 2782 722 2568 1990 1348 1228 526 1935 847 1449 578 931
is_linear=0
shrinkage=0.03


Tree=54
num_leaves=31
num_cat=0
split_feature=163 166 5 7 357 147 341 238 336 265 116 148 243 291 126 178 345 243 303 249 282 231 271 263 229 178 180 136 277 176
split_gain=364.425 101.442 50.8571 43.5888 35.0901 38.966 43.859 35.0266 36.6143 44.051 34.8914 36.6739 34.1956 39.7074 33.3645 33.309 33.1615 33.0765 32.8846 32.7219 38.23 31.7793 29.4907 29.3999 28.0068 44.1165 28.2418 26.9048 25.6566 25.638
threshold=0.19876509904861453 0.15626182407140735 1.1621791124343874 0.22432254999876025 -0.22177080810070035 -0.1992668733000755 0.043104805052280433 0.18032766133546832 -0.9295578896999358 0.54304742813110363 1.201269328594208 -0.046956589445471757 -0.022931689396500584 -1.0000000180025095e-35 0.044949922710657127 -0.18108975142240522 0.29270160198211675 -0.012694017495959995 -0.62572050094604481 0.050493452697992332 -0.43186411261558527 0.10852982476353647 -0.099999994039535509 0.044166466221213348 0.024148863740265373 -0.19071616977453229 -0.32293516397476191 1.4925557971000674 0.099258985370397582 -0.70859584212303151
decision_type=2 2 2 2 2 2 2 2 2 2 2 2 2 2 2 2 2 2 2 2 2 2 2 2 2 2 2 2 2 2
left_child=1 4 -2 12 5 6 -1 8 -5 10 11 19 14 18 -3 -4 23 21 -14 -10 -21 -12 -6 -15 -24 -26 27 -27 -16 -19
right_child=2 3 15 7 22 -7 -8 -9 9 -11 17 -13 13 16 28 -17 -18 29 -20 20 -22 -23 24 -25 25 26 -28 -29 -30 -31
leaf_value=0.016940865938166134 -0.0065199262703447359 -0.011795001110640312 -0.025953178777210765 -0.0028326230571918574 0.024520775156912835 -0.024431088381163039 -0.0066726973215286527 -0.017105594269966027 0.020938283442594505 -0.018507187150574474 0.0048007072338527145 -0.014775365458930892 0.008958911118399554 0.030880773116604997 0.025269302906999126 -0.0095274770755129357 -0.021037460130835382 -0.0011915725723024432 -0.015875882368077843 -0.031937450103625496 0.01019100605162177 -0.029943639399556486 0.022278889158293236 0.0020799936422650324 0.014810224604241322 -0.029633700196217479 0.0048517992457938501 0.014944542761922495 -0.012146109346266679 0.011871074035923803
leaf_weight=181.65571261942387 608.79418409615755 36.508442789316177 294.79738104343414 281.79876387119293 281.73302881419659 30.192649066448212 107.63992115855217 49.471473187208176 434.0720000565052 44.447669163346291 45.504357770085335 30.941229403018951 51.973039418458939 28.598681941628456 90.902594670653343 198.97710604220629 43.270524233579636 201.1078780144453 289.04760982096195 14.283256351947783 223.50308513641357 38.150635451078415 207.86481177806854 332.78238844871521 396.50594654679298 43.033709928393364 128.54785490036011 10.979727268218992 15.05241186916828 390.29470632970333
leaf_count=665 3233 155 2402 998 1115 115 423 213 1431 168 166 118 203 88 328 1505 211 707 1240 60 765 158 809 1204 1565 180 508 44 67 1351
internal_value=0.00276353 0.00694708 -0.0124652 0.00347489 0.0134967 0.00459856 0.00816932 0.00621062 0.00696085 0.00891293 0.00989412 0.0145584 -0.00192126 -0.00452014 0.011186 -0.0195808 0.00181828 0.00492323 -0.0119567 0.0160632 0.00677663 -0.0120172 0.0160999 0.0049312 0.0128822 0.00926545 -0.00282407 -0.0197249 0.0194376 0.00744957
internal_weight=5132.43 4029.86 1102.57 2641.71 1388.15 319.488 289.296 1753.58 1704.1 1422.3 1377.86 702.8 888.136 745.672 142.463 493.774 404.652 675.058 341.021 671.858 237.786 83.655 1068.67 361.381 786.932 579.067 182.561 54.0134 105.955 591.403
internal_count=22195 15055 7140 9631 5424 1203 1088 6135 5922 4924 4756 2374 3496 2946 550 3907 1503 2382 1443 2256 825 324 4221 1292 3106 2297 732 224 395 2058
is_linear=0
shrinkage=0.03


Tree=55
num_leaves=31
num_cat=0
split_feature=163 166 5 7 342 246 6 282 233 6 267 160 246 280 251 154 122 7 314 114 158 111 161 251 128 161 347 365 141 154
split_gain=326.317 98.3005 67.8634 45.0513 38.6599 33.4809 36.9485 31.7495 37.8927 37.6059 34.2758 31.6583 35.1659 42.5317 31.4309 31.1004 34.3486 29.0808 28.7505 28.587 28.3423 27.4584 27.4407 27.2267 27.0857 32.5612 26.9264 28.6375 26.2381 26.0079
threshold=0.1965659633278847 0.15626182407140735 1.1621791124343874 0.22432254999876025 -0.4448950439691543 0.15544060617685321 0.08888461068272592 -0.45965406298637385 -0.047096684575080865 0.071922417730093016 -0.044492851942777627 -0.2129065319895744 0.1719385161995888 -0.28016665577888483 0.24551789462566379 0.16136084496974948 1.099610507488251 0.1977239400148392 -0.70884364843368519 2.0127257108688359 0.029019781388342384 0.56289032101631176 0.020862035453319553 0.20707554370164874 0.1548707261681557 0.00024273012240882966 -0.82097277045249928 1.0986679196357729 2.6301202774047856 0.0059540059883147487
decision_type=2 2 2 2 2 2 2 2 2 2 2 2 2 2 2 2 2 2 2 2 2 2 2 2 2 2 2 2 2 2
left_child=1 4 -2 5 -1 15 28 8 -5 -9 -10 26 -13 -14 20 16 18 -6 -3 21 -15 -16 23 29 25 -25 -11 -28 -7 -8
right_child=2 3 -4 7 17 6 22 9 10 11 -12 12 13 14 19 -17 -18 -19 -20 -21 -22 -23 -24 24 -26 -27 27 -29 -30 -31
leaf_value=0.00030890801051250617 -0.0048639551801471156 -0.017274116932898775 -0.019854889282600863 -0.026665343442514831 -0.024793745328632717 -0.022193238791738477 0.024534449311895423 -0.0040406619500245166 -0.013257165160058374 -0.00041584156008538857 0.014208720692190153 -0.010467646547934461 -0.017350780445605982 -0.026843870518895835 -0.0015996813102347374 0.026212499829291198 -0.022220340055440595 0.015655057583977564 0.01182010796923192 -0.0019624265688053975 0.019355209827016929 0.023119025282151557 0.027112991706617729 0.010255110494232045 -0.015570917441769441 -0.014876241393061113 0.017347410649001024 -0.0031799805143644107 0.012818723480534989 -0.016821179624913966
leaf_weight=183.37917582690716 617.45502320677042 30.716797530651093 490.89816546440125 46.929372116923332 10.020889565348623 146.56648173928261 45.017718151211739 212.931730479002 64.683789685368538 111.03867189586163 88.129746198654175 116.28176839649677 47.228003203868866 28.479472726583481 47.427353113889694 49.125250071287155 38.718784749507904 1187.376746982336 159.76738901436329 74.942065954208374 11.765625461935995 215.21780045330524 21.176723331212997 119.55444231629372 158.66194827854633 66.202181980013847 620.13530519604683 64.643180221319199 17.011806488037109 12.711218431591986
leaf_count=674 3250 123 3908 186 39 700 149 760 240 393 299 432 179 113 167 172 178 4715 555 267 38 705 80 420 666 257 2117 231 64 50
internal_value=0.00275598 0.00675279 -0.0115959 0.00331229 0.0132117 -0.00226648 -0.00631732 0.0060748 -0.00501443 0.00752661 0.00244565 0.00938787 0.00369664 0.00770262 0.0111202 0.00618404 0.00119726 0.0151657 0.00662931 0.0141288 -0.0122488 0.0186908 -0.00151406 -0.00348528 -0.00674595 0.00102905 0.0131802 0.0153819 -0.0181139 0.0144319
internal_weight=5104.19 3995.84 1108.35 2615.06 1380.78 865.231 586.903 1749.83 199.743 1550.09 152.814 1337.16 541.342 425.06 377.832 278.328 229.203 1197.4 190.484 337.587 40.2451 262.645 423.324 402.148 344.419 185.757 795.817 684.778 163.578 57.7289
internal_count=22127 14969 7158 9541 5428 3414 2386 6127 725 5402 539 4642 1901 1469 1290 1028 856 4754 678 1139 151 872 1622 1542 1343 677 2741 2348 764 199
is_linear=0
shrinkage=0.03


Tree=56
num_leaves=31
num_cat=0
split_feature=166 177 164 7 177 130 282 264 161 366 278 244 217 325 248 154 127 247 121 266 102 327 338 248 153 1 271 307 267 266
split_gain=313.604 95.1565 74.989 47.8283 40.5001 38.0143 36.8558 36.0141 34.622 33.9427 32.1093 30.2677 49.2527 34.9607 29.2885 29.0402 53.8686 26.8922 26.733 26.5066 25.1947 25.0484 25.1398 24.7581 25.5091 25.962 48.8432 29.0606 28.2101 25.6515
threshold=0.28259676694870001 -0.25807014107704157 0.12761987745761874 0.2363599240779877 0.3037905246019364 0.81939926743507396 0.4756296575069428 0.46520569920539862 -0.0034124776721000667 0.38111995160579687 -0.047258652746677392 -0.011314288247376679 0.44559228420257574 -0.66962400078773487 0.20781902968883517 0.13651304692029956 0.15259971469640735 0.030156541615724567 1.5457788705825808 -0.081383623182773576 0.040691589936614043 0.80700585246086132 0.059662131592631347 0.034295240417122848 -0.33126068115234369 0.1634873375296593 -0.049999967217445367 -0.29682809114456171 0.0060874205082654962 0.20415350794792178
decision_type=2 2 2 2 2 2 2 2 2 2 2 2 2 2 2 2 2 2 2 2 2 2 2 2 2 2 2 2 2 2
left_child=2 5 8 7 18 -2 -6 23 -1 11 -10 12 -7 -14 -8 -13 17 -17 -5 20 -12 22 -3 -4 -25 29 -27 -28 -29 -26
right_child=1 21 3 4 6 9 14 -9 10 -11 19 15 13 -15 -16 16 -18 -19 -20 -21 -22 -23 -24 24 25 26 27 28 -30 -31
leaf_value=-0.0042307015110187229 -0.025709364220806396 -0.00069132443778471212 -0.0094801309413772451 -0.0096271810251663884 0.016127634080244601 -0.01407123720017915 -0.017141048997373311 -0.030593386317627654 0.0023460272890593313 -0.018962610232090057 -0.018030048574965537 -0.01472454732009155 -0.0075200292011275583 0.049065776580872772 0.017563844284357207 0.0025186426052609652 -0.010948642705474661 0.06994486556112274 0.0061060161114037219 0.021158837216702236 0.014411659379331322 0.0090462834031903912 -0.015710348548364797 -0.014616273087548204 0.0034456533539301824 0.038491952318960437 0.027864647530702769 -0.024711071137855343 0.011602815736642519 -0.022809648094264574
leaf_weight=73.674624681472778 233.96883241087198 501.92552875727415 153.66447368264198 111.31880116462708 635.62600466609001 29.956549525260925 53.828464820981026 25.397026762366295 123.15414945781231 262.58585219085217 27.56254930794239 188.56563772261143 11.205535739660261 25.958573170006275 27.302959799766541 9.7338789626956004 39.665352918207645 7.6867490783333769 538.41396400332451 638.56512948870659 50.120857909321785 169.83614982664585 119.1234242990613 60.799258455634117 794.97527095675468 47.82879227399826 20.7610854357481 34.561662510037422 29.613788679242134 27.933151453733444
leaf_count=284 1838 2166 575 409 2332 209 211 104 488 1910 117 1329 77 156 95 58 267 43 1900 2561 193 653 582 239 2775 141 64 134 99 115
internal_value=0.00260472 -0.00835807 0.00766252 0.005001 0.00882066 -0.0155442 0.0137116 0.00060048 0.0150243 -0.0111331 0.0167477 -0.00425591 0.0126713 0.0332789 -0.00487535 -0.00914551 0.00871465 0.0442212 0.00332057 0.0191628 0.00223824 -0.000919388 -0.00373184 0.00146434 0.00318265 0.00442396 0.0164011 0.00186371 -0.0083134 0.00235691
internal_weight=5075.31 1600.21 3475.1 2562.02 1366.49 809.327 716.757 1195.53 913.077 575.358 839.403 312.772 67.1207 37.1641 81.1314 245.652 57.086 17.4206 649.733 716.249 77.6834 790.885 621.049 1170.14 1016.47 955.674 132.765 84.9365 64.1755 822.908
internal_count=22124 9288 12836 9193 4947 5887 2638 4246 3643 4049 3359 2139 442 233 306 1697 368 101 2309 2871 310 3401 2748 4142 3567 3328 438 297 233 2890
is_linear=0
shrinkage=0.03


Tree=57
num_leaves=31
num_cat=0
split_feature=3 165 164 277 280 277 127 251 10 282 280 18 177 280 182 246 159 262 266 58 244 234 418 438 349 142 374 278 3 282
split_gain=314.401 95.6983 68.3381 52.5562 40.3707 39.0842 85.7614 36.5071 35.2602 39.9234 49.0925 35.0993 34.5944 34.8274 33.3685 32.9712 30.1153 29.9091 29.7609 29.2918 29.2047 40.1775 34.453 32.2487 29.1828 27.6902 27.2825 26.8299 26.471 29.1662
threshold=0.2790494859218598 0.19928193837404254 0.13140273839235309 -0.10581161826848982 -0.02081767842173576 -0.11978409066796301 0.18240390717983249 0.46681433916091924 0.69622436165809642 -0.22838725149631497 -0.10457259416580199 0.42514967918396002 0.31479415297508245 0.084013126790523543 -0.2578147947788238 0.32545578479766851 -0.033583126962184899 0.51598262786865245 -0.083534687757492052 0.37446653842926031 -0.010792147833853958 0.79170894622802745 0.45080643892288214 0.50806450843811046 0.17049114406108859 4.0406970977783212 0.19292803853750232 0.048572842031717307 0.19598712772130969 0.68147912621498119
decision_type=2 2 2 2 2 2 2 2 2 2 2 2 2 2 2 2 2 2 2 2 2 2 2 2 2 2 2 2 2 2
left_child=2 5 4 17 8 6 26 -3 9 10 25 -12 13 -5 -14 -15 -8 -4 27 -6 21 22 -9 -24 -10 -1 -2 -11 29 -16
right_child=1 7 3 12 19 -7 16 20 24 18 11 -13 14 15 28 -17 -18 -19 -20 -21 -22 -23 23 -25 -26 -27 -28 -29 -30 -31
leaf_value=0.023899169934535468 -0.0071939877038247561 -0.027574870899770097 -0.014604993154118756 0.0056812455746266246 0.02127178323798468 -0.0055583605671142271 0.012655227613965047 -0.010909028428644349 -0.032827046782559884 0.010215151585365841 0.0076404576154291961 -0.047218167992947341 -0.0023724480921025158 -0.01301633787278228 0.015488095466863677 0.011174542727089029 -0.019733364902436375 0.015305918422772648 0.018383511748977246 -0.022048101765670965 -0.016698186035705307 -0.0098287626995973033 0.075768115120589369 0 0.013562661493439803 -0.022295791042740227 0.034246337295272086 -0.033663582099272497 0.0042003133129176603 -0.01539067418401743
leaf_weight=36.693778067827225 13.936572328209875 222.28624923527241 164.99245917052031 623.04341764003038 511.89490209519863 978.42727872729301 31.844580285251141 8.7944718748331088 26.412621781229973 24.75963468849659 12.60015071928501 25.022799432277679 178.42441722750664 200.83533698320389 763.97969079017639 60.693124443292618 73.917917117476463 30.165063083171844 291.15174528956413 8.7988207638263685 229.15172848105431 59.777611613273621 8.5010182186961156 7.3569469302892676 13.941555127501486 9.5805700570344907 83.305605992674828 14.090866729617117 332.34960024058819 22.846052765846252
leaf_count=139 65 1907 681 2288 2045 4247 129 68 116 94 47 110 675 785 2724 220 346 116 1160 38 1850 465 47 51 56 42 295 63 1213 88
internal_value=0.00252992 -0.00788481 0.00787359 0.00509772 0.0145471 -0.00306331 0.00869658 -0.0183189 0.00779389 0.0104723 -0.00745056 -0.0302939 0.00643976 0.00182892 0.00954823 -0.00721829 -0.00970798 -0.00955989 0.0151201 0.0202371 -0.0112661 0.00351209 0.0312125 0.0512187 -0.0169428 0.0124651 0.0281222 -0.00818016 0.0114609 0.0144505
internal_weight=5069.58 1717.3 3352.28 2377.33 974.947 1181.43 203.005 535.868 454.254 413.9 83.8973 37.623 2182.17 884.572 1297.6 261.528 105.762 195.158 330.002 520.694 313.582 84.43 24.6524 15.858 40.3542 46.2743 97.2422 38.8505 1119.18 786.826
internal_count=22170 9470 12700 8790 3910 5082 835 4388 1827 1655 338 157 7993 3293 4700 1005 475 797 1317 2083 2481 631 166 98 172 181 360 157 4025 2812
is_linear=0
shrinkage=0.03


Tree=58
num_leaves=31
num_cat=0
split_feature=163 3 5 278 266 307 108 228 278 217 282 262 147 327 279 280 248 367 304 187 282 160 244 18 268 7 277 124 3 233
split_gain=296.846 82.2349 56.2005 42.7348 40.071 49.4791 39.2926 37.4711 40.7802 39.1891 38.9211 36.8171 36.5581 34.9622 34.9268 33.6134 32.1536 34.0869 30.6065 37.1779 53.1003 33.0832 30.3676 31.6173 35.8558 30.0376 29.2484 30.8554 33.8068 28.5424
threshold=0.20271153748035434 0.19598712772130969 1.1621791124343874 -0.064624518156051622 -0.12882450968027112 -0.26993188261985773 0.0010028809774667027 0.77079674601554882 0.08949011936783792 0.3354459702968598 0.27682434022426611 0.53404641151428234 -0.41399203240871424 -0.49757166206836695 -0.11971859633922576 0.22815814614295962 0.031310165300965316 -0.89598035812377919 -0.55751973390579213 -0.2313549071550369 0.4756296575069428 -0.80313420295715321 -0.0097885876893997175 0.61035025119781505 -0.2545838057994842 0.21082794666290286 -0.0964037850499153 0.016043747775256637 0.35500226914882665 -0.10194275900721549
decision_type=2 2 2 2 2 2 2 2 2 2 2 2 2 2 2 2 2 2 2 2 2 2 2 2 2 2 2 2 2 2
left_child=1 3 -2 6 5 29 15 8 25 10 -10 18 22 -7 -12 -1 17 -4 -3 -20 26 -22 -8 -24 -25 -6 -21 -28 -29 -5
right_child=2 11 16 4 7 13 12 -9 9 -11 14 -13 -14 -15 -16 -17 -18 -19 19 20 21 -23 23 24 -26 -27 27 28 -30 -31
leaf_value=-0.018844865318449752 -0.0054012384524520724 -0.0069436661537590335 0.043435836718305629 -0.016372173796518227 -0.0069484260871827243 0.006236822616874681 -0.0074963078152345992 0.03458579766236413 -0.028270412709627039 -0.022005480125676741 -0.016834954191770141 -0.013839644300531787 -0.020052863825242458 -0.033545436090952702 0.026583603408508669 0.018683123238225689 -0.021914820256239063 -0.010301866978313532 -0.0019180724981995463 0.026034618329122426 -0.027302920349699094 0.0073898887063664868 0.029059138133288726 -0.036580480862524252 0.017209486190500854 0.013714332663079221 -0.011832080826606771 0.015311782584131467 -0.0039772329150036725 0.02180244695547115
leaf_weight=113.49550043046474 576.65429048240185 256.84237008541822 7.9777246639132491 17.575499713420868 61.120976090431213 27.44744311273098 41.914829358458519 62.021257102489471 14.610095024108885 54.71904194355011 16.281160041689873 131.74210496246815 28.339337393641472 48.272134333848953 63.207449659705162 19.977395609021187 420.06746626645327 29.936852358281612 499.64848099648952 103.1291997730732 48.922509238123894 39.398171827197075 93.183204546570778 11.094966456294058 22.106325209140778 1642.3801659345627 53.021324932575226 366.14666919410229 100.49869351089001 62.754586532711983
leaf_count=445 3130 986 40 74 234 96 172 207 62 214 64 582 112 200 213 69 3569 224 1926 349 199 138 332 50 84 6251 210 1265 404 213
internal_value=0.00250645 0.00621404 -0.0117623 0.00971762 0.0113111 -0.00312984 -0.000272358 0.0125008 0.0116283 -0.00324195 0.00833347 0.00092947 0.00812166 -0.0196904 0.0169263 -0.0125021 -0.0195471 0.00577878 0.00232177 0.0043245 0.00870126 -0.0123108 0.0135371 0.0206187 -0.0037441 0.0129414 0.0118014 0.00864838 0.0111381 0.0126871
internal_weight=5034.49 3999.85 1034.64 2400.5 2070.39 156.05 330.112 1914.34 1852.32 148.818 94.0987 1599.35 196.639 75.7196 79.4886 133.473 457.982 37.9146 1467.61 1210.77 711.117 88.3207 168.299 126.384 33.2013 1703.5 622.796 519.667 466.645 80.3301
internal_count=22114 15151 6963 9092 7828 583 1264 7245 7038 553 339 6059 750 296 277 514 3833 264 5477 4491 2565 337 638 466 134 6485 2228 1879 1669 287
is_linear=0
shrinkage=0.03


Tree=59
num_leaves=31
num_cat=0
split_feature=163 7 5 357 3 278 271 107 137 247 346 280 266 248 367 233 137 233 248 278 233 174 6 247 271 279 266 154 279 159
split_gain=267.841 84.0935 57.3127 56.3407 47.6166 50.9278 45.265 50.0213 39.8513 36.9674 35.3424 34.3541 33.8999 33.8895 36.5559 33.1984 42.7439 47.2008 36.6985 42.0805 32.6906 40.5139 34.3343 32.3724 31.5313 31.2001 46.7676 45.1837 43.3144 43.9607
threshold=0.20271153748035434 0.23937810212373736 1.1621791124343874 -0.12063140422105788 0.19438093155622485 -0.041988568380475037 -0.17499998211860654 0.00010489009582670407 2.2016800642013554 0.052562221884727485 0.80373129248619091 0.24216231703758243 -0.015482115559279917 0.031310165300965316 -0.89598035812377919 0.032185249030590064 2.3908717632293706 0.089502122253179564 0.24297995120286944 0.042524671182036407 -0.1645792871713638 -0.26493705809116358 0.07872412353754045 -0.057839719578623765 -0.099999994039535509 0.017876982688903812 0.077650744467973723 -0.049582151696085923 -0.011812418699264525 0.017389853484928611
decision_type=2 2 2 2 2 2 2 2 2 2 2 2 2 2 2 2 2 2 2 2 2 2 2 2 2 2 2 2 2 2
left_child=1 4 -2 6 5 -1 9 -8 25 -3 -5 20 15 14 -4 18 17 -17 -9 -20 -6 22 -22 -23 -10 26 27 -7 29 -29
right_child=2 3 13 10 11 8 7 12 24 -11 -12 -13 -14 -15 -16 16 -18 -19 19 -21 21 23 -24 -25 -26 -27 -28 28 -30 -31
leaf_value=-0.005564217764581993 -0.0048104859672639813 -0.027317821312917958 0.045459829525264416 0.018527533199972468 0.013645470987117301 0.0229549982895241 -0.028719424687619788 0.015649159901534256 0.015530420819726724 0.016674126918064101 0.0043191071318511992 -0.015306819875990299 0.015448192360180444 -0.021602796134359524 -0.010089217038617005 -0.047239697735223393 0.012523751391518066 0.00079814396078482764 0.0084325044995326066 -0.039748375289038351 -0.014444464942242104 -0.02287747974896847 0.010218264407788868 -0.0038457105258982911 -0.003027710316555794 0.021895558589590927 0.02859169230270435 0.014842529266603011 -0.034523640783434478 -0.017742482682334776
leaf_weight=256.51253636181355 572.20550899207592 58.144075319170952 8.0818883180618268 771.483213737607 124.08239404857159 53.800295025110245 26.609203517436981 158.39453990757465 106.32274159789085 17.722586259245872 206.48240284621716 153.0985959097743 334.54670467972755 415.69882771372795 29.952032417058945 32.992341428995132 36.677089586853981 32.904948249459267 35.294111862778664 20.260679706931114 55.745636902749538 96.721627756953239 264.69450309872627 386.71708407253027 294.4105062186718 264.27349734306335 64.075928226113319 79.903409779071808 32.92955569922924 58.19587117433548
leaf_count=968 3113 236 38 3072 468 193 106 554 363 66 813 632 1211 3585 229 136 133 121 126 85 232 425 946 1507 1089 946 212 307 139 219
internal_value=0.0023852 0.00587727 -0.011245 0.010855 0.00208975 0.00616324 0.00460874 0.00711651 0.00934531 -0.0163741 0.0155903 -0.00247184 0.00888699 -0.0191405 0.00671278 0.00173554 -0.0117671 -0.0253353 0.00842439 -0.0114527 -0.0002443 -0.00250049 0.00567865 -0.00794699 0.00205248 0.014518 0.00737557 0.000602973 -0.00699541 0.000845144
internal_weight=5048.93 4023 1025.94 1731.51 2291.48 1210.42 753.546 677.68 953.912 75.8667 977.966 1081.06 651.07 453.733 38.0339 316.524 102.574 65.8973 213.949 55.5548 927.961 803.879 320.44 483.439 400.733 553.179 288.905 224.829 171.029 138.099
internal_count=22270 15305 6965 6659 8646 4436 2774 2472 3468 302 3885 4210 2366 3852 267 1155 390 257 765 211 3578 3110 1178 1932 1452 2016 1070 858 665 526
is_linear=0
shrinkage=0.03


Tree=60
num_leaves=31
num_cat=0
split_feature=164 164 177 280 7 7 10 349 237 251 189 349 160 227 357 234 248 254 232 244 244 85 267 265 153 228 277 125 133 100
split_gain=281.802 78.1883 70.0992 41.7219 40.8439 44.7248 36.3492 41.7529 34.0361 32.6031 33.5964 49.3633 36.3033 30.0182 48.6108 40.5327 41.9842 40.0813 33.6948 31.28 28.6384 31.0844 26.8009 26.0997 27.1846 25.9332 25.738 24.6649 26.4504 35.1321
threshold=0.3155409991741181 0.12761987745761874 -0.43041984736919398 -0.02081767842173576 0.2363599240779877 0.252648875117302 0.69622436165809642 0.14155015349388125 0.80000010132789623 0.50482630729675304 -0.42696665227413172 -0.77148416638374318 -0.19534500688314435 -0.055467247962951653 0.05865426920354367 0.52675697207450878 0.050495425239205367 0.84999999403953563 -0.090284980833530412 0.017726541496813301 -0.0069575002416968337 0.0016196451033465566 -0.13556548953056333 -0.35413730144500727 0.14267975836992267 0.59014239907264721 -0.059049718081951134 0.66042575240135204 1.0888165235519411 1.0419909358024599
decision_type=2 2 2 2 2 2 2 2 2 2 2 2 2 2 2 2 2 2 2 2 2 2 2 2 2 2 2 2 2 2
left_child=1 3 9 6 -3 13 22 -8 25 -2 11 12 -11 14 15 -6 -17 18 -18 -15 -16 -22 -1 -24 26 -4 -25 -12 -29 -30
right_child=2 4 8 -5 5 -7 7 -9 -10 10 27 -13 -14 19 20 16 17 -19 -20 -21 21 -23 23 24 -26 -27 -28 28 29 -31
leaf_value=-0.027178295654426469 -0.023647173482445809 0.00059907898497206838 -0.0017923621510302367 0.020467597515201611 0.015267413765903303 -0.016888201552581774 -0.037762327765485444 0.01816922730742631 -0.011170734910989017 0.064057890523068081 -0.02538758284199686 -0.0074870693798424768 -0.012902214059675926 0.013229764193951783 0.026974947266516513 0.011991987473959326 0.0014978939952682991 0.0043151282152320862 -0.03928834280630971 -0.018790839787218322 0.022712349418973859 -0.0062495845700791912 -0.022851445012406692 -0.0012023670816353142 -0.012482242708794819 0.014319330656821399 0.019723586848902033 0.0029373165159055879 0.013025631000447029 -0.024970390581490181
leaf_weight=10.001222625374792 286.36836867034435 1387.2593711316586 313.56874126940966 478.25180520117283 50.539280161261559 56.026720285415649 25.154878631234169 13.570498824119566 240.30333296954632 11.999664463102819 106.62272770702839 47.007559530436993 4.6338235512375823 850.59210127592087 74.012618973851204 39.234315350651741 21.959259152412415 37.746816605329514 77.814604476094246 22.18639563024044 44.262794524431229 88.705741718411446 12.431636214256285 63.283728167414665 28.115981683135033 117.92234391719103 269.8796584457159 107.24170414358377 22.787339314818382 94.282097741961479
leaf_count=41 2426 5091 1398 1956 173 228 112 55 1196 70 841 340 41 3099 262 138 79 142 311 88 158 344 56 258 113 451 1094 744 157 712
internal_value=0.00244398 0.00677711 -0.00921806 0.0144235 0.00423898 0.0079138 0.00733431 -0.0181517 -0.002281 -0.0159538 -0.0100292 0.00908279 0.0447025 0.00906923 0.00253843 -0.00691797 -0.0136585 -0.0212756 -0.0307037 0.0122608 0.0128586 0.00397002 0.0102124 0.011722 0.0133519 0.00274516 0.0157749 -0.0138477 -0.00771468 -0.0171723
internal_weight=5003.77 3651.03 1352.74 900.689 2750.34 1363.08 422.438 38.7254 671.794 680.943 394.575 63.641 16.6335 1307.05 434.275 227.294 176.755 137.521 99.7739 872.778 206.981 132.969 383.712 373.711 361.279 431.491 333.163 330.934 224.311 117.069
internal_count=22174 13798 8376 3685 10113 5022 1729 167 3045 5331 2905 451 111 4794 1607 843 670 532 390 3187 764 502 1562 1521 1465 1849 1352 2454 1613 869
is_linear=0
shrinkage=0.03


Tree=61
num_leaves=31
num_cat=0
split_feature=163 3 5 373 271 233 278 247 282 120 164 278 178 166 264 277 162 182 178 261 280 266 7 346 227 247 229 282 251 227
split_gain=255.458 77.6086 51.0486 41.613 36.9369 40.4237 48.6438 44.127 38.3965 37.9079 37.1557 34.5234 33.0742 31.0847 36.2126 36.412 30.906 30.4687 32.4811 33.5177 30.0363 30.8794 46.2782 29.5086 33.1937 31.3469 32.0636 34.1166 33.5709 57.7125
threshold=0.1965659633278847 0.20149951428174975 1.1621791124343874 0.43428638577461248 0.074999988079071059 -0.11715128645300864 -0.053614551201462739 -0.060721518471837037 -0.51520514488220204 2.4469696283340459 0.45457057654857641 -0.033460138365626328 -0.18108975142240522 0.44980806112289434 0.25058148801326757 0.13493053615093234 -0.20483379811048505 -0.2578147947788238 -0.29177951812744135 0.0015054093673825266 -0.28016665577888483 0.069047853350639357 0.22432254999876025 0.83939549326896679 0.025306153111159805 0.087482411414384856 0.036175606772303588 0.27146168053150183 0.44615587592124945 -0.095180545002222047
decision_type=2 2 2 2 2 2 2 2 2 2 2 2 2 2 2 2 2 2 2 2 2 2 2 2 2 2 2 2 2 2
left_child=1 3 -2 17 5 7 -7 -3 -6 13 16 -5 -4 14 -10 -16 -9 18 -1 -20 -13 -22 -23 24 25 26 27 -19 -28 -30
right_child=2 4 12 11 8 6 -8 10 9 -11 -12 20 -14 -15 15 -17 -18 23 19 -21 21 22 -24 -25 -26 -27 28 -29 29 -31
leaf_value=0.013089616173538049 -0.0047436888032294832 -0.015489708296931019 -0.024719762765322648 -0.0075486863772421054 -0.013303535317060078 0.0073650586883427906 -0.0094683940128684144 0.028252159940990243 0.019751414096618874 -0.021928873252759325 -0.020919244132266545 -0.015111433610231147 -0.0079757995036219363 -0.015357023090526528 -0.025409847096851859 0.022307856320943901 -0.0051370217186955565 0.022503978693659187 0.0055592046675127151 -0.025454762201032325 0.0043290580375961157 -0.017205554915170077 0.028094224595663513 0.0039187683566824323 0.021667002187483873 0.026795281517703252 0.010010306486419391 -0.00264476292057811 -0.027687411412652217 0.007696990733400487
leaf_weight=100.53903861343861 600.57091987133026 43.931615740060806 271.54320133477449 192.56587052345276 61.54992239177227 196.25324259698391 642.93712745606899 113.19626373052597 297.43746541440487 22.828716963529587 15.283759310841559 43.477714747190475 190.41302119195461 25.286758437752724 30.158746898174286 16.734080389142036 28.403946906328201 202.90647031366825 60.080369651317596 53.445026874542236 347.97634474933147 19.097143605351448 116.28449015319347 259.94203245639801 458.74274469912052 96.423752799630165 254.27724248170853 60.439116090536118 64.455816432833672 92.864893764257431
leaf_count=398 3240 176 2411 710 239 733 2499 384 1031 100 84 163 1534 140 120 56 112 805 221 223 1229 74 379 1000 1805 371 1017 249 273 369
internal_value=0.00237372 0.00591449 -0.0106245 0.00922237 0.000523586 -0.00258693 -0.00549095 0.00927437 0.00760296 0.0110838 0.0166384 0.00311264 -0.0180626 0.0135204 0.0159347 -0.00750084 0.0215574 0.0117722 0.00109445 -0.0095847 0.00707706 0.00928154 0.0210987 0.0132869 0.0152247 0.0112194 0.00872663 0.0167743 0.00335811 -0.00729833
internal_weight=4980.05 3917.52 1062.53 2423.52 1494 1040.01 839.19 200.816 453.996 392.446 156.884 719.402 461.956 369.617 344.33 46.8928 141.6 1704.12 214.064 113.525 526.836 483.358 135.382 1490.05 1230.11 771.367 674.944 263.346 411.598 157.321
internal_count=22145 14960 7185 9286 5674 3988 3232 756 1686 1447 580 2555 3945 1347 1207 176 496 6731 842 444 1845 1682 453 5889 4889 3084 2713 1054 1659 642
is_linear=0
shrinkage=0.03


Tree=62
num_leaves=31
num_cat=0
split_feature=166 165 373 6 7 251 7 153 6 115 331 263 251 233 280 356 266 243 133 131 364 462 126 245 185 126 187 229 138 236
split_gain=233.679 95.1937 36.2462 36.1446 37.2852 33.137 32.2622 34.156 33.8126 32.8847 33.9482 30.1598 31.2995 34.6004 29.8898 30.3493 35.4889 29.0401 40.288 44.4506 32.889 28.8581 28.6746 38.9747 36.3893 35.0042 31.1679 52.4139 31.1029 31.4694
threshold=0.21806698292493823 0.23313874006271365 0.65130192041397106 0.072744261473417296 0.21010493487119677 0.49682894349098211 0.22432254999876025 0.0063358889892697343 0.06665168330073358 0.027514708228409294 -0.34524658322334284 0.20039331167936328 0.45912301540374761 -0.049531744793057435 -0.44213201105594629 0.96883326768875133 -0.12345515936613081 0.0086680860258638876 1.4183827638626101 1.1055061817169192 0.52396163344383251 0.87026646733284008 0.46206124126911169 0.17660936713218692 -0.17960531264543531 0.19503946602344516 -0.27003644406795496 0.24360748380422595 3.4520025253295903 0.18781147897243503
decision_type=2 2 2 2 2 2 2 2 2 2 2 2 2 2 2 2 2 2 2 2 2 2 2 2 2 2 2 2 2 2
left_child=2 6 3 -1 -5 -3 7 -2 -8 10 11 -10 13 -13 -6 22 -17 -7 19 -19 21 -21 23 25 26 -16 -25 -28 29 -26
right_child=1 5 -4 4 14 17 8 -9 9 -11 -12 12 -14 -15 15 16 -18 18 -20 20 -22 -23 -24 24 28 -27 27 -29 -30 -31
leaf_value=-0.0025855482472744093 -0.0005856803230251201 -0.024779679251460934 0.001698748415369863 -0.013994918813846997 -0.020668468804032201 -0.01565483558105929 -0.01893091069908498 -0.012092420903389365 -0.015425319195821666 -0.000227930162600658 0.024081066417461081 0.020319602609468971 0.026225069015110975 -0.016130028718142248 0.0046756806950948087 -0.032702173883272664 0.0062414613429255606 -0.012693825524620655 -0.021076814948840408 0.064697305005753977 -0.006325711906518019 -0.0040837487416519403 0.022181330572430387 0.012190124333022738 0.01893850871402207 -0.040066810772597085 -0.020238657058277282 0.018580101848830823 -0.0032252425616597817 -0.02277276966682756
leaf_weight=171.72048196196556 553.27301250398159 223.15070567280054 552.32621984183788 43.742463186383247 18.112071692943573 161.25226104259491 56.605499804019928 396.56125943362713 48.458486571907997 636.05119291692972 114.36732566356659 32.314384609460831 57.506815806031227 50.972312584519386 42.380993112921715 16.170146614313126 223.82298573851585 20.549448102712631 26.952593952417374 20.295942597091202 9.5718594640493375 5.5287669822573653 335.14219871163368 171.11079077422619 754.72731225192547 16.661973655223846 83.679806396365166 41.103829711675644 63.636245578527451 10.778865829110144
leaf_count=638 2516 2080 1939 160 71 1368 278 1945 202 2453 378 110 189 208 158 67 858 185 226 131 80 46 1352 654 2969 76 335 156 265 41
internal_value=0.00221594 -0.00446291 0.00854815 0.0104287 0.0116668 -0.0165177 -0.0015141 -0.0054541 0.00224361 0.0036608 0.0116626 0.00351328 0.0105245 -0.0013927 0.0123567 0.0127833 0.00272258 -0.00844433 0.00559141 0.0195211 0.037479 0.0519215 0.0143459 0.012002 0.0132615 -0.0107002 0.00405993 -0.00706433 0.0164712 0.0181366
internal_weight=4958.53 2413.41 2545.12 1992.79 1821.07 467.302 1946.11 949.834 996.276 939.671 303.619 189.252 140.794 83.2867 1777.33 1759.22 239.993 244.151 82.8986 55.946 35.3966 25.8247 1519.22 1184.08 1125.04 59.043 295.894 124.784 829.142 765.506
internal_count=22134 12395 9739 7800 7162 4116 8279 4461 3818 3540 1087 709 507 318 7002 6931 925 2036 668 442 257 177 6006 4654 4420 234 1145 491 3275 3010
is_linear=0
shrinkage=0.03


Tree=63
num_leaves=31
num_cat=0
split_feature=166 164 140 7 280 10 226 268 155 114 250 349 7 18 243 251 282 280 233 2 297 158 280 230 162 144 235 231 58 157
split_gain=240.51 72.4885 43.8122 43.6639 38.6633 38.9003 35.2433 34.5559 43.521 42.5503 36.3062 33.2902 30.8161 30.1528 29.8535 28.966 28.4415 45.3602 37.3644 28.3065 27.601 26.9801 33.0285 31.9981 26.8618 28.3177 26.6202 26.5968 26.4274 25.2341
threshold=0.38507701456546789 0.13001942634582522 0.52347567677497875 0.2363599240779877 -0.02081767842173576 0.69622436165809642 -0.38713382184505457 -0.21257874369621274 0.46219108998775488 0.059872359037399299 -0.14429400116205213 0.20846278220415118 0.24364561587572101 0.22396993637084964 -0.015606746077537535 0.49682894349098211 -0.22838725149631497 -0.10457259416580199 0.090505789965391173 0.043042656034231193 -0.013618526514619587 0.015576296951621773 -0.33870285749435419 0.99559941887855541 -0.051108578220009797 -1.8915076255798338 0.012942221947014334 0.98674201965332042 0.31061333417892462 -0.32047413289546961
decision_type=2 2 2 2 2 2 2 2 2 2 2 2 2 2 2 2 2 2 2 2 2 2 2 2 2 2 2 2 2 2
left_child=1 4 -2 6 5 16 -3 8 10 -9 12 -7 -5 15 19 -4 17 -1 -19 -11 -16 22 -8 -23 25 -12 -10 29 -6 -24
right_child=2 3 13 7 28 11 21 9 26 14 24 -13 -14 -15 20 -17 -18 18 -20 -21 -22 23 27 -25 -26 -27 -28 -29 -30 -31
leaf_value=0.012909809751078081 -0.025837109337476676 -0.016820665735983918 -0.022862897940322521 0.011485782085332687 0.019774733516327456 -0.035830661607935403 -0.019731179090012013 -0.03253324542539722 -0.030415585181448771 -0.025603434205465792 -0.016069362547239691 0.014027697841068361 -0.041318350125909217 0.001175567568372669 0.017662729595639404 -0.0076131085354305024 0.013324019454920797 -0.043155764420750947 0.015721221230299575 0.018437354322834543 0.0052946768750345378 -0.0020472711879029669 0.014960916856771924 -0.028481906869830629 -0.004091203141798107 0.01450598063913492 0.0035051506856800915 0.016235601345022801 -0.019222746517266315 0.00078693600564336112
leaf_weight=46.664452344179153 148.85054379701614 97.392278604209423 151.31103512644768 11.446196630597116 475.28044575452805 27.399747535586357 43.906960166990757 12.956690311431883 49.216603428125381 29.481235355138779 23.913047477602959 13.495672240853308 19.874897360801697 220.0493736192584 500.00215188413858 444.8112453147769 307.37040427327156 27.750672221183777 8.98182365298271 14.143997415900229 254.71738573908806 498.42103607207537 126.5500485599041 38.237245291471481 128.5223493501544 294.07662277668715 30.158924758434296 154.78480147570372 10.5813100785017 755.49248076230288
leaf_count=187 1375 423 1266 40 1993 120 183 55 203 117 97 56 89 974 1825 3057 1276 120 33 47 955 1967 481 168 493 1074 114 564 44 2854
internal_value=0.00224691 0.00549263 -0.0111412 0.00327007 0.0128688 0.0061516 6.97872e-05 0.00725173 0.00144811 0.0111784 0.00494325 -0.0195125 -0.0231741 -0.00825129 0.0121774 -0.0117217 0.00915997 -0.00591436 -0.0283071 -0.0105423 0.0135893 0.00116142 0.00388954 -0.00429254 0.00726598 0.0118778 -0.0181662 0.00502548 0.0186432 0.00293413
internal_weight=4965.84 4000.82 965.022 3083.29 917.525 431.663 1714.78 1368.51 557.209 811.301 477.833 40.8954 31.3211 816.172 798.345 596.122 390.767 83.3969 36.7325 43.6252 754.72 1617.39 1080.73 536.658 446.512 317.99 79.3755 1036.83 485.862 882.043
internal_count=22250 15578 6672 11749 3829 1792 6640 5109 2110 2999 1793 176 129 5297 2944 4323 1616 340 153 164 2780 6217 4082 2135 1664 1171 317 3899 2037 3335
is_linear=0
shrinkage=0.03


Tree=64
num_leaves=31
num_cat=0
split_feature=166 166 177 281 235 7 177 6 282 247 226 277 128 178 179 229 267 264 247 278 190 144 285 247 142 137 133 338 278 159
split_gain=236.116 71.6898 57.1011 45.9914 53.0378 35.8565 46.3234 34.2409 33.182 31.0405 29.515 33.194 29.0815 28.836 34.4606 32.4064 36.0263 45.946 42.1278 46.2383 28.1842 27.555 27.4891 24.065 24.0304 23.3486 24.0213 22.826 26.0448 30.1681
threshold=0.38507701456546789 0.13048141449689868 -0.52896839380264271 -0.18613725155591962 0.17857497185468676 0.2363599240779877 0.3037905246019364 0.071922417730093016 0.48541983962059027 0.046071019023656852 -0.38713382184505457 -0.16370095312595365 1.5005907416343691 -0.29177951812744135 -0.52990022301673878 0.024148863740265373 0.057402309030294425 -0.057911142706871026 -0.038844019174575799 -0.0094798454083502275 -0.39304693043231959 -1.0946254730224607 -0.29291757941246027 0.041834848001599319 3.4786492586135869 1.5755488872528078 0.049185913056135185 0.22017230093479159 -0.20630410313606259 -2.7648638933897013e-10
decision_type=2 2 2 2 2 2 2 2 2 2 2 2 2 2 2 2 2 2 2 2 2 2 2 2 2 2 2 2 2 2
left_child=1 12 25 -4 20 10 9 -8 -9 23 -3 -12 13 21 -15 -16 18 -18 19 -17 -5 24 -10 -7 -1 -2 -27 28 -13 -30
right_child=2 5 3 4 -6 6 7 8 22 -11 11 27 -14 14 15 16 17 -19 -20 -21 -22 -23 -24 -25 -26 26 -28 -29 29 -31
leaf_value=-0.026905466435895881 -0.029218918571820733 -0.015364279714106687 -0.017091303374968607 -0.01134169202954771 -0.015254752582617536 -0.00020481262326102104 -0.0059180146773320681 0.01708052738768907 0.013857752110899622 0.013613950944496871 0.019112195588285183 0.033751411133623892 0.022324118713599687 -0.034134158170922406 0.018812942095259116 -0.036843670775990683 0.012120572239927683 -0.044154107343325984 0.015448575199970957 0.0074487054332325357 0.01625599264782231 0.026035695059362235 -0.019828732790879357 -0.025450510336111336 0.016416306022639066 0.024286790269502957 -0.015202067327879765 -0.0097443952798658175 -0.0033522606801335052 0.0053081127447367872
leaf_weight=14.309731170535086 129.56347920745611 94.15702685713768 141.08272784948349 34.989056788384914 89.900222614407539 539.81205260753632 78.619036555290222 547.21133525669575 34.772923439741135 140.19831875711679 82.370059810578823 15.31972014904022 227.50406108796597 12.587322071194647 123.95032557845116 29.647740021348 17.375875860452652 25.43055285513401 134.98610791563988 45.250664234161377 176.20268989354372 125.33102576434612 38.68831305205822 29.34185391664505 18.133783847093582 8.1115838736295682 372.59529113024473 173.18219713121653 702.8835997954011 730.92089984565973
leaf_count=66 1326 413 750 203 490 2013 286 2094 129 506 291 51 982 56 522 130 70 114 565 192 731 536 155 116 78 66 3084 720 2723 2744
internal_value=0.00197852 0.00519161 -0.0113837 -0.00337887 0.00325463 0.00319404 0.00676618 0.0122074 0.0145604 0.00132063 0.000375539 0.00131033 0.0133481 0.00936096 0.00477229 0.006699 0.000369489 -0.0226074 0.0056825 -0.0116063 0.0114185 0.0199338 -0.00393435 -0.00181794 -0.0038091 -0.0181604 -0.0139103 0.000321798 0.00157306 0.00105965
internal_weight=4934.43 3981.98 952.445 442.175 301.092 3207.48 1408.64 699.292 620.673 709.352 1798.83 1704.68 774.507 547.003 389.229 376.641 252.691 42.8064 209.885 74.8984 211.192 157.775 73.4612 569.154 32.4435 510.27 380.707 1622.31 1449.12 1433.8
internal_count=22202 15552 6650 2174 1424 12241 5299 2664 2378 2635 6942 6529 3311 2329 1649 1593 1071 184 887 322 934 680 284 2129 144 4476 3150 6238 5518 5467
is_linear=0
shrinkage=0.03


Tree=65
num_leaves=31
num_cat=0
split_feature=163 3 5 228 166 233 268 125 267 250 244 277 7 254 247 352 359 278 247 128 236 245 245 270 247 271 233 265 277 220
split_gain=210.358 66.8802 49.3249 41.6822 39.5358 36.9228 51.4866 82.6696 47.5394 41.3193 40.2977 39.5351 35.7799 53.7382 38.0341 39.8759 36.827 32.5208 36.7841 35.3055 32.9573 31.7271 30.8222 30.7991 32.1482 34.4565 49.4011 44.2575 41.9871 30.6311
threshold=0.1965659633278847 0.20149951428174975 1.1621791124343874 0.77802231907844555 0.12711897492408755 -0.093817885965108858 -0.21257874369621274 0.79697400331497203 0.082963481545448317 -0.094042286276817308 -0.0071603101678192607 -0.09835971891880034 0.23937810212373736 0.65000000596046459 0.033033862709999091 -0.47596083581447596 0.38955397903919226 -0.01042854133993387 -0.038940418511629098 0.57389864325523388 0.10031352564692499 0.22979693114757541 0.2931064665317536 0.051440797746181495 -0.12234359234571456 0.099999934434890761 0.25865231454372412 0.54304742813110363 -0.10164714977145194 0.70000001788139354
decision_type=2 2 2 2 2 2 2 2 2 2 2 2 2 2 2 2 2 2 2 2 2 2 2 2 2 2 2 2 2 2
left_child=1 3 -2 4 17 6 7 -3 9 11 -10 -7 14 -14 29 -16 -17 18 19 -1 21 -20 -21 24 -6 26 27 -26 -27 -11
right_child=2 5 -4 -5 23 8 -8 -9 10 12 -12 -13 13 -15 15 16 -18 -19 20 22 -22 -23 -24 -25 25 28 -28 -29 -30 -31
leaf_value=-0.035971934756988039 -0.0046418728304944449 0.018308507392408226 -0.017934442566888312 0.028055477451791013 0.022297970518323312 0.016176743825943456 0.017331495510791706 -0.024546098306716935 0.0061542444530146463 0.0010227711366551458 -0.026544412207250963 -0.034332889585666874 -0.020067991193945606 0.015161079184503783 -0.01675228861750765 0.021020538948776382 -0.0042284732394707357 0.018899076727074825 -0.0095183219025817157 0.023632665169549372 -0.020050882248477328 0.024012382687322673 -0.019384939009087481 -0.011620687111903331 0.0096320639912814855 -0.037346326344922486 -0.029680052950070302 -0.018571840707388803 -0.00021210733100422818 -0.016681207387455023
leaf_weight=26.390927359461784 596.44890187680721 67.236530758440495 439.74243445694447 83.027759909629822 91.856576234102249 13.616612151265143 211.89407037198544 82.391237035393715 43.044350251555443 150.53620645403862 115.89140626788139 48.808217525482178 39.489751905202866 249.21093232929707 49.505126163363457 130.40375924110413 79.407502874732018 382.31587418913841 27.432472407817841 25.150364473462105 18.429684072732925 115.56185920536518 21.119709849357605 91.767959952354431 1034.1766277700663 22.595601871609688 24.86479215323925 46.029425069689751 379.42266511917114 198.56022202968597
leaf_count=112 3267 240 3922 294 322 52 766 366 160 557 491 236 153 883 219 442 301 1696 124 104 78 500 96 363 3808 97 118 184 1426 803
internal_value=0.00158255 0.00479989 -0.0103756 0.00789598 0.00708328 -0.000206779 0.0080286 -0.00526437 -0.00291139 -0.000333768 -0.0177394 -0.0226439 0.00137035 0.00994579 -0.00274861 0.00584019 0.0115881 0.0135637 0.0045106 -0.0123829 0.0123758 0.0173657 0.0038333 0.00466826 0.00565625 0.00453661 0.0072631 0.00830875 -0.00292835 -0.00914744
internal_weight=4906.33 3870.14 1036.19 2390.14 2307.11 1480 361.522 149.628 1118.47 959.538 158.936 62.4248 897.114 288.701 608.413 259.316 209.811 616.401 234.085 72.661 161.424 142.994 46.2701 1690.71 1598.95 1507.09 1105.07 1080.21 402.018 349.096
internal_count=22180 14991 7189 9322 9028 5669 1372 606 4297 3646 651 288 3358 1036 2322 962 743 2710 1014 312 702 624 200 6318 5955 5633 4110 3992 1523 1360
is_linear=0
shrinkage=0.03


Tree=66
num_leaves=31
num_cat=0
split_feature=166 166 177 281 235 7 177 137 190 282 6 157 263 7 248 229 229 266 229 246 363 252 244 153 170 131 326 320 105 247
split_gain=200.401 64.9515 46.7852 46.3396 53.6134 36.1185 41.2653 32.1112 30.7282 29.5293 29.1448 28.6064 27.3292 28.131 26.8045 31.8276 36.5368 53.6744 32.0792 29.263 31.9649 28.424 34.4018 28.2724 26.8013 26.6478 26.3078 30.5125 25.5731 25.4037
threshold=0.38507701456546789 0.13048141449689868 -0.52896839380264271 -0.18613725155591962 0.17857497185468676 0.2363599240779877 0.3037905246019364 1.5755488872528078 -0.39304693043231959 0.48541983962059027 0.071922417730093016 -0.061302492395043366 0.53100851178169262 0.24364561587572101 0.070328969508409514 0.03680612891912461 0.25359208881855017 0.0014512636698782446 0.044933788478374488 0.2868951559066773 0.50571629405021679 0.82454830408096325 0.0047649235930293807 0.17677997052669528 -0.19805807620286939 1.7310582995414736 -0.027740621007978913 -0.74591737985610951 2.730181503096674e-08 0.046071019023656852
decision_type=2 2 2 2 2 2 2 2 2 2 2 2 2 2 2 2 2 2 2 2 2 2 2 2 2 2 2 2 2 2
left_child=1 14 7 -4 8 11 12 -2 -5 10 -8 24 29 -14 -1 19 17 21 25 -16 -21 22 23 -17 26 -19 27 -3 -9 -7
right_child=2 5 3 4 -6 6 9 28 -10 -11 -12 -13 13 -15 15 16 -18 18 -20 20 -22 -23 -24 -25 -26 -27 -28 -29 -30 -31
leaf_value=0.023760014929196369 -0.029548799528080517 0.007056126926639498 -0.016988773870342838 -0.012492571027520657 -0.015352681760349379 -0.0034335720508949304 -0.0036887204627539922 0.028820607522577875 0.016434591929135881 -0.0045350515339067235 0.016465277885868622 0.0042735358458599057 -0.0126114163811295 0.027692747524512468 0.022837859695628741 -0.044506144870060556 0.014827740388384273 -0.044513069182989543 0.020521646145213953 -0.033136639705389499 0.017034613486239504 0.021113089475907745 -0.0026595746850804512 0.0075909469654660755 -0.0088240291295988201 0.013758936893376246 0.0084050370098854559 -0.013204080336511288 -0.013038337119305611 0.011169649481119369
leaf_weight=160.51060409843922 124.67740409821272 105.61606411635876 139.26203822344542 34.28503604978323 88.501453720033169 510.7207046225667 69.57323782145977 7.045679233968257 180.85835193842649 82.383748114109039 546.60706789791584 861.16216211766005 15.756143018603323 55.728747934103012 192.91063363850117 48.13327132165432 156.69097657501698 8.2647078484296816 76.923328936100006 14.032786712050436 18.284722343087196 9.9813643842935544 50.582337751984596 8.6741841137409192 420.66282588988543 8.0850617140531522 241.29813499748707 158.88668028265238 365.06501400470734 128.15722173452377
leaf_count=706 1326 402 752 205 486 1922 253 58 748 317 2119 3239 60 189 832 214 668 37 335 68 77 45 218 36 1685 35 915 673 3070 469
internal_value=0.00211344 0.00507912 -0.0102859 -0.0030893 0.00349085 0.00319232 0.00677199 -0.016549 0.0115291 0.0119145 0.014157 0.000349722 0.0016333 0.0183429 0.012971 0.00978775 0.00416361 -0.00394259 0.0124691 0.0185132 -0.00650449 -0.0170369 -0.0217496 -0.0364266 -0.00329097 -0.0197614 0.00134791 -0.00510215 -0.0117006 -0.00039864
internal_weight=4889.32 3949.63 939.695 442.907 303.645 3196.55 1408.93 496.788 215.143 698.564 616.18 1787.63 710.363 71.4849 753.074 592.563 367.335 210.644 93.2731 225.228 32.3175 117.371 107.39 56.8075 926.464 16.3498 505.801 264.503 372.111 638.878
internal_count=22159 15514 6645 2191 1439 12243 5329 4454 953 2689 2372 6914 2640 249 3271 2565 1588 920 407 977 145 513 468 250 3675 72 1990 1075 3128 2391
is_linear=0
shrinkage=0.03


Tree=67
num_leaves=31
num_cat=0
split_feature=166 166 36 124 336 249 229 164 249 160 176 281 129 229 280 245 267 268 230 166 271 251 139 246 249 235 267 254 246 120
split_gain=188.138 61.5786 43.3136 43.1269 32.321 33.1596 62.2187 52.7915 43.8196 33.7139 30.3024 37.33 30.1033 29.7693 34.2747 36.5376 26.6988 51.2767 31.1538 42.1023 32.8415 30.9172 36.803 34.0553 30.8237 28.7408 28.0862 27.7801 27.9112 39.9513
threshold=0.38507701456546789 0.21407432109117511 0.54616111516952526 0.076335761696100249 -0.79077941179275502 0.053364716470241554 0.18777077645063403 0.15381482243537906 0.069236900657415404 -0.44176164269447321 0.15193408727645877 -0.18613725155591962 0.00020834823953919115 0.025085232220590118 -0.44213201105594629 0.16970393061637881 0.028987785801291469 -0.18236264586448667 -0.26632590591907496 0.15533765405416491 0.20000003278255465 0.65914258360862743 2.5770272016525273 0.15417916327714923 1.0000000180025095e-35 0.047918176278471954 0.117323886603117 0.7749999761581422 0.33189179003238684 2.1052525043487553
decision_type=2 2 2 2 2 2 2 2 2 2 2 2 2 2 2 2 2 2 2 2 2 2 2 2 2 2 2 2 2 2
left_child=1 2 4 -2 -1 13 8 -8 -7 -9 -5 -12 -10 14 -6 -16 21 18 -18 20 26 23 -23 -15 25 -19 -20 -25 29 -29
right_child=3 -3 -4 10 5 6 7 9 12 -11 11 -13 -14 16 15 -17 17 24 19 -21 -22 22 -24 27 -26 -27 -28 28 -30 -31
leaf_value=-0.0005274012554414752 -0.023792519604050381 -5.0844409471829229e-05 -0.0145864617547363 -0.010323056731364216 -0.022348261062856464 -0.032063988262032432 0.028152827196140883 0.0091002236390773095 -0.019144877629484039 -0.022892097036697024 -0.016260585980932909 0.012334707192876101 0.0052004228841202576 0.027637212621395756 -0.015608456791666142 0.022076213605925068 0.011172733599588393 0.013042466411117551 -0.042574519889771546 0.0034427200558915009 0.011392047748139086 -0.038749978341802514 0.0079332783481463089 0.018172953507415452 0.025659609352087359 -0.021204546851007706 0.0085584186494071842 0.003896554218404727 0.018587378177646323 -0.030848158063450613
leaf_weight=315.31037767231464 166.64266107231379 1494.5968158990145 69.825888693332672 585.66295526176691 12.012334570288656 43.652286946773529 113.84682342410088 112.78109042346478 54.607648074626923 32.370104119181633 52.385347940027714 126.53475535660982 169.79397267103195 133.87425766885281 19.405495434999466 407.92856858670712 50.207566559314728 52.974686414003372 60.247732788324356 61.98174162209034 12.14296682178974 15.835728421807287 39.523190230131149 236.10239125788212 89.308518677949905 27.865381747484207 8.4560057222843152 188.25775216519833 80.72073133289814 28.128085404634476
leaf_count=1119 1509 5950 261 4377 49 186 468 409 211 126 248 504 659 535 80 1649 208 216 264 220 53 68 159 928 347 110 37 750 318 123
internal_value=0.00186368 0.00473883 0.00767214 -0.0102092 0.00837416 0.0097442 0.00317622 0.0134999 -0.00685023 0.00117167 -0.00704606 0.00360892 -0.0010785 0.0119824 0.0185999 0.0201168 0.00919277 0.0024572 -0.00796873 -0.0149751 -0.028364 0.0125084 -0.00810313 0.0143008 0.0141923 0.000369003 -0.035933 0.0106183 0.00430012 -0.00139805
internal_weight=4862.98 3931.76 2437.16 931.226 2367.34 2052.03 527.052 258.998 268.054 145.151 764.583 178.92 224.402 1524.97 439.346 427.334 1085.63 363.185 193.036 142.828 80.8467 722.442 55.3589 667.083 170.149 80.8401 68.7037 533.209 297.107 216.386
internal_count=22141 15503 9553 6638 9292 8173 2059 1003 1056 535 5129 752 870 6114 1778 1729 4336 1455 782 574 354 2881 227 2654 673 326 301 2119 1191 873
is_linear=0
shrinkage=0.03


Tree=68
num_leaves=31
num_cat=0
split_feature=166 7 7 286 263 3 10 157 249 299 107 271 251 18 229 161 123 127 247 10 10 126 263 309 313 154 247 280 170 159
split_gain=184.167 59.3153 59.2141 45.5768 40.553 39.7002 52.4765 38.9514 34.3745 31.4782 29.9995 29.2158 29.1704 30.5445 29.0109 34.0648 28.7994 38.1028 28.7335 28.1786 28.1745 31.7377 28.1227 27.6079 31.2404 29.4406 42.4165 71.689 43.3102 26.7416
threshold=0.38507701456546789 0.2363599240779877 0.24789286404848102 -0.25709009170532221 0.49435879290103918 0.20264933258295062 0.37376695871353155 -0.064256429672241197 -0.18532703071832654 0.97127225995063793 7.009193359408529e-05 -0.19999995827674863 0.49682894349098211 0.22396993637084964 0.17204420268535617 -0.0012870637001469729 0.12174820154905321 0.10307765752077104 0.04219814948737622 0.82380083203315746 0.40253517031669622 0.16977438330650332 0.28138405084609991 -0.50056561827659596 -0.64803260564804066 0.26565361022949224 0.035622706636786468 0.17114730179309848 -0.29177953302860254 0.0236423509195447
decision_type=2 2 2 2 2 2 2 2 2 2 2 2 2 2 2 2 2 2 2 2 2 2 2 2 2 2 2 2 2 2
left_child=1 7 8 4 11 6 -2 23 -3 10 -10 -4 13 -7 19 -16 -14 20 -17 -9 21 -18 -15 24 -1 26 28 -28 -25 -5
right_child=5 2 3 29 -6 12 -8 14 9 -11 -12 -13 16 22 15 18 17 -19 -20 -21 -22 -23 -24 25 -26 -27 27 -29 -30 -31
leaf_value=-0.0038654310323777766 0.025696144698186964 -0.026250252009844304 -0.022249676012464685 -0.021312053062989604 0.0273926309721363 -0.025727661293436007 -0.010961634608551964 0.010750501163183029 -0.014665526752983514 0.0043837444793639021 0.015725605012006687 0.0045868622786126197 -0.022782516207878519 0.017929706911516453 -0.015312402961162101 -0.0025451464687809428 0.062527605267588049 -0.0082705175581965842 0.017967892346458399 -0.017427288216431972 0.0026513449731863435 -0.0089339747032086188 -0.014566888928517376 0.0070989523630731431 -0.025170034644729063 0.016675030254967017 0.016032389364418909 -0.020705036936055882 -0.014730007115614068 0.0058786545244748139
leaf_weight=209.19407346099615 55.683100968599319 14.559009313583372 34.979749798774719 106.49160848557949 56.981646955013275 213.29031551629305 73.312403857707977 608.23034976422787 24.492729619145393 348.53162185847759 1038.9708500280976 272.01067813485861 83.678669974207878 26.962065562605858 102.51993250846863 172.81024361401796 10.938802234828474 324.76329879462719 86.632840968668461 27.266191951930523 54.499076910316944 5.5196233391761771 75.319157995283604 111.5086941793561 84.041449852287769 80.833932727575302 196.24835385382175 55.800938799977303 263.62598375976086 41.30783586204052
leaf_count=828 200 58 145 432 193 2107 322 2302 97 1359 4280 1018 698 132 415 680 63 2305 309 111 354 40 405 450 376 293 722 230 1084 156
internal_value=0.00214706 0.00497895 0.00870955 -2.96484e-05 0.00565642 -0.0098551 0.00529325 0.00133806 0.0118369 0.0123645 0.0149245 0.0010677 -0.012351 -0.0193996 0.00551898 -0.00122579 -0.00747712 -0.00387484 0.00455723 0.00934848 0.0150451 0.0425996 -0.0053047 -0.00282602 -0.0104508 0.000388605 -0.00185478 0.00751888 -0.0082027 -0.0137226
internal_weight=4861.01 3937.04 1938.33 511.772 363.972 923.967 128.996 1998.71 1426.55 1412 1063.46 306.99 794.971 315.572 997.46 361.963 479.399 395.721 259.443 635.497 70.9575 16.4584 102.281 1001.25 293.236 708.018 627.184 252.049 375.135 147.799
internal_count=22164 15538 7738 1944 1356 6626 522 7800 5794 5736 4377 1163 6104 2644 3817 1404 3460 2762 989 2413 457 103 537 3983 1204 2779 2486 952 1534 588
is_linear=0
shrinkage=0.03


Tree=69
num_leaves=31
num_cat=0
split_feature=166 3 177 281 235 228 278 248 129 7 304 187 201 110 280 263 248 126 149 232 230 278 247 154 137 231 289 162 290 238
split_gain=180.912 56.4392 53.0713 47.9915 46.9954 37.1424 35.1298 49.3707 42.848 36.2066 33.4839 34.0057 32.5462 32.13 33.8409 33.0182 31.0827 30.7708 29.8442 31.0687 32.0342 37.2163 29.9603 27.6243 26.929 25.948 37.208 32.9398 31.797 25.5423
threshold=0.38507701456546789 0.19598712772130969 -0.52896839380264271 -0.18613725155591962 0.17857497185468676 0.77802231907844555 0.08949011936783792 0.16753122210502627 0.046233505010604865 0.21010493487119677 -0.48270384967327112 -0.17960531264543531 0.51925924420356762 0.29981416463851934 0.17114730179309848 0.22799138724803927 0.098152585327625289 0.0058327519800513991 -2.225966095924377 -0.20887932926416394 -0.99554541707038868 0.0078800083138048666 0.12065285071730615 0.2745827585458756 1.5755488872528078 0.99557733535766613 -0.22940801084041593 -0.22584291547536847 -0.22650255262851712 0.14982793480157855
decision_type=2 2 2 2 2 2 2 2 2 2 2 2 2 2 2 2 2 2 2 2 2 2 2 2 2 2 2 2 2 2
left_child=1 5 24 -4 17 6 9 16 -9 -1 13 23 -11 -3 15 -15 -8 -5 -14 22 21 -21 -20 25 -2 26 -12 -28 -27 -22
right_child=2 10 3 4 -6 -7 7 8 -10 12 11 -13 18 14 -16 -17 -18 -19 19 20 29 -23 -24 -25 -26 28 27 -29 -30 -31
leaf_value=-0.012827913493102328 -0.029364913739772062 -0.0168424656512868 -0.016730627549127644 -0.018126896331457473 -0.013561676054685569 0.029329424747620278 -0.0095880238565807553 0.0036949495869840207 -0.044349946056253788 0.0036972087970716079 0.0046569454001269273 0.0095276310199022014 -0.0085849854343857494 -0.0054749374095261864 -0.018891239615317752 0.015396303618349391 0.027293062934812241 0.015568950486782401 -0.022315296793209004 -0.032035708765990142 0.015810494022029477 0.01850527072799376 0.018976248857724611 0.015926046802897362 -0.012352593867550785 -0.0091860530049647018 -0.019680226376708066 -0.002266880729063695 0.025266919008465991 -0.0098963291048366434
leaf_weight=64.733489707112312 115.03572780638933 155.33453345298767 136.07458603382111 21.534162983298302 87.306574992835522 65.029125139117241 35.072599291801453 25.237757742404938 35.535786285996437 691.78519466519356 240.53246714919806 481.56533440947533 55.816692218184471 138.19093560427427 63.899238876998425 122.02396082133055 34.312591001391411 194.82047064602375 37.297385916113853 22.956822440028191 1049.2917667478323 16.95811815559864 17.964483350515366 75.656274817883968 362.01049190014601 34.252876102924347 173.18175043165684 221.74604158103466 54.703100927174091 31.001318603754044
leaf_count=248 1290 691 751 128 483 235 137 92 148 2657 953 1786 237 553 263 451 120 830 141 96 4285 64 57 275 3125 147 756 901 196 119
internal_value=0.00197044 0.00476412 -0.00998189 -0.00236893 0.00426491 0.00798006 0.00722516 -0.00752915 -0.0259223 0.00821954 0.000755978 0.00328994 0.00897743 -0.00594597 -0.000446353 0.00441997 0.00934283 0.0117051 0.0118979 0.0129245 0.0140148 -0.010782 -0.00809929 -0.000501601 -0.016842 -0.00236762 -0.00453228 -0.0101388 0.0121889 0.0150042
internal_weight=4860.86 3944.08 916.782 439.736 303.661 2182.99 2117.96 130.159 60.7735 1987.81 1761.09 1281.64 1923.07 479.449 324.114 260.215 69.3852 216.355 1231.29 1175.47 1120.21 39.9149 55.2619 800.073 477.046 724.416 635.46 394.928 88.956 1080.29
internal_count=22215 15608 6607 2192 1441 8636 8401 497 240 7904 6972 5014 7656 1958 1267 1004 257 958 4999 4762 4564 160 198 3228 4415 2953 2610 1657 343 4404
is_linear=0
shrinkage=0.03


Tree=70
num_leaves=31
num_cat=0
split_feature=166 164 177 280 182 137 433 327 217 282 280 233 349 161 325 153 127 353 233 266 231 452 263 243 114 235 6 282 250 110
split_gain=149.481 51.9275 47.4584 37.4959 31.8652 29.9243 29.891 26.6157 25.9505 30.695 41.5625 28.8259 27.1025 25.8572 25.8141 23.4494 34.9462 25.099 24.6459 22.8553 25.5883 22.1828 26.9391 28.8195 24.6762 23.6884 22.4386 23.8312 42.7728 38.529
threshold=0.38507701456546789 0.12761987745761874 -0.50114792585372914 -0.02081767842173576 -0.43481776118278498 1.5755488872528078 0.032795699313282974 0.66340705752372753 0.58018696308135997 -0.24639613181352613 -0.10457259416580199 0.090505789965391173 0.17049114406108859 -0.0034124776721000667 0.42249107360839849 -0.38713382184505457 0.06306046620011331 1.1615206003189089 -0.10194275900721549 -0.083534687757492052 0.99557733535766613 0.22401433438062671 0.57157042622566234 0.00020650378428399566 0.42742213606834417 0.015602772124111654 0.071922417730093016 0.4756296575069428 -0.011858501471579073 0.87801912426948558
decision_type=2 2 2 2 2 2 2 2 2 2 2 2 2 2 2 2 2 2 2 2 2 2 2 2 2 2 2 2 2 2
left_child=1 3 5 8 -3 -2 -6 -4 9 10 -1 -12 -10 -5 -9 16 -8 21 -19 20 -11 22 23 25 -25 -17 -23 -28 -29 -30
right_child=2 4 7 13 6 -7 15 14 12 19 11 -13 -14 -15 -16 17 -18 18 -20 -21 -22 26 -24 24 -26 -27 27 28 29 -31
leaf_value=0.011214975213538867 -0.02856299116942046 -0.0068469622268392287 -0.0063135571260647507 -0.0087559774465127277 -0.009478311127060839 -0.01084081483785097 0.016339088561030096 0.025705424193007899 -0.032765815552175198 -0.02522303993758513 -0.042706167418710035 0.010838409582805061 0.014793140725016387 0.018843091878144286 -0.0015764105494543814 -0.0011793047549750106 -0.019527378577317334 -0.027001365538613115 -0.00023177855267228438 0.014458284461264837 0.019228123599366646 -0.0028029477102556825 0.026165505261584888 -0.0086714357995246079 0.012676315868822063 -0.019460278551506626 0.0098292682258320583 0.009177493331914633 -0.00015724161637063717 -0.04392147492784361
leaf_weight=38.071022853255272 115.28899489343166 285.11903975903988 313.11574503779411 28.436625808477402 142.85397088527679 364.84507209062576 28.342157565057278 46.80823976546526 25.025590255856514 24.24235512316227 27.854731827974319 8.581815764307974 10.94672307372093 414.41729761660099 70.980258613824844 180.28700011223555 75.50145261734724 29.669471278786659 204.71324887871742 245.36176624894142 12.069582432508467 169.89817513525486 27.156293347477913 62.592278055846691 159.45825935900211 93.761598080396652 1424.9629622250795 119.02051031589508 41.851673357188702 25.645214200019836
leaf_count=159 1323 1204 1628 116 590 3162 102 180 110 104 119 33 48 1841 342 677 336 122 780 1071 48 650 91 249 570 373 5412 439 163 110
internal_value=0.00184721 0.0044027 -0.00904742 0.0110098 0.00258175 -0.0154671 0.00356529 -0.00173744 0.00410831 0.00667354 -0.00973111 -0.0301389 -0.0179966 0.0169389 0.0100148 0.00429747 -0.00922993 0.00487871 -0.00434868 0.01118 -0.00948595 0.00583201 0.000372673 -0.00136276 0.0065318 -0.00780014 0.00742201 0.00851397 -0.0014725 -0.0194908
internal_weight=4816.88 3905.84 911.038 835.008 3070.83 480.134 2785.71 430.904 392.154 356.181 74.5076 36.4365 35.9723 442.854 117.788 2642.86 103.844 2539.02 234.383 281.674 36.3119 2304.63 523.255 496.099 222.051 274.049 1781.38 1611.48 186.517 67.4969
internal_count=22152 15517 6635 3649 11868 4485 10664 2150 1692 1534 311 152 158 1957 522 10074 438 9636 902 1223 152 8734 1960 1869 819 1050 6774 6124 712 273
is_linear=0
shrinkage=0.03


Tree=71
num_leaves=31
num_cat=0
split_feature=165 164 3 139 278 282 153 153 146 266 73 10 136 279 255 105 7 18 234 282 229 245 281 154 159 161 280 235 247 433
split_gain=162.171 54.5567 35.1609 42.0774 35.0428 43.897 48.3975 40.5687 39.8974 37.2357 33.7457 33.313 32.2768 38.7599 29.6932 29.6718 32.1443 45.1222 35.6401 29.2768 34.5852 40.2366 29.3465 34.7121 43.3913 28.768 28.3783 28.2097 26.4929 24.734
threshold=0.16317769140005114 0.15863378345966342 0.30922932922840124 2.5770272016525273 -0.018133428879082199 -0.15343961864709851 -0.0084083399269729835 0.14267975836992267 -1.0026851296424864 -0.075013540685176835 6.669318211858115e-28 0.2484906688332558 0.39244119822978979 0.066455990076065077 0.14876606315374377 0.43505537509918218 0.24405324459075931 0.61035025119781505 0.70323738455772411 0.040635257959365852 0.25359208881855017 0.27284649014472967 0.19929253309965136 0.012174845673143865 0.047004219144582755 -0.000740842253435403 -0.092390004545450197 0.14178592711687091 0.069833826273679747 0.032795699313282974
decision_type=2 2 2 2 2 2 2 2 2 2 2 2 2 2 2 2 2 2 2 2 2 2 2 2 2 2 2 2 2 2
left_child=1 4 28 -4 5 6 15 9 26 11 -7 -6 13 -5 19 16 18 -18 -1 -11 21 22 23 -21 -25 -15 -8 -9 -2 -3
right_child=2 29 3 12 7 10 8 27 -10 14 -12 -13 -14 25 -16 -17 17 -19 -20 20 -22 -23 -24 24 -26 -27 -28 -29 -30 -31
leaf_value=0.010486819873815521 -0.0062458379065198199 -0.011442242265052088 -0.027019571109367136 -0.0082413485517966178 0.018854384497970826 -0.01287652784493945 -0.0052222171015158135 -0.017729663170976597 -0.017027016179831152 0.026087039019565789 0.022453063296415613 -0.0093903480477389792 -0.012964130003087758 -0.0019713567669757638 -0.025356317430908666 0.021089321910727214 -0.010397949901284391 -0.067923760259182411 -0.031692630484402809 0.0041336971605091186 0.023420292038471097 0.015334103331967212 0.013001561499396675 -0.047603573139403652 0.014528938786339349 0.056300617010237565 0.020797801771557059 0.018633904733637678 0.016903326949824896 0.0022068348840262693
leaf_weight=37.962623313069344 196.53567331284285 118.37057509273291 170.9236111715436 41.191588118672371 50.857445403933525 25.089521870017052 52.458683103322983 59.667172700166702 49.538211107254028 247.9362056851387 114.96806974709034 100.15615230798721 307.17535587400198 10.993699491024019 8.6115417927503568 9.6927129477262479 28.930642053484917 20.148533508181572 23.379461884498596 36.780366182327271 167.11948509514332 168.20541615784168 37.986751854419708 33.147493422031403 9.5682249665260297 13.136010751128195 104.98832213878632 20.306477218866348 49.895792059600353 2502.4957998916507
leaf_count=146 986 475 1759 330 201 105 222 246 208 1066 476 421 2509 93 35 37 122 95 100 161 709 726 164 155 41 85 439 77 228 9775
internal_value=0.00168783 0.00412962 -0.0106794 -0.0148984 0.00888019 0.00209402 -0.00392536 0.0122 0.00483645 0.014101 0.0157411 0.000469156 -0.00891306 0.00940296 0.0169555 -0.0185415 -0.0231596 -0.039732 -0.00703505 0.0177359 0.0128129 0.00616029 -0.0070136 -0.0169773 -0.0333887 0.0349408 0.0122113 -0.00761909 -0.0011799 0.00155755
internal_weight=4818.22 4028.37 789.852 543.42 1407.5 467.157 327.099 940.343 206.985 860.369 140.058 151.014 372.497 65.3213 709.355 120.114 110.421 49.0792 61.3421 700.744 452.808 285.688 117.483 79.4961 42.7157 24.1297 157.447 79.9736 246.431 2620.87
internal_count=22192 16202 5990 4776 5952 1950 1369 4002 869 3679 581 622 3017 508 3057 500 463 217 246 3022 1956 1247 521 357 196 178 661 323 1214 10250
is_linear=0
shrinkage=0.03


Tree=72
num_leaves=31
num_cat=0
split_feature=18 164 130 152 248 419 176 280 349 175 155 282 6 185 229 162 249 271 363 229 343 349 358 152 176 183 345 17 232 128
split_gain=148.296 61.4821 38.0655 32.5979 62.1437 48.9844 38.7735 32.1089 31.4848 65.0569 52.8737 44.3698 34.9414 30.4019 34.692 31.8334 31.6661 32.421 36.0795 30.3867 28.9484 26.8246 25.882 25.0517 26.016 24.9911 24.9834 24.8136 23.9563 38.7378
threshold=1.0000000180025095e-35 0.22633570432662967 0.81939926743507396 0.22564408183097842 0.031310165300965316 0.45080643892288214 -0.79255366325378407 -0.44213201105594629 -0.8349952995777129 -0.22091234475374219 0.44470284879207617 -0.28159484267234797 0.094927586615085616 -0.17960531264543531 0.45114569365978247 -0.31540732085704798 0.053364716470241554 -1.0000000180025095e-35 -0.37272723019123072 0.042071035131812103 -0.80302459001541127 -0.16069699078798291 -0.17336145043373105 0.52937710285186779 0.49955466389656072 -0.67550376057624806 -0.59017354249954213 0.46720869839191442 -0.053958287462592118 2.125806570053101
decision_type=2 2 2 2 2 2 2 2 2 2 2 2 2 2 2 2 2 2 2 2 2 2 2 2 2 2 2 2 2 2
left_child=2 7 -1 4 5 -4 -6 -2 9 11 -10 -8 -12 14 16 -15 17 18 -9 21 -17 -19 -21 24 -3 -22 -5 -18 29 -27
right_child=1 23 3 26 6 -7 8 13 10 -11 12 -13 -14 15 -16 20 27 19 -20 22 25 -23 -24 -25 -26 28 -28 -29 -30 -31
leaf_value=-0.025877238113212738 -0.019015445820103671 -0.0043491028640171596 -0.010399602729324452 0.0040931025040701913 -0.026390471162653754 0.062052205217611581 0.034353174250511494 -0.015929885411586273 -0.016893833522623525 0.058313632526822742 -0.0097540156702194524 -0.024607951713079682 0.043110866783998891 -0.014369637225520199 0.012727239564172564 0.00093916830060693398 -0.020822392612487039 -0.015650932669018645 0.015813403058056268 0.0093789272412557433 -0.005425662371038819 0.017518846734247171 -0.020836030895486635 0.0198861703831879 0.0039410780291386531 0.021606374800870024 -0.025390258420893812 0.012430133919848841 0.0093364388873469241 -0.0026504259384804549
leaf_weight=140.36322813481092 37.247957408428192 1065.0064585730433 10.212092839181425 29.943575814366341 60.386568710207939 15.659163005650042 10.457800731062887 33.100309401750565 115.75598043203354 15.848356664180754 15.202710226178167 26.725320808589458 19.896243996918201 45.307302296161652 182.2462547570467 299.44279098510742 103.60391302406788 25.467348873615265 170.94012650847435 27.667748227715492 72.59243942797184 62.525638535618782 109.91346308588982 42.817248851060867 491.91372535377741 377.03447282314301 113.52668093144894 19.374434158205986 983.3286375105381 67.482819452881813
leaf_count=1450 142 4863 84 219 607 79 70 131 863 85 131 218 111 173 681 1055 407 100 688 100 291 233 440 180 1896 1506 965 73 4036 286
internal_value=0.00162318 0.00357749 -0.0125871 -0.00791843 -0.00195186 0.0370096 -0.00666132 0.00640412 -8.61782e-05 0.0183602 -0.00716395 -0.00497204 0.0221491 0.00682562 0.00162761 0.00887607 -0.00212772 0.00174878 0.0102565 -0.00597874 0.00952043 0.00736228 -0.0145272 -0.00104829 -0.00171716 0.0112137 -0.0192629 -0.0151156 0.0120893 0.0179167
internal_weight=4790.99 4217.01 573.978 433.614 290.144 25.8713 264.273 2617.28 203.886 53.0315 150.855 37.1831 35.099 2580.03 734.839 1845.19 552.593 429.615 204.04 225.574 1799.88 87.993 137.581 1599.74 1556.92 1500.44 143.47 122.978 1427.85 444.517
internal_count=22163 17281 4882 3432 2248 163 2085 10342 1478 373 1105 288 242 10200 2853 7347 2172 1692 819 873 7174 333 540 6939 6759 6119 1184 480 5828 1792
is_linear=0
shrinkage=0.03


Tree=73
num_leaves=31
num_cat=0
split_feature=166 166 177 182 174 189 262 154 189 248 248 229 229 278 230 266 244 125 153 327 230 244 267 238 232 247 231 234 280 231
split_gain=142.826 50.5516 50.0149 27.3669 26.4005 40.1523 35.0605 30.3729 42.9451 25.9967 31.937 28.5647 33.5757 38.508 28.047 27.8046 31.4137 26.1544 25.5781 25.5521 25.3054 25.1643 34.3623 23.7077 23.937 23.6283 24.9064 23.5245 23.371 23.2088
threshold=0.38507701456546789 0.13048141449689868 -0.52896839380264271 -0.43481776118278498 -0.260405883193016 -0.42696665227413172 0.27012771368026739 -0.047368329018354409 -0.54328370094299305 0.070328969508409514 0.084801763296127333 0.03680612891912461 0.25359208881855017 -0.010668547358363865 -0.84028854966163624 -0.071956872940063463 0.0077784860040992507 0.74530085921287548 0.18600950390100482 0.84782087802886974 -0.97564110159873951 0.034796060994267471 0.25786267220973974 1.0000000180025095e-35 0.042455516755580909 0.04219814948737622 -0.53903183341026295 0.60320153832435619 0.3009584397077561 0.99783113598823558
decision_type=2 2 2 2 2 2 2 2 2 2 2 2 2 2 2 2 2 2 2 2 2 2 2 2 2 2 2 2 2 2
left_child=1 9 4 25 -2 7 28 -6 -9 20 27 14 13 23 17 16 -15 -12 -14 -4 -1 22 -5 24 -13 -3 -27 -11 -7 -17
right_child=2 3 19 21 5 6 -8 8 -10 10 11 12 18 15 -16 29 -18 -19 -20 -21 -22 -23 -24 -25 -26 26 -28 -29 -30 -31
leaf_value=-0.015191375538789222 -0.024839928448460957 -0.012433260176897271 -0.0059147957293785068 0.003237922711854311 -0.017162251265146283 -0.0064359739933391681 -0.018513217068186465 -0.0045242132082449118 0.054690528016183126 0.010615831849273293 0.016501686442174066 -0.043158711867450517 0.018720944652613956 -0.041953772878610615 0.02118125022566332 0.019277792034901875 0.008758109539278202 -0.040445630222822479 -0.019393034022776864 0.010847967764120496 0.025287182913027784 0.025111274392422878 -0.02645819399209726 0.0041236137466878252 0.0026810696373108169 -0.014498294150147095 0.015942665393929523 -0.037357370099374537 0.051631080612806281 -0.020756718323967506
leaf_weight=10.40875495970249 184.02004314213991 188.09263698756695 333.27922184020281 2806.4785528704524 14.815754488110541 9.9492373540997487 206.33882758021355 18.666134439408776 16.060088977217678 10.446446940302851 8.2097254395484942 33.936526715755463 129.71110014617443 13.588235050439833 198.32830579578876 82.315200820565224 18.875389665365219 7.9903148263692847 11.939452350139616 100.66977719217539 143.08645652234554 39.833330899477005 28.508794412016869 20.554645478725433 12.075423330068586 30.334081433713436 62.523266464471817 16.904921323060989 4.6827123910188666 9.1238498240709287
leaf_count=47 1960 826 1724 10768 131 101 1911 170 113 47 36 149 584 61 905 378 76 38 49 443 672 143 139 90 53 125 237 80 23 46
internal_value=0.0015379 0.00402419 -0.00926367 0.00236417 -0.0161435 -0.00971249 -0.0151576 0.0132581 0.0271903 0.0111197 0.00798028 0.00965299 0.00395156 -0.00420832 0.0180284 0.00564914 -0.0158788 -0.0148623 0.0146758 -0.00189179 0.021934 0.00324322 0.00287117 -0.0214907 -0.0321649 -0.00645436 0.00557401 -0.0202995 0.0223561 0.0139845
internal_weight=4771.75 3883.27 888.482 3155.77 454.533 270.513 220.971 49.542 34.7262 727.495 574 546.648 332.12 190.469 214.528 123.903 32.4636 16.2 141.651 433.949 153.495 2874.82 2834.99 66.5666 46.012 280.95 92.8573 27.3514 14.6319 91.4391
internal_count=22125 15549 6576 12238 4409 2449 2035 414 283 3311 2592 2465 1486 853 979 561 137 74 633 2167 719 11050 10907 292 202 1188 362 127 124 424
is_linear=0
shrinkage=0.03


Tree=74
num_leaves=31
num_cat=0
split_feature=3 165 464 277 127 266 139 159 278 237 128 138 237 279 264 281 162 228 269 262 130 263 279 136 250 177 244 230 454 267
split_gain=133.95 60.0672 34.0135 31.5188 77.2017 34.9298 30.4283 29.6316 29.5122 28.4798 29.2995 40.2277 33.136 32.8064 45.493 35.9318 35.2668 29.196 35.7554 42.0689 27.7445 27.1824 27.0129 45.0381 25.4692 25.4515 35.4042 42.263 40.0431 36.3625
threshold=0.24159795790910724 0.20406284183263781 0.61414393782615673 -0.11978409066796301 0.18574130535125735 0.070849090814590468 2.5011116266250615 -0.033583126962184899 -0.0632309354841709 0.92500004172325145 1.3358675241470339 3.3179056644439702 0.85227277874946605 0.030725032091140751 0.26141518354415899 0.1880486533045769 0.045599546283483512 0.77802231907844555 -1.0000000180025095e-35 0.20648866146802905 0.72106686234474193 0.31672953069210058 0.066455990076065077 0.39244119822978979 0.0037544893566519026 0.61568653583526622 0.0029301182366907601 -0.22636418789625165 0.49193547666072851 0.085258673876523985
decision_type=2 2 2 2 2 2 2 2 2 2 2 2 2 2 2 2 2 2 2 2 2 2 2 2 2 2 2 2 2 2
left_child=2 3 9 4 5 -2 -3 -6 -4 10 12 -12 17 14 15 16 21 18 19 24 -20 -13 -8 -24 -1 26 27 -22 -29 -28
right_child=1 6 8 -5 7 -7 22 -9 -10 -11 11 13 -14 -15 -16 -17 -18 -19 20 -21 25 -23 23 -25 -26 -27 29 28 -30 -31
leaf_value=-0.01043776632677422 0.032361413393002733 -0.024666302596427377 -0.010317133872575643 -0.0033616082475930848 0.013249598166664496 -0.013603763509065924 -0.014560379635503109 -0.01767580276048485 0.0035360771546241883 -0.021810936318486917 0.021868582769509447 -0.007849498743489015 0.020193525678529563 0.018898783326881635 -0.03513060229232666 0.027739141069628121 -0.030430347297839899 0.025426188022731968 0.013197006081914087 -0.019224823546755018 -0.030342923336665314 0.019704527630415573 0.034812024577447968 -0.006794681029775815 0.023349359941482701 0.0098630953614956534 0.01592834274473522 -0.019480103050509793 0.012450700005204136 -0.021724051761100774
leaf_weight=29.337700515985489 94.712337873876095 151.11207491159439 156.33485282957554 1267.6311961635947 34.446498051285744 13.090663611888884 202.32273636013269 80.966145619750023 896.18223384767771 21.297389030456543 295.08345579355955 65.008268386125565 121.22976601868868 110.67880903184414 23.162981018424034 38.685617789626122 25.526116713881493 47.010800987482071 269.02047947049141 119.20718171447515 63.862479031085968 51.540652990341187 23.879909507930279 89.932658389210701 39.493923105299473 189.53736923635006 102.9227838665247 55.313733451068401 74.595742344856262 22.549978330731392
leaf_count=117 349 1685 601 5487 146 61 1836 399 3336 107 1263 279 518 444 100 149 112 179 1086 500 284 209 186 798 150 753 429 239 318 92
internal_value=0.00152373 -0.00449077 0.00570802 -0.00151704 0.0086963 0.0261992 -0.0137945 -0.00813007 0.00141392 0.00824699 0.00870584 0.0140043 0.00577972 0.00627989 -0.00091909 0.00455519 -0.00269323 0.00391745 0.00268434 -0.00881872 0.00553251 0.00467659 -0.0081435 0.00335947 0.00917584 0.00133541 -0.00379833 -0.0116955 -0.00136918 0.00829184
internal_weight=4775.68 1958.09 2817.58 1490.85 223.216 107.803 467.247 115.413 1052.52 1765.07 1743.77 609.686 1134.08 314.602 203.924 180.761 142.075 1012.85 965.841 188.039 777.803 116.549 316.135 113.813 68.8316 508.782 319.245 193.772 129.909 125.473
internal_count=22212 10947 11265 6442 955 410 4505 545 3937 7328 7221 2556 4665 1293 849 749 600 4147 3968 767 3201 488 2820 984 267 2115 1362 841 557 521
is_linear=0
shrinkage=0.03


Tree=75
num_leaves=31
num_cat=0
split_feature=3 165 373 282 132 251 136 161 262 303 228 6 126 237 269 250 166 311 233 164 265 7 443 246 125 277 65 269 263 262
split_gain=124.656 51.9485 35.9424 36.6963 33.2478 29.1072 29.7939 37.0232 30.2422 28.9994 28.3808 32.7346 31.1828 33.3109 43.9732 34.6466 34.249 30.1692 27.6461 39.0104 31.1118 43.6165 41.3284 29.0243 41.3004 27.2247 26.703 25.1568 24.9963 55.8254
threshold=0.24159795790910724 0.20406284183263781 0.40189529955387121 -0.1655086353421211 1.5031601786613467 0.46681433916091924 0.39244119822978979 -0.0005906890146434306 0.37499395012855535 -0.30628316104412073 0.77802231907844555 0.072744261473417296 0.56851205229759227 0.85227277874946605 -1.0000000180025095e-35 -0.030149032361805436 0.20198661088943484 -0.13150367140769956 -0.10194275900721549 0.46307535469532018 -0.13806723058223722 0.22473920881748202 0.67204302549362194 0.28359709680080419 0.25431999564170843 0.33104360103607183 3.1086079616216018e-05 -0.058154433965682976 0.18876610696315768 0.2693560272455216
decision_type=2 2 2 2 2 2 2 2 2 2 2 2 2 2 2 2 2 2 2 2 2 2 2 2 2 2 2 2 2 2
left_child=2 18 10 9 -3 -6 7 -7 -8 -4 11 -1 13 14 15 -13 -15 -18 19 23 -20 25 27 -2 -25 -22 -10 -23 -29 -30
right_child=1 4 3 -5 5 6 8 -9 26 -11 -12 12 -14 16 -16 -17 17 -19 20 -21 21 22 -24 24 -26 -27 -28 28 29 -31
leaf_value=-0.0047338703387213923 0.017328190870159459 -0.024473089923325371 -0.0024361191657757339 0.0048279364367843037 -0.019906046560796975 -0.0084663296763418244 0.010199843230609698 0.047272111013767319 0.007719032996548008 -0.024137661579078394 0.028274135232811599 -0.021900924486854979 0.01660901649530766 0.025813025851218908 0.0072442148709444334 0.0023975446259322155 0.020516579710721041 -0.021871663595266138 0.004804321684603304 -0.012104028834062343 -0.016433647189460505 -0.028393468889158616 0.010193857053864205 0.023857434578375088 -0.018392231675993697 0.024081404576685755 -0.022668158781498891 -0.014936693402832123 -0.0096979820169255399 0.022748940272894549
leaf_weight=178.16699711978436 190.48736461997032 148.413061670959 237.05322739481926 653.22925331443548 100.36600077152252 15.915127068758009 63.487319529056549 16.512348495423794 31.506793007254601 66.702156856656075 54.369623526930809 84.651913739740849 343.36078979074955 130.02877780795097 874.18656779080629 120.20124804973602 20.233807250857353 26.956753924489021 277.745246976614 77.949210211634636 332.7204448133707 37.569420754909515 181.86929106712341 24.92767758667469 52.971043780446053 9.4167860895395261 85.779074177145958 109.71230694651604 119.16395355015993 69.739115715026855
leaf_count=711 715 1655 878 2386 993 142 519 116 270 268 211 350 1462 581 3682 480 74 115 1136 490 1709 172 675 87 225 45 809 452 463 245
internal_value=0.00149457 -0.00432014 0.00555647 0.000822632 -0.0130286 -0.00716293 -0.000674224 0.0230035 -0.00567672 -0.00767176 0.00801082 0.00727677 0.00863586 0.00636837 0.00431035 -0.00798568 0.0182021 -0.00320067 -0.00155417 0.00577945 -0.00381704 -0.00662919 -0.00106898 0.0111872 -0.00389628 -0.014828 -0.0144457 -0.00727619 -0.00399554 0.00261199
internal_weight=4735.39 1946.25 2789.14 956.985 461.98 313.567 213.201 32.4275 180.773 303.755 1832.16 1777.79 1599.62 1256.26 1079.04 204.853 177.219 47.1906 1484.27 346.335 1137.94 860.191 518.054 268.386 77.8987 342.137 117.286 336.185 298.615 188.903
internal_count=22116 10918 11198 3532 4504 2849 1856 258 1598 1146 7666 7455 6744 5282 4512 830 770 189 6414 1517 4897 3761 2007 1027 312 1754 1079 1332 1160 708
is_linear=0
shrinkage=0.03


Tree=76
num_leaves=31
num_cat=0
split_feature=3 166 154 10 268 263 135 118 230 107 250 278 237 267 123 237 127 279 228 158 135 234 123 235 135 1 128 439 441 182
split_gain=113.369 68.0214 31.9546 40.0925 84.8103 35.4075 38.4242 37.363 29.947 29.6601 36.2633 42.7208 40.9046 43.3166 30.1604 44.8686 32.0083 30.9133 29.8901 30.478 36.4641 35.3379 41.0173 37.8117 30.9316 29.8554 28.9017 26.3719 26.3064 26.1909
threshold=0.20264933258295062 0.38507701456546789 -0.093170441687107072 0.2484906688332558 -0.24915951490402219 0.19148580729961398 1.9312490224838259 2.1340575218200688 0.99819046258926403 0.86145257949829113 -0.036241255700588219 0.086282588541507735 0.77500012516975414 0.089006867259740843 0.075622752308845534 0.65982145071029674 0.82936066389083873 0.021464496850967411 0.68376818299293529 -0.034143393859267228 3.069920659065247 0.90709102153778087 0.003765926463529468 0.41586871445178991 2.2969152927398686 0.1060876101255417 0.13215336203575137 0.50806450843811046 0.50806450843811046 -0.052524404600262635
decision_type=2 2 2 2 2 2 2 2 2 2 2 2 2 2 2 2 2 2 2 2 2 2 2 2 2 2 2 2 2 2
left_child=2 -2 3 -1 -5 7 -7 27 9 10 18 12 13 14 29 -16 17 28 19 24 21 22 23 -21 -4 -19 -3 -6 -17 -12
right_child=1 26 8 4 5 6 -8 -9 -10 -11 11 -13 -14 -15 15 16 -18 25 -20 20 -22 -23 -24 -25 -26 -27 -28 -29 -30 -31
leaf_value=0.012324054076550286 0.00036422921670546541 -0.022902037211133253 -0.024420808166353589 -0.038840269865947463 0.017570844479469151 -0.0099250280983249652 0.017361475627855408 -0.033622583047645122 -0.014717361160005792 0.015861949305559057 -0.012898767470719275 -0.01640620284272926 0.018020937501507728 0.026136715022371193 0.018822264606066515 -0.022732253831380583 0.013261122516872434 -0.044084787305530955 0.021651254146804237 -0.042953328225655014 -0.027380158247791678 -0.025213912050083463 0.012958096758571781 0.0022968238201130846 0.011585999070554496 0.0044859638349856517 -0.0075586468333045621 -0.018209377889266982 0.010583278479995843 0.018170630324781941
leaf_weight=144.24195246398449 1650.7409315630794 133.21855453401804 79.652073189616203 52.357693269848824 34.750394284725189 65.174298211932182 126.18252401053905 39.602458447217941 44.319951176643372 397.13904732465744 25.945078998804092 44.859006613492966 441.65391404181719 61.879308715462685 40.332744255661964 34.022035285830498 25.949255302548409 49.131852433085442 46.267666503787041 17.455994859337807 27.767117395997047 25.402502924203873 260.84695227444172 48.635796800255775 23.421698600053787 12.293646678328512 621.50204017758369 26.308708816766739 37.817371383309364 97.58727990090847
leaf_count=567 6609 1415 334 222 133 254 517 174 177 1642 109 173 1799 221 159 146 105 213 181 79 118 101 1019 192 90 49 4722 115 155 390
internal_value=0.001512 -0.00305005 0.00621931 -0.000576004 -0.00614695 0.000451735 0.00799273 -0.0133737 0.00802254 0.00864376 0.00652137 0.0102596 0.0118449 0.00453716 -3.45351e-05 -0.00719868 -0.0143687 -0.0202169 0.000295175 -0.00200837 0.00195858 0.00478824 0.00763046 -0.0124799 -0.015927 -0.034746 -0.0104663 0.00171261 -0.00567874 0.011223
internal_weight=4736.46 2405.46 2331 488.618 344.376 292.018 191.357 100.662 1842.38 1798.06 1400.92 871.471 826.612 384.959 323.079 199.547 159.214 133.265 529.45 483.182 380.108 352.341 326.939 66.0918 103.074 61.4255 754.721 61.0591 71.8394 123.532
internal_count=22180 12746 9434 1982 1415 1193 771 422 7452 7275 5633 3519 3346 1547 1326 827 668 563 2114 1933 1509 1391 1290 271 424 262 6137 248 301 499
is_linear=0
shrinkage=0.03


Tree=77
num_leaves=31
num_cat=0
split_feature=165 3 174 228 128 10 154 6 176 139 189 279 231 277 255 243 136 427 10 243 10 236 282 249 141 169 159 187 238 308
split_gain=117.207 55.3316 34.465 32.7501 35.6149 34.4992 35.9609 33.2659 33.027 37.1739 31.5194 37.0255 30.747 29.4278 35.0796 35.2832 37.3285 33.0034 33.5714 42.4707 32.1872 29.3572 31.5808 42.4457 28.8444 28.1804 27.1776 26.819 29.7395 26.4653
threshold=0.20235884934663775 0.1981463357806206 -0.32293516397476191 0.77802231907844555 1.4390262961387636 0.34011973440647131 -0.15339601039886472 0.069508612155914321 -0.67324838042259205 3.370109081268311 -0.20631927996873853 0.15874947607517245 0.95882630348205578 -0.11978409066796301 1.0000000180025095e-35 -0.015606746077537535 1.7027575373649599 0.10912698507308961 0.17917595058679583 -0.0054407550487667313 0.66995003819465648 0.17893258482217791 0.6675514578819276 0.0091689666733145731 3.5992436408996586 -0.30505903065204615 -0.089347790926694856 -0.39079140126705164 0.13283203542232516 -0.51246017217636097
decision_type=2 2 2 2 2 2 2 2 2 2 2 2 2 2 2 2 2 2 2 2 2 2 2 2 2 2 2 2 2 2
left_child=1 3 -2 4 7 -6 -7 -1 -8 -10 11 12 25 29 15 20 17 -17 19 -19 -15 22 -9 -24 -18 -3 -4 28 -13 -12
right_child=2 10 26 -5 5 6 8 21 9 -11 13 27 -14 14 -16 16 24 18 -20 -21 -22 -23 23 -25 -26 -27 -28 -29 -30 -31
leaf_value=-0.011642774999402236 -0.023288769749281901 0.0071396342371363736 0.019621684505021653 0.024602202943909697 0.01795214455316323 -0.020261326590142115 -0.011166018778606705 0.0062861373268998742 0.029430972962918408 0.0040386936065611601 -0.016730096313449558 0.020924126992489456 0.012747292543711189 -0.021181911634238482 -0.007697395571661012 -0.006040810001612093 -0.027380012750311458 -0.032081516611493846 0.015119488611315637 0.0093620778446029465 0.017131657283002043 -0.016518319193107749 -0.030603220384324736 0.013287451813459009 0.0094793982406980361 -0.0093503031658348397 -0.0090087320773924381 -0.028560837090017631 -0.022849066499885721 0.020396575385288593
leaf_weight=121.38100479543209 161.79873622953892 117.25372134149075 26.10698676854372 78.44348706305027 337.78031794726849 40.013492926955223 57.763627961277962 1282.7742705792189 75.315343931317329 151.08773000538349 14.443397723138331 22.485769808292389 94.989511400461197 75.461444087326527 314.96865087002516 107.83838337659836 42.454168155789375 26.804263025522232 438.154191583395 58.454500138759613 19.860280521214008 51.566383063793182 42.32129755616188 27.513809412717819 26.001511409878731 372.19647092372179 315.54785220324993 87.40104104578495 19.540297321975231 113.9543326869607
leaf_count=482 1689 504 213 294 1390 167 226 5189 328 640 73 89 381 326 1370 412 179 110 1607 218 74 209 174 117 104 1744 2927 443 105 420
internal_value=0.0014564 0.00309678 -0.0121211 0.00627895 0.00554072 0.0113234 0.00415146 0.00298441 0.00802955 0.01316 -0.000600582 -0.00559537 -0.00226124 0.00228547 0.000660712 0.00402334 0.00638647 0.00870282 0.0117999 -0.004999 -0.0124708 0.00430775 0.00519039 -0.0135393 -0.01366 -0.00533382 -0.00644085 -0.0196855 8.76544e-07 0.0154936
internal_weight=4721.68 4218.22 503.454 2265.96 2187.52 661.961 324.18 1525.56 284.167 226.403 1952.26 713.867 584.44 1238.4 1110 795.029 699.707 631.251 523.413 85.2588 95.3217 1404.18 1352.61 69.8351 68.4557 489.45 341.655 129.427 42.0261 128.398
internal_count=22204 17375 4829 9216 8922 2751 1361 6171 1194 968 8159 3266 2629 4893 4400 3030 2630 2347 1935 328 400 5689 5480 291 283 2248 3140 637 194 493
is_linear=0
shrinkage=0.03


Tree=78
num_leaves=31
num_cat=0
split_feature=166 166 177 281 235 6 278 153 247 250 248 282 267 153 137 286 246 145 177 158 153 153 145 252 355 232 282 317 280 281
split_gain=119.766 41.4168 37.8669 41.3918 39.7618 29.8453 29.3275 35.9097 32.4444 35.1446 29.1839 26.8284 28.965 27.9175 26.2893 25.8488 25.6052 24.6893 24.6538 37.2192 32.7727 33.2248 29.1501 27.3499 24.9163 24.6059 33.7129 24.7892 23.9593 36.4398
threshold=0.38507701456546789 0.13048141449689868 -0.52896839380264271 -0.18613725155591962 0.1766602769494057 0.090514779090881362 -0.01042854133993387 0.22201412916183474 -0.038844019174575799 -0.051406268030405038 0.2447522655129433 -0.031390443444252007 0.065216112881898894 0.0074917299207299956 1.5755488872528078 -0.39974522590637201 0.17064678668975833 -1.1362374424934385 0.3037905246019364 0.039324387907981879 -0.38713382184505457 -0.49311248958110804 -1.5301868319511411 0.22616494446992877 1.1479119062423708 -0.056611971929669373 -0.052628478035330765 -0.57103008031845082 -0.051223687827587121 -0.076593529433011995
decision_type=2 2 2 2 2 2 2 2 2 2 2 2 2 2 2 2 2 2 2 2 2 2 2 2 2 2 2 2 2 2
left_child=1 6 14 -4 5 15 8 11 10 -10 -1 -8 28 -14 -2 -5 -7 -15 -3 20 21 -20 -21 25 -22 26 -24 -27 29 -13
right_child=2 18 3 4 -6 16 7 -9 9 -11 -12 12 13 17 -16 -17 -18 -19 19 22 24 -23 23 -25 -26 27 -28 -29 -30 -31
leaf_value=-0.025455425457398605 -0.028195794428789046 -0.00093404203959244667 -0.015710484233574261 0.019186588470083969 -0.011772229435841388 -0.00060690977552418359 0.0288183416846753 -0.028765994890194317 -0.024520898704933423 0.014068865346022287 0.0084941264078314382 -0.016338110924361993 0.0081920215653906777 -0.048124836097788219 -0.010463833104636337 -0.016556684152287001 0.027313069412685322 0.0078337207286583044 0.0074974375902868559 -0.028387322457558258 0.0087149812780385489 -0.027072261577422606 0.014845703138016838 0.018141788360226625 -0.010571497725630883 0.0099216392799280941 -0.0086774894808318102 -0.032531054330528386 0.02284807042592683 0.017277270197326975
leaf_weight=51.74820402264595 98.783505499362946 1365.5645894184709 133.19855509698391 20.775439850986004 91.130655735731125 40.3283696398139 110.22845409810543 10.202321350574492 17.764111638069153 156.3023420125246 32.113559290766716 40.975475803017616 38.965749695897102 13.019653558731081 339.94887313246727 46.162445843219757 94.101183392107487 7.8902566879987708 43.647237673401833 32.763408243656158 1259.8383501172066 44.152647793292999 77.98727448284626 48.510641440749168 57.076855793595314 12.70131468772888 147.46280218660831 39.538222387433052 157.12004071474075 66.645146980881691
leaf_count=230 1302 5475 748 84 512 182 530 42 84 719 143 197 180 61 3145 261 378 35 172 146 4766 195 296 168 216 44 589 163 750 320
internal_value=0.00129863 0.00357775 -0.0087408 -0.00227162 0.0040373 0.0113976 0.0101259 0.0147377 0.00194964 0.00927693 -0.0126866 0.0162217 0.0113946 -0.0067176 -0.01486 -0.00455488 0.0192475 -0.0299641 0.00208406 0.00442127 0.00662137 -0.0104915 -0.00412155 -0.00110762 0.00781967 -0.00487064 -0.000293196 -0.0220793 0.0155972 0.00417079
internal_weight=4696.65 3832.22 864.429 425.697 292.498 201.367 702.975 445.047 257.928 174.066 83.8618 434.845 324.616 59.8757 438.732 66.9379 134.43 20.9099 3129.24 1763.68 1404.72 87.7999 358.964 326.2 1316.92 277.69 225.45 52.2395 264.741 107.621
internal_count=22133 15521 6612 2165 1417 905 3291 2115 1176 803 373 2073 1543 276 4447 345 560 96 12230 6755 5349 367 1406 1260 4982 1092 885 207 1267 517
is_linear=0
shrinkage=0.03


Tree=79
num_leaves=31
num_cat=0
split_feature=166 7 177 124 248 231 441 263 281 250 243 243 263 158 279 262 126 153 270 277 20 247 280 271 143 244 3 251 247 268
split_gain=100.49 43.6056 45.8038 43.1363 39.9077 40.8874 32.9617 31.5373 32.0193 38.1434 30.5935 30.5336 28.9115 53.1999 38.0657 54.2063 42.8331 37.3664 31.2149 30.4354 28.7963 33.472 29.2644 28.4647 28.4151 29.8195 28.0071 40.8056 26.6069 29.6049
threshold=0.38507701456546789 0.2363599240779877 0.31479415297508245 0.028598719276487831 -0.023434232920408245 -0.98004642128944386 0.61200717091560375 0.051413414999842651 0.14907022565603259 0.026953034102916721 0.023469969630241398 -0.023625712841749188 0.15587210655212405 -4.409626126289367e-05 0.01043696701526642 0.45547172427177435 0.031566441059112556 0.13636624813079837 -1.0000000180025095e-35 0.07335283607244493 1.031717896461487 0.041834848001599319 0.29761353135108953 -0.17499998211860654 1.3481594920158388 -0.0056696564424782983 0.22790350764989856 0.74734294414520275 0.046071019023656852 -0.31171549856662745
decision_type=2 2 2 2 2 2 2 2 2 2 2 2 2 2 2 2 2 2 2 2 2 2 2 2 2 2 2 2 2 2
left_child=1 7 28 -2 -4 6 -6 8 26 -10 12 -9 13 14 -7 16 -16 18 -14 -19 21 23 24 -13 -23 -26 -1 -28 29 -3
right_child=3 2 4 -5 5 10 -8 11 9 -11 -12 20 17 -15 15 -17 -18 19 -20 -21 -22 22 -24 -25 25 -27 27 -29 -30 -31
leaf_value=0.02746253835783416 -0.026059072963994977 -0.016708885223854008 0.033329921975086538 -0.0049792393659781288 -0.042733481653649846 0.0097904016642221276 0.011850226856151601 0.012504172206080999 -0.018759187493957805 0.015338590133954385 -0.025322328017932591 0.0084086716479678907 -0.014922942090364374 0.01688115615816671 0.0088902616092136569 0.0092880389396477313 -0.04358081887761988 -0.012147644049741491 0.019105275043465212 0.021927649123455104 0.017648913110405118 0.0076741582950995051 -0.026202750047725817 -0.0081362717992522204 0.012730609812248968 -0.01824754194425441 -0.018446411946009884 0.034311724300836587 0.012295003732332964 0.0013955934219885046
leaf_weight=101.47904469817877 92.838308773934841 88.833594270050526 62.220245584845543 778.35284267365932 17.386219337582592 67.912107065320015 12.294986128807066 135.91893698275089 53.379574060440063 50.739555954933167 14.453452825546263 98.990558758378029 20.078253522515297 143.7055227458477 14.963014006614683 39.40299391746521 55.183570742607117 72.157265320420265 548.35070364177227 26.582011207938194 57.575793504714966 450.09729260951281 22.840526938438416 833.33752000331879 34.822091557085514 80.519306421279907 31.898165561258793 12.959891743957995 154.69657249748707 526.56322211027145
leaf_count=385 1061 346 275 5624 76 299 50 518 237 191 58 379 96 619 64 160 246 307 2404 106 252 1677 100 3383 137 340 149 44 592 2033
internal_value=0.00172655 0.0038216 0.00709906 -0.00742737 0.0110249 0.00945518 -0.0218902 0.000691103 0.0104849 -0.0021286 0.0105387 -0.000770644 0.0112481 0.00370159 -0.00714968 -0.0176986 -0.032461 0.0147891 0.0177182 -0.00203046 -0.00197071 -0.00279793 0.00277322 -0.00631885 0.00426813 -0.00861598 0.0192154 -0.000427576 0.00145597 -0.00135948
internal_weight=4700.53 3829.34 1864.78 871.191 1094.69 1032.47 29.6812 1964.56 250.456 104.119 1002.79 1714.1 988.335 321.167 177.462 109.55 70.1466 667.168 568.429 98.7393 1578.18 1520.61 588.279 932.328 565.439 115.341 146.337 44.8581 770.093 615.397
internal_count=22208 15523 7731 6685 4760 4485 126 7792 1006 428 4359 6786 4301 1388 769 470 310 2913 2500 413 6268 6016 2254 3762 2154 477 578 193 2971 2379
is_linear=0
shrinkage=0.03


Tree=80
num_leaves=31
num_cat=0
split_feature=166 164 124 280 161 336 350 233 10 146 267 126 6 182 247 104 434 10 440 305 110 154 105 161 153 248 110 228 247 143
split_gain=105.217 43.5219 42.048 36.4126 29.6668 29.5802 37.8392 48.0487 38.6587 33.3077 40.7761 35.7767 30.2875 28.3303 27.8755 26.3039 26.2113 25.8069 29.0792 26.0416 30.1906 32.6946 23.1936 25.4589 22.7605 25.5803 28.3597 22.7518 22.7013 22.3847
threshold=0.38507701456546789 0.12761987745761874 0.066662296652793898 -0.02081767842173576 -0.0034124776721000667 -0.86339911818504322 -0.91685843467712391 -0.034291226416826241 0.40253517031669622 -1.2986087203025816 0.057083019986748702 0.30202318727970129 0.11179709807038309 -0.44372989237308497 0.04219814948737622 1.3877093791961672 0.20942982286214831 0.69622436165809642 0.63245612382888805 -0.37942351400852198 0.91925615072250377 0.030649011954665187 0.033509558066725738 -6.1485116020776321e-07 -0.32975593209266657 0.065969772636890425 0.11909751966595651 0.78566908836364757 -0.00069861672818660725 2.1977124214172368
decision_type=2 2 2 2 2 2 2 2 2 2 2 2 2 2 2 2 2 2 2 2 2 2 2 2 2 2 2 2 2 2
left_child=1 3 -2 17 -5 -4 7 8 -7 11 15 -8 -13 14 -3 -11 -15 19 -19 20 21 -1 -21 28 25 -18 -27 -26 -24 -28
right_child=2 13 5 4 -6 6 9 -9 -10 10 -12 12 -14 16 -16 -17 24 18 -20 22 -22 -23 23 -25 27 26 29 -29 -30 -31
leaf_value=-0.032024443753010556 -0.023146812705891244 -0.013652734070738614 -0.019035979528615288 -0.011904699587938458 0.017945874917304847 0.057267260801745747 -0.021570364844407899 -0.0089304081692501303 -3.3026511389681942e-05 0.0053880368409695446 -0.014446465849963872 0.0066593155226056548 -0.020442010399795003 -0.0022267271691783241 0.00592490704419763 0.035760294047489968 0.012507404426382672 -0.034723103901295349 0.01344041401969682 0.018834450704236345 0.011758871735889203 0.0092148479540807536 -0.027066755077507283 0.013212839887942288 0.0046732495042878667 0.013162141974155337 -0.028144474573488471 0.022872614909346542 0.012248107933520488 0.014980924075929748
leaf_weight=43.302375912666321 134.18413660675287 187.46462360024452 108.90195216238499 27.269703701138496 386.52375010401011 22.817124232649803 151.78164874017239 32.249286398291588 15.860546760261057 129.8093687556684 70.982950016856194 117.27517191320658 45.871697455644608 701.51406203210354 92.867197595536709 26.572482645511627 36.603358827531338 24.647221088409424 12.459135517477987 136.44182522594929 44.005619630217552 21.943286493420601 32.920439720153809 55.378072440624237 1855.2078936398029 20.200042143464088 70.145325630903244 57.940146051347256 14.387388437986372 7.7841296121478072
leaf_count=185 1448 837 914 113 1836 94 1190 247 103 854 484 719 422 2694 363 145 143 110 57 620 202 86 153 257 7218 72 311 224 65 31
internal_value=0.00134607 0.00347569 -0.00811539 0.00967489 0.0157884 -0.00511246 -0.00243591 0.017135 0.0371361 -0.00520046 0.00346092 -0.0114255 -0.00142651 0.00181828 -0.00714425 0.0119242 0.00275174 0.00292112 -0.0187468 0.00558235 -0.00622298 -0.0184606 0.0110421 5.13262e-05 0.00446403 -0.00716037 -0.0149408 0.00531126 -0.0148793 -0.0228335
internal_weight=4685.31 3829.01 856.306 799.279 413.793 722.122 613.22 70.927 38.6777 542.293 227.365 314.929 163.147 3029.73 280.332 156.382 2749.39 385.485 37.1064 348.379 109.251 65.2457 239.128 102.686 2047.88 134.733 98.1295 1913.15 47.3078 77.9295
internal_count=22197 15577 6620 3684 1949 5172 4258 444 197 3814 1483 2331 1141 11893 1200 999 10693 1735 167 1568 473 271 1095 475 7999 557 414 7442 218 342
is_linear=0
shrinkage=0.03


Tree=81
num_leaves=31
num_cat=0
split_feature=165 3 283 293 264 229 237 128 278 282 128 265 231 264 177 158 282 288 141 331 156 139 107 153 244 159 86 129 288 263
split_gain=103.332 47.0515 40.7403 35.3844 33.1034 38.8071 32.692 36.3951 41.3321 37.8594 62.7318 40.9669 56.6132 38.9108 36.6801 36.2863 33.8626 33.397 33.0446 32.6931 31.8928 30.72 29.8225 27.8846 27.5038 29.1821 27.2606 26.9517 26.6291 26.4257
threshold=0.20406284183263781 0.19598712772130969 -0.30261342227458948 -0.23439642041921613 -0.01038895361125469 0.023137976415455345 0.92500004172325145 1.2382696866989138 -0.052406115457415574 -0.022141806781291958 0.54844656586647045 0.23897381871938708 0.99983456730842601 0.00047942250967025762 0.32163374125957495 -0.033512275665998452 0.6675514578819276 -0.29269097745418543 2.938456773757935 -0.077181857079267488 -0.027555678971111771 2.5232284069061284 0.51332056522369396 0.16947595775127414 -0.0075372906867414704 -0.0015625710948370395 0.0001879582923720591 0.20454546064138415 -0.23727017641067502 0.27370905876159674
decision_type=2 2 2 2 2 2 2 2 2 2 2 2 2 2 2 2 2 2 2 2 2 2 2 2 2 2 2 2 2 2
left_child=1 6 -3 20 29 -6 7 8 17 15 19 18 16 -14 23 -10 27 24 22 26 -4 -2 -12 -9 -1 -26 -11 -13 -19 -5
right_child=21 2 3 4 5 -7 -8 14 9 10 11 12 13 -15 -16 -17 -18 28 -20 -21 -22 -23 -24 -25 25 -27 -28 -29 -30 -31
leaf_value=-0.018331422354101224 -0.022763372446777005 -0.006162898929656103 -0.0087895296613618844 -0.0019328388809598817 0.0093669189683363973 -0.01276065133604742 -0.021281088332488079 -0.0025480478023841959 -0.0075628763745681079 0.0036943495241759904 -0.037848138353296493 0.025432355673280508 0.0029606553427607529 -0.05041674242418473 0.016024308046047486 0.016172687545934098 -0.024308748206813422 -0.032824157536033509 0.014846794179302797 -0.00027645539749321298 0.012310875720218908 -0.0063238873631248733 0.0059335011141822269 0.024854316014379148 0.023513896050380147 -0.021435851548432135 0.024450694722242691 -0.01279523215471466 -0.0066713573191516645 0.0133145686755588
leaf_weight=22.522570013999939 150.16724434494972 717.63077981024981 70.495914898812771 229.28722124546766 87.749340549111366 289.56109870970249 32.37198694050312 206.15132462978363 63.247383639216423 103.87693782150745 74.08850559592247 76.061554327607155 20.064507573843002 20.846850797533989 522.67855480313301 380.87206362187862 13.708433434367178 46.211446583271027 12.206165477633474 216.59285019338131 409.18013510107994 325.79489266872406 14.348346948623655 32.608152106404305 61.600772678852081 10.019607961177824 131.53620629012585 15.743661522865294 122.04712940752506 174.16425152122974
leaf_count=100 1775 3159 324 969 353 1279 150 804 251 417 316 292 85 94 2285 1560 61 199 49 932 1557 2946 61 113 231 43 474 65 494 683
internal_value=0.00135061 0.00286718 -0.000486039 0.00275398 -0.00118168 -0.00751034 0.00587968 0.00635746 0.0034559 0.00592402 0.00151841 -0.0104401 -3.76363e-05 -0.0274114 0.0116197 0.0127043 0.0115279 -0.00713244 -0.0244905 0.00813739 0.00910645 -0.0117871 -0.0307206 0.00175299 0.00678298 0.0157433 0.0157063 0.0183284 -0.0149382 0.00473849
internal_weight=4653.44 4177.47 1978.07 1260.44 780.762 377.31 2199.41 2167.03 1405.59 1143.19 699.074 247.068 146.425 40.9114 761.438 444.119 105.514 262.402 100.643 452.006 479.676 475.962 88.4369 238.759 94.143 71.6204 235.413 91.8052 168.259 403.451
internal_count=22121 17400 8324 5165 3284 1632 9076 8926 5724 4657 2846 1023 597 179 3202 1811 418 1067 426 1823 1881 4721 377 917 374 274 891 357 693 1652
is_linear=0
shrinkage=0.03


Tree=82
num_leaves=31
num_cat=0
split_feature=164 140 373 162 178 154 364 237 232 268 231 269 265 266 127 346 262 7 139 104 282 235 243 244 229 279 92 462 115 348
split_gain=91.2772 35.359 35.1159 31.6375 31.314 31.1772 29.0113 28.7721 31.1393 32.1244 30.6003 39.5259 38.6579 46.4922 34.2276 29.6433 30.5073 27.9219 26.8007 26.5671 25.2697 29.0701 36.6714 25.0576 24.6299 24.5446 24.4133 23.3654 31.4742 29.0357
threshold=0.31813699007034307 0.54389354586601268 0.43428638577461248 -0.22282723337411878 -0.17960531264543531 0.2745827585458756 1.6242915391921999 0.85227277874946605 -0.052045494318008416 -0.074197530746459947 -0.71609210968017567 -0.16258006542921064 0.013840101659297945 0.04314325004816056 0.54778221249580394 0.93881353735923778 0.3732984066009522 0.20970652252435687 2.119813203811646 0.75989848375320446 0.25664208829402929 0.15982609242200854 0.010514206718653442 -0.0046631428413093081 0.8064895272254945 0.08403427898883821 0.077528022229671492 0.90399384498596203 0.091728173196315779 0.99618589878082286
decision_type=2 2 2 2 2 2 2 2 2 2 2 2 2 2 2 2 2 2 2 2 2 2 2 2 2 2 2 2 2 2
left_child=2 4 3 5 -2 20 27 8 9 24 12 25 13 -10 -14 17 -17 -13 -11 -9 21 -1 -23 -20 -5 -12 -7 28 29 -3
right_child=1 6 -4 7 -6 26 -8 19 10 18 11 15 14 -15 -16 16 -18 -19 23 -21 -22 22 -24 -25 -26 -27 -28 -29 -30 -31
leaf_value=0.0065901720650842635 -0.022183819706828763 0.0086539283804509988 -0.00022096904900842729 0.017372583391554043 0.01910578995265665 0.033494767385198125 -0.023952551387835731 0.021731435340077827 0.0088399966344741912 -0.038594434477193885 -0.028025730911095729 -0.013318746371519747 -0.034772492112334213 -0.031343688551205728 0.0071632816621377765 -0.012340681665587055 0.02096663301107762 0.01199299363181486 -0.023361714806775204 -0.0022466038573131209 -0.018604456902838032 -0.028237678588691896 0.018185374178354051 0.014608097788330351 -0.0040362552607900283 0.0054702747787873686 -0.0082233960508500022 -0.016693725846787497 -0.0052698659278693789 -0.022785750689168924
leaf_weight=164.33686619251966 154.14927269890904 320.95619960129261 1246.1929444521666 405.61710021644831 12.805521249771116 28.959850862622261 52.751592844724655 200.66016945242882 144.15342177450657 10.844905838370321 40.975790530443192 35.845704488456249 53.170897029340267 24.26215685904026 21.232237815856934 103.63698478788137 24.98314855992794 609.94803420454264 15.687872678041456 49.4952242821455 86.722161263227463 48.595615223050117 15.366516932845114 43.355108685791492 51.24552308768034 29.315909385681152 15.35676249861717 85.807647954672575 552.59510899335146 21.917994037270546
leaf_count=611 1598 1645 4650 1706 69 97 473 874 602 50 176 142 228 106 87 441 89 2624 65 215 347 214 52 189 199 111 61 741 3634 153
internal_value=0.00133521 -0.00576814 0.00380343 0.00605701 -0.0183151 -0.00203785 -0.00362268 0.00762456 0.00609582 0.0120449 0.00314613 0.00584386 -0.00609735 0.00197146 -0.0230895 0.00783598 -0.00504539 0.0104442 -0.00628382 0.0170143 -0.00548771 -5.52837e-05 -0.0162431 0.0029536 0.0149239 -0.0146898 0.019684 -0.00235724 -0.000852993 0.00619849
internal_weight=4670.94 1200.98 3469.96 2223.77 166.955 359.338 1034.03 1864.43 1614.27 526.751 1087.52 844.706 242.819 168.416 74.4031 774.414 128.62 645.794 69.8879 250.155 315.021 228.299 63.9621 59.043 456.863 70.2917 44.3166 981.277 895.469 342.874
internal_count=22249 8313 13936 9286 1667 1382 6646 7904 6815 2209 4606 3583 1023 708 315 3296 530 2766 304 1089 1224 877 266 254 1905 287 158 6173 5432 1798
is_linear=0
shrinkage=0.03


Tree=83
num_leaves=31
num_cat=0
split_feature=177 166 161 174 349 104 350 164 280 245 433 233 290 278 267 280 279 163 270 373 1 313 295 5 233 347 280 348 5 243
split_gain=90.0193 43.8495 38.7155 37.6185 37.0964 45.4262 49.8248 35.8711 36.5341 29.8109 29.0409 28.7547 25.562 23.3121 27.327 22.5742 22.3605 20.9512 23.5213 26.0747 19.9276 19.7317 18.2806 18.1791 22.3098 21.753 20.8614 18.0741 18.8598 17.9609
threshold=-0.27927915751934046 0.32303611934185034 -0.0035182951251044865 -0.260405883193016 -0.76351261138916005 0.67154264450073253 -0.49530868232250208 0.12761987745761874 -0.02081767842173576 0.25477582216262823 0.20942982286214831 -0.21823204308748242 -0.48727256059646601 -0.046510955318808549 -0.11617375537753104 -0.10457259416580199 -0.21165703982114789 0.19876509904861453 -0.049638085067272179 0.45406654477119451 -1.0000000180025095e-35 0.12923249602317813 -0.88471123576164235 1.0266918540000918 -0.024641381576657292 -0.51898097991943348 0.051138559356331832 1.0315901637077334 1.3000612854957583 -0.026011379435658451
decision_type=2 2 2 2 2 2 2 2 2 2 2 2 2 2 2 2 2 2 2 2 2 2 2 2 2 2 2 2 2 2
left_child=1 12 9 23 5 11 -7 8 13 -2 21 -5 22 15 -15 -4 20 18 -11 27 -6 -9 -1 24 25 -3 -27 28 -20 -21
right_child=2 3 7 4 16 6 -8 10 -10 17 -12 -13 -14 14 -16 -17 -18 -19 19 29 -22 -23 -24 -25 -26 26 -28 -29 -30 -31
leaf_value=-0.0080308364762022837 -0.010909554330533325 -0.019471714115647663 0.00032547896790347637 0.034960219378640467 -0.011779516440642204 0.051042051442573046 -0.012627664126188657 -0.0011283799579887381 0.017610962611703536 -0.017401155258328308 0.0051443324315912789 -0.01352809767902538 -0.0034809643471429945 -0.032013346164349879 0.0095117218786984654 -0.037055747928940237 -0.013928140925140598 -0.012712864216927487 0.018578312928425524 0.018389702557895814 0.04419948867531797 -0.020523087942543809 0.016921724410408911 -0.026814857304792768 -0.02184155440501484 0.040716275812208144 -0.009625078446123746 -0.010611167694829209 -0.010276868324046852 -0.0059388359514262294
leaf_weight=29.431090973317623 235.42064847797155 8.8512407466769236 39.851486474275589 6.1788647957146159 5.9393961019814014 27.05539608746767 12.578373372554777 347.72883852571249 373.62697412073612 34.248381823301315 1672.2439122796059 61.740579657256603 440.80992054194212 8.2037714570760709 263.22730529308319 15.30643057823181 236.45035911723971 69.343766964972019 187.53322210907936 25.666919186711311 5.40665055811405 48.094274029135704 103.64491499960423 153.48786107078195 33.044466845691204 14.182502441108229 7.5083838850259772 20.895515590906143 17.835404351353645 158.67939245700836
leaf_count=117 978 70 177 41 55 156 125 1333 1819 155 6650 635 1734 35 1235 64 2085 388 704 90 25 197 365 1884 254 87 55 85 77 601
internal_value=0.00141477 -0.00585968 0.00379506 -0.0116813 -0.0054451 0.00882852 0.031748 0.00543101 0.0112773 -0.00222682 0.00341513 -0.00612249 0 0.00378241 0.00744566 -0.0128838 -0.0117539 0.00182144 0.0042721 0.00636636 0.0210099 -0.00382668 0.0112027 -0.0213541 -0.00667203 0.010473 0.0248277 0.0130404 0.0157668 -0.00194782
internal_weight=4664.22 1146.31 3517.91 572.424 355.35 107.553 39.6338 2768.28 700.216 749.623 2068.07 67.9194 573.886 326.589 271.431 55.1579 247.796 514.203 444.859 410.61 11.346 395.823 133.076 217.074 63.5866 30.5421 21.6909 226.264 205.369 184.346
internal_count=22276 7688 14588 5472 3122 957 281 11510 3330 3078 8180 676 2216 1511 1270 241 2165 2100 1712 1557 80 1530 482 2350 466 212 142 866 781 691
is_linear=0
shrinkage=0.03


Tree=84
num_leaves=31
num_cat=0
split_feature=3 10 348 6 7 263 139 248 162 263 108 7 237 234 289 280 281 268 147 263 247 246 183 264 246 87 234 251 289 129
split_gain=80.6208 58.851 45.3535 37.8602 37.1036 40.5046 40.781 34.3236 33.6676 33.167 31.9799 29.5342 29.1759 29.1583 35.8749 28.7043 43.2169 45.1374 38.5625 35.6887 50.6656 51.2396 30.0456 29.8933 29.6803 27.392 26.9278 26.5918 26.518 24.4566
threshold=0.34782162308692938 0.37376695871353155 -0.79752629995346058 0.071922417730093016 0.23937810212373736 0.54422676563262951 2.0619659423828129 0.04776264168322087 -0.094327170401811586 0.12590201199054721 0.0007244133739732207 0.24945277720689776 0.73749998211860668 0.70438396930694591 -0.27784943580627436 0.15361472964286807 0.19929253309965136 -0.21152128279209134 -0.85030221939086903 0.21663992851972583 -0.027796929702162739 0.28359709680080419 -0.67550376057624806 0.023326080292463306 0.25513765215873724 2.1622566848122918e-08 0.79986640810966503 0.30169284343719488 -0.28379474580287928 0.3496383428573609
decision_type=2 2 2 2 2 2 2 2 2 2 2 2 2 2 2 2 2 2 2 2 2 2 2 2 2 2 2 2 2 2
left_child=3 -2 -3 25 7 6 8 9 -6 -5 -4 15 -12 14 -11 19 17 18 -17 20 21 23 -21 24 29 -1 -15 -22 -27 -8
right_child=1 2 10 4 5 -7 11 -9 -10 13 12 -13 -14 26 -16 16 -18 -19 -20 22 27 -23 -24 -25 -26 28 -28 -29 -30 -31
leaf_value=-0.020001446491651607 -0.013458432830925571 -0.014861097924165885 0.014480291482587383 0.012574492551276562 0.0077014502166885407 0.02621399123451985 -0.023091448788268493 0.0034840656684570139 -0.029064948472508734 -0.023955511202246833 0.014915779314362505 -0.0015928087694129611 -0.0057469071851607633 -0.037500066408356937 0.0093993109436134471 -0.035933169662489758 -0.025994635359863887 0.027154912977756684 0.011657238351975616 -0.01228935415409429 -0.011977397268521452 -0.039924521289431941 0.022226091798714046 0.023557239376460301 0.023539998883957299 0.0072709606398700067 -6.7838099900153101e-05 0.017602023093482681 -0.0095134407451525106 0.0088165153137587382
leaf_weight=79.539036870002747 483.69933106005192 132.58893333375454 176.40611220523715 46.7131457477808 35.43772741407156 100.94474745541811 62.204436562955379 1544.0154178924859 43.472285360097885 39.984628893435001 72.518797248601913 215.44956045225263 263.80059100314975 55.989143751561642 68.966077409684658 21.449196085333824 39.287311315536499 50.005593046545982 27.355800598859787 19.639876753091812 25.220849230885506 25.446320950984955 325.25098732486367 34.410499379038811 17.56033992767334 165.74307728558779 24.655678369104862 254.90430249273777 159.06320725381374 26.405344501137733
leaf_count=357 3570 1018 928 172 131 416 277 6115 182 160 396 819 1766 257 278 103 173 234 129 90 120 120 1492 156 74 621 100 1159 680 123
internal_value=0.00131949 -0.00562748 0.000307594 0.00356433 0.00469116 0.00848275 0.0068705 0.00184242 -0.0131491 -0.00863241 0.00439769 0.00833134 -0.00104766 -0.0141725 -0.00345847 0.0106385 -0.0018368 0.00875343 -0.0109538 0.0128265 0.00701503 -0.00591959 0.0200254 0.00176619 -0.00622392 -0.00499515 -0.0270951 0.0146752 -0.000944299 -0.0135238
internal_weight=4638.13 1129.01 645.314 3509.11 3104.77 1324.45 1223.5 1780.32 78.91 236.309 512.726 1144.59 336.319 189.596 108.951 929.141 138.098 98.8106 48.805 791.043 446.152 166.027 344.891 140.581 106.17 404.345 80.6448 280.125 324.806 88.6098
internal_count=22216 7678 4108 14538 12880 5798 5382 7082 313 967 3090 5069 2162 795 438 4250 639 466 232 3611 2029 750 1582 630 474 1658 357 1279 1301 400
is_linear=0
shrinkage=0.03


Tree=85
num_leaves=31
num_cat=0
split_feature=166 348 166 177 349 358 234 7 272 327 281 161 10 312 266 268 140 125 246 162 340 10 310 10 271 185 246 265 262 94
split_gain=84.5334 37.5803 34.9158 32.9129 29.1235 42.9631 44.8471 32.934 30.0317 39.5556 31.9054 24.828 26.1003 21.8852 23.8459 21.846 23.7838 21.2267 20.9145 20.0838 20.0693 19.9557 22.658 20.5645 19.6118 25.4778 27.4607 28.2235 24.2329 22.8801
threshold=0.38507701456546789 -0.56725814938545216 0.12819439172744754 0.15356526523828509 -0.85274454951286305 0.22505079954862597 0.75763800740242015 0.22212962061166766 0.030099324882030491 0.36843147873878485 0.023890908807516101 -0.0035182951251044865 0.44998097419738775 -0.5780825912952422 -0.029840937815606591 -0.15499942004680631 1.6327534914016726 1.0037289857864382 0.046124622225761421 0.19030631333589557 0.60482731461524974 0.44998097419738775 -0.38042560219764704 0.71944367885589611 -0.025000005960464474 -0.17960531264543531 0.2627586722373963 0.19937135279178622 0.14685947448015216 0.047841200605034835
decision_type=2 2 2 2 2 2 2 2 2 2 2 2 2 2 2 2 2 2 2 2 2 2 2 2 2 2 2 2 2 2
left_child=2 3 11 18 5 6 -3 13 9 -9 -11 12 -1 -6 15 -15 19 -8 -2 20 -17 22 -5 -23 -13 28 -27 29 -26 -28
right_child=1 4 -4 21 7 -7 17 8 -10 10 -12 24 -14 14 -16 16 -18 -19 -20 -21 -22 23 -24 -25 25 26 27 -29 -30 -31
leaf_value=0.0052988616144899218 0.010457568120478097 -0.014480579228167444 0.0018314062499837011 0.030240394241201143 0.00050526944760898355 -0.014518048090551487 0 -0.016724822103581675 0.025878253874671717 -0.0077461321069950909 0.025434861544478264 0.017286666161051362 -0.040584864808045081 -0.016840530244140263 -0.026831499252687855 -0.0016293194916738318 -0.014406100877858758 0.055465280910421931 -0.025448525611191427 -0.014338301345550183 0.051389197205660132 -0.027518022508613706 -0.015351187732380875 0.01010709406107653 0.022837517495377557 0.01498127034217748 -0.02425909820992686 -0.03146683692204863 -0.016701399205096886 0.02089239330019052
leaf_weight=24.990311399102211 11.695494085550306 11.362862735986708 3142.6261839345098 22.784194827079777 90.90705943852663 25.008320279419422 7.2067179828882209 79.775601457804441 36.458888527005911 41.847578387707472 51.384810786694288 254.3155060261488 10.991410017013548 64.505819581449032 102.79359769076109 8.2256594896316582 17.966156363487244 26.554841473698616 179.30761247128248 5.1788373664021483 13.395338900387285 23.868178248405457 9.0949572399258596 17.219714470207691 10.910615459084509 217.44182165712118 7.6375734210014334 19.661496371030807 61.003558717668056 26.946887865662575
leaf_count=110 103 107 12429 82 676 207 52 558 183 239 236 1280 49 549 976 67 139 125 2028 44 71 129 48 76 49 1067 37 94 277 134
internal_value=0.00121746 -0.00730931 0.00314158 -0.0165563 -0.00295473 0.0142632 0.030223 -0.00549186 0.00355465 -0.00191479 0.0109359 0.00952957 -0.0128 -0.0117193 -0.0168562 -0.00633165 0.00883792 0.0454292 -0.0229049 0.0244874 0.0353863 0.000481058 0.0165412 -0.0123553 0.0110233 0.00610489 0.0102879 -0.00791588 -0.00907594 0.0082636
internal_weight=4623.07 846.542 3776.53 263.97 582.572 70.1327 45.1244 512.439 209.467 173.008 93.2324 633.899 35.9817 302.972 212.065 109.272 44.766 33.7616 191.003 26.7998 21.621 72.967 31.8792 41.0879 597.917 343.602 271.688 54.246 71.9142 34.5845
internal_count=22221 6695 15526 2466 4229 491 284 3738 1216 1033 475 3097 159 2522 1846 870 321 177 2131 182 138 335 130 205 2938 1658 1332 265 326 171
is_linear=0
shrinkage=0.03


Tree=86
num_leaves=31
num_cat=0
split_feature=177 166 295 166 335 372 246 282 263 278 153 266 263 142 177 102 464 268 185 282 249 249 353 248 346 325 134 159 356 246
split_gain=73.1847 38.4795 29.3769 29.1389 25.7699 24.9605 23.8749 30.684 30.0235 25.9706 25.478 31.0177 24.621 26.6494 44.5587 24.7918 21.9781 20.9927 20.9093 22.8582 27.5322 31.0729 27.5174 27.8119 25.0954 23.7557 33.2405 33.22 26.0998 23.3238
threshold=-0.7340317666530608 0.13048141449689868 -0.61491289734840382 0.72015702724456798 -1.3664330244064329 0.3481650054454804 0.2627586722373963 0.2439583167433739 0.33926464617252355 -0.0094798454083502275 0.22201412916183474 -0.045319598168134682 0.14790978282690051 3.7334080934524541 1.0000000180025095e-35 0.16855990141630176 0.48212005198001867 -0.29075226187705988 -0.22211371362209317 0.54723960161209118 0.048368567600846298 0.059959735721349723 -0.55078917741775502 0.22346820682287219 -0.51569759845733631 -0.60725983977317799 1.6340485811233523 0.021222963929176334 0.78560104966163646 0.25266292691230779
decision_type=2 2 2 2 2 2 2 2 2 2 2 2 2 2 2 2 2 2 2 2 2 2 2 2 2 2 2 2 2 2
left_child=2 6 5 4 -3 -1 9 16 -9 12 11 -11 13 14 -2 17 -8 -16 -6 20 25 -22 24 -24 -21 -20 27 -27 -28 -30
right_child=1 3 -4 -5 18 -7 7 8 -10 10 -12 -13 -14 -15 15 -17 -18 -19 19 22 21 -23 23 -25 -26 26 28 -29 29 -31
leaf_value=0.013593356602864199 0.0182111434601623 -0.012118867357995186 -0.011687638229892468 -0.022481506632662133 -0.0018271023278417214 -0.0087931504348540829 0.016846058639843259 -0.034874145959745133 0.0056441100668780239 0.0052780742164106886 -0.023825967323259804 0.026171722773477193 0.013903974371212149 0.016796729200281878 0.00036645039648227858 0.01180738638271425 -0.0088143046903140631 -0.0472154851334496 0.00015692962033690024 0.02317047580257869 -0.016251742452698267 0.0022320109516012513 -0.020489031410763851 0.0080527557766021576 -0.014458981470261416 0.0089251610942896985 0.0065474874280152043 0.024303797663979734 -0.026373283611334331 0.0064609275625070036
leaf_weight=85.055099353194237 18.98657551407814 110.70869435369968 494.8716651648283 38.609736155718565 848.85567066073418 80.327807813882828 79.916615232825279 30.057866409420967 25.878692701458931 101.39227783679962 6.8569779992103568 196.71013481914997 94.334697961807251 24.209583669900894 9.8110200166702253 7.2829271554946891 39.915422394871712 33.761162087321281 334.5410885438323 38.93137563765049 86.533150292932987 648.30415839701891 104.17330971360207 37.468037739396095 18.30861908942461 653.14288034290075 131.73482178896666 157.65869019925594 46.937953010201454 26.164636977016926
leaf_count=511 92 444 3927 421 3781 592 399 144 129 462 27 1052 457 118 44 37 177 149 1349 144 361 2602 448 158 73 2621 545 609 212 111
internal_value=0.00112303 0.00267279 -0.00806625 0.00132346 0.00165787 0.00274361 0.00919363 -0.000249577 -0.017419 0.0125355 0.0178658 0.0193838 0.00352208 -0.007029 -0.0162023 -0.0298807 0.00820121 -0.0377262 0.002174 0.00366671 0.00459915 -6.32627e-05 -0.00588168 -0.0128446 0.010707 0.00713165 0.00940198 0.0121108 -0.00131649 -0.0149527
internal_weight=4611.44 3951.19 660.255 3282.07 3243.46 165.383 669.114 175.769 55.9366 493.345 304.959 298.102 188.386 94.0513 69.8417 50.8551 119.832 43.5722 3132.75 2283.9 2085.02 734.837 198.881 141.641 57.24 1350.18 1015.64 810.802 204.837 73.1026
internal_count=22196 17166 5030 13879 13458 1103 3287 849 273 2438 1541 1514 897 440 322 230 576 193 13014 9233 8410 2963 823 606 217 5447 4098 3230 868 323
is_linear=0
shrinkage=0.03


Tree=87
num_leaves=31
num_cat=0
split_feature=18 130 7 6 231 369 357 371 349 271 326 230 230 125 111 339 334 10 10 177 248 158 151 265 266 272 268 233 455 336
split_gain=75.5721 37.322 35.3532 40.0882 36.3291 37.253 34.1148 54.5905 52.5216 41.9963 32.2675 40.6669 31.1972 35.6366 31.0629 30.9116 30.7358 27.9992 27.7992 38.6287 42.013 42.3966 35.4628 27.9957 25.2666 24.6012 23.0732 28.9108 23.0012 22.6811
threshold=1.0000000180025095e-35 0.81939926743507396 0.22432254999876025 0.071922417730093016 0.99557733535766613 -0.47679959237575525 -0.041787756606936448 0.3874839991331101 -0.71728181838989247 -0.049999967217445367 -0.66918060183525074 0.99747925996780407 -0.99285209178924549 1.3284795284271242 1.4628574848175051 0.35016956925392156 0.27165171504020696 0.47004804015159612 0.47004804015159612 -1.0000000180025095e-35 0.09119384735822679 0.06619396805763246 0.19637747853994372 -0.32045826315879816 0.013644546270370485 0.020273255184292797 -0.25372686982154841 0.10530508309602739 0.20942982286214831 -0.25480055809020991
decision_type=2 2 2 2 2 2 2 2 2 2 2 2 2 2 2 2 2 2 2 2 2 2 2 2 2 2 2 2 2 2
left_child=1 -1 4 -4 18 -6 7 8 9 -3 -5 12 13 16 -11 25 -12 -8 19 -2 22 -22 -21 -20 -13 26 -14 28 -28 -17
right_child=2 6 3 10 5 -7 17 -9 -10 14 11 24 15 -15 -16 29 -18 -19 23 20 21 -23 -24 -25 -26 -27 27 -29 -30 -31
leaf_value=-0.024008663923851804 -0.014383078291623372 -0.00099463075469624564 -0.005449101955380873 -0.0011142564296686159 -0.020055738883858056 0.017995216377439303 -0.023391722180163263 -0.012627308642152273 -0.0040720882819641905 0.0033687434421055349 -0.017756418971259826 -0.030162377439153319 0.002979212337265647 -0.032614347743892109 0.068541623107790023 -0.011222081262750958 0.017147239942588099 -0.0019951264230895164 0.011092431461269005 0.020223332201058635 0.0018762657211596706 -0.025562477104441012 -0.015154211098660124 -0.012587275217362618 0.0058544210339340225 0.026558561925008852 0.0014696754702556065 -0.0033424164498115612 0.01823822193491929 0.0061241144798729269
leaf_weight=117.25869436562061 128.35333116352558 16.738472510129213 323.87001674622297 500.51699055731297 21.607980102300644 129.10072872042656 105.6919671818614 83.464990310370922 45.63834136724472 9.6688440851867181 30.676604509353638 34.776522904634476 256.21327117830515 27.623608753085136 25.035714343190193 67.973798118531704 50.189045794308186 112.68513073027134 45.292752340435982 157.94160709530115 342.37728670239449 52.256397821009159 24.537740476429462 358.27429212629795 26.146057069301605 98.269732646644115 88.733716405928135 76.365032218396664 518.16705053299665 724.3261896148324
leaf_count=1446 838 138 1266 1926 118 515 1008 774 366 66 129 155 1044 124 131 298 190 930 179 618 1430 247 112 1716 98 377 336 300 2136 3164
internal_value=0.00114296 -0.00959128 0.00251646 0.00437853 -0.00165039 0.011825 -0.00498666 0.00453565 0.0192491 0.0381281 0.00566754 0.00736839 0.00814706 -0.00707939 0.0542491 0.00907897 0.00342719 -0.0128023 -0.00355368 4.31264e-05 0.00340349 -0.00211316 0.0150266 -0.00976029 -0.0155402 0.0124826 0.0108136 0.0136761 0.0158483 0.00453755
internal_weight=4599.77 516.182 4083.59 2823.85 1259.74 150.709 398.923 180.546 97.0814 51.443 2499.98 1999.46 1938.54 108.489 34.7046 1830.05 80.8657 218.377 1109.03 705.466 577.113 394.634 182.479 403.567 60.9226 1037.75 939.479 683.266 606.901 792.3
internal_count=22175 4859 17316 11543 5773 633 3413 1475 701 335 10277 8351 8098 443 197 7655 319 1938 5140 3245 2407 1677 730 1895 253 4193 3816 2772 2472 3462
is_linear=0
shrinkage=0.03


Tree=88
num_leaves=31
num_cat=0
split_feature=164 140 280 6 7 7 178 351 230 249 282 154 101 247 234 135 243 159 453 309 244 159 247 277 129 153 247 118 250 438
split_gain=72.401 36.718 30.6255 31.6651 31.3929 47.6427 27.2284 26.4236 35.5391 35.5624 25.9337 31.4353 34.6496 28.5892 33.5864 38.1748 43.5968 29.4523 29.6988 26.5871 25.2948 24.6854 39.5111 50.6384 33.3356 28.6645 25.5495 25.2289 30.8409 27.0104
threshold=0.3155409991741181 0.54389354586601268 -0.44213201105594629 0.071922417730093016 0.23937810212373736 0.25069443881511694 -0.35444061458110804 1.0645799040794375 -0.55153846740722645 0.024612432345747951 0.48541983962059027 0.081089772284030928 0.3856473863124848 -0.060721518471837037 0.58468347787857067 2.3950325250625615 -0.0024342614924535151 0.033145114779472358 0.72111111879348766 -0.38127391040325159 0.0063390468712896117 -2.7648638933897013e-10 -0.036646956577897065 -0.079858750104904161 0.087634947150945677 0.10800818353891374 -0.026302950456738469 1.7664220333099367 -0.017853265628218647 0.72902098298072826
decision_type=2 2 2 2 2 2 2 2 2 2 2 2 2 2 2 2 2 2 2 2 2 2 2 2 2 2 2 2 2 2
left_child=2 -2 -1 -4 21 10 -7 -3 9 -9 13 12 -12 14 20 17 -17 18 -16 -14 -6 25 -23 -24 -25 27 -27 -5 -29 -30
right_child=1 7 3 4 5 6 -8 8 -10 -11 11 -13 19 -15 15 16 -18 -19 -20 -21 -22 22 23 24 -26 26 -28 28 29 -31
leaf_value=-0.019271827515093362 -0.018534171833845661 -0.0011626709643842528 -0.0044796585897873709 -0.00037824330893844574 0.028208294495086741 0.018985935636718673 -0.0095904867925232923 0.034475858435774838 -0.024464218311040786 -0.011977073877159286 0.0074717009626927289 0.016563754221896914 0.0084485658145098206 0.015424218127489484 -0.043080009184449881 0.017546053037499863 -0.022228489589934203 0.018498666833009891 0.0050300937474752477 -0.037548869277571881 -0.012008180059879157 0.014381698215991751 -0.02134519317094058 0.009942689353109482 -0.0059184107591509997 -0.013668316933142658 0.012939326660804074 0.0096251705994987603 -0.028834146177584029 -0.0054622207568137187
leaf_weight=46.560834318399429 157.36670584231615 881.25630030408502 380.51081690192223 402.40776119381189 55.1093909740448 29.04696336388588 175.08057586848736 16.402874313294888 99.171562168747187 33.773162819445133 44.367529347538948 50.748712569475174 11.66217055916786 709.07114254683256 36.267386928200722 79.256740391254425 27.985360682010651 8.22204941511154 13.407011926174162 38.063164353370667 13.462110191583632 287.76274068653584 72.922512494027615 327.73355676233768 178.63747070729733 33.75189495831728 162.73079621046782 39.734870366752148 92.710553906857967 90.021830156445503
leaf_count=185 1665 5579 1451 1582 239 101 676 85 816 266 196 241 50 3253 155 358 129 34 56 178 61 1079 296 1261 679 135 597 140 384 343
internal_value=0.0010158 -0.00533826 0.00324069 0.00359512 0.00463772 0.00814843 -0.00497972 -0.00320176 -0.0145759 0.00538671 0.010638 -0.00107062 -0.0111739 0.0124425 0.00316712 -0.00419969 0.00634874 -0.0224777 -0.0308924 -0.0268646 0.019793 0.00192304 0.00543695 0.000857099 0.00432236 -0.0017883 0.00800408 -0.00493855 -0.0128785 -0.0180018
internal_weight=4595.21 1187.97 3407.24 3360.68 2980.16 1291.75 204.128 1030.6 149.348 50.176 1087.62 144.842 94.0929 942.781 233.71 165.139 107.242 57.8964 49.6744 49.7253 68.5715 1688.41 867.056 579.294 506.371 821.358 196.483 624.875 222.467 182.732
internal_count=22270 8411 13859 13674 12223 5727 777 6746 1167 351 4950 665 424 4285 1032 732 487 245 211 228 300 6496 3315 2236 1940 3181 732 2449 867 727
is_linear=0
shrinkage=0.03


Tree=89
num_leaves=31
num_cat=0
split_feature=3 373 5 278 266 7 304 318 229 229 278 266 229 228 271 283 141 231 265 246 270 235 327 10 6 155 263 284 182 233
split_gain=61.8907 36.6563 35.2195 34.2076 33.6718 34.2129 31.3872 27.3619 33.5028 31.6926 29.5255 41.0483 37.7513 30.6567 27.2215 31.522 26.4565 25.9225 29.065 29.2498 37.7097 32.2979 34.4376 29.623 27.8083 27.7243 26.83 30.9711 25.5008 25.3145
threshold=0.20149951428174975 0.43428638577461248 1.3101272583007815 -0.033460138365626328 0.069047853350639357 0.22212962061166766 -0.5605143904685973 -0.035843839868903153 0.03680612891912461 0.47407014667987829 -0.010668547358363865 -0.081383623182773576 0.058235809206962592 0.14931328594684604 -0.17499998211860654 -0.29057270288467402 2.1821782588958745 0.95882630348205578 0.23897381871938708 0.2236382067203522 0.026686124503612522 0.15982609242200854 0.46832792460918432 0.68351846933364879 0.071922417730093016 0.70174536108970653 0.35078655183315283 -0.36052690446376795 -0.2305849492549896 0.19470863044261935
decision_type=2 2 2 2 2 2 2 2 2 2 2 2 2 2 2 2 2 2 2 2 2 2 2 2 2 2 2 2 2 2
left_child=1 7 6 -3 14 -6 -2 -1 -9 10 12 -12 -10 16 -5 -16 -14 18 19 20 23 24 29 25 -21 26 27 -8 -4 -23
right_child=2 3 28 4 5 -7 17 8 9 -11 11 -13 13 -15 15 -17 -18 -19 -20 21 -22 22 -24 -25 -26 -27 -28 -29 -30 -31
leaf_value=0.012343494595610363 -0.0084307214000215406 -0.011702090822435887 -0.022053141231006778 0.020046900892306485 -0.016442015602909692 0.02151488937418471 -0.0017122872396405028 0.012159117015184354 -0.041018472316375114 0.010088694277628669 -0.021372423596877577 0.0077297513286193375 -0.040347763638019112 0.0016721447071547891 0.0038789558760251985 -0.014259151300624207 0.008075861014836809 0.009294456551922077 -0.0086397243989656362 -0.0053794276189876996 0.016342283052796579 -0.022000371391043487 0.01567593577963278 0.007106260256596969 0.01337889899776153 0.011296221659181071 0.013387963103650192 -0.023982933756053305 -0.0036894621882338544 0.011706613698064579
leaf_weight=584.49512951821089 397.73025958240032 188.37259268760681 122.75295622646809 38.730033665895462 20.111228168010712 117.09695127606392 82.870718657970428 301.87450435757637 29.202193140983582 192.99884916096926 47.026271566748619 219.04993011057377 27.680733188986778 115.2015952244401 179.22405643761158 154.12851828336716 11.019692704081534 268.33301983401179 318.2556583955884 82.67211239784956 64.569406844675541 84.077700413763523 40.050537940114737 94.896870102733374 370.66008307039738 36.891776483505964 22.784383647143841 183.22734173759818 153.87281046435237 20.451735328882933
leaf_count=2585 2055 724 1411 134 80 410 420 1353 132 833 206 1009 117 501 653 598 52 1232 1608 465 305 463 198 513 1495 202 96 971 1267 91
internal_value=0.0010951 0.00467183 -0.00230108 -0.00100765 0.00303262 0.0153505 -0.000932313 0.00726368 0.00403986 0.000117039 -0.00423352 0.00213178 -0.0132763 -0.00639163 -0.00168157 -0.00459729 -0.0272047 0.000875275 -0.000767505 0.00157653 -0.00385242 0.00599339 -0.00609457 -0.00719344 0.00990544 -0.0114523 -0.0145914 -0.0173073 -0.0122185 -0.0149904
internal_weight=4570.31 2226.21 2344.1 697.663 509.291 137.208 2067.47 1528.55 944.054 642.179 449.18 266.076 183.104 153.902 372.083 333.353 38.7004 1669.74 1401.41 1083.15 485.24 597.912 144.58 420.671 453.332 325.774 288.882 266.098 276.626 104.529
internal_count=22179 9387 12792 2599 1875 490 10114 6788 4203 2850 2017 1215 802 670 1385 1251 169 8059 6827 5219 2507 2712 752 2202 1960 1689 1487 1391 2678 554
is_linear=0
shrinkage=0.03


Tree=90
num_leaves=31
num_cat=0
split_feature=166 342 7 153 369 425 166 246 373 107 282 368 160 164 249 178 249 249 279 104 153 155 3 278 164 111 267 131 115 156
split_gain=67.2311 35.2944 30.9294 29.8815 46.998 34.0811 28.7615 29.5193 29.234 26.7571 25.498 24.9613 24.596 24.5058 23.4359 29.1028 23.1639 28.2936 29.1032 42.9978 42.8564 22.9088 24.9893 22.7182 22.3274 28.3969 26.661 22.5419 21.9721 21.9397
threshold=0.38507701456546789 -0.86925238370895375 0.19768517464399341 -0.40054123103618616 -0.1676053702831268 0.61200717091560375 0.12711897492408755 0.2627586722373963 -0.37739799916744227 0.90116301178932201 0.48541983962059027 -0.65212145447731007 -0.9700830578804015 0.62388765811920177 -0.26938188076019282 -0.18108975142240522 0.053364716470241554 0.095586091279983534 0.037097603082656867 0.046279642730951316 -0.38713382184505457 0.6157309114933015 0.50805124640464794 0.030299633741378788 0.28521557152271276 1.4436594843864443 -0.046807488426566117 1.1941292285919192 0.35092012584209448 0.051051253452897079
decision_type=2 2 2 2 2 2 2 2 2 2 2 2 2 2 2 2 2 2 2 2 2 2 2 2 2 2 2 2 2 2
left_child=2 12 23 5 -5 -3 7 9 10 -4 -9 -6 -2 -7 15 -8 -16 24 19 29 -21 -13 -23 -1 26 -26 -18 -28 -29 -19
right_child=1 3 6 4 11 13 14 8 -10 -11 -12 21 -14 -15 16 -17 17 18 -20 20 -22 22 -24 -25 25 -27 27 28 -30 -31
leaf_value=-0.026681067574295218 0.0074302177172977995 -0.0094441020791546249 0.0085634602407896106 -0.013608040647912779 0.024795282297663965 0.036545668081184486 0.011598268595020691 0.014290709466093511 -0.016384668590468752 0.026718715100198649 -0.027750599434142313 -0.0056909589032507714 -0.024505289455151034 -0.010456363958967572 0.0038342651161109194 -0.028258979119929663 -0.026647241527859251 -0.011157746523943211 -0.0056576463477352283 -0.0083344166044411715 0.021105355128984964 0.029062635947552026 -0.015446571095343649 0.01022279510992225 0.021573762700304339 -0.023703787582994372 0.0056870960081641221 -0.024024859387773215 -0.0010101609904607323 0.019830883856674312
leaf_weight=47.840156488120556 21.876180619001389 33.724789958447218 351.95291434973478 332.7311673425138 34.407752122730017 38.575392905622721 19.535932883620262 82.329547025263309 67.347429201006889 91.385570183396339 8.4329165965318662 169.96381300315261 130.94860460609198 8.9961086511611921 2032.4612676203251 42.540403835475445 72.13081818819046 115.51624331623316 256.27500084042549 52.64887261390686 191.07140307128429 32.401737615466118 10.504293777048586 15.907262191176413 36.992466762661934 10.756656654179094 86.432765856385231 72.414015173912048 73.547329425811768 17.901852965354919
leaf_count=219 164 237 1754 2692 192 197 79 426 310 501 41 1282 1465 92 8060 194 294 468 1031 229 707 186 115 65 170 54 318 289 290 67
internal_value=0.000720601 -0.00705299 0.00242312 -0.0039286 -0.00635206 0.0123755 0.00279819 0.00876453 -0.00224001 0.0126863 0.00856985 0.00347597 -0.019743 0.0272637 0.00161256 -0.0156593 0.00200668 -0.00175163 0.00202921 0.00728787 0.0146487 -0.000601978 0.0173173 -0.0172235 -0.00848614 0.00945555 -0.0114823 -0.00609002 -0.0130737 -0.00614365
internal_weight=4559.55 814.13 3745.42 661.305 580.009 81.2963 3681.67 601.448 158.11 443.338 90.7625 247.278 152.825 47.5715 3080.23 62.0763 3018.15 985.687 633.413 377.138 243.72 212.87 42.906 63.7474 352.274 47.7491 304.525 232.394 145.961 133.418
internal_count=22188 6622 15566 4993 4467 526 15282 3032 777 2255 467 1775 1629 289 12250 273 11977 3917 2502 1471 936 1583 301 284 1415 224 1191 897 579 535
is_linear=0
shrinkage=0.03


Tree=91
num_leaves=31
num_cat=0
split_feature=18 7 263 6 20 82 399 108 359 230 369 326 263 280 132 263 231 271 232 264 324 271 245 243 107 271 140 145 153 332
split_gain=72.5455 37.448 50.3365 41.8449 36.7137 34.1284 38.0053 34.8198 29.1235 28.9195 27.477 25.7713 30.2943 38.9453 39.1152 37.4053 42.695 36.8509 36.2265 35.4508 33.644 29.8871 35.2335 28.9947 27.8863 27.7522 26.2084 25.9372 27.0776 25.4883
threshold=1.0000000180025095e-35 0.22432254999876025 0.04178252816200257 0.071922417730093016 0.82360282540321361 0.0026008476270362739 0.71198156476020824 0.0005193654214963318 -0.23764303326606748 0.99747925996780407 0.60639682412147533 -0.68763795495033253 0.18004301935434344 0.13990101963281634 1.7527474761009219 0.089807316660881056 0.32190495729446417 -0.15000000596046445 0.037608625367283828 0.18433170020580295 -0.6566941738128661 -0.049999967217445367 0.29007633030414587 0.029571326449513439 0.095743220299482359 0.099999934434890761 1.7059164643287661 -1.7006677985191343 -0.11997320130467413 0.3690564781427384
decision_type=2 2 2 2 2 2 2 2 2 2 2 2 2 2 2 2 2 2 2 2 2 2 2 2 2 2 2 2 2 2
left_child=5 2 10 -3 -4 -1 7 -7 -9 11 -2 -5 15 24 17 18 -17 26 23 27 -21 22 -20 -13 25 -14 -15 28 -16 -19
right_child=1 3 4 9 -6 6 -8 8 -10 -11 -12 12 13 14 19 16 -18 29 21 20 -22 -23 -24 -25 -26 -27 -28 -29 -30 -31
leaf_value=-0.018457140577360674 0.024397140404222289 -0.005953748696527851 -0.0056033770165989051 -0.00028012789908871398 0.014380254842836093 0.029927781894006533 -0.015365041082331976 -0.016165734062807802 0.010541932390213896 -0.012489180090795228 -0.0091407434174453264 0.01897843604328199 0.028157397606846376 -0.036934132802232969 0.014642091329894309 -0.016300898257876607 0.0046591715516249186 0.027636863820486791 -0.020356482676288399 0.016359491882597305 -0.032361922657555865 -0.015754800196197544 0.025160356881402338 -0.021812570674464266 0.010437978252352804 0.0017144933364973841 0.015829016848859394 0.0063325877680915198 -0.03990292513358689 -0.0026423057910247507
leaf_weight=220.86239047721028 84.419384218752384 322.67666248604655 1050.9365178085864 469.13715994358063 82.848720714449883 35.331206131726503 119.14096910506487 58.31600496545434 76.900720834732056 71.88224071264267 24.321355879306793 213.66559343785048 181.7197026386857 13.562462717294695 7.6565905958414104 148.25280690938234 193.88808258622885 99.563237592577934 15.831930845975874 11.338973820209501 51.184281550347805 70.741470217704773 42.456388890743256 10.920178994536398 588.34589352458715 46.288929034024477 8.8505175113677961 179.40224071592093 16.880000904202461 30.397174537181854
leaf_count=2334 350 1271 4935 1802 359 274 1176 530 607 299 100 917 713 60 38 638 832 390 67 44 219 297 161 47 2535 187 38 774 77 133
internal_value=0.000819074 0.00217338 -0.00214593 0.00409811 -0.00405464 -0.00975435 -0.00280492 0.00617002 -0.00113141 0.00542756 0.0167061 0.00600329 0.0075308 0.0103429 0.00281069 0.00247024 -0.00453768 0.0146022 0.00923633 -0.00409493 -0.0226175 -0.0032731 0.0117795 0.0163503 0.0141378 0.0230448 -0.0169333 0.00209601 -0.0230773 0.020705
internal_weight=4547.72 4037.17 1242.53 2794.64 1133.79 510.551 289.689 170.548 135.217 2471.97 108.741 2400.08 1930.95 1235.19 418.835 695.756 342.141 152.373 353.616 266.462 62.5233 129.03 58.2883 224.586 816.355 228.009 22.413 203.939 24.5366 129.96
internal_count=22204 17283 5744 11539 5294 4921 2587 1411 1137 10268 450 9969 8167 5208 1773 2959 1470 621 1489 1152 263 525 228 964 3435 900 98 889 115 523
is_linear=0
shrinkage=0.03


Tree=92
num_leaves=31
num_cat=0
split_feature=177 335 166 2 248 292 426 189 172 353 174 231 352 160 269 156 230 86 282 234 249 247 160 230 251 266 142 249 189 113
split_gain=62.2921 29.9704 27.9756 25.6961 58.5479 29.3957 25.9413 21.9595 27.6759 19.5919 20.3705 27.9774 26.9922 25.1107 21.9546 21.2569 19.6576 20.0015 19.7015 48.0409 22.27 19.2013 18.5586 26.8159 25.7161 18.2965 18.2806 17.8731 17.4372 20.1452
threshold=-0.7340317666530608 -1.3664330244064329 0.72015702724456798 -0.23799008131027219 0.031310165300965316 -0.41241596639156336 0.50806450843811046 -0.22067185491323468 -0.53600585460662831 1.2354189753532412 -0.43643577396869654 -0.98004642128944386 -0.21961478888988492 0.72131294012069713 -0.0015567466616630552 -0.017120870761573311 -0.99759784340858448 0.0042601600289344796 0.68147912621498119 0.62980940937995922 0.0091689666733145731 -0.076299402862787233 -0.31677702069282526 0.32697506248950964 0.59745502471923839 -0.13102977722883222 2.2502003908157353 -0.42127533257007593 -0.23302897065877912 0.71278667449951183
decision_type=2 2 2 2 2 2 2 2 2 2 2 2 2 2 2 2 2 2 2 2 2 2 2 2 2 2 2 2 2 2
left_child=3 -2 7 4 6 26 -1 8 22 10 13 12 -12 -9 15 -13 17 -16 -18 -20 -21 -11 24 -24 -3 -14 -5 -6 29 -10
right_child=1 2 -4 5 27 -7 -8 9 28 21 11 14 25 -15 16 -17 18 -19 19 20 -22 -23 23 -25 -26 -27 -28 -29 -30 -31
leaf_value=-0.011711983591838945 -0.012241270462905959 -0.021464242769721045 -0.022315168501697742 -0.016937052713217781 0.018905681929910469 -0.009942757462424524 0.049567130647697993 0.016923594329804219 -0.00015881664497145463 0.017347291251300353 -0.028966497217948542 -0.017319927134995129 -0.024274418093803023 -0.0082413702652788436 0.012428896710659535 0.0016765960558617024 0.0077371377782465972 -0.028349456824136782 -0.031704941562311198 -0.013009688355147866 0.026816214913166228 -0.010326904519356252 0.014118357364819286 -0.022858827957548771 0.01048548613460935 0.010093618881919246 0.008829771641197014 -0.024246860102366732 -0.01385385329387232 0.0092198375447958246
leaf_weight=5.9788239635527125 114.69731275364757 117.75731647014618 32.254197038710117 22.083068836480379 3.8726591877639285 270.72020508721471 9.8265636637806875 224.5580677986145 627.15747071802616 20.415858678519726 36.28975872695446 56.815338715910912 11.463043108582495 37.224918358027935 11.779972001910208 304.71236301958561 1587.7396380156279 21.959091618657112 32.41592700779438 14.30951741337776 27.245424970984459 125.03733353316784 49.276975929737091 18.704836055636406 22.759352527558804 49.704911395907402 166.13367317244411 162.40165200084448 52.419567212462425 298.33702769875526
leaf_count=68 485 559 383 197 37 1766 52 969 2770 78 168 263 53 155 45 1302 6737 97 141 64 111 537 234 89 96 202 975 1918 270 1348
internal_value=0.00098067 0.00241176 0.00288091 -0.00763101 -0.0169736 -0.00370255 0.0294464 0.00314173 -0.000224207 0.00470108 0.00534969 0.00435319 -0.0108156 0.0131847 0.00511121 -0.00155256 0.00653886 -0.0141648 0.00702317 -0.007516 0.0129874 -0.00575551 -0.00996909 0.00262005 -0.0159662 0.00166762 0.0052539 -0.022458 0.0018989 0.00289969
internal_weight=4536.05 3895.04 3780.34 641.017 182.08 458.937 15.8054 3748.08 1186.41 2561.67 2416.22 2154.43 97.4577 261.783 2056.98 361.528 1695.45 33.7391 1661.71 73.9709 41.5549 145.453 208.498 67.9818 140.517 61.168 188.217 166.274 977.914 925.494
internal_count=22169 17156 16671 5013 2075 2938 120 16288 5366 10922 10307 9183 423 1124 8760 1565 7195 142 7053 316 175 615 978 323 655 255 1172 1955 4388 4118
is_linear=0
shrinkage=0.03


Tree=93
num_leaves=31
num_cat=0
split_feature=166 177 264 266 123 150 186 172 252 248 271 265 262 248 230 82 352 266 281 129 160 235 254 246 229 137 227 135 227 348
split_gain=57.9048 36.0748 33.8948 39.4745 44.3585 26.6381 25.1408 27.4656 25.6122 23.1359 37.5598 23.9321 22.1418 18.8823 18.1686 27.1759 23.8229 25.3624 21.9419 21.9007 31.4044 41.5254 29.3884 25.11 25.8217 25.082 39.0273 35.4447 38.165 57.9011
threshold=0.57047134637832653 -0.72309178113937367 -0.021533448249101635 -0.0606447085738182 0.21065415441989901 -1.0749394893646238 -0.17960531264543531 -0.53600585460662831 0.75032833218574535 0.22346820682287219 0.1500000208616257 0.40162131190299993 0.5572943687438966 0.012034805957227947 -0.99554541707038868 0.010795561596751215 0.95603173971176159 -0.011413823813199995 -0.11559462547302245 0.00015723720571259039 -0.32809115946292872 0.096804272383451476 0.97499999403953563 0.20074816793203357 0.0074951546266675004 2.7728070020675664 0.029128714464604858 2.6449013948440556 0.0080440943129360693 0.1164311282336712
decision_type=2 2 2 2 2 2 2 2 2 2 2 2 2 2 2 2 2 2 2 2 2 2 2 2 2 2 2 2 2 2
left_child=1 9 -2 4 -4 -6 7 -3 14 11 -11 -1 13 -5 15 -8 19 -18 -19 20 23 -22 25 24 -16 26 27 28 -21 -30
right_child=2 6 3 12 5 -7 8 -9 -10 10 -12 -13 -14 -15 16 -17 17 18 -20 22 21 -23 -24 -25 -26 -27 -28 -29 29 -31
leaf_value=-0.0043811162268056888 -0.023939868837217201 -0.0084594202709304817 -0.016014795573538989 0.0054468362494830566 -0.011443615509775105 0.045850044533886476 0.0058890062390352495 0.0018922309403120072 0.022783180617294792 -0.024004692966177878 0.015651234177692382 0.019341959433950045 0.014841764744122542 -0.025231213511391119 0.0074774027449004766 -0.02331752435912272 0.0052378714017227539 -0.029861335802244433 -0.0040992377382579256 0.005097423188072249 -0.030005170221627939 0.016211354259978293 -0.013765872637780759 0.0047727277184176952 -0.036222443198749142 0.0013583087699324317 0.016581924263475774 0.017884736749253231 -0.034360025777824543 0.016991780847670258
leaf_weight=344.29712789878249 116.63059869781137 290.85566065460443 18.598935164511204 19.867257177829742 5.8548149056732646 27.755656808614731 56.67938357591629 1014.4057209305465 62.243544772267342 101.34780814871192 21.307336281985044 35.917592901736498 15.87058389186859 72.347737658768892 12.638878002762793 46.106347799301147 150.87621243298054 37.156279422342777 103.87405367940664 568.64960332214832 14.808710142970083 84.398420587182045 52.934873141348362 31.465681746602058 45.152711033821106 429.93900714814663 473.53376565128565 162.46104757487774 48.906614661216736 24.961026854813099
leaf_count=2207 1316 1294 238 150 63 193 226 4378 285 700 94 207 138 897 55 202 634 176 449 2366 60 321 238 126 191 1848 1952 711 227 95
internal_value=0.000997689 0.00188029 -0.012114 -0.00280509 0.0171507 0.0353589 0.00290537 -0.00043928 0.00471962 -0.00560197 -0.0165617 -0.00180381 -0.0129926 -0.018598 0.0041692 -0.00776786 0.00474367 -0.0031653 -0.0120486 0.00594015 -0.00363415 0.0076908 0.00698085 -0.0159745 -0.026728 0.00768334 0.00978318 0.00566237 0.00239632 -0.0169088
internal_weight=4491.84 4214.92 276.926 160.295 52.2094 33.6105 3712.05 1305.26 2406.79 502.87 122.655 380.215 108.086 92.215 2344.54 102.786 2241.76 291.907 141.03 1949.85 188.464 99.2071 1761.39 89.2573 57.7916 1708.45 1278.51 804.978 642.517 73.8676
internal_count=22037 19042 2995 1679 494 256 15834 5672 10162 3208 794 2414 1185 1047 9877 428 9449 1259 625 8190 753 381 7437 372 246 7199 5351 3399 2688 322
is_linear=0
shrinkage=0.03


Tree=94
num_leaves=31
num_cat=0
split_feature=18 2 7 227 251 130 364 371 159 268 271 159 249 228 6 160 230 326 230 247 363 319 418 233 354 144 233 282 251 128
split_gain=64.7624 31.7316 33.2288 33.2988 32.3805 30.8958 35.5864 40.1603 35.6105 35.6021 37.6557 55.7564 29.7002 29.1784 28.9288 26.2523 23.715 27.1572 28.6298 23.888 22.8184 22.215 21.5877 21.4407 36.2888 21.5216 33.4966 36.6976 29.1012 43.7717
threshold=1.0000000180025095e-35 0.52937710285186779 0.2156363055109978 0.0046257358044385919 0.20707554370164874 0.81939926743507396 0.572525054216385 0.3874839991331101 -0.0092766727320849878 -0.35558333992958063 0.025000005960464481 -2.0954757928848262e-09 0.24776345491409305 0.77802231907844555 0.071922417730093016 -0.82460841536521901 0.99747925996780407 -0.66918060183525074 -0.99554541707038868 -0.075570810586214052 0.28761768341064459 -0.54226461052894581 0.32795698940753942 0.20693554729223254 0.25186944007873541 -0.98665675520896901 0.052937943488359458 -0.44390833377838129 0.40906596183776861 1.2382696866989138
decision_type=2 2 2 2 2 2 2 2 2 2 2 2 2 2 2 2 2 2 2 2 2 2 2 2 2 2 2 2 2 2
left_child=5 2 3 4 21 -1 7 8 -7 -10 11 -11 13 14 -4 -5 17 22 19 -19 -18 -2 -16 25 -25 26 27 -20 29 -29
right_child=1 -3 12 15 -6 6 -8 -9 9 10 -12 -13 -14 -15 16 -17 20 18 23 -21 -22 -23 -24 24 -26 -27 -28 28 -30 -31
leaf_value=-0.0226186201138832 -0.012758903235091055 0.025405307313342826 -0.0042144807257908298 -0.0226439802163305 -0.0026145598517411813 -0.0086375000368289559 -0.017164173043657246 -0.01152408012030247 -0.01762831134286141 0.046464816255637295 0.049322513998490997 -0.012919287093174229 -0.014081245313576038 0.022018367280794125 0.0015685937239488211 -0.0042267604555215367 0.0036024508789356383 0.010267779698276937 -0.025791121486623242 -0.019866224572152397 -0.02663173085358533 0.024369910809591257 -0.014015866242077605 -0.023858120710268556 0.023232800670969 0.010031500964687159 0.01385563372829084 -0.021581486021911664 0.0073219553433633462 0.0065137020978052384
leaf_weight=111.95928731560707 12.922857634723185 45.507262617349625 404.89807187393308 110.57370313256979 340.37551365420222 46.836420889943838 131.7533355243504 110.32919177785516 12.703026335686443 15.127634402364491 36.058681912720203 33.589313887059689 80.27834428101778 69.439369022846222 402.61114232987165 185.68575573340058 42.631131783127785 30.609337754547596 39.694875001907349 60.339471749961376 36.271565616130829 67.895692221820354 92.309820622205734 41.632373973727226 14.563078507781027 1222.243618119508 198.70322969555855 90.214094340801239 327.3593532294035 96.69256005436182
leaf_count=1481 77 190 1721 554 1611 412 1299 1017 111 86 214 294 375 274 1544 884 181 120 171 257 157 253 378 195 55 5087 884 413 1434 444
internal_value=0.000937092 0.00221013 0.0018972 -0.00391329 0.00149879 -0.00918302 -0.00493014 0.00164949 0.0118573 0.0217241 0.02863 0.00885317 0.00318858 0.00365926 0.00319608 -0.0114993 0.004321 0.00482198 0.00629488 -0.00960825 -0.0112116 0.0177697 -0.00147214 0.0070427 -0.0102667 0.00757505 0.00351655 -0.000299934 0.00196744 -0.00728238
internal_weight=4511.81 4013.45 3967.94 717.454 421.194 498.357 386.398 254.644 144.315 97.4787 84.7756 48.7169 3250.49 3170.21 3100.77 296.259 2695.88 2616.97 2122.05 90.9488 78.9027 80.8185 494.921 2031.1 56.1955 1974.91 752.664 553.961 514.266 186.907
internal_count=22173 17259 17069 3379 1941 4914 3433 2134 1117 705 594 380 13690 13315 13041 1438 11320 10982 9060 377 338 330 1922 8683 250 8433 3346 2462 2291 857
is_linear=0
shrinkage=0.03


Tree=95
num_leaves=31
num_cat=0
split_feature=165 131 7 114 254 227 247 269 244 160 266 125 227 7 129 243 277 153 326 185 123 127 159 130 229 248 229 451 262 230
split_gain=55.6912 29.0378 26.6071 34.0859 34.968 40.7326 53.4888 45.5959 41.9756 43.7688 42.8705 37.2845 36.7012 50.4121 36.4513 34.8602 32.7528 32.0199 30.2402 29.3455 26.3245 26.2006 26.026 25.8614 26.5923 27.2754 25.518 24.9235 24.9106 24.6249
threshold=0.20406284183263781 0.90057656168937694 0.2363599240779877 0.19245185703039172 0.84999999403953563 0.026228661648929123 0.059129033237695701 -0.081666477024555192 9.9784563944993486e-10 -0.84544244408607472 -0.016338302753865715 1.0832843184471133 -0.056683754548430436 0.24405324459075931 0.00020834823953919115 -0.015606746077537535 0.07335283607244493 0.17677997052669528 1.3159145116806032 -0.18429378420114514 0.10142119601368906 0.009723464027047159 0.031756399199366576 0.90789076685905468 0.0098184649832546728 0.3410231620073319 0.22654791176319125 0.64400920271873485 0.17194224148988727 0.99559941887855541
decision_type=2 2 2 2 2 2 2 2 2 2 2 2 2 2 2 2 2 2 2 2 2 2 2 2 2 2 2 2 2 2
left_child=2 -2 23 21 5 6 8 27 11 10 -10 12 13 26 -9 -6 28 -13 -17 -11 -16 22 -4 24 -1 -26 -5 -7 -15 -25
right_child=1 -3 3 4 15 7 -8 14 9 19 -12 17 -14 16 20 18 -18 -19 -20 -21 -22 -23 -24 29 25 -27 -28 -29 -30 -31
leaf_value=0.015536491735382582 -0.020545143522055009 -0.0036954193540464338 -0.036253375328549178 -0.014299276884306688 -0.019257774440103528 -0.033274997672021724 0.015556506175845903 -0.029922333487940721 0.015457436538307699 0.0023831715255802697 -0.030222602189630569 0.017590546125198968 0.0065599951505461293 0 0.027010899544711264 0.016410897066107766 0.0065983569799462185 -0.016965256847931143 -0.0070404141727836121 -0.035693063874423718 0.009501847769305849 0.011953131974151576 0.006803832452194296 -0.0014785749823526615 0.0030750721330617993 -0.020973825053386769 0.02097027354898456 0.0088337990834640289 -0.043774198351522318 -0.018269555919556577
leaf_weight=143.27678283303976 129.43022473156452 302.37269838526845 37.560053899884224 27.317629925906658 23.90210760384798 26.234284147620201 126.29148867726326 11.135529890656469 51.561789318919182 20.868912056088448 20.008213706314564 125.55870609730482 104.02609143406153 13.786865368485449 102.22049794346094 452.97289881855249 16.601932317018509 23.343131579458714 50.875618919730186 88.069222420454025 332.48019722849131 19.50225505232811 14.388188645243643 1299.6614350751042 728.06323209404945 38.015548497438431 33.205552130937576 16.008655518293381 63.654252529144287 77.026688449084759
leaf_count=589 1737 2962 165 114 109 115 548 47 203 94 89 562 468 63 431 1996 66 98 204 394 1462 77 59 5610 2948 158 136 65 273 347
internal_value=0.001138 -0.00901712 0.00222691 0.00494586 0.00580707 0.00293715 -0.00161925 0.00955516 -0.00546553 -0.0172123 0.000998557 -3.39299e-05 -0.00689427 -0.0159061 0.0124398 0.0122019 -0.0289213 0.0115874 0.0139583 -0.0286049 0.0140057 -0.0144313 -0.0247578 7.10283e-05 0.00398426 0.00168899 0.00506351 -0.0181166 -0.0365762 -0.0025133
internal_weight=4519.42 431.803 4087.62 1801.57 1730.12 1202.37 714.294 488.079 588.002 180.508 71.57 407.494 258.592 154.566 445.836 527.751 94.0431 148.902 503.849 108.938 434.701 71.4505 51.9482 2286.04 909.356 766.079 60.5232 42.2429 77.4411 1376.69
internal_count=22189 4699 17490 7838 7537 5228 3108 2120 2560 780 292 1780 1120 652 1940 2309 402 660 2200 488 1893 301 224 9652 3695 3106 250 180 336 5957
is_linear=0
shrinkage=0.03


Tree=96
num_leaves=31
num_cat=0
split_feature=166 128 166 244 246 265 232 338 128 278 229 229 265 153 369 433 334 164 281 2 107 263 262 249 249 2 161 289 463 277
split_gain=54.9043 33.646 22.4743 23.1885 23.11 35.553 42.5958 29.0064 25.2811 23.7809 25.8019 37.9118 31.3301 22.1442 31.4054 30.3479 27.4139 26.5024 21.8182 21.7812 21.5173 24.7369 23.554 20.6939 24.5123 24.1111 56.5625 24.0973 22.8039 30.2086
threshold=0.38507701456546789 0.13215336203575137 0.13048141449689868 -0.020635950379073616 0.27230393886566168 0.19246751815080645 0.0073754778131842622 -0.17973172664642331 1.5905036330223086 -0.010668547358363865 0.03680612891912461 0.062436580657958991 0.014596767723560335 -0.38713382184505457 -0.1676053702831268 0.32795698940753942 0.18624171614646914 0.6443709433078767 -0.055876165628433221 -0.063718233257532106 0.27629376947879797 0.54661801457405101 0.37499395012855535 -0.26938188076019282 0.053364716470241554 0.15347037464380267 0.01612279657274485 -0.3637585043907165 0.70900535583496105 0.175236351788044
decision_type=2 2 2 2 2 2 2 2 2 2 2 2 2 2 2 2 2 2 2 2 2 2 2 2 2 2 2 2 2 2
left_child=2 -2 4 18 8 7 -7 -6 9 10 -1 -12 -13 16 -15 19 -3 -18 -4 -16 21 -17 -22 27 28 -26 -27 -5 29 -25
right_child=1 13 3 23 5 6 -8 -9 -10 -11 11 12 -14 14 15 20 17 -19 -20 -21 22 -23 -24 24 25 26 -28 -29 -30 -31
leaf_value=0.01117042759541933 -0.020609084222552858 -0.0074873406105719527 0.023654824274943878 0.01650316188988693 -0.020101192690981012 -0.043893159428163436 0.002848774907594697 0.016013508801646342 0.022454581697217285 0.01218470473993068 -0.045079384410539936 0.015296227317431969 -0.023803498650760556 -0.012649405763926556 -0.022836283270270593 0.03309884968618327 0.032582607764140931 -0.015205589443801825 -0.00032707245960556669 0.001040489633234743 0.016992435288857063 -0.015733959027701524 -0.0097761550235353541 0.0060393956927402882 -0.001088030601720587 -0.024017192617959319 0.029053960239270721 -0.023282773699967112 -0.0015593069449322148 -0.021006211145009581
leaf_weight=57.493349000811577 119.73644898831844 42.469287324696779 71.145716212689877 11.879502668976782 19.099321946501732 25.887805014848709 35.088026940822601 83.107582554221153 116.15407885611057 232.67414059489965 17.991156607866287 37.135969743132591 24.65771909058094 292.33722003549337 52.570386741310358 42.304414439946413 41.120060361921787 8.523770194500683 58.787268042564392 78.112512454390526 45.094191823154688 6.7889312058687201 61.351714763790369 1252.7115864753723 803.70368526130915 98.691290095448494 15.465582206845282 54.389455951750278 663.70263017714024 31.418850183486938
leaf_count=286 1482 291 267 45 81 122 175 439 649 1201 82 180 112 2342 597 253 209 90 244 577 262 54 449 5013 3179 431 61 251 2637 134
internal_value=0.000748243 -0.00639293 0.00228117 0.00119425 0.00732341 -0.00232009 -0.0193179 0.00831276 0.0105689 0.00646167 -0.00328614 -0.0138853 -0.000987745 -0.00365273 -0.00585131 0.00119243 0.00948851 0.023327 0.0132657 -0.00916096 0.00997578 0.025038 0.00182016 0.000625398 0.00102892 -0.00299263 -0.0154774 -0.0151121 0.00293326 0.00525924
internal_weight=4501.59 790.409 3711.18 3061.9 649.289 163.183 60.9758 102.207 486.106 369.952 137.278 79.7848 61.7937 670.672 578.559 286.222 92.1131 49.6438 129.933 130.683 155.539 49.0933 106.446 2931.96 2865.69 917.861 114.157 66.269 1947.83 1284.13
internal_count=22195 6606 15589 12262 3327 817 297 520 2510 1861 660 374 292 5124 4534 2192 590 299 511 1174 1018 307 711 11751 11455 3671 492 296 7784 5147
is_linear=0
shrinkage=0.03


Tree=97
num_leaves=31
num_cat=0
split_feature=3 6 7 347 267 267 304 277 189 237 154 155 244 166 238 127 154 247 187 178 135 280 287 7 187 362 166 141 233 282
split_gain=49.8913 32.1781 29.5697 39.4192 26.1681 34.9935 30.694 36.5014 32.4162 25.8806 25.283 39.4261 40.6028 27.3869 30.7858 25.3594 25.0888 47.093 41.2118 49.2666 45.0942 38.2828 35.9846 32.0404 30.9037 30.2566 29.6151 28.0545 26.4724 29.1611
threshold=0.1981463357806206 0.052699072286486633 0.22729630023241046 -1.1674476861953733 0.082963481545448317 0.060575107112526901 -0.52963346242904652 -0.10164714977145194 -0.26499675214290613 0.92500004172325145 0.11100813373923303 -1.0000000180025095e-35 -0.007340103853493928 0.38507701456546789 1.0000000180025095e-35 0.17232596129179004 0.025306153111159805 0.08616169169545175 -0.25000001490116114 -0.3155484646558761 2.0488067865371709 0.14417976886034015 -0.2495910823345184 0.21212963759899142 2.0242861509323125 0.38527713716030126 0.18373083323240283 2.4935262203216557 -0.10150637850165366 0.261218011379242
decision_type=2 2 2 2 2 2 2 2 2 2 2 2 2 2 2 2 2 2 2 2 2 2 2 2 2 2 2 2 2 2
left_child=9 2 3 -2 5 6 -3 8 -8 16 11 12 15 14 -13 -6 17 18 -1 -20 24 23 -19 -18 -21 -22 -24 -23 29 -25
right_child=1 4 -4 -5 10 -7 7 -9 -10 -11 -12 13 -14 -15 -16 -17 21 22 19 20 25 27 26 28 -26 -27 -28 -29 -30 -31
leaf_value=0.0065646587026287001 0.029309896001653016 -0.0084720468189506491 -0.028624748272410246 -0.012867878787069624 0.019536078501871623 0.016075641430688542 -0.0030913356987392394 -0.00086110046206601149 0.021883967591085025 -0.02051206098282506 0.0057628720548494805 0.035044838571417526 -0.026663583687374075 -0.013078275417348314 -0.0042428207352019232 -0.01676592677880856 -0.010030488794059466 0.026833152639455134 0.010568036429203202 -0.022083238322402304 0.0064022504901633239 -0.013113322736720362 0.018045730512525896 -0.014120526466089514 0.011607823624446283 -0.012107859896575923 -0.013629865338789548 0.011482667359862388 0.016932158463253424 0.014419556357907653
leaf_weight=434.51480891555548 18.695751562714577 366.04780232161283 70.6015270575881 82.209120612591505 29.705848831683397 110.06202171370387 69.305416468530893 1080.5468472018838 123.85750351473689 31.403051555156708 87.619413670152426 27.799523249268532 159.16914751380682 49.201966360211372 33.475430853664875 25.76512273773551 49.960520848631859 101.91765424609184 136.79064460098743 219.55437496304512 180.28158144652843 106.35459820181131 42.925143346190453 54.602877452969551 22.694144949316978 130.93347190320492 49.704967305064201 59.189537778496742 470.82888678461313 60.48887400329113
leaf_count=1847 91 1999 1009 755 125 482 422 5238 551 149 500 98 882 430 147 175 202 404 609 932 769 451 205 230 109 588 197 266 2034 258
internal_value=0.000627259 -0.00240459 -0.0146556 -0.0035614 -0.001384 0.000222947 -0.000898535 0.00130421 0.0130758 0.00391738 -0.00811187 -0.0119254 -0.0192335 0.0024838 0.0151932 0.00251718 0.00435035 0.00177952 -0.000600782 -0.0051471 -0.00913338 0.00851743 0.0151362 0.0118406 -0.0186475 -0.00144731 0.00117991 -0.00414922 0.0138197 0.00076004
internal_weight=4486.21 2334.06 171.506 100.905 2162.56 1749.82 1639.76 1273.71 193.163 2152.15 412.736 325.117 214.64 110.477 61.275 55.471 2120.74 1319.32 1124.77 690.254 553.464 801.425 194.548 635.881 242.249 311.215 92.6301 165.544 585.921 115.092
internal_count=22154 12904 1855 846 11049 8692 8210 6211 973 9250 2357 1857 1182 675 245 300 9101 5660 4854 3007 2398 3441 806 2724 1041 1357 402 717 2522 488
is_linear=0
shrinkage=0.03


Tree=98
num_leaves=31
num_cat=0
split_feature=6 353 304 117 280 201 280 127 372 355 310 157 364 307 302 161 281 232 280 246 335 6 278 269 238 227 158 277 283 266
split_gain=48.1004 32.9131 36.9068 36.6601 33.1693 32.4132 32.3079 25.3846 24.2373 23.7444 22.4971 22.5045 22.3705 21.2423 25.449 20.6315 28.6122 32.7977 23.0833 21.1106 20.4704 19.2672 23.2766 18.8537 21.176 22.1592 26.8835 43.318 29.3411 26.0374
threshold=0.071922417730093016 1.2354189753532412 -0.4913747757673263 1.188726603984833 0.12950804829597476 0.7679487168788911 -0.44213201105594629 0.02407981920987368 -0.99884119629859913 -1.2584347128868101 -0.47764268517494196 -0.35574220120906824 0.98619633913040172 -0.48883411288261408 -0.93844434618949879 -0.0041213224176317445 -0.11559462547302245 -0.080768473446369157 0.1015954688191414 0.36457604169845587 -0.054394679144024842 0.12194444611668588 -0.00023582018911838529 -0.0015567466616630552 0.14982793480157855 0.11132005229592325 -0.0002260133624076843 -0.022851516492664811 -0.30338761210441584 -0.029840937815606591
decision_type=2 2 2 2 2 2 2 2 2 2 2 2 2 2 2 2 2 2 2 2 2 2 2 2 2 2 2 2 2 2
left_child=5 2 3 13 -5 8 -4 -7 -1 -8 11 -11 -3 -2 -15 16 19 18 -18 -12 -6 22 -14 -17 25 26 27 28 -25 -30
right_child=1 12 6 4 20 7 9 -9 -10 10 15 -13 21 14 -16 23 17 -19 -20 -21 -22 -23 -24 24 -26 -27 -28 -29 29 -31
leaf_value=0.0016882724577644555 -0.0019413541748844678 -0.023493460181636831 -0.01952483804018185 0.0065038730166294949 -0.0015390327801530991 -0.015954710424651811 -0.0087045519199125346 0.013364884703793659 -0.013140853559315439 -0.012434861810949925 0.014338658811933386 0.015503609639752088 0.010627888239033137 0.004910385356253235 -0.022260925149264914 0.00061859740545047541 0.013652647122575856 -0.015936222272491845 -0.014467942810308847 -0.014648343564944976 -0.026500739406774457 -0.020184717818347114 -0.009190902164577788 0.022921228146827389 -0.0090025391938787936 0.018220116336665874 0.011467634768105974 -0.011211500409904091 0.009497229196722393 -0.0091045097912210281
leaf_weight=126.33580681309104 172.88288179039955 54.334854174405336 41.071572262793779 438.90113900601864 84.610830157995224 28.214615799486637 97.714995034039021 104.40764775127172 413.30932518467307 22.789727628231049 117.67104955017567 298.62604197114706 103.01552944257855 35.650768261402845 141.35985535755754 423.10695258527994 77.868603136390448 151.47637705877423 31.239377200603485 21.324299670755863 40.11110145971179 40.478152211755514 96.384549282491207 79.254468746483326 57.400292634963989 186.38746790215373 564.39983594045043 150.78504029288888 178.71321095526218 99.555684849619865
leaf_count=779 797 280 180 2034 390 121 460 400 2934 129 547 1259 466 151 785 1929 374 742 165 118 203 425 446 357 304 829 2617 705 787 461
internal_value=0.000933597 0.00224416 0.00305711 -0.00211001 0.0026105 -0.00641942 0.00487784 0.00656494 -0.00967285 0.00532591 0.00591045 0.0132679 -0.00727314 -0.00964549 -0.0167528 0.00476043 -0.00134627 -0.0071756 0.00512399 0.00933051 -0.0106282 -0.00299458 0.00101035 0.0061689 0.00793206 0.00875789 0.00699659 0.00192346 0.00760084 0.00274521
internal_weight=4479.38 3807.11 3512.9 913.517 563.623 672.267 2599.38 132.622 539.645 2558.31 2460.6 321.416 294.213 349.894 177.011 2139.18 399.58 260.584 109.108 138.995 124.722 239.878 199.4 1739.6 1316.5 1259.1 1072.71 508.308 357.523 278.269
internal_count=22174 17940 16323 4360 2627 4234 11963 521 3713 11783 11323 1388 1617 1733 936 9935 1946 1281 539 665 593 1337 912 7989 6060 5756 4927 2310 1605 1248
is_linear=0
shrinkage=0.03


Tree=99
num_leaves=31
num_cat=0
split_feature=166 128 127 348 261 245 248 267 418 325 277 331 266 232 158 232 310 138 134 230 189 271 126 229 332 249 245 277 161 149
split_gain=41.1512 29.8062 24.1697 37.3514 30.3361 26.0504 24.3548 30.9119 30.855 24.12 21.9989 21.3746 21.1737 20.9843 20.9179 25.7396 42.1127 30.3538 32.8196 28.2323 27.0436 29.0086 26.0483 25.0895 34.0201 27.0729 25.1359 23.7252 40.0684 33.6025
threshold=0.38507701456546789 0.13215336203575137 0.16886670142412188 -0.35849918425083155 0.043456632643938072 0.45007964968681341 0.1164091005921364 -0.081348046660423265 0.74133810400962841 0.99312737584114086 -0.11553415283560751 -0.36391240358352656 0.063544638454914107 0.085257910192012801 0.039324387907981879 -0.05975795350968837 -0.36316557228565211 3.378739714622498 1.0684334039688113 0.70053157210350048 -0.18245737254619596 -0.17499998211860654 0.064818151295185103 0.0074951546266675004 -0.86861261725425709 0.027437740005552772 0.16970393061637881 0.027834235690534118 -0.00024828957975842053 -1.3777193427085874
decision_type=2 2 2 2 2 2 2 2 2 2 2 2 2 2 2 2 2 2 2 2 2 2 2 2 2 2 2 2 2 2
left_child=14 -2 3 4 -3 6 8 -8 -4 -10 -5 13 -6 -12 23 17 -17 18 20 -19 -16 22 -22 24 -1 26 -26 -25 29 -29
right_child=1 2 5 10 12 -7 7 -9 9 -11 11 -13 -14 -15 15 16 -18 19 -20 -21 21 -23 -24 27 25 -27 -28 28 -30 -31
leaf_value=-0.010146416402433448 -0.019055548568880205 -0.015438156854346756 -0.0053373244253685026 0.036723761918523085 -0.0055871806468872709 -0.02082461602989644 0.0081046903359328886 -0.019388590874883319 0.03323559592630862 -0.00067522742108803047 0.028357444087365982 -0.0075179976730066498 0.038458885984300355 -0.012331113437048053 -0.0159025262860794 0.0069555425967650075 -0.02801176683025159 -0.034414194996837011 0.015706395278977853 0.00095992803255669278 -0.037653653371366995 0.0096113147599999078 0.0060505204582674771 0.00064944338343531007 -0.0088019441502417053 0.0027096836889048976 0.022918728580317922 0.012310987949358398 0.014784653472557276 -0.011821436184863081
leaf_weight=59.606396198272705 115.25560516119003 90.230963937938213 109.93833507969975 27.683801803737879 16.114117890596393 90.133291471749544 47.477490104734898 114.73025210574269 38.097894463688135 30.975317787379026 40.925459984689951 41.781571969389915 12.392954822629688 10.151741378009318 83.510846368968487 45.670235954225063 74.344226606190205 33.275959186255932 126.925626270473 39.085394367575645 18.64893913269043 157.13225931674242 19.688063241541386 2152.8985170572996 21.028405085206032 140.28068390488625 201.11311826109886 78.793423190712929 296.55635371059179 124.43713404238224
leaf_count=243 1467 804 816 158 138 778 321 1045 203 242 228 323 60 50 365 176 332 151 522 160 80 627 85 9122 94 581 894 332 1222 528
internal_value=0.000794878 -0.0054022 -0.00286762 0.004666 -0.0070335 -0.00707842 -0.00307157 -0.011277 0.00445174 0.0192277 0.0160262 0.00760878 0.0170723 0.0195781 0.00213144 -0.00296673 -0.0149727 0.000196879 0.0034811 -0.0167755 -0.00229255 0.00381899 -0.0175089 0.00313134 0.00987289 0.0133237 0.019693 0.00203168 0.00787392 -0.00231686
internal_weight=4458.88 785.889 670.633 239.281 118.738 431.353 341.219 162.208 179.012 69.0732 120.543 92.8588 28.5071 51.0772 3673 598.282 120.014 478.267 405.906 72.3614 278.98 195.469 38.337 3074.71 422.029 362.422 222.142 2652.69 499.787 203.231
internal_count=22147 6633 5166 1761 1002 3405 2627 1366 1261 445 759 601 198 278 15514 2498 508 1990 1679 311 1157 792 165 13016 1812 1569 988 11204 2082 860
is_linear=0
shrinkage=0.03


Tree=100
num_leaves=31
num_cat=0
split_feature=177 329 295 372 166 100 164 245 263 158 176 312 279 123 233 177 337 245 329 265 264 159 363 159 232 177 229 284 170 266
split_gain=46.2504 27.9681 27.5424 26.3202 22.7604 19.2732 19.1453 26.2975 37.3476 67.8814 34.736 27.8389 24.9926 24.4418 22.4389 18.4493 24.3771 18.1915 18.1673 17.8377 17.5456 18.074 17.4556 17.447 17.2111 16.91 17.3116 16.7476 15.7741 17.142
threshold=-0.7340317666530608 -1.1436579227447508 -0.61491289734840382 0.27297487854957586 0.76423910260200512 1.097822427749634 0.13140273839235309 0.26015537977218633 0.18211723864078525 0.012187879532575609 1.2681086063385012 -0.54519388079643238 0.16113524138927462 1.1610822081565859 -0.14951126277446744 -0.61078351736068714 0.48483029007911688 0.2886564582586289 -0.2673127800226211 -0.47483736276626581 -0.17706225812435147 -0.018553372472524639 0.57354557514190685 -0.042992746457457535 -0.031269530765712254 -0.57693213224411 0.32956528663635259 -0.28087270259857172 -0.26493705809116358 -0.13102977722883222
decision_type=2 2 2 2 2 2 2 2 2 2 2 2 2 2 2 2 2 2 2 2 2 2 2 2 2 2 2 2 2 2
left_child=2 -2 3 5 6 -1 7 8 10 -10 12 17 -3 18 -13 16 -8 -9 -11 -17 -19 -22 -5 -20 -16 26 -21 -26 -4 -30
right_child=1 4 28 22 -6 -7 15 11 9 13 -12 14 -14 -15 24 19 -18 20 23 25 21 -23 -24 -25 27 -27 -28 -29 29 -31
leaf_value=0.024258706643119625 -0.011712260349057502 -0.038814452000290503 -0.019523111221955304 -0.014583822851989265 -0.023822804825297705 -0.0047442977536675448 0.020616657671218279 0.015465498702099031 0.017995358346306167 -0.00061259449083139468 0.012319059699244178 -0.019419838966699854 0.0054501431959557084 0.0085374235913885394 0.024037036596578618 0.025601665353285091 -0.0085346507001650401 0.012170131630600569 0 -0.023278195957163374 0.0048144939462544624 -0.028773392133537155 0.017475992787193452 -0.048600241185796783 -0.0023014030886743314 0.0011985248412147134 0.01349518035910042 0.015473699899718406 0.0087564788451053675 -0.0095631817147663802
leaf_weight=55.668288018554449 121.58953619748354 42.168522953987122 121.68472442030907 65.662575166672468 22.293361898511648 26.947464235126972 87.069990027695894 28.101238220930099 141.68793553858995 17.659793376922607 20.831847667694092 10.61673319339752 12.409898564219473 20.806106701493263 150.32117211073637 19.528103724122047 30.505788195878267 17.399206012487411 8.8575953096151334 40.756727486848831 18.047600924968719 37.16140128672123 12.791032984852789 24.102148786187172 64.551023721694946 2750.247020136565 9.7135068885982019 151.3702941313386 48.099795080721378 290.87143198028207
leaf_count=297 520 196 1274 567 301 199 477 128 746 78 108 47 62 109 802 74 229 73 39 278 80 171 59 114 328 11409 62 777 395 2241
internal_value=0.000809656 0.0020411 -0.0067328 0.0037774 0.00251382 0.0150498 0.0027198 0.0069267 -0.000203241 0.00621605 -0.017459 0.0111966 -0.0291037 -0.0165374 0.0148878 0.00160535 0.0129143 -0.00258828 -0.0268112 0.00109936 -0.0104529 -0.0183186 -0.00823055 -0.0380193 0.016256 0.000861372 -0.0152364 0.0102072 -0.0104317 -0.00680871
internal_weight=4469.52 3847.8 621.725 161.069 3726.21 82.6158 3703.91 766.093 288.524 213.114 75.4103 477.569 54.5784 71.4256 376.859 2937.82 117.576 100.709 50.6195 2820.25 72.6082 55.209 78.4536 32.9597 366.242 2800.72 50.4702 215.921 460.656 338.971
internal_count=22240 17208 5032 1122 16688 496 16387 3858 1452 1086 366 2406 258 340 1954 12529 706 452 231 11823 324 251 626 153 1907 11749 340 1105 3910 2636
is_linear=0
shrinkage=0.03


Tree=101
num_leaves=31
num_cat=0
split_feature=166 264 279 266 108 353 123 336 313 127 229 245 133 20 231 154 127 22 3 159 136 162 279 265 178 18 7 246 254 145
split_gain=48.8532 32.1975 39.4547 34.0981 32.6399 32.0554 27.7684 27.6521 31.0138 26.5452 20.3872 22.3177 21.5054 23.6129 25.7611 22.1049 42.7296 36.3075 29.2602 33.9469 31.6864 30.2137 28.1101 30.6719 24.9267 24.64 44.25 44.7962 33.4647 23.971
threshold=0.57047134637832653 -0.026691727340221402 0.070199847221374526 0.092541687190532698 0.12369292229413988 1.2354189753532412 0.12174820154905321 -0.88830542564392079 -0.64517855644226063 0.85299137234687816 0.01124004600569606 0.16970393061637881 0.14791556447744372 1.031717896461487 0.99557733535766613 0.026228661648929123 0.22586543858051303 0.20707555115222934 0.19171032309532168 0.0065765320323407659 0.7687358856201173 0.045599546283483512 -0.1015135496854782 0.18160754442214969 -0.3155484646558761 0.61035025119781505 0.24485863745212558 0.17064678668975833 0.84999999403953563 -1.4360403418540952
decision_type=2 2 2 2 2 2 2 2 2 2 2 2 2 2 2 2 2 2 2 2 2 2 2 2 2 2 2 2 2 2
left_child=5 -2 4 6 -3 7 -4 8 -1 -6 11 -9 13 14 -12 24 17 -17 21 20 -20 29 -21 -24 -14 -26 -27 -28 -29 -18
right_child=1 2 3 -5 9 -7 -8 10 -10 -11 12 -13 15 -15 -16 16 18 -19 19 22 -22 -23 23 -25 25 26 27 28 -30 -31
leaf_value=0.0024153768827591339 -0.023625846291332169 -0.025255411831015068 -0.012951708167970293 -0.0096306361258688133 0.034086404846195122 -0.0077611640252135657 0.041972014038917753 -0.0103465830329936 -0.011769326735551608 -0.016022544440772939 -0.0070760117925575171 0.010570074231860387 0.0081207297759321503 0.014983253339187284 0.019406097004221381 0.018101770077110575 -0.0027228427376355421 -0.0040143838218010767 0.00055498126316483429 0.026472562604049361 -0.0385665004610551 -0.01528650350454471 0.010067907237480632 -0.015040157165141337 0.0011879769386093199 0.0019370012457724287 0.011379106502699285 -0.04373702796835674 0.0070270306142073023 0.01825040679267232
leaf_weight=311.59166970849037 107.21051490306854 65.168118786066771 6.7648515850305548 26.595416482537985 13.258842375129463 294.14177488908172 30.209664635360241 44.468236584216356 239.04339820891619 11.80303382873535 447.97184801474214 496.86207238957286 335.11724662035704 51.490005865693092 28.78079354763031 351.29982783645391 65.522855818271637 78.441462740302086 30.294293366372585 25.550581380724907 38.600805811583996 35.734129086136818 72.074537448585033 91.321183532476425 790.32384457811713 118.60727271437645 19.865368500351906 59.919735476374626 11.608366116881369 162.66371960937977
leaf_count=1398 1285 897 88 267 104 1441 207 205 1119 136 2083 2289 1525 247 115 1536 319 336 139 105 199 152 327 419 3614 508 90 277 55 756
internal_value=0.000876533 -0.0115396 -0.00238754 0.0147221 -0.0147419 0.00166831 0.0312223 0.00239348 -0.00379414 0.011814 0.00341746 0.00872255 0.00237452 -0.00304096 -0.00519795 0.00363544 0.00711438 0.0140412 0.001279 -0.00580695 -0.0227612 0.00821166 0.000913752 -0.00394465 0.0011247 -0.00124875 -0.0102101 -0.0250972 -0.0354728 0.0122816
internal_weight=4462.31 261.01 153.8 63.5699 90.23 4201.3 36.9745 3907.15 550.635 25.0619 3356.52 541.33 2815.19 528.243 476.753 2286.95 951.503 429.741 521.762 257.841 68.8951 263.921 188.946 163.396 1335.44 1000.32 210.001 91.3935 71.5281 228.187
internal_count=22238 2984 1699 562 1137 19254 295 17813 2517 240 15296 2494 12802 2445 2198 10357 4288 1872 2416 1189 338 1227 851 746 6069 4544 930 422 332 1075
is_linear=0
shrinkage=0.03


Tree=102
num_leaves=31
num_cat=0
split_feature=166 264 266 128 6 7 277 150 201 243 263 263 366 7 233 161 247 264 280 139 264 233 360 7 326 246 282 7 231 248
split_gain=39.8706 31.6922 32.9054 31.9301 28.5314 27.9048 38.9498 32.4902 25.5391 27.5508 24.7007 46.4477 37.7857 32.7685 29.9055 29.8666 29.5923 29.143 28.5556 39.0123 46.5291 45.0503 36.9442 41.8368 35.4913 41.4501 35.0081 34.3638 30.5363 29.3006
threshold=0.57047134637832653 -0.026691727340221402 -0.0606447085738182 0.24442934244871142 0.071922417730093016 0.21010493487119677 -0.0033996263518929477 -1.5005576610565183 0.70900535583496105 -0.029285872355103489 0.087831839919090285 0.19148580729961398 -0.41127789020538325 0.21953703463077548 0.013673746027052404 -2.3836701984691896e-05 -0.1534537002444267 0.19684276729822162 0.12950804829597476 2.5343757867813115 0.33816012740135198 0.065961457788944258 0.65360456705093395 0.24963064491748813 -0.28334496915340418 0.2627586722373963 -0.01930904388427734 0.2427562549710274 -0.50719299912452687 0.088215764611959471
decision_type=2 2 2 2 2 2 2 2 2 2 2 2 2 2 2 2 2 2 2 2 2 2 2 2 2 2 2 2 2 2
left_child=4 -2 3 -3 8 6 -6 -8 9 -1 12 15 14 -13 -7 -12 -14 -17 22 21 24 -20 23 -15 -21 -26 28 -27 -24 -23
right_child=1 2 -4 -5 5 10 7 -9 -10 -11 11 13 16 18 -16 17 -18 -19 19 20 -22 29 26 -25 25 27 -28 -29 -30 -31
leaf_value=0.020709957193425804 -0.022640336336398201 -0.01706789116624477 -0.011218036300887708 0.029771376199089206 0.0054717760120810092 -0.019306694364095333 0.031304113813845888 -0.018311075413118921 0.0058787833274558873 -0.010018102154569601 -0.011014877250403336 -0.0039991726187826402 -0.018166856244099416 0.015479927456260574 0.0084102694207298118 -0.0027550557688334094 0.014114541289155727 0.017129606570919189 0.022293543102429217 -0.010320812601269443 -0.033290627656353912 0.020156410551081253 -0.006297886224445535 -0.0052869807289399667 0.018295487149825148 -0.025835796786548456 -0.010235439105739534 0.010544513103792617 0.024857715612510014 -0.018137371514627267
leaf_weight=21.353623405098915 104.52510075643659 12.951601777225731 99.957765482366085 37.430982150137424 143.81192058697343 62.895509231835604 6.3501440137624732 165.39470418542624 150.7301781475544 415.52613829821348 322.43746642023325 328.31677747145295 20.878713302314281 648.07786191254854 63.740364909172058 337.92216416448355 470.86743441224098 75.073811385780573 126.28081188723445 174.66171354427934 36.794552534818649 19.205404803156853 44.073650240898132 96.405922554433346 123.67323778569698 41.031175509095192 140.24291514605284 39.37483536452055 60.376742288470268 51.42662676051259
leaf_count=117 1267 203 1179 288 756 285 28 962 594 2374 1424 1478 94 2805 264 1508 2157 313 501 763 160 82 183 387 567 172 616 179 244 213
internal_value=0.000840425 -0.0105133 -0.00138309 0.0169344 0.00155045 0.00255397 -0.00586752 -0.0152638 -0.0045365 -0.00818962 0.00337719 0.00210659 0.0087521 0.00455006 -0.00556741 -0.00427392 0.0124871 0.0010598 0.00631887 0.00118697 -0.00400922 0.0119649 0.00945508 0.0127526 -0.000584821 0.00776394 -0.000611538 -0.00848252 0.0120473 -0.00671113
internal_weight=4441.79 254.865 150.34 50.3826 4186.92 3599.31 315.557 171.745 587.61 436.88 3283.76 2665.38 618.382 1929.94 126.636 735.433 491.746 412.996 1601.63 612.448 415.536 196.913 989.177 744.484 378.741 204.079 244.693 80.406 104.45 70.632
internal_count=22163 2937 1670 491 19226 16141 1746 990 3085 2491 14395 11595 2800 8350 549 3245 2251 1821 6872 2637 1841 796 4235 3192 1681 918 1043 351 427 295
is_linear=0
shrinkage=0.03


Tree=103
num_leaves=31
num_cat=0
split_feature=166 264 443 265 176 182 237 329 159 266 162 251 145 279 237 18 249 253 170 358 250 159 18 463 80 346 278 248 320 63
split_gain=37.9865 34.3739 34.786 25.6108 24.3515 21.9155 21.7456 31.5052 22.3686 21.1616 20.9702 31.76 29.1366 23.9967 20.8646 19.8881 29.2229 28.2472 26.0611 22.5022 19.6031 18.3065 23.8878 23.8556 25.9316 23.8383 20.1017 19.2932 19.2621 20.4588
threshold=0.57047134637832653 -0.026691727340221402 0.38585607707500463 0.11467999219894411 0.78102979063987743 -0.17960528284311292 0.83333337306976329 -0.41914576292037958 -0.030226399190723893 -0.058233493939042084 -0.21923089772462842 0.74734294414520275 -0.94977751374244679 -0.32961173355579371 0.94375002384185802 0.22396993637084964 0.074953060597181334 0.12680780515074733 -0.32867531478404993 0.42073036730289465 0.087556395679712309 -0.00092762336134910573 0.50316895544528972 0.70479303598403942 1.5603889664816963e-06 1.1311711668968203 -0.041988568380475037 0.050495425239205367 -0.96802610158920277 0.0001990249729715288
decision_type=2 2 2 2 2 2 2 2 2 2 2 2 2 2 2 2 2 2 2 2 2 2 2 2 2 2 2 2 2 2
left_child=4 -2 -3 9 10 -6 -7 20 -9 -4 11 13 -13 -1 15 -15 17 -17 -18 -20 -8 22 28 -24 -25 26 -23 -27 -12 -30
right_child=1 2 3 -5 5 6 7 8 -10 -11 21 12 -14 14 -16 16 18 -19 19 -21 -22 25 23 24 -26 27 -28 -29 29 -31
leaf_value=0.019872497099330057 -0.023115061360413032 -0.015697138510718505 0.041526745708383571 -0.011299365190455983 -0.0019402955174593044 0.0095880624072418024 -0.022092918124595885 -0.014779295702109854 0.01202310199556225 0.0051671480610872367 0.0067985205312923614 0.028190611372622163 -0.0079032149062229183 -0.016247095586273921 0.016666125853383083 0.0037764169469955513 0.0096294295457805944 -0.021071232197326442 -0.029056372137761358 0.00067170897047168904 0.013583316204258799 -0.014497656022137278 0.0082119959541628717 0.0041808760674835865 -0.020050606525408094 -0.0315497905200793 0.0064971265788144779 -0.002193854130519863 -0.012498893322194218 0.0010965417744347593
leaf_weight=23.485084857791662 103.68566950038075 70.675266537815332 21.555631458759308 24.759011369198561 321.01329006999731 727.91003882884979 65.067881092429161 28.563869491219521 130.55459593236446 35.381448969244957 85.089413743466139 41.982788667082787 29.351058833301067 200.84068754315376 24.450156163424253 278.62120561301708 24.661431819200516 41.104401357471943 85.556787423789501 29.134806431829929 11.768749609589575 36.127846755087376 305.49431969225407 88.907522171735764 61.511709585785866 17.868031151592731 954.69829841330647 118.43985729292035 311.70741023123264 141.38838759809732
leaf_count=112 1289 908 153 279 1411 3093 268 132 622 350 434 201 166 1520 133 1123 102 228 368 115 47 174 1279 334 258 87 4220 533 1562 694
internal_value=0.000670496 -0.0103849 -0.00102165 0.0117926 0.00136558 0.00479178 0.00704252 -0.000817122 0.00672848 0.022136 -0.000156483 -0.00434626 0.0138263 -0.00630974 -0.00741551 -0.00848905 -0.00487945 0.000166824 -0.0159833 -0.0218141 -0.0158254 0.00138684 -0.001568 0.00344228 -0.00611249 0.00399578 0.00562475 -0.00746838 -0.00582133 -0.00828148
internal_weight=4441.36 256.057 152.371 81.6961 4185.3 1284.88 963.865 235.955 159.118 56.9371 2900.42 779.188 71.3338 707.855 684.369 659.919 459.079 319.726 139.353 114.692 76.8366 2121.23 994.099 455.914 150.419 1127.13 990.826 136.308 538.185 453.096
internal_count=22195 2979 1690 782 19216 5573 4162 1069 754 503 13643 4068 367 3701 3589 3456 1936 1351 585 483 315 9575 4561 1871 592 5014 4394 620 2690 2256
is_linear=0
shrinkage=0.03


Tree=104
num_leaves=31
num_cat=0
split_feature=177 329 236 124 138 246 138 357 348 246 328 75 266 164 163 149 10 185 128 159 279 160 351 116 135 244 220 131 289 113
split_gain=32.1037 22.3931 24.216 43.45 30.3275 23.1392 21.6314 20.0509 25.3806 32.9071 33.4341 28.756 21.4783 21.7031 21.3609 21.113 19.2267 18.8523 29.0548 31.7967 29.3736 28.9723 28.1132 25.8852 31.3449 28.519 28.6447 26.0525 33.4624 26.3259
threshold=-0.72309178113937367 -1.1436579227447508 0.17699711769819262 0.66096833348274242 3.2301968336105351 0.34735335409641271 1.6480320096015932 -0.041787756606936448 0.083400789648294463 0.20074816793203357 -0.26957884430885309 0.08377189934253694 -0.13102977722883222 0.3155409991741181 0.18812649697065356 -2.1330430507659908 0.44998097419738775 -0.17960531264543531 1.2382696866989138 -0.0082509969361126406 0.09708654880523683 -0.7570819854736327 0.019108593463897709 1.1935116648674013 2.0664831399917607 0.0029301182366907601 0.5000000149011613 2.4247163534164433 -0.27444733679294581 0.34838789701461798
decision_type=2 2 2 2 2 2 2 2 2 2 2 2 2 2 2 2 2 2 2 2 2 2 2 2 2 2 2 2 2 2
left_child=6 -2 17 -4 5 -5 -1 8 11 -10 14 -8 16 -14 -11 -13 -9 18 20 -20 -3 -21 -22 -19 25 26 -25 28 -26 -30
right_child=1 2 3 4 -6 -7 7 12 9 10 -12 15 13 -15 -16 -17 -18 23 19 21 22 -23 -24 24 27 -27 -28 -29 29 -31
leaf_value=-0.014501523765931605 -0.010670097703207659 -0.00030332917802386341 -0.017609874811719422 0.029129486943264272 -0.0091546701217255898 -0.00052386694751298084 0.010885366707142005 -0.012911006668110306 -0.0070374938283855474 0.0082578342534613859 -0.010048976197518931 0.017593531948727169 -1.6355517151982233e-05 -0.021423233563861548 0.064149870963832747 -0.017038645466285137 0.023963527386576942 0.0072267300467088146 0.017524062359910674 0.01197032891947469 -0.0060419138060741678 -0.0095151362082583953 -0.03238140810457215 0.0043708145630428057 0.017187954876600381 0.0054142982256455835 -0.026344383983119102 -0.0017096959547148606 -0.026496822041149882 0.0043355961711554585
leaf_weight=170.31379371881485 120.60606890171766 610.38714783266187 142.22173937782645 46.296918570995331 71.747692629694939 40.958924151957035 80.881559442728758 15.183661330491303 24.000092450529337 12.017039962112905 8.8914740793406946 12.648004177957771 70.653210930526257 104.39955388382077 17.279944147914648 93.458747364580631 24.546484410762787 1276.1253315322101 139.6537763401866 90.177035495638847 131.97519144415855 127.78643117845058 46.767960704863071 34.658283926546574 200.72973392903805 67.294521480798721 90.980435002595186 412.29906495288014 23.053774766623974 138.52147504687309
leaf_count=1648 510 2708 817 192 452 189 493 158 183 51 59 76 260 1170 83 783 191 5310 613 402 593 607 212 157 916 297 483 1823 113 685
internal_value=0.000637396 0.00168145 0.00210725 -0.00594305 0.0047317 0.0160933 -0.00557129 -0.002104 0.00361999 0.0191685 0.0344093 -0.00200208 -0.0086966 -0.0131737 0.0475272 -0.0119843 0.00982346 0.00283635 -0.000284144 0.00672129 -0.00350323 -0.000483501 -0.0139508 0.00443184 0.000709329 -0.0098828 -0.0180087 0.00342586 0.00922014 -0.00091892
internal_weight=4446.52 3812.24 3691.64 301.225 159.004 87.2558 634.274 463.96 249.177 62.1886 38.1885 186.988 214.783 175.053 29.297 106.107 39.7301 3390.41 1146.75 357.617 789.13 217.963 178.743 2243.66 967.537 192.933 125.639 774.604 362.305 161.575
internal_count=22234 17079 16569 1650 833 381 5155 3507 1728 376 193 1352 1779 1430 134 859 349 14919 5135 1622 3513 1009 805 9784 4474 937 640 3537 1714 798
is_linear=0
shrinkage=0.03


Tree=105
num_leaves=31
num_cat=0
split_feature=6 7 7 355 247 271 248 245 272 229 359 230 359 337 282 326 306 244 267 130 163 279 105 162 249 350 245 6 281 262
split_gain=33.1227 41.1566 31.2461 26.4953 40.008 23.243 23.1682 28.7461 26.7559 22.9644 25.4737 21.4983 29.2597 28.9779 25.9283 22.3887 29.9246 30.7912 20.4898 23.1931 20.1144 19.0096 23.5575 18.4569 18.4259 18.2993 18.0457 17.7067 21.2056 19.2265
threshold=0.052699072286486633 0.22729630023241046 0.21010493487119677 1.1933817863464358 -0.062559053301811204 -0.17499998211860654 0.0213425736874342 0.31827016174793249 -0.043180525302886956 0.03680612891912461 -1.0385028719902036 -0.99554541707038868 1.0366559624671938 0.31261640787124639 0.0583876520395279 -0.67479616403579701 -0.68217778205871571 0.0015236784238368275 -0.12839759886264798 1.5206165909767153 0.4759515523910523 0.12176180630922319 0.0010771648376248779 -0.85972744226455677 0.29552476108074194 0.04093346185982228 0.2723964005708695 0.072744261473417296 1.0774898529052737 0.6318444311618806
decision_type=2 2 2 2 2 2 2 2 2 2 2 2 2 2 2 2 2 2 2 2 2 2 2 2 2 2 2 2 2 2
left_child=1 9 6 11 -5 -6 7 -2 -8 10 -1 12 13 -4 -15 16 -13 25 19 -10 27 22 -7 -9 -20 26 -18 -17 29 -29
right_child=2 -3 3 4 5 21 8 23 18 -11 -12 15 -14 14 -16 20 17 -19 24 -21 -22 -23 -24 -25 -26 -27 -28 28 -30 -31
leaf_value=0.027610614516838262 0.033928933557750639 -0.02867959603513422 -0.0023086955770036588 0.014674951410533035 0.010466620834823845 0.0075779967676306587 0.018334132307612685 0.023847366593255308 0.02699380655077474 -0.011702616188520504 -0.0067947469985714199 0.0062691170678704786 0.026570629877770376 -0.040377750672866718 0.0039999351535261012 -0.0017441525969853287 -0.0083117176831781926 0.0027151901695595514 -0.015961590971226174 -0.0099814939268733967 -0.015441078748337589 0.0010288886911361448 -0.027023940954026722 -0.01997337026537931 0.0091892199281937582 0.0018123414945653655 -0.028257659782554428 0.0055945143282605655 -0.02494629312228221 0.023862850888392836
leaf_weight=32.604195944964886 20.565513305366039 68.612933531403542 122.76405865699053 52.584580857306719 26.613376908004284 17.024146027863026 23.732763089239597 5.5810391381382969 19.604242082685232 79.067163981497288 32.848846331238747 256.70235501229763 14.329605512320994 35.336405873298645 14.254439465701578 313.88473366573453 95.940618608146906 173.8753147162497 286.69465279206634 29.317911703139544 37.693436104804277 38.153722316026688 117.11528162658215 21.834273189306259 23.756418567150831 50.165469333529472 80.751735005527735 2248.4188854284585 13.16093924641609 47.2684386074543
leaf_count=151 85 1010 580 226 113 63 162 32 121 628 251 1057 51 175 65 1417 394 741 1963 220 437 200 637 158 139 214 382 10145 68 210
internal_value=0.000602979 -0.0107368 0.00119966 0.00208269 -0.00718536 -0.0133179 -0.00638054 0.0119928 -0.00888247 -0.00121751 0.0112105 0.00276377 -0.00695346 -0.0107274 -0.0285193 0.00332717 -0.00160494 -0.0066957 -0.0110245 0.00617184 0.00455092 -0.0173156 -0.0224 -0.00771148 -0.0138437 -0.0138189 -0.018214 0.00488257 0.00579055 0.00604662
internal_weight=4400.26 213.133 4187.12 3756.04 251.491 198.907 431.087 47.9808 383.106 144.52 65.453 3504.55 186.685 172.355 49.5908 3317.86 657.435 400.733 359.373 48.9222 2660.43 172.293 134.139 27.4153 310.451 226.858 176.692 2622.73 2308.85 2295.69
internal_count=22095 2040 20055 17175 1239 1013 2880 275 2605 1030 402 15936 871 820 240 15065 2788 1731 2443 341 12277 900 700 190 2102 990 776 11840 10423 10355
is_linear=0
shrinkage=0.03


Tree=106
num_leaves=31
num_cat=0
split_feature=6 177 7 365 254 261 439 21 2 247 304 1 6 282 129 103 282 1 282 246 70 282 280 346 252 291 229 243 462 18
split_gain=32.9417 33.4979 27.7342 30.5424 31.8658 31.3075 29.6856 28.7784 28.9425 26.6728 25.1975 35.2249 29.6615 34.7193 25.2701 27.7997 29.5728 38.219 30.4665 26.1288 25.9656 39.0061 25.4022 25.7027 25.5285 24.5569 23.99 23.7376 31.1361 23.9472
threshold=0.072475306689739241 1.3581634163856509 0.22432254999876025 0.90480798482894909 0.57500001788139354 -0.079218830913305269 0.27429467439651495 1.0203753709793093 0.092766683548688902 -0.16381619870662686 -0.4913747757673263 0.26708999276161199 0.093283470720052733 0.22133684158325198 0.00015723720571259039 0.0017323585343547168 0.48541983962059027 -0.037735143676400178 -0.45965406298637385 0.34348593652248388 1.1158152631978717e-14 -0.24639613181352613 -0.087419498711824403 -0.17111834883689878 0.089097209274768843 -0.47680249810218805 0.011019472498446705 -0.030187975615262982 0.31909090280532842 0.22396993637084964
decision_type=2 2 2 2 2 2 2 2 2 2 2 2 2 2 2 2 2 2 2 2 2 2 2 2 2 2 2 2 2 2
left_child=1 27 3 4 -2 6 -6 9 -9 -7 11 12 -4 -14 -12 19 18 -18 26 25 21 -20 23 -19 -24 -16 -17 28 -1 -29
right_child=2 -3 10 -5 5 7 -8 8 -10 -11 14 -13 13 -15 15 16 17 22 20 -21 -22 -23 24 -25 -26 -27 -28 29 -30 -31
leaf_value=0.0339391451529081 0.022095021161833938 0.013635931420198011 0.0042636927760307409 -0.015922183132500017 -0.014407229152428813 0.024298623917665928 0.027695580553372501 0.016135705174735566 -0.0088601944641841998 -0.0063873437132671998 -0.014668553155159551 -0.017998080501176503 -0.02382722442636151 0.01310437455922314 -0.01392416843022783 0.018110043059462046 -0.029311153198690466 -0.03253357819642818 0.024852768579063784 -0.0023145050198392914 0.0089161844901078282 -0.019716338074171183 0.01963849118417654 0.0052339752024478841 -0.019044245669703079 0.025249206222289454 -0.0095359784662886072 -0.016879253024850528 -0.014385349329184456 -0.0043211619292151679
leaf_weight=20.623651403933764 46.616397295147181 67.325661331415176 502.70755934715271 121.73448122665286 15.120176479220389 19.448571994900703 50.472514353692532 116.23188856244087 56.942040175199509 781.77699862420559 48.691618856042624 92.184305127710104 70.233422391116619 26.917747184634209 11.147746670991181 27.02223477512598 42.903421200811863 24.2789246737957 17.251342736184597 50.394531704485416 1108.4761314801872 60.212469786405563 65.026555702090263 29.452005311846733 13.264207493513821 145.29771871492267 162.66933665052056 220.46440996229649 15.486675113439558 367.9298093393445
leaf_count=101 211 252 2066 975 103 87 268 552 230 4081 206 574 297 94 48 141 186 112 59 219 5044 268 302 137 65 611 718 2468 155 1489
internal_value=0.000489435 -0.00548347 0.00161537 -0.00210242 -0.000452568 -0.00161423 0.0173922 -0.00301929 0.00783351 -0.0054255 0.0034187 -0.00142649 0.0012811 -0.0133007 0.00527938 0.00589402 0.00446213 -0.0069313 0.00594627 0.0160815 0.00773159 -0.0084293 0.00137568 -0.0134417 0.0119365 0.0219168 -0.00503997 -0.0076896 0.014 -0.00918729
internal_weight=4398.3 691.83 3706.47 1208.34 1086.61 1039.99 65.5927 974.399 173.174 801.226 2498.13 692.043 599.859 97.1512 1806.09 1757.4 1550.56 174.925 1375.63 206.84 1185.94 77.4638 132.022 53.7309 78.2908 156.445 189.692 624.505 36.1103 588.394
internal_count=22119 4465 17654 6507 5532 5321 371 4950 782 4168 11147 3031 2457 391 8116 7910 7032 802 6230 878 5371 327 616 249 367 659 859 4213 256 3957
is_linear=0
shrinkage=0.03


Tree=107
num_leaves=31
num_cat=0
split_feature=166 124 249 7 201 230 158 123 142 355 277 281 280 159 236 127 348 247 341 233 351 279 163 163 268 361 142 463 346 189
split_gain=37.3829 27.0003 23.5572 22.3725 22.5571 24.4331 23.3899 25.3702 38.3988 25.3491 24.3818 27.906 28.5713 27.8651 25.6164 21.9702 33.6186 27.7573 22.4124 21.5476 21.1446 21.1236 30.9636 27.731 27.2569 28.4912 24.9554 21.0949 23.0437 25.5549
threshold=0.38507701456546789 0.066662296652793898 -0.26938188076019282 0.19768517464399341 0.5577777922153474 -0.99554541707038868 0.039324387907981879 1.4020897150039675 3.9730364084243779 1.1479119062423708 0.038287092000246055 0.079790860414505019 0.12950804829597476 -0.04060613922774791 0.18781147897243503 0.16576302051544192 -0.28726077079772944 -0.0063961986452341071 0.37735861539840704 0.16401677578687671 -0.12694335728883741 0.0053669363260269174 0.12129956483840944 0.13343281298875811 -0.15030686557292935 -1.0000000180025095e-35 3.1794010400772099 0.70900535583496105 -0.59269285202026356 -0.17960531264543531
decision_type=2 2 2 2 2 2 2 2 2 2 2 2 2 2 2 2 2 2 2 2 2 2 2 2 2 2 2 2 2 2
left_child=2 -2 19 -4 27 -6 9 8 20 10 11 14 13 -13 21 16 17 -3 -19 -1 -8 23 24 -7 -23 26 -26 28 29 -5
right_child=1 15 3 4 5 6 7 -9 -10 -11 -12 12 -14 -15 -16 -17 -18 18 -20 -21 -22 22 -24 -25 25 -27 -28 -29 -30 -31
leaf_value=-0.021843574824781678 -0.019495349634211696 -0.022329587399245513 -0.015510919037088268 -0.0043488709919584671 -0.008855671782482144 0.018330561071043902 -0.012450607590634807 0.020867026164744066 -0.03646100001804236 -0.015370618888518449 0.017409224732098775 -0.024779559311826863 -0.019340409700078973 0.0069943239629484504 -0.012308635120931529 -0.0073486306154535051 0.01556782103171362 0.012944609583442969 -0.022597807701979358 0.016736825684261547 0.0051977906412384624 0.0069512168131478898 0.018358945604028409 -0.00026432588987500413 -0.042245949029919766 0.00012757929517087508 0.0035918859188407834 -0.0048382922083901733 -0.00032912057609654543 0.014968243638420253
leaf_weight=58.757888294756413 102.43911498039961 50.263325847685337 57.653963878750801 82.198749676346779 107.15205276012421 338.96671004593372 87.779497146606445 31.686551846563816 24.153713747859001 37.124049633741379 199.84260457754135 21.43467603623867 60.226120039820671 189.53336904942989 43.601212948560715 425.3040220849216 110.28589357063174 61.724905613809824 13.881154421716927 10.448167726397513 164.56689011305571 192.14473933726549 105.57836516946554 89.561299286782742 28.157991707324982 79.335765391588211 13.305796205997465 574.31859640404582 837.1042310744524 204.5548444762826
leaf_count=272 1433 525 258 344 445 1569 378 124 110 153 864 95 256 870 178 3407 703 432 151 42 649 876 399 355 123 362 67 2409 3581 776
internal_value=0.000349344 -0.00565046 0.00162007 0.00197133 0.00229157 0.00461108 0.00549526 -0.00192399 -0.00502359 0.00713878 0.0078356 0.00608552 -0.00226519 0.00302576 0.00863775 -0.00330891 0.00392534 -0.00647943 0.00493001 -0.0148789 -0.00107113 0.00982029 0.00486645 0.0144784 0 -0.0108008 -0.0289257 -0.00018896 0.00219292 0.00942351
internal_weight=4403.09 763.898 3639.19 3569.98 3512.33 1814.15 1707 308.187 276.5 1398.81 1361.69 1161.85 271.194 210.968 890.652 661.459 236.155 125.869 75.6061 69.2061 252.346 847.051 418.523 428.528 312.944 120.8 41.4638 1698.18 1123.86 286.754
internal_count=22206 6651 15555 15241 14983 7873 7428 1261 1137 6167 6014 5150 1221 965 3929 5218 1811 1108 583 314 1027 3751 1827 1924 1428 552 190 7110 4701 1120
is_linear=0
shrinkage=0.03


Tree=108
num_leaves=31
num_cat=0
split_feature=166 264 279 108 262 266 7 248 231 286 347 254 247 95 233 350 229 365 293 267 156 157 146 247 228 264 264 280 252 160
split_gain=32.7403 31.5501 28.9267 28.1119 32.7193 27.5168 21.9759 30.6879 34.2091 39.6939 35.8688 29.6128 27.9674 34.9936 25.6336 26.223 24.8189 37.4079 35.7569 31.5649 24.3953 23.965 27.7511 33.4895 26.3355 26.3048 40.4311 26.3504 26.317 25.6771
threshold=0.57047134637832653 -0.026691727340221402 0.077451072633266463 0.18378817290067676 0.36682641506195074 0.092541687190532698 0.2363599240779877 -0.023434232920408245 -0.98004642128944386 -0.2034710422158241 0.30348573625087744 0.84999999403953563 0.087482411414384856 0.39167337119579321 0.057224510237574584 -0.49530868232250208 0.20492501556873324 0.26974225044250494 -0.18329775333404538 0.047459196299314506 0.039079071953892715 -0.057704444974660866 -1.7904428243637083 -0.047858048230409615 0.66939041018486034 -0.026691727340221402 0.0044208168983459481 0.24216231703758243 0.94470614194870006 0.3037876188755036
decision_type=2 2 2 2 2 2 2 2 2 2 2 2 2 2 2 2 2 2 2 2 2 2 2 2 2 2 2 2 2 2
left_child=6 -2 3 -3 -5 -4 21 -8 10 11 -9 12 13 14 -10 -16 17 18 19 -11 -13 25 23 -23 -24 29 28 -28 -27 -1
right_child=1 2 5 4 -6 -7 7 8 9 16 -12 20 -14 -15 15 -17 -18 -19 -20 -21 -22 22 24 -25 -26 26 27 -29 -30 -31
leaf_value=0.0040850354950015743 -0.022555687107918016 -0.020775223401557109 0.028241884772107664 0.041858484962774153 -0.017117485790907782 -0.0095552709549574406 0.020615844792296757 -0.035226641544643833 0.014316382682188402 -0.042081253102945956 0.011695732088972352 0.016716290509551968 0.021460430992049917 -0.0048893115411222689 -0.02201726636634661 0.0091534346565432679 0.0055558191403343345 0.0024807995195008782 -0.0041989602916073432 -0.0039400253098952013 -0.021654898104154951 0.0098152244387779679 0.0025905684624407985 -0.021529747194262545 0.021014685669784556 -0.027780367019434749 -0.0017159121646340505 -0.020710560763002636 0.014962258199435488 -0.014969578479556515
leaf_weight=452.71657733246684 98.291253373026848 67.002929598093033 37.198985926806927 10.449568480253221 10.565759088844059 23.419291842728853 84.346160314977169 34.759269118309021 218.60730701312423 54.798756182193756 17.874047935009003 290.01549561694264 65.120973587036133 337.2668549567461 36.060291696339846 48.982192479074001 216.93187718093395 193.81423307955265 116.42713629454374 31.783538229763508 9.6279142498970014 41.667422421276569 958.62908912450075 80.270561091601849 68.926219694316387 103.37577554956079 531.22008350864053 68.604686167091131 9.9266142398118955 66.818509459495544
leaf_count=2091 1269 952 292 73 127 243 406 152 958 247 73 1333 314 1552 147 216 980 886 508 139 46 180 4416 433 296 549 2559 351 38 333
internal_value=0.000468481 -0.00998518 -0.000964416 -0.0116577 0.0149643 0.0140065 0.00111054 0.00365053 0.0027061 0.00351925 -0.0196135 0.00717272 0.00372878 0.00169854 0.00899482 -0.00461896 -0.00246367 -0.00689401 -0.0156785 -0.0295342 0.0149829 -0.000763066 0.00234015 -0.010786 0.0039704 -0.00366224 -0.00737769 -0.00411956 -0.0232956 0.00144801
internal_weight=4385.5 246.928 148.637 88.0183 21.0153 60.6183 4138.57 1756.42 1672.07 1619.44 52.6333 1005.68 706.038 640.917 303.65 85.0425 613.756 396.824 203.009 86.5823 299.643 2382.16 1149.49 121.938 1027.56 1232.66 713.127 599.825 113.302 519.535
internal_count=22159 2956 1687 1152 200 535 19203 7957 7551 7326 225 4566 3187 2873 1321 363 2760 1780 894 386 1379 11246 5325 613 4712 5921 3497 2910 587 2424
is_linear=0
shrinkage=0.03


Tree=109
num_leaves=31
num_cat=0
split_feature=164 348 353 233 349 234 373 7 280 358 263 7 284 265 437 279 279 249 347 158 248 2 162 149 232 180 254 265 263 154
split_gain=26.9598 24.354 28.5838 27.5649 26.9968 39.2383 29.0999 28.8529 23.0569 22.0289 36.0553 26.688 28.8899 26.7189 26.2335 24.4212 24.9769 35.9361 25.2242 24.8558 31.1799 27.8255 31.4111 29.0714 25.9454 24.374 23.8402 23.6856 23.6085 22.326
threshold=0.35481327772140508 -0.81046357750892628 0.73837900161743175 -0.31922417879104609 -0.86029040813446034 0.75763800740242015 0.68407630920410167 0.21972546726465228 -0.44213201105594629 -0.42936514317989344 0.57157042622566234 0.23937810212373736 -0.7231045365333556 0.22640945762395862 0.43095238506793981 0.013929471373558046 1.0000000180025095e-35 0.071363702416419997 -0.21664247661828992 -0.034555368125438683 0.19354234635829928 -0.088177572935819612 -0.10786626487970351 -1.0390742421150205 0.09711018949747087 -0.49026682972908014 0.62500000000000011 0.24084027856588366 0.14158905297517779 -0.073969133198261247
decision_type=2 2 2 2 2 2 2 2 2 2 2 2 2 2 2 2 2 2 2 2 2 2 2 2 2 2 2 2 2 2
left_child=8 3 4 -2 5 -3 -6 -7 -1 10 14 12 -11 26 29 16 27 18 -18 -17 21 24 23 -23 -21 28 -13 -14 -15 -10
right_child=1 2 -4 -5 6 7 -8 -9 9 11 -12 13 15 25 -16 19 17 -19 -20 20 -22 22 -24 -25 -26 -27 -28 -29 -30 -31
leaf_value=-0.017222065539371983 0.018067748159659662 -0.01855116167909009 -0.011001106920916834 -0.017191418739563143 -0.0053650378152972529 0.042471583706717941 0.010563276275356141 -0.0060552684681956332 -0.011621994124990462 -0.016354096877094316 0.020896685432099781 -0.0038885573941649259 -0.0028974923406820158 -0.032393910713381456 -0.017735092427156929 -0.0037933260907613486 0.0088080787418539936 0.01184533597346355 -0.038193961250659214 -0.023427446918776657 -0.0010938709042365013 0.01817952662528674 0.023969549531054579 -0.0074833209291049509 0.016027375500410685 0.0059744241057875271 0.01346835071759959 0.0082158225247624585 -0.0016491973293453045 0.0016495100759168701
leaf_weight=49.492794156074524 16.475807715207338 13.616772480309008 197.23669736459851 169.61374186351895 325.0052139274776 37.494126435369253 142.74363908544183 12.073834456503389 146.04751105606556 73.850726813077927 48.09396731108427 78.098699472844601 602.05976700037718 26.052141211926937 103.49474723637104 175.6203560680151 9.6005571708083135 22.640243954956532 43.440734602510929 27.860394578427076 188.11126442998648 71.994211688637733 203.50930864363909 73.455298691987991 19.665336206555367 227.35881248861551 522.68672526627779 233.77927749603987 75.38046883046627 439.73365587741137
leaf_count=204 117 149 1629 1846 2512 209 830 93 595 289 183 373 2462 121 441 689 34 87 192 133 811 260 782 311 72 1119 2565 917 338 1781
internal_value=0.000568149 -0.00399136 -0.00144863 -0.0134735 0.00217747 0.0195309 -0.000397973 0.0311791 0.00178089 0.00209425 -0.00247146 0.0033598 0.00115563 0.00744809 -0.00431073 0.00200036 -0.00130074 -0.0170318 -0.0294766 0.00594792 0.00890232 0.0136077 0.0165183 0.00540182 -0.00694745 0.000514037 0.011176 0.000240798 -0.011224 -0.00173981
internal_weight=4376.29 914.26 728.17 186.09 530.934 63.1847 467.749 49.568 3462.03 3412.53 737.37 2675.16 1745.59 929.577 689.276 1671.74 911.521 75.6815 53.0413 760.216 584.596 396.485 348.959 145.45 47.5257 328.791 600.785 835.839 101.433 585.781
internal_count=22144 7385 5422 1963 3793 451 3342 302 14759 14555 3000 11555 7039 4516 2817 6750 3692 313 226 3058 2369 1558 1353 571 205 1578 2938 3379 459 2376
is_linear=0
shrinkage=0.03


Tree=110
num_leaves=31
num_cat=0
split_feature=6 7 347 268 114 7 277 128 245 281 247 150 420 376 127 373 159 231 348 128 244 281 177 166 229 286 128 263 263 3
split_gain=32.939 41.081 31.7131 26.4555 27.2226 24.6672 23.3749 29.9272 28.4412 31.0946 26.8249 22.5326 21.9626 24.5511 23.8204 30.5016 31.3175 26.5524 28.5941 25.9942 24.3092 24.1115 22.9355 22.3309 23.7157 21.8727 21.4882 20.7501 51.2995 25.0821
threshold=0.052699072286486633 0.22729630023241046 -1.1674476861953733 -0.31359647214412684 2.2896990776062016 0.21042639017105105 -0.0033996263518929477 1.7214684486389162 0.41145804524421697 -0.23050639778375623 -0.0015403516590595243 -1.5005576610565183 0.38585607707500463 0.1132478639483452 0.17232596129179004 0.43428638577461248 -0.0071294605731964103 0.46676906943321234 1.2671316266059878 1.7339477539062502 0.00092768226750195037 0.55228924751281749 0.0105622042901814 0.13250685483217242 0.75005859136581432 -0.38482658565044398 1.515074670314789 0.21954677253961566 0.09305658191442491 0.36237056553363806
decision_type=2 2 2 2 2 2 2 2 2 2 2 2 2 2 2 2 2 2 2 2 2 2 2 2 2 2 2 2 2 2
left_child=1 2 -1 -4 -5 6 8 11 9 -2 -11 -8 13 -7 17 16 20 19 -19 27 -16 23 -17 24 -18 -15 -24 28 -14 -30
right_child=5 -3 3 4 -6 12 7 -9 -10 10 -12 -13 14 25 15 22 21 18 -20 -21 -22 -23 26 -25 -26 -27 -28 -29 29 -31
leaf_value=0.021187699503895655 -0.0052269225917408665 -0.029315090523735338 0.014977621024326811 -0.024530873345221513 0.016595794702554904 0.006562642951297987 0.024829146438590743 0.01493035353497801 -0.015452432654140338 0.00045001827567664503 0.033825136679486063 -0.017660665015030833 0.011962011954229648 0.0044937664161539504 0.014763103590838008 0.0050699489683919538 0.014825290613456121 0.01548170929326792 -0.018197372627840831 0.028008445307156796 -0.003387506039998081 -0.020675926079354725 -0.016345260599085764 -0.002023394402097871 -0.022715891284354344 -0.0055290446568521112 0.00014752675553813535 0.0065945891810147098 -0.020235383137659543 0.013217185723184584
leaf_weight=34.012173481285572 79.979143898934126 66.009656764566898 24.003594998270273 70.205258905887604 12.320296488702295 285.11788219213486 5.6981958597898474 27.055094983428717 57.56202132999897 38.173246242105961 45.827760715037584 205.49227883666754 92.42139795050025 247.96777464449406 289.56789884343743 120.77405282855034 138.28726011514664 350.71810990944505 18.203184183686972 28.673413716256618 81.484492510557175 40.841993138194084 180.98748791217804 426.17569729685783 10.45439627766609 840.61649577319622 112.12793625891209 310.6048344746232 130.3767549097538 18.286098580807447
leaf_count=150 491 1025 137 666 66 1150 29 178 475 241 244 1398 444 1079 1456 602 813 1598 82 138 416 211 751 2021 54 3886 442 1375 557 99
internal_value=0.000442048 -0.0110477 -0.00141291 -0.00958271 -0.0174562 0.00102934 -0.00546941 -0.0118576 0.00150721 0.00791087 0.0199749 -0.0157063 0.00184336 -0.00116077 0.00360213 0.00109538 0.00396332 0.00725486 0.0134841 0.00316372 0.0107605 -0.00019065 -0.00566971 0.00147778 0.0112169 -0.00322225 -0.0101449 0.0015189 -0.00497968 -0.0156438
internal_weight=4390.03 206.551 140.541 106.529 82.5256 4183.47 459.788 238.246 221.542 163.98 84.001 211.19 3723.69 1373.7 2349.99 1400.7 986.812 949.284 368.921 580.362 371.052 615.759 413.889 574.917 148.742 1088.58 293.115 551.689 241.084 148.663
internal_count=22274 2044 1019 869 732 20230 3056 1605 1451 976 485 1427 17174 6115 11059 6766 4971 4293 1680 2613 1872 3099 1795 2888 867 4965 1193 2475 1100 656
is_linear=0
shrinkage=0.03


Tree=111
num_leaves=31
num_cat=0
split_feature=177 166 6 182 177 280 81 263 187 157 271 362 154 254 151 105 246 137 272 373 104 7 231 264 133 142 234 64 153 249
split_gain=29.019 40.0367 31.0136 30.8855 25.9067 28.9085 25.4714 24.6814 37.4781 31.1911 30.9677 31.5679 29.673 27.7984 27.3113 27.1342 25.5607 32.1152 26.2385 30.4761 24.919 24.4314 24.2532 41.6056 27.9348 24.5776 27.1196 24.0007 23.4081 22.0365
threshold=0.31479415297508245 0.095006991177797331 0.052699072286486633 -0.2578147947788238 0.26048496365547186 0.084856189787387862 0.043328892439603812 0.16853423416614535 -0.2521515935659408 1.0000000180025095e-35 -0.049999967217445367 0.39576421678066259 0.035029454156756408 0.82499998807907116 -0.19352876394987104 0.18169851601123813 0.28359709680080419 2.6444600820541386 -0.02027325518429279 0.42544461786746984 0.14843554794788363 0.22385613620281222 -0.091144647449254976 -0.059369564056396477 2.3400039672851567 4.5381605625152597 0.79797258973121654 3.9383045435936743e-11 0.014716662000864746 -0.06530465185642241
decision_type=2 2 2 2 2 2 2 2 2 2 2 2 2 2 2 2 2 2 2 2 2 2 2 2 2 2 2 2 2 2
left_child=1 -1 6 -2 5 -4 -3 8 10 12 -5 -12 13 15 -9 -10 17 21 -18 -20 27 28 25 -24 -25 26 -19 -11 -16 -21
right_child=3 2 4 7 -6 -7 -8 14 9 20 11 -13 -14 -15 16 -17 18 22 19 29 -22 -23 23 24 -26 -27 -28 -29 -30 -31
leaf_value=0.021673576693118611 -0.0053244364556276633 -0.027046173104510025 0.0018022076799605895 0.01834195415522432 -0.014807055611402165 -0.0068062123038869953 -0.00050461932223687703 -0.0058386394344492401 -0.02909334565952475 0.015689701721878627 0.007906505465564628 -0.016867692289836308 0.0019580614164817316 -0.0016670580589552609 -0.0098628841298397125 0.0047247858399317218 -0.022563522379298363 0.025392687229590625 0.010473854279393895 0.0092704297233797139 0.023467011765777125 0.020114233625017568 0.012506213944595364 -0.030964786822836113 0.013736420613634925 -0.013516534098428451 -0.015764205400208269 -0.024439049783660714 0.019464025674674316 -0.012655721016407035
leaf_weight=54.549157336354256 354.04647359251976 76.440340675413609 1152.7181155718863 131.41242122650146 121.38390713185072 496.1886561922729 55.134296253323555 133.88384291529655 121.84954635798931 17.875489391386509 134.98374173045158 61.671883523464203 122.2197942212224 81.214137628674507 53.155891470611095 22.836476445198059 26.955111756920815 76.985125169157982 295.63579429686069 56.229594588279724 45.715763553977013 353.32930456101894 49.474508821964264 51.545127883553505 11.295656874775885 21.022110745310783 12.1169041916728 22.568453788757324 34.276142299175262 113.04973670840263
leaf_count=319 1547 1216 6271 560 506 2756 533 566 539 66 594 288 531 361 225 103 111 359 1364 207 192 1574 232 242 46 94 54 96 128 450
internal_value=0.000566702 -0.00213931 -0.00290478 0.00277184 -0.0018206 -0.000799716 -0.0165874 0.00418768 -8.12017e-05 -0.00583754 0.00747016 -0.000123939 -0.00983113 -0.0161217 0.00670739 -0.0237147 0.00819704 0.0120189 0.00292654 0.00473944 0.00971177 0.0166558 0.0025573 -0.00699188 -0.0222079 0.0122219 0.018946 -0.0067835 0.00211358 -0.00523403
internal_weight=4361.76 1956.41 1901.87 2405.35 1770.29 1648.91 131.575 2051.3 762.348 434.28 328.068 196.656 348.12 225.9 1288.95 144.686 1155.07 663.201 491.87 464.915 86.1597 440.761 222.439 112.315 62.8408 110.124 89.102 40.4439 87.432 169.279
internal_count=22130 11601 11282 10529 9533 9027 1749 8982 3330 1888 1442 882 1534 1003 5652 642 5086 2954 2132 2021 354 1927 1027 520 288 507 413 162 353 657
is_linear=0
shrinkage=0.03


Tree=112
num_leaves=31
num_cat=0
split_feature=18 2 228 271 268 141 330 279 279 140 130 336 161 282 185 96 268 373 130 149 266 346 294 154 237 166 266 271 278 178
split_gain=28.3269 29.0925 27.2452 25.3818 34.0725 50.8653 28.6662 25.3541 26.1059 26.3582 32.1559 25.031 22.3361 29.5352 26.5988 28.261 23.9697 22.5598 22.4291 37.0028 28.2303 21.9026 20.7041 20.6412 19.5411 19.502 29.2369 34.2935 26.8469 24.9536
threshold=1.0000000180025095e-35 0.52937710285186779 0.77802231907844555 0.025000005960464481 -0.2434774041175842 1.504792392253876 0.11603880673646928 -0.31086443364620203 0.041004493832588203 0.92606809735298168 0.81939926743507396 -0.86339911818504322 -0.0035182951251044865 -0.45455293357372278 -0.25076180696487421 0.026349267922341827 -0.11401978135108946 0.44210205972194677 1.5275568366050722 -1.2983245253562925 0.025376265868544582 1.1176955699920657 -0.39209958910942072 -0.24874126166105268 0.84807693958282482 0.12711897492408755 -0.0014309920370578764 -1.0000000180025095e-35 0.032469270750880248 -0.32588483393192286
decision_type=2 2 2 2 2 2 2 2 2 2 2 2 2 2 2 2 2 2 2 2 2 2 2 2 2 2 2 2 2 2
left_child=3 2 12 7 -5 -6 11 -1 -9 10 -10 -7 14 16 -2 23 18 -17 20 -20 -14 -12 -18 -16 -11 26 27 -15 29 -29
right_child=1 -3 -4 4 5 6 -8 8 9 24 21 -13 13 25 15 17 22 -19 19 -21 -22 -23 -24 -25 -26 -27 -28 28 -30 -31
leaf_value=0.024526022896341985 -0.01340489451332511 0.023708337752393688 0.017229145560895311 -0.014950068583130449 -0.017916113375145384 -0.0024614684767553844 0.00033341408081986727 -0.023599160006629462 -0.0117537760353747 -0.021635946623455377 0.048728442837924962 0.044243232751762271 -0.0066351499214487089 0.014248486434761712 -0.017819844121542416 0.0015986924769168882 -0.011675225162934353 -0.011024177665796558 0.013442762489539338 -0.018751039869117712 -0.034220324117547926 -0.0093262234855104771 0.01562092479501739 0.014790736328986639 0.0054528734711748695 0.0017716917046507426 0.017662953779969289 0.013869190156212624 0.0099743949304780116 -0.022115762920698931
leaf_weight=9.6975147165358049 187.77843158319592 44.658226847648621 84.270314238965511 62.305590830743313 33.090118624269962 11.620314072817562 34.451707325875759 127.75891830027103 18.754466384649277 64.42388691008091 15.621490094810726 42.594106566160917 83.977160632610321 110.77559916675091 13.798260636627672 278.49858921393752 32.127286538481712 223.76866338402033 64.724753741174936 51.164445817470551 55.295801803469658 4.8599126860499373 63.650299515575171 126.81237910315394 31.685994859784842 2151.458956386894 181.91030271351337 15.980724453926085 48.980613596737385 84.380760729312897
leaf_count=100 939 190 354 648 479 96 308 1652 287 615 96 263 357 618 63 1257 148 913 291 226 263 50 282 484 303 9062 1072 90 258 426
internal_value=0.000498863 0.00133168 0.00102758 -0.00650783 0.00202452 0.0111329 0.0226014 -0.0122088 -0.0142022 -0.00453392 0.0144474 0.0349243 0.000631921 0.00186029 -0.0036889 -0.000720979 -0.00621778 -0.00407863 -0.0109566 -0.000943655 -0.0187726 0.0357042 0.00619107 0.0108262 -0.0128394 0.00297121 0.00866757 0.00203942 -0.00718206 -0.0157573
internal_weight=4360.88 3904.01 3859.35 456.864 184.062 121.756 88.6661 272.802 263.105 135.346 39.2359 54.2144 3775.08 2944.43 830.656 642.878 350.94 502.267 255.162 115.889 139.273 20.4814 95.7776 140.611 96.1099 2593.49 442.028 260.118 149.342 100.361
internal_count=22190 17293 17103 4897 1794 1146 667 3103 3003 1351 433 359 16749 13093 3656 2717 1567 2170 1137 517 620 146 430 547 918 11526 2464 1392 774 516
is_linear=0
shrinkage=0.03


Tree=113
num_leaves=31
num_cat=0
split_feature=6 7 289 230 177 178 96 103 7 277 264 153 356 420 376 286 233 284 282 143 266 128 233 124 237 266 153 233 271 330
split_gain=28.5969 37.4705 20.9082 23.8455 21.9502 19.0739 17.3362 16.9383 16.7172 26.1291 28.9597 22.816 19.124 19.0554 25.7992 20.5718 19.9522 20.7769 19.7104 46.3127 22.3055 21.219 35.9919 33.4417 51.4928 31.4682 26.0615 32.5938 24.2624 24.1869
threshold=0.052699072286486633 0.22729630023241046 -0.28195883333683008 0.64352530241012584 -1.3715967535972593 -0.18108975142240522 2.7881778478622441 0.94008252024650585 0.21010493487119677 -0.010430034250020979 0.066823214292526259 0.47622841596603399 -0.92212766408920277 0.38585607707500463 0.1132478639483452 -0.38482658565044398 -0.031011819839477536 -0.21879738569259641 0.44181108474731451 0.82251265645027172 0.005119437351822854 1.2649242877960207 -0.17824332416057584 0.27503152191638952 0.81250014901161205 -0.14387963712215421 -0.0047424749936908475 -0.09314101934432982 -0.099999994039535509 -0.15209828317165372
decision_type=2 2 2 2 2 2 2 2 2 2 2 2 2 2 2 2 2 2 2 2 2 2 2 2 2 2 2 2 2 2
left_child=1 2 3 5 -4 -1 8 -6 9 10 -2 -11 -13 14 -10 -16 -17 -18 21 20 -20 23 -23 26 -25 -24 27 -15 -27 -28
right_child=6 -3 4 -5 7 -7 -8 -9 13 11 -12 12 -14 18 15 16 17 -19 19 -21 -22 22 25 24 -26 28 29 -29 -30 -31
leaf_value=-0.0054368479634846565 -0.0013819731710089779 -0.027935654905646177 0.020740034729646695 -0.01931379860042045 -0.021310660639288995 0.032570383166367407 -0.014409440368126183 0.018388646725545403 0.0070174498488387539 -0.014675050160814732 0.029081545211306056 0.0365022699045255 -0.0079899283557440665 0.023562215706535522 0.0044398117037156379 0.00038989384559609427 -0.014355390579409615 -0.0019954488052312831 -0.0031654495392735228 -0.010499186512535872 0.024812923289535257 -0.012390098790863426 -0.0099043322950231744 -0.0092360263557971709 0.0097944910915448279 0.024096599630468656 0.021815841457699683 -0.003408410990468238 0.0093874975125562716 0.0056212907445110146
leaf_weight=14.031320504844183 172.26856082305312 64.615161687135696 10.689190510660408 10.8982324488461 65.415878646075726 31.274715222418312 57.320676483213902 5.4322531446814528 288.80950375646353 197.04347773268819 26.317942783236504 9.1837224662303942 13.880232129245995 40.11776340007782 252.34245630353689 338.24228481203318 277.96077300608158 222.96025552228093 39.852588728070259 227.60910446196795 55.952499959617853 59.839736174792051 54.802211403846741 383.12811326235533 183.42429258674383 130.56764979660511 139.47797785326838 272.25371721386909 482.19729993119836 213.2188591696322
leaf_count=83 1168 1056 93 82 618 124 385 28 1169 1386 152 33 107 162 1110 1532 1349 1006 179 1106 253 290 303 1817 857 628 639 1233 2251 976
internal_value=0.000488639 -0.0103257 -0.00104081 0.012113 -0.0104673 0.0214464 0.00103646 -0.0167521 0.00128025 -0.00434407 0.0034569 -0.0113182 0.0137511 0.0019331 -0.000840998 -0.00296135 -0.00521766 -0.00897796 0.00361277 -0.00317625 0.0136494 0.00474622 0.00879143 0.00231243 -0.00301215 0.0108146 0.00684803 0.000463058 0.0127754 0.0123547
internal_weight=4341.13 202.357 137.742 56.2043 81.5373 45.306 4138.77 70.8481 4081.45 418.694 198.587 220.107 23.064 3662.76 1380.32 1091.51 839.163 500.921 2282.44 323.414 95.8051 1959.03 727.407 1231.62 566.552 667.567 665.068 312.371 612.765 352.697
internal_count=22175 2084 1028 289 739 207 20091 646 19706 2846 1320 1526 140 16860 6166 4997 3887 2355 10694 1538 432 9156 3472 5684 2674 3182 3010 1395 2879 1615
is_linear=0
shrinkage=0.03


Tree=114
num_leaves=31
num_cat=0
split_feature=6 82 353 355 347 174 177 175 217 268 134 277 266 357 271 232 263 279 115 263 263 7 288 177 246 72 366 177 443 243
split_gain=31.4809 23.7807 21.5204 20.8214 18.8132 24.4043 23.3687 21.3864 20.5051 19.4777 19.0601 20.8802 19.4194 18.3364 19.0399 19.7895 18.1835 18.1548 17.1445 16.5089 39.3281 42.065 32.9817 31.2837 38.0442 30.5632 26.9665 23.746 26.5262 24.7077
threshold=0.072475306689739241 2.4872074391169011e-05 1.2139101028442385 -1.3218503594398496 -1.1674476861953733 -0.260405883193016 0.46009014546871191 -0.44721359014511103 0.39170669019222265 -0.2249452322721481 0.64161348342895519 -0.041401773691177361 -0.029840937815606591 0.68711170554161083 -0.17499998211860654 0.27859690785408026 0.57157042622566234 0.14501505345106128 0.0085044032894074934 0.096441559493541731 0.16853423416614535 0.21773147583007815 -0.29269097745418543 0.3037905246019364 0.28359709680080419 0.022016570903360847 0.59862300753593456 1.1006243228912356 0.77346038818359386 0.00015456974506378177
decision_type=2 2 2 2 2 2 2 2 2 2 2 2 2 2 2 2 2 2 2 2 2 2 2 2 2 2 2 2 2 2
left_child=1 -1 3 16 5 -3 7 10 -8 -9 11 12 -6 -4 -15 18 -2 -7 -16 27 21 -21 -23 -22 -25 -26 -24 29 -29 -5
right_child=2 4 13 19 6 17 8 9 -10 -11 -12 -13 -14 14 15 -17 -18 -19 -20 20 23 22 26 24 25 -27 -28 28 -30 -31
leaf_value=-0.017824921025726689 -0.010455888582730097 -0.0089331709271159975 -0.024684302164183512 0.0037288448499785266 0.047599552798283581 0.029076086936744235 0.013920532418402472 -0.031394514194286578 -0.0069397414423239892 -0.008714738396502367 -0.007664253557224633 -0.0054912582802242905 -0.006110589429912691 0.017534921499007622 0.019056712905028729 0.019554884904034127 0.023307101341767718 -0.0091322958349641398 -0.01091033407051873 0.0072870696089899715 -0.0012069099572525196 -0.00057647398174322565 -0.023582861334117036 0.010996714951900176 -0.0075900920086672281 0.006510060804813908 0.002119921095828428 -0.017024734301989933 0.015155553346433356 0.016493114910078249
leaf_weight=107.72585630789399 158.7512680105865 34.408607091754675 34.061891335994005 316.25791223719716 12.743016488850119 42.784367069602013 83.575118072330952 52.355383459478617 73.035340249538422 104.22564022615552 130.4538983181119 21.435925584286451 6.2067835927009574 28.758905883878469 12.138941682875155 18.084270507097244 8.9757965095341188 10.338478386402128 204.38193919509649 160.8890441916883 730.44600493088365 167.36819471418858 169.47123875841498 731.63255310803652 231.77726798504591 321.69192481040955 44.094090424478054 62.695297092199326 27.789637349545956 244.58038483560085
leaf_count=1069 799 233 183 1574 61 184 335 424 313 721 823 185 58 134 40 113 32 63 1188 829 3699 765 756 3276 1023 1425 213 253 102 1308
internal_value=0.000569033 -0.00532731 0.00167017 0.00235699 -0.0027665 0.00950249 -0.00511043 -0.00961307 0.00424746 -0.0173812 -0.00203033 0.0143906 0.0327 -0.00596715 -0.00293113 -0.00591876 -0.00772764 0.021268 -0.00863911 0.00290308 0.00180122 -0.00532045 -0.0107078 0.00373265 0.00653973 0.000565531 -0.0183296 0.00714837 -0.00665526 0.0094485
internal_weight=4353.13 679.288 3673.85 3376.42 571.563 87.5315 484.031 327.421 156.61 156.581 170.84 40.3857 18.9498 297.426 263.364 234.605 167.727 53.1228 216.521 3208.69 2557.37 541.823 380.934 2015.55 1285.1 553.469 213.565 651.323 90.4849 560.838
internal_count=22181 4469 17712 16054 3400 480 2920 2272 648 1145 1127 304 119 1658 1475 1341 831 247 1228 15223 11986 2563 1734 9423 5724 2448 969 3237 355 2882
is_linear=0
shrinkage=0.03


Tree=115
num_leaves=31
num_cat=0
split_feature=166 264 279 166 164 163 336 148 353 324 229 286 280 331 262 231 176 146 156 252 322 327 251 166 271 177 280 174 251 166
split_gain=25.158 25.3241 23.6164 23.9359 21.0048 23.7625 20.1731 24.6975 20.8507 20.8477 20.6353 21.5683 21.6423 19.8423 22.7127 19.1583 20.5413 25.6548 20.8665 19.7285 19.0537 20.1988 38.1194 20.5386 18.5794 29.1789 27.2163 25.1758 22.6556 29.0345
threshold=0.57619208097457897 -0.026691727340221402 0.070199847221374526 0.76423910260200512 0.5659213960170747 0.64069983363151561 -0.88830542564392079 -1.5680645108222959 1.1751236915588381 -0.54076290130615223 0.01124004600569606 -0.19876883924007413 -0.42723865807056421 0.18441823124885562 0.30963701009750372 -0.98660007119178761 0.76463997364044201 -1.8008149862289426 0.073850832879543318 0.25653479993343359 -0.578193038702011 0.45403538644313818 0.49438712000846868 0.11662529408931734 -0.025000005960464474 -0.27927915751934046 -0.046199489384889596 -0.40894196927547449 0.58153399825096141 0.17898504436016086
decision_type=2 2 2 2 2 2 2 2 2 2 2 2 2 2 2 2 2 2 2 2 2 2 2 2 2 2 2 2 2 2
left_child=6 -2 13 4 -4 -6 7 -1 10 -9 20 12 -12 -3 -15 -14 17 19 -19 -17 -8 -22 23 -23 25 -13 -26 -28 29 -29
right_child=1 2 3 -5 5 -7 8 9 -10 -11 11 24 15 14 -16 16 -18 18 -20 -21 21 22 -24 -25 26 -27 27 28 -30 -31
leaf_value=0.023546077593211472 -0.020844136463847425 -0.020935100967643065 -0.011680322980573563 -0.019380674383899225 0.038728328543433527 -0.013736797782578861 -0.0015130433571563465 -0.0018588440415484094 -0.0054482930925274032 -0.015068832809424594 -0.018976331914256558 -0.013554131989361149 -0.012523536209895859 0.030737502506600289 -0.014357475096823268 -0.01297258457773034 0.01018633912119539 0.0060289129646961554 -0.013540685800334934 0.020900207629793808 0.0154455842909722 0.014005994601156339 0.013278196475594028 -0.032164173601028891 0.0025232045471587435 0.0061565268133600233 0.0048661219471978793 -0.02671076561607472 0.0010668009390157962 -0.0067633270067275599
leaf_weight=20.548146273940802 89.360148908570409 52.681134494021535 9.5210686549544317 10.652517952024935 33.863155733793974 5.5174568481743327 134.75448667258024 389.26578281074762 308.99966204538941 144.17065996304154 28.956170231103897 73.041715499013662 49.699719216674566 12.438653439283373 14.355627447366713 123.33427803963423 489.93449360877275 700.4726103618741 45.855929337441921 10.990799874067305 283.14840504899621 6.632558822631835 64.403276894241571 29.276502095162868 306.292206376791 427.89486046135426 89.202954679727554 128.09649409353733 82.439554329961538 143.87032341957092
leaf_count=79 1228 808 67 160 246 72 613 1772 1543 727 135 489 231 110 179 640 2228 3251 291 54 1333 41 314 150 1393 1853 431 587 364 656
internal_value=0.000514096 -0.00901938 -0.000712355 0.0126817 0.0214062 0.0301874 0.00106469 -0.00421743 0.00190396 -0.00559744 0.00262342 0.00155575 0.0040401 -0.0110846 0.00829675 0.00460747 0.00529677 0.00250585 0.00469793 -0.0092288 0.00807149 0.0114333 -6.29883e-05 -0.022498 -0.00132077 0.00311465 -0.00429893 -0.00899863 -0.0125441 -0.0166307
internal_weight=4309.67 228.39 139.03 59.5542 48.9017 39.3806 4081.28 553.985 3527.3 533.436 3218.3 2700.08 1449.24 79.4754 26.7943 1420.29 1370.59 880.654 746.329 134.325 518.215 383.461 100.312 35.9091 1250.84 500.937 749.902 443.609 354.406 271.967
internal_count=22045 2870 1642 545 385 318 19175 2578 16597 2499 15054 12603 6830 1097 289 6695 6464 4236 3542 694 2451 1838 505 191 5773 2342 3431 2038 1607 1243
is_linear=0
shrinkage=0.03


Tree=116
num_leaves=31
num_cat=0
split_feature=335 156 346 119 365 116 185 127 282 268 305 187 166 75 103 125 217 159 129 357 132 125 267 127 1 233 249 268 7 246
split_gain=23.9123 22.5405 18.6615 19.2069 26.7985 24.145 26.9955 26.4442 26.1255 27.3609 23.8558 28.1588 22.6812 23.0744 22.4179 27.6984 27.9785 23.6513 21.6646 26.5914 23.5468 31.7863 31.7058 28.6782 25.4802 26.8889 24.2705 32.7137 23.292 21.0858
threshold=-1.3664330244064329 -0.29235461354255671 1.2741766571998598 0.23498019576072696 -0.12937063723802564 1.1935116648674013 -1.0000000180025095e-35 0.00025730309425853198 -0.26385025680065149 -0.17768132686614987 -0.73921957612037648 -0.25102475285530085 0.19912900775671008 3.3506705710787544e-14 0.044385852292180068 0.57261353731155407 0.6084289848804475 -0.026693727821111676 0.0042244794312864551 -0.87336832284927357 2.4970318078994755 1.8820307254791262 -0.033545523881912225 0.20080020278692248 -0.054623514413833611 -0.17824332416057584 -0.083718664944171892 -0.11000269651412962 0.24534182995557788 0.36165761947631841
decision_type=2 2 2 2 2 2 2 2 2 2 2 2 2 2 2 2 2 2 2 2 2 2 2 2 2 2 2 2 2 2
left_child=-1 -2 3 4 12 6 10 -8 9 -9 -5 -12 -3 -14 15 17 -17 -7 19 -16 26 22 28 -24 -25 -26 -20 -28 -22 -11
right_child=1 2 -4 5 -6 14 7 8 -10 29 11 -13 13 -15 18 16 -18 -19 20 -21 21 -23 23 24 25 -27 27 -29 -30 -31
leaf_value=-0.010102668459805139 -0.025349434731784071 -0.024632582211278259 -0.0055427320332161875 -0.022204718479569698 0.0010506215911464424 -0.015379569441773346 -0.023044262361679162 -0.01030181997828818 0.013967828076900429 0.026208208590126469 0.0091271716533036559 -0.0090400260591580722 -0.02078807516906056 0.001571455477694182 0.018130745558145828 -0.023086443189819908 0.014191232575982746 0.0097603441725697387 -0.0036822844282928895 -0.021264846519377292 -0.0091697385366694157 0.0063417093745622754 0.020045841015176355 -0.016807667369292321 -0.023109045499658656 0.007583282693128442 0.015735754036989347 -0.0055845820139736185 -0.038201869764636041 -0.0039457691105492078
leaf_weight=177.49092690646648 22.143645709380507 63.135318338871002 339.6392583437264 32.7836525849998 800.03833104670048 42.275752551853657 14.844658523797987 91.412436380982399 537.50765259563923 40.374519612640142 200.17677187547088 114.92777884751558 49.696020947769284 149.60438341274858 13.918338522315024 103.06213284656405 16.422430347651243 99.173870034515858 115.76153598725796 59.954537268728018 107.98140566051006 379.43224772438407 46.830999262630939 84.57056761905551 23.685764886438847 150.4875734038651 324.0562635846436 75.891675308346748 29.245405964553356 33.491161093115807
leaf_count=963 283 255 1834 189 3661 227 62 405 2379 187 903 601 576 1141 57 601 83 559 587 346 584 1883 262 454 121 716 1615 385 144 134
internal_value=0.000462846 0.000932084 0.00111772 0.00172476 -0.00168468 0.00305241 0.00656774 0.009866 0.0107963 0.000272846 -0.00026678 0.00241601 -0.00987292 -0.00446923 0.0007889 -0.00716443 -0.017378 0.00180501 0.00229434 -0.0127857 0.00319699 1.90578e-05 -0.00538979 4.68818e-05 -0.00396597 0.00261989 0.0081756 0.0116379 -0.0169836 0.0132483
internal_weight=4340.02 4162.53 4140.38 3800.74 1062.47 2738.27 1065.52 717.63 702.786 165.278 347.888 315.105 262.436 199.3 1672.75 260.934 119.485 141.45 1411.82 73.8729 1337.94 822.234 442.802 305.575 258.744 174.173 515.709 399.948 137.227 73.8657
internal_count=22197 21234 20951 19117 5633 13484 4860 3167 3105 726 1693 1504 1972 1717 8624 1470 684 786 7154 403 6751 4164 2281 1553 1291 837 2587 2000 728 321
is_linear=0
shrinkage=0.03


Tree=117
num_leaves=31
num_cat=0
split_feature=6 7 265 263 177 177 230 230 142 420 233 243 122 244 7 20 245 264 282 132 128 135 264 128 266 282 131 132 346 185
split_gain=29.139 26.316 27.7808 27.0527 35.59 24.2384 23.3621 26.5273 28.258 24.7946 25.5923 23.2905 23.1067 22.9558 28.5551 26.6328 24.8669 22.6882 22.4351 21.9744 21.6889 35.242 42.9647 29.9696 32.6734 32.3325 29.1856 25.6281 25.5573 25.2317
threshold=0.071922417730093016 0.22432254999876025 -0.13394092023372647 0.059851821511983878 1.1875550746917727 1.3581634163856509 0.99747925996780407 0.97473302483558666 4.755171775817872 0.25403225421905523 -0.20854943245649335 -0.030187975615262982 0.36776567995548254 -0.013591965660452841 0.21675615012645724 0.82360282540321361 0.12908020615577701 0.1096450872719288 -0.037435401231050484 2.5058791637420659 1.2649242877960207 3.0384216308593754 0.26141518354415899 0.54844656586647045 0.056847864761948592 -0.51520514488220204 1.0729895234107973 1.2285957336425783 0.41956709325313574 -1.0000000180025095e-35
decision_type=2 2 2 2 2 2 2 2 2 2 2 2 2 2 2 2 2 2 2 2 2 2 2 2 2 2 2 2 2 2
left_child=5 2 -2 4 -4 11 7 9 -9 -3 12 18 -11 14 19 16 -15 -7 -1 -5 23 -22 -23 25 26 27 -25 -12 -24 -26
right_child=1 6 3 13 -6 17 -8 8 -10 10 20 -13 -14 15 -16 -17 -18 -19 -20 -21 21 22 28 24 29 -27 -28 -29 -30 -31
leaf_value=0.033866607024250643 0.0064803310161754184 -0.0030318874885763882 0.012266674740705714 0.024788601462352573 -0.025792879505652098 0.021935880821488413 -0.012994875337519501 0.022544962438258022 -0.023142465170448861 0.014964751817799273 0.014346234998723437 -0.0088675507241445569 -0.022007220523635657 0.0062871890904931359 -0.016071477628528407 0.012025978936052848 -0.012497667178504609 -0.013142007290324983 -0.0084342707208555166 -0.0046498115870873425 0.017228850972534907 0.0071276032500112545 0.0073826993366765794 -0.030308052203389876 -0.0068493437215271531 0.0091480988293347019 -0.0040917474024102706 -0.029116462700930965 -0.035819098105594076 0.022235334072672235
leaf_weight=16.904901552945375 260.96617802232504 463.29575629159808 138.52080544084311 53.870250344276428 19.231923282146454 45.142368339002132 69.589438371360302 100.20739938691258 7.8331516236066809 14.799885794520376 12.570181157439945 545.52249730378389 50.43635793030262 66.284039478749037 33.753984771668911 45.040623620152473 564.42627724260092 18.405523061752319 16.570076765492558 32.591122146695852 295.85610497742891 366.57913186401129 14.933943733572958 37.297920111566782 38.541891414672136 539.2907735593617 318.19643096625805 30.778344392776489 29.611141979694366 62.94413985311985
leaf_count=101 1303 1964 876 276 80 160 320 436 36 59 64 3780 250 347 163 218 3183 82 132 257 1397 1717 66 171 188 2440 1505 136 141 261
internal_value=0.000499044 0.00153593 -0.002062 -0.00444055 0.00666429 -0.00535579 0.00332281 0.00384034 0.0179346 0.00311348 0.00469628 -0.0073187 -0.0128368 -0.00669341 0.00510017 -0.00883764 -0.0104597 0.0113314 0.0148309 0.0140625 0.00540576 0.00944233 0.00361921 0.00260592 -0.00310445 0.00708621 -0.00740344 -0.0160623 -0.0220961 0.0113637
internal_weight=4309.99 3667.45 1214.69 953.719 157.753 642.545 2452.76 2383.17 108.041 2275.13 1811.84 578.997 65.2362 795.966 120.215 675.751 630.71 63.5479 33.475 86.4614 1746.6 706.98 411.124 1039.62 456.98 582.639 355.494 43.3485 44.5451 101.486
internal_count=22109 17854 6703 5400 956 4255 11151 10831 472 10359 8395 4013 309 4444 696 3748 3530 242 233 533 8086 3321 1924 4765 2125 2640 1676 200 207 449
is_linear=0
shrinkage=0.03


Tree=118
num_leaves=31
num_cat=0
split_feature=18 271 268 141 247 217 350 159 367 228 2 161 282 268 270 128 269 294 137 255 349 127 280 247 200 304 279 263 439 123
split_gain=23.8889 29.0519 34.7676 54.0453 23.3764 34.7226 22.434 24.4614 25.3494 21.0519 21.4205 21.4257 24.9805 26.0448 21.4961 25.3634 20.3975 19.85 19.6741 18.7926 19.7547 18.4468 18.4459 20.5082 19.9477 20.5397 18.3292 19.0898 21.5352 26.8731
threshold=1.0000000180025095e-35 0.025000005960464481 -0.2434774041175842 1.5130491852760317 -0.14812702685594556 0.3114724606275559 0.32042169570922857 -1.0000000180025095e-35 0.37773224711418157 0.77802231907844555 0.52937710285186779 -0.0035182951251044865 -0.45455293357372278 -0.11401978135108946 -0.0092976428568363172 1.5656460523605349 -0.037916719913482659 -0.39209958910942072 3.0668745040893559 0.16609474271535876 0.53464141488075267 0.59461945295333873 0.19129202514886859 0.037297848612070091 0.75431033968925487 -0.6634303331375121 -0.31086443364620203 0.063638865947723403 0.50806450843811046 0.93501469492912304
decision_type=2 2 2 2 2 2 2 2 2 2 2 2 2 2 2 2 2 2 2 2 2 2 2 2 2 2 2 2 2 2
left_child=1 4 -3 -4 -1 -6 7 -5 -9 10 11 14 13 18 15 -2 -16 -15 -13 -14 -21 -20 24 -24 25 -18 -7 28 -28 -30
right_child=9 2 3 6 5 26 -8 8 -10 -11 -12 12 19 17 16 -17 22 -19 21 20 -22 -23 23 -25 -26 -27 27 -29 29 -31
leaf_value=0.017782311774876703 -0.024116576280536713 -0.014553851253866643 -0.018963366765694472 0.0039864755433237607 -0.028765899426271588 0.029642317267832771 -0.00043610401655918494 0.053157028891071809 -0.0015938672454535961 0.015188663108644014 0.020034365414504283 -0.014396229778314678 0.0030840570323359957 -0.010935571752968198 0.010941870073318549 0.0089501400915693585 0.011382259289224966 0.015910964279720715 0.025165869868401101 -0.020481057074208824 0.01154351773365133 -0.0093986039705130624 -0.0049898158592979443 -0.034506711341364224 0.0085181497511627353 -0.0074895203276248244 -0.013985407871175632 -0.016685985894587661 0.034241900083501739 -0.01277502045206338
leaf_weight=15.304667100310324 77.863139655441046 61.308064416050911 31.512640433385968 22.543209318071604 92.664765164256096 5.4682302549481383 25.437780145555735 34.627045936882496 8.3751720674335939 85.100479744374752 43.708234168589115 213.94780968874693 2500.303910639137 31.162826091051102 88.890266761183739 23.051818713545799 53.740759626030922 65.849860042333603 18.529946558177471 53.356176480650902 18.614232383668423 24.14264740049839 64.511970434337854 27.805212207138538 124.91598291695118 358.17080156132579 26.56557359546423 88.944567259401083 22.921810932457447 12.200800169259308
leaf_count=176 405 651 478 182 1327 31 248 171 64 365 187 965 11188 143 340 100 216 296 71 269 85 110 292 140 496 1645 272 1038 134 118
internal_value=0.000246312 -0.00625532 0.00280873 0.0118966 -0.0125126 -0.0148532 0.0232835 0.0317875 0.0435533 0.00101067 0.000662002 0.000396141 0.00159993 -0.00579329 -0.00386909 -0.0163753 -0.00195581 0.00703067 -0.010739 0.00263337 -0.0117763 0.00683044 -0.00389495 -0.0157913 -0.00165293 -0.00485326 -0.00564976 -0.00825697 0.00420539 0.0182512
internal_weight=4321.54 447.874 183.804 122.496 264.07 248.766 90.9832 65.5454 43.0022 3873.67 3788.57 3744.86 2925.91 353.633 818.95 100.915 718.035 97.0127 256.62 2572.27 71.9704 42.6726 629.145 92.3172 536.828 411.912 156.101 150.633 61.6882 35.1226
internal_count=22203 4890 1794 1143 3096 2920 665 417 235 17313 16948 16761 13127 1585 3634 505 3129 439 1146 11542 354 181 2789 432 2357 1861 1593 1562 524 252
is_linear=0
shrinkage=0.03


Tree=119
num_leaves=31
num_cat=0
split_feature=6 7 347 268 114 7 268 331 279 249 244 280 233 265 227 310 310 155 361 249 268 237 305 158 102 151 266 433 303 127
split_gain=23.8432 32.599 26.6437 21.6927 24.8042 21.051 24.1742 30.9542 33.3474 39.6064 41.6456 33.6171 26.488 26.042 25.5175 30.7453 37.8667 30.7035 24.0606 23.4347 29.2294 27.4553 27.2461 25.0667 23.1237 26.9615 26.386 33.012 24.6178 23.1805
threshold=0.052699072286486633 0.22729630023241046 -1.1674476861953733 -0.31171549856662745 2.1932711601257329 0.22432254999876025 -0.30058245360851282 -0.59328365325927723 0.10972702503204347 0.033997530117630965 -0.0087502435781061632 -0.26403693854808802 -0.21823204308748242 0.0080829933285713213 0.028645196929574016 -0.24704580008983609 -0.44843305647373194 0.6157309114933015 1.4744918346405032 0.026503029279410843 -0.2211816608905792 0.79999998211860668 -0.53025680780410755 -0.03621189855039119 0.043071351945400245 0.43063506484031683 -0.0842900015413761 0.063508063554763808 -0.51494264602661122 0.85299137234687816
decision_type=2 2 2 2 2 2 2 2 2 2 2 2 2 2 2 2 2 2 2 2 2 2 2 2 2 2 2 2 2 2
left_child=1 2 -1 -4 -5 18 7 -7 9 10 -9 -12 -8 -11 15 16 17 -14 -2 20 -18 23 -23 -22 26 29 -16 -28 -29 -26
right_child=5 -3 3 4 -6 6 12 8 -10 13 11 -13 14 -15 24 -17 19 -19 -20 -21 21 22 -24 -25 25 -27 27 28 -30 -31
leaf_value=0.019678586042039849 -0.0013406679453637146 -0.0271629550339927 0.012975371444531189 -0.023830480624271004 0.013874465632502775 0.0094332845870878403 -0.015573510818124133 0.0087841584734557453 0.0094155296441636692 -0.022792351021478856 0.0063087204675808051 -0.034213899898136495 -0.00025909999002862651 0.0066598937920023735 -0.0045224608460630632 0.0068442346943482857 -0.022950846486971575 0.020109134370122017 -0.020166246788822468 -0.021201849390432067 0.022568789670576562 -0.016506454920127742 0.025437512068427551 -0.015212779899453058 -0.0020845243010675987 0.032403675109477205 -0.01730121770745522 0.0018892003783353899 0.024670662323473935 0.012051106119667714
leaf_weight=33.11529902368784 1268.6255441233516 58.336068065837026 24.853628862649202 65.178841214627028 14.690060932189224 116.90811320394278 55.944970179349184 29.225073881447315 74.779828995466232 28.190134059637785 18.812835738062859 117.55769346281886 415.31725320219994 109.30966533347964 53.698192402720451 577.68403857573867 46.758820045739412 72.077457323670387 57.433961965143681 107.68715002760291 12.971327215433119 12.54148146510124 52.989464372396469 73.348073288798332 334.09676026925445 21.482364729046822 17.22013970836997 55.393663801252842 219.05926327779889 143.34130590036511
leaf_count=148 6987 1011 150 653 94 480 290 138 361 149 78 576 1755 481 244 2649 233 269 550 537 45 56 246 423 1503 84 80 229 932 646
internal_value=0.000331465 -0.00969669 -0.00127655 -0.00881475 -0.0162155 0.000830467 0.00232028 -0.00364131 -0.00781164 -0.0122124 -0.0217824 -0.0285153 0.00363058 -0.000117342 0.00416773 0.00161633 -0.00220222 0.00297385 -0.00226553 -0.0103546 -0.00390049 0.00265239 0.0164471 -0.00815574 0.00825223 0.00400001 0.0141636 0.0176644 0.0202713 0.00225056
internal_weight=4288.63 196.174 137.838 104.723 79.8689 4092.45 2766.4 494.783 377.875 303.095 165.596 136.371 2271.61 137.5 2215.67 1371.38 793.691 487.395 1326.06 306.296 198.609 151.85 65.5309 86.3194 844.292 498.92 345.371 291.673 274.453 477.438
internal_count=22077 2056 1045 897 747 20021 12484 2263 1783 1422 792 654 10221 630 9931 6213 3564 2024 7537 1540 1003 770 302 468 3718 2233 1485 1241 1161 2149
is_linear=0
shrinkage=0.03


Tree=120
num_leaves=31
num_cat=0
split_feature=5 182 420 336 268 170 119 430 282 263 346 263 347 344 280 145 263 18 282 105 267 266 143 178 280 245 2 245 443 262
split_gain=21.055 22.2319 18.3657 17.4057 26.2996 30.9083 25.6974 23.576 22.8593 28.9248 24.8851 25.7935 24.1371 23.8168 23.6439 25.4391 34.703 22.1304 24.3882 26.6279 21.8137 26.2193 23.5713 39.0802 23.018 22.5908 21.378 21.3547 22.7163 21.1776
threshold=1.3101272583007815 -0.31454761326313013 0.65450927615165722 -0.46925154328346247 -0.42172667384147638 -0.3678396195173263 0.18856386840343478 0.56385868787765514 0.68147912621498119 0.14675459265708926 -0.042025152593851083 0.078151430934667601 0.19470825791358951 0.20305274426937106 -0.44213201105594629 -1.5391938686370847 0.31114460527896887 0.50316895544528972 0.013463921844959261 0.10195275396108629 0.082963481545448317 0.083106353878974928 1.9881699085235598 -0.35834605991840357 -0.13614312559366223 0.23694921284914019 0.2088449448347092 0.28649349510669714 0.67204302549362194 0.33973486721515661
decision_type=2 2 2 2 2 2 2 2 2 2 2 2 2 2 2 2 2 2 2 2 2 2 2 2 2 2 2 2 2 2
left_child=3 -2 -3 6 -5 -6 -1 -8 10 -10 14 13 17 -12 -7 16 -16 -13 19 26 22 24 23 -14 -22 -24 -19 28 -27 -15
right_child=1 2 -4 4 5 8 7 -9 9 -11 11 12 20 29 15 -17 -18 18 -20 -21 21 -23 25 -25 -26 27 -28 -29 -30 -31
leaf_value=-0.010277194546823977 -0.018345378498774805 0.0039389634194735013 -0.014427809334848841 -0.012240275306895558 0.013264448913964956 -0.026829789951135663 0.0017192295011373628 -0.011926962981709815 0.005865063810924805 -0.025125632192430358 0.017829380748280946 -0.013558010532985779 -0.027267639723428404 -0.024236977472868924 -0.01036653938651663 0.011180608536279467 0.01941165077393079 0.016440938473604293 -0.011562778573073099 -0.019627992572263241 0.013069006006706921 0.012921617245258185 0.012231891099058881 0.01177359522235567 -0.026292370299873358 0.0041295159678775908 -0.019930658380128093 0.001199655163074636 -0.026718937225574672 0.0053826135523260482
leaf_weight=249.16811697930098 97.554525468498468 159.66828127019107 62.308580502867699 98.033352959901094 235.68731087073684 11.133428573608397 1033.1671887561679 120.93195560947061 43.925264112651348 54.209030576050282 125.4480504989624 219.10109759867191 18.081907238811255 20.027748603373766 121.2094042673707 532.25766270048916 41.537050131708384 115.66259154677391 99.662256352603436 21.401801288127899 11.653455361723898 25.528701044619083 63.953668635338545 327.46159191802144 62.012710940092802 27.695917095988989 10.272561371326445 117.47259553149343 63.482559021562338 103.51278098672628
leaf_count=1300 1294 1119 624 502 1087 47 4586 591 241 250 619 1139 88 106 698 2664 205 484 456 102 56 119 300 1476 326 136 44 615 298 526
internal_value=0.000394265 -0.00692602 -0.00145417 0.000996684 0.00246301 0.00308316 -0.0016807 0.00021699 0.00196762 -0.0116873 0.00263519 0.000346097 -0.00150579 0.00898963 0.00721503 0.00803745 -0.00221745 -0.0067741 -0.000507276 0.00708816 0.00193523 -0.0106352 0.00406571 0.00919997 -0.0193418 -0.00247213 0.0125018 -0.00727851 -0.0176153 -0.000380903
internal_weight=4293.22 319.531 221.977 3973.69 2570.42 2472.39 1403.27 1154.1 2236.7 98.1343 2138.57 1432.43 1183.44 248.989 706.138 695.004 162.746 466.1 246.999 147.337 717.343 99.1949 618.148 345.543 73.6662 272.605 125.935 208.651 91.1785 123.541
internal_count=22098 3037 1743 19061 12584 12082 6477 5177 10995 491 10504 6890 5639 1251 3614 3567 903 2225 1086 630 3414 501 2913 1564 382 1349 528 1049 434 632
is_linear=0
shrinkage=0.03


Tree=121
num_leaves=31
num_cat=0
split_feature=166 264 279 115 262 166 326 350 346 134 281 248 248 149 349 265 280 151 249 244 267 254 247 266 280 442 237 189 229 269
split_gain=22.7124 25.8709 26.9763 24.8879 29.1318 23.8944 20.3041 28.3418 28.3051 46.8422 28.8229 26.5773 34.233 24.7403 26.4057 23.7901 29.4294 26.17 25.1436 23.3923 32.0594 22.7858 22.5486 21.6839 24.418 30.5438 25.6235 23.0552 24.8724 23.1899
threshold=0.57047134637832653 -0.021533448249101635 0.070199847221374526 0.59190577268600475 0.36682641506195074 0.76423910260200512 -0.67479616403579701 0.19851170480251315 -0.38540101051330561 0.097039140760898604 0.1880486533045769 0.077236961573362364 0.096222709864377989 -2.0312907695770259 -0.44292104244232172 0.35394197702407842 -0.077110640704631792 -0.1104823090136051 -0.070793841034173952 0.034947670996189124 0.16392122209072116 0.82499998807907116 -0.043304046615958207 -0.12021515145897864 0.022907825186848644 0.49193547666072851 0.72499999403953563 -0.32163377106189722 0.0052080086898058662 -0.039523340761661523
decision_type=2 2 2 2 2 2 2 2 2 2 2 2 2 2 2 2 2 2 2 2 2 2 2 2 2 2 2 2 2 2
left_child=6 -2 3 -3 -5 -4 7 15 9 -8 19 -11 -13 14 -12 16 18 -18 -1 20 23 -14 -23 24 25 -10 -27 28 -25 -30
right_child=1 2 5 4 -6 -7 8 -9 10 11 13 12 21 -15 -16 -17 17 -19 -20 -21 -22 22 -24 27 -26 26 -28 -29 29 -31
leaf_value=0.0018072585250751446 -0.020341732077244167 -0.022324096747090481 0.02194746288981695 0.034086576786906173 -0.018098280856319628 -0.019045950921665167 -0.025080019625117446 0.0080866255209818567 0.0090813301665900632 0.017999749927862099 -0.021024476354579543 -0.019809160387537283 0.0028304206125491409 -0.0067107184617453946 0.021960672912407248 0.0049378813244867576 -0.014838723869462148 0.0023171899411088982 -0.024353965460002274 0.024603273371789348 -0.019679641703021233 -0.0024347547080004694 0.022589873198635306 0.019030618988922873 0.0044445305618374484 -0.0015079436543001938 -0.031289211072967144 0.0057756232115995076 0.0072604302874712335 -0.013223018677111786
leaf_weight=40.59486685693264 92.178996363654733 53.252771994099021 51.407688479870558 13.495197601616384 11.793269220739601 10.306932114064692 32.489807404577732 151.14194301888347 36.749089747667313 191.37588929757476 10.496219888329504 39.078193031251431 359.6992273516953 615.03764525428414 48.134206581860781 134.92032283172011 114.62722174823284 227.35827755182981 139.18078532069921 34.625773809850216 53.371826276183128 40.824708700180054 120.02569325268269 29.869991544634104 125.31308202818036 42.084303013980389 68.05847879126668 1193.9880269728601 63.751431990414858 166.81015587970614
leaf_count=195 1293 870 389 92 148 160 165 651 154 863 51 201 1681 2953 214 600 663 991 701 146 305 201 580 149 567 203 340 5574 286 835
internal_value=0.000363855 -0.00861321 -0.000233131 -0.0115337 0.0107774 0.0137056 0.000891769 -0.0033439 0.00194569 0.00689191 0.00036909 0.00850776 0.00506099 -0.00489429 0.0126837 -0.00604811 -0.00893656 -0.00358536 -0.018544 0.00234015 0.00180652 0.00718599 0.0163393 0.00255352 -0.00510975 -0.0131601 -0.0207698 0.00401254 -0.00397092 -0.007468
internal_weight=4312.04 232.435 140.256 78.5412 25.2885 61.7146 4079.61 807.823 3271.78 783.494 2488.29 751.004 559.628 673.668 58.6304 656.681 521.761 341.985 179.776 1814.62 1780 520.55 160.85 1726.62 272.205 146.892 110.143 1454.42 260.432 230.562
internal_count=22221 2952 1659 1110 240 549 19269 3801 15468 3691 11777 3526 2663 3218 265 3150 2550 1654 896 8559 8413 2462 781 8108 1264 697 543 6844 1270 1121
is_linear=0
shrinkage=0.03


Tree=122
num_leaves=31
num_cat=0
split_feature=166 264 279 266 331 355 271 2 372 231 281 7 265 161 454 445 233 370 123 262 351 372 233 437 281 438 139 254 162 282
split_gain=20.0581 26.172 25.4272 23.736 20.2104 18.6449 20.5958 18.244 19.4475 18.7778 34.7431 30.9405 22.2112 22.7102 21.9386 18.6992 18.4386 20.976 17.6353 17.4878 17.2946 17.2362 17.1833 15.471 35.7026 31.181 28.6698 27.5134 26.2667 24.6763
threshold=0.57047134637832653 -0.026691727340221402 0.070199847221374526 0.092541687190532698 0.18441823124885562 1.1479119062423708 -0.17499998211860654 0.52937710285186779 1.5026431679725649 -0.98004642128944386 -0.019791046157479283 0.24405324459075931 -0.38747256994247431 0.0072551532648503789 0.61200717091560375 0.83602148294448864 0.30927854776382452 0.52956590056419384 0.12174820154905321 0.36682641506195074 0.64678099751472484 -0.35956758260726923 0.11614790558815004 0.51668518781661998 -0.15914881229400632 0.46862745285034185 2.119813203811646 0.57500001788139354 -0.26743018627166742 -0.30586062371730799
decision_type=2 2 2 2 2 2 2 2 2 2 2 2 2 2 2 2 2 2 2 2 2 2 2 2 2 2 2 2 2 2
left_child=5 -2 4 18 -3 7 -7 8 9 10 14 22 13 -11 -1 -10 23 -18 -4 -6 -9 -8 -12 24 29 -25 -26 -27 -28 -14
right_child=1 2 3 -5 19 6 21 20 15 12 11 -13 16 -15 -16 -17 17 -19 -20 -21 -22 -23 -24 25 26 27 28 -29 -30 -31
leaf_value=0.018064064244781693 -0.019937074153255688 -0.020674663391212565 -0.010812813693568936 -0.0079146579779079441 0.023477122398852929 0.013133635317850426 -0.00090993249949249892 0.029205620714383582 -0.01251213675171526 0.027736665349829381 0.0046269980302038735 -0.041865138385479214 -0.016384961260192378 -0.015401790426615172 -0.012428455452342399 0.011831144869475842 -0.023365690390486391 0.0092613149171101392 0.034656203714873289 -0.016338048427317699 -0.0069736189933014359 -0.016626028070503503 -0.026517315908536943 -0.012313618528953418 -0.0016248648607922458 0.01792956948383018 -0.0011408223823116143 0.00043402321054096098 0.012249238096590081 0.00081879737932870626
leaf_weight=48.337334152311087 89.930604360997677 52.125269658863544 5.6656388007104388 23.949599985033274 17.923009503632787 36.044320274144411 119.92915831878781 32.73797070607543 147.29125491157174 47.493935592472553 43.30350249633193 29.402002029120922 79.672290686517954 8.6049221120774728 27.905764237046242 28.53629245609045 45.400602180510759 21.573729641735554 32.208605755120516 9.980391960591076 13.092500701546667 130.49849039688706 16.555362697690725 156.31522647291422 245.51801523938775 79.565419375896454 157.48557442426682 1267.3044617734849 730.12638920173049 549.02401011064649
leaf_count=217 1291 843 85 262 158 157 603 162 844 200 199 134 383 40 133 102 255 93 206 138 71 633 91 802 1135 358 849 5884 3279 2553
internal_value=0.000526166 -0.00792057 0.000206337 0.0138893 -0.0105103 0.00102356 -0.00625689 0.00158935 0.00133573 0.0018258 -0.00782622 -0.0199026 0.00231555 0.0199788 0.00667073 -0.00820215 0.00197376 -0.0128321 0.0269948 0.00851476 0.0191169 -0.00936982 -0.00570412 0.00230748 0.00420925 6.2348e-05 0.0073766 0.00156267 0.00987142 -0.00150127
internal_weight=4293.5 231.783 141.853 61.8238 80.0287 4061.72 286.472 3775.25 3729.42 3553.59 165.504 89.2609 3388.08 56.0989 76.2431 175.828 3331.99 66.9743 37.8742 27.9034 45.8305 250.428 59.8589 3265.01 1761.83 1503.19 1133.13 1346.87 887.612 628.696
internal_count=22160 2983 1692 553 1139 19177 1393 17784 17551 16605 774 424 15831 240 350 946 15591 348 291 296 233 1236 290 15243 8199 7044 5263 6242 4128 2936
is_linear=0
shrinkage=0.03


Tree=123
num_leaves=31
num_cat=0
split_feature=6 248 267 3 463 243 177 326 350 265 362 463 230 263 263 367 151 277 237 151 182 247 267 281 154 230 81 234 243 177
split_gain=21.8019 26.2315 27.4286 25.8274 23.9709 22.4398 24.2334 19.8787 25.3016 25.763 21.7523 19.6128 18.6584 19.6142 31.9617 33.1552 34.2417 26.7731 24.4638 21.6655 30.8074 30.0771 31.6572 22.1604 32.6157 29.0691 27.8024 28.1076 21.5403 33.179
threshold=0.072475306689739241 0.031822824850678451 -0.044733623042702668 0.48547510802745825 0.065591398626565947 0.023469969630241398 0.46009014546871191 -0.66918060183525074 0.21223548054695132 0.35394197702407842 1.3047323226928713 0.29099461436271673 -0.99583750963211048 0.081314958631992354 0.15587210655212405 0.22087037563323977 -0.0018828547326847909 -0.058416867628693574 0.83541670441627514 -0.073293998837470994 -0.31454761326313013 -0.02877034060657024 0.058900650590658195 0.29010577499866491 -0.076115496456623064 0.99976810812950145 7.4682952799776114e-07 0.50564268231391918 -0.0029774212744086976 1.1006243228912356
decision_type=2 2 2 2 2 2 2 2 2 2 2 2 2 2 2 2 2 2 2 2 2 2 2 2 2 2 2 2 2 2
left_child=1 2 -1 -4 -3 -6 -7 8 9 -2 12 -11 -9 28 15 16 17 -15 -18 21 -21 -16 -23 25 26 -22 -25 -28 -14 -30
right_child=7 4 3 -5 5 6 -8 10 -10 11 -12 -13 13 14 19 -17 18 -19 -20 20 23 22 -24 24 -26 -27 27 -29 29 -31
leaf_value=-0.010229477835161749 -0.0099699279093610742 0.0060879465647277085 0.0073927094238335489 0.049944161437593768 -0.0118825013524413 -0.010477810794130394 0.028967172411848294 -0.0069245790975316869 0.0071793029856168818 0.022796530123910277 -0.0075706415374385584 -0.0028829140031068901 0.00089364595858814071 -0.032126784810289535 -0.014104878352843844 0.006602217502748301 -0.026988948095224261 0.006054080197794934 -0.0029454875080362308 -0.0046906543743801266 0.011033713164809054 0.0072199450408736935 -0.015095117811957333 0.01075539469999762 0.0086613394111500156 -0.027667897908854083 0.010744076860202118 -0.039370789087229234 0.018256057121878558 -0.0094674617159359407
leaf_weight=35.588389072567225 414.08553325384855 96.999127775430679 48.064422104507685 12.793439127504824 440.36493153125048 22.574255872517824 20.545260965824127 157.4858611356467 147.85120805725455 34.180474765598774 184.61457600817084 71.155950665473938 184.40267602726817 11.992614552378653 115.57978264987469 148.16977421194315 110.56415292620659 119.84687428176403 60.663883168250322 188.38806583359838 839.6999143101275 297.11306788027287 63.477716851979494 18.177451178431511 103.29222556203604 11.197508320212362 9.4145083427429181 36.226859740912914 243.37796812877059 40.948738977313042
leaf_count=207 2007 525 214 56 3164 285 78 755 654 135 1143 327 873 75 601 654 546 597 320 1021 3917 1419 335 71 477 48 43 165 1342 168
internal_value=0.000210751 -0.00469881 0.00928004 0.0207219 -0.00712214 -0.00984288 0.00952792 0.00114109 -0.00350379 -0.00661967 0.00220302 0.00625759 0.00287806 0.00349226 0.00224899 -0.00477919 -0.0104009 0.00106072 -0.0189798 0.00415204 0.00628221 -0.00123593 0.00305043 0.00834121 -0.00153893 0.0102906 -0.0174208 -0.02878 0.00901354 0.0140957
internal_weight=4288.84 676.93 96.4463 60.8579 580.484 483.484 43.1195 3611.91 667.273 519.422 2944.63 105.336 2760.02 2602.53 2133.8 451.237 303.068 131.839 171.228 1682.57 1206.4 476.171 360.591 1018.01 167.111 850.897 63.8188 45.6414 468.729 284.327
internal_count=22222 4529 477 270 4052 3527 363 17693 3123 2469 14570 462 13427 12672 10289 2192 1538 672 866 8097 5742 2355 1754 4721 756 3965 279 208 2383 1510
is_linear=0
shrinkage=0.03


Tree=124
num_leaves=31
num_cat=0
split_feature=372 354 162 265 346 358 280 164 10 167 201 317 405 369 155 157 229 237 228 144 310 163 262 262 107 106 170 168 169 3
split_gain=22.0969 17.931 19.4221 17.247 16.7962 17.331 16.3182 19.7958 25.3116 14.5918 16.2963 17.3885 14.4943 17.4041 23.2413 22.0297 25.3036 21.0258 22.5153 21.2668 24.1413 17.3176 34.3607 16.9775 15.5252 20.5109 14.3471 14.0881 13.8835 18.2311
threshold=1.5026431679725649 0.67228263616561901 -0.027417477220296856 -0.13173718750476834 1.2741766571998598 0.43012534081935888 -0.30328534543514246 0.35091355443000799 0.2484906688332558 -0.55148032307624806 0.65108695626258861 -0.57794591784477223 0.20344828069210055 -0.43856745958328242 -0.74321186542510975 -0.01171100791543722 0.19708850979804995 0.76250001788139354 0.3114724606275559 -1.5760570168495176 -0.37455919384956354 0.26601262390613561 0.38032615184783941 0.19263498485088351 0.017108339816331867 0.31114128232002264 -0.42298060655593867 -0.45347292721271509 -0.29819762706756586 0.17398039996623996
decision_type=2 2 2 2 2 2 2 2 2 2 2 2 2 2 2 2 2 2 2 2 2 2 2 2 2 2 2 2 2 2
left_child=4 2 3 -2 9 -6 -7 8 -8 10 28 27 -11 14 24 -15 21 18 23 -19 -21 -17 -23 -16 -14 -26 -9 -12 29 -1
right_child=1 -3 -4 -5 5 6 7 26 -10 12 11 -13 13 15 17 16 -18 19 -20 20 -22 22 -24 -25 25 -27 -28 -29 -30 -31
leaf_value=-0.010957749859896183 0.016257043324105727 0.0067042409814271056 -0.025927423805197428 -0.010975392986139325 -0.020620354384252786 0.018471923587089323 -0.014254340366940935 0.017269575788077664 0.0084216338171130972 -0.0016706228794448167 -0.0037888683247788487 0 -0.010774784722129543 0.0031010489774068173 -0.0029944941610833536 0.012560165822588487 -6.7841748354966635e-05 -0.013361533865754579 0.0020459142961996822 0.020702520269434598 -0.0016714068298180655 0.05150945284616433 -0.00061882691716022814 -0.029126650572572403 0.013548895378898231 -0.0062188122704791024 -0.022317152354603385 0.01884092299353517 -0.0073340173602701062 0.0075640735534038533
leaf_weight=62.021819978952408 20.489160569384694 45.7871138677001 61.927608942613006 82.010598942637444 50.984997127205133 23.213119458407164 61.505568828433752 3.9004254117608061 118.28796547651291 506.78758308291435 30.714878223836422 575.39481515809894 34.216995872557163 775.72733256220818 36.239889495074749 264.65969713777304 118.94057641923428 59.373144432902336 57.959513638168573 60.693098910152912 116.29438649863005 24.967126917093992 16.805472064763308 65.651003420352936 199.93654492124915 55.867938559502363 59.99884432554245 80.193425476551056 454.74001219496131 148.31294783391058
leaf_count=268 110 177 496 619 320 121 263 31 444 2533 132 2660 189 3769 234 1168 587 408 320 279 704 141 161 339 1018 285 634 355 2513 882
internal_value=0.000329615 -0.00898997 -0.0135168 -0.00474461 0.000828963 -0.00571092 -0.00237036 -0.00485794 0.000364722 0.00139644 -0.00108678 0.00213641 0.00280156 0.00400971 0.00017675 0.00617722 0.0116217 -0.00450053 -0.012662 0.00118136 0.0064398 0.0160927 0.0332436 -0.0207186 0.00655742 0.00914101 -0.0182862 0.0126319 -0.00441608 0.00187717
internal_weight=4273.6 210.214 164.427 102.5 4063.39 317.891 266.906 243.693 179.794 3745.5 1351.38 686.303 2394.12 1887.33 686.233 1201.1 425.373 396.211 159.85 236.361 176.987 306.432 41.7726 101.891 290.021 255.804 63.8993 110.908 665.075 210.335
internal_count=22160 1402 1225 729 20758 1813 1493 1372 707 18945 6810 3147 12135 9602 3776 5826 2057 2284 893 1391 983 1470 302 573 1492 1303 665 487 3663 1150
is_linear=0
shrinkage=0.03


Tree=125
num_leaves=31
num_cat=0
split_feature=166 21 119 237 409 308 351 229 237 3 232 234 124 128 160 231 161 21 162 262 162 182 308 153 175 248 232 371 368 271
split_gain=23.3046 17.5756 16.0454 24.1648 21.2843 20.1491 19.5933 25.0164 30.2068 39.1979 24.7365 18.9508 18.511 18.9049 25.5971 19.7627 17.9863 17.6618 17.1811 24.9687 17.0075 16.721 16.5093 16.3782 16.2565 15.456 15.4409 21.1962 17.8749 17.7484
threshold=0.74877929687500011 1.4277270436286928 0.23498019576072696 0.8125000298023225 0.70900535583496105 -0.40829373896121973 -0.13791625201702115 0.01655608415603638 0.85000005364418041 0.41792385280132299 0.11814262717962266 0.86193829774856578 0.23956646770238879 0.057465307414531715 -0.85582494735717762 0.99557733535766613 0.0038719809381291275 1.0386371016502383 0.078764900565147414 0.6318444311618806 -0.078447680920362459 -0.39976225793361658 -0.36509360373020167 0.084061197936534895 2.0461740493774419 -0.028786046430468556 0.0022314011584967379 -0.34495520591735834 0.48683221638202673 -0.025000005960464474
decision_type=2 2 2 2 2 2 2 2 2 2 2 2 2 2 2 2 2 2 2 2 2 2 2 2 2 2 2 2 2 2
left_child=1 2 3 5 21 11 22 -8 9 10 -9 -1 13 14 17 -16 -10 23 25 -20 -14 -4 -5 -7 -15 -6 28 -28 29 -27
right_child=-2 -3 4 6 18 12 7 8 16 -11 -12 -13 20 24 15 -17 -18 -19 19 -21 -22 -23 -24 -25 -26 26 27 -29 -30 -31
leaf_value=-0.014394003201378585 -0.017950630101055381 0.020700939999534505 -0.011540307051530542 -0.0074202080411641088 0.018376827424985257 -0.024507865502656195 0.019031371692807084 -0.030514502605212959 0.01054456613907854 0.018229949894670586 0.0032517241510719489 0.013575980654836416 0.0018468029222470511 0.019283394904149289 0.0023175169392912524 0.023272491760378107 -0.019070049956590437 0.011294489722179397 -0.014777101578382365 0.023928008466135978 -0.017423347468061425 0.0036704915407811747 -0.034203454231878767 0.007695393826965412 -0.014253634876547768 0.00034662044716561065 0.0071100146359185119 -0.0074773639228168107 0.0099656124213626102 -0.013159289000505539
leaf_weight=116.67032863758504 54.919313244521618 31.758512519299984 60.186122845858335 49.463647490367293 30.718399453908205 55.697883507236838 28.08247335255146 89.246866196393967 79.197285633534193 18.231645755469799 22.22955771163106 20.291640713810921 102.10632873699069 108.659926507622 171.59785539843142 47.431181048974395 16.557343769818544 19.209242977201939 141.32111326605082 10.194026943296192 59.94658088684082 2050.6006995849311 38.741498237475753 14.174365635961292 9.2142612785100919 142.5337781123817 293.87947022169828 120.65611838549376 52.613040518015623 212.74622648209333
leaf_count=773 1040 186 434 329 163 279 142 425 359 112 91 92 462 489 770 214 86 78 858 52 290 9755 305 60 38 804 1504 601 232 1138
internal_value=0.000316025 0.000585951 0.000396362 -0.00276448 0.00148579 0.000339747 -0.00925463 -0.00469426 -0.00817866 -0.0172697 -0.0238982 -0.00971854 0.00278687 0.00605848 0.00198034 0.00748202 0.00437132 -0.0109972 -0.00209236 -0.0111651 -0.00564578 0.00319511 -0.0209441 -0.0177326 0.0159257 -0.000391121 -0.00125395 0.00278559 -0.00536233 -0.00780991
internal_weight=4268.88 4213.96 4182.2 1066.75 3115.45 725 341.75 253.545 225.463 129.708 111.476 136.962 588.038 425.985 308.111 219.029 95.7546 89.0815 1004.66 151.515 162.053 2110.79 88.2051 69.8722 117.874 853.147 822.429 414.536 407.893 355.28
internal_count=22161 21121 20935 5394 15541 3545 1849 1215 1073 628 516 865 2680 1928 1401 984 445 417 5352 910 752 10189 634 339 527 4442 4279 2105 2174 1942
is_linear=0
shrinkage=0.03


Tree=126
num_leaves=31
num_cat=0
split_feature=177 177 280 365 134 268 230 123 405 260 244 289 235 251 237 247 251 250 230 361 364 106 281 245 107 248 135 346 229 267
split_gain=19.7789 23.5675 25.529 32.2859 24.9595 41.5015 24.8034 23.7741 22.5228 21.5043 27.4734 23.7611 20.9225 32.7969 41.2618 34.8489 31.1064 33.2207 27.0101 24.193 24.0523 22.8271 21.7535 20.2923 20.2363 19.59 24.6236 19.5761 19.534 26.1727
threshold=0.31479415297508245 0.26048496365547186 0.084856189787387862 -0.46500501036643976 0.91655465960502636 -0.29222415387630457 0.96105566620826732 0.16917917132377627 0.32200460135936743 0.041185956448316581 -0.0057547334581613532 -0.33036501705646509 0.015602772124111654 0.49682894349098211 0.71079546213150036 0.087482411414384856 0.72706684470176708 -0.16500818729400632 -0.99554541707038868 0.58393892645835888 0.99830612540245067 0.68862834572792064 0.31141114234924322 0.3073613047599793 0.67793381214141857 0.14056261628866198 0.75626978278160106 0.97747460007667553 0.71968194842338573 0.058900650590658195
decision_type=2 2 2 2 2 2 2 2 2 2 2 2 2 2 2 2 2 2 2 2 2 2 2 2 2 2 2 2 2 2
left_child=1 2 3 6 7 -6 9 25 -3 10 23 -11 18 -14 22 16 17 -16 -2 21 24 -19 -15 -1 -20 -5 -27 -26 29 -12
right_child=12 8 -4 4 5 -7 -8 -9 -10 11 28 -13 13 14 15 -17 -18 19 20 -21 -22 -23 -24 -25 27 26 -28 -29 -30 -31
leaf_value=0.01772786163781653 -0.018219081700527304 0.0029625721242332935 -0.0065854450656609616 -0.0055143431271866671 -0.017766767935840061 0.0038882322416444845 0.014544540342980186 0.019740553977635824 -0.022691115630743761 0.027023507306695716 -0.026897727400855616 -0.0089512154274168833 0.0034966243517695755 0.018285770329785352 0.0038184050190767293 0.0085313528449238053 0.0047095324628044742 -0.031798193967130635 0.0044710367005930526 -0.0022923798176603784 -0.0067897521989653473 0.0036092141001394175 -0.015962599014724878 -0.015330741344496305 0.017166121273468418 0.020925166719710186 -0.0029756908408340313 -0.0041127595072010968 0.011080813157290575 -0.003636281985484839
leaf_weight=37.100263336673379 37.647235631942749 43.363964207470417 533.40941792353988 103.98634931072593 90.63814689591527 425.23609088733792 39.253528805449605 135.91647079214454 83.834157571196556 22.877038298174739 135.39967614226043 30.810885433107615 631.04203885793686 69.621531791985035 43.845693491399288 62.404103204607964 55.303358428180218 163.08370145410299 794.70455371588469 40.655486643314362 120.76411707699299 16.066810876131058 15.193796068429945 20.114550229161978 237.53856363892555 85.151932507753372 63.138451149687171 42.530354514718056 15.657930999994276 67.841581040993333
leaf_count=195 164 168 3395 561 639 2385 283 753 379 127 971 297 2756 301 187 276 251 749 3499 184 499 69 71 184 1242 484 380 194 96 421
internal_value=0.000206316 -0.00202993 -0.00111805 0.00118795 0.00424144 -8.3347e-05 -0.00620393 0.00991494 -0.0141688 -0.00895558 -0.0123102 0.00755387 0.00206693 -0.000937189 -0.0069242 -0.0111319 -0.0151118 -0.0193226 0.00473849 -0.0239603 0.005572 -0.02855 0.0112869 0.00553793 0.00700565 0.00419076 0.0110057 0.0138767 -0.0170488 -0.0195626
internal_weight=4264.13 1933.73 1806.53 1273.12 904.067 515.874 369.055 388.193 127.198 329.802 276.114 53.6879 2330.4 1097.22 466.174 381.359 318.955 263.652 1233.18 219.806 1195.54 179.151 84.8153 57.2148 1074.77 252.277 148.29 280.069 218.899 203.241
internal_count=22160 11718 11171 7776 5202 3024 2574 2178 547 2291 1867 424 10442 4844 2088 1716 1440 1189 5598 1002 5434 818 372 379 4935 1425 864 1436 1488 1392
is_linear=0
shrinkage=0.03


Tree=127
num_leaves=31
num_cat=0
split_feature=176 263 7 103 7 85 271 263 232 162 248 160 251 247 124 229 262 232 328 155 141 119 369 264 433 233 229 234 234 89
split_gain=18.0563 15.7815 21.1784 20.6036 18.444 25.432 17.4874 29.4984 24.9144 19.1235 23.5596 22.9275 25.7423 32.8366 35.2103 23.9891 23.1831 21.2494 20.0984 18.3415 18.2322 17.8678 17.3989 23.4444 22.5397 18.0189 17.6761 19.0701 22.0026 17.4753
threshold=0.78102979063987743 0.096441559493541731 0.24789286404848102 0.00044141270336695021 0.2363599240779877 6.2063945649448737e-10 0.19999995827674868 0.11879674717783929 0.16628172248601916 -0.28549186885356898 0.031310165300965316 0.24695792794227603 0.29118359088897711 -0.043304046615958207 0.32183554768562322 0.090347781777381911 0.28199575841426855 0.033982940018177039 0.93434980511665355 -0.46957470476627344 2.4161937236785893 1.2654610872268679 -1.0000000180025095e-35 -0.15704995393753049 0.093073595315217986 0.09791776537895204 0.22920001298189166 0.85324671864509594 0.97631970047950756 1.4592937827110293
decision_type=2 2 2 2 2 2 2 2 2 2 2 2 2 2 2 2 2 2 2 2 2 2 2 2 2 2 2 2 2 2
left_child=1 2 22 -4 -3 -6 7 -7 20 10 -9 12 19 14 16 -13 -14 18 -16 -11 -8 -21 23 -1 -24 29 27 -26 -29 -25
right_child=-2 4 3 -5 5 6 8 9 -10 11 -12 15 13 -15 17 -17 -18 -19 -20 21 -22 -23 24 25 26 -27 -28 28 -30 -31
leaf_value=-0.014358709343707882 0.0032640391729199646 -0.0044708950386083829 0.019653782013461983 -0.017784144992875908 -0.020546069519162675 -0.022294849137978513 0.023020319514533472 0.017279268842366281 -0.018710964731485324 0.026005971543911238 -0.020727345377714493 0.0085633106648831357 -0.042177541571569853 0.0081287672568603093 -0.0015734814732009715 -0.014746857943532329 0.00072959404816205276 0.011516384121549407 -0.043269079507230766 0.012143825591252697 -0.0013960701331328974 -0.022487736889151073 -0.0086706206317956891 0.012739499103249138 0.020238698134458305 -0.016520425582181211 -0.018356358951114777 -0.0067958000636744835 0.020175606309134907 -0.015253475930462885
leaf_weight=73.729087971150875 1241.7349746897817 1341.2650655191392 9.9359083268791419 63.711152333766222 40.725577920675278 42.394236762076616 87.543279644101858 12.94953642785549 15.346927329897879 76.797479899600148 57.191999671980739 54.846508074551821 29.230933807790279 295.08563088998199 39.064120590686798 106.59768640995026 15.460236512124537 64.659406304359436 7.7777082845568648 42.449016259983182 36.637447208166122 11.390950068831442 46.753813030198216 134.09298516251147 170.67484070919454 22.751775979995728 9.6678337343037111 65.01704715564847 36.803079374134541 17.025928858667612
leaf_count=494 5636 7686 51 302 656 190 363 51 74 343 333 248 132 1328 177 508 71 290 40 184 163 56 322 780 833 153 54 379 207 111
internal_value=0.000225964 -0.00102127 0.00309181 -0.0113356 -0.00215627 0.000839765 0.00186256 0.000208843 0.0114406 0.00157458 -0.0126432 0.00303556 0.00581299 0.00228398 -0.00856894 -0.00673872 -0.0290426 0.000779387 -0.0134171 0.0171913 0.0160465 0.00289989 0.00506671 -0.000904174 0.00951786 0.00507801 0.0127049 0.0142766 0.00352729 0.00898359
internal_weight=4269.31 3027.58 650.163 73.6471 2377.41 1036.15 995.423 855.895 139.528 813.501 70.1415 743.36 581.915 451.278 156.192 161.444 44.6912 111.501 46.8418 130.637 124.181 53.84 576.516 247.6 328.917 173.871 282.163 272.495 101.82 151.119
internal_count=22215 16579 3686 353 12893 5207 4551 3951 600 3761 384 3377 2621 2038 710 756 203 507 217 583 526 240 3333 1538 1795 1044 1473 1419 586 891
is_linear=0
shrinkage=0.03


Tree=128
num_leaves=31
num_cat=0
split_feature=164 280 153 279 230 265 169 169 237 115 246 233 267 307 3 433 280 162 154 341 7 361 1 289 111 102 283 283 135 280
split_gain=16.2957 36.1181 25.7839 23.5904 24.7931 21.6 20.5157 27.4192 20.4282 20.3154 18.0495 18.774 18.0025 22.8324 16.1023 14.8581 16.3411 45.2786 25.5272 27.9444 27.0746 23.1737 21.3165 27.8787 26.349 29.2352 23.0226 26.1549 25.0889 22.3262
threshold=0.12145727500319482 -0.02081767842173576 -0.114487387239933 0.16113524138927462 -0.23860567808151242 0.17879740893840793 -0.17960529774427411 -0.25819890201091761 0.79375004768371593 0.6599540412425996 0.20263066142797473 -0.11136649176478385 -0.054603837430477135 -0.4581106156110763 0.19598712772130969 0.16064515709877017 -0.025263725779950615 -0.22282723337411878 0.019483003765344623 0.36837925016880041 0.21932946890592578 -0.31599874794483179 0.1060876101255417 -0.36644239723682398 1.3138152956962588 0.42145897448062902 -0.42356674373149866 -0.18552086502313611 2.089104533195496 0.17572874575853351
decision_type=2 2 2 2 2 2 2 2 2 2 2 2 2 2 2 2 2 2 2 2 2 2 2 2 2 2 2 2 2 2
left_child=1 2 -1 4 5 9 7 -6 -5 -4 11 -3 13 -12 -13 -2 17 -17 19 21 -20 -19 23 -18 -25 -26 28 -28 -24 -29
right_child=15 10 3 8 6 -7 -8 -9 -10 -11 12 14 -14 -15 -16 16 22 18 20 -21 -22 -23 26 24 25 -27 27 29 -30 -31
leaf_value=0.018251901019841667 -0.0052499474669994934 -0.017833403355987588 -0.045659436826803589 -0.0087002287169047187 -0.0031682410239311418 -0.00049169534597546215 0.0072640330058183359 -0.043926890318675901 0.024938934444265003 0.0050343227402655953 0.01522278330452961 0.022282024429215203 0.0088734813710168708 -0.031544012173342871 -0.010123113949576554 -0.0056727981247988888 0.0064362530730283449 -0.0038524261034090014 -0.0018169947056084906 -0.0066519186008781256 0.016473538931304512 0.01215350878242386 -0.024474177123751474 -0.002588129194179895 -0.021520368845151211 -0.0038948843060821569 0.012710628595956633 -0.0090014885143140915 0.0022307378245809903 0.012329701532331884
leaf_weight=37.435038946568966 574.73241678066552 7.1659585088491431 33.029013723134995 23.948492750525475 57.902075581252575 21.556324288249016 71.638144873082638 13.925521001219748 29.113629758358002 6.6389422491192809 9.1364341825246829 159.07031878829002 94.660965226590633 18.968634761869907 10.644006282091139 422.83500717021525 179.03137761354446 115.49755709059536 93.774680366739631 207.64133215323091 287.03489855490625 242.45763083919883 44.607336223125458 647.81091638468206 169.05086459964514 173.84711818024516 236.05824647471309 128.9375114813447 77.654921229928732 58.343346983194351
leaf_count=181 3350 30 141 117 313 132 356 65 173 46 46 969 534 95 45 2434 850 542 544 1068 1232 1061 258 3172 1023 955 1150 653 369 265
internal_value=-9.88946e-05 0.00447374 -0.00292623 -0.00644298 -0.0110405 -0.025989 -0.00367917 -0.0144026 0.0103372 -0.0374677 0.0116982 0.0176644 0.00253204 -0.016038 0.0198698 -0.000852178 -1.93391e-05 0.00241449 0.00605386 0.00194045 0.0119909 0.00698544 -0.00197011 -0.00424983 -0.00622305 -0.0128711 0.00289041 0.00620777 -0.00822904 -0.00209736
internal_weight=4254.15 594.834 295.187 257.752 204.69 61.2243 143.466 71.8276 53.0621 39.668 299.646 176.88 122.766 28.1051 169.714 3659.32 3084.58 1369.24 946.406 565.597 380.81 357.955 1715.34 1169.74 990.709 342.898 545.601 423.339 122.262 187.281
internal_count=22169 3243 1524 1343 1053 319 734 378 290 187 1719 1044 675 141 1014 18926 15576 6881 4447 2671 1776 1603 8695 6000 5150 1978 2695 2068 627 918
is_linear=0
shrinkage=0.03


Tree=129
num_leaves=31
num_cat=0
split_feature=177 166 268 235 263 151 263 176 177 347 144 332 234 188 346 248 412 145 151 279 346 245 372 234 87 357 124 294 149 182
split_gain=22.4797 30.4835 23.993 23.1369 37.506 36.9312 32.2886 22.9681 22.2966 22.1277 21.7589 21.5531 29.2378 19.9399 25.8969 19.8395 19.5045 19.1391 34.611 30.1246 30.1332 27.9381 25.3257 32.0951 31.007 24.8681 24.5989 23.5563 21.317 21.3036
threshold=0.31479415297508245 0.095006991177797331 -0.35911780595779413 0.015602772124111654 0.16954889148473742 1.0000000180025095e-35 0.076259408146142973 1.5576324462890627 0.26048496365547186 -0.48545825481414789 -0.78242674469947804 -0.34942893683910364 0.88894200325012218 -0.2521515935659408 0.83939549326896679 0.13348411768674853 0.38585607707500463 -0.83678871393203724 0.1060876101255417 -0.15947940945625302 -0.051759731024503701 0.29147699475288397 0.14945998042821887 0.83000075817108165 9.4787398552398383e-07 -0.81488850712776173 0.55058613419532787 -0.32025037705898279 -1.0530788302421568 -0.21164184063673017
decision_type=2 2 2 2 2 2 2 2 2 2 2 2 2 2 2 2 2 2 2 2 2 2 2 2 2 2 2 2 2 2
left_child=1 -1 10 13 5 9 15 -8 17 -5 -3 12 -6 14 -2 -7 -10 18 21 -20 29 27 23 -23 -25 -19 -24 -4 -28 -21
right_child=3 2 8 4 11 6 7 -9 16 -11 -12 -13 -14 -15 -16 -17 -18 25 19 20 -22 22 26 24 -26 -27 28 -29 -30 -31
leaf_value=0.019603410401868804 0.0136995668411452 -0.023272226645677237 0.010383022497482118 -0.018172001405361314 -0.010480163304150381 0.014824975784921084 -0.033313610147483845 0.00582617477232275 0.0008900067615854742 0.0069563358664098043 -0.0012417971107298105 0.0059375631370860464 0.017424446408183414 0.0023441933999627162 -0.0071972129894370398 -0.013923559670608631 -0.023522055299010962 -0.014794376618878797 0.032136342688551714 -0.0094909491020335399 -0.0076656891312799919 -0.023890645256335188 -0.017634446378226112 0.03455095521150648 -0.0083140721460870145 -0.0012088842436859834 0.017507621265050295 -0.0041963212269155153 -0.02220116261356541 0.017905871633249727
leaf_weight=49.20344403386116 336.44150444120169 86.691968720406294 202.76185628026724 33.801974132657051 171.32723219692707 28.745186202228069 92.316681317985058 12.909980706870554 46.155658669769764 131.46107268333435 74.183106331154704 543.53680430352688 34.855241380631924 836.27495563030243 57.953790351748466 47.553564809262753 68.534463971853256 161.18947419151664 41.259366538375616 25.803701225668192 89.423924218863249 121.64063098840415 29.398891944438219 11.876916401088236 70.710529513657093 447.21838789619505 70.314816433936357 183.35517929121852 8.0452978648245317 138.8111678622663
leaf_count=312 1583 668 875 157 794 122 427 55 181 564 437 2394 140 3774 251 214 302 1535 219 185 569 926 251 69 638 2580 360 914 63 637
internal_value=0.000224317 -0.00216556 -0.00281237 0.00220786 -0.000951761 -0.00901677 -0.0180971 -0.0283542 -0.00173909 0.0012262 -0.0136514 0.0028138 -0.00529637 0.00502098 0.0105308 -0.00263099 -0.0141254 -0.000788102 0.00176874 0.0102573 0.00589714 -0.00187321 -0.00846424 -0.0145207 0 -0.00495258 0.00310826 0.00348159 0.0118214 0.0133382
internal_weight=4253.76 1926.58 1877.38 2327.18 1096.51 346.788 181.525 105.227 1716.5 165.263 160.875 749.719 206.182 1230.67 394.395 76.2988 114.69 1601.81 993.402 295.298 254.039 698.104 311.987 204.228 82.5874 608.408 107.759 386.117 78.3601 164.615
internal_count=22196 11721 11409 10475 4867 1539 818 482 10304 721 1105 3328 934 5608 1834 336 483 9821 5706 1610 1391 4096 2307 1633 707 4115 674 1789 423 822
is_linear=0
shrinkage=0.03


Tree=130
num_leaves=31
num_cat=0
split_feature=336 77 338 248 185 369 320 271 282 164 141 326 267 448 158 351 355 154 154 277 158 171 155 135 397 102 247 267 248 362
split_gain=16.46 27.3763 24.9328 22.3591 30.0917 27.0361 20.2232 20.032 27.3005 26.3555 25.9589 22.1419 23.0305 20.3138 19.5764 22.7067 20.2798 18.9126 19.346 25.85 23.3945 18.6641 18.246 24.3267 18.145 18.0213 17.7574 28.8479 23.7389 22.9148
threshold=-0.51023569703102101 4.6417402862557708e-16 -0.1436638534069061 -0.023434232920408245 -0.17960531264543531 0.2589965164661408 -0.69489029049873341 -0.099999994039535509 0.68147912621498119 0.16822481155395511 2.2789047956466679 -0.4554645419120788 -0.0087504480034112913 0.62284481525421154 -0.021004324778914448 0.59175047278404247 0.87928536534309398 -0.090845413506031022 -0.0030636934097856279 0.027834235690534118 0.058683658018708236 -0.32163377106189722 -0.77713772654533375 1.5672742128372195 0.47913043200969702 0.00038977758958935743 0.013567509129643442 -0.045620495453476899 0.24297995120286944 0.052698044106364257
decision_type=2 2 2 2 2 2 2 2 2 2 2 2 2 2 2 2 2 2 2 2 2 2 2 2 2 2 2 2 2 2
left_child=1 -1 6 4 5 -2 -3 9 10 26 -9 -11 13 21 15 -12 -17 -16 -19 -20 -21 -13 25 -24 -22 -10 27 29 -29 -5
right_child=3 2 -4 7 -6 -7 -8 8 22 11 14 12 -14 -15 17 16 -18 18 19 20 24 -23 23 -25 -26 -27 -28 28 -30 -31
leaf_value=-0.015079315946664415 -0.023665437730469491 0.0046330611885945505 -0.012721598242390933 -0.035263648119794294 0.022460189213300227 0.023967372500536092 -0.0032381978091610411 0.0027590703462633749 -0.021984031021216918 0.01464172004279329 0.010657840052885914 0.0061223241807615396 -0.011190213832131791 0.01372274888099821 -0.018798448377996466 -0.02082739272913655 0.0031932241669318123 0.0077189827399407485 -0.019939764527484638 0.010581803389662558 0.0082855324921032453 -0.022773853132491469 -0.0015827515354810123 -0.038543581053920549 -0.027260544842215604 0.018747007661241589 0.02321629941541423 0.020762748561895524 -0.0080156866347731188 0.0062905727718709972
leaf_weight=129.88319314271212 25.161106552928686 552.07306625135243 137.24760351330042 16.533173128962517 89.608179435133934 9.377071298658846 611.43085186369717 1336.8416838552803 8.7788287326693553 74.165702516213059 127.18899402022362 39.432611376047134 148.69328872859478 91.291294107213616 109.87970688939095 47.845713015645742 69.644108556210995 80.43787482380867 96.24089827015996 74.039102304726839 15.45112247020006 29.16436455398798 27.918720461428165 34.995859373360872 29.06217272952199 18.743646319955587 92.063193447887897 90.420707233250141 30.196478322148323 19.959378838539124
leaf_count=1148 165 2524 730 76 463 37 2979 6860 38 385 663 184 847 440 604 258 407 428 490 379 93 150 135 202 199 92 514 517 149 97
internal_value=0.000302371 -0.00231077 -0.000953883 0.00162806 0.0137346 -0.00862078 0.000493051 0.00103541 -0.000387548 0.00568199 0.00036643 0.000655975 -0.00292235 0.00485055 -0.00451701 0.00211624 -0.00712549 -0.00851674 -0.00430857 -0.00896156 0.00048175 -0.00699534 -0.0158944 -0.0240928 -0.015269 0.00362761 0.0131324 0.00642126 0.0134313 -0.0149399
internal_weight=4263.77 1430.63 1300.75 2833.13 124.146 34.5382 1163.5 2708.99 2077.07 631.92 1986.63 382.747 308.582 159.888 649.79 244.679 117.49 405.111 295.231 214.793 118.552 68.597 90.4371 62.9146 44.5133 27.5225 249.173 157.11 120.617 36.4926
internal_count=22253 7381 6233 14872 665 202 5503 14207 10848 3359 10381 2006 1621 774 3521 1328 665 2193 1589 1161 671 334 467 337 292 130 1353 839 666 173
is_linear=0
shrinkage=0.03


Tree=131
num_leaves=31
num_cat=0
split_feature=166 327 420 7 307 267 346 247 346 154 243 329 98 153 231 372 263 249 160 233 247 279 133 231 247 1 231 267 243 363
split_gain=17.6146 22.1297 26.8846 24.0263 22.0688 21.9758 19.8662 18.5545 30.5829 29.3234 30.5211 32.1502 25.7438 22.7246 19.9247 22.2756 27.3775 21.5437 21.2156 38.9418 41.4142 26.9913 21.1594 20.914 30.6339 44.2109 22.8863 24.4213 19.3797 19.2526
threshold=0.38507701456546789 0.36843147873878485 0.6885775923728944 0.230369508266449 -0.22224348783493039 0.31392639875411993 0.99597010016441356 0.060669966042041786 0.63384458422660839 0.07999583333730699 0.0041389416437596091 -0.55268311500549305 0.085000064224004759 0.18913473933935168 -0.98004642128944386 0.31245535612106329 0.054792748764157302 -0.18532703071832654 0.32314863801002508 0.039941532537341125 -0.070774488151073442 -0.04176774621009826 2.2650151252746586 -0.8755546212196349 0.042519906535744674 -0.048062348738312714 -0.82893487811088551 0.0060874205082654962 -0.0060440467204898587 -0.6876978576183318
decision_type=2 2 2 2 2 2 2 2 2 2 2 2 2 2 2 2 2 2 2 2 2 2 2 2 2 2 2 2 2 2
left_child=7 5 4 -4 -3 -2 -5 14 9 12 -11 -12 -9 -10 15 16 -1 -16 23 21 -21 -20 -23 24 29 -26 27 -25 -14 -19
right_child=1 2 3 6 -6 -7 -8 8 13 10 11 -13 28 -15 17 -17 -18 18 19 20 -22 22 -24 26 25 -27 -28 -29 -30 -31
leaf_value=0.015512319138461607 -0.010031177739299667 0.021395710831199701 -0.014074454260485101 -0.0058010016437205266 -0.0065856286336846703 0.014210009650203153 0.026869036463474417 0.0048102700327873043 -0.013949453064635927 0.016918867899272626 -0.038189852370363979 0.0002320042230893991 -0.013315552823792699 0.011584593132837976 -0.01399088952441256 0.0077386215286498689 -0.026125096854740067 -0.007148227284650188 -0.011450044457710543 0.016196969078578601 -0.024933941480162081 0.0092799781250528963 -0.024715338070412703 -0.030034183298706496 0.025363547078955676 -0.034572191630472732 0.0017829012765420628 0.006810638250689856 0.020503912358643524 0.020198592730729395
leaf_weight=12.034950487315653 418.35622403211892 79.621040584519506 97.120419064536691 31.528512246906757 31.306375123560429 30.137013552710414 23.798877615481615 298.0048282109201 106.83238571882248 28.530991420149803 27.801579713821411 43.454355448484421 11.347620099782942 36.869630269706249 83.548235077410936 33.098417166620493 74.06064785271883 23.02184446901083 100.88481367006898 21.477690629661083 114.90642734989524 206.93816773593426 11.030899837613104 35.083596058189869 11.475474394857882 22.028011232614517 1835.8701494671404 22.132357455790043 212.09564886242151 146.84143219143152
leaf_count=62 4253 470 1120 199 274 197 106 1216 477 114 128 190 53 145 379 143 333 95 438 83 509 902 48 153 39 100 8216 99 951 668
internal_value=0.000104951 -0.00417248 0.00265794 -0.00540243 0.0134875 -0.00818587 0.00952281 0.000979697 0.00509078 0.00797384 -0.00651032 -0.0166998 0.010815 -0.00709471 -0.000168205 -0.0118162 -0.0194632 0.000384578 0.000896356 -0.00491941 -0.0179089 0.000869764 0.00679739 0.00217639 0.0111582 -0.0129485 0.00116843 -0.0164295 0.0183885 0.0162966
internal_weight=4231.24 711.868 263.375 152.448 110.927 448.493 55.3274 3519.37 764.937 621.235 99.7869 71.2559 521.448 143.702 2754.43 119.194 86.0956 2635.24 2551.69 455.238 136.384 318.854 217.969 2096.45 203.367 33.5035 1893.09 57.216 223.443 169.863
internal_count=22160 6619 2169 1425 744 4450 305 15541 3274 2652 432 318 2220 622 12267 538 395 11729 11350 1980 592 1388 950 9370 902 139 8468 252 1004 763
is_linear=0
shrinkage=0.03


Tree=132
num_leaves=31
num_cat=0
split_feature=166 264 279 266 108 262 123 21 133 373 264 160 247 153 280 189 281 161 230 350 187 237 294 346 279 139 153 279 163 119
split_gain=17.8969 28.8391 24.0149 25.0471 22.1627 28.7586 16.9536 15.0068 13.1177 12.714 16.4372 30.196 45.1537 31.5869 22.1691 26.4617 26.6421 27.0378 25.9568 24.4628 31.1598 40.339 22.3672 22.3271 31.9276 40.981 22.0785 21.9054 29.0288 29.9516
threshold=0.57047134637832653 -0.026691727340221402 0.070199847221374526 0.092541687190532698 0.13198702782392505 0.36682641506195074 0.12174820154905321 1.4277270436286928 1.2479332685470583 1.595197379589081 -0.028225682675838467 0.32314863801002508 -0.037093056365847581 -0.1384521275758743 0.10816175863146783 -0.19245009869337079 -0.41439159214496607 0.00068374007241800438 0.76553615927696239 -0.061446389183402055 -0.2521515935659408 0.70000007748603832 -0.34555394947528834 -0.73413258790969838 -0.046233408153057091 2.7169668674468999 -0.21839043498039243 -0.0024638399481773372 0.14441566169261935 0.23498019576072696
decision_type=2 2 2 2 2 2 2 2 2 2 2 2 2 2 2 2 2 2 2 2 2 2 2 2 2 2 2 2 2 2
left_child=7 -2 4 6 -3 -6 -4 9 -8 10 11 27 -13 -14 15 -12 -17 18 19 20 -18 -22 -21 -16 25 -25 -23 28 29 -1
right_child=1 2 3 -5 5 -7 8 -9 -10 -11 14 12 13 -15 23 16 17 -19 -20 22 21 26 -24 24 -26 -27 -28 -29 -30 -31
leaf_value=-0.0011741505244917893 -0.020816070250037171 -0.020077441178855515 -0.010845230817854072 -0.0092792403375948126 0.034406856537749511 -0.019079193507898266 0.041724302468137006 0.019638450673703619 0 -0.0085760696171504596 -0.0043535737952959458 0.0083649560065299517 0.01113517875046635 -0.02091029113036412 0.0066036645131826869 -0.026945773700637578 0.0087532573866358401 0.011384408560354208 0.0093669559602659637 0.01537169667509696 0.01050948369734785 0.0049007159289703745 -0.0031751843150617074 -0.00095581496295581896 0.0004724842901440723 -0.024079958373568095 -0.030941811950699023 0.0013980999630379902 -0.000673059520958398 0.016673717170810041
leaf_weight=106.05533002316952 84.291950745508075 53.143039418384433 5.5766064301133147 22.985174776986241 13.137889940291645 10.11313336342573 26.752410244196653 31.099012576043606 7.9411540292203417 121.44195996038616 511.82217168435454 117.94473142176867 28.869941003620625 141.7090815231204 105.01236378401518 17.575958088040352 48.447079919278622 346.36677176505327 218.65118308737874 80.70569284260273 30.86727674305439 15.544983744621275 168.8761809207499 117.8164528273046 214.44519001245499 164.92332926392555 96.634599640965462 755.37780101411045 202.07165940478444 376.70827452093363
leaf_count=432 1270 909 85 259 92 138 155 191 64 685 2612 535 144 710 498 78 253 1599 992 376 151 62 824 525 1048 822 450 3488 1034 1733
internal_value=0.000419332 -0.00769868 0.000763025 0.0137148 -0.0100863 0.0117641 0.0264919 0.000886884 0.0335585 0.000703868 0.00101303 0.00318325 -0.00556292 -0.0152024 -0.000741786 0.00116888 0.00395104 0.00468361 0.00106725 -0.00310573 -0.0109895 -0.0178424 0.00303703 -0.00558831 -0.00824019 -0.0147364 -0.0258908 0.0049611 0.00882202 0.0127706
internal_weight=4242.91 223.941 139.649 63.2553 76.3941 23.251 40.2702 4018.97 34.6936 3987.87 3866.43 1728.74 288.524 170.579 2137.69 1535.49 1023.67 1006.09 659.727 441.076 191.494 143.047 249.582 602.197 497.185 282.74 112.18 1440.21 684.835 482.764
internal_count=22214 2972 1702 563 1139 230 304 19242 219 19051 18366 8076 1389 854 10290 7397 4785 4707 3108 2116 916 663 1200 2893 2395 1347 512 6687 3199 2165
is_linear=0
shrinkage=0.03


Tree=133
num_leaves=31
num_cat=0
split_feature=166 282 20 190 113 268 149 3 104 131 264 32 330 279 264 135 309 231 265 247 22 125 419 138 350 365 463 249 249 343
split_gain=15.5507 13.2069 12.9565 12.4079 18.851 25.7552 23.1878 30.376 19.6574 18.8516 17.7445 17.7634 17.5191 17.669 17.0598 16.1659 16.113 16.879 18.5485 18.0625 16.4082 15.0457 14.9623 14.6623 16.7165 14.4211 14.2934 18.2359 18.2304 15.7629
threshold=0.74877929687500011 -0.42375409603118891 1.1288465857505801 -0.22235268354415891 0.72146531939506542 -0.30058245360851282 -1.6699477434158323 0.1981463357806206 1.0359766483306887 2.4121221303939824 -0.26921299099922175 0.52612900733947765 0.88873538374900829 0.11416904628276826 0.23919753730297091 2.3438287973403935 1.000000059604645 0.77280065417289745 -0.09750781953334807 0.040535733103752143 0.45134170353412634 1.1095107793807986 0.28801843523979193 1.7294675111770632 -0.52739456295967091 0.26033180952072149 0.48212005198001867 -0.052551722154021256 0.11352774128317834 -0.38985855877399439
decision_type=2 2 2 2 2 2 2 2 2 2 2 2 2 2 2 2 2 2 2 2 2 2 2 2 2 2 2 2 2 2
left_child=2 -2 3 4 8 6 -6 -8 12 10 25 14 13 16 22 -15 17 18 -1 -19 23 -21 -12 24 -20 -7 27 29 -29 -25
right_child=1 -3 -4 -5 5 9 7 -9 -10 -11 11 -13 -14 15 -16 -17 -18 19 20 21 -22 -23 -24 26 -26 -27 -28 28 -30 -31
leaf_value=0.0047028665070528893 0.010906424023732044 -0.021549201399620039 0.016090063432068816 0.0015343605813396811 -0.028929937726698645 0.01577724581976038 0.021604475614671097 -0.017099028541272078 0.011880050290731033 -0.00073629432080478396 -0.003852032540749123 -0.013164819523919818 -0.02112165225491185 -0.015821157825068856 -0.004009239638785511 0.0030385992116195317 0.024674843864737936 -0.0029572958296581516 -0.013027787454790784 0.021724374715242932 -0.023742545024601734 -0.010444365796339072 0.029167059228067265 0.010280958786252499 0.014664993890368601 -0.019925570262372613 -0.018160370550606767 0.021319843023734169 -0.0098460322263147215 -0.028437686565778848
leaf_weight=108.25157544761896 9.4171430952846986 42.624531487002969 41.075370021164417 2831.0230879653245 29.53849434107542 10.42399909719825 27.612143017351627 31.562412232160568 56.195326745510101 131.86405362188816 11.623321402817963 9.7450589239597303 53.683733224868774 166.09457542002201 17.784445524215698 49.780418757349253 13.411333765834568 98.157716216519475 23.521959643810987 60.72295255959034 52.714128509163857 11.273008834570645 100.02012941613793 9.015890143811701 48.634584194049239 17.967036545276642 91.924051163718104 33.039995733648539 23.172450307756662 23.111899562180042
leaf_count=558 130 908 224 13708 178 55 128 248 304 682 84 59 360 913 119 260 68 540 188 281 253 67 479 50 249 99 531 170 153 156
internal_value=0.000381699 -0.0149016 0.000598929 0.000415883 -0.00198704 0.00350237 -0.0101204 0.00117715 -0.00431646 0.00771172 0.014183 0.0184604 -0.00546565 -0.00424731 0.0214718 -0.0114662 -0.00151674 -0.00242182 -0.00568308 0.00535358 -0.00942414 0.0160754 0.0256165 -0.00583352 0.00515115 -0.00599247 -0.0103147 -0.00130676 0.00863861 -0.0174084
internal_weight=4234.99 52.0417 4182.95 4141.87 1310.85 388.141 88.713 59.1746 922.706 299.428 167.564 139.173 866.51 812.827 129.428 215.875 596.952 583.54 413.387 170.154 305.135 71.996 111.643 252.421 72.1565 28.391 180.264 88.3402 56.2124 32.1278
internal_count=22202 1038 21164 20940 7232 2131 554 376 5101 1577 895 741 4797 4437 682 1173 3264 3196 2308 888 1750 348 563 1497 437 154 1060 529 323 206
is_linear=0
shrinkage=0.03


Tree=134
num_leaves=31
num_cat=0
split_feature=372 346 145 265 350 107 127 229 234 328 132 346 126 140 350 243 2 252 159 252 108 160 267 352 248 325 251 2 159 159
split_gain=15.8273 15.6002 18.7933 13.7932 21.8829 14.05 20.7941 13.29 18.1076 19.8849 20.9724 19.4163 18.1952 16.5739 29.1432 23.1661 20.5325 37.454 27.7849 26.491 20.1749 21.621 35.3479 23.2647 19.6333 27.0868 19.3074 18.7635 25.1012 24.0944
threshold=1.683643698692322 1.2741766571998598 -0.19567862898111341 -0.02077243477106094 0.96133366227149974 0.82821112871170055 0.8060082495212556 0.0098184649832546728 0.53367483615875255 -0.70943820476531971 2.5168451070785527 0.29722329974174505 0.48084098100662237 0.49499134719371801 -0.26629991829395289 0.010514206718653442 0.054917663335800178 0.32505388557910925 -0.030588675290346142 0.51393681764602672 1.2341005003690954e-05 -0.8302127718925475 -0.010981107130646704 -0.274774819612503 -0.028786046430468556 -0.30110573768615717 0.73431032896041881 -0.16555944085121152 0.0069839647039771089 0.099620964378118529
decision_type=2 2 2 2 2 2 2 2 2 2 2 2 2 2 2 2 2 2 2 2 2 2 2 2 2 2 2 2 2 2
left_child=1 7 3 4 -3 -5 -7 8 11 12 -11 -1 -10 14 26 16 17 -16 -18 -20 21 22 -15 -24 25 -22 -9 28 -26 -30
right_child=-2 2 -4 5 -6 6 -8 13 9 10 -12 -13 -14 20 15 -17 18 -19 19 -21 24 -23 23 -25 27 -27 -28 -29 29 -31
leaf_value=-0.02098725012571391 -0.0096358491597000502 -0.020061018141037966 0.020576923621985873 -0.018098082734418691 0.0093510311758203107 0.011151305110532368 -0.016918189114554928 -0.028503889445567275 -0.01379758254132111 0.013024541721494478 -0.00312240451079609 0.010972523701438896 0.017663733169890696 0.016535720343717905 -0.020704338579583089 0.018606186316938857 -0.026024304772091056 0.0092920494752902118 0.017745853994358622 -0.010616255145087492 -0.0065322609305721695 0.015919705459832297 -0.031515936448157311 0.010871267310202907 -0.017357855305875452 0.023022435900438027 0.0092405138460627863 0.00085897451288615139 0.0041950771955700204 -0.01806625407948266
leaf_weight=38.784796878695488 139.76069070957601 24.318204801529646 15.857030674815176 124.66830856353045 76.136932816356421 44.136399485170841 37.291230536997318 57.456225343048573 61.118156127631664 333.34853966347873 87.699292384088039 21.3100312538445 15.105943489819763 38.703498091548681 41.254487775266171 38.312388200312853 63.534784339368343 160.35552464798093 34.884170740842819 94.221942707896233 39.462366551160812 151.41182067804039 31.922889314591885 12.053438887000082 119.28442566283047 68.68986114487052 11.008871752768753 1993.4804750680923 189.28522904217243 49.271767280995846
leaf_count=278 1003 138 59 740 429 199 281 762 331 1699 498 101 72 163 224 194 320 708 151 451 202 722 182 57 923 350 62 9523 1012 314
internal_value=4.0835e-05 0.000391299 -0.00586526 -0.00769537 0.00129022 -0.0120229 -0.00190653 0.000941643 0.00518641 0.00709399 0.00964073 -0.00953523 -0.0064752 0.000188051 -0.00477965 -0.00172298 -0.00401481 0.00261492 -0.0108542 -0.00235719 0.00112597 0.00940951 -0.00270759 -0.0197946 0.000308824 0.0124058 -0.0220015 -0.000278314 -0.00653768 -0.000743975
internal_weight=4214.13 4074.37 322.408 306.551 100.455 206.096 81.4276 3751.96 557.367 497.272 421.048 60.0948 76.2241 3194.59 501.028 432.563 394.251 201.61 192.641 129.106 2693.57 234.092 82.6798 43.9763 2459.47 108.152 68.4651 2351.32 357.841 238.557
internal_count=22148 21145 1846 1787 567 1220 480 19299 2979 2600 2197 379 403 16320 2872 2048 1854 932 922 602 13448 1124 402 239 12324 552 824 11772 2249 1326
is_linear=0
shrinkage=0.03


Tree=135
num_leaves=31
num_cat=0
split_feature=362 156 145 166 266 244 165 245 352 282 285 129 157 82 372 154 350 244 329 133 229 229 244 247 353 146 293 349 352 265
split_gain=17.8222 14.9388 14.0117 13.8976 13.5009 13.0589 11.6917 15.5453 20.5556 20.6273 21.4969 15.6689 22.8635 14.7062 13.0061 19.8478 17.7495 14.8772 22.1098 14.5689 14.302 17.3606 17.3909 15.8377 15.9077 15.2703 16.1239 13.9681 13.3388 14.1494
threshold=-1.4903301000595091 -0.29235461354255671 -0.71854680776596058 0.070701174437999739 -0.081383623182773576 -0.001986063900403678 0.023505987599492077 0.18591320514678958 -0.67482319474220265 0.52406281232833873 -0.38219662010669703 1.237147390842438 0.019330591894686226 0.51230147480964672 -0.7728491723537444 -0.049582151696085923 1.0209139585494997 0.0018553364207036795 -0.57053837180137623 1.0190158486366274 0.18984352052211764 0.011019472498446705 4.8021320253610621e-10 -0.093679260462522493 -0.74995231628417958 -0.71853360533714283 -0.26208898425102228 -0.012202946469187735 0.85767772793769848 -0.053970227017998688
decision_type=2 2 2 2 2 2 2 2 2 2 2 2 2 2 2 2 2 2 2 2 2 2 2 2 2 2 2 2 2 2
left_child=2 -2 4 -3 -1 -6 14 8 -8 10 -10 -9 -13 -14 15 19 17 18 -17 -5 21 -16 28 -24 -25 26 -22 -28 29 -23
right_child=1 3 -4 6 5 -7 7 11 9 -11 -12 12 13 -15 20 16 -18 -19 -20 -21 25 22 23 24 -26 -27 27 -29 -30 -31
leaf_value=0.017704786292377737 -0.021277099515583202 0.015218591517580097 -0.017123454960221399 -0.018521129907199591 0.0056132272327418173 -0.015934077831030336 -0.022511895227754639 0.0033188357130897205 0.014508274601262373 -0.023481250092409665 -0.0037449791514810675 -0.015968850170895759 0.029696133660920051 -0.0091002770613244754 0.0029821962721947536 -0.020319030786558265 -0.011026188363626194 0.023113723394181353 0.014216614885757315 0.0055406261630115364 0.010643886226912863 0.009459721742608054 0.0070759568513490611 0.0040053698098050693 -0.021402236527749089 -0.0080530279504156983 -0.012997187003729727 0.0093049596195627932 -0.020112132156638471 -0.00664415633905406
leaf_weight=20.286012917757034 19.821735456585884 55.561487838625908 81.026650937274098 40.507448844611645 40.972284652292728 47.851345529779792 39.837870087474585 2372.4181682970375 75.683240348473191 25.793813990429044 187.53192308917642 78.216311119496822 13.60969899594784 10.315372020006178 134.42127712816 17.902732893824577 23.330056883394718 74.407852500677109 43.531068719923496 37.576976515352726 168.02381730824709 77.607155568897724 20.975790455937386 22.497396618127823 159.6602264046669 102.4697357788682 58.154092043638229 34.528091169893742 27.755831934511662 109.98043955117464
leaf_count=101 244 352 937 202 193 279 419 12216 371 134 1021 466 67 82 612 90 108 337 212 179 757 355 90 97 764 444 275 156 131 508
internal_value=0.000593801 0.00102505 -0.00820982 0.0011747 -0.000866709 -0.00620125 0.000948318 0.00199461 -0.00406101 -0.00100999 0.00170447 0.00281277 -0.00830439 0.0143558 -0.00158256 0.00456974 0.0105258 0.0146597 0.00295002 -0.00731517 -0.0032099 -0.00622246 -0.00920423 -0.0153702 -0.0181767 0.00137899 0.00523907 -0.00451337 -0.00303985 6.48747e-05
internal_weight=4222.26 4032.12 190.136 4012.3 109.11 88.8236 3956.74 2803.41 328.847 289.009 263.215 2474.56 102.141 23.9251 1153.33 237.256 159.172 135.842 61.4338 78.0844 916.074 552.898 418.477 203.133 182.158 363.176 260.706 92.6822 215.343 187.588
internal_count=22199 20689 1510 20445 573 472 20093 14776 1945 1526 1392 12831 615 149 5317 1128 747 639 302 381 4189 2557 1945 951 861 1632 1188 431 994 863
is_linear=0
shrinkage=0.03


Tree=136
num_leaves=31
num_cat=0
split_feature=21 335 156 159 286 365 271 358 174 157 282 282 155 138 166 86 285 139 294 248 355 245 264 237 280 280 254 7 162 250
split_gain=16.6772 15.6121 15.1545 14.0707 13.6883 23.2604 19.1668 17.0337 27.4847 23.3403 20.6447 27.6993 23.9345 26.4658 22.7836 21.3367 21.1258 19.4536 22.582 18.5728 17.6445 17.5663 17.262 16.4785 22.6102 15.8851 15.2145 41.7176 26.6339 27.611
threshold=1.4277270436286928 -1.3664330244064329 -0.29235461354255671 0.0052788788452744493 -0.2034710422158241 1.0482939481735232 -0.17499998211860654 -0.095147512853145585 -0.25242881476879114 -0.19729282706975934 0.038197264075279243 0.04787945747375489 0.40314874053001409 3.3487448692321782 0.23392812162637713 0.00035202056460548198 -0.26911173760890955 2.2391723394393925 -0.32025037705898279 0.21177754551172259 -0.2108015567064285 0.31078825891017919 -0.3221841156482696 0.77500006556510936 -0.11684332415461539 -0.26610776782035822 0.84999999403953563 0.24027962982654574 -0.2382073178887367 -0.00042607914656400675
decision_type=2 2 2 2 2 2 2 2 2 2 2 2 2 2 2 2 2 2 2 2 2 2 2 2 2 2 2 2 2 2
left_child=1 3 -3 -1 5 26 -7 8 17 -10 14 -12 16 23 -9 21 22 -6 -19 -18 -11 -16 -13 -14 -25 -17 -4 -28 29 -29
right_child=-2 2 4 -5 7 6 -8 10 9 20 11 12 13 -15 15 25 19 18 -20 -21 -22 -23 -24 24 -26 -27 27 28 -30 -31
leaf_value=-0.016123507275086765 0.01996286259407171 -0.021696218770076579 0.0011516169195438244 0.00068889186228686676 -0.028303612072413921 0.017473131597141069 -0.011720162489688138 0.0078138015357981164 -0.013700151364613822 0.014813544182980526 -0.029964890069034012 0.0064671333171503415 0.028183333043946022 -0.01853197417074904 -0.024497229771654905 0.019788728822253611 -0.0063584946059156407 -0.021593529593186677 0.00094458295051934175 0.0070883089224423003 -0.0079091997559883071 0 -0.024169733068543586 -0.01970192258415512 0.017519857782306775 -0.0011557483942374938 0.00071048748354934498 -0.029134586092373838 0.020144012701966061 0.018560615593204322
leaf_weight=94.448878023773432 30.643169820308685 21.000452894717455 1383.8626119773835 77.185512332245708 56.590509124100208 16.551971945911646 156.58296616747975 438.66083642095327 56.379649177193642 95.83754569105804 27.651228584349155 17.222048979252577 44.888162739574909 17.793600384145975 52.686937291175127 33.067479632794857 285.69666818156838 58.382365420460701 99.546759661287069 127.96676918119192 38.010669080540538 46.02479987218976 69.856668502092361 17.317744333297014 30.075920477509499 167.36748891323805 400.24775425344706 16.844616703689102 210.62746080383658 13.524956988170741
leaf_count=547 194 295 6931 412 672 78 858 1908 349 486 142 79 213 107 338 149 1438 350 535 641 191 232 391 92 128 1011 2107 99 1097 68
internal_value=8.27344e-05 -9.397e-05 0.000290479 -0.00877332 0.000447042 0.00202995 -0.0083004 -0.0015011 -0.00685482 0.00140994 9.24969e-05 -0.0038272 -0.00230087 0.00993262 0.00350263 -0.00281897 -0.00511063 -0.0140441 -0.00788638 -0.00212503 0.00821374 -0.013758 -0.0179685 0.0164465 0.00294076 0.0028002 0.00294385 0.00674126 0.0164121 -0.00811482
internal_weight=4202.54 4171.9 4000.27 171.634 3979.27 2198.24 173.135 1781.02 404.747 190.228 1376.28 638.469 610.818 110.075 737.808 299.147 500.742 214.52 157.929 413.663 133.848 98.7117 87.0787 92.2818 47.3937 200.435 2025.11 641.245 240.997 30.3696
internal_count=22138 21944 20985 959 20690 11238 936 9452 2583 1026 6869 3231 3089 540 3638 1730 2549 1557 885 2079 677 570 470 433 220 1160 10302 3371 1264 167
is_linear=0
shrinkage=0.03


Tree=137
num_leaves=31
num_cat=0
split_feature=365 166 182 332 157 217 165 136 367 248 106 160 346 347 122 250 441 250 268 346 253 183 127 359 171 136 365 262 245 161
split_gain=18.3496 12.3352 12.8922 20.6364 16.2197 24.7438 12.5627 14.4796 17.5713 14.0437 23.5074 13.1983 12.7805 14.2401 12.6778 14.8504 18.1911 20.5883 18.411 17.5832 21.2904 18.2978 18.0732 17.471 23.2984 21.1244 29.0385 20.1821 23.7015 21.9941
threshold=-1.907488942146301 0.080374073237180724 -0.44372989237308497 -0.51459062099456776 -0.41688750684261316 0.3114724606275559 0.025016209110617641 1.8868966698646548 -0.23396952450275418 -0.023434232920408245 0.011151187121868135 0.28340454399585729 -1.1680027246475218 -0.71446797251701344 1.9011170864105227 0.017756764777004722 0.32795698940753942 0.030654676258563999 -0.12485557049512862 -0.53156006336212147 0.15150829404592517 -0.43018302321434015 0.15566457062959674 -0.56914228200912464 -0.32163377106189722 0.37655669450759893 0.59350389242172252 0.33458556234836584 0.33219489455223089 -0.014421941246837376
decision_type=2 2 2 2 2 2 2 2 2 2 2 2 2 2 2 2 2 2 2 2 2 2 2 2 2 2 2 2 2 2
left_child=-1 -2 3 -3 5 -5 12 9 -9 10 -8 -12 -4 -14 15 19 18 -18 -17 20 21 -11 -21 -24 25 -25 -27 -26 -29 -30
right_child=1 2 6 4 -6 -7 7 8 -10 14 11 -13 13 -15 -16 16 17 -19 -20 22 -22 -23 23 24 27 26 -28 28 29 -31
leaf_value=-0.012958459007707993 0.011485834006424398 -0.023117087300141077 0.01052394981218965 -0.014024116751684216 -0.0050061673433151512 0.02947929849504638 -0.009806641202747917 -0.015441545477766411 0.0041905210936633444 0.01855982388733288 0.027050185788455555 -0.0028490926006868441 -0.011599899718801644 -0.0014628416617814069 0.015425148484941205 -0.0031736278935335124 -0.011568165999653155 0.0037492889801700869 -0.020860266613219144 0.0061219436065079649 -0.013397008069487978 0.0048829341243173084 -0.014960861369560916 -0.01854843774166751 -0.017018063128289039 0.019945057220477659 -0.0022599541427845687 0.010299380852253291 0.015633165379281607 -0.01679497483079136
leaf_weight=89.673081504181027 79.31360187381506 43.862421384081244 61.334417589008808 13.040624771267174 278.41297663003206 24.783596161752939 24.94719223305583 86.610707607120275 67.581868536770344 148.80002149939537 58.227145120501518 14.34904622659087 138.27442166209221 933.91287713870406 53.23299665749073 209.14117312803864 86.496827319264412 498.73147888481617 66.492535848170519 385.33299179375172 30.189574666321278 225.70499756187201 75.849645957350731 19.423640508204699 88.949251279234886 110.87734076008201 92.574185200035572 93.057087600231171 17.781724143773317 79.705837737768888
leaf_count=861 508 561 256 137 1475 146 136 523 372 673 278 82 660 4296 288 1157 469 2583 360 1821 255 1247 395 95 440 562 465 426 125 482
internal_value=-3.70513e-05 0.000264095 2.09681e-05 -0.005337 -0.00239118 0.0143986 0.00055906 0.00173441 -0.00696345 0.00232112 0.0131003 0.0212762 -0.00205382 -0.00284666 0.00181729 0.00144036 -0.00163042 0.00135766 -0.00788839 0.00337851 0.00857353 0.0105855 0.00113967 -0.00219616 -6.91639e-05 0.0070252 0.0100524 -0.00579646 -8.74715e-05 -0.0101285
internal_weight=4196.67 4106.99 4027.68 360.1 316.237 37.8242 3667.58 2534.06 154.193 2379.86 97.5234 72.5762 1133.52 1072.19 2282.34 2229.11 860.862 585.228 275.634 1368.25 404.695 374.505 963.552 578.219 502.369 222.875 203.452 279.494 190.545 97.4876
internal_count=22134 21273 20765 2319 1758 283 18446 13234 895 12339 496 360 5212 4956 11843 11555 4569 3052 1517 6986 2175 1920 4811 2990 2595 1122 1027 1473 1033 607
is_linear=0
shrinkage=0.03


Tree=138
num_leaves=31
num_cat=0
split_feature=6 201 263 6 358 263 1 271 460 267 246 248 245 243 230 149 2 153 356 296 310 73 231 333 3 248 263 437 248 244
split_gain=16.9203 16.3098 20.3242 22.0455 21.2803 19.2451 27.5554 27.3145 34.255 26.005 24.5807 24.1324 23.8979 45.6342 22.483 21.6499 21.343 20.6625 19.2819 19.1931 19.0957 18.3783 18.3241 17.6358 17.3675 17.2729 16.6531 16.6163 30.8399 31.5311
threshold=0.035159304738044746 0.5577777922153474 0.10112635046243669 0.072744261473417296 -0.76502615213394154 0.16853423416614535 -0.19352876394987104 -1.0000000180025095e-35 0.56904762983322155 -0.05185341835021972 0.28359709680080419 0.25398528575897222 0.29007633030414587 -0.0031594606116414066 0.9958600401878358 -1.0178605914115904 0.20223154127597812 -0.38713382184505457 -0.95914059877395619 -0.24151812493801114 -0.45738390088081354 9.6179200382028847e-27 -0.99839448928832997 -1.0549089908599851 0.24586439132690432 0.23195311427116397 0.14675459265708926 0.44222222268581396 0.055555544793605811 0.0037971215788275008
decision_type=2 2 2 2 2 2 2 2 2 2 2 2 2 2 2 2 2 2 2 2 2 2 2 2 2 2 2 2 2 2
left_child=-1 2 3 4 -2 7 9 12 -9 -7 17 -11 13 -3 16 -12 21 -8 -19 20 -17 -14 -20 -5 -24 -25 -10 28 -4 -30
right_child=1 5 27 23 -6 6 10 8 26 11 15 -13 14 -15 -16 19 -18 18 22 -21 -22 -23 24 25 -26 -27 -28 -29 29 -31
leaf_value=-0.024432104759783899 0.0086203860389890748 -0.032020112985078085 0.011067764375878668 -0.00834322103465855 -0.016472873198986243 0.0094316762321713793 -0.011771802690395331 -0.013416025137992624 0.0057588661393481394 -0.021747388909287516 0.0070196062888013373 0.012810957289514197 -0.0059363372337925425 0.0092526100652027959 -0.023178792313046676 0.01309057887703634 -0.013741100845159454 -0.0085358853752268843 -0.017203437049614002 0.0005771689535529666 -0.023113881158976397 0.019892679166651918 0.010590774621131902 0.014630719519475062 0.024405311484443769 -0.00039782596001722189 -0.017636013486139534 -0.005965690978996312 -0.0087170371744571349 0.0048717326278355372
leaf_weight=17.883033571764827 42.867239978164434 32.727555029094219 171.54755989089608 48.411337103694677 73.05174307897687 51.189158968627453 31.308813445270061 249.66286782734096 194.91594190895557 86.292291268706322 254.60337802395225 17.247336089611053 25.114942409098148 55.097225278615952 9.9817366376519185 10.85012076795101 18.230654336512089 36.35783614218235 12.066540475934742 159.40146348997951 65.003865376114845 161.7940665781498 458.40871495753527 219.84742211923003 104.43916380777955 96.362983183935285 24.662721760571003 846.32198812067509 361.60983910039067 256.58965912275016
leaf_count=395 293 149 892 288 533 230 151 1221 881 442 1239 78 123 299 49 43 105 159 60 664 281 714 2235 1189 409 545 107 4754 2194 1428
internal_value=0.000227457 0.000376278 -0.00146773 0.00390881 -0.00714542 0.00227518 0.00451451 -0.00145113 -0.00596125 -0.00710084 0.00614464 -0.015449 0.00547769 -0.00724515 0.0107838 0.00103103 0.0131961 0.00997362 0.0112251 -0.00542229 -0.01714 0.0162789 0.0125804 0.00751977 0.0134409 0.010109 0.00262118 -0.00306322 5.9084e-05 -0.0030687
internal_weight=4193.85 4175.97 2116.61 480.541 115.919 2059.36 1287.17 772.188 469.242 154.729 1132.44 103.54 302.946 87.8248 215.121 489.859 205.14 642.581 611.272 235.255 75.854 186.909 574.914 364.622 562.848 316.21 219.579 1636.07 789.747 618.199
internal_count=22150 21755 12116 2848 826 9639 5991 3648 2209 750 5241 520 1439 448 991 2227 942 3014 2863 988 324 837 2704 2022 2644 1734 988 9268 4514 3622
is_linear=0
shrinkage=0.03


Tree=139
num_leaves=31
num_cat=0
split_feature=358 286 290 263 263 10 187 154 147 154 331 251 251 174 280 328 160 252 346 153 127 263 353 136 10 247 128 266 154 303
split_gain=16.9595 29.3797 24.739 21.1684 23.0565 22.3698 22.4605 21.3486 28.1811 24.5286 20.7393 22.1051 21.1937 20.5405 18.9642 18.201 17.9401 17.4129 17.3468 24.9526 19.9129 19.6581 20.88 20.6446 20.0191 19.7476 29.0172 22.2798 21.4207 19.1186
threshold=-0.43857239186763758 -0.27089761197566981 -0.31265152990818018 0.45395569503307348 0.35455855727195745 0.40253517031669622 -0.31372532248497004 -0.073969133198261247 -0.30807425081729883 -0.13775816559791562 -0.3754326850175857 0.7160436511039735 0.42089310288429266 -0.26971338689327234 -0.44213201105594629 -0.67740258574485768 -0.2129065319895744 0.083861492574214949 -0.030887432396411892 0.28659090399742132 1.5607049465179446 0.081314958631992354 -0.1535905450582504 1.7751963138580324 0.67684933543205272 -0.078652549535036073 1.4614915251731875 -0.1681941673159599 0.18709786236286166 -0.3341753482818603
decision_type=2 2 2 2 2 2 2 2 2 2 2 2 2 2 2 2 2 2 2 2 2 2 2 2 2 2 2 2 2 2
left_child=1 3 -3 4 5 7 17 9 -9 -1 16 12 -12 -8 -2 -6 -4 -7 19 20 29 22 -20 24 -24 26 -23 -28 -29 -16
right_child=14 2 10 -5 15 6 13 8 -10 -11 11 -13 -14 -15 18 -17 -18 -19 21 -21 -22 25 23 -25 -26 -27 27 28 -30 -31
leaf_value=0.012151158047424344 -0.015485898677531926 -0.017346220712229046 0.015266179417843423 0.015737279845277723 0.0015261120002666823 0.017293879466782524 -0.027804309273463224 0.019398902231791186 -0.010847837537120679 -0.022777665040751023 -0.0019838721777366737 0.013443989420498721 -0.029401117222344661 -0.0038100563069090087 0.010843337891384806 -0.034412869143147271 -0.0068263941622637219 -0.010719352717773686 -0.021845751967341412 -0.0094100114934149784 -0.01865210115496789 -0.0025577760309184214 0.012511525942595041 -0.018944901942295582 -0.0051515731192094604 -0.0028780714051373272 -0.015908524855984787 0.02581480901852513 -0.0094279979276207359 0.0022863071174084424
leaf_weight=27.460387919098139 52.761736236512661 180.34932441450655 69.456624742597342 71.719722392037511 19.491274876520038 47.577676173299551 44.456408711150289 128.53192356601357 29.502490807324648 31.703242473304272 48.91527640260756 20.858794629573822 50.523523848503828 96.175914214923978 498.55625956505537 24.229336734861135 52.019167555496097 25.155617777258158 16.256986949592829 96.239808121696115 21.658838279545307 160.90149692445993 296.00552813149989 18.352909047156572 66.281885586678982 1419.9283451288939 11.538304030895231 93.893044855445623 14.158314678817986 454.79975188337266
leaf_count=129 262 1476 381 339 103 223 271 615 212 149 247 123 332 560 2422 136 326 166 90 572 94 805 1494 138 359 7081 80 426 68 2458
internal_value=0.000199557 -0.00326506 -0.0091434 0.00131878 -0.0010369 0.00117518 -0.00560497 0.00784958 0.0134681 -0.00683662 -0.00266644 -0.0112151 -0.0170303 -0.0124249 0.00124888 -0.0201843 0.00586735 0.00738302 0.00156436 0.00465678 0.00611313 -2.04101e-05 0.00592643 0.00751273 0.00921517 -0.00143323 0.00573646 0.0165032 0.0208129 0.00681855
internal_weight=4189.46 968.127 422.123 546.004 474.284 430.564 213.366 217.198 158.034 59.1636 241.773 120.298 99.4388 140.632 3221.33 43.7206 121.476 72.7333 3168.57 1071.25 975.015 2097.32 396.897 380.64 362.287 1700.42 280.491 119.59 108.051 953.356
internal_count=22137 5788 2885 2903 2564 2325 1220 1105 827 278 1409 702 579 831 16349 239 707 389 16087 5546 4974 10541 2081 1991 1853 8460 1379 574 494 4880
is_linear=0
shrinkage=0.03


Tree=140
num_leaves=31
num_cat=0
split_feature=6 82 279 266 228 269 105 172 127 6 268 460 304 148 376 7 254 244 152 252 244 159 229 10 103 129 281 63 156 264
split_gain=19.1188 21.1456 20.7159 20.8802 23.652 23.4782 20.0386 19.4586 18.5761 17.5934 23.8163 16.0116 15.4897 21.1884 22.6085 17.6586 21.9458 22.2614 30.2183 31.0382 27.9373 26.0936 25.1487 24.7525 19.3953 25.366 19.7672 29.7788 28.7661 29.9919
threshold=0.071922417730093016 2.4872074391169011e-05 0.1642454415559769 -0.12345515936613081 0.48623421788215643 -1.0000000180025095e-35 0.00016743606101954359 -0.31440460681915278 0.16886670142412188 0.054907405748963363 -0.38603214919567103 0.12249999865889551 -0.4875479638576507 -1.6301475167274473 0.18350168317556384 0.22432254999876025 0.57500001788139354 -0.013591965660452841 0.1725462228059769 0.14007984101772311 -0.015060048084706066 -0.062419140711426728 0.034377340227365501 0.17917595058679583 0.0049799229018390187 0.00087769280071370314 -0.17289575934410092 2.9812390781337461e-15 0.003179901279509068 0.33816012740135198
decision_type=2 2 2 2 2 2 2 2 2 2 2 2 2 2 2 2 2 2 2 2 2 2 2 2 2 2 2 2 2 2
left_child=1 11 3 5 9 -3 -6 -7 -8 10 -5 -1 13 -2 -15 16 -14 20 19 -19 21 -18 -21 -24 -17 -26 27 -27 -28 -30
right_child=12 2 -4 4 6 7 8 -9 -10 -11 -12 -13 15 14 -16 24 17 18 -20 22 -22 -23 23 -25 25 26 28 -29 29 -31
leaf_value=0.010701454514593528 0.016530279682246813 -0.016919701798947858 -0.016008093149576096 0.015099496915027797 -0.019614820991101845 -0.00064621546304887724 0.028000790451564336 0.033143730236531048 0.0010439090348801701 -0.0021866007557715182 -0.025689985415784138 -0.021470898498362149 0.017875631129717042 0.0027490485258420683 -0.0071099872254851018 0.01069906572527997 0.016619436935739303 -0.010474830151103471 -0.018669080866573332 0.015746880222672455 0.024385763849155376 -0.0097396034656291233 0.012736353940807013 -0.0069789645144140476 -0.014310256790202057 -0.024395840218423562 0.0019484445397268024 0.00087700603334634147 0.016399518695084808 -0.012123142781555803
leaf_weight=11.554902900010346 43.81745832040906 11.876189216971396 75.076274588704109 10.571207903325556 11.716940054669974 21.909698285162449 40.523808252066374 38.201273910701275 47.332912422716618 205.65403250046074 62.983647326007485 84.965441638603806 44.70742055028677 330.40820495784283 545.14212252758443 310.99273108504713 44.840535268187523 226.02150498144329 109.2161133531481 100.29210909828544 50.353755824267864 90.016878634691238 72.953455362468958 194.89606982469559 69.836128354072571 39.474878590553999 572.78658024594188 422.39998585917056 280.25804969854653 31.978039432317019
leaf_count=48 213 115 456 68 107 201 196 149 271 895 758 985 205 1582 2863 1379 261 1301 847 491 236 532 330 923 322 177 2810 2069 1282 148
internal_value=0.00018437 -0.00463575 -0.00214239 0.000353494 -0.00250597 0.014421 0.0095736 0.0218885 0.0147372 -0.00697935 -0.0188947 -0.0170548 0.00103257 -0.00230702 -0.00338527 0.00219334 -0.00111787 -0.00221746 -0.00466188 -0.00188228 0.00684284 -0.000513512 0.00346218 -0.00138334 0.00398536 0.00245888 0.0034056 -0.00159255 0.00601783 0.0132437
internal_weight=4202.76 622.366 525.846 450.77 378.783 71.9872 99.5737 60.111 87.8567 279.209 73.5549 96.5203 3580.39 919.368 875.55 2661.02 933.298 888.59 703.379 594.163 185.211 134.857 368.142 267.85 1727.73 1416.73 1346.9 461.875 885.023 312.236
internal_count=22220 4249 3216 2760 2295 465 574 350 467 1721 826 1033 17971 4658 4445 13313 5126 4921 3892 3045 1029 793 1744 1253 8187 6808 6486 2246 4240 1430
is_linear=0
shrinkage=0.03


Tree=141
num_leaves=31
num_cat=0
split_feature=336 324 331 335 146 164 282 233 127 357 233 271 349 252 248 243 248 245 229 349 267 166 228 327 249 333 148 247 155 337
split_gain=15.6009 19.4801 17.4586 16.5724 14.7378 19.4383 18.0856 22.9766 17.5141 15.9723 23.5449 18.1654 29.4114 18.0553 29.5567 28.351 15.0086 14.8019 14.4787 20.6318 33.4439 19.3527 17.2986 19.3426 15.6059 15.0992 14.9835 15.8363 30.6871 21.0644
threshold=-0.87671664357185353 -0.51618209481239308 -1.0298091769218443 -1.3664330244064329 -1.7825853228569029 0.66195636987686168 -0.26385025680065149 0.069551058113574996 0.11890175566077234 -0.87336832284927357 -0.063621103763580308 -0.1249999701976776 -0.44292104244232172 0.25653479993343359 0.21639979630708697 0.0069801826030015954 0.009528120048344137 0.24396588653326037 0.0098184649832546728 1.0000000180025095e-35 -0.059905692934989922 0.14649516344070437 0.44559228420257574 -0.45551551878452295 -0.17253843694925305 -1.0549089908599851 -1.5973850488662718 0.064976926892995848 0.64964398741722118 -0.58633804321289051
decision_type=2 2 2 2 2 2 2 2 2 2 2 2 2 2 2 2 2 2 2 2 2 2 2 2 2 2 2 2 2 2
left_child=1 3 -3 -1 6 18 7 -2 -9 10 -8 12 -11 14 17 -16 -7 -13 19 24 -21 -22 23 -23 -6 -26 -20 29 -29 -28
right_child=4 2 -4 -5 5 16 9 8 -10 11 -12 13 -14 -15 15 -17 -18 -19 26 20 21 22 -24 -25 25 -27 27 28 -30 -31
leaf_value=-0.011227596015316536 -0.024721160171524301 0.0047543480040343304 -0.019229374124523912 0.0019082274769786503 -0.015943136367880549 0.01391557827066566 0.032429407348367557 -0.022044599315690739 0.016174724616111885 -0.017180292268430954 -0.0061331719425016841 0.004694266088350111 0.019297837071819753 0.011944001075993978 0.014517628319466255 -0.022182497374353918 -0.018436327058915042 -0.021152448729862071 0.016032972723815462 0.022975081071153376 0.009507542904018472 0.0037398431769470604 0.00051383750406340327 -0.030404971410714091 -0.015410755901821607 0.015744566597265357 0.0059793608188708231 0.0021608567821675617 0.021965352691379149 -0.0020335973080853743
leaf_weight=107.1866265591234 64.81299702450633 31.619697945192456 110.40969048067927 347.21678960882127 10.573390029370783 10.046474406495689 22.488609999418259 9.0824958719313127 25.934086490422487 22.044973984360695 23.250589370727539 19.908735811710358 58.564894180744886 32.497050598263741 60.190198682248592 19.436884541064501 62.992680452764034 131.35247519984841 51.844150319695473 36.89253955706954 43.747651033103466 17.652171432971954 51.848782043904066 49.681680262088776 9.117083325982092 232.92273551039398 354.19692112877965 478.88405499048531 76.361212704330683 1605.9420700501651
leaf_count=628 375 172 774 1675 56 77 90 62 153 128 137 104 313 177 295 118 1130 867 276 177 258 74 228 260 47 1193 1675 2340 337 7947
internal_value=3.63189e-05 -0.00442422 -0.013847 -0.00129088 0.000789085 0.00155878 -0.00400558 -0.0149503 0.00399051 -0.000961329 0.0144156 -0.00328255 0.00862642 -0.00709513 -0.0100916 0.00436937 -0.0130273 -0.017627 0.00194437 0.00685488 -0.000329029 -0.00639666 -0.0125213 -0.0218031 0.0124336 0.0141287 0.0010586 0.000702168 0.00514275 -0.000564194
internal_weight=4178.7 596.433 142.029 454.403 3582.27 3092.7 489.564 99.8296 35.0166 389.734 45.7392 343.995 80.6099 263.385 230.888 79.6271 73.0392 151.261 3019.66 452.436 199.823 162.93 119.183 67.3339 252.613 242.04 2567.23 2515.38 555.245 1960.14
internal_count=22143 3249 946 2303 18894 16075 2819 590 215 2229 227 2002 441 1561 1384 413 1207 971 14868 2293 997 820 562 334 1296 1240 12575 12299 2677 9622
is_linear=0
shrinkage=0.03


Tree=142
num_leaves=31
num_cat=0
split_feature=6 114 279 266 228 180 352 18 268 105 10 265 146 127 443 167 453 284 146 10 278 263 261 7 177 103 249 36 459 329
split_gain=16.7861 22.7252 19.9905 22.1248 23.4059 23.3866 21.5885 20.2627 19.7066 19.2528 17.2921 15.865 15.6778 15.1639 14.6716 13.1766 18.9306 21.067 16.6163 23.2538 22.87 21.8571 16.9915 17.8592 20.4672 19.9103 18.417 15.5037 16.0913 15.4984
threshold=0.072475306689739241 0.17454597353935244 0.1642454415559769 -0.12021515145897864 0.48623421788215643 -0.31776243448257441 -0.40522260963916773 0.22396993637084964 -0.1368688493967056 0.00016743606101954359 0.37376695871353155 0.42684735357761389 -1.0412863492965696 0.16886670142412188 0.45080643892288214 -0.55148032307624806 0.19677419215440753 -0.75682321190834034 -1.6349759697914121 0.34011973440647131 0.005558982491493226 0.087831839919090285 -0.1373360529541969 0.20970652252435687 1.0000000180025095e-35 1.3548155426979067 0.24776345491409305 0.20707555115222934 0.22653958946466449 -0.90539816021919239
decision_type=2 2 2 2 2 2 2 2 2 2 2 2 2 2 2 2 2 2 2 2 2 2 2 2 2 2 2 2 2 2
left_child=1 -1 3 5 7 8 -7 -5 -3 -6 -9 14 -12 -11 -4 -2 -17 -18 19 20 21 -19 -20 26 25 -25 -24 29 -29 -26
right_child=15 2 11 4 9 6 -8 10 -10 13 12 -13 -14 -15 -16 16 17 18 22 -21 -22 -23 23 24 27 -27 -28 28 -30 -31
leaf_value=-0.0223463177690231 -0.0015811182014185173 -0.017001393303954972 -0.0287390047230104 -0.021707393394218243 -0.02012013479966521 0.037379071677359051 -0.0056523443926337702 0.0034899428367506356 0.022500270707735061 0.024491810205007618 -0.018121429042161033 0.013555911762435058 0.0068644934379319443 0.0013384107211675594 -0.0015071349052285003 -0.0036722791194054288 -0.013021859251590266 0.010973519459185446 0.02959832379578017 0.0045169058259588359 0.0023391658057736698 -0.028063532755687699 -0.010412637857879646 0.015026342086948941 -0.011437009258609382 -0.013397538764098318 0.019236378395371252 0.01006783431708135 -0.0028263005852188642 0.0088484316832967407
leaf_weight=51.248006211593747 1291.2010602187365 26.364478709176183 49.170483291149139 61.594406755641103 11.83249134197831 32.52329695597291 11.488882958889006 146.24111573398113 10.265607904642819 45.756596686318517 80.712897077202797 9.6495925523340684 25.538347467780113 52.836500998586416 28.490581903606653 396.64540812559426 60.081323470920324 11.420880712568758 19.363088995218277 204.60067108646035 61.077338345348835 63.344828177243471 106.17498345300555 276.68848664686084 30.033637195825577 18.350663278251886 15.787514809519051 105.49362024664879 378.79662448167801 490.41777019947767
leaf_count=764 6484 271 322 949 112 125 68 589 75 230 352 47 104 304 170 1988 284 60 91 1154 330 344 788 1365 115 116 93 487 1633 2337
internal_value=4.85788e-06 -0.0044208 -0.0026099 -0.000218629 -0.00302668 0.0135046 0.0267061 -0.00719378 -0.00385655 0.00845879 -0.00312272 -0.0152907 -0.0119701 0.0130945 -0.0198234 0.00082214 0.0022138 0.00349631 0.00410803 -0.00180017 -0.0111433 -0.021543 0.00551297 0.00503419 0.00607039 0.0129542 -0.00565747 0.00396297 6.45034e-05 0.00752167
internal_weight=4173.19 643.713 592.465 505.155 424.512 80.6423 44.0122 314.087 36.6301 110.426 252.492 87.3107 106.251 98.5931 77.6611 3529.48 2238.28 1841.63 1781.55 340.444 135.843 74.7657 1441.11 1421.74 1299.78 295.039 121.962 1004.74 484.29 520.451
internal_count=22151 4482 3718 3179 2640 539 193 1994 346 646 1045 539 456 534 492 17669 11185 9197 8913 1888 734 404 7025 6934 6053 1481 881 4572 2120 2452
is_linear=0
shrinkage=0.03


Tree=143
num_leaves=31
num_cat=0
split_feature=177 166 268 177 263 262 353 7 230 295 246 272 280 279 134 123 170 251 187 347 230 187 84 146 139 145 1 249 115 266
split_gain=16.1377 29.6813 25.55 24.9738 24.7067 38.8426 33.3105 31.7176 28.4792 27.8675 27.5378 45.1197 34.1346 38.4835 31.5361 27.3396 27.5192 25.4679 27.3446 40.9486 26.0029 28.5512 25.3914 24.6585 23.6735 21.3513 25.8099 27.4125 28.4156 24.6287
threshold=0.31479415297508245 0.095006991177797331 -0.36682295799255366 0.26048496365547186 0.16853423416614535 0.31914974749088293 -0.22204852104187009 0.21953703463077548 0.99819046258926403 -0.23114475607872007 0.28359709680080419 -1.0000000180025095e-35 0.12950804829597476 0.033529959619045265 1.6142243742942812 1.2215486764907839 -0.23255900293588636 0.40745900571346289 -0.29379923641681666 0.9571223556995393 0.64352530241012584 -1.0000000180025095e-35 1.1831392043859525e-06 -1.1683387756347654 3.8528122901916508 -0.85384404659271229 0.1060876101255417 0.050493452697992332 0.46867962181568151 0.0063252660911530265
decision_type=2 2 2 2 2 2 2 2 2 2 2 2 2 2 2 2 2 2 2 2 2 2 2 2 2 2 2 2 2 2
left_child=1 -1 23 25 5 6 -2 9 10 -6 14 -12 13 -13 -9 16 -16 -7 -19 20 21 -20 -14 -3 -24 26 -4 -28 -29 -30
right_child=4 2 3 -5 7 17 -8 8 -10 -11 11 12 22 -15 15 -17 -18 18 19 -21 -22 -23 24 -25 -26 -27 27 28 29 -31
leaf_value=0.020559649496466086 0.0064617709423153476 -0.024389646104578017 -0.00056262859699586726 -0.01403835185745728 -0.010099515517658966 0.019603564898232707 -0.021288348746409443 0.01553989154233174 -0.023930465553173078 0.0053764041421770397 -0.028734681871477784 0.020938185354047997 -0.031770316138813648 -0.0013680413559120147 0.0011042295575742934 0.012534051516564572 -0.035010343722723949 0.0074400104790029618 -0.026768614469549108 0.01558196159559274 0.0027537085250644256 -0.0043881330641077501 0.008917739237245292 0.00019535132924068142 -0.023512166780776042 -0.0044641484079671126 0.019482393501353501 -0.0096051207959449211 0.024542059053905472 -0.015960443871864967
leaf_weight=45.83222858607769 49.167157419025898 80.537511069327593 682.54237622581422 119.14017025381327 208.26744945347309 56.207273535430431 135.03421583771706 479.30757398158312 19.022600159049034 196.7981561422348 32.27879111468792 143.71050675213337 24.292185455560684 126.30563062429428 46.527980946004391 65.252486512064934 24.024253316223621 234.22213046997786 101.55662323534489 61.287225037813187 93.948211640119553 106.00833912193775 65.116767250001431 61.607652749866247 21.167866840958595 624.93876759894192 135.77376623079181 88.186117941513658 49.873547561466694 12.069630138576029
leaf_count=309 222 600 4072 504 968 263 631 2225 83 782 146 658 107 611 249 310 130 1087 455 244 411 491 304 409 100 4307 680 534 253 104
internal_value=0.000429264 -0.00160785 -0.00223654 -0.00118759 0.00212458 -0.00196017 -0.013861 0.00448561 0.00723262 -0.00259157 0.00797738 0.00190473 0.00500243 0.0106952 0.0119693 -0.000703382 -0.0131081 0.00149116 -0.000404091 -0.00554157 -0.0101254 -0.0159034 -0.00861846 -0.0141547 -9.29313e-05 -0.000162955 0.00261396 0.0100656 0.000993831 0.0156786
internal_weight=4190.01 1900.5 1854.67 1712.52 2289.5 837.431 184.201 1452.07 1047.01 405.066 1027.98 412.872 380.593 270.016 615.112 135.805 70.5522 653.23 597.023 362.8 301.513 207.565 110.577 142.145 86.2846 1593.38 968.445 285.903 150.129 61.9432
internal_count=22249 11772 11463 10454 10477 3804 853 6673 4923 1750 4840 1926 1780 1269 2914 689 379 2951 2688 1601 1357 946 511 1009 404 9950 5643 1571 891 357
is_linear=0
shrinkage=0.03


Tree=144
num_leaves=31
num_cat=0
split_feature=6 279 266 269 105 245 230 172 352 6 158 7 304 6 282 265 252 155 229 243 318 411 267 231 265 282 106 130 158 282
split_gain=15.801 18.129 26.7562 22.5836 20.0039 21.4319 22.8385 17.6684 20.9586 17.1102 22.1978 16.5451 22.3189 22.7513 24.2394 21.6662 25.2601 25.4678 26.5635 24.2004 23.9952 21.5578 21.3655 21.1882 19.1117 18.5119 35.1438 27.2515 24.0353 22.1582
threshold=0.071922417730093016 0.17003852128982547 -0.12021515145897864 -1.0000000180025095e-35 0.00046589119301643228 0.43978829681873327 0.74602156877517711 -0.31440460681915278 -0.34518378973007197 0.058277221396565444 0.10220395401120187 0.22432254999876025 -0.4913747757673263 0.098055537790060057 0.22133684158325198 -0.13394092023372647 0.089097209274768843 0.40314874053001409 0.034377340227365501 -0.020143536850810047 -0.41467528045177454 0.29099461436271673 1.0000000180025095e-35 -0.14579810947179792 0.55583807826042186 0.48541983962059027 0.019270254299044613 0.29297278821468359 0.0017998008988797667 -0.45965406298637385
decision_type=2 2 2 2 2 2 2 2 2 2 2 2 2 2 2 2 2 2 2 2 2 2 2 2 2 2 2 2 2 2
left_child=1 2 3 -1 -4 9 -7 -5 -9 10 -6 15 13 -13 -15 21 22 18 20 -20 -18 -2 23 -17 -24 29 27 -27 -28 -14
right_child=11 -3 4 7 5 6 -8 8 -10 -11 -12 12 25 14 -16 16 17 -19 19 -21 -22 -23 24 -25 -26 26 28 -29 -30 -31
leaf_value=-0.014086155422817792 0.015733975618369082 -0.01680880569719569 -0.016929252955200601 0.00057226869727352951 -0.022617863956705214 0.026510733877139078 -0.014507624959594193 0.042002141142317796 -0.00375286010513086 -0.00020215865689670478 0.012819980782634929 -4.8607222010048343e-05 -0.0040686737836895786 -0.023085434607390862 0.010610776772844596 0.012747724510560301 -0.015515890742713211 0.010622853971370255 0.0094747755922656024 -0.01101575407558558 0.012495637422941385 -0.0015295735663687911 -0.024525632092948009 -0.011330122490127688 0.010681975898894266 -0.021323178574510486 -0.0035027332384018331 0.019414815926404018 -0.029359456215610581 0.0066373003824572833
leaf_weight=16.755126113072038 102.16869390569627 83.495949734002352 94.33271218277514 27.526518588885665 68.833447240293026 35.666880030184984 11.590525593608616 29.676707644015551 9.9798866137862188 222.55722273513675 14.815623745322226 569.56370038166642 194.39421921223402 73.829253803938627 20.165782824158669 42.348740117624402 28.463100202381611 127.09502372518182 54.949272710829973 338.59939868189394 120.06251718103886 156.20202298089862 111.45374528504908 91.768243940547109 11.310689248144625 12.227358654141424 96.557818040251732 64.775775447487831 44.407928001135588 1311.0765703003854
leaf_count=203 488 547 1088 295 666 175 88 107 53 950 80 2608 917 348 90 242 182 744 298 1908 611 827 800 583 70 54 472 298 203 6263
internal_value=4.45835e-05 -0.00436525 -0.00219879 0.0126615 -0.00515941 -0.00172138 0.0156831 0.0201735 0.031427 -0.00473146 -0.0157201 0.000814232 0.00225263 -0.00239465 -0.0155179 -0.002072 -0.00421912 -0.00109015 -0.00395593 -0.00801297 0.00660332 0.00549242 -0.0120851 -0.00339769 -0.0207997 0.00405044 -0.00399619 0.0115832 -0.0127228 0.00523551
internal_weight=4186.65 615.231 531.735 83.9382 447.796 353.464 47.2574 67.1831 39.6566 306.206 83.6491 3571.42 2387 663.559 93.995 1184.42 926.051 669.169 542.074 393.549 148.526 258.371 256.881 134.117 122.764 1723.44 217.969 77.0031 140.966 1505.47
internal_count=22258 4252 3705 658 3047 1959 263 455 160 1696 746 18006 11253 3046 438 6753 5438 3743 2999 2206 793 1315 1695 825 870 8207 1027 352 675 7180
is_linear=0
shrinkage=0.03


Tree=145
num_leaves=31
num_cat=0
split_feature=336 148 313 346 351 128 107 245 136 230 138 228 335 75 108 265 232 148 282 145 108 154 101 154 263 230 157 264 153 266
split_gain=15.1375 19.9386 15.8881 15.5306 15.0386 16.1236 21.148 14.5807 14.4906 14.4489 15.7378 13.3254 15.3692 14.6193 13.0417 20.7746 31.3107 23.0282 21.3219 20.1748 24.6723 19.7483 26.1102 25.636 20.7017 25.1329 19.4209 17.6385 25.6951 27.682
threshold=-0.87671664357185353 -1.5680645108222959 -0.60914814472198475 1.2486096024513247 1.0308499932289126 2.443340659141541 0.77543610334396373 0.39692515134811407 0.31468354165554052 -0.86183232069015492 3.5726138353347783 0.3114724606275559 -0.40075151622295374 1.2374891042709353 0.21189359575510028 0.11467999219894411 0.012147965840995313 -0.62149277329444874 -0.59588569402694691 -1.4360403418540952 0.49399539828300482 0.065074946731328978 0.33548589050769811 0.012174845673143865 0.15392354875802997 0.98337161540985119 -1.0000000180025095e-35 -0.19159846007823941 -0.0011342822108417747 -0.0056666247546672812
decision_type=2 2 2 2 2 2 2 2 2 2 2 2 2 2 2 2 2 2 2 2 2 2 2 2 2 2 2 2 2 2
left_child=1 -1 -3 14 8 6 -6 -8 -5 -10 -11 13 -13 -4 21 18 17 -17 -16 20 -20 22 27 24 25 -24 -22 -2 -29 -30
right_child=3 2 11 4 5 -7 7 -9 9 10 -12 12 -14 -15 15 16 -18 -19 19 -21 26 -23 23 -25 -26 -27 -28 28 29 -31
leaf_value=0.02104526505298902 0.0071423559088061531 -0.0013153105718313525 -0.02147592187491611 0.0078886370470602207 -0.0055188304558529836 -0.016027891536732987 0.018796528422237072 -0.012196260285343558 0.0082740615187635331 -0.034050075569893368 0 -0.010349546047335892 0.012860337415602798 0.0068283774670649276 -0.0086177212597513438 -0.026167518734340412 0.0095796591967373598 0.0058397895004701451 0.01695934074126049 0.020642482389947474 -0.027667217550182383 0.0047293341105742329 -0.018198016530629548 -0.021911601593396637 0.0016638730176574128 0.015426183110232526 0.010946739983584992 -0.0066596313377534902 -0.0027320361066671445 0.0080942597405554272
leaf_weight=19.687539592385292 318.19147182255983 343.61754572764039 110.81128706783056 14.844731930643318 117.53638856858015 46.592633087188005 69.101788181811571 11.150779217481611 9.1733656413853151 45.142114482820034 15.586311127990482 74.427067032083869 30.510256219655275 15.10765043273568 36.453138414770365 50.574081469327211 91.095912158489227 27.109180314466357 39.628288500010967 154.71967923641205 24.451114438474178 765.9625406768173 112.53612218610942 80.33617065101862 235.33151178061962 18.123407654464245 13.380726169794796 423.0364355109632 446.79162433743477 392.52769914083183
leaf_count=83 1657 1877 680 93 663 294 315 105 54 283 85 400 134 81 203 313 497 136 225 786 151 3892 679 462 1319 97 69 2149 2299 2068
internal_value=2.88247e-05 -0.00437239 -0.00550439 0.000773596 -0.00536011 -0.00138313 0.00244536 0.0137369 -0.0157335 -0.021148 -0.0261432 -0.0114733 -0.00312531 -0.0178202 0.00141204 0.00618884 -0.00197211 -0.0153145 0.0112742 0.0146021 0.00170166 0.000646546 -0.000902157 -0.00725244 -0.00365573 -0.0129106 -0.0141989 0.000908543 -0.000685212 0.0023438
internal_weight=4153.54 594.161 574.474 3559.38 329.128 244.382 197.789 80.2526 84.7465 69.9018 60.7284 230.856 104.937 125.919 3230.25 437.412 168.779 77.6833 268.633 232.18 77.4601 2792.84 2026.87 446.327 365.991 130.66 37.8318 1580.55 1262.36 839.319
internal_count=22149 3255 3172 18894 1892 1377 1083 420 515 422 368 1295 534 761 17002 2380 946 449 1434 1231 445 14622 10730 2557 2095 776 220 8173 6516 4367
is_linear=0
shrinkage=0.03


Tree=146
num_leaves=31
num_cat=0
split_feature=6 7 326 229 369 107 128 135 264 2 156 324 153 439 127 136 334 200 280 87 128 266 161 247 183 126 126 251 279 356
split_gain=15.8835 27.4114 16.552 16.5086 13.9294 13.4975 12.3323 22.9683 27.8847 27.4152 23.0415 18.9908 18.5157 24.252 23.3678 19.5109 18.3998 17.4442 17.0692 15.7741 14.3865 27.8288 24.846 19.2326 35.5581 24.3171 25.1223 29.9857 20.3012 19.8944
threshold=0.052699072286486633 0.22729630023241046 -0.46112157404422754 0.21754903346300128 0.82766094803810131 2.3373893499374394 1.6196122765541079 3.0384216308593754 0.22995115071535113 -0.15988986194133756 0.02923676744103432 -0.98855355381965626 1.0000000180025095e-35 0.50806450843811046 0.24235100299119952 2.8403331041336064 -1.2174385786056516 0.28801843523979193 0.078752055764198317 4.9787918214860846e-06 0.59306830167770397 0.083106353878974928 0.013547612354159357 0.019494107924401764 -0.46437728404998774 0.4131647795438767 0.26887483894824987 0.53631189465522777 0.10972702503204347 0.09507958218455316
decision_type=2 2 2 2 2 2 2 2 2 2 2 2 2 2 2 2 2 2 2 2 2 2 2 2 2 2 2 2 2 2
left_child=1 2 3 -1 -4 6 20 9 12 -8 11 -10 17 18 -15 -16 -11 -9 -14 -19 -2 23 -23 25 -25 26 -22 28 -28 -26
right_child=5 -3 4 -5 -6 -7 7 8 10 16 -12 -13 13 14 15 -17 -18 19 -20 -21 21 22 -24 24 29 -27 27 -29 -30 -31
leaf_value=0.018914118285070908 0.0016281952193823908 -0.026132562639986538 -0.014625465775378493 -0.015140663457984649 0.017168013369926575 -0.01212288642806577 -0.01110336352246118 -0.0031603430558176417 0.015219523548982872 -0.010545858904877452 0.015641825696396466 -0.027913192602114376 0.017669532229110569 0.017365084376095234 -0.020589160317014181 0.015311789834489614 0.016862115597869463 -0.014511844411791992 -0.014165459603513047 0.014043777102827731 -0.0017997167208239806 0.0097769270936166781 -0.016106568865569281 -0.026835174851635564 0.004583994059914615 0.0057294874685712045 -0.034869947519966436 0.00055162335573043784 0.0067509750295354151 -0.0128844479187498
leaf_weight=43.526447076350451 1747.6019666641951 48.451015695929527 65.859324812889099 11.013844922184942 8.5478834137320501 67.508734682574868 38.609507080167532 93.45201850309968 5.8354810029268256 19.177958052605391 11.992795385420321 57.98125783726573 51.35641423240304 15.458086293190716 101.41312495991588 10.101365290582178 227.12074714154005 12.988459169864653 14.268799398094414 209.45630014874041 369.0445789322257 225.17496000602841 32.250421840697527 83.928791783750057 109.85849439352751 236.92323360592127 61.077963549643755 49.827504217624664 9.589312691241501 111.34277368336916
leaf_count=225 8659 1026 694 89 36 400 214 429 25 92 54 327 226 82 548 57 1127 65 78 1087 1850 1155 233 438 580 1167 286 247 51 578
internal_value=0.000118413 -0.00848614 -0.000774223 0.0109265 -0.00968189 0.000519468 0.00076196 0.00389776 0.00044052 0.0107715 -0.0157035 -0.0227063 0.0030483 -0.0041556 -0.0116389 -0.0165362 0.0144541 0.00746781 0.00990494 0.0119388 -0.000139092 -0.00253907 0.00615398 -0.00474531 -0.0109864 -0.00202976 -0.00583399 -0.0173304 -0.0289875 -0.00428833
internal_weight=4150.74 177.399 128.948 54.5403 74.4072 3973.34 3905.83 869.212 584.304 284.908 75.8095 63.8167 508.495 192.598 126.973 111.514 246.299 315.897 65.6252 222.445 3036.62 1289.02 257.425 1031.59 305.13 726.463 489.539 120.495 70.6673 221.201
internal_count=22125 2070 1044 314 730 20055 19655 4411 2978 1433 406 352 2572 991 687 605 1219 1581 304 1152 15244 6585 1388 5197 1596 3601 2434 584 337 1158
is_linear=0
shrinkage=0.03


Tree=147
num_leaves=31
num_cat=0
split_feature=96 336 248 271 268 369 280 252 282 164 233 437 268 132 252 332 185 233 280 264 296 233 187 355 140 158 263 158 163 153
split_gain=16.4165 13.5996 29.6641 20.4004 24.254 22.6911 24.2128 24.2052 22.5814 22.4972 20.1019 17.6105 17.1449 20.6171 17.0923 16.8374 20.2743 19.6401 23.1615 22.2523 16.7591 18.9522 16.7477 21.5941 16.1449 16.1146 15.6414 15.5985 15.3126 15.0727
threshold=2.7881778478622441 0.34753099083900457 -0.023434232920408245 -0.099999994039535509 -0.097884632647037492 -0.44752354919910425 -0.087419498711824403 0.1332693696022034 0.43970641493797308 0.35868725180625921 -0.010747201275080441 0.70900535583496105 -0.059220284223556512 2.0928728580474858 0.18605472147464755 0.45890223979949957 -0.17960531264543531 -0.025172427296638485 -0.32311350107192988 -0.0085144639015197737 -0.45752377808094019 -0.1264160946011543 -0.28251338005065912 0.47741256654262548 3.1366647481918339 0.0029640608699992303 0.081314958631992354 -0.041399035602807992 0.44228947162628179 0.21778026968240741
decision_type=2 2 2 2 2 2 2 2 2 2 2 2 2 2 2 2 2 2 2 2 2 2 2 2 2 2 2 2 2 2
left_child=1 15 -3 10 5 8 -7 11 9 -5 14 -8 -6 -14 -4 16 20 19 -19 -17 -1 -22 26 -24 -13 -26 -23 -10 -18 -12
right_child=-2 2 3 4 12 6 7 -9 27 -11 29 24 13 -15 -16 17 28 18 -20 -21 21 22 23 -25 25 -27 -28 -29 -30 -31
leaf_value=0.0032944864323112403 -0.01510963398969906 0.023797309912966448 -0.0030370414154748623 0.00046832270935532369 0.019828990226502658 0.012151154329787027 0.0023674750523040699 0.014471290037867835 0.004319605839351235 -0.018875206225496457 0.020126658725131554 -0.021978891704249347 0.019431559687788313 -0.013274406238090787 0.025481628385438562 0.011187488887085569 0.002221505846732709 0.018604299569024655 -0.020077184627413359 -0.015588184999567937 0.0063657440021990539 0.0080276522212477421 -0.018120735633250309 0.0053954853920889535 0.022437050764469616 -0.019247747589257895 -0.0064701709740305107 -0.033216059445837172 -0.015362663089098496 -0.013615775396422622
leaf_weight=238.36914163827896 57.238169018179178 51.59063121676445 127.82500099018216 193.96148630976677 73.138324337080121 130.31655386090279 71.528409797698259 44.249765329062939 10.137483652681111 67.355624083429575 117.37452559173107 82.88216444849968 20.584314573556185 39.639576397836208 14.977696534246205 66.835098177194595 1686.5250150747597 9.9081212170422059 116.79820449650288 37.882602537050843 96.268114756792784 74.175906980410218 188.25641851313412 38.714889846742153 12.812535766512157 7.5584350153803816 380.10642235353589 40.455624867230654 38.723215183243155 7.9651257395744315
leaf_count=1245 396 302 757 906 372 636 435 208 65 758 629 448 90 207 64 321 7822 49 646 239 523 408 1205 180 52 42 2223 250 593 49
internal_value=-5.96515e-05 0.000174037 0.00299201 0.00182311 -0.000597219 -0.00298567 0.00223216 -0.00381641 -0.00878343 -0.00484078 0.00886647 -0.00888307 0.0107291 -0.00108007 0.000934952 -0.000883386 -0.000213795 -0.00853129 -0.0161582 0.00103736 -0.00356566 -0.00569283 -0.0074595 -0.0140232 -0.0164276 0.00561974 -0.00399428 -0.0259017 0.00176028 0.0172963
internal_weight=4144.15 4086.92 1114.35 1062.76 794.62 661.258 349.348 219.031 311.91 261.317 268.142 174.782 133.362 60.2239 142.803 2972.56 2741.14 231.424 126.706 104.718 1015.89 777.522 681.254 226.971 103.253 20.371 454.282 50.5931 1725.25 125.34
internal_count=22120 21724 6270 5968 4469 3800 1821 1185 1979 1664 1499 977 669 297 821 15454 14199 1255 695 560 5784 4539 4016 1385 542 94 2631 315 8415 678
is_linear=0
shrinkage=0.03


Tree=148
num_leaves=31
num_cat=0
split_feature=20 157 335 147 156 128 128 103 228 7 231 114 279 234 231 134 329 7 282 159 352 335 129 359 10 124 357 124 153 153
split_gain=16.2842 14.442 13.8483 14.581 13.888 13.2464 18.1394 23.99 30.7915 24.7514 24.6338 26.3519 24.3479 23.8368 22.5049 26.5684 24.7934 21.8166 23.9311 24.6475 21.7998 21.4112 20.812 26.8817 22.6637 22.0308 19.8029 19.116 25.536 30.9612
threshold=1.01499879360199 0.51828292012214672 -1.3664330244064329 -1.4062778949737547 -0.29235461354255671 1.3497142791748049 0.59306830167770397 0.05102133750915528 0.24964435398578647 0.22658374905586245 0.99783113598823558 1.1215017437934878 0.11416904628276826 0.83278930187225353 0.99557733535766613 0.11226624995470048 -0.055595967918634408 0.24682920426130298 -0.62592095136642445 0.02288067061454058 0.32253898680210119 -0.73060673475265492 0.23070507496595385 0.030478965491056446 0.59401711821556102 0.62591767311096203 0.36612090468406683 0.27113963663578039 0.14267975836992267 -0.032592503353953355
decision_type=2 2 2 2 2 2 2 2 2 2 2 2 2 2 2 2 2 2 2 2 2 2 2 2 2 2 2 2 2 2
left_child=1 2 3 -1 -4 6 14 8 9 -8 17 13 -10 -12 15 16 -6 22 -19 -20 -13 -16 24 -24 25 -9 -26 -17 29 -29
right_child=-2 -3 4 -5 5 -7 7 10 12 -11 11 20 -14 -15 21 27 -18 18 19 -21 -22 -23 23 -25 26 -27 -28 28 -30 -31
leaf_value=0.022124082129190117 0.01543270386790797 -0.021489010966498363 -0.021109478758754529 -0.010425840449176466 -0.025873574022607287 0.0032043328410142004 -0.0040138094695195865 0.0010237626105251572 0.0030908836081681695 -0.035882989611565677 -0.040348961417487922 0.012170240092112346 -0.020756814153989857 0.010238566276986057 -0.013066769936103695 0.004767307685502843 -0.003629823299265829 0.022406880875028897 -0.026371719199127269 0.0027936689176075043 -0.025664139173421766 0.013417059980380697 -0.019965224293393938 0.0039024849534445415 -0.014807144358707419 0.020170462428862359 0.012985751733469787 -0.00068134424856901039 0.0092482176633181239 -0.024447293687509475
leaf_weight=6.6958084553480139 54.815903224050999 21.163586109876633 19.720167407765985 160.01975393481553 45.409922666847706 1196.4636899027973 37.540615446865559 86.41216579079628 132.9775983504951 57.053509633988142 33.051022347062826 36.607538882642984 46.208061411976814 7.129301603883504 25.662377705797553 800.05973417498171 366.27796931937337 11.193134516477583 59.999864000827074 39.696164026856422 12.983090303838251 196.93665077164769 55.930268630385399 124.02262126468122 53.386501755565405 146.98016374185681 30.468522533774376 130.89425565861166 83.537119779735804 73.530475217849016
leaf_count=22 298 368 291 919 511 6171 236 462 690 291 169 184 287 35 174 4152 1674 47 284 173 64 1017 305 684 305 714 161 684 415 397
internal_value=0.000148998 -7.88498e-05 6.63659e-05 -0.00821926 0.000436376 0.000586002 -0.000578281 -0.00384358 -0.0112525 -0.0244867 -0.000839172 -0.0149114 -0.0035517 -0.0309632 0.00126587 -6.59461e-05 -0.00649999 0.00136726 -0.0102452 -0.0152391 0.000130152 0.0100128 0.00408426 -0.00392935 0.00864892 0.0133614 -0.00437064 0.00238498 -0.00415443 -0.00980588
internal_weight=4152.83 4098.01 4076.85 166.716 3910.13 3890.41 2693.95 971.64 273.78 94.5941 697.86 89.771 179.186 40.1803 1722.31 1499.71 411.688 608.089 110.889 99.696 49.5906 222.599 497.2 179.953 317.247 233.392 83.855 1088.02 287.962 204.425
internal_count=22184 21886 21518 941 20577 20286 14115 5091 1504 527 3587 452 977 204 9024 7833 2185 3135 504 457 248 1191 2631 989 1642 1176 466 5648 1496 1081
is_linear=0
shrinkage=0.03


Tree=149
num_leaves=31
num_cat=0
split_feature=96 6 156 336 320 269 18 109 346 262 285 437 281 249 349 290 324 303 362 160 355 347 264 141 279 369 280 280 264 263
split_gain=17.309 13.3172 11.7188 11.2086 19.5648 16.5178 15.5512 15.5728 15.3326 14.8466 14.5322 12.5799 12.4489 11.4245 11.3004 12.4414 12.2989 10.9571 10.5212 10.4425 10.2687 13.3462 14.5391 13.8115 13.2192 12.1351 15.4444 15.0619 38.9946 22.8895
threshold=2.7881778478622441 0.035159304738044746 -0.29235461354255671 -0.87671664357185353 -0.71251413226127613 0.039863690733909614 0.56247621774673473 0.14121221005916598 -1.0217935442924497 0.37258580327034002 -0.57428506016731251 0.38585607707500463 -0.17787408828735349 -0.018244959414005276 -1.0231653451919553 -0.62551838159561146 -0.56481212377548207 -0.92061209678649891 1.8676318526268008 -0.54429703950881947 -1.3218503594398496 -1.1674476861953733 -0.01038895361125469 2.3070640563964848 -0.018583275377750393 1.0424022078514101 -0.44213201105594629 0.14417976886034015 -0.059369564056396477 0.16853423416614535
decision_type=2 2 2 2 2 2 2 2 2 2 2 2 2 2 2 2 2 2 2 2 2 2 2 2 2 2 2 2 2 2
left_child=1 -1 -3 4 5 6 7 14 -6 10 11 -9 -10 -8 -4 -16 -17 -5 20 -15 -19 22 24 -24 -22 26 -23 29 -29 -28
right_child=-2 2 3 17 8 -7 13 9 12 -11 -12 -13 -14 19 15 16 -18 18 -20 -21 21 25 23 -25 -26 -27 27 28 -30 -31
leaf_value=-0.022664051497389041 -0.015760987708717308 -0.020204755366666799 -0.020271384470497349 -0.014471385144165124 0.00041344249304920447 -0.019675964125996499 -0.020026461690055276 0.018881471127022011 -0.024452530349997365 0.0017323504798378326 0.033516441444584086 -0.013219221760059421 -0.0075409905078198704 0.014044995234118573 -0.017619665532294826 0.01829562519463511 -0.01156836399732936 -0.0073653197665212384 -0.010964358369738655 -0.010354705987140219 -0.019067187196203959 -0.014800497704228806 0.029799476437630038 -0.0047621422736587272 0.01236254194141174 0.0078603057642849528 -0.00073529455858437813 0.0075904483118612691 -0.0080622755804529728 0.0052672624350771479
leaf_weight=15.702516542747615 54.740243554115295 17.738299466669559 15.397250298410652 32.883630994707346 103.41987690143287 21.59256018511951 27.537642687559128 17.929275520145897 60.365332175046206 50.162999000400305 41.284990061074495 12.853763740509747 125.29110514186323 24.973713055253029 11.216445816680787 39.088652731850743 11.126957396045325 105.13786141388118 54.412110142409801 24.091715440154076 14.530821064487098 47.707235323265195 39.070309860631824 10.554926417768 20.251691346988082 244.62358713895082 1082.5551883708686 208.92224146611989 418.39934353716671 1194.8472880013287
leaf_count=393 390 227 189 159 577 142 108 77 320 262 162 58 647 86 88 188 69 607 395 91 94 237 187 56 89 1065 5746 1082 2186 6186
internal_value=2.71023e-06 0.000242607 0.000372067 0.000499163 -0.00330875 0.0020559 0.0042404 0.00860742 -0.00877884 0.0149818 0.0231015 0.00523383 -0.0137829 -0.00675264 -0.00181284 0.00426049 0.010889 0.00115025 0.00133166 0.00208016 0.00155452 0.00185857 0.0131842 0.0225831 -0.00151097 0.00152813 0.000982576 0.00128036 -0.00280653 0.00241586
internal_weight=4148.41 4093.67 4077.97 4060.23 586.332 297.256 275.663 199.06 289.076 122.231 72.068 30.783 185.656 76.6031 76.8293 61.4321 50.2156 3473.9 3441.01 49.0654 3386.6 3281.46 84.4077 49.6252 34.7825 3197.05 2952.43 2904.72 627.322 2277.4
internal_count=22163 21773 21380 21153 3064 1520 1378 1093 1544 559 297 135 967 285 534 345 257 18089 17930 177 17535 16928 426 243 183 16502 15437 15200 3268 11932
is_linear=0
shrinkage=0.03


Tree=150
num_leaves=31
num_cat=0
split_feature=6 7 347 93 268 329 20 7 244 189 25 272 184 185 281 160 237 154 108 446 277 160 2 243 237 352 127 266 169 233
split_gain=15.2416 25.3337 18.5345 18.0997 18.5161 15.9883 12.2902 12.2848 20.4891 22.0479 18.8386 18.7869 17.3286 16.4198 15.7226 27.7613 24.1414 19.6724 19.2568 16.7731 16.3085 17.0253 16.2832 15.6736 31.2155 32.6328 24.9795 21.8441 19.2358 17.6151
threshold=0.052699072286486633 0.22729630023241046 -1.1674476861953733 1.9897990226745608 -0.31359647214412684 -0.36675031483173365 0.97012749314308178 0.22432254999876025 -0.012958381790667771 -0.64950051903724659 0.46720869839191442 0.011157177388668062 -0.93107846379280079 -0.66025909781455983 -0.18613725155591962 -0.06007996387779712 0.86458334326744091 0.1513970345258713 0.00067908779601566504 0.35599078238010412 -0.090398781001567827 -0.17157077044248578 0.038962222635746009 -0.015606746077537535 0.81250014901161205 -0.17609602212905881 0.052095917984843261 -0.34134791791439051 -0.18108974397182462 -0.031953072175383561
decision_type=2 2 2 2 2 2 2 2 2 2 2 2 2 2 2 2 2 2 2 2 2 2 2 2 2 2 2 2 2 2
left_child=1 2 -1 4 5 -4 7 8 11 13 12 -2 -11 -10 20 16 17 -16 22 -19 -14 -22 -17 24 25 26 -9 -26 -27 -25
right_child=6 -3 3 -5 -6 -7 -8 23 9 10 -12 -13 14 -15 15 18 -18 19 -20 -21 21 -23 -24 29 27 28 -28 -29 -30 -31
leaf_value=0.01674838681806513 0.0088368597610430002 -0.025357770659752164 0.028629063935012397 0.01758828464600783 -0.020435406778648905 -0.014296776462913521 0.013929037348958225 0.0096917029185442146 0.0096356067595958998 0.022926115609137147 0.017117670346715928 -0.010169156662841673 -0.005964422173433629 -0.024374657838927401 -0.018969738479010862 0.018303296672976088 0.0020842166470072566 0.018086124229872987 -0.0088636007049952021 -0.01308953355028728 0.016110507860963436 -0.0044499456662905378 -0.0044350727394636778 0.0053448267808597714 0.015664691591712288 0.025288882687055647 -0.023346637965917898 -0.02829750845271705 -0.00050564253295126954 0.00015060540334853832
leaf_weight=32.022674474865198 223.57224251702428 47.639822833240032 10.026222310960295 14.707813210785387 63.386944772675633 8.1996026337146741 54.47122410684824 25.967493129894137 11.071610897779463 14.588813660666345 34.203352436423302 52.036408018320799 127.41814089007676 65.268774829804897 248.46835650317371 69.670736083760858 86.229984130710363 22.168220058083534 74.696069674566388 26.148842677474022 88.303429447114468 53.408095102757215 40.320710001513362 988.2186327278614 7.1105931438505641 45.35798766463995 53.155439414083958 57.903585264459252 49.642884481698275 1446.2929569035769
leaf_count=145 1271 1027 39 79 696 87 290 137 62 88 128 318 802 404 1597 323 532 113 534 158 444 314 206 4464 41 181 279 339 244 6804
internal_value=0.000221254 -0.00824076 -0.000826612 -0.00751005 -0.0131837 0.0102926 0.000613269 0.000400589 -0.00205974 -0.00412882 -0.00270358 0.00504827 -0.00364517 -0.0189211 -0.00430718 -0.00711478 -0.0116604 -0.0156444 0.00233889 0.00150292 0.00160739 0.00844638 0.0101115 0.00154574 -0.00566574 0.00110432 -0.0124754 -0.0222883 0.0125973 0.00227263
internal_weight=4141.68 175.983 128.343 96.3206 81.6128 18.2258 3965.69 3911.22 1237.57 961.965 885.625 275.609 851.421 76.3404 836.833 567.703 383.015 296.785 184.688 48.3171 269.13 141.712 109.991 2673.65 239.138 174.124 79.1229 65.0142 95.0009 2434.51
internal_count=22146 2073 1046 901 822 126 20073 19783 7294 5705 5239 1589 5111 466 5023 3463 2400 1868 1063 271 1560 758 529 12489 1221 841 416 380 425 11268
is_linear=0
shrinkage=0.03


Tree=151
num_leaves=31
num_cat=0
split_feature=166 281 352 326 185 346 326 264 418 169 10 266 123 350 142 154 265 129 146 262 132 361 265 264 330 108 271 169 268 154
split_gain=17.2485 19.6686 21.4209 16.7669 16.5695 15.0159 26.0047 23.3447 21.3217 20.9465 21.5448 36.2042 28.654 26.1033 27.9765 23.3693 31.5903 24.2343 22.8056 19.6846 22.4859 19.123 18.9194 18.6696 18.9004 18.2565 17.5664 17.301 25.1496 19.9629
threshold=0.52936139702796947 0.27030144631862646 -0.29835426807403559 -0.5880773365497588 -0.19611613452434537 0.18421678990125659 -0.66918060183525074 -0.33502912521362299 0.29099461436271673 -0.57824474573135365 0.37376695871353155 -0.055977959185838692 1.3167811632156374 -0.010375322308391331 4.6381349563598642 -0.086426064372062669 0.31356346607208258 0.27800767123699194 -1.2499614953994749 0.48246455192565924 2.6168643236160283 0.21031623333692553 0.39738965034484869 0.35063117742538458 0.53996276855468761 0.00490270252339542 0.099999934434890761 -0.1841347739100456 -0.32498927414417261 0.27239841222763067
decision_type=2 2 2 2 2 2 2 2 2 2 2 2 2 2 2 2 2 2 2 2 2 2 2 2 2 2 2 2 2 2
left_child=5 -2 3 -3 -4 6 8 25 -1 -9 12 15 19 22 23 17 -17 21 -14 27 -21 -12 -13 24 -15 -7 -18 29 -29 -11
right_child=1 2 4 -5 -6 7 -8 9 -10 10 11 13 18 14 -16 16 26 -19 -20 20 -22 -23 -24 -25 -26 -27 -28 28 -30 -31
leaf_value=-0.00022186004630141563 -0.01195766446194526 0.010341295009128545 0.029021215110226387 -0.023665448726104866 -0.0042980029969651515 -0.0035937324671133516 0.0038842866426945935 0.010926215102134273 -0.013442875591256552 -0.023269783422889434 -0.011032377718198439 -0.016809531604097323 0.017327659262286462 0.0069407940139918052 -0.01526833345593896 -0.025392609474619573 0.017390654581264438 -0.017156528101235469 -0.0065185707269978703 0.027085414859193795 -0.015357199532724066 0.030817355276773657 0.014694885843097394 -0.010803560385671528 0.024396152443552015 0.018521383597106936 -0.022152199555026397 -0.026049505072866151 -0.003242834142791176 0.016300984859874999
leaf_weight=510.70921979285777 199.95042634941638 16.459685711190104 29.45206556096673 24.468291029334068 17.945061365142465 51.253161489963531 1824.6288203429431 81.347684144973755 133.53198189288378 159.32435860112309 9.422244265675543 61.005635742098093 56.416382219642401 129.19674749299884 29.771069172769785 97.344685398042202 27.288100622594357 20.141374535858631 76.980304703116417 18.46724995970726 13.711021319031714 25.442626651376486 16.625631127506495 21.839912332594395 107.27042051032186 77.790784105658531 7.4995326027274123 49.243392199277878 211.05706256628036 7.199813909828662
leaf_count=2452 2663 192 200 348 221 227 8808 383 648 782 47 307 264 608 139 488 134 99 368 79 90 100 74 111 489 376 33 254 1003 28
internal_value=0.000121976 -0.00686167 0.00459545 -0.0102572 0.0172834 0.000662688 0.00205566 -0.001864 -0.00309334 -0.00316235 -0.00423248 1.97884e-05 -0.00817225 0.00550992 0.00965699 -0.0104669 -0.0170664 0.00535378 0.00385284 -0.0116949 0.0092201 0.019303 -0.00928105 0.0128964 0.0153761 0.00992765 0.00633192 -0.0134192 -0.00816585 -0.0209098
internal_weight=4112.78 288.276 88.3251 40.928 47.3971 3824.51 2468.87 1355.64 644.241 1226.6 1145.25 552.848 592.4 365.709 288.078 187.139 132.132 55.0062 133.397 459.003 32.1783 34.8649 77.6313 258.307 236.467 129.044 34.7876 426.825 260.3 166.524
internal_count=22015 3624 961 540 421 18391 11908 6483 3100 5880 5497 2629 2868 1728 1347 901 655 246 632 2236 169 147 381 1208 1097 603 167 2067 1257 810
is_linear=0
shrinkage=0.03


Tree=152
num_leaves=31
num_cat=0
split_feature=96 6 304 310 7 103 326 233 126 152 254 21 159 21 103 138 325 247 121 143 337 103 233 174 159 131 159 248 417 153
split_gain=14.7702 12.9198 17.5536 24.4792 18.6697 20.4096 25.6889 21.4191 21.2966 22.1053 19.9463 20.3172 23.4676 19.5669 18.9186 17.6403 18.241 40.6168 33.822 25.5644 22.4275 20.9189 19.6867 17.5167 34.7414 18.689 17.899 16.1869 17.5286 19.4267
threshold=2.7881778478622441 0.071922417730093016 -0.4913747757673263 -0.54209765791892994 0.22432254999876025 0.0017323585343547168 -0.49694788455963129 -0.21823204308748242 0.78260958194732677 -0.088177572935819612 0.57500001788139354 1.0203753709793093 -0.022643475793302056 1.172953248023987 0.00024338486400665718 1.2567474842071535 -0.090432696044445024 -0.10078307241201399 3.0105923414230351 1.6256655454635622 -0.068411368876695619 0.019425981678068641 0.050124669447541244 -0.19071616977453229 -0.0086119100451469404 0.87859657406806957 0.14100534468889239 -0.020273953676223751 0.47493734955787664 -0.12719167023897168
decision_type=2 2 2 2 2 2 2 2 2 2 2 2 2 2 2 2 2 2 2 2 2 2 2 2 2 2 2 2 2 2
left_child=1 23 3 -3 10 6 -6 -7 9 -9 -4 -12 13 -13 -8 -11 17 18 -17 20 -19 -21 -23 -1 -25 -26 -27 -18 -29 -30
right_child=-2 2 4 -5 5 7 14 8 -10 15 11 12 -14 -15 -16 16 27 19 -20 21 -22 22 -24 24 25 26 -28 28 29 -31
leaf_value=-0.0078758015673560788 -0.014487907870639612 0.0034280951386366615 0.017131484928776534 -0.0066347956486869164 0.021358241330661609 -0.018170514231589059 -0.018175316741118525 0.011119227275492831 0.011483282078942385 -0.017631478940217792 -0.0044753645600692903 0.011640372939139384 0.014461237088147144 -0.021726585704486396 0.0092286666223342483 -0.032028635620805206 0.016447744940563197 0.0066970920437729913 0.021131142419071776 -0.027769367765940856 0.024641190216825155 -0.0073626882369034526 0.01503374658565529 -0.011250919808196001 -0.0088777092784577596 0.021573149078476034 -0.010054762413058327 -0.018054410128234985 0.010358970486082404 -0.0054462110694070915
leaf_weight=354.64730329252779 54.284900160506368 358.1785091124475 43.648675214499235 530.7800432741642 121.38400788418949 35.341327365487814 26.501922408118844 185.2963022980839 241.33455014228821 41.527880679816008 698.69907924346626 20.426224634051323 113.00299535691738 31.95452755689621 63.065307799726725 36.337230667471886 28.44894827902317 192.76252061501145 8.6935810372233373 17.232871595770121 94.139906754717231 73.832055293023586 55.68018763884902 90.408581059426069 26.237837687134743 97.72441085241735 14.293508257716892 66.588948342949152 82.399891912937164 314.21003542095423
leaf_count=2707 388 1714 199 2851 538 184 137 918 1199 201 3902 77 583 140 290 181 163 810 46 90 452 353 290 571 257 509 82 320 371 1533
internal_value=0.000126559 0.000348884 0.00104522 -0.00257344 0.00229367 0.00415787 0.012754 0.00286592 0.00347551 0.00179513 -0.00116021 -0.0022265 0.00700933 -0.00869974 0.000281683 1.2678e-05 0.000899429 0.00504011 -0.0201017 0.00795257 0.0130674 -0.0021188 0.00246628 -0.00375249 0.00264199 0.0119035 0.0170952 -0.00312512 -0.00457656 -0.00201379
internal_weight=4119.06 4064.78 3481.47 888.959 2592.51 1684.78 210.951 1473.83 1438.48 1197.15 907.732 864.083 165.384 52.3808 89.5672 1011.85 970.326 478.678 45.0308 433.648 286.902 146.745 129.512 583.312 228.664 138.256 112.018 491.648 463.199 396.61
internal_count=22056 21668 17542 4565 12977 8076 965 7111 6927 5728 4901 4702 800 217 427 4810 4609 2222 227 1995 1262 733 643 4126 1419 848 591 2387 2224 1904
is_linear=0
shrinkage=0.03


Tree=153
num_leaves=31
num_cat=0
split_feature=6 21 96 104 191 350 229 97 150 234 115 132 133 265 328 144 243 357 263 446 233 330 61 229 85 282 229 300 189 267
split_gain=13.2996 13.1072 11.8389 14.9915 16.4912 13.4229 18.044 12.3938 19.4038 19.0448 22.2133 18.2888 18.3632 17.1247 18.252 20.9438 16.7056 17.5987 17.798 14.8717 14.4673 14.4715 13.5388 18.1096 14.6297 23.7575 22.0668 19.2948 13.5449 15.0495
threshold=0.035159304738044746 1.4277270436286928 2.7881778478622441 1.0778177380561831 0.32200460135936743 0.97682744264602672 0.16959633678197863 1.4025169610977175 -1.0985984206199644 0.87768107652664196 0.048118712380528457 1.8974664807319643 1.0795683264732363 0.45363967120647436 1.7791274189949038 -1.147055387496948 -0.0038751222891733046 -0.82495906949043263 0.32614266872406011 0.38585607707500463 0.052937943488359458 -0.14142487198114392 0.00033126940252259379 0.011840636376291515 0.026919024996459488 -0.080966755747795091 0.18124188482761386 -0.48751962184906 -0.21986039727926251 -0.099622577428817735
decision_type=2 2 2 2 2 2 2 2 2 2 2 2 2 2 2 2 2 2 2 2 2 2 2 2 2 2 2 2 2 2
left_child=-1 2 3 7 -5 -6 -7 22 11 13 -11 12 -9 14 15 -10 -13 -18 20 -17 21 -19 28 -24 26 -26 27 -25 -2 -30
right_child=1 -3 -4 4 5 6 -8 8 9 10 -12 16 -14 -15 -16 19 17 18 -20 -21 -22 -23 23 24 25 -27 -28 -29 29 -31
leaf_value=-0.022660779335627015 -0.003715431144329249 0.018845036851358021 -0.012697558423884644 -0.0017217517060614835 0.013063295945598323 -0.01452575210127526 0.013374642152232174 -0.022282730437516239 -0.021992060112305617 0.028901697134495793 -0.0034653655368544569 0.016679287703062814 0.012915419818820675 0.0084723265714510138 0.006850101168213699 0.005721171602043355 0.023734701197455764 -0.03572177315678092 0.011521274088242524 -0.012772130840646058 0.005549674366322397 -0.0046842026999342245 0.016218412022896124 -0.01562066867416814 0.0073278322247389734 -0.013981683172324731 0.012543085128977246 0.006386559911036014 0.0095498904236717523 0.00024633749934690471
leaf_weight=15.295478176325558 690.68156328611076 28.028888553380966 54.084229413419962 174.24931523576379 234.09406014531851 37.958626512438059 31.853461243212223 36.648650098592043 155.60541066899896 18.90198877453804 66.528037320822477 83.725950632244349 13.411584805697201 35.248637530952692 36.252556834369898 55.943741627037525 16.261504288762808 22.393226701766253 34.443026706576347 99.054953292012215 23.820286296308041 31.324497472494841 97.331969600170851 55.675355065613985 79.366078615188599 96.976443849503994 189.82273533195257 76.804998969659209 170.08730127848685 1372.4556455016136
leaf_count=393 4014 186 378 876 1255 256 174 201 998 76 455 443 75 188 205 317 84 132 177 495 149 168 493 276 381 507 960 412 769 6681
internal_value=0.000437828 0.000564446 0.000404661 0.000604469 0.00555185 0.00970092 -0.0016001 -6.691e-05 -0.00353675 -0.00716791 0.00522893 0.00292119 -0.0122412 -0.0100107 -0.0120492 -0.0143904 0.00682687 -5.82214e-05 -0.0047947 -0.00607373 -0.0125205 -0.0204223 0.000830673 0.00482052 0.00238125 -0.00442009 0.00614923 -0.00310657 -0.000241142 0.00131747
internal_weight=4134.33 4119.03 4091.01 4036.92 478.155 303.906 69.8121 3558.77 729.564 467.535 85.43 262.029 50.0602 382.105 346.857 310.604 211.968 128.243 111.981 154.999 77.538 53.7177 2829.2 595.978 498.646 176.343 322.303 132.48 2233.22 1542.54
internal_count=22174 21781 21595 21217 2561 1685 430 18656 4163 2734 531 1429 276 2203 2015 1810 1153 710 626 812 449 300 14493 3029 2536 888 1648 688 11464 7450
is_linear=0
shrinkage=0.03


Tree=154
num_leaves=31
num_cat=0
split_feature=348 346 346 145 445 126 127 278 131 129 107 162 244 278 246 336 98 271 229 156 338 155 250 263 271 233 265 247 154 364
split_gain=13.4017 14.6742 11.1012 18.7568 12.7472 14.4711 12.083 16.9724 17.5948 12.7304 12.2981 12.192 10.8847 11.968 10.758 10.4329 25.331 23.9172 26.1218 22.6872 21.9846 18.6802 19.9586 19.1654 15.8598 19.8632 29.5669 36.3366 25.0457 26.0826
threshold=-1.5399227142333982 -1.0492589473724363 1.2741766571998598 -0.19567862898111341 0.90161287784576427 0.32493828237056738 0.8060082495212556 -0.00023582018911838529 2.3521224260330205 0.24537825584411624 0.77543610334396373 0.12664548307657245 -1.3108365282121779e-08 -0.014493225142359732 0.087181691080331816 -0.51023569703102101 1.9054951735597573e-05 0.074999988079071059 0.056343823671340949 0.0065540790092200049 -0.1436638534069061 -0.2717140913009643 0.05963981710374356 0.26381959021091467 -0.025000005960464474 -0.0022521484643220897 0.077812358736991896 -0.041508141905069344 -0.13775816559791562 0.76238638162612926
decision_type=2 2 2 2 2 2 2 2 2 2 2 2 2 2 2 2 2 2 2 2 2 2 2 2 2 2 2 2 2 2
left_child=1 -1 15 4 5 14 7 8 -6 10 -9 12 13 -8 -4 16 -2 20 19 -19 -18 22 -20 -23 -17 -26 27 28 -27 -30
right_child=2 -3 3 -5 6 -7 11 9 -10 -11 -12 -13 -14 -15 -16 24 17 18 21 -21 -22 23 -24 -25 25 26 -28 -29 29 -31
leaf_value=-0.0016888259930228752 -0.017390989806958437 -0.023619378659141464 0.008470430379682866 0.020899591485413333 0 0 -0.01513080729987671 -0.0079024737794463895 0.02884920185305935 -0.022631184316810653 0.020976808404754677 0.009392779751753056 -0.0267815006551867 0.015743175235838233 -0.02612686945043979 0.0051295633862906889 -0.0011543809563916651 0.022654428627368845 0.013461791928729393 -0.0052878502837942027 -0.017145608558289428 0.0035778292659670568 -0.012631764369304594 -0.024073337975414322 0.0035829942514890079 0.0033585722078204473 -0.012130735177353099 0.0058505424044283912 -0.029346643949685242 0.0097337539773441565
leaf_weight=81.780933402478695 74.539108864963055 36.246082995086908 5.3739973139017811 17.356810934841633 42.067924689501524 39.878734901547432 20.124148562550545 30.261736709624529 27.899324810132384 21.938491620123386 13.584490466862915 16.079244568943977 33.017633847892284 12.336209423840044 60.320660755038261 960.4498990662396 748.37032920122147 105.3688115272671 93.650459311902523 30.335475694388151 79.762638913467526 39.000483112409711 29.221183441579342 40.344213677570224 750.75033934414387 55.475452400743961 227.45803117007017 356.40674586594105 67.045644946396351 15.251263957470654
leaf_count=644 742 309 34 71 216 259 149 140 115 128 53 112 231 72 379 5232 3597 455 413 157 451 186 137 193 3965 281 1189 1867 348 67
internal_value=0.000215892 -0.00945301 0.000518793 -0.00460479 -0.00642202 -0.0146424 -0.00204928 0.00336443 0.0131011 -0.00711104 0.00249452 -0.0107326 -0.0162495 -0.00242007 -0.0226092 0.00100406 -0.00122488 -8.4915e-05 0.00655216 0.0163816 -0.00283797 -0.000321453 0.00682904 -0.0111721 0.00214523 0.00017637 -0.00335365 0.000778269 -0.0119192 -0.0217914
internal_weight=4131.7 118.027 4013.67 340.239 322.883 105.573 217.309 135.752 69.9672 65.7847 43.8462 81.5572 65.478 32.4604 65.6947 3673.43 1240.59 1166.05 337.921 135.704 828.133 202.216 122.872 79.3447 2432.84 1472.39 721.637 494.179 137.772 82.2969
internal_count=22192 953 21239 1959 1888 672 1216 652 331 321 193 564 452 221 413 19280 6331 5589 1541 612 4048 929 550 379 12949 7717 3752 2563 696 415
is_linear=0
shrinkage=0.03


Tree=155
num_leaves=31
num_cat=0
split_feature=57 157 157 201 182 313 229 230 133 180 22 177 271 146 268 357 141 164 117 277 129 268 368 357 263 165 229 157 341 187
split_gain=14.8561 12.7622 12.301 11.5182 12.4171 17.1596 14.7256 17.1545 15.3327 13.6784 12.4065 10.6587 11.8915 10.2839 17.1133 27.5742 23.1125 22.066 18.5986 18.2468 21.0668 16.3211 15.0327 15.7343 17.3256 16.5401 23.2289 21.4364 23.6095 17.7508
threshold=0.37446653842926031 -0.23518893122673032 0.51828292012214672 0.96609193086624157 -0.45116993784904474 -0.30976742506027216 0.0085715642198920267 0.78595983982086193 0.29259994626045233 -0.7941187024116515 0.96852278709411632 0.52901628613471996 -1.0000000180025095e-35 -1.8008149862289426 -0.18236264586448667 -0.87336832284927357 2.8849718570709233 0.6554536521434785 1.9734621047973635 0.074900239706039443 0.41800919175148016 -0.1638725399971008 -0.88322344422340382 -0.82495906949043263 0.48136368393898016 0.040011312812566764 0.18777077645063403 -0.064256429672241197 0.26586800813674932 -0.24769404530525205
decision_type=2 2 2 2 2 2 2 2 2 2 2 2 2 2 2 2 2 2 2 2 2 2 2 2 2 2 2 2 2 2
left_child=2 -2 3 4 5 -1 -7 8 9 -8 -9 -11 -13 14 15 17 -17 18 -6 20 -16 -21 -15 24 -24 26 27 29 -29 -25
right_child=1 -3 -4 -5 13 6 7 10 -10 11 -12 12 -14 22 19 16 -18 -19 -20 21 -22 -23 23 25 -26 -27 -28 28 -30 -31
leaf_value=-0.022065744656241938 0.0044122430311281189 -0.01851531212607491 -0.019608927797701917 0.006018861989199 -0.023602342829555225 0.017149185510326733 0.0058028063970539581 -0.0064474647159123129 0.010908158283597197 -0.022094337882691755 0.021061129070000961 0.01325589709076099 -0.014057560242436411 0.0064808900630758531 0.015231940953135929 -0.020613357610553877 -0.00083712506615718876 0.040160555020393666 0.010546655624168452 0.0099047882597471468 -0.010049535894505062 -0.02549927453064706 -0.0070908328005808768 -0.001466066034521809 0.010237355763327837 0.0035879240410512632 0.0043089776546489161 0.0054034223550325691 -0.012534071699828344 -0.018793334834883203
leaf_weight=42.194631889462471 27.615459817461669 62.204525226727128 20.600361336953938 304.86496406048536 14.086007008329032 23.388957686722279 26.191274151206017 20.400536520406604 23.542593859136105 87.960339376702905 27.691755399107933 16.630629323422909 29.608185812830925 408.27668604440987 103.93077097088099 132.38752968981862 88.838766427710652 8.6669578645378333 37.910058204084635 13.337698172777889 34.457691751420498 24.562593467533588 382.28527509607375 87.04286901652813 53.192309588193893 1251.7309470809996 332.55520956590772 201.09339317679405 89.706235095858574 141.52810198813677
leaf_count=560 186 385 357 1387 104 147 165 156 169 538 106 60 126 2173 562 836 510 36 157 67 180 145 2174 438 261 6522 1555 951 479 643
internal_value=6.16165e-05 -0.0115484 0.000342647 0.000481816 1.26545e-05 -0.00578802 -0.00254204 -0.005015 -0.00917964 -0.0125238 0.00986497 -0.0162852 -0.00358529 0.000533476 -0.00360858 -0.00812875 -0.012987 0.00894381 -0.000229308 0.00359639 0.00868405 -0.0132044 0.00118794 0.000317266 -0.00482204 0.00139859 -0.00180898 -0.00575149 -0.000259256 -0.0124791
internal_weight=4118.48 89.82 4028.66 4008.06 3703.2 297.609 255.414 232.025 183.933 160.39 48.0923 134.199 46.2388 3405.59 458.178 281.889 221.226 60.663 51.9961 176.289 138.388 37.9003 2947.41 2539.13 435.478 2103.66 851.926 519.371 290.8 228.571
internal_count=22135 571 21564 21207 19820 2027 1467 1320 1058 889 262 724 186 17793 2597 1643 1346 297 261 954 742 212 15196 13023 2435 10588 4066 2511 1430 1081
is_linear=0
shrinkage=0.03


Tree=156
num_leaves=31
num_cat=0
split_feature=156 157 21 133 348 153 261 437 233 244 267 356 1 248 248 85 265 330 267 250 250 247 244 232 310 266 264 248 307 262
split_gain=12.2951 12.1118 11.2222 11.2188 24.907 21.4482 29.3494 17.5937 26.8701 22.9201 34.2495 25.1143 22.747 20.9403 50.2309 33.2282 25.7586 20.2186 19.1667 21.3021 23.7778 18.4099 22.3906 18.052 19.6837 17.6875 28.3445 28.4112 20.2275 18.866
threshold=-0.29235461354255671 0.51828292012214672 1.4277270436286928 0.17069303989410403 -0.38107700645923609 0.2391573712229729 -0.030588675290346142 0.57979625463485729 0.28752397000789648 0.034796060994267471 0.16392122209072116 -0.58950042724609364 -0.33758540451526636 0.077236961573362364 0.094800047576427474 3.1585477699991322e-05 -0.055156711488962167 0.62858667969703685 -0.030500508844852444 -0.0042216442525386802 0.077738504856824889 0.012071635574102403 0.021496942266821865 0.19280153512954715 -0.21576009690761563 -0.20044122636318204 -0.33502912521362299 0.050495425239205367 -0.51648667454719532 0.64051607251167308
decision_type=2 2 2 2 2 2 2 2 2 2 2 2 2 2 2 2 2 2 2 2 2 2 2 2 2 2 2 2 2 2
left_child=-1 2 3 4 -2 6 -6 13 9 10 11 -9 -13 15 16 -5 -15 21 19 -17 -21 22 23 -16 -25 28 27 -27 -14 -28
right_child=1 -3 -4 7 5 -7 -8 8 -10 -11 -12 12 25 14 17 18 -18 -19 -20 20 -22 -23 -24 24 -26 26 29 -29 -30 -31
leaf_value=-0.0205399185283878 -0.015614427899361516 -0.019615158365512052 0.01714185280091915 -0.0054561983782573766 -0.016277226806331268 0.017697010530378803 0.0012303591437179233 -0.019476432750801454 0.016482976487626626 0.017675888781934764 -0.023974847807276368 -0.01821126158876454 0.012134686372517888 0.00014104811784302951 0.00012757631233921844 0.01553689044403906 -0.029619107770050619 -0.0084934394682222875 0.017775485530045692 -0.019400350259823014 0.0098824921570489568 0.0086740880235483056 -0.020319917646828566 0.0036074294539316229 0.035480590758097001 -0.021256571370283521 -0.0013214504660442501 0.02088110495614217 -0.020079626812740971 0.023017693767537862
leaf_weight=19.115234173834324 116.69412997737527 20.814575397409499 28.086283281445503 120.43509610742331 102.86773067526519 44.853652885183692 392.08626146987081 63.492021050304174 64.298151839524508 42.728952284902334 60.194719921797514 59.353883245959878 17.380889929831028 40.646791074424982 537.00655559077859 69.263803146779537 62.832995053380728 125.66426689550281 225.12991363927722 45.960326038300991 40.644638333469629 429.55064384452999 35.714481476694345 51.737687401473522 21.59541741758585 10.80775188654661 1076.1545498147607 92.183758493512869 67.075088806450367 22.421773046255112
leaf_count=300 1242 381 189 635 529 205 1934 347 327 199 425 504 77 193 2679 371 348 687 1154 243 223 2196 252 258 82 48 5179 424 388 91
internal_value=-1.85918e-05 0.000109758 0.00024682 9.72781e-05 -0.00346733 -0.000655931 -0.00256363 0.000798002 -0.00151047 -0.00235511 -0.0030259 -0.00200933 -0.0010807 0.00281624 0.000790284 0.00798376 -0.018566 0.00256427 0.012281 0.00385771 -0.0058341 0.00391242 0.000671341 0.00213315 0.0153981 -0.000187641 0.000767786 0.0152924 -0.0129138 -0.000672603
internal_weight=4106.79 4087.68 4066.86 4038.78 656.502 539.808 494.954 3382.27 1576.09 1511.79 1469.06 1408.87 1345.38 1806.18 1304.75 501.434 103.48 1201.27 380.999 155.869 86.605 1075.6 646.054 610.34 73.3331 1286.02 1201.57 102.992 84.456 1098.58
internal_count=22110 21810 21429 21240 3910 2668 2463 17330 8009 7682 7483 7058 6711 9321 6695 2626 541 6154 1991 837 466 5467 3271 3019 340 6207 5742 472 465 5270
is_linear=0
shrinkage=0.03


Tree=157
num_leaves=31
num_cat=0
split_feature=157 96 336 265 264 146 346 162 332 148 186 146 147 277 62 266 247 284 233 412 233 146 177 170 247 146 261 123 147 268
split_gain=13.0827 11.3807 11.6071 20.8953 19.2577 19.2283 18.3439 18.5336 16.5306 17.0317 16.8723 22.0883 18.3513 28.0166 29.0887 20.0896 18.7004 17.5461 17.2822 18.0951 18.0183 22.8857 16.9562 16.3527 17.7196 18.6366 17.3572 21.9533 17.1806 16.191
threshold=0.51828292012214672 2.7881778478622441 0.32993310689926153 0.24084027856588366 0.14776366949081424 -2.034775853157043 0.39057092368602758 0.099493108689785018 0.012474637478590013 -1.6519095897674558 -1.0000000180025095e-35 -1.7904428243637083 -0.24004721641540525 -0.021860506385564801 1.7531071705434446e-08 -0.15517978370189664 0.13108284771442416 -0.27246712148189539 -0.1264160946011543 0.25403225421905523 0.37648683786392217 -1.3391499519348142 -0.42938819527626032 -0.43437628448009485 -0.10760840028524397 -0.75615328550338734 0.0052788788452744493 1.0237250328063967 -0.39307557046413416 -0.11645582318305968
decision_type=2 2 2 2 2 2 2 2 2 2 2 2 2 2 2 2 2 2 2 2 2 2 2 2 2 2 2 2 2 2
left_child=1 2 8 5 -5 29 7 -7 9 -1 18 -12 -13 14 -14 17 -17 -16 19 -11 -20 -22 -15 -8 -25 26 -26 28 -28 -4
right_child=-2 -3 3 4 -6 6 23 -9 -10 10 11 12 13 22 15 16 -18 -19 20 -21 21 -23 -24 24 25 -27 27 -29 -30 -31
leaf_value=0.017236870757367129 -0.020727918056892222 -0.012748179892012115 -0.016190589330497929 0.00022075994990357017 -0.017972480603065697 0.015129856453678127 0.029595078861854505 -0.0087703958887950084 -0.0055049237788479533 -0.0085115413767715697 -0.012302018719324296 0.0062384797905608138 0.00019648580316484779 -0.0089877370275952342 -0.018321050724092122 -0.034408573532849492 0.0074319302700306556 0.023426972992648211 -0.0055314224920506817 0.012837383546138786 -0.014742591482809542 0.02961159805628082 0.0074794070376965945 0.017166100841000915 0.0059138121173365138 -0.019801806476166358 -0.030761618449199175 0.0045094321844051819 0.011554853601055877 0.013973027232261926
leaf_weight=46.2636883482337 19.977638078853488 52.873114701360464 54.154998142272234 263.81443065404892 57.949093006551266 271.19895237497985 12.851245678961275 27.49321804009378 497.72507121600211 45.977056922391057 81.471118345856667 747.8092508148402 125.99826749879867 62.981684123165905 11.423377372324468 59.782697634771466 8.1849929988384229 10.802737191319464 806.95343765895814 105.55688535235822 10.574573978781698 22.558214258402586 284.25342257507145 49.844318781048059 230.35796223022044 34.441500067710876 35.691296625882387 48.113319873809814 6.4967300705611697 15.346787065267561
leaf_count=201 374 358 353 1438 378 1557 56 225 2651 283 418 3440 650 501 56 286 32 35 4614 540 80 98 1254 226 1240 172 219 267 42 75
internal_value=9.09539e-05 0.000230484 0.000424881 0.00303187 -0.00333678 0.00565871 0.00713928 0.0127451 -0.000562621 0.000458035 7.85766e-05 0.00220798 0.00317804 -0.000892238 -0.00922247 -0.021555 -0.0290064 0.00236188 -0.00289613 0.00620384 -0.00458767 0.0150917 0.00434436 0.00296283 0.00160361 -0.00084147 0.00154252 -0.00912393 -0.0233146 -0.00872376
internal_weight=4108.92 4088.94 4036.07 1107.75 321.764 785.99 716.489 298.692 2928.32 2430.59 2384.33 1392.71 1311.24 563.427 216.192 90.1938 67.9677 22.2261 991.62 151.534 840.086 33.1328 347.235 417.796 404.945 355.101 320.659 90.3013 42.188 69.5018
internal_count=22119 21745 21387 6248 1816 4432 4004 1782 15139 12488 12287 6672 6254 2814 1059 409 318 91 5615 823 4792 178 1755 2222 2166 1940 1768 528 261 428
is_linear=0
shrinkage=0.03


Tree=158
num_leaves=31
num_cat=0
split_feature=6 21 7 263 243 279 244 234 123 7 267 443 162 267 282 282 246 441 153 159 278 149 251 246 460 267 123 177 157 254
split_gain=12.0985 11.0942 11.0109 21.7279 37.361 29.6409 28.1031 25.26 26.2077 31.2907 27.0434 23.5301 23.03 34.1509 24.9784 28.9466 36.4428 43.7063 25.2577 23.0053 22.986 21.7514 21.4733 21.7621 20.9061 20.4275 47.4701 27.4326 20.2965 18.6477
threshold=0.035159304738044746 1.4277270436286928 0.2363599240779877 0.16471335291862491 -4.2438185118953691e-05 0.013929471373558046 0.003012545639649034 0.75763800740242015 0.0021030030911788349 0.24298233538866046 0.013596769422292711 0.25403225421905523 0.071865689009428038 -0.057344341650605195 0.68147912621498119 -0.18043639510869977 0.29344575107097631 0.61200717091560375 0.16947595775127414 -0.044280607253313058 -0.05166394263505935 -1.5825873613357542 0.46681433916091924 0.15821106731891635 0.64400920271873485 0.082963481545448317 0.76242265105247509 0.3037905246019364 0.05662756226956845 0.79999998211860668
decision_type=2 2 2 2 2 2 2 2 2 2 2 2 2 2 2 2 2 2 2 2 2 2 2 2 2 2 2 2 2 2
left_child=-1 2 -2 4 5 6 20 8 -7 -10 -11 22 14 -14 15 16 -5 19 25 -18 -4 -21 -6 -24 -22 27 -27 -17 -15 -20
right_child=1 -3 3 12 11 7 -8 -9 9 10 -12 -13 13 28 -16 18 17 -19 29 21 24 -23 23 -25 -26 26 -28 -29 -30 -31
leaf_value=-0.022803617466887541 -0.0013813302244400515 0.016903541736996958 0.015144201219183129 0.0071046609266466922 0.014395096416726642 0.016950443871377972 0.012958808391249514 -0.0044357440494780997 -0.0015334076379221169 -0.052956520345717628 -0.011716362629650975 0.011904214332235815 -0.031770861967142773 0.012190909996776782 -0.015337112852110812 0.00619924805445295 0.0085826380527279904 0.0084681554807767428 -0.018244798341023796 0 -0.038252443129095787 -0.043469622596859506 0.0045159945676453679 -0.035025424595305249 0.0070718645862611305 0.013727225215359141 -0.030400759786713551 0.020738876372871012 -0.012984515571075732 0.010783155429913998
leaf_weight=13.938061429187654 2409.9932297840714 27.891874514520168 11.415279593318699 185.70678149536252 18.156421929597855 7.0620279386639586 75.159544603899121 93.24364722892642 27.127444360405207 44.445246456190944 27.689260315150023 165.00252783671021 30.441752785816789 60.67576658539474 41.398196220397949 214.24271392729133 9.8429311476647836 43.42505157738924 40.254765927791595 12.560086365789173 24.750603418797255 44.907756559550762 17.684608913958073 24.579941565170884 9.6738348845392448 58.084047388285398 26.079552046954632 281.58978994563222 43.124014409258962 27.904397383332253
leaf_count=385 13156 191 63 929 84 30 364 454 116 200 129 867 179 316 201 999 59 208 191 67 121 235 89 125 49 286 117 1650 239 122
internal_value=-5.58491e-05 5.75473e-05 -8.3932e-05 0.00178425 -0.00308579 -0.00959337 0.00201135 -0.01651 -0.026078 -0.0301531 -0.0396956 0.00613345 0.00417158 -0.00718885 0.00576863 0.00681067 -0.000914688 -0.0140753 0.010332 -0.0281881 -0.0150784 -0.034897 -0.00906982 -0.0199763 -0.0262194 0.0123593 -0.0011158 0.0146511 0.00147738 -0.00632357
internal_weight=4118.05 4104.11 4076.22 1666.23 545.99 320.567 120.999 199.568 106.324 99.262 72.1345 225.424 1120.24 134.242 985.996 944.598 296.443 110.736 648.155 67.3108 45.8397 57.4678 60.421 42.2646 34.4244 579.996 84.1636 495.833 103.8 68.1592
internal_count=22221 21836 21645 8489 2691 1526 597 929 475 445 329 1165 5798 734 5064 4863 1498 569 3365 361 233 302 298 214 170 3052 403 2649 555 313
is_linear=0
shrinkage=0.03


Tree=159
num_leaves=31
num_cat=0
split_feature=157 51 2 21 22 346 145 139 107 247 187 271 351 266 265 231 149 158 364 162 238 217 164 271 278 155 229 246 278 177
split_gain=13.6324 10.5663 11.6237 10.3379 12.6116 9.46762 15.6304 17.811 15.0913 18.6195 12.3689 14.0694 11.8404 12.9823 11.6192 11.5852 16.0041 16.853 19.7333 14.0563 19.7965 11.1458 14.2895 11.8349 10.8442 26.2569 37.697 42.3211 22.4932 22.1594
threshold=0.51828292012214672 0.22396993637084964 0.12601801753044131 1.4277270436286928 1.5214663743972781 1.2486096024513247 -0.19567862898111341 3.778329730033875 1.4324234127998354 -0.062385151162743561 -0.31258146464824671 0.1749999821186066 1.0308499932289126 -0.045930005609989159 -0.47483736276626581 -0.98004642128944386 -1.8831411004066465 0.011642644181847574 0.68306618928909313 -0.79993703961372364 0.016365975141525272 0.20707555115222934 0.35091355443000799 0.025000005960464481 -0.0012453505769371984 0.40314874053001409 0.19708850979804995 0.21379588544368747 0.042524671182036407 -1.117289066314697
decision_type=2 2 2 2 2 2 2 2 2 2 2 2 2 2 2 2 2 2 2 2 2 2 2 2 2 2 2 2 2 2
left_child=1 3 -3 4 5 14 7 10 -9 -10 -7 12 13 -12 -1 16 -16 -18 -19 20 -17 23 -23 -14 29 28 -27 -28 -26 -21
right_child=-2 2 -4 -5 -6 6 -8 8 9 -11 11 -13 21 -15 15 19 17 18 -20 24 -22 22 -24 -25 25 26 27 -29 -30 -31
leaf_value=0.020033955916161129 -0.020908917134207408 -0.024924526754969062 0.010784852407231564 0.017266702459723435 -0.021807370055053173 -0.024730878935938793 0.01788627797816025 0.011556056885251357 0.018498102337072643 -0.017695859915382521 0.0055955288142713533 -0.026465526822019209 -0.020286438323126252 -0.024738037738795248 -0.029425365837981558 0.027931844213905158 0.0033939629152461392 -0.028560509373407407 0.014002921836881038 -0.014552013698160135 -0.0062519972292064217 0.015764069482225418 -0.016155013822050805 0.010577893206694666 0.0041402522545218165 0.018983940338326927 -0.030836325853851168 0.008323496374147062 -0.0030212590618068557 4.8001984715630273e-06
leaf_weight=21.556941986083984 20.272032449953258 21.81599942967296 6.4120938386768094 25.904094159603119 15.926013939082621 41.497786439955235 19.980728637427092 71.263921080157161 10.904387049376963 40.711818823590875 15.524937538430093 20.699119925498962 22.96460297331214 28.829705994576216 17.439296267926693 33.139819413423538 105.92073051072657 29.61085850931704 8.20464328676462 93.376114970073104 20.411000422202051 56.25496069341898 9.4445600509643537 11.846253607422112 872.2779727363959 177.14415652863681 28.068455021828413 78.166533850133419 708.3818019926548 1486.325193028897
leaf_count=100 381 290 34 182 69 290 82 449 50 286 82 114 112 172 94 192 538 174 33 993 238 208 92 46 4541 870 171 384 3687 7258
internal_value=0.000225486 0.000367998 -0.0159838 0.00051117 0.000371663 0.000499576 -0.00416171 -0.00587191 0.00301292 -0.0085745 -0.0111197 -0.00678251 -0.00281069 -0.0146008 0.000952711 0.000799369 -0.00688627 -0.00284249 -0.0183467 0.00116961 0.0155127 0.00290644 0.00991745 -0.00951957 0.000912516 0.00245979 0.0107559 -0.00319688 0.000924996 -0.000909438
internal_weight=4120.28 4100 28.2281 4071.78 4045.87 4029.95 349.923 329.942 122.88 51.6162 207.062 165.564 144.865 44.3546 3680.02 3658.47 161.176 143.736 37.8155 3497.29 53.5508 100.51 65.6995 34.8109 3443.74 1864.04 283.379 106.235 1580.66 1579.7
internal_count=22212 21831 324 21507 21325 21256 1983 1901 785 336 1116 826 712 254 19273 19173 839 745 207 18334 430 458 300 158 17904 9653 1425 555 8228 8251
is_linear=0
shrinkage=0.03


Tree=160
num_leaves=31
num_cat=0
split_feature=176 243 86 123 280 143 248 237 279 160 267 279 1 419 155 22 109 237 262 356 304 243 128 325 141 84 357 251 247 167
split_gain=11.7755 18.9829 18.3545 28.014 42.0302 20.5872 19.2989 20.6294 22.8137 19.0479 20.9136 17.3568 17.9587 16.6484 15.9646 15.7474 18.2504 14.2316 15.2966 14.193 14.0971 17.8058 19.9316 15.4895 13.5307 12.697 13.2167 12.6464 11.8927 11.764
threshold=0.78102979063987743 -0.0089911338873207552 0.39165855944156652 0.19663094729185107 -0.049819305539131158 1.256928086280823 0.074867729097604765 0.83541670441627514 -0.050148516893386834 -0.54429703950881947 -0.13556548953056333 -0.2585225105285644 -0.034936711192131036 0.39208073914051061 0.42351904511451727 0.44559228420257574 1.6577444076538088 0.78750005364418041 0.14685947448015216 1.303138852119446 -0.36192776262760157 0.019175143912434581 0.68520921468734752 0.22862529754638675 2.0273492336273198 0.048084922134876258 -0.84641891717910755 0.39950901269912725 -0.014086073264479635 -0.63212981820106495
decision_type=2 2 2 2 2 2 2 2 2 2 2 2 2 2 2 2 2 2 2 2 2 2 2 2 2 2 2 2 2 2
left_child=-1 11 3 6 5 14 -3 9 -9 17 -11 -2 -13 -4 -5 20 -17 18 -8 -15 21 22 -6 -22 -7 26 -14 -24 -10 -20
right_child=1 2 13 4 15 24 7 8 28 10 -12 12 25 19 -16 16 -18 -19 29 -21 23 -23 27 -25 -26 -27 -28 -29 -30 -31
leaf_value=-0.0010401983130998843 -0.014206474608869472 0.016735044165960253 -0.0098385898844625917 -0.033942185836917174 -0.032198649037571948 0.011633936524874891 0.010174563547345241 -0.037053950271579573 -0.019866485845300274 -0.01997294944442609 0.017558826031727141 -0.01163824005312317 -0.0091181771439884235 0.016808189135923978 0.001835616484389239 -0.027736104851407102 0.01479234790202506 0.011226108229386276 0.0025772908111588349 -0.013294052728274823 0.02501127762897104 0.013692247246625698 -0.016867354290727304 0.00010247994453416935 -0.013739685699921718 -0.003451301682841823 0.017301411134493485 0.0099290351663322597 0.0094082770650766989 -0.026599306086655165
leaf_weight=2915.0717087434605 20.981287866830826 78.481612429022789 27.592723406851292 68.916705548763275 19.305534139275551 20.034933902323246 16.619553104043007 17.799436502158642 11.888835757970808 9.1396709308028203 98.489825040102005 23.514679729938507 13.655501104891298 118.76339165866375 11.712840616703032 23.764920473098758 7.3999071642756453 29.42054970562458 14.691929869353769 10.271785214543341 40.760761365294456 33.0456378236413 18.51622599363327 44.150464631617069 58.864614248275757 33.123398430645466 218.8690088391304 34.817074961960316 29.780563667416573 38.303842708468437
leaf_count=16553 91 400 138 308 84 92 72 85 64 43 457 109 60 648 52 116 36 143 64 47 232 135 92 244 308 145 877 171 149 183
internal_value=-1.02367e-05 0.00248976 0.00021363 -0.00180428 -0.00735465 -0.0187497 0.00433105 0.000299581 -0.0142643 0.00486956 0.0132551 0.00878586 0.010786 0.00930709 -0.0288936 0.00111966 -0.0165019 -0.00441798 -0.0115881 0.013774 0.00453666 -0.00269226 -0.0108263 0.0131681 -0.00675133 0.0130573 0.0154849 -7.7702e-05 -0.000384493 -0.0189787
internal_weight=4107.75 1192.68 882.533 725.905 381.29 159.529 344.616 266.134 59.4688 206.665 107.629 310.144 289.163 156.628 80.6295 221.761 31.1648 99.0359 69.6153 129.035 190.596 105.684 72.6388 84.9112 78.8995 265.648 232.525 53.3333 41.6694 52.9958
internal_count=22198 5645 4363 3530 1870 760 1660 1260 298 962 500 1282 1191 833 360 1110 152 462 319 695 958 482 347 476 400 1082 937 263 213 247
is_linear=0
shrinkage=0.03


Tree=161
num_leaves=31
num_cat=0
split_feature=168 249 21 455 416 267 243 251 136 350 157 189 150 369 433 248 234 111 266 277 153 266 169 356 169 1 158 359 347 243
split_gain=11.8586 11.709 10.5455 10.2282 21.6114 19.367 17.5435 17.2186 25.5321 34.4961 23.1852 28.7377 22.595 26.7259 23.6917 22.331 21.0059 20.2095 17.6708 17.159 16.6223 15.1868 19.6755 25.7319 24.4175 21.1557 17.9502 17.9768 16.1217 15.6494
threshold=1.0496639609336855 -0.066847424954175935 1.4277270436286928 0.50806450843811046 0.82480818033218395 0.14986750483512881 0.040141522884368903 0.45594392716884619 0.47041445970535284 0.1354634836316109 -0.30141872167587275 -1.0000000180025095e-35 -0.22056772559881208 0.56446951627731334 0.45307917892932897 -0.023434232920408245 0.75159117579460155 1.1262295842170718 0.11051066592335702 -0.048681899905204766 -0.41839832067489618 -0.016338302753865715 -0.1841347739100456 0.48595149815082556 -0.57107508182525624 0.16744197160005572 0.0080631715245544928 0.0087957303039729613 1.0000000180025095e-35 0.01129085384309292
decision_type=2 2 2 2 2 2 2 2 2 2 2 2 2 2 2 2 2 2 2 2 2 2 2 2 2 2 2 2 2 2
left_child=2 -2 3 4 6 7 -1 15 9 10 -9 19 13 14 -10 -5 21 -16 -11 -12 -19 26 23 -23 -25 -26 27 -17 -28 -24
right_child=1 -3 -4 5 -6 -7 -8 8 12 18 11 -13 -14 -15 17 16 -18 20 -20 -21 -22 22 29 24 25 -27 28 -29 -30 -31
leaf_value=-0.00092011223429728747 -0.017426892755029746 -0.0021147163746668401 0.017344934304764841 0.020016463902491854 -0.011958421295976148 -0.0096883494439354741 0.015826128733039582 0.023798438093266684 -0.013037600172771197 0.027176398511316546 0.0094426590197302599 0.010661726313956106 -0.01169115803611781 0.018283696737845957 0.017792870319153876 -0.0040809599475742078 -0.018662338380890382 0.022794460692125307 -0.0053345505405516377 -0.017512592290242452 -0.0022136833828408703 0.00038007944230088132 -0.0027012096060185522 0.0037164841016218489 -0.034432172449170462 0.0099719599822974594 0.010275284816518645 0.012045446312511114 -0.016925255637951917 0.014533046872354707
leaf_weight=1691.0701062791049 58.528292994946241 157.2416299264878 25.735087506473064 38.336925182491541 150.98570169880986 117.76883466541767 51.207243741489947 38.399329939857125 83.452983200550079 115.49288527294993 22.888671087101102 105.93770757131279 92.94691988825798 87.710661858320236 69.626302622258663 81.867868266999722 53.274416221305728 19.501210376620293 14.19321772828698 77.139758976176381 237.95430014654994 90.987432397902012 183.19547343440354 24.308883599936962 66.101647518575191 7.5945592597126952 23.128387708216906 210.63203066587448 52.438402244821191 56.074453676119447
leaf_count=8800 610 1375 179 195 843 718 327 176 444 530 107 499 442 411 349 383 309 99 71 380 1406 464 903 121 330 33 111 1037 260 287
internal_value=0 -0.00673241 0.000384335 0.000237508 -0.00133165 0.0017495 -0.00036056 0.00251573 0.00527515 0.0113361 0.00439109 6.02639e-05 0.00133503 0.00391414 0.000563885 -0.000489982 -0.00158357 0.00426611 0.0234505 -0.0110324 0.000194095 -0.000275264 -0.00409754 -0.0111556 -0.0212766 -0.029258 0.0041376 0.00750688 -0.00830761 0.0015934
internal_weight=4105.72 215.77 3889.95 3864.22 1893.26 1970.95 1742.28 1853.18 965.244 374.052 244.365 205.966 591.192 498.245 410.535 887.94 849.604 327.082 129.686 100.028 257.456 796.329 428.262 188.993 98.0051 73.6962 368.067 292.5 75.5668 239.27
internal_count=22199 1985 20214 20035 9970 10065 9127 9347 4914 1763 1162 986 3151 2709 2298 4433 4238 1854 601 487 1505 3929 2138 948 484 363 1791 1420 371 1190
is_linear=0
shrinkage=0.03


Tree=162
num_leaves=31
num_cat=0
split_feature=20 165 278 357 282 327 164 147 18 429 424 249 126 247 10 108 373 282 410 281 244 244 391 166 327 303 131 153 420 310
split_gain=12.1267 13.1358 16.9823 20.4551 13.9371 16.0334 16.0568 13.5463 13.24 14.244 16.4978 14.0313 13.9635 12.9709 17.3883 14.2772 12.8425 12.8063 12.311 12.2194 12.053 12.7188 13.3174 12.4306 11.9632 12.0017 11.7309 11.4176 10.9046 16.2549
threshold=0.97012749314308178 0.025242170318961147 -0.0094798454083502275 0.75170278549194347 -0.043770141899585717 0.082494568079710021 0.14431568235158923 -1.1127661466598509 0.63123199343681347 0.73508772253990184 0.35599078238010412 0.069898843765258803 0.40591141581535345 -0.038940418511629098 0.50498560070991527 0.00014010644372319805 -0.43296393752098078 0.17239139229059222 0.28801843523979193 0.2095480412244797 4.8021320253610621e-10 0.0025805372279137377 0.41801074147224432 0.16274726390838626 0.21284941583871844 -0.33734759688377375 2.7041920423507695 0.12710750102996829 0.38585607707500463 -0.44087535142898554
decision_type=2 2 2 2 2 2 2 2 2 2 2 2 2 2 2 2 2 2 2 2 2 2 2 2 2 2 2 2 2 2
left_child=1 2 3 13 5 6 -4 -5 9 10 19 12 -10 17 20 27 -8 -1 -12 -6 23 -22 -23 -15 -20 -26 -7 -16 29 -3
right_child=-2 28 4 7 8 26 16 -9 11 -11 18 -13 -14 14 15 -17 -18 -19 24 -21 21 22 -24 -25 25 -27 -28 -29 -30 -31
leaf_value=-0.021618527435584668 0.013683954112076149 0.0023588093325149382 0.017669963991911699 -0.011508565941704371 0.0015055481163537515 0.027349993772773019 0.014229216652350125 0.010059963859104362 -0.02467347133461634 -0.0091652370749024312 -0.009838231102650908 0.0059999744527095842 0.0017188090720731124 0.017342524699288743 -0.036006196614803219 -0.0055588783503324442 -0.014496941243923568 0.0081439358171942842 0.017981603507613977 -0.016582358873718381 -0.027519854560359675 -0.01632832914714779 0.010928769059860359 -0.0019730503486011784 0.015310279413515187 -0.011363110190776363 -0.004684792291481994 -0.00072028110364325058 0.0024956376392667149 -0.0049417361909754659
leaf_weight=100.86520100012422 51.582872003316879 537.71781956963241 26.105444364249706 29.5377302095294 123.12006011232734 40.605524465441704 12.163068629801272 86.517582405358553 54.213643305003643 95.818034753203392 19.479490227997303 27.863666258752346 23.337284505367279 40.680558145046234 30.180309094488621 67.970278114080429 49.206101343035698 10.587478935718535 106.53588739037514 38.347029604017735 17.827563911676407 21.74397124350071 29.670788668096066 75.389129795134068 19.599331639707088 28.36608238145709 10.104941219091414 11.772115528583525 1765.8295262008905 545.1041405601427
leaf_count=474 285 2695 149 142 550 194 51 374 261 521 94 139 133 224 147 339 215 47 476 180 81 100 142 334 98 150 51 50 9964 3492
internal_value=0.000131641 -6.18714e-05 -0.00269146 -0.00671334 0.000445382 0.00871101 0.000453359 0.00414274 -0.0017483 0.000609242 0.00356218 -0.0109241 -0.0171223 -0.00985438 -0.00624672 -0.0153092 -0.00777604 -0.0183884 0.00981276 -0.00323837 -0.000454896 -0.009861 -0.000994174 0.00531279 0.0126744 0 0.0209906 -0.0278381 0.00104385 -0.00131486
internal_weight=4097.84 4046.26 1197.61 522.743 674.866 138.185 87.4746 116.055 536.681 431.266 335.448 105.415 77.5509 406.687 295.235 109.923 61.3692 111.453 173.981 161.467 185.312 69.2423 51.4148 116.07 154.501 47.9654 50.7105 41.9524 2848.65 1082.82
internal_count=22152 21867 5716 2454 3262 660 415 516 2602 2069 1548 533 394 1938 1417 536 266 521 818 730 881 323 242 558 724 248 245 197 16151 6187
is_linear=0
shrinkage=0.03


Tree=163
num_leaves=31
num_cat=0
split_feature=6 267 248 463 201 2 234 271 280 279 331 346 350 247 237 365 351 247 136 133 227 350 263 369 174 227 245 263 451 367
split_gain=11.3036 14.9717 27.7559 24.5226 20.805 19.8725 18.003 15.9794 14.397 14.4931 19.8851 26.593 20.2109 16.1758 19.5817 15.1102 18.3085 17.8376 29.3461 21.3214 18.8393 16.3014 17.2226 22.571 29.9653 24.7934 24.4736 22.1648 22.9712 20.5456
threshold=0.071922417730093016 -0.078259810805320726 0.034295240417122848 0.23669467866420749 0.7679487168788911 -0.2353822439908981 0.76060384511947643 -0.15000000596046445 -0.44213201105594629 0.15237601101398471 -0.31743307411670679 -0.030887432396411892 -0.37076406180858607 -0.050219811499118798 0.7500000298023225 1.0986679196357729 1.1563218832015993 -0.062559053301811204 0.31468354165554052 1.854137182235718 -0.055467247962951653 1.2986900210380556 0.19148580729961398 -0.12871582806110379 -0.32163377106189722 -0.019083865918219086 0.30251111090183264 0.13047346472740176 0.29520697891712194 -1.0275123119354246
decision_type=2 2 2 2 2 2 2 2 2 2 2 2 2 2 2 2 2 2 2 2 2 2 2 2 2 2 2 2 2 2
left_child=1 -1 5 6 -5 -3 -4 -8 -2 15 -11 -12 -13 14 -14 16 21 19 -19 -17 -20 22 23 24 -10 -26 -27 28 -25 -28
right_child=8 2 3 4 -6 -7 7 -9 9 10 11 12 13 -15 -16 17 -18 18 20 -21 -22 -23 -24 27 25 26 29 -29 -30 -31
leaf_value=-0.012593779080801429 -0.014103912837018763 0.036616481511211343 -0.0049498015962280064 -0.013104387205058255 0.008286097451042496 0.0027781076769332201 -0.016294458901585564 0.021000915991193921 -0.028502715344933198 -0.0014855552482687516 0.022166322182145409 -0.025629319499397476 0.010703359219498871 0.012229282420684866 -0.021944423289311833 -0.0067127793618791103 0.011794681336767853 0.013304203902933602 -0.00092732704178079587 0.027840389399798309 -0.02318805312085313 -0.013916388520873228 0.0023511220814657896 -0.0043414511091254193 -0.017259338240598908 0.016179593629234573 0.014625144289266184 -0.0069605886849479961 0.010642247806955923 -0.013667583975540671
leaf_weight=131.41703343763947 52.43496011197567 19.711700633168221 65.331738313660026 224.26734437700361 44.062751241028309 42.5618677996099 6.5415512919425955 61.582629451528192 52.997469360008836 212.19423579797149 103.45213700458407 12.616617653518913 25.253145407885313 122.57215641438961 27.546731978654861 34.842422612011433 118.92479722201824 30.357025669887662 50.919693179428577 19.529382172971964 108.39720832370222 65.801555393263698 1597.6467204596847 142.78027225844562 84.0011215955019 61.634872563183308 24.596974961459637 214.01954177208245 234.06762271560729 81.555615555495024
leaf_count=873 267 106 447 2004 190 178 47 377 297 1042 538 65 122 662 155 204 530 115 325 92 694 341 8030 757 456 318 136 1059 1215 448
internal_value=-0.000125619 -0.00392182 -0.00129307 -0.00427091 -0.00943234 0.0162584 0.00598492 0.0160953 0.00052787 0.000783191 0.00544639 0.0104451 0.00337672 0.00642469 -0.00672896 -2.8046e-05 0.000626505 -0.00706976 -0.0113515 0.00728689 -0.0164749 7.26552e-05 0.000483972 -0.00282738 -0.00936045 -0.00462874 0.00207254 0.000595134 0.00496222 -0.00651979
internal_weight=4073.62 595.477 464.06 401.786 268.33 62.2736 133.456 68.1242 3478.14 3425.71 503.635 291.441 187.989 175.372 52.7999 2922.07 2678.03 244.046 189.674 54.3718 159.317 2559.1 2493.3 895.653 304.786 251.789 167.787 590.867 376.848 106.153
internal_count=22090 4222 3349 3065 2194 284 871 424 17868 17601 2584 1542 1004 939 277 15017 13587 1430 1134 296 1019 13057 12716 4686 1655 1358 902 3031 1972 584
is_linear=0
shrinkage=0.03


Tree=164
num_leaves=31
num_cat=0
split_feature=335 159 156 157 180 417 346 355 7 166 177 369 181 247 103 105 366 263 330 277 229 157 126 123 268 263 7 162 286 160
split_gain=13.8397 12.6112 11.4981 10.4615 10.1299 14.0057 13.2584 17.7696 15.6077 19.3314 16.6571 17.9661 15.0094 15.7591 16.4256 15.093 14.9288 14.295 29.3227 25.2986 18.3779 27.5285 36.7767 29.3726 28.4245 34.5569 25.0163 21.9292 33.7812 26.1606
threshold=-1.3664330244064329 0.0015054093673825266 -0.29235461354255671 0.51828292012214672 -0.5600108504295348 0.25403225421905523 -1.1149943470954893 -1.2866809368133543 0.24868746846914294 0.16986554861068728 1.0911011099815371 0.84181031584739696 -0.81522592902183522 -0.013353093527257441 0.18749443441629413 0.10949083045125009 -0.85774618387222279 0.096441559493541731 0.057441286742687232 -0.060645055025815957 0.23636054247617724 -0.13488397002220151 0.43803082406520849 0.21584101021289828 -0.20045146346092221 0.13734100013971332 0.22473920881748202 -0.77424857020378102 -0.35579724609851832 -0.86396843194961537
decision_type=2 2 2 2 2 2 2 2 2 2 2 2 2 2 2 2 2 2 2 2 2 2 2 2 2 2 2 2 2 2
left_child=1 -1 -2 4 5 -4 12 -8 10 -10 17 16 -6 14 -14 -15 -12 18 -9 -20 21 27 23 24 25 -23 -27 -19 -29 -30
right_child=2 -3 3 -5 6 -7 7 8 9 -11 11 -13 13 15 -16 -17 -18 20 19 -21 -22 22 -24 -25 -26 26 -28 28 29 -31
leaf_value=-0.015597719520269676 -0.019777048582788736 0.00056510749185154693 -0.0093510474597714062 -0.018313382883409057 -0.012703424950963512 5.2711542283364301e-05 -0.011853025525661488 0.01281199225987144 -0.020152932179942445 0.00074161681740904676 0.013272660944929382 0.0072830075517690438 -0.010937442319940378 0.022980532111321599 0.016950741650121996 -0.0046745612484489253 -0.0093392041765290972 0.016539047573408339 -0.020019491623046091 0.0042762806637728686 0.0055439897072453994 -0.031534786856944219 0.013802422305811966 -0.0091981045682361373 0.013452143266091832 -0.019089715562186492 0.014607600902185705 -0.027105208276050161 -0.014397920656095369 0.003919395245170626
leaf_weight=85.092644978314638 17.579367846250534 79.072557173669338 176.41711468901485 18.581641154363751 19.176492515951395 629.54564597737044 84.162210236303508 329.70822955854237 57.640022851526737 100.318344688043 22.574935376644135 95.972648270428181 41.157028139568865 94.154405861161649 24.400087274610996 18.251734660938382 266.87098373472691 25.456682352349162 44.276283675804734 148.26906774379313 700.29813375510275 27.234411332756281 190.01816865429282 229.72156212478876 151.45895494520664 21.94850430265069 56.221810791641474 69.14491169527173 119.10312011837959 151.7615605071187
leaf_count=509 285 435 1039 361 183 3413 529 1841 278 486 86 370 258 448 106 98 1138 144 288 868 3640 141 999 1237 725 134 274 416 618 844
internal_value=0.000300461 -0.00804658 0.000665358 0.000794999 0.000921531 -0.00205555 0.0017045 0.00117572 0.00159845 -0.00735093 0.0021538 -0.00355296 0.0091043 0.0119028 0 0.0183914 -0.00726844 0.00313762 0.0074659 -0.00176427 0.00180959 -0.000710266 0.00285893 -0.00152851 0.00535291 -0.00630467 0.00423152 -0.00727581 -0.00938676 -0.00425701
internal_weight=4095.59 164.165 3931.42 3913.84 3895.26 805.963 3089.3 2892.16 2808 157.958 2650.04 385.419 197.14 177.963 65.5571 112.406 289.446 2264.62 522.254 192.545 1742.37 1042.07 676.603 486.585 256.864 105.405 78.1703 365.466 340.01 270.865
internal_count=22191 944 21247 20962 20601 4452 16149 15056 14527 764 13763 1594 1093 910 364 546 1224 12169 2997 1156 9172 5532 3510 2511 1274 549 408 2022 1878 1462
is_linear=0
shrinkage=0.03


Tree=165
num_leaves=31
num_cat=0
split_feature=166 182 453 245 3 130 229 181 182 263 281 226 348 437 232 264 243 233 10 119 250 232 247 162 165 264 265 464 232 166
split_gain=12.9348 12.9173 15.6115 20.1036 17.3725 23.7621 22.315 18.354 17.3143 15.645 15.4583 12.0524 12.0172 26.909 16.2127 18.2076 17.878 19.7206 16.9432 17.0343 16.6157 12.7066 21.086 28.5421 37.4526 32.0488 24.9394 25.1824 24.5546 23.1528
threshold=0.070701174437999739 -0.25877761840820307 0.23205128312110904 0.24785237014293673 0.18262808769941333 2.1699424982070927 0.18124188482761386 -0.79048830270767201 -0.45297007262706751 0.12422169372439386 0.31141114234924322 -0.17350809276103971 -0.87416550517082203 0.24068965017795566 -0.2424887269735336 -0.23645201325416562 -0.014139816630631684 0.030899657867848877 0.2484906688332558 0.79977002739906322 0.044974658638238914 0.0022314011584967379 -0.038940418511629098 0.071865689009428038 0.26337735354900366 -0.0085144639015197737 0.12894988805055621 0.31909090280532842 -0.11963599547743796 0.17099702358245852
decision_type=2 2 2 2 2 2 2 2 2 2 2 2 2 2 2 2 2 2 2 2 2 2 2 2 2 2 2 2 2 2
left_child=-1 2 -2 -4 6 7 8 9 -5 -6 11 -9 13 14 -3 -16 -17 -18 20 -20 -19 22 29 26 25 28 -24 -28 -25 -14
right_child=1 12 3 4 5 -7 -8 10 -10 -11 -12 -13 21 -15 15 16 17 18 19 -21 -22 -23 23 24 -26 -27 27 -29 -30 -31
leaf_value=0.014444148931871121 -0.013790619514197106 -0.021562309048262469 -0.010704320561805912 -0.0022629519251358672 0.01731994444356031 -0.0091699611382232912 0.010223983194193546 0 -0.029666359428916791 -0.017940515112051039 -0.0017688373839093838 0.024407725327543033 -0.017955411003710838 -0.016875335352767591 -0.013574003971628945 -0.013244710287085298 0.013636994039273757 -0.015673767578823907 0.0017437403507094868 -0.027113091209196503 0.021036889681756449 0.0034787313678179173 0.0067698574612589258 0.00079798087919569758 0.026145091379694396 -0.0016196870368411745 -0.014140932007843773 0.0022974486871751082 -0.036253411294229147 -0.00040601813461764186
leaf_weight=49.587170980870724 110.80466121062636 21.775368859991431 149.06947198137641 45.354987427592278 10.432643502950667 60.297015400603414 38.908766649663448 21.355748005211353 34.962591253221035 26.224760979413986 33.491635506972671 103.74564052931964 111.73529653251171 100.45796536281705 51.321869468316436 36.811668923124671 166.36716777272522 9.4624549727886897 36.775344470515847 27.23608747497201 31.319657893851399 1429.4088973831385 649.23806107975543 20.354755617678165 17.437625296413898 96.84159679338336 114.95265249535441 261.49470516480505 57.223296405747533 160.99973051995039
leaf_count=346 1137 165 1082 212 45 577 160 111 161 156 194 505 561 697 316 206 898 60 204 138 142 7019 3334 115 157 437 685 1276 271 772
internal_value=0.000200599 0 -0.00390395 -0.00163864 0.00206996 0.00645499 -0.00708239 0.0114826 -0.015734 -0.00649688 0.0158007 0.0204283 0.00073603 -0.00361575 9.40395e-05 0.00182219 0.00466586 0.0074072 -0.00262373 -0.011849 0.011251 0.00146426 -0.000468141 0.00122431 -0.0091787 -0.0136406 0.00322941 -0.00286134 -0.0271463 -0.00790266
internal_weight=4085.45 4035.86 634.648 523.843 374.774 255.547 119.226 195.25 80.3176 36.6574 158.593 125.101 3401.21 481.528 381.07 359.294 307.972 271.161 104.794 64.0114 40.7821 2919.69 1490.28 1217.54 191.857 174.42 1025.69 376.447 77.5781 272.735
internal_count=22139 21793 4340 3203 2121 1588 533 1011 373 201 810 616 17453 2826 2129 1964 1648 1442 544 342 202 14627 7608 6275 980 823 5295 1961 386 1333
is_linear=0
shrinkage=0.03


Tree=166
num_leaves=31
num_cat=0
split_feature=166 182 404 252 167 269 6 2 251 252 74 62 7 263 263 250 254 262 153 250 155 245 249 234 353 183 233 130 236 166
split_gain=12.3753 13.4605 18.0244 13.9691 12.7367 11.4879 11.9331 19.418 20.7884 16.6695 24.3144 20.0438 15.4586 37.9935 28.2904 27.2356 32.4081 28.1044 26.7808 25.7493 40.5934 27.448 27.0404 30.1144 44.759 25.4712 25.225 23.8198 21.9478 21.6006
threshold=0.070701174437999739 -0.44372989237308497 0.50806450843811046 0.92087671160697948 -0.55265870690345753 -0.39625731110572809 0.11969999969005586 0.1725462228059769 0.48156183958053594 0.50795570015907299 3.9836177620353671e-15 7.106079336072214e-10 0.23937810212373736 0.54422676563262951 0.42128002643585211 -0.16500818729400632 0.84999999403953563 0.18883661925792697 -0.086341992020606981 0.002963436185382307 -0.72345823049545277 0.34757444262504583 0.016826716251671318 0.67186287045478832 -0.034558009356260293 -0.33254617452621454 -0.10150637850165366 1.0035972595214846 0.013638312462717296 0.16517072170972827
decision_type=2 2 2 2 2 2 2 2 2 2 2 2 2 2 2 2 2 2 2 2 2 2 2 2 2 2 2 2 2 2
left_child=-1 2 3 -2 -4 -3 9 8 -8 10 -7 -12 29 14 15 -14 17 -17 -16 22 27 25 -19 24 -24 -22 -26 -21 -29 -13
right_child=1 5 4 -5 -6 6 7 -9 -10 -11 11 12 13 -15 18 16 -18 19 -20 20 21 -23 23 -25 26 -27 -28 28 -30 -31
leaf_value=0.014202321265507793 -0.017929408237628373 0.01762459784934722 -0.0067452804562326994 0.0092143502937665819 0.0070981081887927251 -0.013501660107166694 0.014700884584015425 -0.019667809852743356 -0.010932026531322733 0.018618626268901411 0.0072955843330098843 -0.012367339969035419 -0.023005209527943084 0.018895871233706979 0.0062794822919149682 0.015718960512030488 0.01194920042278407 0.016270469178907603 -0.020425616152566457 -0.01531649682028443 -0.035259039721524436 0.0046309088272307305 -0.033227671106414364 0.0066472259208879654 -0.022448145316701487 -0.0096194566798752084 0.019285434247366347 0.01739397566604578 -0.019319729558018302 -0.00072090281340230378
leaf_weight=48.636785708367825 111.54926760680974 27.935336373746395 123.49636560119689 14.959207810461519 103.31064445246011 101.5927467579022 45.741047561168671 62.238357082009315 54.798334039747715 39.187908809632063 384.88278943859041 151.83699567615986 29.10978065058589 109.21686900220811 46.514658614993095 84.661852065473795 285.58416264876723 99.961002040654421 91.792044423520565 32.489363513886929 67.736917905509472 39.865909721702337 46.938224893063307 143.14973999373615 12.462802879512308 82.072377897799015 33.109964527189732 86.163996823132038 11.145117476582525 1509.9117711838335
leaf_count=347 1035 128 755 70 631 712 211 569 246 171 1894 682 156 547 229 490 1534 500 447 141 320 205 217 723 63 395 184 444 54 8075
internal_value=0.00014959 -4.15776e-05 -0.00557821 -0.0143263 -0.00037098 0.000496712 0.000329366 -0.00743329 0.000830012 0.000708649 0.000464901 0.000919041 7.21794e-05 0.00251599 0.000905885 0.0026084 0.00349681 0.000138269 -0.0115022 -0.00200436 -0.00802623 -0.0166516 0.00374401 -0.00184219 -0.0146276 -0.0223359 0.00620348 0.00470835 0.0120741 -0.00183877
internal_weight=4082.05 4033.42 353.315 126.508 226.807 3680.1 3652.16 162.778 100.539 3489.39 3450.2 3348.61 2963.72 1301.97 1192.76 1054.45 1025.34 739.757 138.307 655.095 319.474 189.675 335.622 235.661 92.511 149.809 45.5728 129.798 97.3091 1661.75
internal_count=22175 21828 2491 1105 1386 19337 19209 1026 457 18183 18012 17300 15406 6649 6102 5426 5270 3736 676 3246 1559 920 1687 1187 464 715 247 639 498 8757
is_linear=0
shrinkage=0.03


Tree=167
num_leaves=31
num_cat=0
split_feature=6 170 265 10 264 280 358 346 347 3 218 128 355 247 109 254 121 357 131 267 106 271 250 357 267 174 248 246 149 263
split_gain=12.0006 24.0765 22.7676 15.2135 14.7087 12.194 17.4331 12.3015 20.098 19.1415 19.0794 34.0466 17.6647 18.343 28.66 35.002 21.1546 23.834 19.5608 21.8183 19.0428 16.8129 16.2029 15.2321 18.5893 16.9224 19.1629 19.4319 28.409 25.2831
threshold=0.052699072286486633 -0.19071616977453229 -0.036515220999717705 0.73524409532547008 0.17504002153873446 -0.44213201105594629 -0.24737962335348126 0.030868750996887687 0.099921666085720076 0.24810751527547839 0.20707555115222934 1.9366496801376345 0.46099737286567694 0.07228685170412065 1.3947755694389345 0.84999999403953563 1.5182984471321108 -0.33129999041557306 2.0812362432479863 0.065216112881898894 0.084326695650815978 0.074999988079071059 0.13722567260265353 0.05865426920354367 0.072082754224538817 -0.5179786980152129 0.15323621034622195 0.27081225812435156 -1.7463235855102537 0.4890101701021195
decision_type=2 2 2 2 2 2 2 2 2 2 2 2 2 2 2 2 2 2 2 2 2 2 2 2 2 2 2 2 2 2
left_child=1 -1 -3 4 -4 6 -2 12 9 21 -10 -12 13 14 18 -16 17 -15 23 -20 -21 -9 -14 25 -25 -7 -27 -28 -29 -30
right_child=5 2 3 -5 -6 7 -8 8 10 -11 11 -13 22 16 15 -17 -18 -19 19 20 -22 -23 -24 24 -26 26 27 28 29 -31
leaf_value=-0.01995929219438463 0.013977962902384922 -0.021063459093111282 0.021741885516753181 -0.013207586595607421 -0.014096312935140711 0.010844954863414864 -0.020298055341028264 0.0050849352668285233 -0.0010591775804203577 -0.017908427069049652 0.019617010401523832 -0.014533127825235878 0.011718322637731322 -0.015083122844576885 -0.031155014577506055 0.0047983688528071824 0.013742158442459617 0.0072153393092610129 0.013859573325258797 0.0088994427401949544 -0.025060142309724903 -0.0157228312019662 -0.014226156730827246 0.011796416319099589 -0.010702926008918074 -0.0067536840686697646 0.0041171256084565969 0.024240381365546265 -0.025749846790073722 0.0045691431130669832
leaf_weight=71.594796543940902 11.917011847719548 21.296066205948591 54.139529433101416 14.065898934379218 7.0121930483728638 79.732614992186427 46.595869956538081 102.7673442363739 1193.4708939231932 111.50254126824439 93.778237264603376 29.468025073409081 230.40038417838514 58.722913278266788 50.215605303645134 38.817544247955084 193.65425156056881 118.42570747807622 169.48185274749994 24.359284900128841 22.085098322480917 44.196069434285164 17.597380578517914 149.7325349394232 35.527752216905355 560.01282410509884 421.23187421076 12.608566865324972 63.6943289488554 34.424700031057
leaf_count=1206 61 255 390 123 98 401 240 494 6078 750 456 227 1096 322 263 190 1025 534 856 120 128 205 94 807 188 2837 2098 51 378 220
internal_value=7.32656e-05 -0.00760769 0.00218353 0.010126 0.0164525 0.0004188 -0.0124093 0.000638318 -0.00139302 -0.00892386 0.000116688 0.0110289 0.00204582 0.00110224 -0.000247063 -0.0161632 0.0070701 -0.00041172 0.000714843 0.00895438 -0.0082197 -0.0015347 0.00949619 -0.000627796 0.00719447 -0.00190888 -0.00291283 0.0011463 -0.00963898 -0.0154167
internal_weight=4082.53 168.108 96.5137 75.2176 61.1517 3914.42 58.5129 3855.91 1575.18 258.466 1316.72 123.246 2280.73 2032.73 1661.92 89.0331 370.803 177.149 1572.89 215.926 46.4444 146.963 247.998 1356.97 185.26 1171.7 1091.97 531.959 110.728 98.119
internal_count=22191 2072 866 611 488 20119 301 19818 8210 1449 6761 683 11608 10418 8537 453 1881 856 8084 1104 248 699 1190 6980 995 5985 5584 2747 649 598
is_linear=0
shrinkage=0.03


Tree=168
num_leaves=31
num_cat=0
split_feature=96 51 166 280 148 263 10 305 105 136 228 438 2 366 118 281 36 282 376 304 110 441 244 137 313 6 267 362 174 265
split_gain=14.6191 10.7698 12.8618 11.8784 11.4557 18.0053 15.0496 12.1435 12.3486 12.0092 10.8997 10.8127 10.7301 10.6563 12.6892 18.2268 11.4575 12.6122 11.0394 17.7614 20.4754 16.4287 16.4588 16.6471 15.2255 14.4955 18.9118 18.6132 22.3857 17.1589
threshold=2.7881778478622441 0.22396993637084964 0.070701174437999739 -0.02081767842173576 -1.6156669855117796 0.31672953069210058 0.50498560070991527 -1.1328147649765012 0.53551259636878978 0.55278781056404125 0.2834331095218659 0.72902098298072826 0.12316199764609338 1.6031665802001955 3.6513395309448247 0.50384178757667553 0.4769654124975205 0.27682434022426611 0.12973351776599887 -0.4875479638576507 0.25279493629932409 0.36515152454376226 0.0037001380696892743 1.9749299287796023 0.79007020592689525 0.072744261473417296 -0.076911266893148408 -0.81155875325202931 -0.25242881476879114 0.22640945762395862
decision_type=2 2 2 2 2 2 2 2 2 2 2 2 2 2 2 2 2 2 2 2 2 2 2 2 2 2 2 2 2 2
left_child=1 2 3 -1 5 6 -4 8 9 -6 -8 -7 -3 14 18 16 17 -16 21 20 -20 -9 -23 -24 -22 26 -21 28 -28 -29
right_child=-2 12 4 -5 7 11 10 13 -10 -11 -12 -13 -14 -15 15 -17 -18 -19 19 25 24 22 23 -25 -26 -27 27 29 -30 -31
leaf_value=-0.0050014552748571181 -0.014924188401650001 -0.025534647606577875 -0.0086221005865211951 0.023900850653472909 0.0021345980033698705 0.02509737159020433 -0.0068831812178531274 -0.0020292086851777238 0.0076142027411332802 -0.025618921570157997 0.019142695502748459 -0.00060747634872626566 0.0078667111098727656 -0.010076449408956746 0.027027563194998501 -0.018457336652940731 -0.0067215934423827855 -0.0050513821379311969 -0.014874706540877535 -0.018908736008969366 -0.0009395660675425709 0.013123270117439781 0.014559643845560912 -0.01098941503300375 -0.021881848548858027 0.0013842946006291179 -0.0066198770083035078 0.00010000267422460758 0.021762527541129489 -0.016753365337747121
leaf_weight=15.33667156845331 53.089067356660962 21.146315441466871 72.265244580805302 31.092056050896645 17.361809743568301 49.399560138583183 16.354349076747894 235.89026656001806 17.836687117815018 41.61952755600214 37.632614187896252 18.42960699275136 8.0237562805414182 88.386471832171082 50.972680885344744 9.7801906354725343 11.934278827160595 10.538680255413054 145.99350597150624 64.812006870284677 492.81009384430945 200.55500101298094 28.135991806164384 59.029046375304461 26.54635532386601 1932.8406517263502 39.806761440820992 138.82868657633662 48.982868753373623 81.010731853544712
leaf_count=99 387 332 421 241 84 227 98 1426 75 195 209 89 41 620 220 50 73 57 842 468 2618 919 123 321 169 9644 314 960 242 552
internal_value=-0.000236212 -1.36588e-05 0.000131441 0.0147527 -6.4164e-05 0.00690883 0 -0.00044068 -0.0117333 -0.0179305 0.0112014 0.0185694 -0.0163123 -0.000179343 8.13771e-05 0.0111917 0.0165329 0.0214237 -0.000202015 -0.00091464 -0.00520621 0.00378125 0.0085157 -0.00216166 -0.00230673 0.000330923 -0.00501863 -0.00171378 0.00937444 -0.00638951
internal_weight=4066.44 4013.35 3984.18 46.4287 3937.75 194.081 126.252 3743.67 76.818 58.9813 53.987 67.8292 29.1701 3666.85 3578.47 83.2258 73.4456 61.5114 3495.24 2971.63 665.35 523.61 287.72 87.165 519.356 2306.28 373.441 308.629 88.7896 219.839
internal_count=22116 21729 21356 340 21016 1044 728 19972 354 279 307 316 373 19618 18998 400 350 277 18598 15809 3629 2789 1363 444 2787 12180 2536 2068 556 1512
is_linear=0
shrinkage=0.03


Tree=169
num_leaves=31
num_cat=0
split_feature=156 310 138 104 136 122 155 101 263 106 144 162 429 94 266 102 347 146 358 442 157 278 125 416 125 160 122 280 346 60
split_gain=11.7828 10.3132 15.5324 15.7135 18.0961 15.8959 20.8553 20.1994 17.3089 15.7352 16.3129 14.997 14.9837 14.7307 15.0548 15.4695 14.5724 17.0726 14.4244 14.2708 14.2365 14.1712 13.9911 16.2047 13.9666 13.892 14.2116 13.1314 13.1247 12.8399
threshold=-0.29235461354255671 -0.67161038517951954 4.2004077434539804 1.0778177380561831 1.8868966698646548 1.583448112010956 -0.78857260942459095 0.37156955897808081 0.31672953069210058 0.035357482731342323 -0.90701442956924427 -0.37241558730602259 0.48212005198001867 0.077591132372617735 -0.09517632424831389 0.10964374616742135 0.11265261098742486 -1.1943752169609068 1.0173022747039797 0.63245612382888805 -0.31088696420192713 0.03088609874248505 1.5797379016876223 0.19292803853750232 0.50122749805450451 -0.66694107651710499 1.7846460342407229 -0.26403693854808802 0.17281490564346316 0.00034263091220054781
decision_type=2 2 2 2 2 2 2 2 2 2 2 2 2 2 2 2 2 2 2 2 2 2 2 2 2 2 2 2 2 2
left_child=-1 11 3 4 5 7 12 -3 27 10 21 -2 -7 24 15 -15 28 18 -18 -17 -16 -5 23 -22 -9 26 -4 -8 -11 -13
right_child=1 2 25 9 -6 6 8 13 -10 16 -12 29 -14 14 20 19 17 -19 -20 -21 22 -23 -24 -25 -26 -27 -28 -29 -30 -31
leaf_value=-0.02011879919939304 -0.015739723931002855 0.00039807529185148158 -0.016725732398981494 0.033461819968469211 -0.016222946086116768 -0.013153058952042166 0.012886056536970737 -0.0016021385862568089 0.01443219294258611 0.00064418296857371405 -0.0025554964828035068 0.011165286846160647 0.023870274026220734 -0.0094961817760001749 -0.02184359698261442 0.027664061531017893 0.021902283514255876 -0.00067516275658707282 -0.0026677360562257263 -0.0064778058995152545 -0.018342973665701673 -0.0043903489707383574 -0.021976682204122126 0.0010956474414210951 -0.026697014162634015 -0.021168360486175958 0.013785851162358356 -0.015684215747427566 -0.021255564211462442 -0.0031417073378485184
leaf_weight=18.630924276076257 20.58374348282814 2494.7413011873141 16.577261313796043 39.377980247139931 57.738275025039911 6.4185638464987269 12.784541331231592 34.368360070511699 36.708794254809618 77.783754505217075 22.147158922627568 209.3295991178602 68.055151127278805 21.57633107714355 38.815167287364602 31.100546168163419 75.524203352630138 117.15237205848098 26.206940934062004 11.675256632268427 37.874724550172687 8.5839646346867067 27.279498308897018 266.79481024201959 47.745787778869271 51.94414889998734 25.839122857898474 54.103306837379932 28.214997492730618 71.465670939534903
leaf_count=312 176 13212 90 180 318 35 67 200 207 409 125 962 400 163 317 151 362 611 189 85 214 56 140 1467 269 354 164 343 188 361
internal_value=0.000152434 0.000283197 -0.000148908 0.000170244 -0.000518251 -0.000195821 0.00833463 -0.000721783 -0.000466551 0.0057679 0.0180003 0.00555714 0.0196946 -0.00607638 -0.00370173 0.00897906 0.00277255 0.00714553 0.015712 0.0185339 -0.00605608 0.0267999 -0.00376606 -0.00164486 -0.0172624 -0.0117342 0.000968673 -0.0093779 -0.00604784 0.00749966
internal_weight=4057.14 4038.51 3737.13 3642.77 3247.78 3190.04 178.07 3011.97 103.597 394.991 70.1091 301.379 74.4737 517.23 435.116 64.3521 324.882 218.884 101.731 42.7758 370.764 47.9619 331.949 304.67 82.1141 94.3605 42.4164 66.8878 105.999 280.795
internal_count=22127 21815 20316 19708 17588 17270 1052 16218 617 2120 361 1499 435 3006 2537 399 1759 1162 551 236 2138 236 1821 1681 469 608 254 410 597 1323
is_linear=0
shrinkage=0.03


Tree=170
num_leaves=31
num_cat=0
split_feature=376 405 159 307 251 247 167 146 170 123 269 368 7 170 409 157 279 246 178 288 228 205 247 155 309 126 164 245 349 281
split_gain=10.8921 19.0878 15.7773 14.6744 14.2746 15.7766 13.6257 12.5649 14.6899 17.0916 16.161 13.0136 17.4768 16.6373 17.0195 19.1043 16.5764 17.8078 16.1976 15.3337 15.0597 14.9171 12.7062 12.4847 12.0381 11.9871 11.9208 11.8727 13.152 11.6283
threshold=0.12973351776599887 0.19292803853750232 -0.077076181769371019 -0.29093474149703974 0.41591297090053564 0.048390297219157226 -0.55148032307624806 -1.8108335733413694 -0.2507117092609405 0.069164618849754347 -0.016894374042749401 -0.78988215327262867 0.20970652252435687 -0.32588483393192286 0.70900535583496105 0.098109088838100447 0.04541353881359101 0.2813392728567124 -0.260405883193016 -0.18075930327177045 0.14931328594684604 0.70900535583496105 -0.050219811499118798 0.47725977003574377 -0.52037414908409108 0.16977438330650332 0.26334020495414739 0.43787576258182531 -0.30491241812705988 0.15582326799631122
decision_type=2 2 2 2 2 2 2 2 2 2 2 2 2 2 2 2 2 2 2 2 2 2 2 2 2 2 2 2 2 2
left_child=-1 2 24 4 23 -6 -3 8 -8 -10 -11 19 -13 26 15 29 17 20 -17 22 -16 -22 -9 -4 -2 -12 -14 28 -27 -15
right_child=1 6 3 -5 5 -7 7 11 9 10 25 12 13 14 16 18 -18 -19 -20 -21 21 -23 -24 -25 -26 27 -28 -29 -30 -31
leaf_value=0.0036650559781654657 -0.0085876770270206793 -0.0024251279658833321 0.010493239463066109 -0.019442471710187731 -0.01595529124575925 0.0035403369422322447 -0.011166337417999153 -0.010936163391751564 -0.023025275177061419 -0.013326920117708299 0.022042897799374447 -0.010934196765293247 0.015113749488957391 0.0038444476263400757 0.010979712216174595 -0.0093774870666033395 0.0032985002956988515 -0.025428549487594165 0.022312275571116053 0.014227221252779407 -0.021428244772418517 0.0050893778664118944 0.0065099013578189657 -0.015997517220133397 0.028803388217138636 -0.013392295228875292 -0.00086687747480734291 -0.016832756134162501 0.016215541468960665 -0.004410886940662502
leaf_weight=627.55669810622931 8.204446494579317 1156.8606943525374 67.462306229397655 82.30107023473829 111.0503186378628 50.288219621405005 131.4056878965348 46.473066693171859 14.136347355321048 25.164501648396254 42.692214202135801 89.921489344909787 130.97809527814388 493.60939977690578 33.303375851362944 13.483743730932472 102.29678528942168 50.164335317909718 64.667881809175014 165.23830393142998 43.172031389549375 26.310759365558624 118.77610213682055 13.547651354223488 12.077291917055843 12.083325564861296 57.618596149608493 14.731068778783081 43.844760881736875 214.04084820300341
leaf_count=3470 53 6276 302 554 606 262 808 290 106 174 246 701 630 2437 172 76 568 257 289 872 263 130 692 71 52 59 343 105 217 1084
internal_value=5.10874e-05 -0.000612052 -0.00723261 -0.00893805 -0.004883 -0.00992172 0.00013804 0.00167979 -0.00406564 0.00220259 0.00583317 0.0026882 0.00132637 0.00228827 0.000763732 0.00295921 -0.00585378 -0.0119172 0.0164 0.00795429 -0.00402645 -0.0117029 0.00129754 0.00502374 0.0149704 0.0107018 0.0103215 0.00234502 0.00887371 0.00131404
internal_weight=4063.46 3435.9 344.931 324.65 242.348 161.339 3090.97 1934.11 284.058 152.652 138.516 1650.05 1319.57 1229.65 1041.05 785.802 255.247 152.951 78.1516 330.487 102.786 69.4828 165.249 81.01 20.2817 113.351 188.597 70.6592 55.9281 707.65
internal_count=22165 18695 1900 1795 1241 868 16795 10519 1715 907 801 8804 6950 6249 5276 3886 1390 822 365 1854 565 393 982 373 105 627 973 381 276 3521
is_linear=0
shrinkage=0.03


Tree=171
num_leaves=31
num_cat=0
split_feature=6 362 368 278 238 146 234 268 158 126 244 237 127 127 161 307 458 295 351 358 170 143 268 124 162 281 158 105 236 365
split_gain=10.6926 10.5481 10.4868 19.3871 20.8228 17.837 15.5568 18.0222 27.6779 21.4253 21.2274 22.8997 20.0901 19.5171 18.1768 16.6503 15.2136 16.8262 15.7851 19.277 15.1987 14.268 14.0325 17.1775 22.3071 22.1472 16.8553 18.3159 17.3153 25.0595
threshold=0.035159304738044746 1.8676318526268008 -0.78988215327262867 -0.077053502202033983 0.14403053373098376 -1.5272405743598936 0.87087374925613414 -0.15164397656917569 0.077191539108753218 0.11936678737401964 0.0017255526036024096 0.73750004172325145 0.32838028669357305 0.58596035838127147 1.2164721283625115e-05 -0.26292984187602991 0.42020373046398168 0.066203694790601744 0.48690003156661993 0.030054016970098022 -0.37290205061435694 1.8191022872924807 -0.1223740130662918 1.8111404180526736 0.014141517225652935 -0.17415054142475125 -0.040155777707695954 0.046374952420592315 1.0000000180025095e-35 -0.68424859642982472
decision_type=2 2 2 2 2 2 2 2 2 2 2 2 2 2 2 2 2 2 2 2 2 2 2 2 2 2 2 2 2 2
left_child=-1 2 3 5 6 -2 7 9 13 12 11 -11 21 15 -13 -9 17 18 19 -4 -19 -5 -18 24 26 -26 27 -24 29 -28
right_child=1 -3 16 4 -6 -7 -8 8 -10 10 -12 14 -14 -15 -16 -17 22 20 -20 -21 -22 -23 23 -25 25 -27 28 -29 -30 -31
leaf_value=-0.021941384994761549 0.00079339618514760095 -0.011764115730539699 -0.0020812349947076391 -0.029606472787217539 -0.015064960937106426 0.024838071587864007 0.014362357892998247 0.00037101920891433222 -0.02663190664230029 -0.02441236283214351 0.012228507717246626 0.016766502305781965 0.0060807315058983517 -0.0056234592045361458 -0.012637569677578758 0.02115842332116671 0.002069045206447922 0.013278186594011174 -0.0090560568443583973 0.010809344989843509 -0.012564211021840445 0.0033629046678134086 0.0094394915465772118 0.014208463636245951 -0.013468555513574008 0.012460792812742892 -0.024655570907816709 -0.018494451044725965 -0.02284281663481812 0.00051908526488863812
leaf_weight=13.067780467681585 50.058708971366286 60.323637625202537 396.98501886613667 53.613572373986244 56.096770659089088 59.550179470330477 85.582651350647211 50.883463904261589 13.368209732696412 35.909924551844597 85.39973746240139 34.720763251185417 24.549180764704943 49.74743040651083 27.672317337244749 111.33192849159241 1766.5438693892211 16.420380260795355 171.06459949538112 133.62991207651794 225.12041543610394 12.336485933512447 70.247176839970052 38.329805057495832 34.730292372405529 96.736663345247507 42.155811490491033 22.041140090674162 92.964095212519169 125.13153354078531
leaf_count=389 344 462 2240 391 391 264 451 288 80 168 430 195 151 243 169 574 8970 85 943 785 1357 67 330 177 190 515 222 107 548 622
internal_value=-9.68364e-05 8.97183e-06 0.00021024 0.00338875 0.00130947 0.0146537 0.00305661 0.00092721 0.00711542 -0.00417127 0.0017473 -0.00746603 -0.0155559 0.0100751 0.00361473 0.014985 -0.000530618 -0.00372405 -0.00131686 0.00124407 -0.0104407 -0.0235644 0.000788124 -0.00349419 -0.00510007 0.00520048 -0.00899696 0.00182876 -0.0128225 -0.00650005
internal_weight=4056.31 4043.25 3982.92 750.821 641.212 109.609 585.116 499.533 225.331 274.202 183.703 98.303 90.4992 211.963 62.3931 162.215 3232.1 943.22 701.68 530.615 241.541 65.9501 2288.88 522.337 484.007 131.467 352.54 92.2883 260.251 167.287
internal_count=22148 21759 21297 4206 3598 608 3207 2756 1185 1571 962 532 609 1105 364 862 17091 5410 3968 3025 1442 458 11681 2711 2534 705 1829 437 1392 844
is_linear=0
shrinkage=0.03


Tree=172
num_leaves=31
num_cat=0
split_feature=51 166 159 165 229 157 286 162 130 263 265 247 232 328 367 22 106 326 266 228 298 157 267 346 127 352 36 360 266 271
split_gain=12.5725 11.5578 11.6913 11.2797 20.2454 27.1261 17.5714 20.1889 22.5335 16.0895 17.2411 16.1144 19.4451 19.8789 18.5004 16.9757 15.1478 14.7016 20.712 14.4764 14.5163 13.0987 21.2723 15.1833 17.2769 12.9872 12.9376 12.8091 21.0472 32.4316
threshold=0.22396993637084964 0.070701174437999739 -0.0086119100451469404 0.039691681042313583 0.18777077645063403 -0.013582502491772173 -0.30037555098533625 -0.13664405792951581 0.78826668858528148 0.10795545950531961 -0.028402859345078465 -0.12234359234571456 -0.025172629393637177 -0.37002284824848169 -0.89598035812377919 1.4116136431694033 0.00018759652448352429 -0.60473680496215809 -0.065159667283296571 0.20707555115222934 -0.67125391960144032 -0.11207501217722891 0.10502684116363527 0.74836236238479625 1.0089123249053957 -1.0242165923118589 0.54616111516952526 0.69170945882797252 -0.016338302753865715 -0.17499998211860654
decision_type=2 2 2 2 2 2 2 2 2 2 2 2 2 2 2 2 2 2 2 2 2 2 2 2 2 2 2 2 2 2
left_child=1 2 -1 4 5 9 -7 16 -9 10 -3 -11 13 -13 -14 26 -8 18 -6 20 -19 -22 23 -23 -25 -20 -16 -5 -29 -30
right_child=-2 3 -4 27 17 6 7 8 -10 11 -12 12 14 -15 15 -17 -18 19 25 -21 21 22 -24 24 -26 -27 -28 28 29 -31
leaf_value=-0.0073652081174628474 -0.017734751769098989 0.012837823031361367 0.022372042252139061 0.0024171004401563464 0.0097948098365785979 0.009699751135263307 -0.010265854577479028 0.003376906042614339 -0.016662872230930395 0.010968569019517229 -0.0077975857598727117 -0.019961014574059441 0.0033726401352841763 0.0024656741707242227 -0.031494999903315397 0.0092740508511619107 0.017282861299307565 0.014405377347814274 0.010477551835342569 0.013778360564413828 0.0056409199136012757 -0.0053027416569778217 0.017918710409482001 -0.039859150606741556 0.0057729863205628696 -0.02000843271689549 0.0030676685824071294 0.0031050290614716347 0.019752056236721657 -0.011990185706235619
leaf_weight=12.234620347619055 28.159213262610137 43.879826821386814 33.287209250032902 1990.149986394681 38.695331882685423 128.94276558980346 19.745401553809643 81.683993373066187 114.53704825788736 17.096189863979816 120.9840906560421 52.027478381991386 19.295032061636448 84.500786982476711 117.66066748648882 7.6945277154445639 52.711632512509823 57.636726967990398 10.086385779082773 113.22304233908653 125.98188579082489 106.36069311574101 19.570944663137197 20.829927586019043 7.5127399861812583 67.553249061107635 8.7008902803063375 272.74990360811353 26.08609613776207 248.07123480178416
leaf_count=76 377 212 259 11239 162 603 95 394 560 78 586 271 91 401 563 39 217 287 43 507 593 539 81 104 33 314 37 1588 137 1620
internal_value=0.000122705 0.000281031 0.0142634 9.34263e-05 -0.00202172 -0.00488707 0.000865886 -0.00347418 -0.00843997 -0.00969882 -0.00194503 -0.0136934 -0.0154076 -0.00656412 -0.0225852 -0.0263778 0.00940034 0.00235641 -0.00684391 0.00482025 0.00156934 -0.00132064 -0.00706871 -0.011479 -0.0287187 -0.0153849 -0.0290003 0.00129777 -0.00273548 -0.00851599
internal_weight=4047.65 4019.49 45.5218 3973.97 1436.91 869.46 397.621 268.678 196.221 471.839 164.864 306.976 289.879 136.528 153.351 134.056 72.457 567.451 116.335 451.116 337.893 280.256 154.274 134.703 28.3427 77.6396 126.362 2537.06 546.907 274.157
internal_count=22106 21729 335 21394 6810 4147 1869 1266 954 2278 798 1480 1402 672 730 639 312 2663 519 2144 1637 1350 757 676 137 357 600 14584 3345 1757
is_linear=0
shrinkage=0.03


Tree=173
num_leaves=31
num_cat=0
split_feature=156 449 263 245 278 247 166 287 10 179 229 418 85 327 233 232 248 6 266 444 243 282 159 178 161 10 442 231 10 369
split_gain=11.2972 9.68652 16.7938 23.4739 19.1788 32.4858 16.5 14.6007 17.4297 19.3136 18.9742 17.3459 14.0208 13.7438 13.1999 15.673 14.4502 13.0045 22.6632 18.2487 16.2113 14.6898 16.4082 25.4132 13.0325 23.0604 22.9297 17.1201 16.7239 22.9284
threshold=-0.29235461354255671 0.22401433438062671 0.58067151904106151 0.24194202572107318 0.010222748853266241 -0.078652549535036073 0.33306232094764715 -0.27354557812213892 0.40253517031669622 -0.260405883193016 0.03680612891912461 0.29520697891712194 1.6593002328590959e-05 -0.76461830735206593 -0.073911130428314195 -0.14809477329254148 0.37150469422340399 0.072744261473417296 0.017102323472499851 0.4629120826721192 -0.0071479273028671733 0.18107438832521441 -0.0086119100451469404 -0.18108975142240522 0.036055913195014007 0.52040067315101635 0.65450927615165722 0.93449658155441295 0.34011973440647131 -1.0000000180025095e-35
decision_type=2 2 2 2 2 2 2 2 2 2 2 2 2 2 2 2 2 2 2 2 2 2 2 2 2 2 2 2 2 2
left_child=-1 2 3 4 14 -6 -4 8 -5 -10 13 -9 -7 -11 -2 -16 -17 18 21 20 -20 22 -3 -24 27 -26 -27 -19 29 -29
right_child=1 17 6 7 5 12 -8 11 9 10 -12 -13 -14 -15 15 16 -18 24 19 -21 -22 -23 23 -25 25 26 -28 28 -30 -31
leaf_value=-0.019941085218318964 0.0076527813286370759 -0.0031201915881692013 0.024793385564795187 0.010615742505666203 -0.029399826105631386 -0.0084462166636235635 -0.014349491546637316 -0.00038702360816640218 -0.016921062067749439 -0.0032862335949991398 -0.0089812442537627931 -0.015727827232711676 0.016329426177402472 0.027204344652109972 0.0084612555763760137 -0.037742139484716865 0.0029973089539547704 0.00023175441244781652 -0.025045152934387312 -0.021031737714242393 0.0057317811982661448 -0.0089148250401846919 -0.00072939420763151101 0.028911638672146862 -0.0045566786803691046 0.041582660342605236 -0.0042781593091597335 -0.010159332630454635 0.011595207632692764 0.0083923590239912554
leaf_weight=18.179895125329494 7.0457177888602009 84.825745671987534 29.020848147571087 153.29174975026399 24.767943697050214 28.343070748262107 7.6982837663963428 201.30890546366572 52.946288292296231 17.755750596523285 42.378453997895122 93.309095352888107 43.537973698228598 29.996658887714148 6.1684366054832926 52.134314061142504 7.3611574452370396 2256.175201555714 12.767874950543044 89.285484328866005 62.448089504614472 75.094596041366458 49.364889107644558 45.801208715885878 30.807765740901232 24.838578205555677 11.874178718775509 97.388074981048703 255.2249507214874 133.73737232014537
leaf_count=313 44 534 111 844 127 164 265 1104 391 110 271 612 184 147 56 345 45 11280 101 704 370 484 278 229 256 124 111 549 1316 625
internal_value=8.69042e-05 0.000214379 -0.00272967 -0.00374929 -0.0133599 -0.00392894 0.0153632 -0.000853475 0.00378383 -0.00361959 0.00474243 -0.00553271 0.00654455 0.0167046 -0.0243183 -0.0283 -0.0327588 0.000948539 -0.00392884 -0.0123735 -0.00105245 0.00166199 0.00629944 0.0144369 0.00168849 0.0140888 0.0281997 0.00134429 0.00640753 0.000462384
internal_weight=4044.88 4026.7 797.065 760.346 169.359 96.649 36.7191 590.987 296.369 143.077 90.1309 294.618 71.881 47.7524 72.7096 65.6639 59.4955 3229.63 419.588 164.501 75.216 255.086 179.992 95.1661 2810.05 67.5205 36.7128 2742.53 486.35 231.125
internal_count=22094 21781 4820 4444 965 475 376 3479 1763 919 528 1716 348 257 490 446 390 16961 2700 1175 471 1525 1041 507 14261 491 235 13770 2490 1174
is_linear=0
shrinkage=0.03


Tree=174
num_leaves=31
num_cat=0
split_feature=6 174 134 268 104 355 346 348 264 105 295 307 267 158 161 277 158 269 351 290 279 351 237 349 254 339 99 139 262 127
split_gain=10.2866 17.4268 17.2068 22.2041 17.2732 14.6109 10.4174 13.7319 16.0271 13.1551 14.058 16.387 12.4105 10.3796 9.84969 22.6286 30.0909 22.5583 17.9955 17.9037 17.3635 29.9081 18.3004 20.0442 19.2272 22.9249 21.0519 22.2848 16.6565 24.5169
threshold=0.052699072286486633 -0.260405883193016 1.0330291390419009 -0.29531449079513544 1.4694051742553713 -0.50469839572906483 -1.097229480743408 -1.0078865289688108 -0.074991364032030092 0.00046589119301643228 0.40693673491477972 -0.39011490345001215 -0.028179533779621121 0.054662138223648078 -0.0010769036598503587 0.027834235690534118 0.019556535407900814 -0.024211950600147244 0.87530469894409191 -0.4298266321420669 0.16113524138927462 -0.22185330837965009 0.85227277874946605 -0.52423050999641407 0.79999998211860668 -1.0000000180025095e-35 0.0042591874953359374 3.1848727464675908 0.22199287265539172 0.66358947753906261
decision_type=2 2 2 2 2 2 2 2 2 2 2 2 2 2 2 2 2 2 2 2 2 2 2 2 2 2 2 2 2 2
left_child=1 -1 3 -3 -5 -4 9 8 -8 -2 -11 -12 -10 -14 -9 20 18 19 -17 -18 22 -22 24 -24 28 26 -26 -28 -16 -30
right_child=6 2 5 4 -6 -7 7 14 12 10 11 -13 13 -15 15 16 17 -19 -20 -21 21 -23 23 -25 25 -27 27 -29 29 -31
leaf_value=-0.020826594580429257 -0.0076034439637590722 0.014408021417358729 0.025702194665293391 -0.024811512832624859 0.019657532037854048 -0.0050382794388039113 -0.019815213963111797 -0.0017085821454307134 -0.013126589616971841 0.013627772323642753 -0.023648975987432545 0.0076521527980998724 0.011282247522298595 -0.013575815888440717 0.0055985327835904658 0.018993108082211482 0.0073748335434428896 0.0045773030140044153 -0.0033583424426052006 -0.022972413281919787 0.02432720292445335 1.8169881258634865e-05 -0.014687112420998761 0.011470729976080051 -0.021078196687323948 -0.012716431988591907 0.015650386358277143 -0.0070239844677622825 0.0001725706312388781 -0.016716068588619536
leaf_weight=48.660926322452724 44.45283880084753 19.020905269309878 25.072011895477772 46.254360584542155 3.6283878013491622 20.308284165337682 58.815267665311694 1193.128051891923 41.34045734629035 159.77601582556963 16.371780313551426 35.409533865749836 61.249759862199426 12.737707640975712 291.7780910693109 180.62539185024798 21.358543483540416 395.18798290751874 35.957357881590724 45.92361562885344 59.472821559756994 147.51696406304836 25.089368127286434 150.8983067907393 24.966205067932606 289.37769039161503 80.72384381853044 63.898931510746479 346.73038936778903 92.091568555682898
leaf_count=965 301 143 121 637 17 174 340 6282 228 730 82 154 284 83 1538 873 121 1974 201 276 287 752 149 873 148 1506 412 290 1674 484
internal_value=0.000162746 -0.00705803 -0.000245286 -0.00943938 -0.0193713 0.0129101 0.000481276 5.92638e-05 -0.00798889 0.00624642 0.00935494 -0.00370346 -0.00108307 0.00606952 0.000484545 0.00165303 0.00620013 0.00177709 0.0152464 -0.0134103 -0.000322614 0.00761908 -0.00156678 0.00726502 -0.00291701 -0.00767917 0.00102005 0.00570112 0.000104855 -0.00355496
internal_weight=4037.82 162.945 114.284 68.9037 49.8827 45.3803 3874.88 3618.87 174.143 256.01 211.557 51.7813 115.328 73.9875 3444.73 2251.6 679.053 462.47 216.583 67.2822 1572.54 206.99 1365.55 175.988 1189.57 458.967 169.589 144.623 730.6 438.822
internal_count=22099 2057 1092 797 654 295 20042 18775 935 1267 966 236 595 367 17840 11558 3445 2371 1074 397 8113 1039 7074 1022 6052 2356 850 702 3696 2158
is_linear=0
shrinkage=0.03


Tree=175
num_leaves=31
num_cat=0
split_feature=6 248 177 235 289 177 264 362 230 230 228 10 367 167 301 453 288 263 146 10 280 183 155 163 336 127 266 329 368 253
split_gain=11.8516 15.9541 20.0442 17.3012 15.2738 21.5798 17.2822 22.6999 21.6154 16.7299 11.4468 12.3957 10.8267 10.5044 13.8751 13.735 14.3261 13.3391 12.6024 16.7675 25.232 14.8767 13.7481 13.6563 13.6254 13.2864 11.0076 11.7878 10.8307 12.6966
threshold=0.071922417730093016 0.031822824850678451 -1.3301780819892881 0.27981360256671911 -0.28195883333683008 1.3581634163856509 0.012309111654758455 -0.66733703017234791 0.63652834296226513 -0.44118286669254297 0.3114724606275559 0.2484906688332558 -0.24504214525222776 -0.55148032307624806 -0.65577277541160572 0.20942982286214831 -0.80417498946189869 0.58993676304817211 -1.6349759697914121 0.34011973440647131 -0.23799040913581845 2.2360681295394902 -0.59709304571151722 0.040102493017911918 0.34753099083900457 0.06306046620011331 -0.075013540685176835 -0.45706954598426813 0.86254411935806286 0.17094204574823382
decision_type=2 2 2 2 2 2 2 2 2 2 2 2 2 2 2 2 2 2 2 2 2 2 2 2 2 2 2 2 2 2
left_child=1 2 -1 4 5 6 9 8 -8 -3 11 -4 -12 14 26 17 -17 -15 19 20 -18 23 -22 24 -20 -21 -2 -28 -25 -30
right_child=13 3 10 -5 -6 -7 7 -9 -10 -11 12 -13 -14 15 -16 16 18 -19 21 25 22 -23 -24 28 -26 -27 27 -29 29 -31
leaf_value=0.03392514541030521 -0.0070224443660375563 -0.00084679827718842679 0.0064661264199591603 0.0144907024106445 -0.012587605593179873 0.023529098878072526 0.028771814968496904 -0.010567997184865245 -0.0085539411531361589 -0.024213934434593642 -0.011859094870515428 -0.023834379528091768 0.018835438589595684 -0.0042639912823077024 -0.0028647151600340432 -0.013094172071945675 0.016282694307615499 0.019562177928953449 -0.0043972030478900389 0.019741762174436014 -0.002786288765414474 -0.0092765343907871729 -0.023880132024725796 0.0054720899216276079 0.0091760703631422434 0.00012392987540845259 -0.00014879596095073182 0.015566671190071648 0.015752886208892966 -0.0095335002181414948
leaf_weight=13.194412927143274 43.698267489671707 55.708864193409681 17.192619237117469 27.921619266271591 242.24370320141315 20.11487902700901 34.339389607310295 44.173304330557585 16.571273941546679 50.673068318516016 8.5754836201667768 19.687153594568372 29.193281944841146 386.86482481658459 1062.1214940529317 41.067958820611238 21.87632841616869 15.347307078540323 211.04203419387341 31.326979584991932 51.549483584240079 58.460647229105234 63.174289403483272 875.52823245711625 88.756336621940136 170.47357943281531 72.268441073596478 93.943802889436483 174.11053817719221 14.676296807825564
leaf_count=83 244 345 78 201 2253 78 160 254 111 366 53 113 120 2026 5498 200 117 66 1008 156 294 332 348 4519 477 1017 331 482 737 94
internal_value=3.24448e-05 -0.00390989 0.00740661 -0.00602805 -0.00748263 -0.00164109 -0.00491021 0.00417287 0.0168757 -0.0128777 8.4092e-05 -0.0106915 0.0108671 0.000699288 -0.0014618 0.00195184 0.0030725 -0.00301011 0.00350582 -0.00164761 -0.00953149 0.00474112 -0.0151935 0.00539381 -0.000226886 0.00377938 0.00545173 0.00894316 0.006978 0.0134629
internal_weight=4055.88 579.589 87.843 491.746 463.824 221.581 201.466 95.084 50.9107 106.382 74.6485 36.8798 37.7688 3476.29 1272.03 2204.25 1802.04 402.212 1760.97 338.401 136.6 1422.57 114.724 1364.11 299.798 201.801 209.911 166.212 1064.32 188.787
internal_count=22161 4215 447 3768 3567 1314 1236 525 271 711 364 191 173 17946 6555 11391 9299 2092 9099 1932 759 7167 642 6835 1485 1173 1057 813 5350 831
is_linear=0
shrinkage=0.03


Tree=176
num_leaves=31
num_cat=0
split_feature=21 6 163 237 254 262 2 174 219 75 90 347 161 316 36 265 271 182 244 65 65 7 254 231 231 227 247 269 136 126
split_gain=10.3228 10.3395 17.4442 23.2781 25.3849 29.0823 21.5705 19.8709 14.9873 13.0684 15.405 14.8588 12.4115 11.6239 11.5722 12.1416 11.0888 10.8179 10.6014 10.5663 12.1234 11.2605 31.6408 34.3032 28.3146 27.188 41.4239 37.9809 37.5781 38.8957
threshold=1.4277270436286928 0.10715577751398088 0.17721415311098102 0.85000005364418041 0.72500002384185802 0.43472324311733251 -0.23191646486520764 -0.17960531264543531 0.14931328594684604 3.3506705710787544e-14 0.0018231199355795982 -0.22578049451112744 0.0038719809381291275 -0.96328896284103382 1.0000000180025095e-35 0.27773773670196539 0.1749999821186066 -0.63746556639671315 0.0092960069887340086 6.4390461278901476e-12 2.9890706576551911e-09 0.23937810212373736 0.84999999403953563 0.61497837305068981 0.96953999996185314 0.026228661648929123 0.059129033237695701 -0.081666477024555192 0.58686599135398876 0.00062850434915162634
decision_type=2 2 2 2 2 2 2 2 2 2 2 2 2 2 2 2 2 2 2 2 2 2 2 2 2 2 2 2 2 2
left_child=1 9 3 4 8 6 -6 13 -3 11 16 -1 -5 -4 18 -16 -11 -15 -8 -12 -21 -22 25 -24 -25 26 28 -27 29 -23
right_child=-2 2 7 12 5 -7 14 -9 -10 10 19 -13 -14 17 15 -17 -18 -19 -20 20 21 22 23 24 -26 27 -28 -29 -30 -31
leaf_value=-0.020641879931531194 0.016809683970096311 -0.0010081418962631906 0.0028534436268926305 0.019651344195555059 0.016152400768424714 0.011587298263275845 -0.015565640160569938 0.019610811872984336 0.02051320360514719 0.0062931108009305686 -0.0093584328771504233 0.0017197765937084935 -0.0088396858954612953 0.00061177269147633876 -0.03400777503020154 -0.00440519848866271 0.031185951866218215 -0.02336621556047468 0.0086699434125900744 0.0078573106010214472 -0.0016223562847566058 0.017291476432742474 0.014809903281181164 -0.012968416230781953 0.017846180516049612 -0.022039834595090457 0.012214916084868691 0.0087174728308063668 -0.0013183558954431125 -0.022799145422149374
leaf_weight=49.253822113387287 25.026844285428524 83.655963599681854 22.227705832570791 57.550746738910675 11.122487127780913 35.722849242389202 49.883779980242252 9.5610037222504598 36.526837639510632 140.12901984341443 94.348883836530149 47.571475027129054 12.528819121420382 18.828499814495444 56.716573461890221 19.437152937054634 12.787015330046414 96.118000667542219 16.916103564202785 181.56594792567194 1666.0727633833885 19.206919514574111 275.7462287414819 86.240290436893702 30.754000058397651 33.667329400777817 96.654159345664084 324.98771777097136 271.04091221094131 179.29205806367099
leaf_count=671 184 345 226 276 38 164 218 54 179 667 564 240 53 179 259 77 57 939 61 917 8892 147 1486 444 180 162 543 1723 1376 908
internal_value=-0.000150115 -0.000286797 -0.00417814 -0.00068665 -0.00429569 -0.0109916 -0.0165678 -0.0127102 0.00621924 0.000301516 0.000622186 -0.010179 0.0140813 -0.0158785 -0.0198188 -0.0275853 0.00971432 -0.0195428 -0.00904583 0.00017253 0.000479962 1.01748e-05 0.00208008 0.009136 -0.00423337 -0.000951099 -0.00503158 0.00543488 -0.00873106 -0.018412
internal_weight=4061.14 4036.12 526.797 380.061 309.982 189.799 154.076 146.735 120.183 3509.32 3412.49 96.8253 70.0796 137.174 142.954 76.1537 152.916 114.947 66.7999 3259.58 3165.23 2983.66 1317.59 392.741 116.994 924.849 566.194 358.655 469.54 198.499
internal_count=22229 22045 3068 1670 1341 817 653 1398 524 18977 18066 911 329 1344 615 336 724 1118 279 17342 16778 15861 6969 2110 624 4859 2974 1885 2431 1055
is_linear=0
shrinkage=0.03


Tree=177
num_leaves=31
num_cat=0
split_feature=156 368 158 182 234 264 262 111 124 154 136 6 7 107 267 61 266 109 351 233 335 244 128 248 286 248 369 237 159 266
split_gain=10.5127 9.74012 16.4888 17.5196 14.6412 19.5882 15.5942 23.5106 15.3623 14.3735 13.9323 13.1494 17.2831 13.0927 12.8124 12.7186 12.0199 11.8292 11.7293 11.4907 17.0773 12.6725 11.2341 11.666 11.0125 13.8198 10.8874 16.1695 24.2495 16.5657
threshold=-0.29235461354255671 -0.91860419511795033 0.022680847905576233 -0.1874018386006355 0.84852421283721935 -0.23722053319215772 0.2693560272455216 1.5176612138748171 1.6553540229797366 0.23757725208997729 1.6793071031570437 0.052699072286486633 0.22729630023241046 2.3373893499374394 0.0074607077986001977 0.075242906808853163 0.16097118705511096 0.072360932826995863 0.059431614354252822 0.45897345244884497 -0.23414661735296247 -0.0365808717906475 0.37879359722137457 0.37150469422340399 -0.37278646230697626 0.072403889149427428 -0.69833949208259571 0.85852268338203441 -0.0092766727320849878 0.045835848897695548
decision_type=2 2 2 2 2 2 2 2 2 2 2 2 2 2 2 2 2 2 2 2 2 2 2 2 2 2 2 2 2 2
left_child=-1 2 3 14 6 -6 8 18 9 16 -9 12 22 19 -2 17 -5 -4 -8 21 -21 -13 -3 -24 -19 -26 27 29 -29 -23
right_child=1 11 15 4 5 -7 7 10 -10 -11 -12 13 -14 -15 -16 -17 -18 24 -20 20 -22 26 23 -25 25 -27 -28 28 -30 -31
leaf_value=-0.019583061685093009 -0.0155419621440022 0.01240807954333722 0.01684008911249198 0.020536905728242329 -0.0091126754221702473 0.027170242948799519 -0.00045884695065377267 0.015378558734858268 -0.011419140393466115 -0.01467085935877758 -0.015122963532841137 -0.020994674705986864 -0.025825106980660678 -0.014204790159514388 0.0066564926936271366 0.010579530826175377 -0.01039185653871332 0.0044121849193061082 -0.023986690836452117 0.027571139462517991 -0.0097798512478492854 -0.0122512857014651 -0.01568213746282732 0.017012890527219788 0.0055737992718882046 -0.021157362127258515 0.00065487261927028178 -0.013571315303590892 0.022557240115494974 0.0024897014456258322
leaf_weight=17.604625574313104 44.822840800508857 25.927496174350381 8.4434051588177663 122.033333202824 12.496545620262621 61.456077434122562 38.206877559423447 65.119545632973313 16.104556724429131 7.6274635046720496 10.340021066367624 19.02063949033618 35.151975498534739 51.932979546487331 36.353057336062193 32.879457646980882 7.7399512417614451 26.910885516554117 33.649516090750694 24.358643911778927 12.022830333560703 207.70498412102461 41.647635841742158 5.9118869975209227 18.054723966866732 76.951836073771119 2837.05589674972 21.106188390403986 35.891649350523949 96.227997206151485
leaf_count=308 309 173 38 583 102 292 233 380 85 32 53 148 929 294 212 171 46 145 192 119 72 1190 331 22 97 597 14172 121 183 576
internal_value=-3.10199e-05 8.55074e-05 0.00352754 0.00644209 0.00916567 0.0206516 0.00590248 -0.00103313 0.0123786 0.015659 0.0101427 -0.000541645 -0.0104873 -0.00019011 -0.00574249 -0.00448163 0.018178 -0.00870233 -0.0127611 6.03997e-05 0.0153995 -0.000142874 -0.0014122 -0.00976421 -0.0113711 -0.0159406 2.34536e-05 -0.00482924 0.00899373 -0.0075994
internal_weight=4050.76 4033.15 619.19 455.95 374.774 73.9526 300.821 147.316 153.505 137.401 75.4596 3413.96 108.639 3305.32 81.1759 163.24 129.773 130.361 71.8564 3253.39 36.3815 3217.01 73.487 47.5595 121.917 95.0066 3197.99 360.931 56.9978 303.933
internal_count=22205 21897 3567 2519 1998 394 1604 858 746 661 433 18330 1455 16875 521 1048 629 877 425 16581 191 16390 526 353 839 694 16242 2070 304 1766
is_linear=0
shrinkage=0.03


Tree=178
num_leaves=31
num_cat=0
split_feature=51 166 165 245 156 346 161 268 86 271 78 357 217 177 280 363 367 217 358 329 328 246 269 394 278 146 270 189 61 166
split_gain=9.74001 10.8501 9.55061 15.0631 17.7227 23.5392 22.6368 17.2082 21.8495 14.5513 19.8272 12.9705 12.1146 16.3945 14.4372 19.4248 15.855 14.8876 17.2024 14.2837 14.2016 13.9775 14.6938 12.3789 12.0354 11.6583 11.5689 11.0622 12.1743 11.021
threshold=0.22396993637084964 0.056178383529186256 0.025016209110617641 0.18591320514678958 0.00055292525212280463 0.74836236238479625 -0.00085467065218836058 -0.15164397656917569 2.4713053790037524e-05 -0.049999967217445367 7.6447273045232588e-07 0.94254243373870861 0.43366721272468572 0.67396128177642833 -0.049819305539131158 0.67012456059455883 -1.1408313512802122 0.49501426517963415 0.41142679750919348 -0.44768521189689631 -0.52596366405487049 0.24943786114454272 0.024529032409191135 0.70900535583496105 -0.039231982082128518 -1.202739894390106 -1.0000000180025095e-35 -0.5158616006374358 0.00033126940252259379 0.25980697572231298
decision_type=2 2 2 2 2 2 2 2 2 2 2 2 2 2 2 2 2 2 2 2 2 2 2 2 2 2 2 2 2 2
left_child=1 -1 12 4 6 7 9 25 -9 -4 -11 -8 13 23 15 16 -14 18 -16 20 -19 26 27 24 -3 -6 -15 -23 -29 -21
right_child=-2 2 3 -5 5 -7 11 8 -10 10 -12 -13 14 21 17 -17 -18 19 -20 29 -22 22 -24 -25 -26 -27 -28 28 -30 -31
leaf_value=0.018660287589189271 -0.015860238260264198 -0.0094089156688471898 -0.019818499255374451 0.0019354663384097089 0.013634535704215646 -0.019905744295903735 -0.027633537291674434 -0.014631828798012121 0.021405309323014592 -0.014121537664932753 0.014858540551091213 -0.00046490796921135551 0.011682135327195182 -0.0052217802017975757 -0.026310258227099845 0.0048048739786922387 -0.023423668788602092 0.0037003807847222916 0.0066347281281075093 0.015003825452095573 -0.022127777385302517 0.0078443396088246631 0.014386324562093445 -0.011383655784845877 0.0026914441099667001 -0.02232259672946638 0.014219287320666907 -0.018718150691676746 0.0042078208706996445 -0.0029611211837625383
leaf_weight=21.866741515696049 26.708260252140462 94.122926741838455 20.511735774576664 2502.1490240981802 6.3221270423382547 24.400163572281599 64.096066284924746 13.026604145765303 74.556987843476236 25.488829033449292 55.128208823502064 21.67150360532105 8.3762478530406934 28.967437356710434 32.779979169368744 34.170050382614136 96.702280528843403 37.136295478790998 17.898444913327694 74.050060823559761 28.216521866619587 29.134090319275856 32.568886213004589 123.0818386040628 267.70390218496323 16.594456071965396 144.31743286550045 60.026495061814785 26.07793527841568 44.923838317394257
leaf_count=166 365 455 141 13915 39 162 465 138 399 228 285 128 41 145 163 161 482 175 84 359 145 108 126 674 1305 100 648 275 121 210
internal_value=0.000193274 0.000329717 0.000194608 0.00114384 -0.00488974 0.00325323 -0.0107267 0.00933767 0.0152482 -0.000748173 0.00517984 -0.0214349 -0.00206109 1.00506e-05 -0.00646736 -0.0138849 -0.0199767 -0.00175435 -0.0150997 0.00227812 -0.00836792 0.00521678 -0.00149364 -0.00344152 -0.000546617 -0.0111827 0.0108346 -0.00663439 -0.0118676 0.00834941
internal_weight=4052.78 4026.07 4004.2 2823.95 321.797 134.9 186.896 110.5 87.5836 101.129 80.617 85.7676 1180.25 806.001 374.254 139.249 105.079 235.005 50.6784 184.327 65.3528 321.092 147.807 484.909 361.827 22.9166 173.285 115.239 86.1044 118.974
internal_count=22208 21843 21677 16000 2085 838 1247 676 537 654 513 593 5677 3857 1820 684 523 1136 247 889 320 1423 630 2434 1760 139 793 504 396 569
is_linear=0
shrinkage=0.03


Tree=179
num_leaves=31
num_cat=0
split_feature=372 353 233 358 243 271 266 266 141 369 126 176 252 10 232 280 124 277 228 83 266 248 10 281 129 233 265 163 157 341
split_gain=10.3687 10.1613 12.9524 15.0735 18.1895 13.0974 12.2685 15.0951 11.5379 10.8902 10.6039 9.94073 16.2591 21.8327 15.5554 14.5668 14.4284 16.6256 13.7796 18.492 18.3025 15.2921 15.0247 13.194 13.0066 12.9596 12.2726 12.3391 16.2816 29.0477
threshold=2.0783877372741704 1.2354189753532412 -0.10194275900721549 0.77458757162094127 -0.020941967144608494 -0.15000000596046445 -0.013373503927141426 -0.045930005609989159 1.0625607967376711 0.87461218237876903 0.62969738245010387 1.2823504209518435 1.0000000180025095e-35 0.50498560070991527 -0.28690269589424128 -0.28281392157077784 0.6898196041584016 0.11574161797761919 0.2834331095218659 0.00010493014269741253 -0.0039969561621546737 0.18080028891563418 0.2484906688332558 -0.32433468103408808 0.66637450456619274 -0.1264160946011543 0.6730591654777528 0.53570368885993969 0.19099289923906329 0.32816952466964727
decision_type=2 2 2 2 2 2 2 2 2 2 2 2 2 2 2 2 2 2 2 2 2 2 2 2 2 2 2 2 2 2
left_child=1 11 10 -4 -5 -6 7 -7 -8 -10 -3 26 18 15 -15 -14 17 23 20 21 22 -20 -13 -17 -21 -16 27 28 -1 -30
right_child=-2 2 3 4 5 6 8 -9 9 -11 -12 12 13 14 25 16 -18 -19 19 24 -22 -23 -24 -25 -26 -27 -28 -29 29 -31
leaf_value=-0.00046761014986537801 -0.013050669657941452 -0.030544472476130239 -0.017622526302278504 0.023894092008329676 0.014973301506506742 -0.0068230115251042391 0.013299752677579659 0.01774066879018138 -0.022642590863286131 0.0063009754438003067 -0.0019358923305129909 0.0085448248282221431 -0.017419944092253184 0.0086539424902247145 0.0023965975320211618 -0.011084986709378736 0.020917356231184098 -0.024360856756112829 -0.024301925696117943 0.021785416698804502 0.012010735337069233 0.010266032548425756 -0.01974637512589392 0.011877306201251877 -0.0061247269797819548 -0.028855499787031617 0.014816083219773769 -0.012092221559019135 0.017448269021590374 -0.011102330781885245
leaf_weight=2896.096904348582 46.985187280923128 22.817040922120214 39.311138581484556 20.882046684622765 26.790549520403147 53.83985442481935 6.9411690421402445 28.696912866085768 56.563488183543086 10.482211627066134 22.183111486956477 20.831316903233528 17.329987250268459 15.517332419753073 13.694708451628683 24.151986040174961 43.172421760857105 12.152312353253363 12.936593696475027 126.72845351696014 61.489978484809399 20.495699912309647 39.748865112662315 77.178686447441578 13.273745790123938 41.617218002676964 42.314389297738671 70.451754943467677 106.4110969491303 38.733652751892805
leaf_count=14646 462 156 320 130 132 336 31 127 402 47 145 102 81 64 59 100 161 58 56 585 323 102 195 355 67 210 232 1363 686 351
internal_value=6.14816e-06 0.000185437 -0.00516462 -0.00214742 0.00126742 -0.00203895 -0.00553129 0.00231945 -0.0138624 -0.0178077 -0.0188027 0.000615062 0.00434738 -0.00132771 -0.0146142 0.00437923 0.00749688 0.00138551 0.00900562 0.014279 0.00106383 -0.0047419 -0.00998528 0.00594473 0.0189022 -0.0215493 -2.92179e-05 -0.000267261 3.03649e-05 0.00959992
internal_weight=4029.82 3982.83 288.508 243.507 204.196 183.314 156.524 82.5368 73.9869 67.0457 45.0002 3694.33 540.319 244.815 70.8293 173.985 156.655 113.483 295.505 173.434 122.07 33.4323 60.5802 101.331 140.002 55.3119 3154.01 3111.69 3041.24 145.145
internal_count=22084 21622 1826 1525 1205 1075 943 463 480 449 301 19796 2518 1088 333 755 674 513 1430 810 620 158 297 455 652 269 17278 17046 15683 1037
is_linear=0
shrinkage=0.03


Tree=180
num_leaves=31
num_cat=0
split_feature=409 234 355 125 18 433 346 229 267 36 316 1 367 200 4 247 230 373 232 230 301 229 159 109 337 268 166 350 229 399
split_gain=9.67866 14.0888 24.9519 21.3883 16.4832 15.0688 25.7663 22.3885 20.081 19.8562 17.3468 16.9874 16.9296 16.6461 16.5885 14.5793 23.6573 17.0306 16.795 14.5595 17.5832 14.2665 17.2639 14.126 13.7223 13.6598 14.4291 13.4115 13.3568 15.62
threshold=0.70900535583496105 0.46224597096443182 0.39201056957244879 1.1589205265045168 0.68507987260818493 0.41801074147224432 -0.51569759845733631 0.71968194842338573 -0.099622577428817735 0.24964435398578647 -1.0749173760414121 0.26933981478214269 -0.47432632744312281 0.77346038818359386 0.20707555115222934 0.061367293819785125 0.69800564646720897 -0.014601522125303744 -0.12951057404279706 0.44359016418457037 -0.50684642791748036 0.051695581525564201 -0.0042526181787252417 0.21071496605873111 0.31261640787124639 -0.11292356252670287 0.21407432109117511 0.69081890583038341 0.0074951546266675004 0.32200460135936743
decision_type=2 2 2 2 2 2 2 2 2 2 2 2 2 2 2 2 2 2 2 2 2 2 2 2 2 2 2 2 2 2
left_child=1 2 4 -4 -1 6 7 11 13 25 19 14 -7 -8 23 17 18 -14 -17 20 -11 -19 24 -3 -23 26 -10 -24 -2 -30
right_child=28 5 3 -5 -6 12 8 -9 9 10 -12 -13 15 -15 -16 16 -18 21 -20 -21 -22 22 27 -25 -26 -27 -28 -29 29 -31
leaf_value=-0.020744316332760943 0.0056640740457009611 -0.01281181446196041 0.017016317137710905 -0.014165131539438979 0.010843860715865178 -0.0015521524877824939 0 0.020738784218636151 0.0036231087144784581 -0.0052168886259164127 -0.018172198232976337 -0.011934476225405784 0.010250317133713886 0.022468860407379679 0.009890180115932963 -0.016762158045993146 0.023638109421869134 0.0071250329044658485 0.009048980117861774 -0.016986710356515354 0.033638772095079927 -0.017748894521014053 0.0067683316213181877 0.0034945333376145402 0.0061679693556802055 -0.011978988631478683 -0.0068772149971996271 -0.016804246113866519 -0.016274648117357564 -0.002332820260193521
leaf_weight=88.483155813999474 162.22631821502 62.805484115146101 47.657809138298035 24.336134532466531 12.634721927344797 337.3098778296262 91.47848760522902 61.535412604920566 307.61547642201185 18.500677052885294 150.38675744086504 58.377127710729837 234.85631305351853 36.58030391857028 228.92580103501678 21.811935909092426 95.301643764600158 156.49918364360929 100.30311178043485 15.513093821704386 12.438803624361755 88.710021087899804 119.8038251362741 144.17529994435608 23.262257659807801 103.93570503685623 181.12945155985653 19.200621847063303 72.088150919415057 960.01039486564696
leaf_count=948 960 486 218 183 63 1890 467 329 1367 79 765 458 1357 151 1050 117 436 798 490 69 41 450 570 775 127 505 978 99 415 5523
internal_value=0.00010453 0.00105866 -0.00705741 0.00602191 -0.0162537 0.00160578 -0.00042038 0.00463453 -0.00350563 -0.00530488 -0.0134033 0.00234709 0.00409635 0.00720954 0.0044418 0.00631921 0.0129502 0.00394316 0.00369851 0.00219709 0.013452 0.000170855 -0.00420046 -0.00166159 -0.0126213 -0.00247268 -0.000289303 0.0027908 -0.00215136 -0.00341978
internal_weight=4037.89 2843.57 173.112 71.9939 101.118 2670.46 1473.4 555.819 917.579 789.52 196.839 494.284 1197.06 128.059 435.907 859.749 217.417 642.332 122.115 46.4526 30.9395 407.476 250.977 206.981 111.972 592.681 488.745 139.004 1194.32 1032.1
internal_count=22164 15266 1412 401 1011 13854 7520 3098 4422 3804 954 2769 6334 618 2311 4444 1043 3401 607 189 120 2044 1246 1261 577 2850 2345 669 6898 5938
is_linear=0
shrinkage=0.03


Tree=181
num_leaves=31
num_cat=0
split_feature=96 113 233 229 142 230 448 348 229 243 135 282 7 365 230 177 136 166 157 159 262 129 232 140 60 279 245 157 333 421
split_gain=9.87523 14.1733 18.3913 16.3384 17.1832 25.4096 30.9789 27.24 20.6773 19.8911 19.0108 16.0195 15.6157 15.5547 17.584 15.0155 14.5662 14.2937 13.9677 18.9805 15.3533 13.609 12.8164 12.7702 12.76 12.5902 13.0327 14.5063 12.5276 19.0958
threshold=2.7881778478622441 0.86205902695655834 0.083054482936859145 0.64908111095428478 4.0555949211120614 -0.62319472432136525 0.45643940567970281 0.36065995693206793 0.54596135020256054 0.0018995788414031269 3.6446270942687993 0.44803293049335485 0.20155036449432376 0.16232690960168841 0.49537195265293127 0.4823442548513413 1.661067843437195 0.57047134637832653 -0.17772773653268811 0.044384954497218139 0.2693560272455216 1.4013181924819949 0.40425600111484533 2.0292139053344731 2.4066085302365542e-07 0.016985788941383365 0.23821425437927249 -0.14066341519355771 -0.47092868387699122 0.19677419215440753
decision_type=2 2 2 2 2 2 2 2 2 2 2 2 2 2 2 2 2 2 2 2 2 2 2 2 2 2 2 2 2 2
left_child=1 16 3 4 11 7 13 10 9 25 -6 12 -3 14 -7 -13 17 -1 19 -5 -20 28 -14 -22 -18 26 -8 -28 29 -4
right_child=-2 2 21 18 5 6 8 -9 -10 -11 -12 15 22 -15 -16 -17 24 -19 20 -21 23 -23 -24 -25 -26 -27 27 -29 -30 -31
leaf_value=-4.8763971808056824e-05 -0.0120476735831214 -0.0080104368451694545 0.018108880571256217 -0.036665321471140544 -0.021384943654657023 -0.022726454874933664 0.0049450425559688233 0.022533677160099234 0.014219653841190101 -0.032178289964876219 0.016482900482876778 -0.02342164755840272 0.016844571911817586 0.023809614200523608 0.012562433611698716 0.0094669362099558101 0.0016628249608363515 -0.010080578092993659 0.011330463802085994 0.0083593331828108793 0.0085143244551019858 -0.013088315221161136 -0.014761844071292522 -0.032637574456475187 -0.027017807357757769 0.0016510701842883428 0.0047294837277381185 -0.038424965770922311 0.017262237968691564 -0.024252030409611505
leaf_weight=2977.9906459841877 53.596022164449096 25.370559858158231 11.461016546934845 21.998327160254124 25.386967953294516 15.773458685725926 11.350720271468161 58.99473881162703 14.832617968320845 49.665330935269594 12.332469359040259 18.700713507831097 176.07619939930737 28.011917054653168 21.766493882983923 18.178247220814228 20.820731893181801 126.67480680998415 31.937976256012917 8.2649439759552461 6.5337145477533367 12.442809399217365 6.7448084577918044 11.151538252830504 28.099231481552124 50.649302449077368 6.9013271741569033 21.376593559980396 148.24183891527355 12.984942499548195
leaf_count=14827 386 203 46 122 139 83 58 294 83 274 64 134 962 111 95 105 119 2147 151 41 32 72 56 57 201 268 34 118 829 71
internal_value=-2.56857e-05 0.000154409 0.00363476 0.00116623 0.00301876 -0.00156934 -0.00717994 0.010733 -0.0143417 -0.0179735 -0.00812708 0.00887469 0.0120852 0.00933728 -0.00327083 -0.00804696 -0.000761132 -0.000483207 -0.0109411 -0.0248268 -0.000265022 0.0117862 0.0151218 -0.0189057 -0.0159432 -0.00829783 -0.0195776 -0.0287467 0.0140769 -0.00444786
internal_weight=4034.31 3980.71 827.13 641.999 562.112 317.042 220.328 96.7142 154.776 139.943 37.7194 245.071 208.192 65.5519 37.54 36.879 3153.59 3104.67 79.8865 30.2633 49.6232 185.131 182.821 17.6853 48.92 90.2779 39.6286 28.2779 172.688 24.446
internal_count=22182 21796 4502 3484 3081 1621 1124 497 835 752 203 1460 1221 289 178 239 17294 16974 403 163 240 1018 1018 89 320 478 210 152 946 117
is_linear=0
shrinkage=0.03


Tree=182
num_leaves=31
num_cat=0
split_feature=21 22 186 186 157 176 346 438 105 250 102 277 174 169 237 114 362 302 352 6 2 230 233 247 159 237 39 1 352 254
split_gain=9.35142 10.4229 9.36631 12.8186 12.491 11.9275 13.5317 21.4515 18.6871 20.1403 21.3624 16.651 18.3779 22.4463 21.284 21.047 16.8136 18.737 15.9021 15.9002 14.3654 13.8567 14.968 15.0393 14.1484 13.6985 17.8146 15.4827 18.0528 14.9216
threshold=1.4277270436286928 1.5214663743972781 1.5592436194419863 2.0397005081176762 -0.081942632794380174 0.78102979063987743 -0.59269285202026356 0.43095238506793981 0.001411611039657146 -0.11173089221119879 0.050830818712711341 0.21583548188209536 -0.30151133239269251 -0.33816525340080256 0.6875000298023225 2.9928216934204106 0.4921421110630036 -0.69462901353836048 -0.14119207113981244 0.098055537790060057 -0.12038339674472807 -0.89179283380508412 -0.0060691537801176301 0.061367293819785125 -0.0058001598808914414 0.73095241189003002 1.0000000180025095e-35 -0.073293998837470994 0.24961071461439135 0.87500000000000011
decision_type=2 2 2 2 2 2 2 2 2 2 2 2 2 2 2 2 2 2 2 2 2 2 2 2 2 2 2 2 2 2
left_child=1 2 5 -4 -5 6 8 -8 9 -1 20 12 13 -9 -14 19 17 -15 -13 25 -11 -18 24 -24 -23 26 -16 28 -27 -29
right_child=-2 -3 3 4 -6 -7 7 11 -10 10 -12 18 14 16 15 -17 21 -19 -20 -21 -22 22 23 -25 -26 27 -28 29 -30 -31
leaf_value=0.016923750401540223 0.016194198590404867 -0.019520851407981453 -0.021893212127390239 0.0086355042597106406 -0.011264513730067828 0.0030736761709766109 -0.0068565804601937773 0.011513937281720916 0.0063653794602571761 -0.022986221130749208 0.011773157493500169 -0.004752983008322261 -0.018496482594577559 0.017336573006975796 0.020445095662213888 -0.022153294167418541 0.0097541558003913995 -0.00012904523740002891 0.029545461453406852 -0.0069388136945422105 -0.0048816518526612201 0.0059575538582531881 0.0046335156573889934 -0.018415664552096405 -0.022310313434713597 0.01660178864795079 -0.014493599092105167 -0.0098494914291058933 -0.0049529739758067707 0.0079715266736940463
leaf_weight=29.849447066895664 25.577899895608425 17.328783348202705 32.773450423032045 48.727886659093201 50.699209986254573 1105.9808715581894 553.72684585675597 189.91958636604249 473.78727411851287 57.130150240845978 38.042524345219135 15.974301647394894 72.985462471842766 69.94641875103116 60.365818155929446 36.786835243925452 36.371995346620679 191.83111990429461 25.480301255360246 221.88205893710256 121.72233727760613 15.787038087844847 89.799598217010498 27.524471592158079 78.249173246324062 78.598009686917067 10.634898353368042 145.58436712622643 53.759620103985071 51.902653258293867
leaf_count=216 188 74 182 307 344 5350 3086 966 2528 946 235 96 384 340 303 277 198 1013 157 1283 715 81 479 171 442 402 68 743 304 272
internal_value=0.000185059 5.20621e-05 0.000173861 -0.00746753 -0.00148661 0.000451787 -0.000604893 -0.00186253 0.00290273 -0.00369688 -0.00702202 3.07864e-05 -0.000544762 0.00291007 -0.00385413 -0.00204074 -0.000389273 0.00482864 0.0173348 -0.000602892 -0.0113692 -0.00592541 -0.00889791 -0.00142184 -0.0173767 0.00293742 0.0142461 0.000226528 0.00796253 -0.00500195
internal_weight=4028.73 4003.15 3985.82 132.201 99.4271 3853.62 2747.64 2027.11 720.532 246.744 216.895 1473.38 1431.93 699.429 732.5 659.514 509.51 261.778 41.4546 622.727 178.852 247.732 211.36 117.324 94.0362 400.845 71.0007 329.845 132.358 197.487
internal_count=22150 21962 21888 833 651 21055 15705 11065 4640 2112 1896 7979 7726 3690 4036 3652 2724 1353 253 3375 1661 1371 1173 650 523 2092 371 1721 706 1015
is_linear=0
shrinkage=0.03


Tree=183
num_leaves=31
num_cat=0
split_feature=156 412 267 269 464 314 437 326 329 310 141 250 442 177 251 342 149 251 156 269 370 117 265 327 143 429 279 333 249 316
split_gain=11.8168 9.3308 15.0196 16.9152 18.5207 15.6224 18.9905 16.2515 13.6343 12.5408 16.217 14.9035 18.2035 12.4805 12.2928 17.3398 11.5244 11.4558 18.3761 21.7148 13.0152 14.7952 13.173 14.9534 11.5004 11.44 11.1499 11.1198 12.1214 11.1007
threshold=-0.29235461354255671 0.25403225421905523 -0.099622577428817735 0.056417711079120643 0.16397849470376971 -0.65778642892837513 0.19292803853750232 -0.56565755605697621 -0.40250332653522486 -0.53446373343467701 2.2434239387512211 -0.046109188348054879 0.38585607707500463 1.2876290678977969 0.69655105471611034 -1.0371811389923093 -0.88813409209251393 0.7175898849964143 0.057569719851017005 -0.2334434241056442 0.60077694058418285 2.7523177862167363 0.54304742813110363 1.3545581102371218 2.2093298435211186 0.74133810400962841 0.0092299133539199846 -1.2375649213790891 0.053364716470241554 -0.8535616099834441
decision_type=2 2 2 2 2 2 2 2 2 2 2 2 2 2 2 2 2 2 2 2 2 2 2 2 2 2 2 2 2 2
left_child=-1 2 13 5 -5 6 16 8 -7 11 25 12 -8 26 15 -9 -4 29 19 -19 21 22 23 -21 -20 27 -2 -11 -29 -3
right_child=1 17 3 4 -6 7 9 14 -10 10 -12 -13 -14 -15 -16 -17 -18 18 24 20 -22 -23 -24 -25 -26 -27 -28 28 -30 -31
leaf_value=-0.02106240854787127 0.0011477114038984759 0.0073087637747369615 0.016471123009751398 0.0034020127614991227 -0.022167014821524746 -0.023197388674043931 -0.010226016258653915 0.020091471675338705 0 -0.014165224747751481 -0.016474091746062187 -0.0023976647863509391 0.026115403592008462 -0.015003944517043214 -0.017814420913605435 -0.0032014175745545934 -0.0085594613238792194 -0.024330093291296491 -0.022452974866498512 0.021569619283564795 -0.0055448631553132992 -0.0076122831226032072 -0.009434535417262524 -0.0062483182727531327 0.008787765204817697 -0.017075083914776353 0.01908406071947736 0.017071955885497959 -0.006469831606563661 -0.00021273033006837333
leaf_weight=16.949582586064935 67.450776060111821 182.64012087136507 86.530593041330576 33.397506454959512 76.177843922749162 72.394788642413914 12.388452008366583 27.935409372672439 32.58813614398241 14.914169764146207 82.084531478583813 97.777718022465706 37.307567916810513 14.442744418978689 30.795497039332986 155.01968594733626 14.939018142409621 9.5544824302196485 22.949271006509662 160.16479767486453 30.320502355694771 20.519875355064869 11.432508468627928 15.722156550735233 11.133825376629828 19.115408942103386 54.956740259192884 54.601085079833865 23.670865958556533 2539.2606412824243
leaf_count=304 392 918 404 175 487 569 67 113 186 90 392 440 163 70 171 865 168 44 219 802 173 105 70 95 86 119 284 255 110 13846
internal_value=-5.06456e-05 7.20353e-05 -0.002412 -0.00387641 -0.0145474 -0.00220995 0.00141491 -0.0072061 -0.0164907 -0.00199103 -0.00691067 0.00444491 0.0167268 0.00657704 -0.00222012 0.000909221 0.0123746 0.000913203 0.00659636 0.0094934 0.0115491 0.0141911 0.0168218 0.0188816 -0.0122336 0.000547971 0.00987836 0.00520827 0.00988268 0.000305569
internal_weight=4029.14 4012.19 1008.49 871.638 109.575 762.063 443.329 318.734 104.983 341.86 194.386 147.474 49.696 136.85 213.751 182.955 101.47 3003.7 281.797 247.714 238.16 207.839 187.319 175.887 34.0831 112.302 122.408 93.1861 78.272 2721.9
internal_count=22182 21878 5520 4774 662 4112 2208 1904 755 1636 966 670 230 746 1149 978 572 16358 1594 1289 1245 1072 967 897 305 574 676 455 365 14764
is_linear=0
shrinkage=0.03


Tree=184
num_leaves=31
num_cat=0
split_feature=166 278 177 156 157 310 156 157 162 171 131 85 370 148 444 433 250 73 230 162 247 354 189 10 73 232 346 158 262 328
split_gain=9.78503 10.1159 11.0517 9.49704 9.30761 9.21146 14.3248 13.5845 14.5322 15.3112 13.227 12.4113 12.2061 12.5588 11.9442 11.4132 27.013 21.5408 16.9789 16.123 18.4708 15.5101 14.4846 14.0873 17.009 13.7248 13.6764 12.991 12.1766 11.88
threshold=0.070701174437999739 -0.01042854133993387 1.0000000180025095e-35 -0.29235461354255671 0.48289826512336737 -0.59828314185142506 0.026320208795368675 -0.109833225607872 -0.18525342643260953 -0.42644551396369929 2.7381224632263188 0.020248296670615677 -0.87316524982452381 -0.97577962279319752 0.49193547666072851 0.25403225421905523 0.31400609016418463 7.4955073259275212e-09 0.91844913363456737 -0.19969319552183148 -0.06837125867605208 -1.0942119359970091 -0.21986039727926251 0.34011973440647131 3.3794915566468406e-17 0.044156499207019813 0.67665532231330883 0.047574918717145927 0.18883661925792697 -1.0000000180025095e-35
decision_type=2 2 2 2 2 2 2 2 2 2 2 2 2 2 2 2 2 2 2 2 2 2 2 2 2 2 2 2 2 2
left_child=1 2 -1 -2 5 6 7 10 -9 14 11 -5 13 -11 -10 16 17 18 22 20 -19 -21 27 -24 -25 29 -26 28 -7 -20
right_child=3 -3 -4 4 -6 15 -8 8 9 12 -12 -13 -14 -15 -16 -17 -18 19 25 21 -22 -23 23 24 26 -27 -28 -29 -30 -31
leaf_value=0.016289368744987823 -0.019081976098151817 0.022392711546534029 -0.018281987920687005 0.0078867347541691137 -0.016341931353488992 0.0088425012308786209 -0.0098054432718911438 -0.0091153087861396368 -0.024026031432600781 -0.018961832146828519 -0.017771056277818813 -0.014454128497110925 0.018632735746577145 0.014924452839198991 0.010038653292930848 0.00041637591713758921 0.02303836918828275 -0.022418481266942715 -0.025421930237339248 -0.0023883114769342019 0.0058798005830999851 -0.022706697202700535 0.011121924939203246 -0.0087624546344247916 0.016563367446781201 0.014253360863688627 -0.015276846927587297 0.010704220979062989 -0.016612996401235747 0.0056169847800503093
leaf_weight=8.063904136419298 16.915482444688678 27.791824154555798 11.592899464070795 101.29645896609873 24.559026398696005 15.6356855481863 51.777260625734925 24.977093202993274 11.398877259343864 13.180068485438825 26.51091268286109 21.232738269492984 165.44215815700591 12.189761899411677 12.383164308965204 2715.0340954232961 25.724748962558806 20.933461092412472 46.827557378448546 50.472433288581669 73.528986197896302 117.93446037359536 147.14455695543438 101.86356294620782 50.740461376495659 7.3515599332749835 9.1599230580031854 22.366855786181986 81.473409727215767 10.526544893160461
leaf_count=56 306 235 63 504 458 148 329 147 63 64 135 121 749 56 49 14577 142 138 309 310 444 612 701 524 201 32 41 130 465 44
internal_value=-5.5979e-05 0.0125724 -0.00315243 -0.000231036 -0.000114386 1.30006e-05 0.00406923 0.00608518 0.0104123 0.0129487 -0.000958077 0.00336238 0.0157565 -0.00264921 -0.00769836 -0.000501967 -0.00368036 -0.00480637 -0.00103826 -0.0116254 -0.00140181 -0.0170154 0.00118211 0.00461993 -0.00144823 -0.014565 0.0104484 -0.0073872 -0.0120945 -0.0195707
internal_weight=4026.03 47.4486 19.6568 3978.58 3961.67 3937.11 440.388 388.611 239.571 214.594 149.04 122.529 190.812 25.3698 23.782 3496.72 781.684 755.959 493.09 262.869 94.4624 168.407 428.384 308.909 161.764 64.7057 59.9004 119.476 97.1091 57.3541
internal_count=22153 354 119 21799 21493 21035 2217 1888 1128 981 760 625 869 120 112 18818 4241 4099 2595 1504 582 922 2210 1467 766 385 242 743 613 353
is_linear=0
shrinkage=0.03


Tree=185
num_leaves=31
num_cat=0
split_feature=157 277 376 377 328 328 420 229 234 280 10 278 233 124 246 6 201 177 7 280 277 104 105 148 111 280 150 155 266 162
split_gain=10.72 9.31249 9.09781 15.5339 14.4427 17.2313 18.1155 20.3253 22.5233 22.1572 18.2733 15.2672 14.7149 14.8136 14.7196 14.3045 20.9981 17.4099 18.4293 16.709 16.1993 15.3553 14.279 19.1 15.0391 14.2946 13.7245 16.0509 13.6868 28.6569
threshold=0.39587801694870001 -0.060645055025815957 0.12973351776599887 0.19677419215440753 -0.76831671595573414 -0.51862001419067372 0.35599078238010412 0.0027329452568665151 0.64580371975898754 0.15730211138725284 0.44998097419738775 0.060598295181989677 -0.034291226416826241 0.11548876762390138 0.26121431589126592 0.072744261473417296 0.70900535583496105 0.95528468489646923 0.21042639017105105 0.29075010120868688 -0.25960735976696009 0.13826119899749759 0.17101585119962695 -0.9464280605316161 1.0793249607086184 -0.26610776782035822 -0.58198475837707508 0.30430521070957189 -0.12345515936613081 -0.10187193378806113
decision_type=2 2 2 2 2 2 2 2 2 2 2 2 2 2 2 2 2 2 2 2 2 2 2 2 2 2 2 2 2 2
left_child=2 -2 -1 -4 -5 26 7 8 -7 10 11 -9 14 -14 -12 16 19 18 -17 21 -20 -8 24 -24 -19 -26 -6 -28 29 -22
right_child=1 -3 3 4 5 6 15 9 -10 -11 12 -13 13 -15 -16 17 -18 22 20 -21 28 -23 23 -25 25 -27 27 -29 -30 -31
leaf_value=0.0033065347752527356 0.0042843503781556727 -0.022458573718505879 -0.0060491738286281641 -0.0070220711802503437 -0.00046797760739930361 -0.016515705225115102 0.0010340869820895935 0.004976807429339215 0.022915841525187629 -0.019607200104823704 -0.010115970813827674 -0.016097809767477538 -0.0012868659184149093 -0.027537300097329419 0.018422765073314744 -0.0072403871373334025 0.0076313251316904411 -0.0018270449118145827 0.032863859834198636 0.012956668688090291 0.0051675770408253809 -0.01963140209400837 -0.0099862299028950583 0.019890372539419436 0.0025089914345608911 -0.026080664918954236 0.0060589538535273345 0.023981689066284569 0.0054294851284726886 -0.023332159231562694
leaf_weight=608.63475013431162 13.730745770037172 28.357523229904473 414.17213802225888 228.19914608448744 164.4477051962167 12.471456946805118 41.937436142936349 191.74300916865468 36.594166852533817 95.922276351600885 37.868589077144861 29.592109154909849 30.339826863259077 55.356976419687271 18.505763173103333 120.66766236163676 71.040151581168175 113.74305886030197 11.449182247743009 17.345813238993287 85.830871116369963 114.21177682094276 28.833406127989292 35.454262778162956 18.755113154649734 54.392611749470234 201.28527398221195 55.336728688329458 1035.0677216202021 41.418483097106218
leaf_count=3298 200 469 2214 1212 987 80 303 957 183 506 213 168 160 317 83 869 316 485 56 104 448 887 130 140 81 258 1038 244 5503 234
internal_value=-0.000219095 -0.0141533 -4.41056e-05 -0.000659414 0.000106839 0.00072536 -0.000298594 -0.00525957 0.0118952 -0.00726561 -0.00367068 0.00170606 -0.0118044 -0.0191559 8.6744e-05 0.00111946 -0.005512 0.00219552 0.0036036 -0.0110391 0.00476361 -0.0142106 -0.00492122 0.00667844 -0.00906254 -0.0190404 0.00625295 0.0104977 0.00428275 -0.0047635
internal_weight=4012.71 42.0883 3970.62 3361.98 2947.81 2719.61 2298.54 508.394 49.0656 459.329 363.406 221.335 142.071 85.6968 56.3744 1790.15 244.535 1545.61 1294.43 173.495 1173.77 156.149 251.178 64.2877 186.891 73.1477 421.07 256.622 1162.32 127.249
internal_count=22143 669 21474 18176 15962 14750 12481 2667 263 2404 1898 1125 773 477 296 9814 1610 8204 7110 1294 6241 1190 1094 270 824 339 2269 1282 6185 682
is_linear=0
shrinkage=0.03


Tree=186
num_leaves=31
num_cat=0
split_feature=348 346 310 157 318 111 162 230 192 286 229 87 143 229 422 157 346 152 268 158 119 146 231 247 105 164 262 279 279 360
split_gain=9.84678 13.9774 10.612 15.6884 15.7618 19.8219 14.2578 18.2088 13.9208 12.3866 13.3017 11.7079 11.0356 26.3926 28.434 28.5609 20.8962 20.4515 18.056 14.9891 16.4859 20.2703 21.6903 20.8069 17.1772 15.8707 20.7479 15.6419 18.2948 16.9268
threshold=-1.5399227142333982 -1.3600689768791197 -0.57796981930732716 -0.11207501217722891 -0.21414390951395032 0.2471808195114136 -0.16389842331409452 0.81475079059600841 0.48212005198001867 -0.5768027901649474 0.12108973786234857 0.0068892664276063451 1.7497177720069887 0.22654791176319125 0.38799282908439642 0.05079330317676068 0.052884252741932876 0.52937710285186779 -0.29075226187705988 -0.0016159503720700739 1.2247489690780642 -1.4913527965545652 0.91513666510581981 -0.09444031864404677 0.01853284798562527 0.11476416140794755 0.30284224450588232 -0.1015135496854782 -0.010043978691101072 -0.22714745998382566
decision_type=2 2 2 2 2 2 2 2 2 2 2 2 2 2 2 2 2 2 2 2 2 2 2 2 2 2 2 2 2 2
left_child=1 -1 3 6 5 -5 8 9 -2 -8 -11 -6 17 19 16 18 -15 -4 -16 20 -14 22 23 -22 -25 26 -21 -27 29 -29
right_child=2 -3 12 4 11 -7 7 -9 -10 10 -12 -13 13 14 15 -17 -18 -19 -20 25 21 -23 -24 24 -26 27 -28 28 -30 -31
leaf_value=0.00073862663178619501 -0.0051606890498811274 -0.019401919800185071 0.0004008821492168133 -0.016694205383224959 -0.01302223199931485 0.014177005497573033 -0.023877620757954805 -0.032202551629000722 0.013881242926761947 -0.0090885620607506316 0.017747843016719732 0.013186118449680076 -0.020194544990737664 0.0019125000418847094 -0.0035871293341627163 -0.016105122385781039 -0.029427558803872177 0.022095362522996691 0.016329254160343382 -0.0067797763535176617 0.0064341526598718996 0.0062116924359675221 0.0072578456485746538 0.0024918622625064303 -0.034367811654145979 0.0080039382880803568 0.025771513048333482 0.0056973814567064796 -0.0031308575672071774 -0.028332174312047393
leaf_weight=66.115798342972994 63.635370586067438 49.104254980571568 2359.4764729980379 14.23487877473235 41.255618823692203 228.07334092073143 10.921759482473133 19.320192255079746 61.036538816988468 26.630040232092142 26.099432371556759 15.681545935571192 111.06155537627637 39.14731477200985 48.42816025018692 30.869656482711434 28.082222543656826 32.809596104547381 182.0307434797287 27.731747038662434 16.960300177335739 74.817543022334576 29.833458757027984 12.259938605129717 53.569206178188324 60.252224285155535 31.092897117137909 13.685864239931105 187.06698715128005 51.376207888126373
leaf_count=529 327 447 12814 76 216 1051 53 93 332 134 128 91 635 184 273 211 138 193 1023 174 101 418 172 64 305 343 217 77 1096 284
internal_value=3.82995e-06 -0.00837853 0.000268904 0.00428792 0.00861506 0.0119035 -0.0019768 -0.0111614 0.00432442 -0.00206839 0.00454206 -0.00498637 -0.000336447 -0.00297671 0.00391253 0.00841136 -0.0125776 0.000766389 0.0121175 -0.00637758 -0.0113145 -0.0054614 -0.0132135 -0.0206981 -0.0277792 -0.00224387 0.0111772 -0.00499366 -0.00827258 -0.0211702
internal_weight=4012.66 115.22 3897.44 506.889 299.245 242.308 207.643 82.9714 124.672 63.6512 52.7295 56.9372 3390.55 998.266 328.558 261.329 67.2295 2392.29 230.459 669.708 298.502 187.44 112.623 82.7894 65.8291 371.206 58.8246 312.381 252.129 65.0621
internal_count=22199 976 21223 2501 1434 1127 1067 408 659 315 262 307 18722 5715 1829 1507 322 13007 1296 3886 1695 1060 642 470 369 2191 391 1800 1457 361
is_linear=0
shrinkage=0.03


Tree=187
num_leaves=31
num_cat=0
split_feature=128 138 162 278 164 352 267 248 137 368 233 357 329 105 178 134 158 153 422 106 128 231 103 265 243 349 349 228 1 153
split_gain=8.74839 19.9575 19.9862 18.4184 21.6722 22.3167 18.378 18.1404 29.4656 20.1382 17.9083 22.7813 17.5264 16.5378 15.6709 24.8723 18.4944 19.7697 16.3176 15.6488 15.4392 24.5152 22.8157 19.6053 17.7339 28.4457 16.3505 15.8544 25.8381 31.5058
threshold=1.3497142791748049 3.4064534902572636 -0.045631000772118561 0.023071695119142536 0.19468407332897189 -0.32245725393295283 0.13252383470535281 0.16753122210502627 3.4872624874114995 -0.70584639906883229 -0.17387774586677548 0.72952494025230419 -1.0609214305877683 0.84325191378593456 -0.25000001490116114 1.2225524187088015 0.030978705734014515 -0.13371630758047101 0.42020373046398168 0.033402161672711379 0.51470670104026806 0.99557733535766613 0.79718837141990673 -0.26881724596023554 -0.04000242426991462 0.44875006377696997 -0.43571135401725763 0.24964435398578647 -0.16285148262977597 -0.049027284607291215
decision_type=2 2 2 2 2 2 2 2 2 2 2 2 2 2 2 2 2 2 2 2 2 2 2 2 2 2 2 2 2 2
left_child=10 3 14 6 -5 -6 12 8 19 -9 11 -1 -2 -10 16 -16 17 18 -3 -4 21 -12 23 26 25 -25 -22 28 -26 -30
right_child=1 2 7 4 5 -7 -8 9 13 -11 20 -13 -14 -15 15 -17 -18 -19 -20 -21 22 -23 -24 24 27 -27 -28 -29 29 -31
leaf_value=0.012482207699855797 -0.010937334249167839 -0.023011167528917301 0.011469734139685056 0.010090898689505572 0.004865448045633409 -0.0187842246534318 -0.018898994017230837 0 0.020288298316349738 -0.030971330749838797 -0.0011841748999344259 -0.020251729245682408 0.012493192246527847 -0.010914770010870468 0.018085917514515801 -0.010435841069965144 -0.0080406374957016774 0.018569654206583769 0.0093227453069522608 -0.017354390199274393 -0.0095569404995641608 0.010234256974096445 0.013854932558252235 -0.014744890234041181 0.0032298911633090845 0.039282065564226192 0.017743190318065826 -0.0038598445679690176 -0.0028530360489622962 -0.022786461455133068
leaf_weight=142.33254398591816 25.381418352946639 16.548495579510927 15.156875826418398 84.718076482415199 58.538773484528065 75.328675303608179 13.249554038047789 28.395870126783848 49.216348644345999 46.340823570266366 1361.909513973631 15.333585262298582 363.84246686473489 15.447687335312365 27.849611353129148 125.16650963574648 45.849374908953905 118.36078646406531 27.946208201348782 85.727313358336687 24.132011711597443 186.05214293953031 51.158169729635119 10.609607860445978 77.515388140454888 12.21114908531308 50.29842909052968 523.19115284457803 114.96338118799031 197.72787271440029
leaf_count=803 126 83 78 480 293 444 90 144 269 263 7724 96 1974 123 125 753 246 579 157 405 136 1064 254 72 510 44 248 2910 621 972
internal_value=-0.000145499 0.00195763 -0.00191304 0.00570576 -0.00124603 -0.00864007 0.00946372 -0.00850415 -0.00260258 -0.0201058 -0.00108135 0.00850938 0.0107725 0.0123496 0.00251518 -0.00461504 0.00777164 0.0124331 -0.00399233 -0.0124633 -0.00168599 0.000221367 -0.0044597 -0.00548601 -0.00668134 0.0162471 0.00870228 -0.00738482 -0.0119334 -0.0157136
internal_weight=3990.5 1223.06 602.006 621.059 218.586 133.867 402.473 240.285 165.548 74.7367 2767.43 157.666 389.224 64.664 361.721 153.016 208.705 162.855 44.4947 100.884 2609.77 1547.96 1061.81 1010.65 936.219 22.8208 74.4304 913.398 390.207 312.691
internal_count=22086 6632 3225 3407 1217 737 2190 1282 875 407 15454 899 2100 392 1943 878 1065 819 240 483 14555 8788 5767 5513 5129 116 384 5013 2103 1593
is_linear=0
shrinkage=0.03


Tree=188
num_leaves=31
num_cat=0
split_feature=335 147 156 310 217 98 459 326 246 360 347 346 134 314 2 244 353 82 244 144 279 154 246 307 156 263 351 230 229 158
split_gain=10.3942 13.542 10.8803 10.5938 13.5606 13.7285 15.0929 13.5222 19.7684 18.8621 18.2698 13.8865 36.6814 22.8936 23.7883 22.5219 19.7471 19.9652 19.2217 21.0746 28.4814 23.453 21.8701 26.3249 20.2566 20.1959 22.7981 17.4903 21.5028 15.7533
threshold=-1.3664330244064329 -1.4062778949737547 -0.29235461354255671 -0.59828314185142506 0.20707555115222934 1.0472543835639956 0.42582418024539953 -0.67479616403579701 0.11691621318459512 -1.2217707633972166 0.31567598879337316 -0.38540101051330561 0.097039140760898604 -0.43843117356300348 -0.2438898757100105 0.034796060994267471 -0.37183655798435206 2.5058361075025465e-07 0.00092766564921475958 -0.64195215702056874 -0.08976398408412932 0.09024823829531671 0.077008422464132323 -0.25495950877666468 0.0077146578114479789 0.43802309036254888 -0.011642369907349346 0.8896826207637788 0.45551599562168127 0.097962219268083586
decision_type=2 2 2 2 2 2 2 2 2 2 2 2 2 2 2 2 2 2 2 2 2 2 2 2 2 2 2 2 2 2
left_child=1 -1 -2 4 -4 6 -6 8 9 -5 -10 12 -9 14 -14 16 17 -13 -18 20 -20 22 -21 -24 -25 27 -27 28 -22 -29
right_child=2 -3 3 7 5 -7 -8 11 10 -11 -12 15 13 -15 -16 -17 18 -19 19 21 25 -23 23 24 -26 26 -28 29 -30 -31
leaf_value=0.022317312310758362 -0.020264876285648686 -0.0092761585956552834 0.013408502392138684 -0.01707846317713543 0.015312407872327691 -0.01609008173798979 -0.0010569699007206054 -0.022228876624730932 -0.0089279159895621595 0.019479077167576481 0.0081833601911825062 0.010093761239253339 -0.0131077404290491 0.00220365875057241 0.01728463278531427 0.018436017648782384 0.0023428518535140302 -0.017228316466039336 0.0045734030616801308 0.020353511604485713 -0.015197691450169776 0.013424806252902224 0.01218291799761701 -0.019520744310505364 0.0025268069298659476 0.0076415245699939871 -0.03823975894523212 0.01512489717614638 0.0068147772870638598 -0.016360701508391872
leaf_weight=6.4264952987432471 15.570399948395787 156.13946498464793 119.39057001285255 10.508940508589147 65.612970769405365 28.422927483916283 161.94106072932482 36.286786193028092 389.3780293893069 45.797316659241915 59.17295229062438 25.023663368076086 20.589313028380275 434.35353228170425 198.29793964885175 49.481568871065974 1244.9402222801 106.5726474840194 128.17570860870183 24.133450489491224 227.6726320758462 106.71773852407932 45.348870672285557 105.61734185926616 52.862792301923037 9.4155568964779359 37.004853714257479 41.459008682519197 43.172388985753059 13.54469092749059
leaf_count=21 288 941 568 78 317 144 832 596 2175 244 245 97 253 2505 995 247 6647 522 728 155 1309 483 206 514 239 49 206 235 248 72
internal_value=0.000170184 -0.00709555 0.000492317 0.000616227 0.00535496 0.00130185 0.00393433 8.86491e-05 -0.00441021 0.0113562 -0.00655648 0.000870565 0.00457518 0.00629991 0.0140617 -0.000265149 -0.00074513 -0.0117097 -9.47035e-06 -0.00351893 -0.00738177 0.00225931 -0.00316721 -0.0065852 -0.0123073 -0.0115342 -0.0289551 -0.00846408 -0.0115678 0.00623047
internal_weight=4009.03 162.566 3846.47 3830.9 375.368 255.977 227.554 3455.53 504.857 56.3063 448.551 2950.67 689.528 653.241 218.887 2261.14 2211.66 131.596 2080.07 835.125 500.445 334.68 227.962 203.829 158.48 372.269 46.4204 325.849 270.845 55.0037
internal_count=22159 962 21197 20909 1861 1293 1149 19048 2742 322 2420 16306 4349 3753 1248 11957 11710 619 11091 4444 2847 1597 1114 959 753 2119 255 1864 1557 307
is_linear=0
shrinkage=0.03


Tree=189
num_leaves=31
num_cat=0
split_feature=335 148 5 308 156 167 383 365 103 252 18 254 341 201 349 279 164 263 247 174 268 271 296 268 267 144 286 128 288 134
split_gain=10.3332 14.8904 14.1782 9.27111 8.47294 8.32366 9.23729 9.61841 10.2074 9.22258 9.52904 9.00591 14.4052 8.88537 12.4099 10.0424 9.96062 9.89741 9.81819 9.46435 8.9473 10.2408 14.191 9.09303 8.8226 8.61335 8.87045 8.53943 20.198 13.734
threshold=-1.3664330244064329 -1.5811203122138975 1.1183189153671267 -0.55330675840377797 -0.29235461354255671 -0.55148032307624806 0.51925924420356762 1.0986679196357729 0.83780765533447277 0.92087671160697948 0.53458327054977428 0.57500001788139354 0.20171825587749484 0.65450927615165722 0.68431663513183605 0.2547172904014588 0.42369036376476293 0.20039331167936328 0.066518284380435957 -0.31372530758380884 -0.10779654979705809 0.099999994039535536 -0.22618268430232999 -0.050476253032684319 -0.062173765152692788 -0.34211504459381098 -0.47467376291751856 1.3017178773880007 -0.73386329412460316 2.287749290466309
decision_type=2 2 2 2 2 2 2 2 2 2 2 2 2 2 2 2 2 2 2 2 2 2 2 2 2 2 2 2 2 2
left_child=1 -1 -3 -4 -2 6 7 8 13 27 -11 12 -8 14 16 20 18 -16 -6 -20 -15 22 23 -22 -9 26 -18 -7 -29 -30
right_child=4 2 3 -5 5 9 11 24 -10 10 -12 -13 -14 15 17 -17 25 -19 19 -21 21 -23 -24 -25 -26 -27 -28 28 29 -31
leaf_value=0.023640292278284764 -0.01817072497868992 -0.016808497735773229 -0.011085125071051026 0.010010714490984307 -0.011705255403785281 -0.00016356999889984274 0.022576499141472715 0.0072896796790821892 0.013390943627104811 0.024806595188937641 -0.00096053913825842863 -0.0048947353088046658 -0.0091271877765101445 0.0076126823812658669 0.021866498888346571 -0.014710852797663385 -0.012855572875567267 -0.0055648010688970108 0.017749633001767628 -0.0070238201461033292 -0.030504216498413759 0.013441217491919519 0.013905516217267509 0.00051969201803505195 -0.017271547172340859 -0.014438466209353672 0.018744206985242786 -0.0094792951425140791 0.0069795297203643176 -0.0042686754507864251
leaf_weight=6.2743359431624404 15.382826696150003 91.333770800381899 25.162270699627697 37.763436202891171 161.884511154145 1586.8449739869684 21.500552695244551 13.192740622907875 55.840836107730865 23.221717223525047 20.366918615996838 638.20261952094734 17.621326653286815 260.48824417591095 22.480182413011789 17.236964270472527 4.4625632837414733 15.059412281960247 17.034223264083266 25.972805425524712 20.275821596384048 12.421763144433497 8.3664695322513598 11.067806363105772 38.901113323867321 7.0738202864304176 30.296196466311812 87.599697977304459 620.36067742854357 109.62367266789079
leaf_count=27 286 440 258 220 788 8730 95 80 270 122 109 3465 107 1237 104 86 48 74 73 127 100 65 39 56 247 275 276 419 3320 697
internal_value=-8.71849e-05 -0.00738324 -0.00968161 0.00115968 0.000226127 0.000335272 -0.00150212 0.000845379 0.00186408 0.00139116 0.0140923 -0.00400304 0.00885088 0.000659959 -0.00316529 0.00398492 -0.00569046 0.0114813 -0.00840917 0.00368955 0.00534821 -0.00535087 -0.0125874 -0.0211805 -0.0107471 0.00670711 0.0129609 0.00111631 0.00359347 0.00525161
internal_weight=4023.31 160.534 154.259 62.9257 3862.78 3847.4 1399.38 722.055 669.962 2448.02 43.5886 677.324 39.1219 614.121 284.264 329.857 246.724 37.5396 204.892 43.007 312.62 52.1319 39.7101 31.3436 52.0939 41.8326 34.7588 2404.43 817.584 729.984
internal_count=22240 945 918 478 21295 21009 7612 3945 3618 13397 231 3667 202 3348 1765 1583 1587 178 988 200 1497 260 195 156 327 599 324 13166 4436 4017
is_linear=0
shrinkage=0.03


Tree=190
num_leaves=31
num_cat=0
split_feature=157 245 61 162 334 244 266 438 443 305 251 146 160 243 148 282 281 330 74 234 307 305 316 304 110 283 1 263 251 296
split_gain=9.81829 9.48583 15.4428 22.4188 21.0662 31.1569 18.6639 18.0336 16.7437 13.2149 13.1571 17.6083 19.44 14.6908 14.2564 11.9814 21.731 19.0978 13.4709 9.35367 8.93421 13.2265 11.5711 15.8557 25.2827 20.4878 17.5831 24.9332 30.2352 23.2523
threshold=0.51828292012214672 0.19320803135633471 0.00046802929136902099 0.048322815448045738 0.44950960576534277 0.00035385912633500999 -0.083534687757492052 0.61200717091560375 0.77346038818359386 -0.50658103823661793 0.16840267926454547 -0.77353528141975392 -0.17157077044248578 0.0034613551106303935 -0.41194444894790644 -0.20643118768930432 0.0040450990200042733 -0.34442780911922449 1.2891365752665254e-10 0.34377382695674902 -1.2454228997230528 -1.185326814651489 -0.98727938532829274 -0.4875479638576507 0.26469108462333685 -0.33001989126205439 0.12447045743465425 0.18665558844804767 0.72992327809333812 -0.48208622634410853
decision_type=2 2 2 2 2 2 2 2 2 2 2 2 2 2 2 2 2 2 2 2 2 2 2 2 2 2 2 2 2 2
left_child=1 2 3 4 9 8 -4 -7 -6 -1 -8 12 14 -14 -12 18 -17 -18 -5 -13 -3 -22 -23 24 25 -24 -25 28 -28 -29
right_child=-2 20 6 15 5 7 10 -9 -10 -11 11 19 13 -15 -16 16 17 -19 -20 -21 21 22 23 26 -26 -27 27 29 -30 -31
leaf_value=-0.0051437326551134329 -0.019172963341630374 0.015640846704345488 0.020800728348063922 -0.012258427730880917 -0.02445412677071215 0.034510672249358026 0.015921144031383571 -0.0073904559227955819 0.013243838665075978 -0.02418551901835073 0.016508614015196849 0.0019543446298020566 0.003765198253072709 -0.031164738518014753 -0.01734010363270478 -0.023199040395029746 -0.011527454739257424 0.028442291566100137 0.027162578564849306 -0.031060249532144923 -0.016778758434968469 0.0053790397380899177 -0.025325258047465559 -0.0005090508788202949 -0.00095164604812403026 -0.002341686884270582 -0.0049867327275257712 -0.009835997111382928 0.019869512720882849 0.013251486303042768
leaf_weight=54.710896488279104 17.19360966514796 27.99412858299911 34.452423189766705 5.4803577428683665 31.624007931910455 20.322624411433939 23.460544732399285 10.240101339295505 9.1428928058594447 106.76247242465615 52.892801288515329 8.5775584522634762 16.883749529719353 16.285045383498073 7.4831187510862938 21.025185419246554 13.593402973376216 17.22407529130578 23.969106026925147 22.829937350004911 32.871039528399706 394.87659327406436 73.761926585808396 1737.0369619429111 497.38188268989325 66.159564980305731 266.44846908375621 39.017114777117968 45.467826304957271 316.4373780740425
leaf_count=237 373 115 134 57 191 76 110 65 61 822 266 33 92 88 37 161 146 87 123 114 161 2034 485 9838 2637 315 1366 192 240 1541
internal_value=-0.000119279 -1.24231e-06 -0.00385229 -0.00783378 -0.0124875 0.000948395 0.00296784 0.0214311 -0.0150779 -0.0182778 -0.00185475 -0.00593941 0.000908681 -0.0155654 0.0107918 0.00530798 -0.0033744 0.0116639 0.0185932 -0.0230575 0.000549566 0.00039353 0.000594606 -3.39922e-05 -0.00421793 -0.0151587 0.00107966 0.00519269 -0.000973937 0.0105473
internal_weight=4011.61 3994.41 496.96 314.095 232.803 71.3296 182.865 30.5627 40.7669 161.473 148.413 124.952 93.5447 33.1688 60.3759 81.2921 51.8427 30.8175 29.4495 31.4075 3497.45 3469.46 3436.59 3041.71 637.303 139.921 2404.41 667.371 311.916 355.454
internal_count=22197 21824 2900 2026 1452 393 874 141 252 1059 740 630 483 180 303 574 394 233 180 147 18924 18809 18648 16614 3437 800 13177 3339 1606 1733
is_linear=0
shrinkage=0.03


Tree=191
num_leaves=31
num_cat=0
split_feature=21 182 313 232 165 254 6 282 109 187 101 90 155 130 143 246 104 349 271 452 320 145 146 227 330 130 278 452 398 145
split_gain=9.68984 10.4045 18.6658 13.6788 10.4916 11.7334 18.3868 16.2976 16.1572 14.8035 14.4325 21.2132 14.6916 13.754 13.3864 18.9151 18.3921 17.3687 31.9413 16.7047 16.423 13.9587 12.8343 12.6211 19.6139 12.6059 12.5807 12.3481 14.4567 18.9232
threshold=1.4277270436286928 -0.44752022624015803 -0.19666092842817304 -0.083789605647325502 0.025242170318961147 0.84999999403953563 0.054907405748963363 0.68147912621498119 1.7233871221542361 0.52765855193138134 0.00026833660376723861 0.0018231199355795982 -0.89552786946296681 2.6400578022003178 1.6768243908882143 0.1719385161995888 0.95599839091300975 0.436681479215622 -0.099999994039535509 0.67204302549362194 0.91611984372138988 -1.1225993633270261 -1.1438082456588743 0.16699653118848803 -0.24856999516487119 0.72106686234474193 -0.0019024856737814841 0.87026646733284008 0.23669467866420749 -1.5391938686370847
decision_type=2 2 2 2 2 2 2 2 2 2 2 2 2 2 2 2 2 2 2 2 2 2 2 2 2 2 2 2 2 2
left_child=1 2 -1 -4 -3 9 -7 8 10 13 11 12 -8 14 16 22 20 19 21 -17 -6 -19 -16 27 -25 -22 -20 28 -12 -30
right_child=-2 4 3 -5 5 6 7 -9 -10 -11 23 -13 -14 -15 15 17 -18 18 26 -21 25 -23 -24 24 -26 -27 -28 -29 29 -31
leaf_value=-0.018933185123937792 0.016855537917479024 -0.0017976467239703806 0.01157608433813462 -0.004616126031651617 0.0023689640379592576 -0.017030290651490903 0.028683446597215664 -0.013506008947412464 -0.006700944946341012 -0.0084520239370032921 0.0040649331029614828 -0.0097766173973124326 -0.00078835083310709617 0.011175696657315482 -0.0068129878042790873 -0.00023642647279458305 0.014768378620135823 0.021167724618396225 -0.0064829129568430366 0.017619515414203205 0.0023129123062349361 -0.0097467689897766437 -0.029020536443050745 -0.020792456025222027 0.012095889916876126 -0.01885311134690193 -0.033419954841787912 0 0.003238374349893569 0.022110490288798107
leaf_weight=61.543690655380487 24.213452011346817 1160.8964026086032 51.679400809109211 226.51340075489134 825.56840435415506 26.52968096267432 22.007217291742563 31.039159614592791 66.637474002316594 151.72460577450693 101.29299186356366 81.437517661601305 29.871203891932964 107.46788964234293 88.266650594770908 177.80518078990281 89.615284811705351 26.458098698407412 34.373807948082685 56.544381510466337 39.048972150310874 15.787762995809315 29.790252897888422 22.785203859210014 29.086667124181986 55.161751572042704 32.998446624726057 65.050711564719677 66.654487308114767 208.55211313813925
leaf_count=840 185 5650 334 1259 4315 491 87 177 465 944 515 391 154 540 581 916 490 124 162 311 240 80 215 163 148 407 156 327 355 1128
internal_value=0.000204093 7.08131e-05 -0.00489248 -0.00136101 0.000545119 0.00164728 0.00476095 0.0057287 0.00673112 0.000276423 0.00823409 -0.000439439 0.0134593 0.00115542 0.000367014 -0.00381886 0.00230643 -0.000152196 -0.00968412 0.00441446 0.000978539 0.00965817 -0.0138115 0.0105719 -0.00292682 -0.0104232 -0.0217214 0.012202 0.0142521 0.0177706
internal_weight=4006.4 3982.19 339.736 278.193 3642.45 2481.56 750.944 724.415 693.376 1730.61 626.738 133.316 51.8784 1578.89 1471.42 462.025 1009.39 343.968 109.618 234.35 919.779 42.2459 118.057 493.422 51.8719 94.2107 67.3723 441.55 376.5 275.207
internal_count=22150 21965 2433 1593 19532 13882 4401 3910 3733 9481 3268 632 241 8537 7997 2545 5452 1749 522 1227 4962 204 796 2636 311 647 318 2325 1998 1483
is_linear=0
shrinkage=0.03


Tree=192
num_leaves=31
num_cat=0
split_feature=7 277 281 131 245 271 452 277 262 268 272 438 160 229 266 180 348 166 2 157 251 244 246 237 277 281 348 21 372 2
split_gain=9.1688 20.2982 25.7023 29.8741 23.358 19.1814 18.804 16.3952 15.1375 13.3592 11.9551 11.7211 11.4268 12.9384 10.3306 11.9935 10.2651 9.97611 11.2295 10.4639 28.4963 26.1122 16.2564 12.417 11.8509 29.7048 23.5589 18.9671 17.6871 16.3217
threshold=0.21010493487119677 -0.0061905747279524794 -0.23050639778375623 1.8588976263999941 0.40124860405921942 0.099999994039535536 0.54692083597183239 0.33104360103607183 0.33023364841938024 -0.062212176620960229 -0.087341561913490282 0.70900535583496105 -0.92719054222106922 0.12693516537547114 0.052370835095644004 -0.03108346555382013 -0.55847433209419239 0.74877929687500011 -0.69192966818809498 0.19099289923906329 0.4446017742156983 -0.007340103853493928 0.18167795240879062 0.86249998211860668 -0.01228606980293989 0.15101667493581775 -0.43244405090808863 0.3354459702968598 1.6424511671066286 0.39147554337978369
decision_type=2 2 2 2 2 2 2 2 2 2 2 2 2 2 2 2 2 2 2 2 2 2 2 2 2 2 2 2 2 2
left_child=1 2 6 5 7 8 -1 9 -4 -3 11 -2 -6 -14 15 -8 -10 18 -12 24 -21 -22 23 -23 25 29 -27 -28 -26 -20
right_child=10 4 3 -5 12 -7 14 -9 16 -11 17 -13 13 -15 -16 -17 -18 -19 19 20 21 22 -24 -25 28 26 27 -29 -30 -31
leaf_value=-0.021878025618638809 -0.02610944015968987 -0.023696845686535052 -0.0099749695445242783 -0.014724824939998915 -0.01114828911604984 0.039580837027315845 -0.017711415573781253 0.015549547709318592 -0.0050388874110279518 0.0066577171048357474 0.024456387364029806 0.0035559491640358128 0.023069859219152573 -0.0082550141697182913 0.022159001530098029 0.013191339495470777 0.027431208214662366 -0.017393935027657827 -0.0012811360796691482 -0.0086887359665612941 -0.0084648700031991642 -0.009688354475604467 0.035262722134095752 0.024933822893378775 0.0023077721884366691 0.0035177254196385867 -0.029965597329011891 0.0099404581851597097 -0.014165085703284353 0.01468735915973784
leaf_weight=42.909367891028523 23.210755263455212 114.868393227458 20.055698446929455 22.574330650269985 22.959206556901336 24.829612808302045 19.2584845777601 6.8983087278902522 8.7643523644655925 11.029158532619475 10.594262754544614 16.469176575541496 26.192949263378978 13.354334646835921 11.95735622756183 13.011090889573095 24.796054461970925 21.124259877949953 1436.2894540717825 53.078540396876633 22.430132035166025 17.074797410517935 46.529658555984497 8.2758006863296014 1720.2549481820315 35.026123682036996 68.235516162589192 8.6171827502548677 53.664340160787106 52.95746237039566
leaf_count=350 203 904 145 207 196 119 200 36 77 74 63 94 169 122 81 56 128 773 7181 410 196 157 232 47 8635 187 365 34 314 297
internal_value=-0.000277805 -0.00464506 0.00232281 0.0122779 -0.011258 0.020741 -0.00916165 -0.0181032 0.00827981 -0.020748 0.000193384 -0.014885 0.0034923 0.0126158 0.00427459 -0.00485368 0.0192865 0.000393602 0.000537105 0.000413827 0.00805182 0.0175265 0.0258016 0.00423915 6.11947e-05 -0.00180262 -0.0162384 -0.0249096 0.00174982 -0.000640224
internal_weight=3977.29 383.459 188.156 101.02 195.302 78.4457 87.1363 132.796 53.6161 125.898 3593.83 39.6799 62.5065 39.5473 44.2269 32.2696 33.5604 3554.15 3533.03 3522.43 147.389 94.3104 71.8803 25.3506 3375.05 1601.13 111.879 76.8527 1773.92 1489.25
internal_count=22052 2864 1363 676 1501 469 687 1014 350 978 19188 297 487 291 337 256 205 18891 18118 18055 1042 632 436 204 17013 8064 586 399 8949 7478
is_linear=0
shrinkage=0.03


Tree=193
num_leaves=31
num_cat=0
split_feature=157 249 1 268 243 249 228 228 233 228 128 230 243 161 277 128 462 233 243 129 279 127 437 281 236 177 141 2 249 130
split_gain=9.6472 7.88378 16.0886 34.9197 34.6389 16.1834 43.736 24.724 26.1727 20.4905 15.6292 26.2883 25.1278 24.7306 23.5539 28.0013 24.9956 21.1937 18.8802 20.0736 18.3761 19.6457 17.3982 17.2881 16.9741 16.6037 15.5288 15.0306 17.1318 32.9841
threshold=0.51828292012214672 0.053364716470241554 0.12673997879028323 -0.31359647214412684 0.0088420761749148386 0.025487391278147701 0.14931328594684604 0.14931328594684604 -0.019685643725097176 0.53974768519401561 1.401244103908539 1.0000000180025095e-35 -0.0029774212744086976 0.016862192191183571 0.03515805862843991 2.0080538988113408 0.32200460135936743 0.14636807143688205 -0.0046123827341943971 0.25115165114402777 0.089095011353492751 0.6528402864933015 0.42020373046398168 -0.31110616028308863 0.072778847068548216 0.17927443981170657 2.2887405157089238 -0.5844261348247527 0.069236900657415404 1.3781719803810122
decision_type=2 2 2 2 2 2 2 2 2 2 2 2 2 2 2 2 2 2 2 2 2 2 2 2 2 2 2 2 2 2
left_child=1 2 10 -4 5 7 -7 8 -5 -8 12 25 18 17 16 -16 20 -14 19 24 21 -13 -17 -21 -1 -12 -23 -3 29 -29
right_child=-2 27 3 4 -6 6 9 -9 -10 -11 11 14 13 -15 15 22 -18 -19 -20 23 -22 26 -24 -25 -26 -27 -28 28 -30 -31
leaf_value=0.0035453610304534804 -0.019049302937191367 0.017643639133994658 -0.015569614126322299 0.018391276646736059 -0.010971744936641088 0.022753831347132859 -0.029264587150858216 0.025001931467838908 -0.017728861127150577 0.0091112125077081225 0.0011137838986555165 -0.004362182426822037 0.0002112221911822484 -0.020296127223230386 0.018699911135380359 0.013907575435146867 0.00064084732584280147 0.015736523847295694 -0.01950374256462796 0.010565920561872983 0.010831232627221177 0.004793467762404943 -0.013122627154937642 -0.02562807310559026 -0.017302919521678277 0.017229149257898618 -0.039697957089600805 -0.0011456444086753721 -0.0010816904253681948 -0.029643342047991916
leaf_weight=196.75851897615939 17.003423473797739 27.456784191541374 49.25055103097111 31.85853607300669 53.873083435930312 42.392916696146131 29.369454043917358 144.17204808630049 26.682037305086851 14.469022311270235 93.182269720360637 36.975641122087836 1091.0628250297159 42.484788475558162 92.02678519487381 24.937864292412996 185.90875789895654 78.477457899600267 93.987848801538348 10.407914159819482 12.927351737394927 6.1320877000689498 58.687778532505035 49.349989604204893 35.471319939941168 154.64703591912985 42.007487388327718 102.16353258956224 1106.7746821297333 51.177364245057106
leaf_count=1042 371 302 304 150 428 191 149 672 215 62 512 233 5905 447 505 118 935 356 487 61 81 27 350 284 227 847 240 508 5932 264
internal_value=-8.68213e-05 2.47178e-05 0.000948835 0.00651036 0.00996056 0.014066 0.00273674 0.0185831 0.00163279 -0.0168815 -9.27508e-06 0.00367729 -0.00165678 0.000469805 -0.000577453 0.00785084 -0.00589073 0.00134934 -0.00825072 -0.00422155 -0.0175933 -0.0225194 -0.00449451 -0.01872 -8.27789e-06 0.0114081 -0.0339511 -0.00189789 -0.00242708 -0.0116011
internal_weight=4002.08 3985.07 2697.5 392.068 342.817 288.944 86.2314 202.713 58.5406 43.8385 2305.43 707.433 1598 1212.03 459.604 175.652 283.951 1169.54 385.976 291.988 98.0426 85.1152 83.6256 59.7579 232.23 247.829 48.1396 1287.57 1260.12 153.341
internal_count=22205 21834 14828 2171 1867 1439 402 1037 365 211 12657 3848 8809 6708 2489 973 1516 6261 2101 1614 581 500 468 345 1269 1359 267 7006 6704 772
is_linear=0
shrinkage=0.03


Tree=194
num_leaves=31
num_cat=0
split_feature=365 187 376 399 267 177 84 147 279 6 347 249 2 266 126 127 128 279 271 233 352 126 147 116 244 251 138 7 264 280
split_gain=8.47179 14.6457 9.70807 13.1126 13.6183 13.3581 22.6439 19.1547 16.7939 16.2397 17.0749 21.5355 14.927 23.0101 18.3113 24.6826 22.0451 19.8974 22.3584 19.3502 18.0012 22.7718 20.4267 21.3828 20.0857 18.0955 16.192 18.203 24.0444 26.5091
threshold=-1.5566641092300413 -0.32163377106189722 0.12973351776599887 0.25403225421905523 0.060575107112526901 1.0911011099815371 0.0038952276809141044 -1.1854693889617918 -0.0919906049966812 0.072744261473417296 -0.9541855752468108 -0.0017619210993871091 0.20223154127597812 0.1446192264556885 0.54488816857337963 0.06306046620011331 2.443340659141541 0.15895102918148044 0.34999999403953558 -0.065902158617973314 0.77246007323265087 0.26887483894824987 -0.25781735777854914 1.9666463136672976 0.0025805372279137377 0.38064360618591314 1.8214917778968813 0.24405324459075931 0.099081754684448256 0.053145296871662147
decision_type=2 2 2 2 2 2 2 2 2 2 2 2 2 2 2 2 2 2 2 2 2 2 2 2 2 2 2 2 2 2
left_child=1 -1 -2 4 -4 9 -7 8 -8 10 11 -5 13 14 15 26 -16 18 20 -18 21 22 23 -17 -24 -23 27 -11 29 -29
right_child=2 -3 3 5 -6 6 7 -9 -10 12 -12 -13 -14 -15 16 17 19 -19 -20 -21 -22 25 24 -25 -26 -27 -28 28 -30 -31
leaf_value=0.0047604503305903765 0.0038820676297597386 -0.013157177517923528 -0.0070739074488502876 -0.0092767372590790934 0.0035896247031794188 -0.011734397320147668 0.013833659548933671 0.010415509334401194 -0.026833020599370577 0.0058410137139408881 -0.0073307244140784437 0.021817224586044379 -0.0034414501469608883 0.014846222137724109 0.014914533398462364 0.0084021295138502362 -0.018884358202928865 0.0099200113309222716 0.027087952715897218 0.0069278104476299552 -0.016084599975357244 -0.029260709774992281 -0.023054019702500355 -0.011354379370009778 0.0052910755480413954 -0.0050323893638147248 0.014534690676103117 -0.012318517466434413 -0.034411244126745941 0.023261659870362481
leaf_weight=60.003165707923472 573.99908648058772 102.32299804501235 427.55895518790931 29.707982057705522 137.03494743816555 186.01979387179017 7.9692866504192379 101.23365791887045 21.067369379103184 323.75917663052678 309.72759522497654 38.725813401862979 322.9349899571389 141.2465259116143 191.48890719562769 234.57586303725839 33.031816069036722 88.640703607350588 12.327536784112452 68.145445097237825 115.12394214235246 38.734965644776821 48.823191726580262 55.12144791521132 33.177087428048253 83.791214056313038 130.92998890951276 47.529593821614981 17.867457076907158 21.79957059212029
leaf_count=499 2812 1019 2176 215 697 815 32 413 105 1559 2193 211 2129 760 1100 1205 162 482 63 370 586 180 283 329 157 467 718 244 94 136
internal_value=1.57358e-05 -0.006549 0.000307225 -0.000324399 -0.00445508 0.000543649 -0.00517558 0.00423439 -0.0148613 0.00131871 -0.00432225 0.00857149 0.00239703 0.00353106 0.00242746 0.000819252 0.00909341 -0.00283992 -0.00476617 -0.00207883 -0.00572796 -0.00310361 0.000632516 0.00442842 -0.0119535 -0.0139403 0.00560995 0.00254561 -0.00910349 0
internal_weight=4004.42 162.326 3842.09 3268.09 564.594 2703.5 316.29 130.27 29.0367 2387.21 378.161 68.4338 2009.05 1686.11 1544.87 1252.2 292.666 710.316 621.675 101.177 609.348 494.224 371.698 289.697 82.0003 122.526 541.886 410.956 87.1966 69.3292
internal_count=22211 1518 20693 17881 2873 15008 1365 550 137 13643 2619 426 11024 8895 8135 6503 1632 3752 3270 532 3207 2621 1974 1534 440 647 2751 2033 474 380
is_linear=0
shrinkage=0.03


Tree=195
num_leaves=31
num_cat=0
split_feature=96 102 271 149 162 136 462 122 250 267 434 250 22 235 355 349 153 95 6 260 183 177 251 127 284 287 367 186 346 187
split_gain=9.31789 9.354 15.9911 19.3325 22.6196 13.8874 17.9223 13.8841 13.4075 13.1111 17.6311 16.9099 13.2157 14.8851 11.5554 11.2701 12.9555 10.8082 13.6553 14.6527 13.1566 12.5555 15.3734 13.3895 11.5492 10.7383 10.732 10.5429 15.7591 18.976
threshold=2.7881778478622441 0.79571095108985912 0.05000004172325135 -1.7790546417236326 -0.098193440586328493 1.8868966698646548 0.37715516984462744 1.8062509298324587 0.019520420581102375 0.05560621805489064 0.74133810400962841 -0.046109188348054879 0.45134170353412634 0.019467028789222244 0.26149627566337591 -0.33057780563831324 0.068702824413776412 1.176277816295624 0.046479932963848121 0.00035238495911471551 -0.39051310718059534 -1.4120293855667112 0.74167376756668102 0.35401235520839697 0.029644575901329521 -0.37013193964958185 0.67024108767509472 -0.17960529774427411 -0.38540101051330561 -0.30491229891777033
decision_type=2 2 2 2 2 2 2 2 2 2 2 2 2 2 2 2 2 2 2 2 2 2 2 2 2 2 2 2 2 2
left_child=1 5 9 -4 8 7 -7 17 14 10 12 -11 13 -3 -5 16 -9 18 19 20 -1 -19 25 -24 27 -23 -13 28 29 -20
right_child=-2 2 3 4 -6 6 -8 15 -10 11 -12 26 -14 -15 -16 -17 -18 21 24 -21 -22 22 23 -25 -26 -27 -28 -29 -30 -31
leaf_value=0.0122583603526231 -0.011702238720415783 0.0082596317411952822 0.021973183633169802 -0.00969012312402979 -0.028052212775736683 -0.02485541285889642 0.002383705954370866 -0.018278348049943789 -0.016673077422496026 0.016042050875250732 0.022145574177030395 -0.020732175594275603 0.017593788375169263 -0.017124492850755606 0.025629592652046073 0.017575272066735328 0.017668841455150776 0.011802494126822254 0.0093134671335488618 -0.025613548117540012 -0.019669532272281225 0.00083788907174702735 -0.0091757926303309232 0.02275550634545177 0.0067336623417856289 -0.012169352672597365 0.0069245359734935079 0.0015236172258393484 -0.0047859664518847276 -0.0046637726549518524
leaf_weight=25.373062669299543 53.132323743775487 37.53983797878027 11.368524212390183 7.5147572979331043 33.283013790845871 39.295433185994625 37.677216231822968 16.11784723028541 12.116614885628222 22.114687357097864 85.16020155325532 32.12602418102324 32.399867609143257 32.090447902679443 17.884368419647217 63.141166929155588 7.8969543129205695 29.301775215193629 185.41366181056947 30.46463927347213 11.087433263659475 72.312915563583374 14.529516894370316 21.431994181126356 247.79305110312998 228.68581173382699 13.775749899446962 1691.7293217955157 719.46369411796331 153.19604933168739
leaf_count=227 389 199 52 49 183 242 239 101 69 115 462 224 135 177 90 369 43 184 1032 578 378 414 126 98 1194 1459 66 8340 3921 1024
internal_value=1.51619e-05 0.000196664 0.00492153 -0.00614597 -0.012367 -0.000252541 -0.0123099 3.22171e-05 0.00353569 0.00859385 0.012581 -0.00238942 0.00359232 -0.00379773 0.0150197 0.0114003 -0.00479913 -0.00027615 0.000307001 -0.0124252 0.000703382 -0.00509777 -0.00680821 0.0102169 0.000623043 -0.00906234 -0.0124156 5.28884e-05 -0.00228333 0.00299303
internal_weight=3985.42 3932.29 337.374 82.1673 70.7988 3594.91 76.9726 3517.94 37.5157 255.207 187.19 68.0165 102.03 69.6303 25.3991 87.156 24.0148 3430.78 3064.52 66.9251 36.4605 366.262 336.96 35.9615 2997.6 300.999 45.9018 2749.8 1058.07 338.61
internal_count=22179 21790 1821 443 391 19969 481 19488 208 1378 973 405 511 376 139 513 144 18975 16694 1183 605 2281 2097 224 15511 1873 290 14317 5977 2056
is_linear=0
shrinkage=0.03


Tree=196
num_leaves=31
num_cat=0
split_feature=21 22 20 165 174 136 462 457 266 431 360 180 281 161 124 266 266 395 262 441 373 266 135 267 351 128 155 1 279 268
split_gain=10.5639 10.4208 9.41294 9.03513 11.5341 11.2486 12.4659 12.1167 18.1273 18.5662 16.4735 15.2213 14.9717 14.8979 14.9899 14.0886 15.225 14.4374 13.8675 13.7436 13.5658 13.5551 17.3506 12.7317 12.9317 12.6287 12.5311 11.9892 11.7833 20.6859
threshold=1.4277270436286928 1.5214663743972781 1.1288465857505801 0.025242170318961147 -0.17960529774427411 1.9771801233291628 0.29099461436271673 0.3390804678201676 0.045835848897695548 0.03637566231191159 0.45258451998233801 -0.27692537009716028 -0.082788184285163866 -0.0080795674584805948 0.69942814111709606 0.019994723610579971 -0.012213280890136955 0.042572464793920524 0.47156819701194769 0.61200717091560375 1.3918048143386843 -0.039760664105415337 2.5467790365219121 0.14986750483512881 -0.300700694322586 0.31552481651306158 0.44470284879207617 -0.11985492706298827 -0.048310860991477959 -0.27611581981182093
decision_type=2 2 2 2 2 2 2 2 2 2 2 2 2 2 2 2 2 2 2 2 2 2 2 2 2 2 2 2 2 2
left_child=1 2 3 4 -1 7 -7 8 11 -10 13 15 -13 14 -11 16 21 -17 -15 20 -18 -5 27 28 -25 -20 -26 -23 29 -9
right_child=-2 -3 -4 5 -6 6 -8 23 9 10 -12 12 -14 18 -16 17 19 -19 25 -21 -22 22 -24 24 26 -27 -28 -29 -30 -31
leaf_value=-0.0047181412328746314 0.017512004712405289 -0.019676320323061363 0.016045835803818471 -0.0043149156578054237 0.0014133630979562268 -0.017631372571636515 0.00036903411611648217 -0.010345411132608416 -0.01589138749363633 -0.021385152169007542 -0.017351801787541601 -0.0063464640957555185 0.012413022404276334 0.016055763347356297 0.015425827057694489 0.010008677354475925 0.014602409878407661 -0.02377660701983627 0.013385571119353772 -0.018837017506481816 -0.012763598483087706 0.0056247653146762151 0.0034255799209385782 0.0072919756123201581 -0.021453696122604112 -0.019222789740912974 0.0069168327852077733 -0.032935955628595338 0.0050032988238349471 0.0031270525850782592
leaf_weight=742.6676361951977 23.331285245716572 17.725140631198883 25.081770718097687 283.36286388337612 429.49569388478994 55.218095583841205 74.954019382596016 133.56511544249952 27.504716486670077 19.619677692651752 15.316981220617889 61.844520260579884 79.763779380358756 167.46211471874267 9.4182474985718709 9.156005800701676 76.445842948742211 60.251891462132335 12.659139232710006 11.256451869383453 14.123736857436596 5.8369862567633382 19.826305149123073 29.532388284802437 49.467908382415771 16.68138718046248 14.206689616665242 41.332172902300954 1093.6045321263373 371.80272434651852
leaf_count=3681 181 76 144 1842 2037 433 435 799 272 181 139 357 383 887 59 58 392 336 60 59 99 65 93 231 349 111 96 217 6087 2027
internal_value=-0.000120819 -0.000257755 -0.000133355 -0.000267749 -0.00246752 0.000668529 -0.00770016 0.00110705 -0.00162528 0.00484825 0.00763752 -0.00428663 0.00423652 0.00984815 -0.0084772 -0.00664592 -0.00452032 -0.0186737 0.0128018 0.00536635 0.00961771 -0.00747193 -0.0190115 0.00261839 -0.00775763 -0.00499645 -0.0149171 -0.0278602 0.00326094 -0.000505824
internal_weight=3992.52 3969.18 3951.46 3926.38 1172.16 2754.21 130.172 2624.04 931.863 268.662 241.158 663.201 141.608 225.841 29.0379 521.592 452.184 69.4079 196.803 101.826 90.5696 350.358 66.9955 1692.18 93.207 29.3405 63.6746 47.1692 1598.97 505.368
internal_count=22186 22005 21929 21785 5718 16067 868 15199 5610 1709 1437 3901 740 1298 240 3161 2767 394 1058 550 491 2217 375 9589 676 171 445 282 8913 2826
is_linear=0
shrinkage=0.03


Tree=197
num_leaves=31
num_cat=0
split_feature=7 263 237 282 233 336 324 263 156 229 287 133 161 1 161 136 190 271 357 262 267 1 280 231 237 279 7 141 263 229
split_gain=10.8013 22.0967 14.7289 18.8827 13.3018 11.8625 20.9079 13.9449 12.7974 14.6384 16.2846 13.8439 12.8012 12.5125 12.3265 12.4938 10.9922 10.5711 28.4172 28.0971 19.9448 18.935 23.9162 21.9624 16.9 21.2361 15.8904 15.8234 15.0095 17.4236
threshold=0.25035411119461065 0.57157042622566234 0.77500006556510936 -0.49036093056201929 -0.08885368704795836 -0.87671664357185353 -0.53871893882751454 0.54661801457405101 -1.0000000180025095e-35 0.13504355400800708 -0.276413545012474 0.73335516452789318 -0.0010769036598503587 -0.10859606042504309 -0.026607242412865158 1.4341971874237063 -0.17960531264543531 -0.099999994039535509 0.17724889516830447 0.36231243610382086 0.013126507867127659 0.10757726803421976 0.12028455734252931 -0.17927051335573194 0.77500006556510936 0.15895102918148044 0.24405324459075931 2.2434239387512211 0.49435879290103918 0.26947847008705145
decision_type=2 2 2 2 2 2 2 2 2 2 2 2 2 2 2 2 2 2 2 2 2 2 2 2 2 2 2 2 2 2
left_child=5 2 3 -2 -5 6 7 8 12 10 14 -11 13 -1 -10 -16 -15 18 19 21 -20 22 -7 -24 25 -21 28 -19 29 -22
right_child=1 -3 -4 4 -6 17 -8 -9 9 11 -12 -13 -14 16 15 -17 -18 27 20 24 26 -23 23 -25 -26 -27 -28 -29 -30 -31
leaf_value=-0.012909892091840212 0.011716798746398215 0.019291491135234484 -0.001253510690287264 0.0016848530068158934 -0.026998001050063586 0.0075408370853152808 -0.01379063114912679 -0.022673968418996694 0.016349878225222401 -0.0081282378326330441 0.0071356784010477622 0.016102720935945468 0.016575680123948611 -0.0076221548704125241 -0.024665447667250266 0.0059247032296316105 0.019103623138737227 0.001576268122583567 0.015443167115522278 0.0086383109505026989 -0.0080909502504180678 0.014621401471973688 0.0013730387286787333 -0.027731845167114251 -0.024920993812586646 -0.023205410593736698 0.020257016478818741 -0.0035311186872971499 -0.026351716229176439 0.01999944241900593
leaf_weight=34.206950837746263 12.697822389192877 20.205077952705324 104.0612284084782 15.975590067915617 73.423203732818365 108.21939431317151 135.32037954777479 16.137443330138922 3.7545526325702658 30.38737004250288 29.574079227633774 43.204465799033642 69.11946545355022 17.115254614502192 66.211588378995657 10.901590924710034 28.358928291127086 1728.366376189515 223.41791514866054 47.098820809274912 55.447750212624669 90.430589723400772 45.130128562450409 38.648904144763947 51.745544912293553 21.905615832656622 20.697086246684194 789.47451875545084 16.60612577944994 22.115565814077854
leaf_count=220 55 170 550 67 382 596 912 79 25 179 151 188 318 112 388 65 123 9468 1219 241 344 454 218 249 357 120 138 4514 98 126
internal_value=-0.000143177 -0.00640697 -0.00952569 -0.0172394 -0.0220133 0.000244025 -0.00409891 -0.000113978 0.00139346 -0.003805 -0.0104854 0.00613009 0.00777229 -0.000464967 -0.0171041 -0.0200829 0.00916972 0.000899947 0.00403031 -0.00133447 0.0103521 0.00383365 -0.00153017 -0.013041 -0.0130524 -0.00253859 4.53927e-05 -2.63555e-05 -0.00538728 0.000786788
internal_weight=3969.96 226.363 206.158 102.097 89.3988 3743.6 484.292 348.972 332.834 184.034 110.442 73.5918 148.801 79.6811 80.8677 77.1132 45.4742 3259.3 741.463 403.179 338.284 282.429 191.998 83.779 120.75 69.0044 114.867 2517.84 94.1694 77.5633
internal_count=22126 1224 1054 504 449 20902 2760 1848 1769 996 629 367 773 455 478 453 235 18142 4160 2235 1925 1517 1063 467 718 361 706 13982 568 470
is_linear=0
shrinkage=0.03


Tree=198
num_leaves=31
num_cat=0
split_feature=157 245 156 280 149 279 117 347 279 153 117 1 350 231 84 267 266 310 158 281 244 126 201 229 141 268 7 364 452 231
split_gain=11.1014 9.13598 18.0699 20.1384 20.7362 18.5603 25.3517 26.0227 18.7379 17.9837 21.0879 15.1616 17.4916 16.478 13.6741 13.4585 12.4451 11.8387 11.818 11.5662 11.4799 10.5131 9.78258 10.7085 13.9227 21.5693 22.7741 18.8804 15.0874 16.1151
threshold=0.48289826512336737 0.19320803135633471 0.0024736615596339111 0.14417976886034015 -0.4754537940025329 -0.019675508141517636 0.26890622079372412 1.2720216512680056 0.14501505345106128 0.048998283222317703 0.92798182368278515 0.24151813983917239 0.82608425617218029 0.51614162325859081 0.00014683889457955959 0.017659902572631839 0.13314419984817508 -1.1334934830665586 -0.03493670001626014 0.069452047348022475 -0.0058149388059973708 0.0046725010033696899 0.94281044602394115 0.0098184649832546728 1.0139966607093813 -0.20159642398357389 0.22208333760499957 1.3437978625297549 0.20344828069210055 -0.78183335065841664
decision_type=2 2 2 2 2 2 2 2 2 2 2 2 2 2 2 2 2 2 2 2 2 2 2 2 2 2 2 2 2 2
left_child=1 2 5 4 11 9 15 8 14 10 -1 12 16 -13 18 21 -4 -3 -8 -5 -16 -7 23 24 -19 -26 -27 28 -28 -30
right_child=-2 17 3 19 -6 6 7 -9 -10 -11 -12 13 -14 -15 20 -17 -18 22 -20 -21 -22 -23 -24 -25 25 26 27 -29 29 -31
leaf_value=-0.011940364059471065 -0.018777016557699932 0.017114870412481654 0.02870578332981787 -0.0010046817130869214 -0.014750923088803502 -0.0096081221598655637 0.0026290221415513414 0.0071612076064829205 0.011935043431615175 -0.017016811071187233 0.020453512776987228 0.015947773442277435 -0.0053310257189918189 -0.027252317519778781 -0.0066489770816660883 -0.012165495317858875 -0.0047646199722371288 0.012732983683662682 -0.021962792991659798 -0.029312645459724555 -0.04221512747381586 0.026528314471672032 0.0057559939858746242 -0.00085564477785037083 -0.0067348429945984622 -0.011027655936651908 -0.0025899415496777223 -0.020099218444085347 -0.010524090976723351 0.023276090802666877
leaf_weight=20.883517602458596 21.533952976576984 31.407461637631059 69.72785995900631 37.435385656543076 20.498272952623665 5.248351599089804 22.96139678824693 26.863001873716712 8.4916796013712865 23.118613507598639 48.420654680579901 8.4769008588045853 18.414138605818152 9.8198654484003765 13.884728066623209 14.736777619458733 8.8052000720053893 115.4983873674646 47.16893327049911 14.060234267264603 49.128085691481829 20.805289302021265 270.75428242981434 2693.8947215583175 168.21702397614717 40.57935550622642 30.823287496343255 8.538874499499796 9.7764457985758764 109.71105311065912
leaf_count=159 447 131 332 224 174 89 163 143 54 121 217 46 109 60 77 126 46 628 347 79 257 77 1277 14691 996 325 158 40 51 558
internal_value=-0.000131512 0 -0.0038072 0.00339834 0.009409 -0.00828854 -0.0131137 -0.0181276 -0.023106 0.00268636 0.0103547 0.0143908 0.0189591 -0.00794798 -0.0259003 0.00699942 0.0247475 0.000544532 -0.0142672 -0.0114962 -0.0359765 0.018438 0.000356174 -0.000112355 0.00396365 0.000994253 0.00757186 0.0126515 0.0153903 0.0199982
internal_weight=3989.68 3968.15 488.949 187.238 135.742 301.711 209.288 168.498 141.635 92.4228 69.3042 115.244 96.9472 18.2968 133.143 40.7904 78.5331 3479.2 70.1303 51.4956 63.0128 26.0536 3447.79 3177.04 483.144 367.646 199.429 158.85 150.311 119.487
internal_count=22202 21755 2900 1070 767 1830 1333 1041 898 497 376 593 487 106 844 292 378 18855 510 303 334 166 18724 17447 2756 2128 1132 807 767 609
is_linear=0
shrinkage=0.03


Tree=199
num_leaves=31
num_cat=0
split_feature=156 269 229 160 281 226 234 268 146 281 249 371 2 229 279 3 408 231 175 233 232 115 165 7 247 137 126 268 351 226
split_gain=10.5293 10.2065 9.6901 9.38905 31.4645 24.2623 20.5412 25.7684 17.3693 15.6929 18.5019 19.8888 21.1775 16.5261 20.2988 17.6239 17.1697 14.6374 14.0413 21.0263 17.875 21.7965 16.0118 14.0378 14.0329 14.7799 15.6955 14.4105 18.9336 13.25
threshold=-0.29235461354255671 -0.44176098704338068 0.18124188482761386 0.39355289936065679 0.42107242345809942 -0.13962393999099729 0.54163622856140148 -0.10383728146553038 -0.76524549722671498 0.14907022565603259 0.024612432345747951 1.0216678977012636 -0.5844261348247527 0.22654791176319125 -0.052521467208862298 0.19295924901962283 0.22653958946466449 0.99557733535766613 -0.73874896764755238 0.034644423052668578 -0.080768473446369157 0.1669457480311394 0.089910890907049193 0.24331635236740115 -0.099702022969722734 3.465640783309937 1.0419850349426272 -0.16031587123870847 -0.5523616075515746 -1.0000000180025095e-35
decision_type=2 2 2 2 2 2 2 2 2 2 2 2 2 2 2 2 2 2 2 2 2 2 2 2 2 2 2 2 2 2
left_child=-1 2 -2 9 5 -5 7 17 -6 -3 -11 12 -12 16 15 -15 -14 -7 19 -8 21 22 -20 -16 -22 27 -27 28 -26 -29
right_child=1 3 -4 4 8 6 18 -9 -10 10 11 -13 13 14 23 -17 -18 -19 20 -21 24 -23 -24 -25 25 26 -28 29 -30 -31
leaf_value=-0.020369842556898318 0.022487453966285046 0.0019765226832520731 -0.0068305822085438601 0.0086673142771861375 0.017449597851051477 -0.034655358784623065 0.01563061001700208 0.0066945478032169291 -0.010173292692093796 8.815661999317323e-05 0.020190017104376734 0.0085215689562919434 -0.0001718735940748154 0.004169033204169244 -0.0039015375131235398 -0.033171082706493236 -0.026872501590682423 0.0017393214007695053 -0.00035638144589925379 -0.016755889474434866 0.010471818462908049 -0.013864788789800126 0.028137818934599223 0.023225946442327224 -0.0024904673618884343 0.015589520243898702 -0.021802964465881043 0.0092160267044339439 -0.02780696499195863 -0.013906622608934835
leaf_weight=15.87240112852305 26.751904360949993 2219.0246801637113 10.000420760363339 83.446751886047423 83.345646761357784 56.829493958503008 53.20729018561542 20.082764171995223 20.927924855612218 691.57978007569909 10.843352741561828 43.950561951845884 28.323497124016285 15.01089635491371 44.926307011395693 24.04072150029242 99.524116657674313 10.372398326173423 35.46521046385169 19.012868646532297 18.614989707246423 35.773565424606204 26.840210574679077 18.908234334550798 37.923424704000354 25.375299295410514 7.7332654427736989 29.865943983197212 106.03932592831552 50.305096798576415
leaf_count=307 140 12045 54 490 420 361 241 152 149 3877 59 229 137 74 267 143 563 54 174 92 112 241 159 109 247 120 60 184 586 274
internal_value=-7.27184e-05 4.19616e-05 0.0144534 -0.000116113 -0.00319309 -0.00579826 -0.00816351 -0.020995 0.01152 0.000580347 -0.00257122 -0.0088964 -0.0122583 -0.0143769 -0.00480715 -0.0201381 -0.0213511 -0.0292623 -0.00534448 0.00624472 -0.00768394 0.00307397 0.0133692 0.00548674 -0.0115274 -0.0133943 0.00431296 -0.0161068 -0.0216322 -0.00512398
internal_weight=3969.92 3954.05 36.7523 3917.29 721.161 616.888 533.441 87.2847 104.274 3196.13 977.107 285.528 241.577 230.734 102.886 39.0516 127.848 67.2019 446.156 72.2202 373.936 98.079 62.3054 63.8345 275.857 257.242 33.1086 224.134 143.963 80.171
internal_count=22120 21813 194 21619 4116 3547 3057 567 569 17503 5458 1581 1352 1293 593 217 700 415 2490 333 2157 574 333 376 1583 1471 180 1291 833 458
is_linear=0
shrinkage=0.03


Tree=200
num_leaves=31
num_cat=0
split_feature=335 5 330 263 308 20 286 365 7 85 267 279 82 160 125 127 278 154 350 7 166 163 280 230 347 108 347 247 437 247
split_gain=11.5427 11.0427 13.0806 11.0672 10.3875 9.86678 11.1435 18.2582 17.8089 17.4352 15.5305 14.7219 13.9313 12.6044 12.2736 22.1375 16.9073 17.9783 12.7396 11.7567 12.8737 12.5527 11.4932 10.7067 19.8249 14.2118 13.6105 25.6233 19.5067 17.6973
threshold=-1.3664330244064329 1.1274103522300722 -1.4632836580276487 0.21160538494586947 -0.55330675840377797 1.01499879360199 -0.21341979503631589 1.0986679196357729 0.24859444797039035 4.8965089795294245e-12 0.047459196299314506 0.10972702503204347 0.44778630137443548 -0.30608743429183954 0.0037766527384519581 0.0036373006878420715 0.016799777746200565 -0.068286079913377748 -0.30351234972476954 0.19459108263254168 0.086036514490842833 0.039836144074797637 -0.2620426714420318 -0.97564110159873951 -0.35127155482769007 0.15739216655492785 0.099921666085720076 -0.099702022969722734 0.58957219123840343 -0.10193116217851637
decision_type=2 2 2 2 2 2 2 2 2 2 2 2 2 2 2 2 2 2 2 2 2 2 2 2 2 2 2 2 2 2
left_child=1 2 3 -1 -3 6 7 9 19 -2 11 12 -10 -9 -11 16 17 -16 -18 22 -21 -22 -8 24 -17 -26 28 -28 29 -25
right_child=5 4 -4 -5 -6 -7 8 13 10 14 -12 -13 -14 -15 15 23 18 -19 -20 20 21 -23 -24 26 25 -27 27 -29 -30 -31
leaf_value=-0.018770458965448416 -0.01970014037646672 -0.010972420107747131 -0.02040395374991601 0.011106607666334662 0.01240514762023253 0.012997418815807186 0.012342046348462584 -0.016619512185848371 -0.033617282539171046 0.019287531644796491 0.005588927290441339 0.0061445274917974399 0.0014850660104817979 0.0010464266806270237 -0.022478122901564108 0.0088460617566997121 -0.035090389880757196 0.021081484346506012 0.0041992962178638849 0.014502960237600525 -0.0053959333428507039 0.00072055680624467391 -0.019527361965938961 -0.012240719719369745 -0.022178197407850753 0.0068750847144804445 0.023195062649241132 0.0049797264439566946 -0.01103549249866174 0.0043810794097990007
leaf_weight=9.6860845424234849 23.682390400208533 22.403018668293953 67.067085510119796 26.531598005443811 33.839991202577949 48.647111408412457 7.2090815082192412 70.532009661197662 43.253834193572402 34.596735961735249 23.377773459069431 11.747237781994043 11.333353310823439 64.98561866953969 7.1072524804621962 46.870322216302156 25.209257341921329 14.677782131358979 7.2741566672921172 44.754523113369942 384.79756128787994 1304.6157649094239 44.141407938674092 55.472161201760173 51.276504784822464 16.089284416288137 74.080074701458216 569.26905430480838 91.329437516629696 741.15804541762918
leaf_count=48 186 253 333 111 207 291 67 415 451 163 179 57 43 341 39 266 128 91 35 323 1763 7375 450 319 266 90 337 2954 532 4070
internal_value=0.000113856 -0.00761459 -0.0131663 0.00112724 0.00274345 0.000452909 0.000264412 0.00188665 -0.00136907 0.00271884 -0.0139145 -0.0208085 -0.0268184 -0.00843907 0.00310895 0.00269576 -0.0150142 0.00449523 -0.0268415 -0.000681005 -0.000228253 -0.000682923 -0.0139294 0.00334729 -0.0052475 -0.0151041 0.00401626 0.00732041 0.00157205 0.00311404
internal_weight=3977.02 159.528 103.285 36.2177 56.243 3817.49 3768.84 1893.61 1875.23 1758.09 89.7122 66.3344 54.5872 135.518 1734.41 1699.81 54.2684 21.785 32.4834 1785.52 1734.17 1689.41 51.3505 1645.54 114.236 67.3658 1531.31 643.349 887.96 796.63
internal_count=22183 952 492 159 460 21231 20940 10232 10708 9476 730 551 494 756 9290 9127 293 130 163 9978 9461 9138 517 8834 622 356 8212 3291 4921 4389
is_linear=0
shrinkage=0.03


Tree=201
num_leaves=31
num_cat=0
split_feature=57 277 166 280 6 174 268 134 125 126 235 346 189 278 7 278 248 107 247 1 103 220 185 163 164 108 87 357 124 3
split_gain=8.92632 10.0652 9.45263 9.45887 8.90385 16.9538 13.7759 19.0844 12.3848 11.1804 9.16343 8.99967 23.5855 27.9228 19.2156 19.0928 17.1313 16.5488 16.5172 16.435 15.842 15.7967 21.0959 15.6299 15.299 14.5868 18.323 13.6731 13.5282 13.5274
threshold=0.37446653842926031 -0.11553415283560751 0.070701174437999739 -0.02081767842173576 0.052699072286486633 -0.260405883193016 -0.29531449079513544 1.0906903147697451 1.7034228444099428 0.51514250040054332 0.033104727044701583 -0.51569759845733631 -0.17960531264543531 -1.0000000180025095e-35 0.24945277720689776 -0.020112293772399422 0.089076288044452681 0.048546979203820236 -0.078652549535036073 -0.33142597973346705 0.2953446656465531 0.70000001788139354 -0.50592112541198719 0.23495718091726306 0.19594093412160876 0.089009162038564696 1.2858658094468819e-13 -1.1640936136245725 0.98218548297882091 0.22385527193546298
decision_type=2 2 2 2 2 2 2 2 2 2 2 2 2 2 2 2 2 2 2 2 2 2 2 2 2 2 2 2 2 2
left_child=2 -2 3 -1 5 -4 10 8 -8 -9 -7 12 21 15 27 16 -14 -17 -15 -20 -19 22 -6 29 -16 26 -24 -13 -21 -18
right_child=1 -3 4 -5 11 6 7 9 -10 -11 -12 14 13 18 24 17 23 20 19 28 -22 -23 25 -25 -26 -27 -28 -29 -30 -31
leaf_value=-0.0048455446445947832 0.011216888137206999 -0.013187788307005377 -0.02173755331439239 0.021927763507560389 0.010430766933726405 0.022527255187653833 -0.023313859114157856 0.019614521451727693 0.015204452989215519 -0.012344613882659153 -0.0095184461024976283 -0.016852501155573251 0.014721430873815734 -0.0051532368454710225 -0.023525709243129297 0.0015861869007697516 0.00063968237234349006 -0.037433152820219188 -0.014851428845287602 0.020490140286550444 0.0032255116761870694 0.0016733625218144886 0.010263645596760228 0.02158727287876494 0.0001260952527038351 0.01031441534057022 -0.024727114553712379 0.00026709894319258524 0.0027772787657621249 -0.020326183271485172
leaf_weight=13.88944650441408 12.540562995709477 75.690534186549485 41.157366341911256 27.850361861288548 28.097815463319421 23.438528636470441 41.42233198788017 22.235028369352225 3.591547828167676 8.728547737002371 5.9475898109376422 35.670201009139419 78.152261374518275 35.810053049586713 50.321266993880272 33.151765983551741 76.76634418964386 23.103513516485691 9.8390122484415752 202.20788521971554 9.9970645122230035 254.78636117838323 11.317466221749781 13.661971239373086 41.471773114055395 11.447408773005007 86.857016064226627 2616.7836264371872 52.361002676188946 35.201518192887306
leaf_count=98 85 504 878 234 109 145 599 130 21 67 65 197 348 198 222 211 335 128 93 956 48 1382 57 138 187 69 603 13702 241 176
internal_value=3.24516e-05 -0.00903928 0.000256471 0.0133868 8.75138e-05 -0.00698909 -0.00013927 -0.00696701 -0.0184061 0.00971374 0.0151694 0.000382692 0.00286878 0.00673691 -0.00049076 -0.000256178 0.00429774 -0.0134788 0.0129236 0.0154803 -0.0264721 -0.00274432 -0.0106754 -0.00254224 -0.0134818 -0.0164766 -0.0201789 -2.92909e-06 0.0170588 -0.00667165
internal_weight=3983.5 88.2311 3895.27 41.7398 3853.53 146.521 105.364 75.9775 45.0139 30.9636 29.3861 3707.01 962.758 570.252 2744.25 270.034 203.782 66.2523 300.218 264.408 33.1006 392.506 137.72 125.63 91.793 109.622 98.1745 2652.45 254.569 111.968
internal_count=22226 589 21637 332 21305 1905 1027 817 620 197 210 19400 5092 2872 14308 1384 997 387 1488 1290 176 2220 838 649 409 729 660 13899 1197 511
is_linear=0
shrinkage=0.03


Tree=202
num_leaves=31
num_cat=0
split_feature=329 141 127 230 146 282 268 373 340 164 234 341 155 3 280 277 284 372 243 349 108 308 145 278 264 124 336 265 346 339
split_gain=9.47533 18.2067 10.2883 9.37344 8.98983 18.4242 21.6062 14.5133 10.6232 14.8664 21.4023 13.4404 12.0895 15.4493 19.062 16.1461 14.1221 13.7019 11.6519 13.2622 11.8303 11.3138 10.6237 10.644 10.5029 9.64989 9.53115 17.2766 18.073 15.6798
threshold=-1.2592529058456419 2.5544710159301762 1.2856484651565554 0.92487248778343212 -1.6560729742050169 -0.28159484267234797 -0.24085286259651181 0.42544461786746984 1.0398606657981875 0.59872710704803478 0.89017039537429821 0.96114602684974682 -0.9621186852455138 0.083315208554267897 0.021430388092994693 0.07181886583566667 -0.31745451688766474 0.20297016203403476 0.0065030010882765063 -0.054612761363387101 0.0019161085947416725 -0.34442456066608423 -2.0960878133773799 0.065132498741149916 -0.045787602663040154 0.053264735266566283 0.47875700891017919 0.24700727313756946 0.4065388292074204 0.36031280457973486
decision_type=2 2 2 2 2 2 2 2 2 2 2 2 2 2 2 2 2 2 2 2 2 2 2 2 2 2 2 2 2 2
left_child=1 3 -3 -1 5 6 -2 -8 9 11 21 12 -7 22 15 16 17 -15 19 -10 -21 -11 -14 -24 -20 -16 29 28 -28 -6
right_child=4 2 -4 -5 26 8 7 -9 18 10 -12 -13 13 14 25 -17 -18 -19 24 20 -22 -23 23 -25 -26 -27 27 -29 -30 -31
leaf_value=-0.022605377135338646 -0.028212642807844013 0.018571356192781073 -0.010191159927273725 0.0070952574442344641 0.00079249807969055156 0.0077726696284731193 0.0021705439629574374 -0.025157908521127564 -0.015794698630748037 0.040982744879398104 -0.015775128534409412 0.013399032822462562 -0.013404239027896047 0.019868274356297868 0.0065454618235103439 -0.021873068663260348 -0.0072881127334334869 -0.01222738755389359 0.0058184201547839256 -0.011499974800420188 0.01365288024711471 0 0.02060053421975323 -0.0085541481244198504 -0.028778742054429231 -0.022549572883284456 0.013877147958884537 -0.0037236819655369516 0.0022143830414683343 -0.006782305706850034
leaf_weight=52.381211153231561 44.119158880785108 20.420548904687166 12.601054836064575 7.4143528062850228 2203.6258138027042 78.01346624456346 79.216973939910531 14.962749879807232 32.204509230330586 17.295259844511747 7.0605918783694497 51.544168815016747 10.449207499623297 46.609313014894724 7.9848046153783789 20.375248681753874 49.246270671486855 9.8468236811459047 7.0573263186961404 18.096900932490826 45.719863936305046 8.4558240957558173 37.096791103482246 10.177186310291289 25.962184872478247 76.143953939899802 191.70474088937044 187.96880147606134 315.4400190860033 269.71246083267033
leaf_count=353 270 107 57 41 11830 403 500 99 244 108 103 283 52 227 50 139 261 52 52 104 279 91 191 43 235 444 1226 1100 1718 1475
internal_value=-8.99723e-05 -0.00921767 0.00747045 -0.0184078 0.000142718 -0.00291975 -0.0124406 -0.00350761 -0.00042247 0.00184111 0.0193202 6.29157e-05 -0.0021207 -0.00516412 -0.00891712 -0.00120289 0.00379941 0.0133735 -0.00775413 -0.00182544 0.00594018 0.0305784 0.00782699 0.0138369 -0.0213975 -0.0193822 0.000825277 0.00391028 0.00677234 -4.60952e-05
internal_weight=3958.91 92.8172 33.0216 59.7956 3866.09 697.639 138.299 94.1797 559.34 430.299 32.8117 397.487 345.943 267.93 210.206 126.078 105.702 56.4561 129.041 96.0213 63.8168 25.7511 57.7232 47.274 33.0195 84.1288 3168.45 695.114 507.145 2473.34
internal_count=22137 558 164 394 21579 4230 869 599 3361 2447 302 2145 1862 1459 1173 679 540 279 914 627 383 199 286 234 287 494 17349 4044 2944 13305
is_linear=0
shrinkage=0.03


Tree=203
num_leaves=31
num_cat=0
split_feature=326 350 246 267 279 286 244 316 168 230 437 254 244 103 244 366 148 147 133 126 145 22 244 438 232 233 287 267 349 267
split_gain=8.31248 15.9586 14.5728 14.903 14.6354 13.5568 18.5168 13.486 13.2035 12.2755 12.1652 22.2527 16.3496 21.3059 16.7013 17.7273 16.6168 24.0116 16.286 23.6733 20.9431 19.9927 17.8544 23.0918 16.6397 20.0909 16.7654 15.8308 19.195 22.6744
threshold=-0.66918060183525074 0.19851170480251315 0.12963977456092837 -0.0050871155690401784 0.022887758910655979 -0.30713275074958796 0.0048731365241110334 -1.0000853538513181 0.45126529037952429 0.92886048555374157 0.53452381491661083 0.57500001788139354 0.033685920760035522 0.28085197508335119 0.00092766564921475958 -1.0729494690895078 -0.43050183355808253 -0.5121692121028899 0.17069303989410403 0.20209348946809771 -1.558876037597656 1.0272187590599062 0.0047649235930293807 0.12973351776599887 -0.025172629393637177 0.083054482936859145 -0.28006075322628016 0.082963481545448317 1.0233941674232485 -0.082905028015375123
decision_type=2 2 2 2 2 2 2 2 2 2 2 2 2 2 2 2 2 2 2 2 2 2 2 2 2 2 2 2 2 2
left_child=1 5 -3 4 -4 7 8 -1 -7 -9 18 -12 14 -14 15 -13 17 27 21 20 24 22 23 -2 25 -20 -26 28 29 -16
right_child=10 2 3 -5 -6 6 -8 9 -10 -11 11 12 13 -15 16 -17 -18 -19 19 -21 -22 -23 -24 -25 26 -27 -28 -29 -30 -31
leaf_value=0.0068542916570516485 0.0047299635240493649 0.019902205311815108 -0.003363494928842344 -0.0097936216171089652 0.024977621305115855 -0.019785513763013154 0.0011412059285019656 -0.0084823317709787228 -0.004457667485232842 0.010672732326615109 0.012370832921388162 -0.023018183174674491 -0.008410113282206623 0.028180641152141677 -0.022753624977917334 0.00090148371465644135 0.00094071187366053801 -0.023165341724362784 -0.034129957845870543 -0.00086614081820158499 0.010570438882501086 0.0052870543713126718 0.0031186223905239827 -0.022667516276371556 0.015617462057575613 0.0086796246395182668 -0.014210435529222612 -0.016659265729471056 -0.013372966599361193 0.0069854129106312942
leaf_weight=131.79238412994891 34.543367955833673 39.875805761665106 29.848338045179844 59.672738301567733 24.693190418183804 129.17140231188387 107.76858204975724 166.97544486261904 91.849329771474004 29.73305603954941 99.482123553752899 21.722851088270545 18.916482986882329 29.019825749099255 19.465137846767902 941.44943483360112 207.50985796190798 83.538771232590079 20.720320591703061 411.64593369327486 537.85001426003873 150.943284496665 68.447959693148732 93.087622442282736 38.532655265182257 11.148198425769804 20.175754949450493 81.664517018944025 84.031526003032923 173.40422623977065
leaf_count=739 450 191 150 307 102 652 590 938 596 178 509 128 114 130 112 5103 1025 509 129 2258 2868 725 501 837 211 62 155 492 485 926
internal_value=2.99592e-05 -0.00266146 0.00581753 0 0.0106787 -0.00470538 -0.00894574 -0.000331897 -0.0137942 -0.00526819 0.000731509 -0.000918829 -0.0017698 0.0143184 -0.00231428 0.000189001 -0.00600428 -0.00925128 0.0028274 0.00470125 0.00833401 -0.00274104 -0.00894207 -0.015314 -0.00464401 -0.0200181 0.00478516 -0.00559935 -0.0019702 0.00323972
internal_weight=3958.68 811.38 154.09 114.214 54.5415 657.29 328.789 328.501 221.021 196.709 3147.3 1760.2 1660.72 47.9363 1612.79 963.172 649.614 442.104 1387.1 1040.07 628.427 347.022 196.079 127.631 90.5769 31.8685 58.7084 358.565 276.901 192.869
internal_count=22172 4443 750 559 252 3693 1838 1855 1248 1116 17729 9533 9024 244 8780 5231 3549 2524 8196 5683 3425 2513 1788 1287 557 191 366 2015 1523 1038
is_linear=0
shrinkage=0.03


Tree=204
num_leaves=31
num_cat=0
split_feature=348 335 349 245 156 280 93 279 334 326 325 294 165 229 157 187 159 1 163 326 232 437 248 228 370 178 228 159 237 244
split_gain=8.29651 10.9847 10.2209 8.904 21.7885 22.1667 19.2179 13.6765 21.6352 20.0337 17.633 17.4381 12.9771 16.9062 30.5548 16.7103 16.2654 16.4297 19.364 17.7593 15.5059 16.2569 14.6723 13.9101 12.6292 13.0394 15.7475 15.8729 13.7603 12.4418
threshold=-1.5399227142333982 -0.92306888103485096 -0.46448771655559534 0.19320803135633471 0.0024736615596339111 0.14417976886034015 0.017310249619185928 -0.0168943777680397 0.43826678395271307 1.715310335159302 -0.31578980386257166 -0.42419701814651484 0.040473874658346183 0.18777077645063403 -0.013582502491772173 -0.2531569898128509 -0.018249022774398323 0.084197714924812331 0.14257525652647021 1.0000000180025095e-35 -0.016293187625706192 0.59175083041191112 0.16363480687141421 0.2834331095218659 -1.3092625141143797 -0.37189884483814234 0.39170669019222265 -0.062419140711426728 0.72500011324882518 -0.0058149388059973708
decision_type=2 2 2 2 2 2 2 2 2 2 2 2 2 2 2 2 2 2 2 2 2 2 2 2 2 2 2 2 2 2
left_child=1 -1 -3 4 7 6 -6 11 9 29 -10 -2 13 14 15 -5 -15 19 -19 -18 21 -16 -21 -22 -17 -26 -27 -28 -29 -9
right_child=3 2 -4 12 5 -7 -8 8 10 -11 -12 -13 -14 16 20 24 17 18 -20 22 23 -23 -24 -25 25 26 27 28 -30 -31
leaf_value=-3.6168370701066974e-05 -0.014291668612818801 -0.026136047953121876 0.0037186365323001514 -0.0015566290499623497 -0.010685405133648096 -0.011663137452377898 0.016196116822655766 -0.0035064165258542048 0.016098952194583439 0.0098142890427267669 -0.011559805009880174 0.010959374083957077 0.0020815986168340622 -0.0056439735521548583 0.0026578297574689196 0.0062940953814821813 -0.0051786363489597078 0.019848309070639985 -0.010837371686647335 0.023172761670146209 -0.0029623289507595581 -0.016101273568208178 -0.0032673089249551537 0.012630881398490085 0.0070521636033313174 -0.027244245229221357 0.013490404237311697 0.0032849679997926755 -0.017753434031219054 -0.028096363040397893
leaf_weight=68.160016342066228 33.521149187348783 31.683845339342952 11.135888264514504 173.64474707096815 24.644081505946815 49.057939846999943 105.59365374501795 26.482658173888922 30.310647474601865 14.384451597928999 39.646741261705756 55.557677550241351 2064.5694420794025 133.54083847999573 101.1567253023386 22.853850208222866 132.90593295916915 102.65545194596052 17.132365271449089 40.163466315716505 73.704794764518738 60.942359041422606 27.898591943085194 142.18809567764401 18.093755196779966 84.460083164274693 15.685050494968889 31.42361755669117 134.55917134508491 95.988287967629731
leaf_count=531 199 364 66 923 211 308 541 176 153 53 252 277 11808 657 512 119 649 473 85 228 383 305 145 689 96 400 63 155 653 682
internal_value=-0.00018405 -0.00802104 -0.0187296 5.3113e-05 -0.00375803 0.00435136 0.0107474 -0.00869359 -0.0128135 -0.0194718 0.000661861 0.000998952 0.000599064 -0.00172279 -0.00419215 -0.00916099 0.00291482 0.00655459 0.0150207 0.0011221 0.00215149 -0.00470728 0.0129011 0.00733448 -0.0132971 -0.0150219 -0.0167034 -0.0109182 -0.013738 -0.0233373
internal_weight=3963.75 110.98 42.8197 3852.77 475.187 179.296 130.238 295.892 206.813 136.855 69.9574 89.0788 3377.58 1313.01 858.712 480.72 454.297 320.756 119.788 200.968 377.992 162.099 68.0621 215.893 307.076 284.222 266.128 181.668 165.983 122.471
internal_count=22156 961 430 21195 2852 1060 752 1792 1316 911 405 476 18343 6535 4298 2409 2237 1580 558 1022 1889 817 373 1072 1486 1367 1271 871 808 858
is_linear=0
shrinkage=0.03


Tree=205
num_leaves=31
num_cat=0
split_feature=441 128 85 250 247 22 265 271 146 172 267 129 136 359 229 229 271 238 244 279 412 328 271 143 247 271 251 161 278 365
split_gain=6.55844 19.2068 18.3447 25.1547 42.052 21.8064 21.9129 20.1847 19.2781 18.3649 18.2739 21.6326 19.4424 21.15 18.0063 27.1234 21.322 17.892 17.7103 17.8296 17.1232 15.7089 16.4327 21.3374 19.6143 15.4068 22.2571 15.4875 17.5495 15.4064
threshold=0.56385868787765514 3.0748667716979985 1.8285909391124736e-05 0.012561669107526542 0.07228685170412065 1.0000000180025095e-35 0.32065168023109442 0.19999995827674868 -0.97912114858627308 -0.72549054026603688 -0.092869613319635377 0.47679488360881811 1.661067843437195 -0.11708832532167433 0.13504355400800708 0.44508516788482672 1.0000000180025095e-35 0.016365975141525272 0.0013305612374097111 -0.08976398408412932 0.16397849470376971 -0.69463372230529774 -0.14999994635581967 2.1059541702270512 0.012071635574102403 -0.1249999701976776 0.47432126104831701 -0.0068738099653273812 0.065132498741149916 -1.396666884422302
decision_type=2 2 2 2 2 2 2 2 2 2 2 2 2 2 2 2 2 2 2 2 2 2 2 2 2 2 2 2 2 2
left_child=2 18 9 7 5 14 8 10 -7 -1 11 17 21 -14 20 -16 -17 -4 -2 -20 -5 -12 23 24 -23 26 -11 -27 -29 -9
right_child=1 -3 3 4 -6 6 -8 29 -10 25 12 -13 13 -15 15 16 -18 -19 19 -21 -22 22 -24 -25 -26 27 -28 28 -30 -31
leaf_value=-0.023609641361798012 0.0042126254563864748 -0.015945507208582906 -0.028286964898207 -0.016294919975622223 0.013648901714236794 -0.030263595358981404 0.011423563992023838 -0.011077964762166626 0.0041254057232427898 -0.0012603165580147935 -0.0032976413973619507 0.011889691416237308 0.0085061991067669242 -0.025951228153587642 -0.02351947622953985 0.014556266153067203 -0.015031042291470719 0.0015310272264307595 0.0067109456403994759 -0.0045650145647555705 0.0062947198632177037 -0.023706354066159577 0.012510121181968906 0.019510156086863201 0.011765856513887554 -0.011579227600860898 -0.02523472008640119 0.0022944977444971718 -0.01213194646330642 0.022246572967101516
leaf_weight=36.326767922379076 1067.3218100750819 49.606289675459266 41.523084444925189 29.760773284360766 95.332311460748315 75.076476782560349 13.496983475983141 9.8485970925539714 15.346907943487166 77.302684508264065 103.00784778222442 26.30423248745501 23.322170432657003 29.321005672216415 73.135347153991461 42.172985929995775 32.495637889951468 26.778024714440107 157.66519231721759 531.25673248898238 161.50379273388535 36.603570027276874 314.61480837129056 19.326264187693596 15.115910358726977 111.46453433576971 59.212486169300973 532.37389429844916 81.28499560803175 76.914939664304256
leaf_count=530 5680 313 272 175 545 385 70 66 61 428 567 110 119 144 444 217 166 170 871 2871 982 190 1755 105 94 807 353 2837 471 360
internal_value=-8.17186e-05 0.00124694 -0.00119835 0.00112828 -0.00374242 -0.00766252 -0.0192624 0.00477192 -0.0244422 -0.00446065 0.00280255 -0.00889598 0.00495373 -0.011303 -0.00375925 -0.0113862 0.00136668 -0.0174015 0.00179988 -0.00192779 0.0022756 0.00686111 0.00961161 -0.00306025 -0.0129935 -0.00345749 -0.0124558 -0.00164618 0.000251383 0.0178073
internal_weight=3964.82 1805.85 2158.97 1261 538.321 442.989 103.92 722.68 90.4234 897.965 635.917 94.6053 541.312 52.6432 339.069 147.804 74.6686 68.3011 1756.24 688.922 191.265 488.668 385.661 71.0457 51.7195 861.639 136.515 725.123 613.659 86.7635
internal_count=22158 9735 12423 6997 3045 2500 516 3952 446 5426 3526 552 2974 263 1984 827 383 442 9422 3742 1157 2711 2144 389 284 4896 781 4115 3308 426
is_linear=0
shrinkage=0.03


Tree=206
num_leaves=31
num_cat=0
split_feature=51 166 261 21 10 247 170 1 155 277 109 232 370 154 282 152 162 182 281 234 123 125 185 230 254 282 143 143 244 254
split_gain=7.97158 7.4803 12.8534 8.28523 25.4425 17.0792 16.1465 12.3908 15.0347 15.1955 16.0713 13.407 15.3732 13.0619 11.4303 11.1655 13.5848 10.6965 11.8461 18.0293 10.9812 13.8174 19.4409 15.4259 13.4926 16.6305 14.0604 21.1091 25.9797 23.4246
threshold=0.22396993637084964 0.070701174437999739 -0.0086119100451469404 1.0000000180025095e-35 0.47004804015159612 0.13250038027763369 -0.33816525340080256 0.018252905458211902 -0.75016716122627247 -0.079858750104904161 0.37698835134506231 0.021407728083431724 -0.26520307362079615 -0.17452860623598096 -0.23284335434436795 -0.44342446327209467 0.095216710120439543 -0.40916062891483301 -0.19375010579824445 0.60057622194290172 1.9999776482582095 1.8665828108787539 -0.33033008873462671 0.41581335663795477 0.84999999403953563 0.68147912621498119 1.6768243908882143 2.0859389305114751 -0.0084193404763936979 0.72500002384185802
decision_type=2 2 2 2 2 2 2 2 2 2 2 2 2 2 2 2 2 2 2 2 2 2 2 2 2 2 2 2 2 2
left_child=1 2 -1 17 7 6 -6 14 11 10 -10 -9 -13 -11 -5 -8 -17 18 19 -3 21 24 -23 -24 26 -26 -19 28 -28 -29
right_child=-2 3 -4 4 5 -7 15 8 9 13 -12 12 -14 -15 -16 16 -18 20 -20 -21 -22 22 23 -25 25 -27 27 29 -30 -31
leaf_value=-0.0099237955954205627 -0.014031727858604952 -0.010509930346894071 0.021232068421186402 -0.0041440784078481787 0.0067316318051766268 0.018641354121974214 0.0093138075876814091 -0.01423738340524639 -0.015830762917111225 0.0091843628294118861 0.021313907216950822 -0.0085032535758621953 0.014235639987214234 -0.020389006134323037 0.0093545877404192512 -0.019581648942959523 0.0079694838573184899 0.0014252310183876886 -0.011414123269712686 0.022157344916991856 -0.0093346775879250953 0.021103171056348468 0.0082660330557419448 -0.006927144533267102 0.0055420773281489796 -0.01316648609534969 0.0074335214624905444 0.011405562866123082 -0.014065926260441753 -0.0047727329805570314
leaf_weight=12.038574092090128 27.847180903889239 25.035226942971349 30.229293696582317 72.677551079541445 29.310706943273544 10.626867450773714 10.479925602674482 24.714208260178566 11.178052149713041 11.116000249981878 18.33237736672163 32.082853645086288 82.624758087098598 83.246083214879036 193.33405070006847 172.62608732283115 13.394912920892237 1209.8138961298391 115.47141374275088 22.234209743328393 77.207905389368534 66.270509827882051 179.31004681997001 81.901357052847743 670.05822365731001 38.782501146197319 58.139678120613098 119.40972981229424 240.41028680466115 214.58505187556148
leaf_count=75 375 322 261 343 126 46 50 107 57 49 69 151 361 396 883 833 61 6463 1151 140 465 315 1019 490 3786 221 324 679 1290 1212
internal_value=0.000246776 0.000375496 0.0119961 0.000224996 -0.00255342 -0.0105859 -0.0125256 0.00110641 -0.00343876 -0.0107814 0.00661892 0.00321678 0.0076662 -0.016408 0.00561644 -0.0155824 -0.0173263 0.000914755 -0.00640293 0.00553837 0.00133536 0.00164713 0.00738591 0.00340669 0.000888174 0.00438507 -0.000463073 -0.00406716 -0.00977037 0.00109593
internal_weight=3954.49 3926.64 42.2679 3884.37 765.744 236.439 225.812 529.306 263.294 123.873 29.5104 139.422 114.708 94.3621 266.012 196.501 186.021 3118.63 162.741 47.2694 2955.89 2878.68 327.482 261.211 2551.2 708.841 1842.36 632.545 298.55 333.995
internal_count=22120 21745 336 21409 3532 1116 1070 2416 1190 571 126 619 512 445 1226 944 894 17877 1613 462 16264 15799 1824 1509 13975 4007 9968 3505 1614 1891
is_linear=0
shrinkage=0.03


Tree=207
num_leaves=31
num_cat=0
split_feature=373 243 372 272 277 125 343 317 339 253 265 218 176 173 229 6 252 304 244 263 157 347 158 7 363 135 252 437 231 348
split_gain=9.30608 18.2772 17.0417 14.6609 14.7197 18.8879 13.1889 17.2165 16.1226 18.6071 14.4082 20.2158 20.959 19.2899 15.4409 18.793 28.4735 19.0332 15.4939 15.2142 23.6151 21.5319 19.1835 21.5245 21.2293 15.6429 16.2322 15.4245 17.1868 17.0198
threshold=0.43428638577461248 0.040141522884368903 -0.16070733219385144 -0.054930614307522767 -0.040686281397938721 0.055359458550810821 -0.74501085281372059 -0.58772018551826466 -1.0000000180025095e-35 0.15851813554763797 0.23824688792228702 0.2834331095218659 1.1001296043395998 -0.3117003440856933 0.0074951546266675004 0.14678083360195163 0.90185600519180309 -0.38966335356235499 1.0000000180025095e-35 0.16954889148473742 -0.48803821206092829 -0.035903401672840111 -0.00060790940187871445 0.21394673734903338 0.82372063398361217 3.3016790151596074 0.92087671160697948 0.83602148294448864 0.46676906943321234 0.91286414861679088
decision_type=2 2 2 2 2 2 2 2 2 2 2 2 2 2 2 2 2 2 2 2 2 2 2 2 2 2 2 2 2 2
left_child=6 3 -3 -2 5 -5 7 -1 9 -8 14 12 -12 -13 18 17 -17 -16 -10 20 -19 -22 23 -23 -25 26 -24 -21 29 -29
right_child=1 2 -4 4 -6 -7 8 -9 10 -11 11 13 -14 -15 15 16 -18 19 -20 27 21 22 25 24 -26 -27 -28 28 -30 -31
leaf_value=0.0088037809055327067 0.015596916542156997 -0.012957475860897712 0.02377792146588141 0.0095982558383869085 -0.00097515648194963615 -0.0094841259741927485 0.0080619890109049352 -0.013906816051221309 0.018349749931885671 -0.01385385513615991 -0.0098426915987890971 0.02200517341670008 0.0056750732052962809 -0.0040546743638118863 -0.0058510159397753923 -0.021740500822595418 0.013001644225477196 0.02083858242158574 -0.0061271864904105713 0.0097044859017798146 -0.020746147727706131 0.012407965895240031 0.017405205260023093 -0.026855174485134338 0.0077569934286278236 -0.016850588745825942 -0.0099790487052577193 -0.0064354850597823565 -0.015841862760609209 0.01372323232431256
leaf_weight=35.413432788103819 31.468220770359039 9.9117748066782934 36.863546750508249 46.164054888766259 942.17584871593863 423.11140935309231 440.37983724009246 101.98316179495305 83.549599958583713 31.181977743282914 352.68275909125805 41.686799049377441 94.216005101799965 48.883791819214821 216.39367236569524 64.460370389744639 24.362905696034431 29.896700043231249 26.664702445268631 423.96299186907709 52.068180013448 22.808787567541003 83.73622178658843 51.79345472343266 17.699415881186724 13.607286512851713 19.322637978941202 63.318604486063123 43.02146203443408 74.773305563256145
leaf_count=189 213 61 218 285 4782 2218 2481 720 465 258 2144 216 509 252 1307 475 169 173 207 2364 358 121 427 271 90 78 93 350 250 416
internal_value=-0.00017674 -0.00204464 0.015125 -0.00267881 -0.00316863 -0.00747141 0.000953713 -0.00783751 0.00150076 0.00640942 0.000223709 -0.00387637 -0.00651101 0.00855043 0.00192367 0.000894665 -0.011848 0.00198925 0.0123261 0.00392505 -0.00165859 -0.00475131 -0.000174036 -0.0100346 -0.0179993 0.00766873 0.0118674 0.00661519 -0.000652656 0.00454305
internal_weight=3947.56 1489.69 46.7753 1442.92 1411.45 469.275 2457.87 137.397 2320.47 471.562 1848.91 537.469 446.899 90.5706 1311.44 1201.23 88.8233 1112.4 110.214 896.009 290.933 261.036 208.968 92.3017 69.4929 116.666 103.059 605.076 181.113 138.092
internal_count=22160 7777 279 7498 7285 2503 14383 909 13474 2739 10735 3121 2653 468 7614 6942 644 6298 672 4991 1611 1438 1080 482 361 598 520 3380 1016 766
is_linear=0
shrinkage=0.03


Tree=208
num_leaves=31
num_cat=0
split_feature=462 265 304 268 303 163 278 448 102 230 230 245 175 267 201 268 319 245 405 262 147 278 319 205 177 146 245 162 345 268
split_gain=8.88921 13.5912 11.7492 9.41765 9.00325 8.26754 12.9448 11.8225 15.8324 13.3435 17.9015 12.886 11.7417 10.1777 9.95264 10.6027 9.78663 12.1843 13.6375 11.5513 11.3164 9.90843 9.62846 9.48832 9.38384 9.14634 19.0412 25.3239 14.6387 14.5992
threshold=0.96609193086624157 0.54304742813110363 -0.6634303331375121 -0.37363497912883753 -0.56829127669334401 0.039836144074797637 -0.0059424589853733769 0.58957219123840343 0.011336231138557197 0.78595983982086193 -0.5782545506954192 0.42496097087860113 -0.41878098249435419 -0.035303372889757149 0.93933823704719555 -0.11292356252670287 -0.51224529743194569 0.27934038639068609 0.80322581529617321 0.20467592775821689 -0.57282876968383778 0.039608893916010864 -0.62830305099487294 0.093073595315217986 0.71526432037353527 -1.7904428243637083 0.31693106889724737 -0.28549186885356898 -0.76448160409927357 -0.17530465126037595
decision_type=2 2 2 2 2 2 2 2 2 2 2 2 2 2 2 2 2 2 2 2 2 2 2 2 2 2 2 2 2 2
left_child=5 2 4 -4 -2 6 7 8 9 10 -1 12 -10 -9 25 -16 24 18 19 -18 -21 -20 -14 -12 -8 26 -7 28 -28 -30
right_child=1 -3 3 -5 -6 14 16 13 11 -11 23 -13 22 -15 15 -17 17 -19 21 20 -22 -23 -24 -25 -26 -27 27 -29 29 -31
leaf_value=0.0078683334610476843 -0.0082870614910524922 0.019726559423746758 0.0091325821346050287 -0.013980586490602709 0.018118824436423899 0.0027549168109373568 0.0016094617110457654 0.0092450326192277318 0.0068447460544518906 0.015468742679412752 0.0057877553415446202 0.0020228326967502677 -0.0052026556343071559 -0.0057954591045079936 0.01035729351538717 -0.005794988668549733 0.012987588289568015 0.0086617523523075668 -0.024796450444430053 0.0064415949745405777 -0.018331457420542745 0.0020726256673939758 -0.028901199917961574 -0.022327513200887127 -0.013782910444391311 0.0012641660403175693 0.025000881477592492 -0.019293662581802304 -0.01345240034569045 0.016417777916924232
leaf_weight=37.912949159741402 15.078193847090004 10.178304366767405 12.40028941631317 140.8310939213261 18.445329995825887 188.36185203306377 71.958974249660969 62.089125093072653 8.8914447352290136 24.062364123761654 9.7764437049627286 24.433233492076397 24.742329001426697 90.631784111261368 173.84525150060654 40.08595609664917 49.79059324413538 192.60246212035418 26.913702540099621 27.999394662678242 25.183016031980515 16.780316971242428 75.728169366717339 45.656368941068649 59.359314993023872 2300.2253322666511 13.759785022586582 108.4067467097193 39.172656750306487 14.69388737156987
leaf_count=192 144 54 82 1037 102 1006 331 291 42 104 44 113 110 441 809 199 275 1027 134 155 133 83 381 224 260 13083 63 793 384 110
internal_value=-3.50872e-05 -0.00613753 -0.00826309 -0.0117274 0.00660298 0.000293161 -0.00224642 -0.00614231 -0.0100577 -0.00171373 -0.00701771 -0.0168559 -0.0210319 0.000390745 0.00107191 0.00719547 0.0011166 0.00381442 -0.00258734 0.00339232 -0.00588228 -0.0154091 -0.0238818 -0.0171078 -0.00561779 0.00055878 -0.00380557 -0.0107198 0.00340423 -0.00418075
internal_weight=3950 196.933 186.755 153.231 33.5235 3753.06 874.512 403.924 251.203 117.408 93.3458 133.795 109.362 152.721 2878.55 213.931 470.588 339.269 146.667 102.973 53.1824 43.694 100.47 55.4328 131.318 2664.62 364.395 176.033 67.6263 53.8665
internal_count=22206 1419 1365 1119 246 20787 4340 1942 1210 564 460 646 533 732 16447 1008 2398 1807 780 563 288 217 491 268 591 15439 2356 1350 557 494
is_linear=0
shrinkage=0.03


Tree=209
num_leaves=31
num_cat=0
split_feature=245 61 162 244 425 438 266 352 248 234 7 10 135 281 282 160 230 157 409 395 231 1 310 143 461 162 249 348 391 287
split_gain=9.15878 12.6441 18.8028 16.585 28.8951 17.1868 15.7168 15.2354 16.0274 15.1675 18.0248 15.1029 12.2209 10.7001 19.6717 11.1666 10.6565 10.4441 10.3331 14.1233 11.9224 16.4131 13.2739 20.545 19.1411 14.5479 13.041 29.0408 16.906 15.8732
threshold=0.19320803135633471 0.00046802929136902099 0.048322815448045738 0.00035385912633500999 0.70900535583496105 0.61200717091560375 -0.083534687757492052 0.45771819353103643 1.0000000180025095e-35 0.34377382695674902 0.24405324459075931 0.2484906688332558 2.5467790365219121 -0.0064278393983840934 -0.20643118768930432 0.59818965196609508 -0.34030665457248682 -0.050638724118471139 0.70900535583496105 0.5847701132297517 -0.98004642128944386 -0.17030187696218488 -0.67161038517951954 2.2413755655288701 0.72111111879348766 -0.26418344676494593 -0.045994918793439858 -0.010175166651606558 0.07275132462382318 -0.30699591338634485
decision_type=2 2 2 2 2 2 2 2 2 2 2 2 2 2 2 2 2 2 2 2 2 2 2 2 2 2 2 2 2 2
left_child=1 2 3 7 12 -6 -3 8 -1 -8 -11 -12 17 14 -4 -15 -13 -5 19 20 21 -2 25 -24 -25 -22 28 29 -27 -28
right_child=18 6 13 4 5 -7 9 -9 -10 10 11 16 -14 15 -16 -17 -18 -19 -20 -21 22 -23 23 24 -26 26 27 -29 -30 -31
leaf_value=0.009454245251310292 0.014709396158227566 0.019034790952363625 0.01788501074874697 -0.03116733584733292 0.032695331430543727 -0.0081857356275123732 0.01428162487934403 0 -0.025706223501103381 -0.016958697371330083 0.021454083610270361 -0.020501481918409 0.0080922306601520794 0.027691610360940772 -0.022082122036524696 7.63484653024335e-05 0.010105627435183603 6.8258427519171522e-05 -0.0019702685195312117 0.0058544426634124002 -0.01012530784055489 -0.015506926607751471 0.0010895159731240148 -0.0030388747975266016 -0.027650560554564253 -0.010379576550359185 -0.019325298648599502 0.021662112385805597 0.030382689320097453 0.0073726792646758169
leaf_weight=9.0128397727385146 13.955578232184051 33.653434598818421 11.384930146858094 24.115689168684181 20.372234598733488 9.9132345598191005 32.302918237634003 34.35655428096652 104.48297775862738 64.357011107727885 21.900770056061447 16.449148229323331 12.334710717201231 18.388336359988898 21.66230840049684 29.086785136722028 11.93314227554947 12.945651841349902 970.89168762043118 554.92971595749259 26.781060301698744 74.392769019119442 1532.2986408928409 93.128375552594662 36.137210665270686 7.1752881966531268 35.58207618072629 48.388131611049175 41.951268658041954 31.792725142091513
leaf_count=53 86 136 87 207 87 69 153 215 731 319 123 82 54 111 172 250 75 96 5927 2984 220 392 7982 574 201 42 205 210 189 152
internal_value=9.49614e-05 -0.0037171 -0.0073607 -0.0116901 -0.000397706 0.0200077 0.00248483 -0.017415 -0.0224399 -0.00193048 -0.00714397 0.00577184 -0.0140253 0.00470953 -0.00733159 0.0131491 -0.00788279 -0.0217409 0.000641614 0.00166424 0.000444502 -0.00989433 0.000978402 9.53184e-05 -0.0110633 0.00830779 0.0116532 0.00539999 0.02369 -0.00707773
internal_weight=3956.06 488.653 308.056 227.534 79.6815 30.2855 180.596 147.852 113.496 146.943 114.64 50.2831 49.3961 80.5224 33.0472 47.4751 28.3823 37.0613 3467.4 2496.51 1941.58 88.3483 1853.23 1661.56 129.266 191.671 164.889 115.763 49.1266 67.3748
internal_count=22184 3020 2132 1512 513 156 888 999 784 752 599 280 357 620 259 361 157 303 19164 13237 10253 478 9775 8757 775 1018 798 567 231 357
is_linear=0
shrinkage=0.03


Tree=210
num_leaves=31
num_cat=0
split_feature=346 190 278 452 126 126 103 104 109 110 232 327 326 201 307 298 305 264 397 249 249 7 352 164 352 135 140 305 271 310
split_gain=8.24344 26.011 21.4031 20.4954 17.8501 19.668 32.6567 17.2333 16.2777 20.5842 14.6266 15.3662 13.7053 15.7746 12.3178 11.9136 11.829 11.3904 23.7815 16.5937 22.465 26.2239 19.8542 14.3295 19.0028 21.0661 18.0608 17.8804 17.3356 16.4842
threshold=-0.66605085134506214 -0.17960531264543531 0.013630354776978494 0.19677419215440753 0.0046725010033696899 0.17658378928899768 0.41742037236690527 0.057715738192200668 0.95881405472755443 1.4917220473289492 -0.2424887269735336 0.054677771404385574 -0.63088044524192799 0.4629120826721192 -0.17064267396926877 -0.79902678728103627 -1.1328147649765012 -0.33502912521362299 0.40370370447635656 0.053364716470241554 0.069236900657415404 0.2156363055109978 -0.08221042156219481 0.3246444314718247 -0.50793614983558644 2.8282665014266972 0.59872931241989147 0.66191938519477855 -0.050000041723251336 -0.30081604421138758
decision_type=2 2 2 2 2 2 2 2 2 2 2 2 2 2 2 2 2 2 2 2 2 2 2 2 2 2 2 2 2 2
left_child=1 8 4 7 -3 10 -7 15 12 14 -6 -12 -1 -14 -10 -2 -5 18 -18 23 21 -21 -23 -19 25 26 -25 29 -28 -26
right_child=3 2 -4 16 5 6 -8 -9 9 -11 11 -13 13 -15 -16 -17 17 19 -20 20 -22 22 -24 24 27 -27 28 -29 -30 -31
leaf_value=-0.012594875491534784 0.020095814633799006 -0.018368466964999122 0.014851077028255269 -0.013270066555830382 -0.015896160286954297 -0.018696267015813953 0.017160646519542279 -0.013563616102918475 0.028786861861112404 -0.007692402319838967 0.016937257656503005 -0.011061050757838144 -0.011547167500685228 0.0094559469096211855 -0.0064169594978689213 -0.0033224334452754954 0.018345731759953899 0.0025306418531579489 -0.00051426097117515245 0.011937149381174754 -0.0021409931028757872 -0.0011923467364576691 -0.03645153905302087 -0.015247162722842633 -0.0025363837272309336 -0.018632228177207232 -0.0063523577340839493 0.0061163707710270993 0.031792454585139358 -0.019363728511012302
leaf_weight=156.24311714526266 15.078946357592939 28.097059537190944 185.83704420179129 52.018755458295345 10.720136344432829 58.682195508852601 28.332612069323659 190.20067208632827 31.727051384747028 34.799072304740548 127.30143414158374 14.940363759174941 47.9930126410909 70.443537550978363 8.1586133763194066 162.3790876083076 86.940633811056614 1440.1497510503978 163.52409225702286 15.887636745348571 611.89860914088786 21.524439685046673 44.247895434498787 7.9593162238597861 100.33900678530335 13.142292199656366 10.788705596700309 59.104509528726339 38.396169753745198 112.68375495634973
leaf_count=1088 67 364 1003 239 66 321 127 1024 162 204 678 106 637 324 70 853 425 6995 885 95 3303 106 231 142 757 114 89 490 230 980
internal_value=-0.000174514 0.00252148 0.0072179 -0.00087023 0.00164491 0.00448484 -0.00650091 -0.00745695 -0.00357279 0.00826376 0.0108109 0.0135452 -0.00695378 0.000691891 0.021479 -0.000588515 1.40889e-05 0.000304702 0.00631238 -0.00031484 -0.00423151 -0.018372 -0.0262816 0.00121378 -0.00423448 0.00899734 0.0168553 -0.00782961 0.0234895 -0.0118182
internal_weight=3949.54 803.275 453.911 3146.26 268.074 239.977 87.0148 367.659 349.364 74.6847 152.962 142.242 274.68 118.437 39.8857 177.458 2778.61 2726.59 250.465 2476.12 693.559 81.66 65.7723 1782.56 342.414 70.2865 57.1442 272.127 49.1849 213.023
internal_count=22175 5150 2665 17025 1662 1298 448 1944 2485 436 850 784 2049 961 232 920 15081 14842 1310 13532 3735 432 337 9797 2802 575 461 2227 319 1737
is_linear=0
shrinkage=0.03


Tree=211
num_leaves=31
num_cat=0
split_feature=168 167 160 158 342 284 277 263 158 247 412 416 284 441 281 269 449 244 229 267 229 1 234 1 231 264 282 443 164 228
split_gain=10.1464 8.03534 11.1147 18.1746 15.8835 14.1106 13.3666 11.6556 12.0722 11.2997 11.248 13.4455 14.8228 13.4711 16.4916 12.0497 14.0204 12.0209 11.691 13.2225 26.0058 26.228 22.6588 20.6087 16.9656 18.7011 16.6775 16.4917 15.8472 16.7693
threshold=1.0496639609336855 -0.55148032307624806 0.39355289936065679 -0.0009271780727431177 -0.59797164797782887 -0.37746360898017878 0.047779899090528495 0.071589242666959776 -0.023809778504073616 0.061938839033246047 0.25403225421905523 0.51925924420356762 -0.34475348889827723 0.30901856720447546 0.13050587475299838 0.032743692398071296 0.60357144474983226 0.0037001380696892743 0.62193432450294506 0.014583811163902284 0.14445437490940097 0.014563899487257006 0.76060384511947643 -0.056860482320189469 0.82564419507980358 0.034802086651325233 -0.39513750374317164 0.59175083041191112 0.43393047153949743 0.24964435398578647
decision_type=2 2 2 2 2 2 2 2 2 2 2 2 2 2 2 2 2 2 2 2 2 2 2 2 2 2 2 2 2 2
left_child=1 -1 10 5 6 -4 -5 -7 -9 -6 11 13 -13 -3 -15 18 -17 -18 19 20 21 24 26 27 25 -12 -23 -21 29 -25
right_child=-2 2 3 4 9 7 -8 8 -10 -11 15 12 -14 14 -16 16 17 -19 -20 23 -22 22 -24 28 -26 -27 -28 -29 -30 -31
leaf_value=-0.0016044354172986166 -0.0065467260434276869 -0.0037820727027914136 0.0006707750976795401 -0.019989215301801779 0.0015628473235704643 0.0018921963909180497 0.0028280362006067403 -0.0085729807054458988 -0.032914966380055526 0.017201502333540453 -0.01570003888321882 -0.020464046944305953 0 0.013784317866068421 -0.0044312447914070605 0.016361120682154669 -0.0077247051985355648 0.013124087276361326 -0.0040315436547037472 -0.013243973748719015 0.0082286725720743456 0.0054793285986150537 -0.00079872912869992016 0.0045888174814821929 0.017617247077515975 0.0076903071441274656 -0.027240202034937631 0.0089746553144705605 -0.0080326900079146762 0.01926099865637446
leaf_weight=1364.4202152825892 203.30797643214464 214.68295472208411 61.759288694709539 39.748944833409041 144.12139968946576 21.43887872621417 41.33906713873148 44.39349727705121 38.802633993327618 53.488556489348412 47.176896682009101 55.187245175242424 67.399354899302125 113.81401708070189 65.563784930855036 124.06151057220995 53.881244670599699 35.022806584835052 202.16023318469524 60.880789209157228 235.43673940002918 13.677019909024237 84.321470169350505 127.01357878558338 48.713113201782107 64.092536902055144 77.704001419246197 47.041956044733524 29.435851050540805 174.27186411619186
leaf_count=7494 1983 1172 334 211 723 140 223 272 232 257 287 303 354 518 313 673 305 184 1082 385 1250 57 431 635 271 375 391 273 263 835
internal_value=-0.000132781 0.000223609 0.00127471 -0.00295924 0.00171301 -0.0105987 -0.00893731 -0.0169694 -0.0217159 0.00629087 0.00225787 -0.00150503 -0.00990052 0.00120772 0.0071537 0.00363026 0.0101176 0.000737417 0.0024301 0.00375293 0.000701564 -0.00460727 -0.0124081 0.00762887 0.00405824 -0.0024804 -0.0221949 -0.00351108 0.0112926 0.0133543
internal_weight=3954.36 3751.05 2386.63 445.092 278.698 166.394 81.088 104.635 83.1961 197.61 1941.54 516.647 122.587 394.061 179.378 1424.89 212.966 88.9041 1211.93 1009.77 571.122 335.685 175.702 438.644 159.983 111.269 91.381 107.923 330.721 301.285
internal_count=22226 20243 12749 2392 1414 978 434 644 504 980 10357 2660 657 2003 831 7697 1162 489 6535 5453 3062 1812 879 2391 933 662 448 658 1733 1470
is_linear=0
shrinkage=0.03


Tree=212
num_leaves=31
num_cat=0
split_feature=20 10 201 21 247 268 271 304 166 364 243 162 178 248 154 176 272 268 169 162 317 162 116 1 199 282 317 174 130 123
split_gain=8.94483 9.33501 8.11854 8.87265 20.1324 14.8905 18.0752 18.7167 14.2148 13.5693 15.3456 12.7373 14.0039 13.4706 13.1153 12.4715 14.3045 14.9221 18.2265 16.8183 13.9853 23.7124 19.7591 13.696 12.0386 11.6994 11.1796 10.9841 10.0687 13.6715
threshold=1.1288465857505801 0.50498560070991527 0.96609193086624157 1.0000000180025095e-35 0.07228685170412065 -0.29531449079513544 0.049999982118606574 -0.21114044636487958 0.18758416175842288 0.27633495628833776 -0.010444670915603636 0.099493108689785018 -0.32293516397476191 0.066452365368604674 0.26565361022949224 0.98256665468215953 0.020273255184292797 -0.27611581981182093 -0.1841347739100456 -0.11177057400345801 -0.33607360720634455 0.075626373291015639 2.2670046091079716 0.14406474679708484 0.68090909719467174 -0.51520514488220204 -0.56132856011390675 -0.25242881476879114 1.9259459376335146 0.35678184032440191
decision_type=2 2 2 2 2 2 2 2 2 2 2 2 2 2 2 2 2 2 2 2 2 2 2 2 2 2 2 2 2 2
left_child=2 -2 3 15 5 -5 7 9 -6 10 -7 12 -8 -14 -15 24 17 18 -17 25 23 22 -22 26 -1 -19 -21 -20 29 -28
right_child=1 -3 -4 4 8 6 11 -9 -10 -11 -12 -13 13 14 -16 16 -18 19 27 20 21 -23 -24 -25 -26 -27 28 -29 -30 -31
leaf_value=0.00054427144610563218 0.021926110551168537 -0.0067246134766601982 0.0047436928910635735 0.0061821239054259888 0.021074129446212331 0.00050574096907372401 0.0014810318272040664 0.0022808405586414167 0.0001263881486400067 0.0031952153508989643 -0.026219530996337382 0.0072082891416547284 0.0043539943733587397 -0.028729864937633222 0.0043369014912547797 -0.019720003203080181 0.019307415594140936 -0.0081708266754424875 -0.0085213420883303841 0.0029786770123889569 0.021590679390703568 -0.022279074204857526 -0.010486014268719961 0.017566190782286547 -0.0045358665884580153 0.018340298250301954 -0.005647591042236568 0.013347680168517383 0.0076279125371905704 -0.034990873726552012
leaf_weight=1906.0079837222584 25.767266266047955 10.284293107688425 292.13639757782221 71.437077045440674 36.175996884703636 25.91562182456255 24.393060594797134 189.90552306175232 93.20553271099925 32.418214656412601 58.927102796733379 15.100758172571657 12.409135229885576 100.69385618716478 9.5136522203683835 45.094327814877033 46.846841640770435 12.711363993585108 31.469553060829639 37.388848043978214 69.251904726028442 12.004813112318514 17.225610353052616 12.693425878882406 530.24729581922293 101.15170756727457 33.523226693272591 37.746996380388737 9.1944570541381818 25.107186041772366
leaf_count=11567 173 57 1390 321 186 126 121 883 421 156 307 67 57 465 38 226 249 56 171 194 457 61 91 45 3223 498 161 169 52 114
internal_value=0.000145079 0.0137446 -2.73071e-06 -0.000399514 -0.00349582 -0.00604433 -0.00799109 -0.00351843 0.00684155 -0.0125943 -0.0185255 -0.0159074 -0.0185697 -0.0225041 -0.0256973 0.000312251 0.00463882 0.0027945 -0.00624712 0.00601994 0.000930044 0.00898625 0.0147822 -0.00584137 -0.000566943 0.014992 -0.00967856 0.00339764 -0.0164222 -0.020765
internal_weight=3925.95 36.0516 3889.9 3597.76 670.096 540.714 469.277 307.166 129.382 117.261 84.8427 162.11 147.01 122.617 110.208 2927.67 491.41 444.563 114.311 330.253 216.389 98.4823 86.4775 117.907 2436.26 113.863 105.214 69.2165 67.8249 58.6304
internal_count=22102 230 21872 20482 3148 2541 2220 1472 607 589 433 748 681 560 503 17334 2544 2295 566 1729 1175 609 548 566 14790 554 521 340 327 275
is_linear=0
shrinkage=0.03


Tree=213
num_leaves=31
num_cat=0
split_feature=21 348 327 278 346 134 254 126 86 187 251 158 232 231 237 132 317 280 165 146 251 1 166 263 350 353 6 233 262 282
split_gain=7.8226 7.39447 13.5989 8.14993 8.10799 24.7192 18.6043 21.4368 19.1869 18.1986 19.9353 30.6836 25.9129 18.0198 26.0593 16.7573 16.5959 16.3878 14.2047 14.3853 13.8633 13.3987 16.3851 12.7752 17.1146 16.9684 12.5688 23.9751 25.6224 12.7627
threshold=1.4277270436286928 -1.5399227142333982 -2.1195201873779292 0.044188752770423896 -0.40135855972766871 0.07917045429348947 0.84999999403953563 0.17338147759437564 0.00069662273745052527 -0.3015113621950149 0.42089310288429266 -0.00025462149642407889 -0.051257910206913941 -0.92117008566856373 0.72499999403953563 1.6260192394256594 -0.50145533680915821 0.13586786389350894 0.36083468794822698 -1.3442962169647215 0.73431032896041881 -0.37372083961963648 0.57047134637832653 0.077326614409685149 -0.73023182153701771 -0.60153919458389271 0.14888888597488406 0.18460537493228915 0.19263498485088351 0.040635257959365852
decision_type=2 2 2 2 2 2 2 2 2 2 2 2 2 2 2 2 2 2 2 2 2 2 2 2 2 2 2 2 2 2
left_child=1 2 -1 -4 5 20 7 8 9 -7 12 -12 -11 17 -15 -14 -10 -9 19 -16 -3 -8 -23 25 -25 -6 29 28 -28 -26
right_child=-2 4 3 -5 23 6 21 13 16 10 11 -13 15 14 18 -17 -18 -19 -20 -21 -22 22 -24 24 26 -27 27 -29 -30 -31
leaf_value=0.017853656099333537 0.014879172637626325 -0.027376379964443882 -0.016203473165246864 0.0018380156037000937 -0.022786652675185096 0.010529812772392674 0.02669735367476311 -0.033843018553899436 0.015830391004433779 -0.021661507317582495 -0.031583214546887554 0.0066459651802097518 0.024244857672591991 0.010198011916425732 -0.021922122771014289 -0.012700744184026898 0.0018511612854318705 0.0053995499078668772 0.01743735199061508 -0.0032079790545975337 0.0090929248977543436 0.0081659725854314261 -0.019659588966722676 -0.015007554495912038 0.0011713655939751201 0.004639068091264624 0.011008239428598106 0.018911500177590475 -0.029653176406809603 -0.00363856756943435
leaf_weight=9.9841325283050519 23.769602164626122 31.363905968144536 73.121621032245457 28.137617372907698 14.254907011985777 53.417102169245481 27.73047443293035 27.532208506017923 143.36258923634887 18.634675851091743 48.494548816233873 24.862618047744036 34.430329853668809 82.874423880130053 67.772196773439646 9.6879953034222108 163.68088756408542 10.2778954654932 9.4843246992677432 81.814039122313261 8.1054553557187301 296.24207959417254 13.552045413292943 80.241786839440465 1124.3788665086031 453.71269707009196 14.039977654814718 11.473181648179887 48.95681881159544 875.88447595573962
leaf_count=59 190 550 681 233 90 316 186 144 698 111 291 133 161 421 388 60 1090 47 91 387 42 1514 204 439 5830 2527 77 72 396 4629
internal_value=-0.000181629 -0.00030299 -0.00769122 -0.0112985 -6.874e-05 0.00201736 0.00290288 0.000311184 0.00404955 -0.00334315 -0.00910978 -0.0190454 0.00310004 -0.00622474 -0.00285041 0.0152983 0.00861905 -0.0237643 -0.00985506 -0.0123547 -0.0194195 0.00870601 0.00650808 -0.000992927 -0.00197241 0.00345802 -0.00141445 -0.0129781 -0.0202464 -0.000934943
internal_weight=3911.28 3887.51 111.243 101.259 3776.26 1153.32 1113.85 776.326 496.571 189.527 136.11 73.3572 62.753 279.755 241.945 44.1183 307.043 37.8101 159.071 149.586 39.4694 337.525 309.794 2622.94 2154.98 467.968 2074.73 74.47 62.9968 2000.26
internal_count=22057 21867 973 914 20894 6834 6242 4338 2860 1072 756 424 332 1478 1287 221 1788 191 866 775 592 1904 1718 14060 11443 2617 11004 545 473 10459
is_linear=0
shrinkage=0.03


Tree=214
num_leaves=31
num_cat=0
split_feature=245 156 279 86 346 349 349 161 161 179 177 282 220 243 129 347 236 233 7 263 251 230 233 263 7 262 268 247 282 159
split_gain=8.80866 16.3232 17.622 18.0445 16.4728 15.4347 14.2685 14.512 13.6893 13.144 12.352 11.8796 16.9811 14.9798 14.7668 12.8996 11.5847 10.8079 10.0478 28.5825 32.5253 49.3306 41.421 35.4309 31.5657 27.252 26.4486 25.5635 27.3901 25.7173
threshold=0.19320803135633471 0.002671359921805561 -0.052895285189151757 5.3367766668088743e-06 0.17281490564346316 -0.49212121963500971 1.3289167881011965 0.0011104856966994705 0.011467874050140383 -0.46581445634365076 1.0074219703674319 -0.73569482564926136 0.5000000149011613 0.0049768392927944669 0.061545601114630706 -0.19029708951711652 0.17151574045419696 0.045425282791256912 0.23937810212373736 0.49435879290103918 0.39465263485908514 -0.66742610931396473 0.10369747132062913 0.16591077297925952 0.24462500214576724 0.15750166773796084 -0.22345288097858426 -0.040123812854290002 -0.034872163087129586 -0.028524469584226605
decision_type=2 2 2 2 2 2 2 2 2 2 2 2 2 2 2 2 2 2 2 2 2 2 2 2 2 2 2 2 2 2
left_child=1 6 -3 -4 5 -5 7 11 -9 -6 -7 -1 14 16 -13 -15 -14 -10 -2 20 21 25 24 27 -23 -20 -26 -22 29 -29
right_child=18 2 3 4 9 10 -8 8 17 -11 -12 12 13 15 -16 -17 -18 -19 19 -21 23 22 -24 -25 26 -27 -28 28 -30 -31
leaf_value=0.019666101434911064 -0.00043109634783579647 -0.019085560041119602 -0.022269115378452352 -0.0011801921242919821 -0.01747918458788697 0.030419600668745415 0.01081538086138629 -0.032951338903164686 -0.01628508277913663 0.008461960907862524 0.0001479801548084378 -0.039281496119288002 0.006947241640186866 0 7.0477133569930395e-05 -0.024055444710056495 -0.016595754805754707 0.019723502698331175 -0.019385387905504363 0.016716943820461582 -0.015102298330815294 -0.0010585180185900699 0.018593443661691297 0.010736227622566364 -0.036545677316712176 0.019646938324134458 -0.006975918593058396 -0.0060493115603790486 -0.0053224850063556383 0.021916402799232904
leaf_weight=8.3804411813616735 2243.3021767623723 20.303704096004367 10.703505394514648 28.607571299187839 23.339021546766162 52.376694412901998 27.574307816103101 33.402561406604946 9.8177862982265669 34.724035646766424 16.212882176041603 18.443999471142892 99.477961383759975 35.870356436353177 12.113845005631445 39.809759709984064 15.837667705956845 6.5391486263833931 14.127868607640265 115.34648557379842 92.080856843851507 62.280360007658601 24.309193156659603 402.78501646406949 84.406853899359703 69.463373955339193 45.739444157108665 39.664511944167316 166.09961601160467 82.592765624634922
leaf_count=49 12638 111 156 228 158 239 147 198 127 175 66 100 560 253 74 222 156 36 64 663 464 337 119 2204 425 380 252 208 876 465
internal_value=0.000208873 -0.00350694 0.00338414 0.00685491 0.00980149 0.0169643 -0.0077001 -0.00978162 -0.0235759 -0.00256266 0.0240794 -0.00614377 -0.00773841 -0.00389155 -0.0262963 -0.013682 0.00286325 0 0.00075072 0.00296044 0.00138849 -0.0068898 -0.0143478 0.004609 -0.0190685 0.011946 -0.0271165 -0.00192781 0.00250186 0.0129259
internal_weight=3935.73 493.535 186.267 165.964 155.26 97.1971 307.268 279.694 49.7595 58.0631 68.5896 229.934 221.554 190.996 30.5578 75.6801 115.316 16.3569 3442.2 1198.9 1083.55 300.327 216.736 783.223 192.427 83.5912 130.146 380.438 288.357 122.257
internal_count=22150 3055 1133 1022 866 533 1922 1775 361 333 305 1414 1365 1191 174 475 716 163 19095 6457 5794 1577 1133 4217 1014 444 677 2013 1549 673
is_linear=0
shrinkage=0.03


Tree=215
num_leaves=31
num_cat=0
split_feature=329 120 245 300 138 316 428 265 149 304 110 266 267 248 128 160 269 282 427 264 286 365 264 353 158 365 155 190 160 108
split_gain=7.28093 21.1495 8.61172 7.97142 11.4333 8.54145 14.6643 12.4756 12.3847 12.0177 19.3983 20.0357 14.0322 10.6731 13.7623 19.0491 24.7902 23.6307 19.5809 21.5724 16.2676 13.6002 13.0077 22.6124 19.9099 15.4887 14.0935 13.4699 12.7322 20.9724
threshold=-1.2592529058456419 1.3295735716819765 0.22745405882596972 -0.93058064579963673 3.9828562736511235 -0.9017236828804015 0.37715516984462744 -0.13806723058223722 -0.60966825485229481 -0.4875479638576507 0.23921246081590655 0.012632887810468675 0.098870452493429198 0.063437275588512435 2.572230458259583 -0.80313420295715321 -0.020402133464813229 -0.21760680526494977 0.61414393782615673 -0.0085144639015197737 -0.3826244175434112 0.85060164332389843 0.27713863551616674 0.40578730404376989 0.045558145269751556 0.21675150841474536 0.36542434990406042 -0.47619603574275965 0.39355289936065679 0.00026959487877320504
decision_type=2 2 2 2 2 2 2 2 2 2 2 2 2 2 2 2 2 2 2 2 2 2 2 2 2 2 2 2 2 2
left_child=1 -1 -3 4 -2 6 7 -5 -9 10 11 12 -7 14 15 16 -11 -17 20 -20 -19 -16 28 24 25 -24 -25 -26 -15 -30
right_child=3 2 -4 5 -6 9 -8 8 -10 13 -12 -13 -14 22 21 17 -18 18 19 -21 -22 -23 23 26 27 -27 -28 -29 29 -31
leaf_value=-0.018794612065517396 -0.016362461421168865 -0.0074678221011334157 0.018650722931983301 0.016973188291381947 0.0029512870107932391 -0.028300673892768483 -0.0062546697326996848 0.0059465400113247564 -0.011556290480885405 -0.0030232308507632298 -0.00091381491605635695 -0.00025479704154777501 0.00658535527158667 0.0018522760292372222 0.0011726996577657686 -0.012890200565561572 0.019814451770741648 0.014152871006262498 0.00019153646348137428 0.026619071730801986 -0.01142860477310185 -0.030137598067869434 -0.024666161413164484 -0.027368061211306922 -0.014249337078309171 0.01072360234899716 0.0060696667785326225 0.011810777971282492 0.0027736018855953658 -0.011694402515206898
leaf_weight=54.931288381107152 53.806283019483089 13.081047013401983 21.804954221472144 78.035185150802135 45.721051920205355 62.776049718726426 91.398155603557825 288.31766265444458 34.588356084190309 57.089537930674851 482.42118641734123 58.662329869810492 8.9032947085797769 1569.4303536466323 32.75566328316927 72.271723279729486 138.96308870613575 25.42583380267024 51.883341938257217 55.237890258431435 65.393992220982909 12.15429633297026 33.516325440257788 50.623163800686598 15.591095619834958 10.300050521269439 10.742695752531288 84.525655208621174 175.80027601541951 171.7637644582428
leaf_count=385 323 52 115 379 208 474 476 1409 265 307 2719 393 42 8736 162 426 727 122 299 308 401 93 208 367 107 59 75 450 961 1077
internal_value=9.91687e-05 -0.00802236 0.00899517 0.000306214 -0.00778059 0.000538441 0.0041913 0.00666476 0.00383446 -2.01684e-05 -0.00378282 -0.0137374 -0.0236337 0.000859067 0.00471944 0.00628853 0.0132376 0.00100183 0.00639232 0.014708 -0.00365921 -0.0100201 -7.82703e-05 -0.00712968 -0.00029339 -0.0158091 -0.0213388 0.00698846 0.00069463 -0.00443649
internal_weight=3927.92 89.8173 34.886 3838.1 99.5273 3738.57 492.339 400.941 322.906 3246.23 612.763 130.342 71.6793 2633.47 511.175 466.265 196.053 270.213 197.941 107.121 90.8198 44.91 2122.29 205.299 143.933 43.8164 61.3659 100.117 1916.99 347.564
internal_count=22125 552 167 21573 531 21042 2529 2053 1674 18513 3628 909 516 14885 2845 2590 1034 1556 1130 607 523 255 12040 1266 824 267 442 557 10774 2038
is_linear=0
shrinkage=0.03


Tree=216
num_leaves=31
num_cat=0
split_feature=96 104 127 162 450 61 355 247 269 271 136 136 243 217 462 176 132 248 439 159 289 97 153 157 264 127 350 246 365 139
split_gain=9.08596 8.44522 10.2209 14.593 11.4051 10.6442 10.0335 16.8796 9.7221 9.12971 9.06253 14.8779 22.6184 15.6312 11.5497 11.2054 10.3292 20.7539 18.7851 16.7372 17.0499 20.228 10.2904 10.1455 10.3186 9.84721 10.8539 9.66948 9.58988 9.12082
threshold=2.7881778478622441 1.0778177380561831 0.16886670142412188 0.051177270710468299 0.69397994875907909 0.00060592201771214615 1.1086568236351015 -0.062385151162743561 -0.027273006737232205 -0.17499998211860654 1.8868966698646548 1.4790243506431582 0.023469969630241398 0.6434457302093507 0.74596774578094494 -1.2855411767959593 2.9948081970214848 0.058394340798258788 0.45080643892288214 0.020547945983707908 -0.43423120677471155 0.089963145554065718 0.16229961067438128 0.16229590028524402 0.028146984055638317 1.3727166056632998 0.10881477594375612 0.16933253407478335 0.15441988408565524 4.348762273788453
decision_type=2 2 2 2 2 2 2 2 2 2 2 2 2 2 2 2 2 2 2 2 2 2 2 2 2 2 2 2 2 2
left_child=1 10 8 6 5 -5 -4 -8 -3 -9 11 16 13 14 22 -16 -1 18 -18 20 -19 -22 27 24 -21 29 -27 -13 -15 -12
right_child=-2 2 3 4 -6 -7 7 9 -10 -11 25 12 -14 28 15 -17 17 19 -20 23 21 -23 -24 -25 -26 26 -28 -29 -30 -31
leaf_value=-0.00017144249134514066 -0.01197904321861693 -0.0055709433691694945 0.0069652684227866852 0.0052987841475003513 0.0027090336346112546 -0.028771617204526572 0.016129167196692454 0.0088391464931417574 0.020328189374187566 -0.022151349590695878 -0.021922885867247319 0 -0.023651749195623781 0.010009665224963762 0.019935053080481723 -0.012596428801370014 0.022001535240242214 0 -0.010453127099225306 -0.015674189406630842 0.015767551676503209 -0.031655831940122121 -0.0051560327853305945 0.024192901199695544 0.0097602422638083802 -0.015348870090667885 0.016495687576375498 0.022185483291520501 -0.02413359571614912 0.0048575532056888129
leaf_weight=2947.1152839823626 49.396717363968492 12.943046228028832 273.08144830726087 7.8542142417281857 29.952818378806114 25.326654143631458 14.296846807003019 6.2572914250195018 48.530166435986757 32.606732241809368 44.175967037677765 21.52884104847908 12.638400491327046 6.5384043045341995 6.7147872298955944 24.178349995985627 29.700786285102367 28.964786976575851 22.357968680560589 26.077490394935012 4.5974440127611151 63.600217437371612 14.383965153247116 6.5095080193132153 18.648980440571904 9.0750571750104445 17.213597113266587 113.19432447291911 12.233347099274395 11.115579821169375
leaf_count=16464 377 86 1444 40 199 172 78 33 262 234 258 153 85 44 23 128 148 153 137 150 21 395 85 36 95 46 114 620 83 74
internal_value=-2.14615e-05 0.000148869 0.00397868 0.00202815 -0.0104126 -0.0209274 0.00463532 -0.00657668 0.0147098 -0.0163453 -0.000357001 -0.000103845 0.00746478 0.0102316 0.0130161 -0.00287205 -0.000630966 -0.00710251 0.00829836 -0.0127032 -0.0196162 -0.0271491 0.0163564 0.00100817 -0.00498048 -0.00982998 0.0042713 0.0188686 -0.0123451 -0.0164296
internal_weight=3940.81 3891.41 450.849 389.376 63.1337 33.1809 326.242 53.1609 61.4732 38.864 3440.56 3358.98 211.41 198.772 180 30.8931 3147.57 200.457 52.0588 148.398 97.1624 68.1977 149.107 51.236 44.7265 81.5802 26.2887 134.723 18.7718 55.2915
internal_count=22237 21860 2548 2200 411 212 1789 345 348 267 19312 18820 1221 1136 1009 151 17599 1135 285 850 569 416 858 281 245 492 160 773 127 332
is_linear=0
shrinkage=0.03


Tree=217
num_leaves=31
num_cat=0
split_feature=365 271 147 263 250 247 249 109 232 153 10 95 280 352 267 249 280 237 280 307 354 280 280 362 153 283 278 268 271 147
split_gain=7.05947 23.5505 19.087 18.5617 16.4109 25.0282 23.558 30.6026 22.0272 20.1225 18.51 18.4105 18.4099 16.5309 16.0377 15.727 14.9845 14.376 14.0794 16.5648 16.9746 15.103 14.4726 15.2158 13.7816 13.7669 13.2173 12.849 12.6277 24.503
threshold=-0.12937063723802564 -0.17499998211860654 -0.38738839328289026 0.55638897418975841 0.042464753612875945 0.060669966042041786 0.013823728542774917 1.3791976571083071 -0.029030308127403256 -0.013611417729407547 0.37376695871353155 0.71981346607208263 -0.29740194976329798 -0.36010591685771937 0.037249442189931876 -0.24731409549713132 -0.34461463987827295 0.69999995827674877 0.053145296871662147 -0.25444543361663813 -0.62469553947448719 0.11899700760841371 0.24216231703758243 -0.39892430603504175 -0.037382896989583962 -0.29574093222618097 -0.038457622751593583 -0.28543671965599055 -0.099999994039535509 -0.75389674305915821
decision_type=2 2 2 2 2 2 2 2 2 2 2 2 2 2 2 2 2 2 2 2 2 2 2 2 2 2 2 2 2 2
left_child=1 14 3 4 6 8 12 9 25 10 -8 -10 -3 -12 27 -14 -4 -17 19 20 -18 26 -23 -24 -16 -6 -20 -1 29 -2
right_child=28 2 16 -5 5 -7 7 -9 11 -11 13 -13 15 -15 24 17 18 -19 21 -21 -22 22 23 -25 -26 -27 -28 -29 -30 -31
leaf_value=0.0024237890447578619 0.012018273035295407 -0.016090708354322431 0.015275157947779991 0.02125848935237348 -0.0066224337012160241 0.012028300915853671 0.018056341728611293 -0.027400779902474946 0.008921245019993293 -0.013190196476567575 -0.012825098612344828 -0.016604958038107916 -0.010073377363222273 0.015551230905995096 -0.012138543241881376 -0.002898697295360637 -0.01388115760526063 0.018994115750827396 -0.014494507034841019 -0.026130258177829727 0.0058729075267923 -0.017159865177079348 0.013766796048998406 -0.015944618136096839 0.022532545020851644 -0.035892724981852302 0.019051193165348031 -0.024174932884377501 -0.00022573990283050201 -0.00015375567910153444
leaf_weight=17.841456688940525 238.10682188719511 14.808209162205456 21.804318185895681 37.852765362709761 30.235806945711374 47.643177589401603 71.01301572099328 30.406333684921265 55.079757103696465 48.273555936291814 45.859739720821381 36.003742936998606 18.361267808824778 21.404111105948687 14.648538248613479 28.890406735241413 98.726601616013795 169.96577743627131 7.6380104073323301 51.295956294983625 56.250187082216144 51.188231075648218 38.264892917592078 16.647695427760482 12.89247436262667 33.180090988054872 41.004280128050596 78.973848842084408 2099.6996004078537 374.31447799503803
leaf_count=100 1389 89 168 185 151 282 357 174 278 269 271 259 148 121 103 164 852 886 97 568 313 421 297 115 79 169 218 473 11145 1960
internal_value=2.99756e-05 -0.00188064 -0.000398543 0.00257053 0.0012536 -0.00569825 0.00444595 -0.002597 -0.011514 0.00223636 0.00807023 -0.00152673 0.0109586 -0.00303933 -0.0138726 0.0132942 -0.00571925 0.015772 -0.00728221 -0.0122821 -0.00670247 -0.000309349 -0.0066525 0.00380535 0.00506489 -0.0241318 0.0124342 -0.0193392 0.000879168 0.00464406
internal_weight=3908.28 1196.15 1071.8 688.978 651.125 202.143 448.982 216.957 154.499 186.55 138.277 91.0835 232.026 67.2639 124.356 217.217 382.82 198.856 361.016 206.273 154.977 154.743 106.101 54.9126 27.541 63.4159 48.6423 96.8153 2712.12 612.421
internal_count=22101 7607 6852 3803 3618 1139 2479 1192 857 1018 749 537 1287 392 755 1198 3049 1050 2881 1733 1165 1148 833 412 182 320 315 573 14494 3349
is_linear=0
shrinkage=0.03


Tree=218
num_leaves=31
num_cat=0
split_feature=376 304 110 1 249 243 125 129 156 266 228 248 251 254 187 269 166 369 155 305 279 251 233 247 266 189 251 408 166 3
split_gain=9.23503 13.3566 16.7572 13.5422 18.1586 23.076 21.5723 20.9178 22.1358 27.2912 16.9827 15.9641 18.6823 20.6903 17.4136 16.1535 16.1151 17.2028 19.423 15.9263 21.2823 15.7679 17.102 15.4631 14.8104 14.8882 14.6683 14.275 14.223 18.4706
threshold=0.12973351776599887 -0.4875479638576507 0.26469108462333685 0.1634873375296593 0.0034900804748758678 0.0070361553225666293 2.2744827270507817 0.36531920731067663 -0.012439183890819548 -0.08657610788941382 0.53974768519401561 0.19483164697885516 0.4435380250215531 0.84999999403953563 -0.25102475285530085 -0.19952063262462613 0.47333142161369329 0.10868128389120103 -0.88095617294311512 -0.30338113009929651 0.04980148375034333 0.23721969127655032 -0.048862716183066361 -0.026804225519299504 -0.15807770192623136 -0.62295174598693837 0.240605503320694 0.19677419215440753 0.38876639306545263 0.42321260273456579
decision_type=2 2 2 2 2 2 2 2 2 2 2 2 2 2 2 2 2 2 2 2 2 2 2 2 2 2 2 2 2 2
left_child=-1 2 -2 19 5 6 26 8 9 -6 24 15 13 -13 -14 -10 17 -17 -19 23 21 22 -21 -3 -9 -26 -5 -22 29 -23
right_child=1 3 -4 4 7 -7 -8 10 11 -11 -12 12 14 -15 -16 16 -18 18 -20 20 27 28 -24 -25 25 -27 -28 -29 -30 -31
leaf_value=0.0035397588823973748 -0.01262430837097187 -0.011441431981833216 -0.0016085945930804084 -0.0044728889908325778 0.0079415910689515992 -0.010794306348667362 -0.017202348719873375 -0.0058894715368085996 -0.018344377279507617 -0.02355001004286849 -0.0056183089276951913 0.020505149396836255 0.0080379239842717602 -0.016964665984300489 -0.025330196324317846 0.019671184258645742 -0.013695124829644415 -0.015337931187739537 0.015837007381696251 -0.0087731554194797993 -0.0088206603202722056 -0.0030580722704105657 0.013979070004483807 -0.0011450427647182978 -0.0056790207656799039 0.031378942265946314 0.030089304042686036 0.0076058397291738373 -0.014480486844506547 0.017919847074829198
leaf_weight=603.83300321176648 153.52485382556915 199.96212353743613 576.82529611419886 10.294147890992461 32.680766332894564 20.241080837324262 6.7672850284725419 12.762534724548457 13.049232535064219 65.524310408625752 26.840500531718135 29.740678247064352 15.01475998573005 14.124807823449371 44.041396414861083 110.58140423521399 16.759965288452804 30.129801876842976 27.873052820563316 35.710092620924115 46.642693500965834 644.87852116115391 95.889050273224711 371.20366806723177 8.7742938958108407 53.655423380434513 72.96140696015209 455.10393848828971 85.047195490449667 33.059912532567978
leaf_count=3458 949 1215 3201 117 193 153 48 103 71 413 170 137 66 71 201 488 145 137 114 182 220 3278 465 2061 40 251 334 2621 1085 147
internal_value=0.000148174 -0.000473605 -0.00403628 0.000539326 0.00441288 0.0150622 0.0213434 0.00187594 -0.00125747 -0.0131393 0.0135345 0.0027914 -0.00646313 0.00755911 -0.0167348 0.00770019 0.0101893 0.013075 -0.000103219 -0.000671259 0.0010515 -0.00171356 0.00759811 -0.0048628 0.0203952 0.0259719 0.0256841 0.00595783 -0.00338774 -0.00184706
internal_weight=3913.5 3309.66 730.35 2579.31 611.817 110.264 90.0228 501.553 399.52 98.2051 102.033 301.315 102.922 43.8655 59.0562 198.393 185.344 168.584 58.0029 1967.5 1396.33 894.585 131.599 571.166 75.1923 62.4297 83.2556 501.747 762.986 677.938
internal_count=22134 18676 4150 14526 3252 652 499 2600 2036 606 564 1430 475 208 267 955 884 739 251 11274 7998 5157 647 3276 394 291 451 2841 4510 3425
is_linear=0
shrinkage=0.03


Tree=219
num_leaves=31
num_cat=0
split_feature=201 360 131 125 371 176 162 136 177 60 288 248 248 306 229 109 248 159 246 271 235 10 233 245 268 367 263 66 450 279
split_gain=7.72797 12.6777 10.3466 12.3017 8.74723 7.83743 13.7934 14.3588 12.7161 16.6787 13.3681 12.8802 14.469 15.1996 15.878 13.6146 14.2689 12.7151 13.7875 12.0683 11.1932 10.8144 12.709 9.94153 9.8241 9.73456 9.57918 13.5583 12.1942 15.9719
threshold=0.9321839213371278 1.0890014767646792 1.6703455448150637 0.59722170233726513 0.49854989349842077 0.98256665468215953 0.089638058096170439 0.44479943811893469 1.124199450016022 6.7995799213349539e-07 -0.54849717020988453 0.21531869471073153 0.19483164697885516 -0.4717136919498443 0.17826251685619357 0.29034735262393957 0.094800047576427474 0.040282715111970908 0.37915939092636114 0.1500000208616257 0.030043338425457481 0.60402545332908641 -0.069094713777303682 0.26825313270092016 -0.1368688493967056 -0.99957019090652455 0.060516793280839927 2.9117894206898148e-10 0.5577777922153474 0.072308704257011427
decision_type=2 2 2 2 2 2 2 2 2 2 2 2 2 2 2 2 2 2 2 2 2 2 2 2 2 2 2 2 2 2
left_child=5 2 3 -2 -5 26 8 24 10 -10 20 12 13 -12 15 16 -15 18 -17 23 -7 22 -14 -13 -8 -16 27 -1 -29 -30
right_child=1 -3 -4 4 -6 6 7 -9 9 -11 11 19 21 14 25 17 -18 -19 -20 -21 -22 -23 -24 -25 -26 -27 -28 28 29 -31
leaf_value=0.0079964898561742988 0.00566497046954731 -0.017418910059691723 0.010067166228553097 -0.016044937964531929 0.0016389186811903856 0.022977852176145692 -0.01205800744016633 -0.027134491617571196 -0.022232484885034921 0.0012347736188853859 -0.0091978145904013705 0.0021879353365088176 0 -0.0086858144749356568 -0.011645255316535232 -0.021912169998227884 0.019087855284019961 0.013497441295577067 0.012951306455719911 -0.0068085828987183433 -0.00085252416351642372 0.0084024623263235388 -0.034665805169526366 0.021862651523616369 0.017352066653410301 0.015669399220983714 -0.002222378175134558 -0.011709067213451149 -0.012053999719774592 0.013707814476687744
leaf_weight=202.81662847474217 152.10294727236032 17.902741111814976 173.07602403312922 46.473912954330444 43.510921560227871 53.406444422900677 13.946332342922689 21.939390540122986 30.609237551689148 94.007689468562603 70.782271549105644 38.463477000594139 14.728774830698965 21.662562645971775 7.5297298729419699 47.737802609801292 34.959281079471111 10.334319286048411 7.2617172375321379 22.963132455945015 23.248347662389278 9.3996070846915227 18.949185602366924 64.779929377138615 12.918922841548918 113.95262420922518 2390.2072441284545 75.691056637093425 27.417404687032104 51.865932615473866
leaf_count=1207 714 83 880 220 178 282 66 112 135 397 332 223 72 112 36 271 182 56 43 129 121 54 89 378 57 589 14068 564 209 331
internal_value=-0.000322164 0.00342036 0.0046178 0.000506292 -0.00788476 -0.000796629 0.0019394 -0.0124038 0.003092 -0.00532549 0.00502575 0.00303397 3.54446e-05 0.00240126 0.00597857 -0.00161135 0.00851052 -0.0105033 -0.0161972 0.0109962 0.0161583 -0.0149353 -0.022032 0.0152324 0.002438 0.0133524 -0.0015339 0.00299107 -0.00355722 0.00442213
internal_weight=3914.65 433.067 415.164 242.088 89.9848 3481.58 733.581 48.8046 684.776 124.617 560.159 483.504 357.298 314.22 243.438 121.956 56.6218 65.3338 54.9995 126.207 76.6548 43.0776 33.678 103.243 26.8653 121.482 2748 357.791 154.974 79.2833
internal_count=22190 2075 1992 1112 398 20115 3736 235 3501 532 2969 2566 1836 1621 1289 664 294 370 314 730 403 215 161 601 123 625 16379 2311 1104 540
is_linear=0
shrinkage=0.03


Tree=220
num_leaves=31
num_cat=0
split_feature=346 348 247 160 247 283 367 311 244 82 317 107 232 1 310 279 157 228 247 246 156 267 344 126 279 246 368 70 263 304
split_gain=8.94511 15.4157 17.3738 13.6948 17.1928 14.6139 12.87 14.1764 13.3542 11.9434 11.0367 10.069 9.28744 8.30019 8.10536 12.9588 12.1753 16.4241 23.2454 16.0777 15.8766 15.1054 14.3002 14.8213 15.8536 16.4993 12.4442 12.3569 12.3197 12.1684
threshold=-1.1499314308166502 -1.0453352928161619 -0.060721518471837037 1.0000000180025095e-35 -0.078652549535036073 -0.50702783465385426 -0.59363475441932667 -0.67311000823974598 0.0025805372279137377 4.1061259253183387e-05 -0.56420782208442677 0.84446990489959728 0.016261001117527488 0.17634954303503039 -0.55766057968139637 -0.20421420037746427 -0.11207501217722891 0.3114724606275559 0.033033862709999091 0.14613466709852221 0.02298500016331673 0.072082754224538817 0.33203944563865667 0.072331700474023833 -0.027971222996711727 0.20998170226812365 -0.30796317756175989 1.136373051213724e-09 0.14790978282690051 -0.4913747757673263
decision_type=2 2 2 2 2 2 2 2 2 2 2 2 2 2 2 2 2 2 2 2 2 2 2 2 2 2 2 2 2 2
left_child=3 2 -2 4 -1 11 -4 -8 12 -7 -5 -6 -9 -12 15 -3 17 18 21 28 22 -17 23 24 -18 -26 -21 -28 -19 -16
right_child=1 14 6 10 5 9 7 8 -10 -11 13 -13 -14 -15 29 16 20 19 -20 26 -22 -23 -24 -25 25 -27 27 -29 -30 -31
leaf_value=-0.010545964629279975 -0.02523505648919119 -0.014306204018822228 -0.019052464006769503 0.0059336181643328796 -0.019500467349147333 0 -0.011075206296665141 0.0075875608754996183 0.022779705215285211 0.022443930842376517 -0.018606179765584721 0.013862374232543771 -0.017619318590402638 0.0096980185682617945 -0.0048210010551703692 0.023158238149482129 0.014563082503965792 0.017957579344944526 -0.012598443840226223 0.0030612554236911123 -0.013577230042914038 -0.01089714427858921 -0.0046309133025553241 0.020109886433753884 0.012697217978847028 -0.02650419280191461 0.0055225554997159632 -0.032103511659193049 -0.014760161863428342 0.00031469191738964426
leaf_weight=24.836159865371883 37.480609866790473 26.517602950334549 29.289608839899302 45.991980249062181 13.527605577372016 27.635874510742724 43.566037031821907 29.119866620749235 28.953480475582182 97.64541098382324 38.440456439740956 6.9034307003021231 13.630224190652369 6.5236915955319992 489.27693372126669 54.085362866520882 34.816899718716741 21.203040752559904 28.605827417224646 15.673277722671626 18.926946584135294 9.6401357091963273 37.372021108865738 132.82837745547295 9.8514073267579096 18.411514228209853 6.8212386388331643 35.257007392123342 9.6923182904720289 2522.2728399978951
leaf_count=202 325 155 280 294 112 243 261 155 148 473 292 29 113 91 2817 243 166 101 151 81 109 52 188 640 47 89 34 210 50 14002
internal_value=-2.04659e-05 -0.000410797 -0.00875385 0.00526201 0.0101508 0.014069 -0.00344324 0.00130083 0.00926998 0.017811 -0.00386792 -0.00718396 -0.00158651 -0.0135443 4.04481e-05 0.00372249 0.00505993 -0.000827557 0.00768863 -0.00972101 0.00923343 0.0172894 0.0114695 0.0146464 0.00213239 -0.0127342 -0.0183758 -0.0258724 0.00658595 -0.000525454
internal_weight=3914.8 3653.29 182.04 261.505 170.548 145.712 144.559 115.27 71.7036 125.281 90.9561 20.431 42.7501 44.9641 3471.25 459.703 433.185 180.978 92.3313 88.6469 252.207 63.7255 233.28 195.908 63.0798 28.2629 57.7515 42.0782 30.8954 3011.55
internal_count=22153 20417 1282 1736 1059 857 957 677 416 716 677 141 268 383 19135 2316 2161 922 446 476 1239 295 1130 942 302 136 325 244 151 16819
is_linear=0
shrinkage=0.03


Tree=221
num_leaves=31
num_cat=0
split_feature=376 377 159 82 157 18 197 2 243 140 156 155 107 134 254 129 462 246 138 121 230 153 263 277 126 134 119 304 156 271
split_gain=8.84174 15.8743 10.7324 10.5942 13.8247 13.4092 11.1938 10.1019 14.1789 15.785 11.86 10.9164 10.0575 14.532 15.6875 14.4818 14.1044 13.0763 20.5117 12.6485 21.8734 29.6884 19.0554 18.3496 18.7554 19.309 18.0657 17.8389 14.7902 14.7553
threshold=0.12973351776599887 0.18350168317556384 -0.077076181769371019 0.010795561596751215 -0.06612024828791617 1.0000000180025095e-35 0.054093567654490478 0.31195804476737982 -0.0029774212744086976 1.4091793894767763 0.0095246620476245897 -0.99355030059814442 0.81613472104072582 2.0598950386047368 0.82499998807907116 1.3460947275161745 0.35388994216918951 0.42046289145946508 2.6777998208999638 2.1417381763458256 -0.28264415264129633 -0.055345349013805382 0.31114460527896887 -0.054935168474912636 0.27887742221355444 1.0763760209083559 1.1176655888557436 -0.54507157206535328 0.049124656245112426 -0.1249999701976776
decision_type=2 2 2 2 2 2 2 2 2 2 2 2 2 2 2 2 2 2 2 2 2 2 2 2 2 2 2 2 2 2
left_child=3 2 -2 5 -5 6 -1 12 9 10 -9 -11 19 15 -15 17 -16 -14 -19 26 21 22 -21 24 25 -22 27 -3 -25 -23
right_child=1 7 -4 4 -6 -7 -8 8 -10 11 -12 -13 13 14 16 -17 -18 18 -20 20 23 29 -24 28 -26 -27 -28 -29 -30 -31
leaf_value=0.014611467920224113 0.012233090376549297 -0.0091380737168005547 -0.0085555458380671447 -0.013017537548077955 0.0055590062262125357 0.0069475912724404534 -0.015358343584669002 0.024439691072335668 -0.015138527749728027 0.01473787045348054 -0.0076028987746851462 -0.017354683554478275 0.0085107984840127916 0.0033652469818038818 -0.024227477250855618 -0.019903572174594351 -0.00034610097003854917 0.007827447748192046 -0.033571041931937801 -0.011481563734895521 -0.040199099270642531 -0.0021734540681064688 0.0063725108833437407 0.0050510560777124406 0.005966634142392859 -0.0023104774642196909 0.016018677664153807 0.0013832682621150293 -0.017727628057939489 -0.035406251094612998
leaf_weight=8.3466024245135468 17.647687341086566 157.98833540640771 300.13379541039467 68.382920205593109 62.476554695516825 421.86951066181064 39.971228873822838 25.554562361910939 85.984360087662935 6.4287404902279368 10.681398434564469 31.833155147731304 446.20845848508179 132.69506066478789 39.411285553127527 11.698009004816411 44.913542538881302 20.910322278738022 11.147897653281687 132.45226184278727 21.255275262519717 17.707923844456673 81.03108448907733 319.87696500681341 26.915410690009594 23.866934895515442 60.472263988107443 1190.8302397308871 20.853679278865457 45.838591624051332
leaf_count=156 97 1025 1724 332 291 1900 782 124 775 32 82 363 2518 676 228 70 219 93 51 770 127 91 450 1663 151 135 354 6317 221 238
internal_value=-0.000216437 -0.000832586 -0.00712996 0.00310398 -0.0042404 0.00520225 -0.0087976 -0.000139275 -0.00729916 0.00214322 0.0150498 -0.0102852 0.000283618 0.00336274 -0.00300102 0.00620513 -0.0126241 0.00714327 -0.00973616 -0.000756191 -0.00406598 -0.0104748 -0.00466997 0.000313271 -0.0127128 -0.0233615 0.000868509 0.000102333 0.00329794 -0.027429
internal_weight=3885.38 3284.34 317.781 601.047 130.859 470.187 48.3178 2966.56 160.482 74.4979 36.236 38.2619 2806.07 706.985 217.02 489.965 84.3248 478.267 32.0582 2099.09 689.798 277.03 213.483 412.768 72.0376 45.1222 1409.29 1348.82 340.731 63.5465
internal_count=22055 18594 1821 3461 623 2838 938 16773 1376 601 206 395 15397 3855 1123 2732 447 2662 144 11542 3846 1549 1220 2297 413 262 7696 7342 1884 329
is_linear=0
shrinkage=0.03


Tree=222
num_leaves=31
num_cat=0
split_feature=21 409 170 436 249 249 226 277 431 310 277 128 159 166 166 190 2 125 156 279 161 244 460 124 220 176 230 230 243 138
split_gain=8.60307 8.19143 13.7588 11.7723 18.3358 16.2102 23.8947 17.9241 15.5073 14.8013 20.3339 15.0791 18.7993 14.46 17.4528 14.288 14.2857 20.6444 13.4895 13.476 13.1939 13.8357 12.7683 12.5199 12.1387 12.98 12.7699 12.205 12.1216 13.7129
threshold=1.4277270436286928 0.70900535583496105 -0.40477608144283289 0.56385868787765514 0.076160263270139708 0.024101578630506996 -0.047311773523688309 -0.030942181125283238 0.32795698940753942 -0.3977051824331283 -0.092357937246561037 0.55605649948120128 -0.014193410985171793 0.23392812162637713 0.32303611934185034 -1.0000000180025095e-35 -0.097572762519121156 2.0446903705596928 0.049124656245112426 -0.087390720844268785 -0.0036528408527374263 0.013246696908026935 0.52277433872222911 0.18826431781053546 0.70000001788139354 -0.26930041611194605 0.46438461542129522 0.69800564646720897 0.040141522884368903 1.4842282533645632
decision_type=2 2 2 2 2 2 2 2 2 2 2 2 2 2 2 2 2 2 2 2 2 2 2 2 2 2 2 2 2 2
left_child=1 3 -3 9 5 8 -7 -8 -5 10 23 19 13 15 -15 -13 18 -18 -14 -12 28 -22 -6 -1 25 -10 -27 -26 29 -11
right_child=-2 2 -4 4 22 6 7 -9 24 20 11 12 16 14 -16 -17 17 -19 -20 -21 21 -23 -24 -25 27 26 -28 -29 -30 -31
leaf_value=0.0070484377723899119 0.016046244091512583 0.0093537687389094321 -0.0032055075234975095 -0.011671908316505022 0.0044984745277513614 0.0049630132194011288 -0.0014722581348494998 -0.032442797532938515 -0.011932985525826979 -0.0014528185781244002 0.021227624332053698 0.014202458611068254 0.0067429076185875937 0.029588593869867903 0.0035026411090567258 -0.0057380199929309471 -0.010017073119218163 0.011406590994044109 -0.020826610907792642 0.0053715876174459335 -0.0026149186485894395 0.0099837569181081953 0.020718974350870032 -0.013490908612479409 0.0034214287715200326 0.016273564761951763 -0.0066025938855716441 0.017677612675816877 0.019295193206389807 -0.016940508890779044
leaf_weight=29.678702030330896 22.683590546250343 77.618668236769736 1065.7905541267246 42.303383003920317 103.93646172061563 63.699372044764459 30.474976524710655 34.944838027469814 50.886390977539122 88.427536095026881 61.580183098092675 43.202540025115013 163.47041348461062 42.211093254387379 49.487018808722496 83.583030305802822 234.89993753656745 42.110468044877052 10.680807041935621 200.10608453117311 668.84973436594009 81.63196799904108 78.624096793588251 102.71482818387449 118.73693836200982 43.333458703011274 32.867754906415939 103.20412322878838 6.1744873560965052 126.89424767158926
leaf_count=161 182 404 6429 272 679 392 186 201 446 617 296 189 779 148 373 375 1159 192 92 982 3566 432 402 610 721 259 178 620 35 787
internal_value=-3.96239e-05 -0.000165027 -0.00229208 0.000722771 0.00405062 0.00110323 -0.00782475 -0.0196974 0.0041611 -0.000431274 0.00200203 0.00358641 0.00114678 0.00823861 0.016864 0.00136586 -0.00233806 -0.00652246 0.00425465 0.00959775 -0.00310026 -0.00115107 0.0120467 -0.00868853 0.00630135 -0.00100593 0.00655488 0.0104343 -0.00942103 -0.0108733
internal_weight=3904.81 3882.12 1143.41 2738.71 703.012 520.451 129.119 65.4198 391.332 2035.7 1063.73 931.332 669.645 218.484 91.6981 126.786 451.162 277.01 174.151 261.686 971.978 750.482 182.561 132.394 349.029 127.088 76.2012 221.941 221.496 215.322
internal_count=22164 21982 6833 15149 4356 3275 779 387 2496 10793 5356 4585 3307 1085 521 564 2222 1351 871 1278 5437 3998 1081 771 2224 883 437 1341 1439 1404
is_linear=0
shrinkage=0.03


Tree=223
num_leaves=31
num_cat=0
split_feature=409 436 153 229 310 277 128 159 246 121 121 128 268 336 170 171 378 265 151 124 143 329 165 250 328 427 279 132 10 140
split_gain=7.98556 13.2282 16.0591 14.1897 13.602 17.3161 14.477 16.582 17.038 14.7864 14.1533 16.3997 14.0095 14.9843 13.0346 12.8985 12.7285 12.4972 15.9523 12.7138 13.615 14.0923 12.4269 12.4096 12.2969 11.9251 16.2211 11.8448 11.7679 11.5159
threshold=0.70900535583496105 0.56904762983322155 -0.097088064998388277 0.033678216859698303 -0.3977051824331283 -0.092357937246561037 0.58414176106452953 -0.014193410985171793 0.30609838664531713 1.28974986076355 2.0589157342910771 1.3017178773880007 -0.1638725399971008 -1.2950527071952818 -0.3678396195173263 -0.54748874902725209 0.72570532560348522 0.24700727313756946 0.086556505411863341 0.43490695953369146 2.0784941911697392 -0.22238989919424054 0.072718925774097457 -0.10006900131702422 -0.76831671595573414 0.53452381491661083 0.10331961512565614 1.6260192394256594 0.44998097419738775 1.6763197183609011
decision_type=2 2 2 2 2 2 2 2 2 2 2 2 2 2 2 2 2 2 2 2 2 2 2 2 2 2 2 2 2 2
left_child=1 4 3 -3 5 -1 12 8 -8 -9 15 -12 -7 -14 16 -6 -2 19 -19 -11 24 -22 -10 -20 -21 26 28 -26 -4 -29
right_child=14 2 25 -5 10 6 7 9 22 17 11 -13 13 -15 -16 -17 -18 18 23 20 21 -23 -24 -25 27 -27 -28 29 -30 -31
leaf_value=-0.0074963126528995406 -0.0092516143317828148 -0.0072771495733826739 -0.0031344846237261683 0.014893275942804426 -0.013492751195234564 0.014510376447090028 0.012102209534839151 -0.021444457387283886 -0.019189401819287487 -0.019147280317275885 -0.017526227127839241 -0.00088700598998002868 -0.025213489414406834 0.0049912974500980071 -0.0031128505848118564 0.00034991456952708098 0.011103218235077351 0.011963322916338837 0.008076631361885413 -0.010187768970430876 -0.021672011339698628 0.0068719267169337732 0.0092365277193942157 -0.018757045791811207 -0.013949326785025975 0.0048055842679360136 0.012194435841288447 0.02472843033972727 -0.022355146856027536 0.0037803770489191358
leaf_weight=137.7756596012041 29.847697770223022 25.488678868860006 93.271060083527118 167.94910204410553 59.019071313086897 169.36331713758409 170.92995090596378 26.106099144555628 25.985732294619083 38.401594515889883 104.4474626686424 106.38932565972209 10.360062527470289 92.126381785608828 1021.6739204786718 719.23701620288193 109.70740866661072 110.72630154155195 21.491610186174512 38.888822058215737 41.258933523669839 18.231975197792053 17.694701904430985 28.448078824207187 12.850412774831055 349.98058711923659 32.847499214112759 32.162862550467253 37.539256632328033 71.50748048350215
leaf_count=801 181 142 603 1020 553 813 859 189 115 208 567 572 83 445 6174 3879 565 519 103 168 218 97 88 127 61 2166 199 152 237 331
internal_value=0.000153471 0.00103366 0.00455145 0.0117674 -0.000183922 0.00215767 0.00364991 0.00117981 0.0078898 -0.00214126 -0.00271158 -0.0094765 0.00938197 0.000425272 -0.00192358 -0.000797393 0.00644418 -0.000562657 0.00580686 -0.0046906 -0.00153743 -0.0129638 -0.00778176 -0.00745148 0.00314218 0.00169203 -0.00482874 0.00800128 -0.00958186 0.0115272
internal_weight=3921.71 2760.48 707.076 193.438 2053.4 1064.31 926.534 654.685 214.61 440.074 989.093 210.837 271.85 102.486 1161.23 778.256 139.555 413.968 160.666 253.302 214.9 59.4909 43.6804 49.9397 155.41 513.638 163.658 116.521 130.81 103.67
internal_count=22235 15315 4367 1162 10948 5377 4576 3235 1062 2173 5571 1139 1341 528 6920 4432 746 1984 749 1235 1027 315 203 230 712 3205 1039 544 840 483
is_linear=0
shrinkage=0.03


Tree=224
num_leaves=31
num_cat=0
split_feature=189 172 304 184 236 156 189 250 349 238 120 251 111 309 186 330 265 408 162 264 327 2 162 112 162 146 245 279 130 131
split_gain=7.49288 10.6702 14.0471 12.6761 11.2277 10.5642 15.0174 13.6968 17.213 14.1643 12.1662 16.2856 14.2368 14.1877 12.7356 15.6638 15.6041 14.332 12.9093 13.1398 15.5341 13.5401 11.7825 11.1499 10.8054 10.4535 21.3894 16.8542 23.072 26.4511
threshold=-0.22067185491323468 -0.53600585460662831 -0.36192776262760157 -0.38414378464221949 0.13558480888605121 0.069983109831810011 -0.23302897065877912 0.14667601138353351 0.061674062162637718 0.21616498380899432 1.5593966245651247 0.73431032896041881 2.0516585111618046 -0.74824953079223622 -0.30426633358001703 0.88873538374900829 0.50908678770065319 0.22401433438062671 0.1217283457517624 0.065164715051651015 -1.0045869350433347 -0.024465798400342461 -0.31023734807968134 0.5169489085674287 -0.10391724482178687 -1.8108335733413694 0.3135798871517182 -0.040427193045616143 0.92740827798843395 1.6195830106735232
decision_type=2 2 2 2 2 2 2 2 2 2 2 2 2 2 2 2 2 2 2 2 2 2 2 2 2 2 2 2 2 2
left_child=1 2 -1 4 -4 6 10 9 -9 -7 14 12 23 -14 18 16 17 22 19 20 -3 -21 -16 -12 -19 26 27 28 -2 -30
right_child=25 5 3 -5 -6 7 -8 8 -10 -11 11 -13 13 -15 15 -17 -18 24 -20 21 -22 -23 -24 -25 -26 -27 -28 -29 29 -31
leaf_value=-0.019484743529399474 0.015016966968933679 -0.016358675968366723 0.012180160137726699 -0.010102855200587922 -0.012832687189039182 -0.021408675299234649 -0.014721548297120511 -0.012239558138826193 0.025872828369669958 0.010617196823100125 -0.0079244114152729906 0.025025581078710807 0.017983479935337412 -0.0083524986622674907 0.0037646239451008196 -0.021791584766804033 0.016828317316657074 -0.0067448633939386736 -0.013442040365279106 0.0097293558603888317 0.013650926900634427 -0.010782058832547436 -0.018693046342574082 0.016181956828905539 0.0066622855072270898 0.0015953680745182744 -0.014235112633035736 0.0086694694139941627 -0.038520158103449088 0.0016373765174394332
leaf_weight=59.171651652082801 19.077012211084366 10.985909864306448 56.879784144461155 88.187874644529074 14.972597895190118 61.381748867221177 48.639663979411125 15.854819361120464 13.316802758723496 10.22789032012224 16.447694893926382 31.675649736076593 15.521885421127079 94.537049159407616 24.466365202330053 34.976773587986827 27.875346403568983 95.399473169818521 28.041105904616416 42.723341674078256 154.40925496350974 62.217205969616771 75.549913948401809 78.504442233592272 107.55764544941485 2329.5031481329352 112.35096092149615 118.1688317656517 23.377435456961393 26.729923911392689
leaf_count=561 115 60 319 626 178 594 321 141 83 72 128 151 80 634 165 242 154 595 224 252 781 305 392 421 575 12400 743 582 122 137
internal_value=-1.05505e-07 -0.00188939 -0.00780422 -0.00278718 0.00615832 -0.000601471 0.000395376 -0.00950657 0.00650842 -0.0161628 0.00133033 0.00706905 0.00351045 -0.00369529 -0.000751403 -0.00447784 -0.0022028 -0.00432813 0.00378093 0.00589947 0.0110134 -0.00225144 -0.0132143 0.0116459 0.000295514 0.000910755 -0.00429125 0.00191574 -0.00921865 -0.0193393
internal_weight=3898.73 1269.52 219.212 160.04 71.8524 1050.31 949.529 100.781 29.1716 71.6096 900.889 236.687 205.011 110.059 664.202 365.826 330.849 302.973 298.377 270.336 165.395 104.941 100.016 94.9521 202.957 2629.21 299.704 187.353 69.1844 50.1074
internal_count=22153 8054 1684 1123 497 6370 5480 890 224 666 5159 1414 1263 714 3745 2123 1881 1727 1622 1398 841 557 557 549 1170 14099 1699 956 374 259
is_linear=0
shrinkage=0.03


Tree=225
num_leaves=31
num_cat=0
split_feature=372 165 372 250 248 452 128 229 229 166 352 146 293 228 337 310 7 128 334 10 155 128 267 444 185 342 350 158 87 314
split_gain=7.5225 7.84642 10.9593 15.3231 14.3374 15.838 18.9 11.0807 15.1358 22.8593 14.4113 12.8543 14.4605 12.695 12.5353 12.2481 12.2673 12.1352 11.2597 11.1941 12.8889 13.9952 12.1154 14.3843 12.0499 11.8897 10.9377 10.9357 10.5337 9.80258
threshold=2.5334955453872685 0.025242170318961147 -0.81340685486793507 0.010841774288564922 0.16363480687141421 0.8441295623779298 1.3734592199325564 0.18777077645063403 0.011019472498446705 0.12384062632918359 0.40826895833015447 -0.71853360533714283 -0.23018132150173184 0.59953638911247265 -0.87342193722724903 -0.10325317829847334 0.21273455768823626 0.26534385979175573 0.43826678395271307 0.40253517031669622 0.59564349055290233 2.3111379146575932 0.032031131908297546 0.23205128312110904 -0.260405883193016 0.63563740253448497 1.0209139585494997 0.024943172931671146 0.0073969890363514432 -0.64357009530067433
decision_type=2 2 2 2 2 2 2 2 2 2 2 2 2 2 2 2 2 2 2 2 2 2 2 2 2 2 2 2 2 2
left_child=1 2 3 26 5 6 -5 8 9 -4 19 12 17 -11 -12 -13 -17 -9 -14 22 21 24 -10 -24 -21 -26 -1 -16 -25 -19
right_child=-2 -3 7 4 -6 -7 -8 11 10 13 14 15 18 -15 27 16 -18 29 -20 20 -22 -23 23 28 25 -27 -28 -29 -30 -31
leaf_value=0.014299286817881117 -0.017338435688261999 0.0010281564203956318 0.021404952103007212 -0.031103635085336763 0.010044115297275757 0.01028861533038234 0.0043002904260626678 0.025304270311476147 0.0072287631313091103 -0.012382375324888164 0.0097314948386706974 -0.018577152015604111 -0.016221042723435122 0.0073588452751272154 -0.02520789884841888 -0.015999756470276329 0.0092783628740172978 -0.0051526288465763943 0.003832692514588757 0.00028587708244426065 0.013047129563000933 0.015540984939621931 0.010462272258888482 -0.024388889721074003 -0.022475528203010794 0.0049548847976284846 -0.0080821449313654131 -0.0016924868095880871 0.0079902824972711232 0.010682868434227839
leaf_weight=107.25116581097245 15.306413833051918 2694.699250550475 35.026521518826485 33.772104911506176 33.346683520823717 16.021391429007053 17.325902074575424 28.724201455712318 95.81604865193367 64.73646330088377 9.4135728254914266 43.974475644528866 37.36748980730772 42.888266768306494 82.217917218804359 18.743738606572151 45.351545535027981 48.64863084256649 52.183990843594074 35.113579023629427 13.641192927956579 8.9106854945421201 17.581756204366684 34.095663864165545 104.98331563919783 13.013328872621058 18.343938264995813 24.781642228364944 7.3501124531030646 90.781920939683914
leaf_count=557 234 15932 264 175 175 72 89 120 484 299 38 206 194 197 414 91 213 228 250 159 67 35 79 172 538 72 90 126 53 493
internal_value=2.98487e-05 0.000132271 -0.00189636 0.00393858 -0.00455909 -0.0122194 -0.0198467 -0.00330658 -0.00582989 0.00252873 -0.00851885 0.000765498 0.00441613 -0.00445495 -0.0173649 -0.00758772 0.00089096 0.00948778 -0.00499581 -0.00507638 -0.0101121 -0.0125837 0.000761833 -0.00923002 -0.014894 -0.0192583 0.0106971 -0.0202921 -0.0181051 0.00510382
internal_weight=3891.41 3876.11 1181.41 226.061 100.466 67.1194 51.098 955.346 589.57 142.651 446.919 365.776 257.706 107.625 116.413 108.07 64.0953 168.155 89.5515 330.506 175.662 162.021 154.844 59.0275 153.11 117.997 125.595 107 41.4458 139.431
internal_count=22116 21882 5950 1158 511 336 264 4792 2997 760 2237 1795 1285 496 578 510 304 841 444 1659 871 804 788 304 769 610 647 540 225 721
is_linear=0
shrinkage=0.03


Tree=226
num_leaves=31
num_cat=0
split_feature=156 21 22 335 159 266 155 432 401 264 7 237 169 264 229 317 230 82 18 157 125 77 327 271 157 190 234 349 335 186
split_gain=8.2141 8.05106 8.7504 7.89952 10.5002 9.04503 7.75708 8.8997 7.73281 9.87279 7.69999 15.4529 19.9847 14.4602 11.7804 11.3053 12.4516 11.5056 13.9677 16.7317 11.2502 12.652 11.2413 10.8579 16.2743 17.3653 17.1628 33.4874 12.5491 12.1236
threshold=-0.29235461354255671 1.4277270436286928 1.5119326114654543 -1.3664330244064329 0.0015054093673825266 0.010123100131750109 0.84879517555236828 0.039230769500136382 0.093073595315217986 -0.23118419945240018 0.25035411119461065 0.77500006556510936 -0.31107313930988306 0.069364137947559371 0.10686723887920381 -0.72272899746894825 0.98905643820762645 0.014008388388901951 0.46720869839191442 -0.084408819675445543 1.674953877925873 0.57129293680191051 -1.3639954328536985 0.19999995827674868 -0.44165818393230433 1.0000000180025095e-35 0.70903676748275768 1.1556672453880312 -0.57851755619049061 -0.17960531264543531
decision_type=2 2 2 2 2 2 2 2 2 2 2 2 2 2 2 2 2 2 2 2 2 2 2 2 2 2 2 2 2 2
left_child=-1 2 3 4 6 8 7 -2 9 -6 15 12 -12 -14 -13 16 17 22 20 -20 21 -19 -5 -17 29 26 27 28 -26 -25
right_child=1 -3 -4 10 5 -7 -8 -9 -10 -11 11 14 13 -15 -16 23 -18 18 19 -21 -22 -23 -24 24 25 -27 -28 -29 -30 -31
leaf_value=-0.018060079244789227 -0.0028391615594945052 0.015765236917001737 -0.016305971311165773 -0.013446145119470012 0.014842587485815111 -0.010738411302598484 0.007617137384872472 -0.024690997281110766 0.016825018139516396 -0.01963554652254627 -0.026062289229481238 -0.0084564340546615172 -0.010706709848352088 0.020705878446086203 0.012247219434663534 -0.00039783438792770402 -0.016234255038124555 -0.027909552995461454 -0.0073981086921088186 0.019649328210092028 0.0046731838800464108 0.0078228194739553576 0.014880368691826365 0.038751719093718121 -0.0014183767462622816 -0.017287094790114133 -0.0010777395671516001 -0.022246398564192669 0.023194045816266388 -0.0014599277940685231
leaf_weight=15.434894193429498 30.627894366160035 22.470081254839897 22.305564045906067 7.9643185194581738 6.3549877153709557 25.778072562068701 9.1883621234446746 41.301340203732252 31.297587985172868 10.292166031897066 46.69904770096764 37.108195723965764 27.751981417648494 14.216192104388027 49.374971339479089 2845.7400834788568 14.298206795006989 25.611513040959835 28.31139899790287 45.505590848624706 26.746726501733065 8.1875215843319875 152.14009820111096 14.17395723052323 20.920696981716901 26.843560921959579 163.55765563994646 14.657572183758019 94.51779174618423 8.468065317720173
leaf_count=316 215 184 103 43 31 156 49 247 149 79 265 205 165 76 249 16354 86 150 130 213 135 33 726 58 118 145 807 74 494 69
internal_value=3.66854e-05 0.000143981 2.16382e-05 0.000149118 -0.00633387 0.0017412 -0.0133473 -0.0165964 0.00915536 -0.00553211 0.000436815 -0.00557156 -0.0139264 0.00115831 0.00328336 0.000751217 0.00616722 0.00764148 0.000967745 0.00940349 -0.00907028 -0.0191393 0.0129042 0.000211165 0.00519872 0.00312164 0.00538123 0.0132185 0.0188217 0.0265652
internal_weight=3887.85 3872.41 3849.94 3827.64 154.84 73.7228 81.1176 71.9292 47.9447 16.6472 3672.8 175.15 88.6672 41.9682 86.4832 3497.64 308.765 294.467 134.363 73.817 60.5458 33.799 160.104 3188.88 343.139 320.497 293.654 130.096 115.438 22.642
internal_count=22124 21808 21624 21521 926 415 511 462 259 110 20595 960 506 241 454 19635 1516 1430 661 343 318 183 769 18119 1765 1638 1493 686 612 127
is_linear=0
shrinkage=0.03


Tree=227
num_leaves=31
num_cat=0
split_feature=107 170 157 164 21 247 268 271 336 243 231 368 352 264 279 161 22 268 22 170 2 2 327 159 243 248 237 157 244 248
split_gain=8.09 7.8846 7.72126 7.70374 7.60912 17.4779 19.5387 17.4973 18.2697 21.6545 19.0075 18.123 16.977 14.3879 14.2076 19.7565 18.2037 13.659 11.9081 11.2554 11.835 11.2045 10.7898 10.7742 10.4872 10.8862 10.278 10.0029 24.2821 24.3055
threshold=2.3373893499374394 -0.32163377106189722 0.51828292012214672 0.14065127074718478 1.0000000180025095e-35 0.07228685170412065 -0.29531449079513544 0.049999982118606574 -0.14421494305133817 -0.015982716344296929 0.2817427814006806 0.43853238224983221 -0.29835426807403559 0.11802950128912927 -0.019093066453933712 0.0059909019619226464 1.4439237713813784 -0.15499942004680631 0.35638883709907537 -0.32303830981254572 -0.21053867787122724 -0.013643769081681965 -0.24152895808219907 -0.0088127879425883276 0.00072101282421499502 0.089637011289596571 0.6875000298023225 0.19099289923906329 -0.0065008662641048423 0.23768977075815204
decision_type=2 2 2 2 2 2 2 2 2 2 2 2 2 2 2 2 2 2 2 2 2 2 2 2 2 2 2 2 2 2
left_child=2 -2 4 -3 27 6 26 8 9 22 11 14 -7 19 17 16 -16 -10 23 -9 -21 -22 -8 -11 25 -23 -6 -1 -29 -30
right_child=1 3 -4 -5 5 12 7 13 10 18 -12 -13 -14 -15 15 -17 -18 -19 -20 20 21 24 -24 -25 -26 -27 -28 28 29 -31
leaf_value=0.0005844986040178696 0.005821593323633913 0.0058489506756467897 -0.017597852194892384 -0.021194919744755247 -0.016677793780216187 -0.010557399893979885 -0.0094920932897448948 0.0074344052614482127 -0.011738765026358903 -0.020286613168380849 0.01245936531685613 0.021778490037801898 0.012012259933388466 -0.030216070430384247 -0.028549579113081616 0.014101689129358667 0.0095933308686415551 0.015688819780912151 -0.027886231709741999 0.0073964191022107767 -0.026354389328985098 0.0021649442485925448 0.018737530533114225 0.0092169106046416909 0.01003029075956369 -0.022705947952708274 0.011292079243812949 -0.01170896632789541 0.020782367427877192 -0.012132323039425132
leaf_weight=2883.3685374832712 15.708799587562678 8.0740297064185125 14.784533790312706 37.222486872226 7.0367983654141417 33.172051124274731 15.637533180415629 25.595454163849354 23.052014201879501 12.384748365730049 93.183999750763178 13.805872939527033 116.63072983920574 32.974303387105465 54.985028404742479 11.081604354083536 9.6882840842008573 28.858942106366158 50.889263838529587 18.578800264745951 47.506305396556854 23.105212606489658 20.254659857600927 19.263567052781582 17.768858924508095 33.202559009194374 83.600475877523422 35.359621080569923 97.220666200388223 19.701010272838175
leaf_count=16383 104 44 354 247 35 189 83 137 128 80 480 58 523 154 262 47 63 120 247 81 216 99 76 95 84 164 383 348 723 216
internal_value=2.06977e-05 -0.0102334 0.000204527 -0.016036 0.00030802 -0.00229364 -0.00445633 -0.00659097 -0.0024483 -0.0117172 0.00239014 -0.00444622 0.00669932 -0.0135665 -0.00834479 -0.0161147 -0.0223103 0.00338326 -0.0197179 -0.00910343 -0.0124048 -0.0157502 0.00665173 -0.00364005 -0.0071318 -0.0132237 0.00797303 0.000994178 0.00831874 0.0147796
internal_weight=3903.7 61.0053 3842.69 45.2965 3827.91 792.257 642.454 551.817 353.086 118.43 234.656 141.472 149.803 198.731 127.666 75.7549 64.6733 51.911 82.5376 165.757 140.162 121.583 35.8922 31.6483 74.0766 56.3078 90.6373 3035.65 152.281 116.922
internal_count=22223 395 21828 291 21474 3804 3092 2674 1739 581 1158 678 712 935 620 372 325 248 422 781 644 563 159 175 347 263 418 17670 1287 939
is_linear=0
shrinkage=0.03


Tree=228
num_leaves=31
num_cat=0
split_feature=156 182 263 364 157 254 162 280 232 130 162 166 244 176 156 153 177 460 160 279 247 154 78 170 137 281 185 161 136 281
split_gain=6.81187 6.85466 13.909 11.5859 11.061 20.0031 13.7586 19.5049 17.1095 11.8409 11.5329 10.9774 11.2681 10.4984 11.2194 10.469 10.345 9.871 8.20537 22.6693 29.1427 26.1647 21.4528 20.5694 20.2697 16.5693 16.0301 15.5652 14.948 11.9959
threshold=-0.29235461354255671 -0.33757269382476801 0.078151430934667601 -0.55653908848762501 -0.41688750684261316 0.87500000000000011 0.10805713385343553 0.22815814614295962 -0.02773967012763023 2.0566884279251103 0.29189777374267584 0.21543985605239871 -1.0000000180025095e-35 -1.184193432331085 0.037656180560588844 -0.14487025141716001 0.50435361266136181 0.50806450843811046 0.32314863801002508 0.015301465988159181 -0.06447515636682509 -0.068286079913377748 0.0046384786255657682 -0.260405883193016 1.6388302445411684 0.44168518483638769 -0.26727972924709315 -0.0057167699560523024 1.3764092922210696 0.14907022565603259
decision_type=2 2 2 2 2 2 2 2 2 2 2 2 2 2 2 2 2 2 2 2 2 2 2 2 2 2 2 2 2 2
left_child=-1 2 16 -4 5 -5 7 13 10 -7 -8 -9 -13 -6 -15 -10 -2 -16 29 20 28 24 25 -23 -21 -22 -25 -26 -20 -3
right_child=1 18 3 4 6 9 8 11 15 -11 -12 12 -14 14 17 -17 -18 -19 19 21 22 23 -24 26 27 -27 -28 -29 -30 -31
leaf_value=-0.017050127328054842 0.015325707360129144 0.0025853404082205713 -0.019694714851552143 -0.011787917941543304 0.0064413145166986787 0.030061247836181849 0.028827215325987643 0.020722509969008568 0.010726083585745607 -0.002294573938746782 -0.0084820346112398793 0.0092840133275970786 -0.019124650726587804 -0.017145931796361074 -0.013659002386091589 -0.021919473385198261 -0.0091848769902646548 0.014382942401103105 -8.6814457063402818e-05 0.015091766483212426 -0.0080946534930601485 -0.010775251494234786 -0.020465911069548131 -0.0087358549111740489 0.0066176012020524059 0.017851192068009142 0.014826515560979373 -0.02349033144404282 0.029637900860373299 -0.0017196635597900984
leaf_weight=14.14309719763696 49.530642359517515 1867.5099763544276 38.229777733329684 23.308354729786515 19.915463667362928 24.345362493768334 23.611697707325224 21.245372273027897 8.8751930892467517 12.845029167830942 5.8283819407224646 21.742255009710789 15.351009467616676 172.73153937235475 13.702602142468097 14.789323298260568 15.457444682717322 17.772649727761745 43.491252898238599 16.724687344394624 109.1431757742539 37.739113523624837 133.83713487535715 24.825971717014909 16.167057514190674 20.382023273035884 182.15410904306918 58.396317090839148 15.834431201219557 836.47744243312627
leaf_count=304 321 9957 814 244 117 112 108 84 58 120 71 115 107 942 118 117 67 94 248 81 581 220 815 137 92 99 949 306 64 4625
internal_value=-6.75895e-05 2.2625e-05 -0.00322936 -0.00520078 -0.00345797 0.00768122 -0.00561281 -0.00825349 0.00758357 0.0200551 0.0209423 0.00650003 -0.00340441 -0.0122198 -0.0142426 -0.00967998 0.00902376 0.00163811 0.000514293 -0.00246621 -0.00807223 0.00294183 -0.0123305 0.0080383 -0.0102131 -0.00322898 0.011758 -0.0168258 0.00997926 0.00124871
internal_weight=3876.11 3861.96 499.282 434.294 396.064 60.4987 335.565 282.461 53.1046 37.1904 29.4401 58.3386 37.0933 224.122 204.207 23.6645 64.9881 31.4753 3362.68 658.695 322.688 336.007 263.362 244.719 91.2881 129.525 206.98 74.5634 59.3257 2703.99
internal_count=22087 21783 3609 3221 2407 476 1931 1577 354 232 179 306 222 1271 1154 175 388 212 18174 3592 1807 1785 1495 1306 479 680 1086 398 312 14582
is_linear=0
shrinkage=0.03


Tree=229
num_leaves=31
num_cat=0
split_feature=346 355 251 82 160 277 247 401 127 124 278 267 329 461 336 108 90 231 1 263 233 3 233 283 282 282 18 245 177 264
split_gain=7.15892 14.4664 11.5308 11.0825 15.5017 13.6219 13.4969 10.4781 9.93163 23.1034 25.2538 18.1141 14.5391 14.4443 14.114 14.2624 13.9098 13.8074 14.0804 22.143 21.6224 25.1632 19.8111 19.8048 16.7937 28.1243 24.5501 25.3222 23.0947 18.4569
threshold=-1.1149943470954893 -1.3545100092887876 0.42387831211090093 0.00018570501561043787 1.0000000180025095e-35 0.03515805862843991 -0.079265974462032304 0.098387096077203764 0.17232596129179004 0.59993463754653942 -0.039231982082128518 0.082657132297754302 -0.86918601393699635 0.085144929587841048 -0.87090975046157826 0.046087253838777549 0.0031236784998327498 0.99557733535766613 0.12447045743465425 0.17489938437938693 -0.086703728884458528 0.21555813401937488 0.1258407533168793 -0.44314917922019953 -0.26385025680065149 0.038197264075279243 0.53458327054977428 0.30334450304508215 -0.78373727202415455 -0.070656485855579362
decision_type=2 2 2 2 2 2 2 2 2 2 2 2 2 2 2 2 2 2 2 2 2 2 2 2 2 2 2 2 2 2
left_child=3 2 -2 -1 5 6 -5 -6 9 17 -11 -10 -13 -14 -12 -16 -15 18 22 20 -20 -22 24 -21 -3 28 -27 -28 -26 -30
right_child=1 8 -4 4 7 -7 -8 -9 11 10 14 12 13 16 15 -17 -18 -19 19 23 21 -23 -24 -25 25 26 27 -29 29 -31
leaf_value=-0.0041332511355881901 0.00077024929065668197 -0.011744817427043124 -0.018891090135639273 -0.0037368439637288659 0.011039651547336051 -0.0031327146997429827 0.023755239465867394 -0.011238673805077263 -0.00029231524780149088 -0.0079985000255048712 -0.006066154728558629 0.0094816477441846004 0.0060574561318919844 0.012919612300129944 0.025053899645569727 -0.00027173936845197868 -0.014051907569649422 0.0076740972383348947 0.011283100336375093 -0.016218598112750764 0.0071922525362960784 -0.026452316882661295 0.0074965406427877201 0.012329444838168542 -0.017711909912019909 -0.0012072043102747466 -0.022357390826858097 0.020030969119840623 -0.0041623175383562853 0.014074803964042716
leaf_weight=89.314977864269167 41.798895165324211 213.93143629096448 61.109673662111163 16.680898842401803 23.236420624889433 28.953340027481318 82.967145873233676 44.137700986117125 1534.3075530305505 42.051897797733545 16.939062692224979 32.787000719457865 39.005982173606753 12.68744017742574 102.37048254907131 23.313686629757285 254.59199201874435 185.71267634630203 35.895513327792287 18.012766017578542 26.426455236971378 49.761097334325314 134.06786921806633 207.01638149935752 27.32393853738904 200.49583911336958 109.46549016982317 8.54035986214876 66.43250185996294 159.49224528111517
leaf_count=807 399 1165 461 105 116 190 389 311 8448 252 78 174 260 71 518 154 1588 1035 177 160 107 259 693 1095 300 1137 519 57 326 844
internal_value=-0.00018238 -0.000550215 -0.0112692 0.00432978 0.00824803 0.0141228 0.0191115 -0.00309813 -0.000210254 0.00149741 0.011284 -0.0016992 -0.00790033 -0.00996482 0.0171477 0.0205105 -0.0124363 0.000188869 -0.000945211 0.0042311 -0.00634899 -0.0150329 -0.00287142 0.00957867 -0.00470442 -0.00194179 -0.00781276 -0.0182558 0.00541311 0.00870322
internal_weight=3888.83 3603.54 102.909 285.29 195.976 128.601 99.648 67.3741 3500.63 1627.25 184.675 1873.38 339.072 306.285 142.623 125.684 267.279 1442.57 1256.86 337.112 112.083 76.1876 919.75 225.029 785.682 571.75 318.502 118.006 253.249 225.925
internal_count=22195 20277 860 1918 1111 684 494 427 19417 8876 1002 10541 2093 1919 750 672 1659 7874 6839 1798 543 366 5041 1255 4348 3183 1713 576 1470 1170
is_linear=0
shrinkage=0.03


Tree=230
num_leaves=31
num_cat=0
split_feature=340 229 6 125 129 387 136 123 357 457 283 157 161 327 377 280 265 268 128 7 3 288 131 363 237 260 126 178 195 63
split_gain=8.52636 6.68667 16.6223 25.0238 20.0833 15.0891 14.8835 29.2223 17.3186 13.1923 14.9275 10.9527 10.2368 10.916 11.6758 11.5938 10.0446 9.65199 8.81908 10.1593 8.71984 8.667 8.32833 10.9751 10.0154 8.65626 8.26752 8.24599 15.5191 9.84046
threshold=-2.0546741485595699 0.79415625333786022 0.12876094877719882 0.11236602067947389 0.0028519103070721035 0.77598565816879284 0.46524260938167578 0.78876331448555004 0.068260733038187041 0.70185184478759777 -0.33759242296218867 -0.099572282284498201 -0.005877449642866849 1.0000000180025095e-35 0.50806450843811046 0.26400876045227056 0.039215479046106345 -0.21988838911056516 0.62915796041488659 0.21972546726465228 0.34418459236621862 -0.39694890379905695 3.4491488933563237 0.78214335441589367 0.73750004172325145 0.01237767841666937 0.4289498925209046 -0.4009398072957992 0.30217391252517706 6.6428852002475848e-11
decision_type=2 2 2 2 2 2 2 2 2 2 2 2 2 2 2 2 2 2 2 2 2 2 2 2 2 2 2 2 2 2
left_child=-1 22 3 5 -5 21 12 9 11 18 -11 -9 16 14 20 -15 -6 -10 19 -8 -14 -3 27 -24 -25 -26 -12 28 29 -2
right_child=1 2 -4 4 6 -7 7 8 17 10 26 -13 13 15 -16 -17 -18 -19 -20 -21 -22 -23 23 24 25 -27 -28 -29 -30 -31
leaf_value=-0.012292203592757088 -0.012625399458342318 -0.0039440569673071342 -0.025938223053967827 -0.031055631393027104 -0.023422480426909326 -0.013047928944103674 -0.0088890415497278972 0.0062243895783586278 -0.0030850396739195438 0 -0.040711587589538245 -0.027620517491669928 0.017569650847881129 0.024562886253833509 -0.013876475133477171 -0.0039759994928617462 0.0080483910687991853 0.021849401499954547 -0.016052327849936526 0.018981738462263521 -0.010976905288184863 0.030147752697373558 0.0019208005276888998 0.0075572539513587486 -0.035033951366420756 -0.002275065478365988 -0.00081434570983231756 0.00058451846141826266 0.014475042555706592 0.0096247296678300103
leaf_weight=42.446818654425442 38.306962979026139 5.6777750877663484 20.396936018019915 16.981060597579926 13.827038666233422 6.820799463428556 19.562992641702294 11.306544333696367 16.784048836678267 13.984395114704965 32.030243711546063 11.721546549350021 26.525464911013842 41.104579567909241 25.49308873526752 14.272792799398301 10.770051919855176 39.320958785712719 34.112583309412003 14.206350056454538 7.585710738785564 31.850670226383954 43.165022276341915 6.8015083968639365 18.934927536174659 12.518175715580581 6.2558807656168929 3167.5437413752079 98.376041380222887 22.703063106164336
leaf_count=395 269 70 142 191 84 71 105 64 88 105 192 63 110 157 152 61 57 192 171 77 53 217 217 33 169 133 33 17672 614 122
internal_value=8.19321e-05 0.000244027 -0.00328899 -0.00168277 -0.0044527 0.0179151 -0.00248766 -0.00765994 0.0060959 -0.016639 -0.0271915 -0.0130761 0.00483864 0.00864099 -0.000329781 0.0174183 -0.0105801 0.014709 -0.00659089 0.00382429 0.0101779 0.0249449 0.000688925 -0.0083901 -0.018754 -0.0250567 -0.0355579 0.000931414 0.00744767 -0.00405285
internal_weight=3871.39 3828.94 420.592 400.195 355.845 44.3492 338.864 199.286 79.1331 120.152 52.2705 23.0281 139.579 114.982 59.6043 55.3774 24.5971 56.105 67.8819 33.7693 34.1112 37.5284 3408.35 81.4196 38.2546 31.4531 38.2861 3326.93 159.386 61.01
internal_count=22079 21684 2455 2313 1955 358 1764 1090 407 683 330 127 674 533 315 218 141 280 353 182 163 287 19229 552 335 302 225 18677 1005 391
is_linear=0
shrinkage=0.03


Tree=231
num_leaves=31
num_cat=0
split_feature=346 244 103 233 130 128 282 246 158 351 149 248 107 116 267 266 267 369 229 453 129 268 58 351 81 130 143 171 233 329
split_gain=9.03166 15.9799 21.1076 17.627 17.2296 18.7552 16.5794 16.5045 13.8643 18.1479 15.5527 20.4629 18.7474 19.9611 16.0532 14.6965 24.9685 15.7754 15.2176 15.7012 14.9573 18.3422 13.9265 13.7277 13.0516 12.8725 18.2289 20.4045 13.9638 13.059
threshold=0.23180247843265536 0.033685920760035522 0.28085197508335119 -0.10635346174240111 0.92740827798843395 1.2516953945159914 0.2439583167433739 0.16005571186542514 0.0067849433980882176 0.43032447993755346 -1.465309143066406 0.11504415050148965 0.93254426121711742 0.43172307312488561 -0.081348046660423265 0.084093187004327788 -0.0039851590991020194 0.49953779578208929 0.17826251685619357 0.41801074147224432 0.029749568551778797 -0.15303654968738553 1.0000000180025095e-35 0.53071442246437084 9.0428986254664789e-07 2.4384903907775883 1.6667684316635134 -0.39727222919464106 -0.055304633453488343 -0.89374244213104237
decision_type=2 2 2 2 2 2 2 2 2 2 2 2 2 2 2 2 2 2 2 2 2 2 2 2 2 2 2 2 2 2
left_child=-1 3 -3 4 -2 -6 -7 -8 15 -10 -11 22 13 -13 -15 17 -17 18 20 -20 21 -5 24 -22 -12 26 28 -28 -19 -30
right_child=1 2 -4 8 5 6 7 -9 9 10 11 12 -14 14 -16 16 -18 25 19 -21 23 -23 -24 -25 -26 -27 27 -29 29 -31
leaf_value=0.00082939666524738586 0.013687439637686543 -0.011851808274876238 0.027075179779504414 -0.0097456410693210326 -0.027899152812899945 -0.017330976429636859 -0.017694689338032688 0.014883255217483972 -0.015180724737492322 0.0075077542964026994 0.0090819943962307439 0.01395649503325754 0.017445865546304774 0.013692111047913401 -0.020168841309331303 -0.024572230753370807 0.0094586418502226131 -0.0064952665933993275 -0.017150845845558562 0.0097860598420434642 0.0016586624464606401 0.019727317939290369 0.014768279757215308 -0.015111568543515986 -0.023228987153269091 0.025056242799158562 0.015383489105718814 -0.022729418252519177 -0.013150488239168283 0.020475629937371932
leaf_weight=2547.2252080794424 15.975673560053108 13.810704477131365 29.127131074666977 28.143142918124795 54.603326428681612 51.307389196008444 13.278720667585729 38.91664732247591 118.51289220154285 104.7694696392864 8.6598241180181486 26.173410762101412 38.804887415841222 10.073647551238535 56.961887443438172 40.732036070898175 27.161188252270222 24.866325590759516 15.595342630520461 145.93682234734297 63.652325004339218 35.295333845540881 6.5349250584840766 119.77749913372099 79.71316634491086 33.955912284553051 13.235604763031004 28.892868764698505 6.5879578981548539 81.356446165591478
leaf_count=14720 71 89 131 174 326 307 110 203 706 629 34 111 202 47 325 257 177 114 113 851 360 178 33 673 428 151 57 160 34 366
internal_value=-0.000214319 -0.00221138 0.014438 -0.00284884 -0.0115426 -0.0146278 -0.00620763 0.00530554 -0.0014191 -0.00544737 -0.00169678 -0.00608888 0.00155616 -0.00571085 -0.0141251 0.00131998 -0.0112061 0.00287449 -0.000450452 0.00651875 -0.00510594 0.00683406 -0.0162024 -0.00938991 -0.0195185 0.00987598 0.00554502 -0.0100559 0.0117058 0.0170623
internal_weight=3879.64 1332.41 42.9378 1289.47 174.082 158.106 103.503 52.1954 1115.39 450.204 331.691 226.922 132.014 93.2089 67.0355 665.189 67.8932 597.296 408.4 161.532 246.868 63.4385 94.9079 183.43 88.373 188.895 154.939 42.1285 112.811 87.9444
internal_count=22137 7417 220 7197 1017 946 620 313 6180 2515 1809 1180 685 483 372 3665 434 3231 2349 964 1385 352 495 1033 462 882 731 217 514 400
is_linear=0
shrinkage=0.03


Tree=232
num_leaves=31
num_cat=0
split_feature=176 248 217 244 104 244 323 420 233 289 267 362 75 266 271 283 166 167 383 295 231 433 250 123 346 352 278 189 146 348
split_gain=7.45338 13.5728 11.4602 15.983 20.207 17.0064 15.9459 15.7904 15.2381 15.1543 12.2329 11.8485 11.727 11.3451 11.65 11.314 10.762 9.29079 9.79069 10.0333 9.18307 9.16783 12.3175 13.3235 12.9109 15.7434 16.0078 13.4044 11.6485 11.1301
threshold=1.2823504209518435 0.23768977075815204 0.42082132399082189 -0.0035590850748121734 0.12448145076632501 0.005498341517522932 -0.55967015027999867 0.57979625463485729 -0.019685643725097176 -0.1830058619379997 0.10502684116363527 0.70673784613609325 1.9236829906787993e-09 0.21831687539815905 0.099999934434890761 -0.1796842738986015 0.2438086345791817 -0.55148032307624806 0.12701612710952762 2.3997747898101811 0.93449658155441295 0.43095238506793981 0.30371563136577612 0.17319834232330325 -0.55427709221839894 -0.47596083581447596 0.044188752770423896 -0.19611614197492597 -1.6224285960197447 0.31252965331077581
decision_type=2 2 2 2 2 2 2 2 2 2 2 2 2 2 2 2 2 2 2 2 2 2 2 2 2 2 2 2 2 2
left_child=17 2 3 11 5 10 -7 8 -6 -4 12 -2 -5 14 -3 -16 -9 18 -1 20 -20 22 24 -24 -19 -26 27 -27 -23 -28
right_child=1 13 9 4 7 6 -8 16 -10 -11 -12 -13 -14 -15 15 -17 -18 21 19 -21 -22 28 23 -25 25 26 29 -29 -30 -31
leaf_value=0.0043385187636927145 0.016935098550947793 0.018702940438360897 -0.013470574872120229 0.0020400392471777791 0.022165200653268536 -0.019926333613457428 0.017662794842791197 0.0094925381408379386 -0.010922027364244521 0.0070733312706060814 0.0070183200777145576 -0.013250826497143415 -0.034680219030506991 -0.014121720552219179 0.010314266605849278 -0.018277071915211739 -0.019340643803520453 0.0022184031585877821 -0.0058202568678726854 0.0096868615261595029 0.0014851688221443555 -0.0026571588239888027 -0.012209525573678343 0.024473708076429856 -0.014321554781586874 -0.0076923391410206356 -0.0040112633755266178 0.0037608022857411444 0.00418257122723544 -0.023810143447206781
leaf_weight=143.04204702423885 83.164223808795214 92.552153296768665 90.268723655492067 8.1390434354543668 51.810090214014053 8.9279141947627085 21.256001614034176 13.996132902801035 10.851704411208628 42.315302632749081 7.4996687471866599 7.8014588579535475 33.174625433981419 9.043006554245947 25.954525098204613 13.002157874405382 20.550756260752678 374.8952342835255 821.12177732214332 40.298413805663586 184.77002345491201 299.93088859505951 7.1200609495863345 24.175921930000186 118.0987635999918 124.7831843085587 68.647090449929237 296.95415482856333 820.15651505999267 39.325200341641903
leaf_count=874 417 455 453 55 208 42 105 73 53 223 28 38 151 42 144 63 103 2469 4794 225 1063 2012 64 131 706 710 362 1384 4657 200
internal_value=-0.000183243 0.0030607 0.000160937 0.00374548 -0.00154419 -0.0123018 0.00460401 0.00733641 0.0157627 -0.00681269 -0.0222101 0.0134773 -0.0279813 0.0108381 0.0132572 -0.000330292 -0.00777538 -0.000712763 -0.00283761 -0.00385106 -0.00446698 0.000450095 -0.00154701 0.0151476 -0.00216759 -0.00471843 -0.00239899 0.000277304 0.00233662 -0.0123243
internal_weight=3903.63 540.307 399.756 267.172 176.206 78.9973 30.1839 97.2087 62.6618 132.584 48.8133 90.9657 41.3137 140.552 131.509 38.9567 34.5469 3363.32 1189.23 1046.19 1005.89 2174.09 1054 31.296 1022.7 647.808 529.71 421.737 1120.09 107.972
internal_count=22304 2653 1949 1273 818 381 147 437 261 676 234 455 206 704 662 207 176 19651 6956 6082 5857 12695 6026 195 5831 3362 2656 2094 6669 562
is_linear=0
shrinkage=0.03


Tree=233
num_leaves=31
num_cat=0
split_feature=416 253 271 160 153 268 154 80 428 265 352 271 1 158 153 325 358 364 234 361 334 249 250 277 136 136 372 164 176 266
split_gain=7.03702 15.0563 14.2567 14.2863 20.8256 19.421 20.7796 18.4428 13.4323 16.6083 16.246 19.023 17.0821 14.9179 17.0007 16.6238 14.4555 16.1835 14.134 13.5792 13.8189 13.2248 14.3539 14.7553 14.2529 14.756 13.1568 13.6706 12.7296 12.5606
threshold=0.61200717091560375 0.17392787337303164 0.05000004172325135 0.39355289936065679 0.2391573712229729 -0.12918564677238462 0.11132005229592325 1.0103403031737348e-12 0.77346038818359386 -0.09750781953334807 -0.4930588155984878 -0.049999997019767754 0.43063506484031683 -0.025923750363290306 0.1907034516334534 -0.55448454618453968 0.073672041296958937 0.45352393388748174 0.76579296588897716 0.55909013748168956 0.44950960576534277 -0.19803119450807569 0.018520462326705459 -0.043512471020221703 1.2303085923194887 0.015581635292619469 -1.1894673705101011 0.1035347953438759 -0.50327423214912403 -0.13928405940532682
decision_type=2 2 2 2 2 2 2 2 2 2 2 2 2 2 2 2 2 2 2 2 2 2 2 2 2 2 2 2 2 2
left_child=1 2 8 5 7 21 -7 -5 9 -1 12 16 -11 19 15 -15 18 -18 -12 20 -13 -4 24 -24 25 -23 -3 -28 -17 -20
right_child=-2 26 3 4 -6 6 -8 -9 -10 10 11 13 -14 14 -16 28 17 -19 29 -21 -22 22 23 -25 -26 -27 27 -29 -30 -31
leaf_value=0.0055877712723572054 -0.0015541188385354882 0.017003374884299528 -0.0087064848781502387 0.0055278190592359302 0.024944948679342646 -0.008621724785164625 0.01487616335234062 -0.018036765137086793 0.0088089519619517966 0.0040223647423939524 -0.00026651929146506579 -0.013734835955836253 -0.021649005289426853 -0.02880341181607822 0.00083361010198251112 0.0070095461755182971 0.013606470199354541 -0.0048797001448606693 0.0055615954356992951 0.015743096798093728 0.013987484179350442 -0.0020540522541905594 -0.0081435352315781719 0.010667407303296418 -0.00052590556012064931 0.024035010309976335 0.012987780330049138 -0.012296620806333295 -0.01519107683068013 -0.023981286865733944
leaf_weight=282.35541631793603 1529.9718435602263 12.037409806624053 23.684689741581678 46.175576218869537 12.791632406413553 107.60659709060565 41.023357404395938 64.082840556278825 138.0028584189713 364.21723493561149 140.37322462163866 57.373164488002658 17.875708234962076 75.947559024207294 50.839601323008537 25.914602320641279 96.068612691015005 66.742878764867783 13.462797796353696 26.12596096470952 15.054087575525044 20.242496150545776 45.782557631842792 125.98285417817533 31.565505668520927 150.24885350465775 15.705017469823359 153.34555013338104 83.264199487864971 45.465729223564267
leaf_count=1430 8943 83 132 218 54 594 210 350 775 2044 767 291 403 387 237 137 453 370 64 112 62 111 256 625 173 763 89 1279 441 289
internal_value=2.23839e-05 0.00105507 0.00176013 0.00537672 -0.00364059 0.00744775 -0.00169121 -0.00833765 0.000121229 -0.000792527 -0.00249749 -0.00521043 0.00242651 -0.0102911 -0.0142857 -0.0183716 -0.000382297 0.00607766 -0.00573756 -0.000314234 -0.00711561 0.0108609 0.0122655 0.00547223 0.0176136 0.0209194 -0.00708243 -0.00946501 -0.00972634 -0.0171988
internal_weight=3879.33 2349.36 2168.27 669.187 123.05 546.137 148.63 110.258 1499.08 1361.08 1078.73 696.632 382.093 334.519 235.966 185.126 362.113 162.811 199.302 98.5532 72.4273 397.507 373.822 171.765 202.057 170.491 181.088 169.051 109.179 58.9285
internal_count=22142 13199 11748 3486 622 2864 804 568 8262 7487 6057 3610 2447 1667 1202 965 1943 823 1120 465 353 2060 1928 881 1047 874 1451 1368 578 353
is_linear=0
shrinkage=0.03


Tree=234
num_leaves=31
num_cat=0
split_feature=6 2 176 146 217 440 278 233 155 130 156 338 232 230 130 288 177 126 277 231 162 328 243 280 234 433 3 329 247 363
split_gain=6.81385 7.34688 6.39827 6.43147 16.0105 19.5246 19.3923 21.7399 16.7187 18.1305 15.9274 17.9355 14.9191 16.4231 14.8958 14.5613 14.1641 13.9359 13.8008 16.9314 13.4074 12.0037 11.3565 14.4638 11.1621 11.3223 10.7094 10.3046 11.0991 17.3221
threshold=0.035159304738044746 -0.69192966818809498 -2.2585954666137691 -1.6349759697914121 0.2834331095218659 0.76330533623695385 -0.0027651605196297164 0.073667570948600783 -0.97374361753463734 1.032940208911896 0.0014451513416133823 -0.56512796878814686 1.0000000180025095e-35 0.44673156738281256 0.86235070228576671 -0.62164422869682301 -0.014882511924952267 0.61757278442382824 -0.021860506385564801 0.75418198108673107 0.10428357869386674 -0.035242697224020951 -0.017193548381328579 -0.016797536052763459 0.84601473808288585 0.95916664600372326 0.28354725241661077 -1.2267335057258604 0.061367293819785125 0.85507708787918102
decision_type=2 2 2 2 2 2 2 2 2 2 2 2 2 2 2 2 2 2 2 2 2 2 2 2 2 2 2 2 2 2
left_child=-1 -2 -3 4 6 8 7 14 21 -10 16 -12 15 20 -4 -11 -8 -16 19 22 -14 -6 -7 -24 25 -20 -9 -5 -29 -30
right_child=1 2 3 27 5 18 10 26 9 12 11 -13 13 -15 17 -17 -18 -19 24 -21 -22 -23 23 -25 -26 -27 -28 28 29 -31
leaf_value=-0.019470072169597962 0.018941911924881018 0.015545813134343977 0.00086184191411485371 -0.0094479729499334988 0.018112964617806277 0.01012486745676878 -0.010499308905015114 0.011496580905148743 0.010454742222855428 0.0073379536638307789 0.013332500075652565 -0.022367174258438444 -0.013004738236040016 0.014588902140428545 -0.035647822132058964 -0.022884534281109606 0.012530001505539083 0.0022378190020679919 0.032026536326422682 0.021036741566893283 0.012902627838409623 -0.0077305850696441202 -0.032608066279770108 0.0044623598365351111 -0.0011182293326077964 0 -0.015852081434738062 -0.00026877807245122905 0.0059368235306938976 -0.0069609112976877115
leaf_weight=9.1937444098293764 11.401016561314462 16.492189761251211 15.069695690646766 84.928497723303735 43.287855666130781 11.742604875937102 27.712557839229703 26.524665810167789 42.348901953548193 13.099129592999814 11.642931867390869 40.205980360507965 89.783530337736011 29.864940907806158 57.615942085161805 81.223012384027243 73.357362065464258 8.5910252686589939 39.111697999760509 15.441508347168563 15.769332453608511 18.407777018845081 17.689297130331397 12.21056390181184 17.50541977584362 12.233987806364892 13.884555658325551 2300.3286397149786 609.11104473657906 103.75851003266871
leaf_count=390 75 86 94 497 228 81 211 143 292 74 53 298 598 175 330 534 363 61 196 87 115 108 108 77 144 75 114 12654 3288 582
internal_value=-4.96891e-05 2.90048e-05 -5.85794e-05 -0.000156685 -0.00266907 0.00074968 -0.00830611 -0.016895 -0.00304187 -0.00627423 -0.000965412 -0.0135399 -0.00962025 -0.00285106 -0.0252446 -0.0183667 0.00584733 -0.0308444 0.010509 -0.000405455 -0.00847922 0.0102473 -0.0104555 -0.01921 0.0188988 0.0252186 0.000925039 0.0004401 0.000743528 0.00399553
internal_weight=3869.54 3860.34 3848.94 3832.45 734.324 459.72 274.605 121.686 333.784 272.089 152.919 51.8489 229.74 135.418 81.2767 94.3221 101.07 66.207 125.935 57.084 105.553 61.6956 41.6425 29.8999 68.8511 51.3457 40.4092 3098.13 3013.2 712.87
internal_count=22131 21741 21666 21580 4559 2892 1667 742 2124 1788 925 351 1496 888 485 608 574 391 768 353 713 336 266 185 415 271 257 17021 16524 3870
is_linear=0
shrinkage=0.03


Tree=235
num_leaves=31
num_cat=0
split_feature=157 372 231 248 102 270 267 169 347 279 129 159 108 1 369 157 244 251 248 230 335 310 233 130 250 452 248 418 245 267
split_gain=7.62583 6.81298 15.8682 21.1272 17.9011 12.8519 13.8238 12.0623 15.8934 12.9696 14.9668 13.5569 16.1478 11.9145 11.4907 14.3545 23.3315 19.6963 21.8644 13.5788 16.36 11.3015 11.1869 10.7992 10.0123 9.99191 15.6591 19.352 17.3042 13.7354
threshold=0.51828292012214672 -0.8260304033756255 -0.38442590832710261 0.23195311427116397 0.016486521810293201 -0.0052357167005538932 0.03654878959059716 -0.50616964697837818 1.3192945718765261 -0.060123287141323083 0.00061170337721705448 -0.0042526181787252417 0.019276081584393982 -0.25051341950893397 -0.69833949208259571 0.1831120848655701 -0.0062891377601772538 0.21526393294334414 0.23768977075815204 -0.99554541707038868 -0.59641960263252247 -0.37455919384956354 -0.073911130428314195 0.66487157344818126 0.11059062927961351 0.19677419215440753 0.04776264168322087 0.32795698940753942 0.24194202572107318 0.092508204281330123
decision_type=2 2 2 2 2 2 2 2 2 2 2 2 2 2 2 2 2 2 2 2 2 2 2 2 2 2 2 2 2 2
left_child=1 2 3 4 24 6 -4 -7 9 22 -11 12 -12 -13 21 19 -17 -18 -19 20 -16 -3 -9 -23 -1 26 -21 28 29 -28
right_child=-2 14 5 -5 -6 7 -8 8 -10 10 11 13 -14 -15 15 16 17 18 -20 25 -22 23 -24 -25 -26 -27 27 -29 -30 -31
leaf_value=-0.03159647485888769 -0.017694879259902312 0.0023134638963496624 -0.021869241583049443 0.013976930373947828 -0.0020567893330137861 -0.0062233111868298602 0.0074480470513602261 -0.011221784735971839 -0.010023255681669603 -0.014345419623329693 -0.010547701674353765 -0.0031650709141905148 0.018493656332614208 0.023132600270764608 0.0040542097967566065 -0.010466990348231897 -0.016796951153966698 0.02528692200284938 -0.01184638499878353 0.0064405918991678936 -0.016087530302503428 0.0051599500706143806 0.0093921723144267995 -0.013501099496342242 -0.0024459781170195604 0.00094772590377743512 -0.019380651585361848 -0.013447139741050352 0.0026331166219325541 0.012239354212663291
leaf_weight=30.199433710426092 15.208004644140599 86.422854257747531 22.894709121435881 41.453030211851001 131.496990066953 43.547935770824552 22.217190038412809 32.135398844256997 28.065769193693995 9.2919981144368631 30.120185406878591 14.634826108813284 25.161860771477222 156.44624351710081 51.052524474449456 35.402477303519845 9.285519428085534 84.511417334899306 12.22721203882247 110.35206166561693 96.818890281952918 28.824380486272275 52.818341601639986 157.9032401163131 17.743927333503962 2035.8570812251419 57.087487293407321 177.76957832369953 243.81552596390247 9.8272059056907874
leaf_count=168 381 486 199 243 793 259 146 216 215 88 171 145 158 788 344 288 85 517 118 564 525 222 312 1049 96 10709 463 949 1397 55
internal_value=-0.000163966 -6.01508e-05 0.0026997 -0.00374749 -0.00826942 0.00598748 -0.00816826 0.0077566 0.00962027 0.0115493 0.0150873 0.0167345 0.00309492 0.0207881 -0.000636281 -7.63732e-05 0.00901048 0.0158526 0.0200096 -0.000563435 -0.00919687 -0.0064408 0.00121969 -0.0104839 -0.0226851 -5.18277e-05 -0.00343893 -0.00575136 -0.00111628 -0.0138755
internal_weight=3870.59 3855.39 658.228 220.893 179.44 437.334 45.1119 392.223 348.675 320.609 235.655 226.363 55.282 171.081 3197.16 2924.01 141.427 106.024 96.7386 2782.58 147.871 273.15 84.9537 186.728 47.9434 2634.71 598.852 488.5 310.73 66.9147
internal_count=22149 21768 3997 1300 1057 2697 345 2352 2093 1878 1350 1262 329 933 17771 16014 1008 720 635 15006 869 1757 528 1271 264 14137 3428 2864 1915 518
is_linear=0
shrinkage=0.03


Tree=236
num_leaves=31
num_cat=0
split_feature=335 278 266 10 149 369 231 231 441 263 280 417 144 234 248 85 248 166 271 346 271 142 266 137 248 85 166 270 187 161
split_gain=7.83405 15.3362 8.45945 7.16938 6.66936 6.61352 15.6317 24.8751 17.5771 17.12 23.4576 18.5173 13.7695 12.0297 11.3917 24.4903 15.3882 14.9737 14.1591 12.1201 16.7085 32.1057 16.6703 16.1826 15.5587 24.1422 27.9238 20.8097 16.6415 16.4983
threshold=-1.3664330244064329 0.017600819468498233 -0.044870797544717782 0.17917595058679583 -1.8720149993896482 0.8579486906528474 0.0030494995880872323 0.21238154917955401 0.15192308276891711 0.29460752010345465 0.25397719442844396 0.19292803853750232 -0.60829159617424 0.79385697841644298 -0.023434232920408245 3.6752902587977591e-06 -0.017722791060805317 0.43475575745105749 0.049999982118606574 0.042941741645336158 -0.099999994039535509 3.2111113071441655 -0.094453692436218248 1.3237674832344057 0.077236961573362364 3.7308416722225963e-05 0.28259676694870001 -0.027273006737232205 -0.3015113621950149 -0.0037685285788029428
decision_type=2 2 2 2 2 2 2 2 2 2 2 2 2 2 2 2 2 2 2 2 2 2 2 2 2 2 2 2 2 2
left_child=1 3 -3 -1 -5 14 8 -8 -7 11 12 -9 -11 -13 15 18 -16 -17 -2 24 21 -21 -23 -22 25 26 -18 -27 -26 -30
right_child=5 2 -4 4 -6 6 7 9 -10 10 -12 13 -14 -15 16 17 19 -19 -20 20 23 22 -24 -25 28 27 -28 -29 29 -31
leaf_value=0.00037171357895899736 -0.025975722443381009 0.01379776284697567 -0.0050321053517406586 0.0046636354797694995 -0.022340090839697204 -0.0073234692828801594 -0.021396145171758814 -0.0083307763080337702 0.012032944337173135 -0.032232087921455925 0.010906918830033842 0.019837283729000246 -0.0036361763111794781 0.0015042018043341296 -0.021134938553234478 0.020701425182399893 0.0049707564711678918 -0.0064276892315387199 0.0081184941742683467 -0.011158507431307564 0.010686710152024105 -0.0073823906727123294 0.013718966347566447 -0.005844918367931458 0.0036462553528636269 -0.012641973747122915 -0.022707084140504902 0.014984826546556333 -0.011315190718960465 -0.00088553291711861235
leaf_weight=20.128653864376247 18.941117990761995 31.133538351394236 42.235027505084872 6.2590347081422797 56.891047416254878 46.334739465266466 40.472060170490295 44.308901028241962 216.73947976808995 26.334278434514999 32.332835090346634 79.597905503585935 33.242843344807625 55.337728964164853 25.762062232941389 80.361109029501677 106.49886730313301 18.937878508120775 13.850370783358811 88.32131702452898 50.11120780557394 36.270038625225425 168.47231448255479 843.07811962254345 554.42863599816337 21.802622271701694 39.146976303309202 217.44816610775888 164.85692081926391 684.53529719403014
leaf_count=108 117 169 264 38 380 416 261 297 992 134 153 348 221 290 140 456 461 161 65 550 260 227 928 4910 3192 151 330 1223 1119 3796
internal_value=-2.66849e-05 -0.00645297 0.00333341 -0.014781 -0.0193157 0.000253655 0.00319298 -0.00132848 0.00848341 0.00209211 -0.00800489 0.00743213 -0.0184938 0.0128378 -0.000288122 0.00810058 -0.000678871 0.0153461 -0.0124164 -0.000449012 -0.00279412 0.00334335 0.0098108 -0.00482988 0.00110521 0.00639201 -0.00309991 0.0121368 -0.000361392 -0.00299801
internal_weight=3864.17 156.647 73.3686 83.2787 63.1501 3707.52 574.701 311.627 263.074 271.154 91.91 179.245 59.5771 134.936 3132.82 132.09 3000.73 99.299 32.7915 2974.97 1186.25 293.064 204.742 893.189 1788.72 384.897 145.646 239.251 1403.82 849.392
internal_count=22157 959 433 526 418 21198 3112 1704 1408 1443 508 935 355 638 18086 799 17287 617 182 17147 6875 1705 1155 5170 10272 2165 791 1374 8107 4915
is_linear=0
shrinkage=0.03


Tree=237
num_leaves=31
num_cat=0
split_feature=269 6 229 281 161 162 218 265 244 21 234 157 7 265 268 22 75 218 277 153 127 350 10 187 263 153 281 280 246 282
split_gain=7.1779 8.46558 15.3038 15.4547 14.1903 13.6001 21.1568 19.262 18.7295 20.5135 17.2398 20.544 12.2419 14.0086 12.0995 11.5517 12.2977 12.212 10.6324 10.2717 9.79946 20.375 22.845 27.7439 25.7465 27.9412 22.4574 22.8999 22.794 20.1623
threshold=-0.44176098704338068 0.11416666582226755 0.014728350564837457 -0.18760292232036588 0.0014474408235400917 -0.055231645703315728 1.2044618129730227 -0.011368826031684874 0.015463783871382477 1.4231562018394472 0.55901306867599498 -0.17772773653268811 0.21898147463798526 0.35914145410060888 -0.23241407424211499 1.023492753505707 3.3506705710787544e-14 0.84002450108528148 -0.068420615047216402 0.04408120550215245 0.055612655356526382 -0.25518599152564997 0.40253517031669622 -0.42855727672576899 0.18665558844804767 -0.086341992020606981 -0.015258096158504484 -0.053797397762536996 0.11139031127095224 -0.41330035030841822
decision_type=2 2 2 2 2 2 2 2 2 2 2 2 2 2 2 2 2 2 2 2 2 2 2 2 2 2 2 2 2 2
left_child=-1 15 12 4 18 6 8 -7 9 -5 -9 -12 13 -3 -13 16 17 -2 -4 -17 21 22 26 -24 29 -26 28 -28 -18 -25
right_child=1 2 3 5 -6 7 -8 10 -10 -11 11 14 -14 -15 -16 19 20 -19 -20 -21 -22 -23 23 24 25 -27 27 -29 -30 -31
leaf_value=0.012015689928590794 -0.012649378696621433 0.028995825708742269 -0.012914519222163624 -0.031883929565856804 -0.010552145342724823 0.017201193833894908 0.0099730511467204051 0.015862562329602006 0.0018260482474782283 0.0052268630377334023 0.015223115872576002 -0.00038685968303270774 -0.0086519777473216108 -0.0071472192168206689 -0.035064389185993319 0.025375923676510998 -0.01144167765761166 0.017732127453319015 0.017966624662826287 -0.0063303027688053999 -0.00053809255910880298 0.010809533234374257 0.017941242900719256 0.0063968306994214045 0.016175436510876023 -0.01383648671476825 0.010271827981263717 -0.016628761073514738 0.018372844168887636 -0.025062273840932538
leaf_weight=36.0661231726408 101.46346015390009 24.341256516054273 6.6977131329476824 83.71971002407372 32.379126559942961 26.202677695080638 18.324309654533863 11.507710242643951 23.840030036866665 13.066291287541388 8.5474486835300905 13.12396397069096 16.896760959178209 9.9755527172237617 29.098161475732926 22.624497108161453 22.513128250837326 6.9563947692513457 45.075320046395063 9.250606492161749 2619.5450053727254 221.62219472415745 29.370244132354856 18.722674507647753 47.763914634473622 49.895265487954021 45.873089816886932 54.99900071695447 125.54924342548475 94.924720484763384
leaf_count=200 1034 180 43 569 235 140 78 66 120 70 52 81 99 92 179 87 140 33 239 42 14221 1117 178 115 257 330 335 419 797 613
internal_value=-0.00015844 -0.000297388 -0.00461344 -0.00714483 0.00353457 -0.0111287 -0.0167676 -0.00158315 -0.0212363 -0.0267581 -0.0105776 -0.0179483 0.00961431 0.0188044 -0.0260867 0.000159083 -2.16398e-05 -0.00965188 0.0127306 0.0164212 0.000308272 0.003415 -1.61717e-05 -0.00653188 -0.0104478 0.000841777 0.00624872 -0.00442527 0.0134599 -0.0197221
internal_weight=3869.94 3833.87 362.796 311.582 84.1522 227.43 138.95 88.48 120.626 96.786 62.2773 50.7696 51.2136 34.3168 42.2221 3471.07 3439.2 108.42 51.773 31.8751 3330.78 711.233 489.611 240.677 211.307 97.6592 248.934 100.872 148.062 113.647
internal_count=22161 21961 2243 1872 517 1355 837 518 759 639 378 312 371 272 260 19718 19589 1067 282 129 18522 4301 3184 1493 1315 587 1691 754 937 728
is_linear=0
shrinkage=0.03


Tree=238
num_leaves=31
num_cat=0
split_feature=6 183 248 347 262 281 346 160 401 149 305 122 358 232 245 282 178 283 1 102 250 108 245 170 251 347 156 10 232 155
split_gain=7.61003 16.0982 11.2293 11.1807 12.2282 7.47714 7.29977 10.4166 15.5951 12.8175 10.2798 11.6307 10.698 14.3981 17.4823 24.4982 22.5822 16.9424 16.1924 20.1084 16.1891 15.1498 14.7157 12.187 17.1823 18.4736 17.5295 24.6928 15.7677 15.1155
threshold=0.052699072286486633 -0.42131225764751429 0.031310165300965316 -0.82097277045249928 0.42945766448974615 -0.24505932629108426 -1.097229480743408 1.0000000180025095e-35 0.19677419215440753 -1.8078128695487974 -1.1328147649765012 1.345051169395447 -0.43857239186763758 0.12528297305107119 0.24194202572107318 -0.018513736315071579 -0.32163377106189722 -0.32701370120048517 0.076795935630798354 0.12500793486833575 0.10404565557837488 0.038766743615269668 0.18302678316831592 -0.19071616977453229 0.38064360618591314 0.099921666085720076 0.0073447425384074458 0.77213487029075634 0.19809404760599139 -0.38873046636581415
decision_type=2 2 2 2 2 2 2 2 2 2 2 2 2 2 2 2 2 2 2 2 2 2 2 2 2 2 2 2 2 2
left_child=1 3 5 4 -1 -3 7 8 -2 -10 11 -8 13 14 15 16 -12 -17 19 -16 -20 -15 -18 24 29 -26 27 28 -27 -14
right_child=6 2 -4 -5 -6 -7 10 -9 9 -11 12 -13 23 21 18 17 22 -19 20 -21 -22 -23 -24 -25 25 26 -28 -29 -30 -31
leaf_value=-0.0053300087735662985 -0.0022265037295989888 0.020353180174783332 -0.022404254890909702 -0.0087695305032514399 0.023949081589317921 -0.011524986748273807 -0.019105818624686518 -0.0031846920397655409 -0.0064647369988504724 0.020641164895684346 0.0065937435675168937 0.006480014383426878 0.0029152564242492683 -0.018848321829224548 -0.0093420798878173141 -0.014593412244031852 0.0024124626138367126 0.012039806736204466 0.014073071091478198 0.0093202822982210078 -0.012968839374737487 0.0050742225796391125 -0.03770335979904451 -0.0013410725243410435 0.0010423670894897437 0.01049141261509922 0.019093583514933964 -0.018539087949949729 -0.014946596634377494 -0.0060531110702087294
leaf_weight=17.557292390614748 61.476274486631155 6.4200901854783297 53.234143392182887 35.491245657205582 23.753329358994961 6.3343996768817288 44.422824595123529 84.562879728153348 14.832775961607693 85.29235770739615 15.426789710298179 18.295894779264927 384.38101804442704 84.846063551492989 140.1469879373908 28.165037007071078 8.3616184284910542 48.160456133075058 120.57233146578074 73.298553550615907 17.537880640476942 27.911882862448692 41.429085860028863 1265.9904787326232 440.42905217409134 254.96389862149954 123.7986747212708 27.322427753359079 17.519345792010427 290.32925635110587
leaf_count=198 319 39 1295 332 132 75 211 457 80 408 96 85 2074 535 895 150 52 252 519 436 88 148 191 6670 2418 1386 646 182 118 1665
internal_value=-9.47373e-05 -0.00672635 -0.0168525 0.00252972 0.0123187 0.00551585 0.000169189 0.00508886 0.00943299 0.0163676 -0.000186 -0.0115903 4.39551e-05 -0.00354439 -0.00123617 -0.0098898 -0.0224323 0.00168548 0.00234372 -0.00279322 0.0101068 -0.0128884 -0.0313146 0.000829709 0.00262048 0.00540666 0.00982921 0.0056211 0.00848491 -0.000950977
internal_weight=3862.26 142.791 65.9886 76.8019 41.3106 12.7545 3719.47 246.164 161.601 100.125 3473.31 62.7187 3410.59 605.857 493.099 141.543 65.2175 76.3255 351.556 213.446 138.11 112.758 49.7907 2804.73 1538.74 864.033 423.604 299.806 272.483 674.71
internal_count=22152 2071 1409 662 330 114 20081 1264 807 488 18817 296 18521 3362 2679 741 339 402 1938 1331 607 683 243 15159 8489 4750 2332 1686 1504 3739
is_linear=0
shrinkage=0.03


Tree=239
num_leaves=31
num_cat=0
split_feature=107 82 248 133 1 115 368 237 1 83 373 115 264 346 352 128 288 128 176 61 244 237 126 104 253 244 158 226 249 108
split_gain=8.56736 8.51767 11.2221 11.3737 15.8016 14.1373 14.2454 15.3816 11.3354 10.5472 10.2368 10.8955 8.22668 10.5574 10.0498 7.90989 17.2365 15.4337 15.8591 18.4142 17.8053 17.5697 31.6819 21.0935 18.2775 14.723 15.72 14.5066 19.4466 21.0756
threshold=2.3373893499374394 0.27560423314571386 -0.028786046430468556 0.91933768987655651 -0.24013397842645642 0.18013555556535724 0.022209450602531437 0.71250000596046459 -0.011959550902247427 0.78084719181060802 -1.2264925837516782 1.0021021366119387 0.00047942250967025762 0.27226643264293676 0.72362112998962413 1.5409937500953677 -0.6985129415988921 0.58414176106452953 -1.1357643604278562 0.00017601517902221533 -0.0023141370620578523 0.81250014901161205 0.025905287824571136 0.31534728407859808 0.17094204574823382 0.0024460478452965622 -0.00037013366818428034 0.00071355261025019001 -0.056973068043589585 9.8381999123375876e-05
decision_type=2 2 2 2 2 2 2 2 2 2 2 2 2 2 2 2 2 2 2 2 2 2 2 2 2 2 2 2 2 2
left_child=1 15 -3 10 -5 -6 7 -7 -8 -10 -4 -12 14 -14 -2 17 -17 -1 19 -19 -21 27 23 -23 25 -24 -27 -20 29 -29
right_child=12 2 3 4 5 6 8 -9 9 -11 11 -13 13 -15 -16 16 -18 18 21 20 -22 22 24 -25 -26 26 -28 28 -30 -31
leaf_value=0.00060748874834512393 0.014573604398802157 0.019233524600913064 -0.0071145188705919234 -0.016602050383204236 -0.014690328950248653 0.01709171700282321 0.021657889169307307 -0.0062156924045497115 0.011166428418018206 -0.0083664232809888064 0.018203134042135881 -0.011264941821934389 0.007760263184998669 -0.025926870847898704 -0.015666939434168674 -0.00724395210078099 0.005477058474421646 0.016917905558008154 -0.012440138649437394 0.0095473220797100411 -0.022119053996972053 -0.034891223229204002 0.014541321258517013 0.0005964593695092404 -0.0097831097002908946 0.010751306161402232 -0.014139836785188516 0.0088507546639382973 0.0051520818834294105 -0.015541708531994285
leaf_weight=1679.6156923677772 16.148234553635124 31.739822383970022 18.79063974507153 39.567417344078422 33.172164170071483 24.177533440291882 49.061936244368553 131.74085085652769 59.133779469877481 33.045936724171042 79.456103162840009 7.7594124861061564 6.873228281736373 28.330707110464573 10.217690002173184 115.28568737022579 435.97548187244684 59.758119376376271 330.37949406914413 26.200711779296398 24.299451187252998 26.928105724975467 134.27849683724344 25.684944655746222 54.426606660708785 39.318908035755157 37.941351732239127 36.147503461688757 132.75415097363293 127.35260027460754
leaf_count=9812 74 184 154 334 184 124 242 738 318 175 412 51 30 196 100 573 2467 288 1907 122 124 143 720 183 429 188 209 185 700 762
internal_value=-0.000139352 4.77487e-05 0.00363939 0.00231389 -0.000199336 0.00203801 0.00423503 -0.00195799 0.010912 0.00396187 0.0106456 0.0148278 -0.0106497 -0.0189047 0.00171147 -0.000510423 0.00274042 -0.00117479 -0.0040062 0.00643086 -0.00634496 -0.00527303 0.000433568 -0.0193548 0.0047825 0.00877145 -0.00150693 -0.00816355 -0.00318266 -0.00994534
internal_weight=3855.56 3793.99 507.646 475.906 369.9 330.332 297.16 155.918 141.242 92.1797 106.006 87.2155 61.5699 35.2039 26.3659 3286.35 551.261 2735.09 1055.47 110.258 50.5002 945.212 318.578 52.6131 265.965 211.539 77.2603 626.634 296.254 163.5
internal_count=22128 21728 2916 2732 2115 1781 1597 862 735 493 617 463 400 226 174 18812 3040 15772 5960 534 246 5426 1872 326 1546 1117 397 3554 1647 947
is_linear=0
shrinkage=0.03


end of trees

feature_importances:
Column_7=206
Column_166=170
Column_247=129
Column_177=114
Column_280=114
Column_248=112
Column_263=109
Column_6=107
Column_164=106
Column_282=106
Column_267=105
Column_229=104
Column_266=93
Column_233=91
Column_271=87
Column_279=87
Column_230=82
Column_244=81
Column_153=79
Column_265=77
Column_268=77
Column_278=77
Column_243=75
Column_246=75
Column_232=72
Column_264=68
Column_3=66
Column_251=65
Column_281=65
Column_159=63
Column_162=63
Column_231=63
Column_346=61
Column_249=60
Column_10=59
Column_277=58
Column_234=55
Column_157=54
Column_237=54
Column_245=54
Column_1=53
Column_128=53
Column_154=53
Column_250=53
Column_158=50
Column_262=50
Column_161=48
Column_2=46
Column_165=45
Column_127=44
Column_156=44
Column_254=44
Column_126=42
Column_228=42
Column_160=40
Column_163=39
Column_5=38
Column_146=37
Column_327=37
Column_18=36
Column_155=35
Column_373=33
Column_176=31
Column_349=31
Column_357=31
Column_136=30
Column_236=30
Column_336=30
Column_123=29
Column_129=29
Column_130=29
Column_235=29
Column_347=29
Column_350=29
Column_252=28
Column_269=28
Column_348=28
Column_182=27
Column_187=27
Column_352=27
Column_107=25
Column_124=25
Column_149=25
Column_304=25
Column_365=25
Column_21=24
Column_310=24
Column_326=24
Column_329=24
Column_372=24
Column_108=23
Column_125=23
Column_189=23
Column_369=22
Column_135=21
Column_170=21
Column_174=21
Column_178=21
Column_185=21
Column_286=21
Column_351=21
Column_137=20
Column_141=20
Column_36=19
Column_133=19
Column_134=19
Column_139=19
Column_143=19
Column_145=19
Column_147=19
Column_335=19
Column_138=18
Column_140=18
Column_169=18
Column_227=18
Column_283=18
Column_355=18
Column_103=17
Column_105=17
Column_131=17
Column_201=17
Column_217=17
Column_353=17
Column_358=17
Column_367=17
Column_433=17
Column_22=16
Column_104=16
Column_289=16
Column_366=16
Column_148=15
Column_307=15
Column_317=15
Column_356=15
Column_142=14
Column_238=14
Column_328=14
Column_362=14
Column_364=14
Column_368=14
Column_82=13
Column_85=13
Column_132=13
Column_287=13
Column_437=13
Column_86=12
Column_102=12
Column_115=12
Column_116=12
Column_144=12
Column_253=12
Column_305=12
Column_331=12
Column_342=12
Column_343=12
Column_20=11
Column_96=11
Column_106=11
Column_111=11
Column_122=11
Column_183=11
Column_190=11
Column_330=11
Column_109=10
Column_119=10
Column_175=10
Column_226=10
Column_272=10
Column_284=10
Column_288=10
Column_290=10
Column_325=10
Column_452=10
Column_462=10
Column_110=9
Column_114=9
Column_150=9
Column_151=9
Column_167=9
Column_220=9
Column_261=9
Column_270=9
Column_294=9
Column_338=9
Column_363=9
Column_376=9
Column_438=9
Column_441=9
Column_117=8
Column_152=8
Column_186=8
Column_308=8
Column_332=8
Column_337=8
Column_359=8
Column_360=8
Column_409=8
Column_418=8
Column_420=8
Column_443=8
Column_61=7
Column_75=7
Column_87=7
Column_172=7
Column_180=7
Column_295=7
Column_303=7
Column_309=7
Column_313=7
Column_324=7
Column_333=7
Column_334=7
Column_341=7
Column_463=7
Column_113=6
Column_121=6
Column_179=6
Column_219=6
Column_255=6
Column_293=6
Column_316=6
Column_320=6
Column_345=6
Column_361=6
Column_371=6
Column_439=6
Column_453=6
Column_51=5
Column_101=5
Column_120=5
Column_168=5
Column_171=5
Column_218=5
Column_296=5
Column_339=5
Column_340=5
Column_354=5
Column_370=5
Column_408=5
Column_412=5
Column_431=5
Column_442=5
Column_448=5
Column_451=5
Column_460=5
Column_73=4
Column_80=4
Column_84=4
Column_94=4
Column_98=4
Column_118=4
Column_260=4
Column_285=4
Column_314=4
Column_318=4
Column_405=4
Column_416=4
Column_427=4
Column_434=4
Column_464=4
Column_17=3
Column_32=3
Column_39=3
Column_57=3
Column_58=3
Column_60=3
Column_62=3
Column_63=3
Column_65=3
Column_76=3
Column_81=3
Column_83=3
Column_90=3
Column_95=3
Column_112=3
Column_184=3
Column_200=3
Column_291=3
Column_299=3
Column_301=3
Column_306=3
Column_312=3
Column_319=3
Column_377=3
Column_399=3
Column_401=3
Column_417=3
Column_419=3
Column_429=3
Column_444=3
Column_445=3
Column_64=2
Column_68=2
Column_70=2
Column_74=2
Column_77=2
Column_78=2
Column_93=2
Column_97=2
Column_100=2
Column_181=2
Column_205=2
Column_298=2
Column_300=2
Column_302=2
Column_311=2
Column_344=2
Column_383=2
Column_387=2
Column_391=2
Column_395=2
Column_397=2
Column_398=2
Column_422=2
Column_424=2
Column_425=2
Column_428=2
Column_436=2
Column_440=2
Column_446=2
Column_449=2
Column_450=2
Column_454=2
Column_455=2
Column_456=2
Column_457=2
Column_459=2
Column_461=2
Column_4=1
Column_25=1
Column_66=1
Column_71=1
Column_72=1
Column_89=1
Column_92=1
Column_99=1
Column_173=1
Column_188=1
Column_191=1
Column_192=1
Column_195=1
Column_197=1
Column_199=1
Column_292=1
Column_297=1
Column_322=1
Column_323=1
Column_374=1
Column_378=1
Column_390=1
Column_394=1
Column_404=1
Column_410=1
Column_411=1
Column_421=1
Column_426=1
Column_430=1
Column_432=1
Column_458=1

parameters:
[boosting: gbdt]
[objective: binary]
[metric: binary_logloss]
[tree_learner: serial]
[device_type: cpu]
[data_sample_strategy: bagging]
[data: ]
[valid: ]
[num_iterations: 240]
[learning_rate: 0.03]
[num_leaves: 31]
[num_threads: 10]
[seed: 20260827]
[deterministic: 0]
[force_col_wise: 0]
[force_row_wise: 0]
[histogram_pool_size: -1]
[max_depth: -1]
[min_data_in_leaf: 35]
[min_sum_hessian_in_leaf: 0.001]
[bagging_fraction: 0.9]
[pos_bagging_fraction: 1]
[neg_bagging_fraction: 1]
[bagging_freq: 1]
[bagging_seed: 4042]
[bagging_by_query: 0]
[feature_fraction: 0.8]
[feature_fraction_bynode: 1]
[feature_fraction_seed: 18928]
[extra_trees: 0]
[extra_seed: 2987]
[early_stopping_round: 0]
[early_stopping_min_delta: 0]
[first_metric_only: 0]
[max_delta_step: 0]
[lambda_l1: 0.35]
[lambda_l2: 7]
[linear_lambda: 0]
[min_gain_to_split: 0]
[drop_rate: 0.1]
[max_drop: 50]
[skip_drop: 0.5]
[xgboost_dart_mode: 0]
[uniform_drop: 0]
[drop_seed: 32588]
[top_rate: 0.2]
[other_rate: 0.1]
[min_data_per_group: 100]
[max_cat_threshold: 32]
[cat_l2: 10]
[cat_smooth: 10]
[max_cat_to_onehot: 4]
[top_k: 20]
[monotone_constraints: ]
[monotone_constraints_method: basic]
[monotone_penalty: 0]
[feature_contri: ]
[forcedsplits_filename: ]
[refit_decay_rate: 0.9]
[cegb_tradeoff: 1]
[cegb_penalty_split: 0]
[cegb_penalty_feature_lazy: ]
[cegb_penalty_feature_coupled: ]
[path_smooth: 0]
[interaction_constraints: ]
[verbosity: -1]
[saved_feature_importance_type: 0]
[use_quantized_grad: 0]
[num_grad_quant_bins: 4]
[quant_train_renew_leaf: 0]
[stochastic_rounding: 1]
[linear_tree: 0]
[max_bin: 255]
[max_bin_by_feature: ]
[min_data_in_bin: 3]
[bin_construct_sample_cnt: 200000]
[data_random_seed: 4782]
[is_enable_sparse: 1]
[enable_bundle: 1]
[use_missing: 1]
[zero_as_missing: 0]
[feature_pre_filter: 1]
[pre_partition: 0]
[two_round: 0]
[header: 0]
[label_column: ]
[weight_column: ]
[group_column: ]
[ignore_column: ]
[categorical_feature: ]
[forcedbins_filename: ]
[precise_float_parser: 0]
[parser_config_file: ]
[objective_seed: 30075]
[num_class: 1]
[is_unbalance: 0]
[scale_pos_weight: 1.46265]
[sigmoid: 1]
[boost_from_average: 1]
[reg_sqrt: 0]
[alpha: 0.9]
[fair_c: 1]
[poisson_max_delta_step: 0.7]
[tweedie_variance_power: 1.5]
[lambdarank_truncation_level: 30]
[lambdarank_norm: 1]
[label_gain: ]
[lambdarank_position_bias_regularization: 0]
[eval_at: ]
[multi_error_top_k: 1]
[auc_mu_weights: ]
[num_machines: 1]
[local_listen_port: 12400]
[time_out: 120]
[machine_list_filename: ]
[machines: ]
[gpu_platform_id: -1]
[gpu_device_id: -1]
[gpu_device_id_list: ]
[gpu_use_dp: 0]
[num_gpu: 1]

end of parameters

pandas_categorical:null
