tree
version=v4
num_class=1
num_tree_per_iteration=1
label_index=0
max_feature_idx=247
objective=lambdarank
feature_names=Column_0 Column_1 Column_2 Column_3 Column_4 Column_5 Column_6 Column_7 Column_8 Column_9 Column_10 Column_11 Column_12 Column_13 Column_14 Column_15 Column_16 Column_17 Column_18 Column_19 Column_20 Column_21 Column_22 Column_23 Column_24 Column_25 Column_26 Column_27 Column_28 Column_29 Column_30 Column_31 Column_32 Column_33 Column_34 Column_35 Column_36 Column_37 Column_38 Column_39 Column_40 Column_41 Column_42 Column_43 Column_44 Column_45 Column_46 Column_47 Column_48 Column_49 Column_50 Column_51 Column_52 Column_53 Column_54 Column_55 Column_56 Column_57 Column_58 Column_59 Column_60 Column_61 Column_62 Column_63 Column_64 Column_65 Column_66 Column_67 Column_68 Column_69 Column_70 Column_71 Column_72 Column_73 Column_74 Column_75 Column_76 Column_77 Column_78 Column_79 Column_80 Column_81 Column_82 Column_83 Column_84 Column_85 Column_86 Column_87 Column_88 Column_89 Column_90 Column_91 Column_92 Column_93 Column_94 Column_95 Column_96 Column_97 Column_98 Column_99 Column_100 Column_101 Column_102 Column_103 Column_104 Column_105 Column_106 Column_107 Column_108 Column_109 Column_110 Column_111 Column_112 Column_113 Column_114 Column_115 Column_116 Column_117 Column_118 Column_119 Column_120 Column_121 Column_122 Column_123 Column_124 Column_125 Column_126 Column_127 Column_128 Column_129 Column_130 Column_131 Column_132 Column_133 Column_134 Column_135 Column_136 Column_137 Column_138 Column_139 Column_140 Column_141 Column_142 Column_143 Column_144 Column_145 Column_146 Column_147 Column_148 Column_149 Column_150 Column_151 Column_152 Column_153 Column_154 Column_155 Column_156 Column_157 Column_158 Column_159 Column_160 Column_161 Column_162 Column_163 Column_164 Column_165 Column_166 Column_167 Column_168 Column_169 Column_170 Column_171 Column_172 Column_173 Column_174 Column_175 Column_176 Column_177 Column_178 Column_179 Column_180 Column_181 Column_182 Column_183 Column_184 Column_185 Column_186 Column_187 Column_188 Column_189 Column_190 Column_191 Column_192 Column_193 Column_194 Column_195 Column_196 Column_197 Column_198 Column_199 Column_200 Column_201 Column_202 Column_203 Column_204 Column_205 Column_206 Column_207 Column_208 Column_209 Column_210 Column_211 Column_212 Column_213 Column_214 Column_215 Column_216 Column_217 Column_218 Column_219 Column_220 Column_221 Column_222 Column_223 Column_224 Column_225 Column_226 Column_227 Column_228 Column_229 Column_230 Column_231 Column_232 Column_233 Column_234 Column_235 Column_236 Column_237 Column_238 Column_239 Column_240 Column_241 Column_242 Column_243 Column_244 Column_245 Column_246 Column_247
feature_infos=none [-1.3667221069335938:1.2228531837463379] [-1.3717678785324097:1.5179100036621094] [0:1.7106336355209351] [0.1155245304107666:1.1062096357345581] [0.1155245304107666:1.5495724678039551] [-0.014259255491197109:0.346840500831604] [0.12472222000360489:0.25845295190811157] [0:1] [0:1.2780481576919556] [0.13862943649291992:0.90217190980911255] [0:0.4023594856262207] [0:0.48647752404212952] [0:0.65976434946060181] [0:0.95166563987731934] [0:0.54930615425109863] [0:0.64123731851577759] [0:0.67701256275177002] [0:0.70830333232879639] [0:1.4756346940994263] [0:1.5841083526611328] [0:1.6722949743270874] [0:1.6722949743270874] [0:0.62122666835784912] [0:0.67701256275177002] [0:0.82395923137664795] [0:1.1462419033050537] [0:1.6004083156585693] [0:0.79929840564727783] [0:0.57564628124237061] [0:0.74893307685852051] [0:0.78387355804443359] [0:0.82241231203079224] [0:0.57564628124237061] [0:0.74893307685852051] [0:0.78387355804443359] [0:0.84481734037399292] [0:0.57564628124237061] [0:0.74893307685852051] [0:0.78387355804443359] [0:0.91482293605804443] [0:0.44793987274169922] [0:0.69314718246459961] [0:0.93441742658615112] [0:0.93913161754608154] [0:0.44793987274169922] [0:0.72259294986724854] [0:0.96780025959014893] [0:0.94440442323684692] [0:0.44793987274169922] [0:0.73610973358154297] [0:0.97295504808425903] [0:0.91482293605804443] [0:0.91482293605804443] [0:0.74893307685852051] [0:0.74893307685852051] [0:0.96780025959014893] [0:0.96780025959014893] [0:0.74893307685852051] [0:0.82395923137664795] [0:2.7382149696350098] [0:3.0783822536468506] [0:2.6627862453460693] [0:2.7822237014770508] [0:2.2190651893615723] [0:2.4961907863616943] [0:3.0335056781768799] [0:2.7372574806213379] [0:4.0669922828674316] [0:3.7350854873657227] [0:3.5437045097351074] [0:4.0620007514953613] [0:3.0210416316986084] [0:3.8823025226593018] [0:4.1787276268005371] [0:4.3286399841308594] [0:5.3737444877624512] [0:5.3123574256896973] [0:4.905336856842041] [0:5.5486407279968262] [0:4.3331561088562012] [0:5.1455845832824707] [0:5.3465924263000488] [0:5.4470930099487305] [0:3.8765265941619873] [0:4.2417340278625488] [0:3.5653395652770996] [0:3.6664745807647705] [0:3.0614135265350342] [0:3.5470008850097656] [0:3.7647848129272461] [0:3.8419449329376221] [0:4.7306246757507324] [0:4.7661190032958984] [0:4.3698873519897461] [0:4.5592913627624512] [0:3.8038616180419922] [0:4.2578096389770508] [0:4.8073182106018066] [0:4.6818361282348633] [0:5.755767822265625] [0:5.7180671691894531] [0:5.3452720642089844] [0:5.9615874290466309] [0:4.7732234001159668] [0:5.5199356079101562] [0:5.774531364440918] [0:5.8092899322509766] [0:4.3412232398986816] [0:4.7303705215454102] [0:4.1138138771057129] [0:4.1939787864685059] [0:3.6095633506774902] [0:4.065788745880127] [0:4.3203091621398926] [0:4.3277511596679688] [0:5.236727237701416] [0:5.2941374778747559] [0:4.9546866416931152] [0:5.1418685913085938] [0:4.3961563110351562] [0:4.6447443962097168] [0:5.3913841247558594] [0:5.0116057395935059] [0:6.1116466522216797] [0:6.1507010459899902] [0:5.8142013549804688] [0:6.379572868347168] [0:5.2596988677978516] [0:5.9238872528076172] [0:6.2268867492675781] [0:6.1652517318725586] [0:4.6281261444091797] [0:5.0239028930664062] [0:4.4596853256225586] [0:4.5558619499206543] [0:3.9551289081573486] [0:4.3885130882263184] [0:4.7099752426147461] [0:4.5976061820983887] [0:5.5723991394042969] [0:5.6207547187805176] [0:5.3336849212646484] [0:5.5175457000732422] [0:4.7625665664672852] [0:4.9637413024902344] [0:5.7976899147033691] [0:5.2798571586608887] [0:6.4153037071228027] [0:6.4910688400268555] [0:6.1580095291137695] [0:6.7217121124267578] [0:5.5986337661743164] [0:6.254091739654541] [0:6.587303638458252] [0:6.4566841125488281] [-2.6396701335906982:0] [-2.9055593013763428:0] [-2.6822078227996826:0] [-2.9993057250976562:0] [-2.5328848361968994:0] [-2.7293670177459717:0] [-3.1679904460906982:0] [-2.6082210540771484:0] [-1.3667221069335938:1.2228531837463379] [-1.3717678785324097:1.5179100036621094] [-1.2246962785720825:1.0435549020767212] [-0.97463232278823853:1.007066011428833] [-1.0000001192092896:1] [-0.77166634798049927:1.1313893795013428] [-1.6398227214813232:1.0492738485336304] [-0.31603088974952698:0.29616644978523254] [-0.22532129287719727:0.21260479092597961] [-1.0000001192092896:1] [-0.28184473514556885:0.19839347898960114] [-1.4970704317092896:1.2130072116851807] [0:1.2447440624237061] [0:1.350239634513855] [0:1.0707606077194214] [0.0019100838107988238:1.2569992542266846] none none [0.1155245304107666:0.75180989503860474] [0:1.4756346940994263] [0:0.88388413190841675] [0.40000000596046448:1] [0:0.43944492936134338] none none none none [-1.2246962785720825:1.0435549020767212] [-0.97463232278823853:1.007066011428833] [0.1155245304107666:1.4042527675628662] [0:1] [-1:1] [-1:1] [-0.95611751079559326:0.74301260709762573] [-0.72782593965530396:0.89978188276290894] [0.18228861689567566:1.295362114906311] [0:1.0025273561477661] [0:0.4389130175113678] [0.40000000596046448:0.98000001907348633] [0:0.27399036288261414] none none none none [-0.13896919786930084:0.072237566113471985] [-0.099372804164886475:0.060371343046426773] [0.1155245304107666:0.94124442338943481] [0.0002914775104727596:0.86199241876602173] [-0.34559169411659241:0.32581257820129395] [-0.12966731190681458:0.89301526546478271] [-0.70809626579284668:0.73710232973098755] [-0.62129461765289307:0.74984836578369141] [0.1155245304107666:1.1967587471008301] [0:1.1452763080596924] [0:0.53569597005844116] [0.40000000596046448:1] [0:0.37273600697517395] none none none none [-0.31603088974952698:0.29616644978523254] [-0.22532129287719727:0.21260479092597961] [0.1155245304107666:1.0485537052154541] [0:1] [-0.94145321846008301:0.79764729738235474] [-0.48452126979827881:1] [-0.64673364162445068:0.80110788345336914] [-0.93359065055847168:0.58023256063461304] [-0.84705936908721924:1.0646880865097046] [-0.64062213897705078:1.0025273561477661] [-0.39476007223129272:0.40327706933021545] [-0.44999998807907104:0.89999997615814209] [-0.23410657048225403:0.23410657048225403] none none none none [-0.47366335988044739:0.44084370136260986] [-0.37697100639343262:0.37792247533798218] [-0.76452791690826416:1.0196726322174072] [-0.63774532079696655:0.73509615659713745] [-1.3523123264312744:1.5046215057373047] [-1.0997085571289062:1.0838395357131958]
tree_sizes=1770 1774 1781 1790 1780 1776 1769 1782 1773 1759 1765 1766 1784 1789 1778 1786 1786 1764 1784 1749 1782 1790 1768 1791 1800 1785 1780 1758 1786 1784 1758 1782 1740 1783 1785 1797 1750 1798 1785 1792 1780 1750 1800 1792 1793 1795 1789 1801 1786 1782 1798 1795 1797 1786 1792 1794 1787 1799 1798 1784 1794 1797 1794 1784 1789 1799 1794 1780 1794 1769 1795 1794 1789 1781 1781 1771 1790 1772 1782 1804 1758 1790 1781 1807 1787 1781 1784 1796 1776 1789 1794 1797 1791 1785 1775 1788 1794 1786 1803 1797 1789 1798 1801 1799 1802 1809 1805 1800 1791 1778 1801 1794 1785 1803 1792 1799 1734 1800 1798 1787 1779 1799 1811 1806 1781 1785 1771 1791 1793 1791 1800 1781 1787 1768 1792 1792 1785 1788 1796 1795 1805 1783 1804 1797 1796 1762 1800 1765 1793 1778 1768 1778 1806 1780 1791 1762 1799 1750 1800 1759 1787 1777 1814 1766 1759 1812 1799 1802 1811 1799 1801 1809 1794 1778 1784 1788 1801 1803 1792 1783 1802 1810 1799 1778 1792 1798 1790 1774 1785 1765 1793 1813 1804 1781 1464 1805 1794 1785 1754 1786

Tree=0
num_leaves=15
num_cat=0
split_feature=178 4 26 176 5 3 227 6 201 233 119 216 198 5
split_gain=238.673 60.196 37.5485 30.5866 13.622 12.0814 9.75261 9.66927 8.99017 7.98615 9.70193 7.464 7.20545 6.92791
threshold=0.055057752877473838 0.3114724606275559 0.22396993637084964 0.18812649697065356 1.1714407801628115 0.1657574996352196 0.67343208193779003 0.1396296098828316 0.13269034773111346 -0.32376861572265619 0.46384976804256445 0.69552972912788402 -0.099612932652235017 1.1104156374931338
decision_type=2 2 2 2 2 2 2 2 2 2 2 2 2 2
left_child=2 3 5 11 8 9 -6 -4 -5 10 -1 -2 -11 -3
right_child=1 13 7 4 6 -7 -8 -9 -10 12 -12 -13 -14 -15
leaf_value=-0.003935731832014803 -0.011741186687504157 0.0094678766498825419 0.018861686066340363 -0.019627686812299556 -0.034722621621913287 -0.0015475060243430065 0.00038446794479151655 -0.0017258432235372227 -0.0011912446989826907 -0.0060332293611174851 0.021606003841564053 0.0021968275111732809 0.0070886745766385872 -0.0044745739541401193
leaf_weight=6.6037453114986411 136.80006778621464 53.30476716576959 239.28736667789053 48.52164788171649 85.811605987517396 117.1837510765472 4.1947306470246977 11.91325964219868 27.063933769299183 21.478820019867271 32.978545208461583 22.845867117284797 127.53087657375727 23.662751657888293
leaf_count=130 4580 741 2257 1618 3337 3051 125 189 758 341 299 662 2391 493
internal_value=0.00030675 -0.0141205 0.0108251 -0.0187035 -0.0261103 0.00459688 -0.0331112 0.0178037 -0.0142368 0.00834126 0.0171781 -0.00965965 0.00481091 0.00501556
internal_weight=959.182 402.205 556.976 325.238 165.592 305.776 90.0063 251.201 75.5856 188.592 39.5823 159.646 149.01 76.9675
internal_count=20972 12314 8658 11080 5838 6212 3462 2446 2376 3161 429 5242 2732 1234
is_linear=0
shrinkage=0.025


Tree=1
num_leaves=15
num_cat=0
split_feature=178 15 5 6 10 4 231 7 243 109 244 6 197 7
split_gain=338.498 104.882 85.0368 52.3064 47.449 42.288 34.2036 30.2941 32.0067 26.5378 26.2349 23.8414 26.0502 22.4263
threshold=0.04659631289541722 1.0000000180025095e-35 1.100544333457947 0.072744261473417296 0.63969296216964733 0.24964435398578647 -0.12345515936613081 0.21435184031724933 0.037267386913299567 0.31131783127784735 0.10551226139068605 0.072744261473417296 -0.16272945702075955 0.24740308523178103
decision_type=2 2 2 2 2 2 2 2 2 2 2 2 2 2
left_child=1 7 5 6 13 -2 9 8 -1 -4 -5 12 -9 -3
right_child=2 4 3 10 -6 -7 -8 11 -10 -11 -12 -13 -14 -15
leaf_value=-0.015637370982510276 -0.0088595799376148861 0.018448513149925443 -0.020123574545465393 -0.015971171697683931 -0.0017230082702080212 0.0038245536842328206 -0.036792258053004991 0.010941282731684028 0.0079321350172514311 0.012811877249201204 -0.00069648611145486938 0.0054709113968202001 -0.015012422401071791 -0.0032248384895382657
leaf_weight=96.162730142008513 420.70006372348871 569.97863151319325 23.860497816000134 242.70678606140427 89.789521097205579 254.36473774677143 107.76549496664666 24.388787162490189 44.196155343204737 15.574482382275162 101.03025710349903 758.38901529973373 65.865403190487996 26.96426447853446
leaf_count=524 4621 1600 423 3395 320 1674 1961 111 217 95 1060 4338 517 130
internal_value=0.000297011 0.00747831 -0.00998411 -0.0177885 0.0148993 -0.00407868 -0.0299924 0.0021961 -0.00809356 -0.00691865 -0.0116918 0.00400157 -0.00741591 0.0174047
internal_weight=2841.74 1675.73 1166 490.938 686.732 675.065 147.2 989.002 140.359 39.435 343.737 848.643 90.2542 596.943
internal_count=20986 7757 13229 6934 2050 6295 2479 5707 741 518 4455 4966 628 1730
is_linear=0
shrinkage=0.025


Tree=2
num_leaves=15
num_cat=0
split_feature=178 4 15 18 216 76 212 10 177 216 26 191 76 27
split_gain=256.835 75.9391 50.8586 46.747 42.7761 36.335 28.7026 28.0184 24.635 24.0657 20.5861 20.5594 20.0864 28.3594
threshold=0.055057752877473838 0.3354459702968598 1.0000000180025095e-35 1.0000000180025095e-35 0.62363392114639293 0.19823449105024341 0.063920363783836379 0.37376695871353155 0.45866385102272039 0.69552972912788402 0.31061333417892462 0.65822497010231029 0.1238594949245453 0.14931328594684604
decision_type=2 2 2 2 2 2 2 2 2 2 2 2 2 2
left_child=2 3 8 4 11 6 -4 -7 12 -5 -9 -2 13 -1
right_child=1 -3 5 9 -6 7 -8 10 -10 -11 -12 -13 -14 -15
leaf_value=-0.0049568421253335477 -0.034886651195245491 0.0047737702365919727 0.0073251366722876278 -0.011629137461501063 -0.0099019874709623656 0.019664558253334498 -0.011157233351186025 -0.0026255202901018689 -0.010452688015150188 0.0031332760414864063 0.015584962250522997 0.0063532132707032609 0.0061111865697291287 0.010495181627379457
leaf_weight=299.10008029686287 118.06944171176292 156.01238451618701 245.48755841143429 459.82054932415485 105.92697513755411 280.80662356689572 54.270008951425552 82.655651633627713 80.918631576001644 74.142377585172653 55.360821723937988 3.9037171015515915 538.41980540566146 85.410890819970518
leaf_count=2114 2351 1041 731 6699 1428 631 210 369 614 747 109 35 3397 386
internal_value=-0.000156684 -0.0107614 0.00552267 -0.0139835 -0.0233612 0.0105477 0.00363822 0.0152248 0.00183122 -0.00953262 0.00525806 -0.0330226 0.00304192 -0.00127923
internal_weight=2640.31 917.875 1722.43 761.863 227.9 718.581 299.758 418.823 1003.85 533.963 138.016 121.973 922.931 384.511
internal_count=20862 12301 8561 11260 3814 2050 941 1109 6511 7446 478 2386 5897 2500
is_linear=0
shrinkage=0.025


Tree=3
num_leaves=15
num_cat=0
split_feature=16 176 4 202 169 68 18 67 216 14 129 3 101 136
split_gain=231.373 81.1285 47.4835 37.7928 29.0529 28.3713 25.0181 24.8195 22.5568 20.4932 19.5777 19.2865 19.0923 22.6368
threshold=1.0000000180025095e-35 0.18812649697065356 0.3114724606275559 0.92500004172325145 -0.0030709753045812245 0.020211571827530864 0.22396993637084964 6.0714245936651029e-20 0.69362583756446849 0.22396993637084964 0.6937372386455537 0.1722269877791405 1.3023391366004946 0.0046725010033696899
decision_type=2 2 2 2 2 2 2 2 2 2 2 2 2 2
left_child=1 8 3 6 7 -6 -3 -2 9 11 -4 -1 13 -7
right_child=4 2 10 -5 5 12 -8 -9 -10 -11 -12 -13 -14 -15
leaf_value=-0.0020364484383998027 0.010939034286138377 -0.026447278070589782 0.012562592904650925 0.0013959999916964962 0.0042028894878882971 -0.0038993781295265373 -0.010089100714538857 -0.0076593398773673778 0.004295406839335528 0.0030859693448357889 -0.0084572035596063421 -0.011583022937107414 0.004403883522488306 0.017035316583761482
leaf_weight=265.29812317760661 56.372733084484935 232.15111270151101 38.664277668809518 47.526777772698551 390.94383813533932 29.516006264835596 109.12342408765107 118.02618097700179 214.23504397459328 151.76075278222561 48.939963496290147 273.01856588385999 139.90671694464982 421.57186203822494
leaf_count=2986 280 4305 216 516 1788 161 1467 948 1441 923 362 3390 601 1581
internal_value=-0.000196246 -0.00708249 -0.0153048 -0.0189522 0.00800383 0.0096577 -0.0217725 -0.00126333 -0.00259349 -0.00478682 0.00109024 -0.00704791 0.0130899 0.015573
internal_weight=2537.06 1380.72 476.406 388.801 1156.34 981.938 341.275 174.399 904.312 690.077 87.6042 538.317 590.995 451.088
internal_count=20965 15606 6866 6288 5359 4131 5772 1228 8740 7299 578 6376 2343 1742
is_linear=0
shrinkage=0.025


Tree=4
num_leaves=15
num_cat=0
split_feature=176 5 176 6 24 4 76 22 191 216 38 216 201 62
split_gain=202.079 67.4124 40.3617 31.0372 31.2947 28.895 24.8614 22.9647 21.3567 20.0621 28.0099 17.8154 17.1478 16.4539
threshold=0.065563548356294646 1.1183189153671267 0.18480810523033145 0.072744261473417296 1.0000000180025095e-35 0.3114724606275559 0.19823449105024341 1.0000000180025095e-35 0.76249629259109508 0.45594392716884619 1.0000000180025095e-35 0.71449398994445812 0.22149997949600223 0.029482429847121242
decision_type=2 2 2 2 2 2 2 2 2 2 2 2 2 2
left_child=3 5 11 -1 12 9 -6 8 -4 10 -2 -3 13 -5
right_child=1 2 7 4 6 -7 -8 -9 -10 -11 -12 -13 -14 -15
leaf_value=-0.0046370699582508404 -0.01531572153166026 -0.011099360241921969 -0.028339684976884268 0.0017031580664464297 0.0053149199757205603 0.0047082594258819142 0.015820267549853714 -0.0017584183799065794 0.007013711465181093 -0.001768535097346468 0.0041589520935535187 0.0057702222965770695 -0.015487151861637717 0.011761797245837809
leaf_weight=132.8226241345983 203.0555838579312 128.49196980125271 172.77551189227961 420.3227014397271 263.386444427073 191.83766558440402 356.63148607499897 29.545819553546607 6.2458124300464979 305.51078288210556 51.97200913913548 44.515927493572235 17.067386487498879 126.27562784776092
leaf_count=829 2801 1932 3835 2972 964 1149 900 419 58 3348 478 318 141 747
internal_value=-0.000196082 -0.0078924 -0.0162989 0.00643502 0.00772196 -0.00342369 0.011563 -0.023492 -0.0266777 -0.00626893 -0.0112916 -0.00659843 0.00332226 0.00425204
internal_weight=2450.46 1133.95 381.575 1316.51 1183.68 752.376 620.018 208.567 179.021 560.538 255.028 173.008 563.666 546.598
internal_count=20891 14338 6562 6553 5724 7776 1864 4312 3893 6627 3279 2250 3860 3719
is_linear=0
shrinkage=0.025


Tree=5
num_leaves=15
num_cat=0
split_feature=178 4 26 3 5 216 74 28 10 68 232 151 139 1
split_gain=172.244 59.6019 46.2857 45.2327 32.4494 28.4117 23.4171 22.0609 19.9297 18.3553 17.0078 15.1386 19.3207 14.742
threshold=0.043931584805250175 0.3114724606275559 0.37446653842926031 0.17801404744386676 1.1572675108909609 0.62565243244171154 0.099503677338361754 0.39170669019222265 0.68351846933364879 0.1161465533077717 -0.11137516424059866 3.9663919210433964 0.08344536274671556 0.046740435063838966
decision_type=2 2 2 2 2 2 2 2 2 2 2 2 2 2
left_child=2 4 3 8 7 -6 -7 10 9 -1 -2 12 -3 -5
right_child=1 11 -4 13 5 6 -8 -9 -10 -11 -12 -13 -14 -15
leaf_value=0.0041371252398282677 0.0039066343450593283 -0.0012120781257583071 0.013672295581776248 -0.0085765014769841105 -0.024753339089517209 0.0011743765523673443 -0.022030501260228787 0.012154872921231978 -0.0037700574963100901 0.012896344281404815 -0.010444472635567066 -0.0097154175087681392 0.015164058131684373 0.0006301173909358163
leaf_weight=362.59452950395644 51.37758064083755 87.556102214381099 304.48536407761276 191.08294919971377 165.86229767207988 73.610570802353323 29.292580249719322 23.193249680101871 93.715778184123337 273.98888056538999 398.23378762672655 31.770941719412804 74.760144952684641 225.66924733622
leaf_count=1888 608 737 849 1398 3802 955 645 187 494 1210 5893 305 401 1612
internal_value=-0.000188372 -0.00849615 0.00518402 0.00280179 -0.0116892 -0.018563 -0.00693329 -0.00739331 0.00651947 0.00809527 -0.00871855 0.00361358 0.00678345 -0.0036839
internal_weight=2387.19 935.657 1451.54 1147.05 741.57 268.765 102.903 472.805 730.299 636.583 449.611 194.087 162.316 416.752
internal_count=20984 13533 7451 6602 12090 5402 1600 6688 3592 3098 6501 1443 1138 3010
is_linear=0
shrinkage=0.025


Tree=6
num_leaves=15
num_cat=0
split_feature=17 182 178 182 18 6 15 198 2 199 227 99 246 200
split_gain=172.351 50.5375 47.877 37.8342 36.3387 30.1572 22.2037 21.2677 22.8365 20.6295 20.3297 20.0421 17.3929 16.7311
threshold=1.0000000180025095e-35 0.39170669019222265 0.020347065292298797 0.3354459702968598 0.22396993637084964 0.075578901916742339 1.0000000180025095e-35 0.3417902290821076 0.11463444307446481 1.0377012491226199 0.46453948318958288 0.15908253192901614 0.7315967082977296 0.012942221947014334
decision_type=2 2 2 2 2 2 2 2 2 2 2 2 2 2
left_child=1 4 3 6 9 11 -2 8 -5 12 -6 -3 -1 -7
right_child=2 5 -4 7 10 13 -8 -9 -10 -11 -12 -13 -14 -15
leaf_value=-0.028017617559830451 0.0044807857897715851 -0.023998405428068782 -0.0011996091863182598 0.00050436980023355949 -0.011152806714353054 -0.0061364520131671424 0.014887587759526755 -0.020097980225521103 0.01622548083337147 0.0046389250894032586 0.010056477865276066 0.00029468950675854604 0.0024510238460069382 0.0067097569859379015
leaf_weight=167.77268758974969 211.24514712579548 47.131915651261806 614.0332009200938 361.16453762166202 138.86438479553908 95.643724611960351 402.17517724167556 14.235534741543232 57.37432561442256 10.290228769183157 24.274841383099556 31.096392038743943 9.7560036652721447 141.64591667661443
leaf_count=3184 1300 947 6993 1658 2060 1197 1162 92 242 64 166 371 151 1299
internal_value=0 -0.010625 0.00431428 0.0075392 -0.017007 -0.00312501 0.0114785 0.00176845 0.00308066 -0.0242974 -0.00745272 -0.0154483 -0.0262281 0.00143558
internal_weight=2326.7 666.476 1660.23 1046.19 350.958 315.518 613.42 432.774 418.539 187.819 163.139 78.2283 177.529 237.29
internal_count=20886 9439 11447 4454 5625 3814 2462 1992 1900 3399 2226 1318 3335 2496
is_linear=0
shrinkage=0.025


Tree=7
num_leaves=15
num_cat=0
split_feature=178 4 3 10 178 10 178 172 201 198 179 194 10 28
split_gain=153.643 41.1226 31.6116 28.5783 29.8004 24.7555 28.8137 25.5759 23.7203 21.045 18.8991 18.5385 20.7225 16.8916
threshold=0.055057752877473838 0.3354459702968598 0.20264933258295062 0.40253517031669622 0.16317769140005114 0.37376695871353155 0.020347065292298797 -0.050043221563100808 0.13480214774608615 -0.10194275900721549 0.7642391324043275 0.71968194842338573 0.74024513363838207 0.43366721272468572
decision_type=2 2 2 2 2 2 2 2 2 2 2 2 2 2
left_child=2 3 5 4 13 6 -1 -7 -5 -9 -10 12 -4 -2
right_child=1 -3 11 8 -6 7 -8 9 10 -11 -12 -13 -14 -15
leaf_value=0.013451706958605984 -0.01157531338524119 0.0033143680886943091 -0.0059933834670815814 -0.0099138620808381997 -0.025809475292452169 -0.019568712852879269 -0.00025668449396004515 -0.0097864742722121069 0.0097025201512159018 0.0060012560112394859 -0.01565373584332188 0.0084471833101362158 0.0083453743548438791 0.011856579288657226
leaf_weight=434.96316691115499 189.98993832408451 133.22850263072178 313.56297391839325 231.93055973853916 129.39259857358411 18.507488798350096 119.1571262399666 48.88786359410733 75.494861903600395 406.14917373657227 11.583382766228167 95.272401531226933 66.444397112354636 11.100726627744733
leaf_count=1575 3262 1060 2488 3861 3017 140 1148 303 833 2053 252 506 347 65
internal_value=-0.00011568 -0.00902288 0.00454959 -0.0115867 -0.0166825 0.00699293 0.0105388 0.00266 -0.00585646 0.00407043 0.004716 -0.000749931 -0.00327564 -0.0096283
internal_weight=2285.67 782.721 1502.94 649.492 330.483 1027.66 554.12 473.545 319.009 455.037 87.0782 475.28 380.007 201.091
internal_count=20910 12350 8560 11290 6344 5219 2723 2496 4946 2356 1085 3341 2835 3327
is_linear=0
shrinkage=0.025


Tree=8
num_leaves=15
num_cat=0
split_feature=16 5 4 7 176 175 201 227 17 95 191 14 116 175
split_gain=155.205 57.4285 33.8349 27.5036 26.6922 22.306 23.4144 22.0278 29.5881 21.5889 21.0597 16.4743 16.2592 14.8755
threshold=1.0000000180025095e-35 1.1572675108909609 0.24964435398578647 0.24638342112302783 0.18480810523033145 -0.17118138819932935 0.12880787253379825 0.38032615184783941 0.22396993637084964 1.6345715522766116 0.76249629259109508 0.31061333417892462 0.4859121590852738 -0.32499285042285914
decision_type=2 2 2 2 2 2 2 2 2 2 2 2 2 2
left_child=1 2 5 7 -3 9 -7 8 -2 -1 -6 -10 -9 -14
right_child=3 4 -4 -5 10 6 -8 12 11 -11 -12 -13 13 -15
leaf_value=-0.01665679413452047 -0.00735145753838767 -0.0071555273939663952 0.0032117827082973824 -0.0062860307895738644 -0.024697263437264371 -0.0061881940374619009 0.0087598944914933884 0.0035515996025929477 0.0047796561017784019 0.0034725151702717661 0.0073398915019710605 0.013899643224027251 -0.007853582312486793 0.020253762031400897
leaf_weight=169.25813237251714 87.076566618867218 153.95542427524924 325.26518886198755 84.636551608797163 148.39761959132738 261.44284487422556 74.252832854166627 71.724826071411371 485.78001716453582 35.086430006660521 8.1040552579797787 170.76609118655324 5.9029539972543708 154.85426822304726
leaf_count=2424 598 2134 2652 788 3845 3352 687 274 2646 304 69 529 40 485
internal_value=-0.000251436 -0.00648094 -0.00305937 0.00663717 -0.01551 -0.00684682 -0.00265764 0.0078331 0.00554674 -0.0131419 -0.0225595 0.00737735 0.014464 0.0186755
internal_weight=2236.5 1175.76 865.305 1060.74 310.457 540.04 335.696 976.105 743.623 204.345 156.502 656.546 232.482 160.757
internal_count=20827 15467 9419 5360 6048 6767 4039 4572 3773 2728 3914 3175 799 525
is_linear=0
shrinkage=0.025


Tree=9
num_leaves=15
num_cat=0
split_feature=26 17 10 68 2 169 168 3 1 7 129 26 5 28
split_gain=119.854 64.3321 40.9469 30.1574 24.7423 20.8758 20.4093 20.2207 16.38 16.198 15.7772 15.5126 15.4326 13.8709
threshold=0.22396993637084964 1.0000000180025095e-35 0.48828019201755529 0.13381855934858325 -0.032602788880467408 -0.0087720756419002992 -0.88447090983390797 0.58984950184822094 0.14406474679708484 0.24638342112302783 1.0474181175231936 0.37446653842926031 0.6781650483608247 0.14931328594684604
decision_type=2 2 2 2 2 2 2 2 2 2 2 2 2 2
left_child=1 2 7 11 6 -3 -4 8 -1 -7 -11 12 13 -2
right_child=3 5 4 -5 -6 9 -8 -9 -10 10 -12 -13 -14 -15
leaf_value=-0.015793259360892379 0 -0.0085039262336289358 0.0034568339513841293 0.013931124135913598 0.002774255454602745 0.0032649413184552899 -0.019456249512450782 -0.028166078177330398 -0.00066045378258414861 -0.016993045405281262 0.0009786738829712894 0.0090368118611682379 -0.007665459428506544 0.016532479893101509
leaf_weight=165.90496551478282 117.70012096315622 134.73920592386276 29.763582747429609 319.44841134734452 165.70110920537263 661.8947393707931 64.141365454532206 70.404578315559775 63.500347344670445 40.560711663216352 67.090158607810736 178.26801502448507 97.545153947547078 31.608014324679971
leaf_count=2928 540 1790 321 1154 1815 5194 1207 1773 863 668 828 700 990 101
internal_value=0.000144412 -0.00399847 -0.0105652 0.00823939 -0.00301564 0.000135443 -0.012507 -0.0166947 -0.0118973 0.00177144 -0.00671339 0.00366883 -0.000398645 0.00448845
internal_weight=2208.27 1463.7 559.416 744.57 259.606 904.285 93.9049 299.81 229.405 769.546 107.651 425.121 246.853 149.308
internal_count=20872 17387 8907 3485 3343 8480 1528 5564 3791 6690 1496 2331 1631 641
is_linear=0
shrinkage=0.025


Tree=10
num_leaves=15
num_cat=0
split_feature=178 4 15 10 176 36 202 209 122 91 179 150 162 179
split_gain=126.989 46.7325 32.1283 31.7861 25.1021 29.3635 18.8455 17.2366 17.1188 24.2722 15.4961 21.9721 15.0145 15.1419
threshold=0.055057752877473838 0.3114724606275559 1.0000000180025095e-35 0.40253517031669622 0.18812649697065356 0.54616111516952526 0.92500004172325145 -0.010792147833853958 0.24900405108928683 1.9031498789011048e-14 0.3850769847631455 3.6308377981185918 -2.0839674472808833 0.24207933992147448
decision_type=2 2 2 2 2 2 2 2 2 2 2 2 2 2
left_child=2 4 10 8 -2 -6 -7 -5 9 -4 12 -12 -1 -14
right_child=1 -3 3 7 5 6 -8 -9 -10 -11 11 -13 13 -15
leaf_value=-0.0089525637758231039 -0.0066694123033800056 0.0034706886407778375 0.0089502466408590813 -0.015645328430616556 -0.021242386499369617 -0.010005098198384859 0.015933553456146263 0.0032584748074875251 0.015027940878539803 -0.018278725511986421 -0.01589244981330399 0.0091265039737432226 0.0010199308409862056 0.0095752528971784004
leaf_weight=59.056809232570231 324.98155137104914 151.34343510027975 63.194434083998203 24.358361143618822 215.40909796999767 33.667656083591282 16.387668524868786 164.426334137097 311.30549398250878 16.085549822077155 59.486280960962176 21.750797444954515 551.52896604780108 160.15791032928973
leaf_count=556 5259 1258 173 130 5085 679 92 653 969 100 654 120 4221 1045
internal_value=-0.000323801 -0.00864414 0.00401552 0.00849603 -0.0117774 -0.0174268 0 0 0.0124651 0.00161197 0.000878504 -0.00874722 0.00202758 0.00308934
internal_weight=2173.14 741.789 1431.35 579.37 590.446 265.464 50.0553 188.785 390.585 79.28 851.981 81.2371 770.744 711.687
internal_count=20994 12373 8621 2025 11115 5856 771 783 1242 273 6596 774 5822 5266
is_linear=0
shrinkage=0.025


Tree=11
num_leaves=15
num_cat=0
split_feature=176 5 26 6 141 52 92 3 202 28 177 227 5 121
split_gain=112.351 45.7578 25.0777 22.3874 21.5484 19.719 17.1645 14.9914 16.1776 14.4891 14.3403 18.9734 14.2563 17.4547
threshold=0.053880957886576659 1.1385689377784731 0.22396993637084964 0.076574057340621962 2.5117734670639043 0.14931328594684604 0.235574446618557 0.36237056553363806 0.73095241189003002 1.0000000180025095e-35 0.62388765811920177 0.72838327288627636 1.0352671742439272 0.97393646836280834
decision_type=2 2 2 2 2 2 2 2 2 2 2 2 2 2
left_child=2 5 -1 4 -3 -2 9 8 -8 -4 11 -5 -7 -14
right_child=1 3 6 10 -6 12 7 -9 -10 -11 -12 -13 13 -15
leaf_value=0.0017146957116219771 -0.0048927588479041806 -0.026277210183867319 -0.0025942889824288021 -0.0074495900805473941 0.0079790659511824371 -0.00034687983984179314 0.021070971977512707 -0.0029430961391495153 0.0078658488239037854 0.010013830097918933 -0.020449337077845704 0.014913120415330654 0.019243949514385666 -0.010107555063894706
leaf_weight=582.17800699546933 564.08527148840949 94.43364386074245 110.73160580452532 152.77449771715328 6.8647342105396083 130.93875711178407 130.0797944329679 27.966395616531372 144.44405975006521 95.434848568402231 37.193916595075279 16.01181922480464 45.842998133972287 7.4818536639213553
leaf_count=3903 7466 2699 487 2678 57 1103 304 113 512 279 921 58 254 111
internal_value=-0.00024603 -0.00603114 0.00534574 -0.0139752 -0.0232462 -0.0025837 0.0093423 0.0130583 0.014787 0.00341452 -0.00832985 -0.00440995 0.00428827 0.0138342
internal_weight=2146.46 1055.63 1090.83 307.279 101.298 748.349 508.657 302.49 274.524 206.166 205.98 168.786 184.264 53.3249
internal_count=20945 15347 5598 6413 2756 8934 1695 929 816 766 3657 2736 1468 365
is_linear=0
shrinkage=0.025


Tree=12
num_leaves=15
num_cat=0
split_feature=176 5 244 26 28 4 2 179 216 198 6 26 62 28
split_gain=116.2 45.7358 25.6739 20.8518 19.7961 19.522 20.8431 16.1451 15.4876 13.5656 13.5103 12.7371 12.631 14.4687
threshold=0.053880957886576659 1.1034565567970278 0.08403427898883821 0.37446653842926031 0.20707555115222934 0.20707555115222934 0.19077782332897189 0.35498821735382086 0.44860774278640753 0.067985542118549361 0.08888461068272592 1.0000000180025095e-35 0.12603619694709781 0.14931328594684604
decision_type=2 2 2 2 2 2 2 2 2 2 2 2 2 2
left_child=3 5 7 8 -4 6 -2 -3 -1 -5 -7 -9 13 -10
right_child=1 2 4 9 -6 10 -8 11 12 -11 -12 -13 -14 -15
leaf_value=0.0078924874867668908 -0.0027700269458566388 -0.0093038805884509655 -0.0091129337187501117 0.0073976349689325403 0.010961837465678215 -0.0031515862505406503 -0.017740721411696716 -0.026180110846089219 -0.0027741344740569631 0.020734208901213136 0.0066358768030707026 0.0058654799298322596 0.0097288806395545158 0.0088164656628767473
leaf_weight=342.02717507537454 302.53010078240186 107.57656991481781 92.402368001639843 178.53661157563329 31.725329717621207 146.01023196429014 62.97211090894416 107.6152085524518 362.62988733500242 72.840927205979824 187.73703328240663 3.4167749108746639 74.878762660548091 69.929099963977933
leaf_count=1993 3961 2059 1687 509 243 1892 1041 3160 2279 162 1337 20 348 321
internal_value=0.000228074 -0.00571603 -0.0130399 0.00586657 -0.00337626 -0.0019492 -0.00586438 -0.0180116 0.00387124 0.0120782 0.00235706 -0.0246165 0.00101703 -0.000684833
internal_weight=2142.83 1041.99 342.736 1100.84 124.128 699.249 365.502 218.609 849.465 251.378 333.747 111.032 507.438 432.559
internal_count=21012 15400 7169 5612 1930 8231 5002 5239 4941 671 3229 3180 2948 2600
is_linear=0
shrinkage=0.025


Tree=13
num_leaves=15
num_cat=0
split_feature=17 10 26 165 4 7 1 168 169 66 18 245 227 179
split_gain=119.458 41.3342 39.3939 22.7399 20.9248 19.9555 17.3176 16.6222 15.1877 18.2847 15.0589 14.6073 14.1445 13.4836
threshold=1.0000000180025095e-35 0.48828019201755529 0.31061333417892462 -0.084347497671842561 0.35638883709907537 0.24682920426130298 -0.19005213677883145 -0.9451678693294524 -0.002439663046970963 5.867522304470186e-06 0.22396993637084964 0.24216231703758243 0.6318444311618806 0.24207933992147448
decision_type=2 2 2 2 2 2 2 2 2 2 2 2 2 2
left_child=1 4 5 7 10 6 13 -3 -4 -10 12 -7 -1 -2
right_child=2 3 8 -5 -6 11 -8 -9 9 -11 -12 -13 -14 -15
leaf_value=-0.025905670120891639 -0.016965875509139482 0.005149792416633798 -6.7761115811401055e-05 0.002647924461383698 0.0010081229411273746 -0.011254146956579416 0.0035870165595420465 -0.018236388310952929 0.003000073842780815 0.015916788654057632 -0.0096120282031987234 0.0081420552649750927 -0.0010754904810120001 0.00075092381149535574
leaf_weight=131.73803078988567 35.849940485786647 18.886602626182139 72.900816106237471 189.58209111914039 39.12644294789061 106.86919803358614 886.14754834258929 58.800245767924935 106.05485761351883 243.40855012089014 119.75461092754267 20.466119851917028 18.291471495293081 56.110644494649023
leaf_count=3212 454 195 412 2107 323 1670 7072 1228 433 719 2154 219 225 532
internal_value=0.000109581 -0.00946888 0.00377565 -0.00205289 -0.0155295 0.00124174 0.00248559 -0.0124832 0.0101613 0.0122612 -0.0179131 -0.00761423 -0.0232594 -0.00719667
internal_weight=2103.99 576.179 1527.81 267.269 308.911 1105.44 978.108 77.6868 422.364 349.463 269.784 127.335 150.03 91.9606
internal_count=20955 9444 11511 3530 5914 9947 8058 1423 1564 1152 5591 1889 3437 986
is_linear=0
shrinkage=0.025


Tree=14
num_leaves=15
num_cat=0
split_feature=178 4 25 176 218 3 10 10 113 68 156 3 170 202
split_gain=104.589 42.2421 26.549 25.6941 20.7144 16.7219 16.6755 15.4516 14.5893 13.4506 12.8201 12.4157 17.7737 12.3524
threshold=0.042828923091292388 0.3114724606275559 0.22396993637084964 0.18812649697065356 0.16916033625602725 0.24316004663705829 0.73524409532547008 0.50498560070991527 0.034325117245316512 0.1161465533077717 -1.5941935181617735 0.35718013346195226 -0.43240180611610407 0.74999997019767772
decision_type=2 2 2 2 2 2 2 2 2 2 2 2 2 2
left_child=2 3 5 -2 -5 9 8 -6 -7 -1 -3 -4 -13 -12
right_child=1 10 11 4 7 6 -8 -9 -10 -11 13 12 -14 -15
leaf_value=0.0010680858307389254 -0.0054848896981625726 -0.011272378491648589 0.011989709379053885 -0.020247095426117051 -0.013228808960866551 -0.00063636510287069586 0.0090464793299057066 0.0077430257099143215 -0.014201078613424893 0.0081300634461211573 -0.0029710521073709074 0.0089276146981450578 -0.018181816254101601 0.010755966576041463
leaf_weight=382.46031817980111 380.25001280708238 19.471869010478258 310.79517587646842 179.73432761838194 31.786573010496795 123.00491030327976 43.926153983920813 32.268758545164019 74.853647022508085 302.65743253938854 54.336383130401373 25.808385130017996 13.17615391127765 105.91874596755952
leaf_count=2495 6170 224 943 4710 712 963 247 425 783 1727 516 79 84 742
internal_value=0.00016135 -0.00683836 0.00460053 -0.0098775 -0.0161013 0.00230707 -0.00320505 -0.00294483 -0.00634631 0.00429196 0.00360658 0.0103655 -0.00211259 0.00614636
internal_weight=2080.45 803.767 1276.68 624.04 243.79 926.902 241.785 64.0553 197.859 685.118 179.727 349.78 38.9845 160.255
internal_count=20820 13499 7321 12017 5847 6215 1993 1137 1746 4222 1482 1106 163 1258
is_linear=0
shrinkage=0.025


Tree=15
num_leaves=15
num_cat=0
split_feature=176 5 68 127 154 32 227 179 174 208 5 247 32 6
split_gain=82.6844 46.1149 20.2901 23.1698 22.4867 19.5442 17.6212 15.9233 17.903 15.3366 14.6177 17.1136 12.592 18.2337
threshold=0.072779342532157912 1.1572675108909609 0.11294038966298105 1.870309114456177 3.452065229415894 0.20707555115222934 0.60488566756248485 0.20198660343885425 -0.016619826667010781 0.017898079007864002 1.0352671742439272 -0.21760680526494977 1.0000000180025095e-35 0.13370372354984286
decision_type=2 2 2 2 2 2 2 2 2 2 2 2 2 2
left_child=2 5 12 -4 9 7 -3 -2 -9 -5 11 -7 13 -1
right_child=1 6 3 4 -6 10 -8 8 -10 -11 -12 -13 -14 -15
leaf_value=0.00027057087466044513 0.00030697535543977648 -0.018185475928433233 0.01513951922043584 -0.012971983172496799 0.0070700704780339478 0.010023046480087901 0.00016034843764900421 0.0058619444767803765 -0.011503699035109359 0.0091690673693951598 0.013001694951111774 -0.0075917342253854578 0.0046394463381096698 -0.015119919684811932
leaf_weight=297.76711495034397 190.84019813779742 192.99418007489294 166.3391205817461 59.135811478830874 282.77695770189166 43.461035182699561 37.088001856114715 35.180030156858265 229.74593070754781 16.590060498565435 62.217630001250654 78.800800220109522 314.87166869733483 44.96638744045049
leaf_count=2336 2396 5141 685 494 1630 346 447 401 3596 83 494 867 1802 269
internal_value=-0.000190458 -0.0059991 0.00409179 0.00770419 0.00384198 -0.00241187 -0.0153152 -0.00516741 -0.00899845 -0.00738811 0.00423204 -0.000900829 0.00110362 -0.00215659
internal_weight=2052.77 870.328 1182.45 524.842 358.503 640.246 230.082 455.766 264.926 75.7259 184.479 122.262 657.605 342.734
internal_count=20987 13688 7299 2892 2207 8100 5588 6393 3997 577 1707 1213 4407 2605
is_linear=0
shrinkage=0.025


Tree=16
num_leaves=15
num_cat=0
split_feature=178 5 6 244 243 218 15 116 201 10 14 175 179 200
split_gain=90.6184 30.6621 27.4396 23.6835 22.8142 20.6801 18.4374 18.7481 16.7396 16.514 15.6545 19.22 12.9591 11.6413
threshold=0.04659631289541722 1.1183189153671267 0.072744261473417296 0.13849674910306933 -0.14594561606645581 0.22616494446992877 1.0000000180025095e-35 0.4859121590852738 0.18781147897243503 0.68997231125831615 0.31061333417892462 -0.17118138819932935 0.37766093015670782 0.012942221947014334
decision_type=2 2 2 2 2 2 2 2 2 2 2 2 2 2
left_child=2 4 5 12 -2 13 8 -8 -4 -9 11 -6 -3 -1
right_child=1 3 6 -5 10 -7 7 9 -10 -11 -12 -13 -14 -15
leaf_value=-0.0017854585948921843 0.014245549676277945 -0.0089723006273638526 0.0037016823323522464 -0.0007696655579168889 -0.013327799501393324 0.01242821567006175 0.0014745945808285381 0.013877190790679931 -0.012028570229940545 -0.0043795300056916021 0.0077389401088406463 -0.0017408603986809454 -0.023572192950840454 -0.017835831961887576
leaf_weight=59.216234213672578 34.033514408394694 98.573126960545778 633.18114329269156 75.950046362588182 131.22256870241836 19.833898808807135 148.9344727024436 315.57556090317667 33.336631939746439 27.591338951140642 48.704873867332935 258.37764706229791 101.25654400605708 52.182176354341209
leaf_count=460 234 2106 4549 1212 2204 105 556 1090 317 132 376 3862 3228 455
internal_value=0.000264859 -0.00658905 0.00427385 -0.0130464 -0.00256322 -0.00611774 0.00551219 0.00914449 0.00269768 0.0122757 -0.00424099 -0.00595625 -0.0173455 -0.0104085
internal_weight=2037.97 748.118 1289.85 275.78 472.339 131.232 1158.62 492.101 666.518 343.167 438.305 389.6 199.83 111.398
internal_count=20886 13222 7664 6546 6676 1020 6644 1778 4866 1222 6442 6066 5334 915
is_linear=0
shrinkage=0.025


Tree=17
num_leaves=15
num_cat=0
split_feature=176 5 26 32 176 3 193 22 191 199 216 247 97 138
split_gain=77.5929 32.1625 21.5582 21.0579 19.8589 14.6066 15.7823 13.8635 15.1784 13.6546 11.648 11.5829 12.6649 20.4155
threshold=0.058794636279344566 1.1572675108909609 0.37446653842926031 0.20707555115222934 0.18480810523033145 0.24159795790910724 0.46715016663074499 1.0000000180025095e-35 0.76249629259109508 1.0073150992393496 0.44860774278640753 -0.26385025680065149 0.71812132000923168 1.515074670314789
decision_type=2 2 2 2 2 2 2 2 2 2 2 2 2 2
left_child=2 3 11 5 9 10 -7 8 -6 -3 -2 -1 13 -13
right_child=1 4 -4 -5 7 6 -8 -9 -10 -11 -12 12 -14 -15
leaf_value=-0.0022170392708513137 -0.0059832636117578431 -0.0078566208265029563 0.011431483001811136 0.0047777011907789435 -0.024028820740090131 -0.014045066366318242 0.00025701513689212538 0 0.0056700056818000839 0.011235907250717728 0.0034361560327486732 0.003083028187802362 -0.0042634640226656166 0.014187587679598324
leaf_weight=194.90461507998407 142.44965311698616 93.374922418035567 239.90288164652884 196.7810229617171 104.58896987349726 139.13704787893221 67.704683497548103 21.465246765874326 6.6393626676872364 18.424820996820927 162.37731973524205 439.05573074612767 78.4053148124367 129.893574914895
leaf_count=1309 2196 1850 671 1798 3513 2372 898 398 61 111 1897 2641 501 742
internal_value=0.000410383 -0.00475325 0.00497112 -0.00194972 -0.0123568 -0.00461106 -0.00954911 -0.0185454 -0.0217751 -0.00382505 -0.000986107 0.00298164 0.00457767 0.00588045
internal_weight=2035.11 952.943 1082.16 708.45 244.493 511.669 206.842 132.694 111.228 111.8 304.827 842.259 647.355 568.949
internal_count=20958 15094 5864 9161 5933 7363 3270 3972 3574 1961 4093 5193 3884 3383
is_linear=0
shrinkage=0.025


Tree=18
num_leaves=15
num_cat=0
split_feature=176 4 5 25 201 232 92 76 73 100 3 202 194 92
split_gain=80.6691 38.4024 25.3012 24.4944 20.6584 20.1566 12.6788 10.3194 11.6467 9.6238 9.49124 14.2586 10.5992 9.29673
threshold=0.078915040940046324 0.3354459702968598 1.3054679036140444 0.22396993637084964 0.095864050090312972 -0.13371831178665158 0.38760273158550268 0.14025809615850451 0.00072927188011817645 1.2979594469070437 0.044173773378133781 0.86249998211860668 0.06695068255066873 0.235574446618557
decision_type=2 2 2 2 2 2 2 2 2 2 2 2 2 2
left_child=3 2 4 7 5 -2 -3 10 -9 -8 11 -1 -12 -5
right_child=1 6 -4 13 -6 -7 9 8 -10 -11 12 -13 -14 -15
leaf_value=0.0081930543633766551 0.0050822535014512366 0.0095158380419773664 -0.021289218875706506 0.0038429418889823251 0.00073012984667891257 -0.011730971606137501 -0.014494877874090454 0.0099554996657270634 0.0016675540047684486 0.002726318299186006 -0.0094546496853324894 -0.011397970245870775 0.00035388609335155747 0.013317789761344043
leaf_weight=99.277470269240439 42.957196398638189 99.300509558990598 81.004662714432925 121.24031629785895 161.2327452567406 345.90670146560296 19.739374340511858 140.63362588081509 385.22398338187486 45.828910803422332 107.96318700071424 17.784392355009913 154.24515647348017 188.84380101412535
leaf_count=426 588 691 2649 424 2159 6556 242 841 2783 367 1104 102 1448 559
internal_value=-3.73038e-05 -0.00617731 -0.00895707 0.00399532 -0.00670313 -0.00974592 0.00427842 0.0018441 0.00407996 -0.00373733 -0.00125401 0.00433684 -0.00387617 0.00993321
internal_weight=2011.18 795.97 631.101 1215.21 550.097 388.864 164.869 905.128 525.858 65.5683 379.27 117.062 262.208 310.084
internal_count=20939 13252 11952 7687 9303 7144 1300 6704 3624 609 3080 528 2552 983
is_linear=0
shrinkage=0.025


Tree=19
num_leaves=15
num_cat=0
split_feature=26 6 95 3 76 10 179 120 179 218 61 6 7 28
split_gain=63.4428 37.1834 24.5232 21.7813 20.3955 17.8643 16.7219 23.1221 21.2077 15.432 13.7129 12.8548 12.812 12.7361
threshold=0.22396993637084964 0.072475306689739241 0.39510601758956915 0.55893570184707653 0.14025809615850451 0.50498560070991527 0.35117864608764654 0.13332663476467135 0.18630993366241458 0.16916033625602725 5.4299227332348109e-13 0.074136111885309233 0.21696616709232333 1.0000000180025095e-35
decision_type=2 2 2 2 2 2 2 2 2 2 2 2 2 2
left_child=1 2 -1 6 13 10 8 -8 -3 12 -5 -6 -4 -2
right_child=4 3 9 5 11 -7 7 -9 -10 -11 -12 -13 -14 -15
leaf_value=-0.023021577606240622 -0.0042046360013975872 0.0017074460277729281 0 0.0018895724838859955 0 -0.001925365120440262 -0.005467414129947893 0.011744719987372967 -0.006430490192874604 0.0098582568288355446 -0.026048995567412272 0.011457358806069913 -0.017026571031964127 0.0066500590982161052
leaf_weight=75.89199229516089 143.28905005985871 474.38762393267825 49.579256704542786 10.977522681001572 72.039820432662964 75.427595922024921 62.926632611546665 136.27024921216071 327.71201878692955 23.686499361414462 39.406868796097115 348.39920995710418 47.649892490822822 107.33181202132255
leaf_count=1857 1156 5111 789 193 440 1016 839 1191 4262 199 1003 1377 1003 563
internal_value=3.57959e-05 -0.00312707 -0.0128285 -0.0013048 0.00623933 -0.0106232 -9.66801e-06 0.00624648 -0.00164787 -0.00483599 -0.0205689 0.00953015 -0.00921993 0.000487888
internal_weight=1994.98 1323.92 196.808 1127.11 671.06 125.812 1001.3 199.197 802.1 120.916 50.3844 420.439 97.2291 250.621
internal_count=20999 17463 3848 13615 3536 2212 11403 2030 9373 1991 1196 1817 1792 1719
is_linear=0
shrinkage=0.025


Tree=20
num_leaves=15
num_cat=0
split_feature=17 10 76 27 2 3 227 26 176 200 1 79 132 185
split_gain=67.0631 42.495 24.6055 22.5423 21.6861 21.1262 16.7366 15.792 14.605 13.0563 12.8544 11.9356 11.751 11.3048
threshold=1.0000000180025095e-35 0.47004804015159612 0.14025809615850451 1.0957247614860537 -0.15215295553207395 0.34418459236621862 0.46453948318958288 0.31061333417892462 0.10590747371315958 0.017714569345116619 -0.14103973656892774 2.3198400735855107 0.65060845017433178 0.70000001788139354
decision_type=2 2 2 2 2 2 2 2 2 2 2 2 2 2
left_child=1 5 3 12 8 6 -1 10 -3 -6 -4 -11 -2 -14
right_child=2 4 7 -5 9 -7 -8 -9 -10 11 -12 -13 13 -15
leaf_value=-0.011320925944307003 -0.0050758785050768465 0.0063311953112146716 -0.0072389706120313249 0.014747888572725756 -0.003475244770297448 -0.021138678700772278 0.0063134050572064603 0.010521785341177098 -0.017944605186482505 0.010686136565168199 0.0044420235305334659 -0.011164870142336025 0.0090217368442108061 -0.0025235384339708138
leaf_weight=103.48832368687727 350.99511751113459 13.300311003811656 54.714359507896006 40.390092402696609 87.071757319848984 127.89334656123538 37.466796439141035 275.5831144079566 46.210673154564574 118.83474551653489 511.51616931613535 7.3665053732693186 79.579007170163095 114.19648103602231
leaf_count=2065 3303 93 621 141 1336 3254 341 977 1194 1064 4296 148 763 1319
internal_value=0.00014248 -0.00724593 0.0029926 -0.000920415 -0.000164305 -0.0140727 -0.00642431 0.00570197 -0.0121923 0.00360716 0.00316488 0.00846153 -0.00239736 0.0024067
internal_weight=1968.61 541.632 1426.97 585.161 272.784 268.848 140.955 841.814 59.511 213.273 566.231 126.201 544.771 193.775
internal_count=20915 9495 11420 5526 3835 5660 2406 5894 1287 2548 4917 1212 5385 2082
is_linear=0
shrinkage=0.025


Tree=21
num_leaves=15
num_cat=0
split_feature=178 4 6 15 10 147 119 6 116 10 3 200 62 231
split_gain=64.763 37.6382 18.1792 16.5214 22.0217 17.4487 12.3808 12.0899 12.69 12.5488 15.1201 11.8399 11.8313 15.1758
threshold=0.042251711711287505 0.3114724606275559 0.052699072286486633 1.0000000180025095e-35 0.40253517031669622 0.91032040119171154 0.85944354534149181 0.072475306689739241 0.99240571260452282 0.50498560070991527 0.2790494859218598 0.036261685192584998 0.025688605383038524 -0.075013540685176835
decision_type=2 2 2 2 2 2 2 2 2 2 2 2 2 2
left_child=2 7 -1 12 -5 -6 -3 8 -2 10 -9 -11 -4 -14
right_child=1 6 3 4 5 -7 -8 9 -10 11 -12 -13 13 -15
leaf_value=-0.010254382141841161 -0.024373685976826757 0.010889469188280652 -0.00035336215448956336 0.011097509710422703 0.0051373957623086566 -0.011428879638933647 -0.0019975691484121517 -0.0047617870166155318 -0.0056443577467520968 -0.0074748768253892475 -0.016459277531772072 0.0046716519216774017 -0.0075295182967188637 0.010685843713858353
leaf_weight=45.370482135564089 49.26911913335789 80.441799202933908 503.88284581014886 338.32337215915322 114.10660839267075 46.009761640802026 84.985714291688055 193.59898281795904 54.34832710493356 83.98286435008049 115.17117712530307 92.668207313865423 25.79096656665206 130.28381306957453
leaf_count=380 1787 663 3912 1211 480 256 837 3579 1196 1700 2722 1168 217 837
internal_value=-3.43715e-05 -0.00573162 0.00354745 0.00419829 0.00758677 -1.52631e-05 0.00451117 -0.00866167 -0.0162635 -0.00666065 -0.00961643 -0.0011449 0.00153072 0.00727875
internal_weight=1958.23 754.466 1203.77 1158.4 498.44 160.116 165.428 589.039 103.617 485.421 308.77 176.651 659.958 156.075
internal_count=20945 13652 7293 6913 1947 736 1500 12152 2983 9169 6301 2868 4966 1054
is_linear=0
shrinkage=0.025


Tree=22
num_leaves=15
num_cat=0
split_feature=16 4 176 174 3 213 166 26 233 158 36 1 198 1
split_gain=70.1943 33.2287 17.718 19.843 20.874 14.8047 14.67 14.1087 20.4928 10.1919 11.6097 10.1296 9.30599 20.5698
threshold=1.0000000180025095e-35 0.39170669019222265 0.46864125132560736 -0.01851003989577293 0.20149951428174975 0.045173484832048423 -0.13245846331119535 0.31061333417892462 -0.27146373689174647 -0.18009799718856809 0.20707555115222934 -0.38612456619739527 -0.094685103744268403 0.045254286378622062
decision_type=2 2 2 2 2 2 2 2 2 2 2 2 2 2
left_child=1 2 3 6 -5 -4 -1 8 -2 11 -11 -9 13 -10
right_child=7 -3 5 4 -6 -7 -8 9 12 10 -12 -13 -14 -15
leaf_value=-0.0093793240690255922 0.0097630983404163006 0.0070386362957168269 0.0036593501198982368 -0.001311412379266564 -0.0099506484328583944 -0.021498903685742494 0.0107653661677693 -0.0086313432256869063 -0.01788673548297302 0.0069151706391419729 -0.012709412012137794 0.012716856673974351 0.0016143124099541755 0.0064131694422205586
leaf_weight=19.99757697689347 182.06583642121404 131.58127783518285 13.367672896012662 324.89336894731969 387.27600838488434 60.589695558417588 71.422867750283331 5.9557357169687739 37.931052872911096 43.219467207789421 16.57717277109623 239.72829365357757 373.87232469022274 29.141252702102065
leaf_count=383 864 822 229 4596 6874 1878 721 39 317 139 70 764 2944 230
internal_value=0.000348353 -0.00418562 -0.0059549 -0.00469525 -0.00611371 -0.0169301 0.00566099 0.00527991 0.00299341 0.00961433 8.57e-05 0.011773 0 -0.00779992
internal_weight=1937.62 1009.13 877.547 803.59 712.169 73.9574 91.4204 928.491 623.01 305.481 59.7966 245.684 440.945 67.0723
internal_count=20870 15503 14681 12574 11470 2107 1104 5367 4355 1012 209 803 3491 547
is_linear=0
shrinkage=0.025


Tree=23
num_leaves=15
num_cat=0
split_feature=176 176 174 6 159 53 17 213 164 174 195 6 168 233
split_gain=63.829 26.6742 20.1522 15.3571 14.6501 14.2812 17.0323 12.4434 11.3418 14.1062 12.3884 11.914 11.416 10.6829
threshold=0.058794636279344566 0.46864125132560736 -0.01851003989577293 0.052699072286486633 -1.7904428243637083 0.20707555115222934 1.0000000180025095e-35 0.045173484832048423 -0.13347847759723661 -0.011086966842412947 0.97945889830589306 0.13155376166105273 -0.89552786946296681 -0.10664856433868407
decision_type=2 2 2 2 2 2 2 2 2 2 2 2 2 2
left_child=3 2 4 -1 -2 6 -4 -3 10 -10 12 -11 -5 -6
right_child=1 7 5 8 13 -7 -8 -9 9 11 -12 -13 -14 -15
leaf_value=-0.0095152018501892706 -0.013329961325028512 0.001482122342237499 -0.011592009381745497 0.0087599627098615077 0.013063869375682061 0.0019190072889395627 -0.002928170577126812 -0.022804447937956801 -0.010865550784128044 0.0068116436906381266 -0.017392472379938344 -0.00315776982742449 -0.0076678787980584452 -0.0090477059677497532
leaf_weight=40.134129295591265 8.8154970230534655 13.259456736966966 258.0276634299662 46.631160466000438 76.31828974862583 134.14854464912787 333.12503652367741 60.259066217229702 21.263265524059534 791.73492249473929 16.688300867564976 73.914401859045029 36.00792103074491 6.7488056938163927
leaf_count=299 192 244 5295 254 748 1360 5103 1935 180 4458 158 349 274 146
internal_value=-0.000425856 -0.00529134 -0.00381835 0.0037968 0.00656198 -0.0052357 -0.0068859 -0.0186847 0.00445891 0.00535873 -0.00317507 0.00591462 0.00140521 0.0102206
internal_weight=1917.08 890.702 817.184 1026.37 91.8826 725.301 591.153 73.5185 986.24 886.913 99.3274 865.649 82.6391 83.0671
internal_count=20995 15023 12844 5972 1086 11758 10398 2179 5673 4987 686 4807 528 894
is_linear=0
shrinkage=0.025


Tree=24
num_leaves=15
num_cat=0
split_feature=26 178 10 74 32 64 234 243 1 172 5 123 86 167
split_gain=54.2811 27.0979 33.8499 13.7713 18.5856 14.6565 13.7013 13.2404 12.8695 14.1264 14.3426 11.546 11.2658 11.1626
threshold=0.22396993637084964 0.099400836974382414 0.37376695871353155 0.56546828150749218 1.0000000180025095e-35 1.4621385326714801e-14 0.016711369156837467 -0.046510955318808549 -0.11655743420124053 -0.047098448500037186 1.0861553549766543 0.21965254098176959 0.055893097072839744 0.15296787023544314
decision_type=2 2 2 2 2 2 2 2 2 2 2 2 2 2
left_child=1 8 7 4 5 -2 -4 -3 13 10 -10 -11 -6 -1
right_child=3 2 6 -5 12 -7 -8 -9 9 11 -12 -13 -14 -15
leaf_value=-0.010676712954066496 -0.0099455047684937903 -0.0037481240221204255 -0.0058529552256197659 0.012387134227691677 0.0098505199929462897 0.0030055629382281157 0.0067798444164241566 -0.021145700366844836 -0.015941539964786072 -0.0009728999753890505 0.0047673555594405217 0.0054265854709851478 -0.0035118988065436087 0.0051754772238670355
leaf_weight=107.41528960864525 73.870319799985737 45.234101108508185 151.46406452660449 150.76198315247893 239.31774376099929 137.70943941827863 67.778000337537378 111.49976785341278 45.905794309917837 369.12009089393541 24.516047875396907 315.54575876146555 38.960657032206655 27.01684195920825
leaf_count=1450 628 1024 3019 634 1093 951 913 3181 493 3607 258 3181 237 215
internal_value=0.000118068 -0.00287262 -0.00838808 0.00598929 0.00374624 -0.00175133 -0.00174434 -0.0168224 -0.000446902 0.000841026 -0.00893601 0.00200119 0.0078688 -0.00724248
internal_weight=1906.12 1265.5 375.976 640.62 489.858 211.58 219.242 156.734 889.52 755.088 70.4218 684.666 278.278 134.432
internal_count=20884 17341 8137 3543 2909 1579 3932 4205 9204 7539 751 6788 1330 1665
is_linear=0
shrinkage=0.025


Tree=25
num_leaves=15
num_cat=0
split_feature=178 10 6 14 201 218 3 116 210 74 17 243 246 214
split_gain=58.045 28.6819 26.752 20.2161 18.0606 16.5391 15.2444 14.5434 13.5673 12.1292 11.9274 9.31616 9.12094 9.05379
threshold=0.16317769140005114 0.42766661942005163 0.072744261473417296 0.31061333417892462 0.13480214774608615 0.22616494446992877 0.16851954907178882 0.58351713418960582 0.46270747482776647 0.13061520457267764 0.22396993637084964 0.1553841829299927 0.7128533422946931 0.24776345491409305
decision_type=2 2 2 2 2 2 2 2 2 2 2 2 2 2
left_child=2 12 5 6 13 10 7 -4 -8 -6 11 -1 -2 -3
right_child=1 4 3 -5 9 -7 8 -9 -10 -11 -12 -13 -14 -15
leaf_value=-0.017967756379105689 -0.022853247660179443 -0.014336887288179861 -0.0010865734567214206 0.0089162229735133183 0.01364052989509717 0.0091325891714475662 -0.0036140666384460139 0.0061851581369217591 0.0085405229956480467 -0.0062746250537423975 -0.0012066449381632621 0.0017641461336054072 0.0017622794623830948 0.0053381456648380196
leaf_weight=83.130222280044109 93.42575970897451 60.510145620210096 263.094033844769 249.30911214277148 36.875134138856083 23.146195488981903 443.28227225504816 454.38134273001924 53.679541565012187 21.304131199140102 66.082257128320634 14.016010778956113 7.5055410661734632 10.585719382390378
leaf_count=1345 3050 1545 1974 1023 421 145 5647 3870 372 354 712 144 175 160
internal_value=-0.000220216 -0.0116584 0.00144064 0.00259607 -0.00317672 -0.00717895 0.00121388 0.00352751 -0.00210621 0.00634392 -0.0100303 -0.0151254 -0.0209193 -0.0109091
internal_weight=1880.33 230.206 1650.12 1463.75 129.275 186.375 1214.44 717.475 496.962 58.1793 163.228 97.1462 100.931 71.0959
internal_count=20937 5705 15232 12886 2480 2346 11863 5844 6019 775 2201 1489 3225 1705
is_linear=0
shrinkage=0.025


Tree=26
num_leaves=15
num_cat=0
split_feature=178 4 15 10 209 150 3 36 138 74 219 209 195 159
split_gain=60.8631 30.6551 23.9535 24.1765 18.7258 14.1491 13.3383 15.8903 12.969 12.9007 12.7201 11.5426 11.0992 7.91763
threshold=0.055057752877473838 0.3114724606275559 1.0000000180025095e-35 0.40253517031669622 -0.0103618330322206 1.9462826251983645 0.24159795790910724 0.54616111516952526 1.1989133954048159 0.10319240391254426 0.87500000000000011 0.0015236784238368275 -0.99285209178924549 -1.2266256213188169
decision_type=2 2 2 2 2 2 2 2 2 2 2 2 2 2
left_child=2 6 13 9 -5 -3 -2 -8 -7 -4 -9 -6 -11 -1
right_child=1 5 3 4 11 8 7 10 -10 12 -12 -13 -14 -15
leaf_value=-0.0023347700626468819 -0.0039225873110083388 0.013628505706431574 0.0052932588144138561 -0.018760837066722224 0.0088712186537845197 -0.011196619231974334 -0.015451387232221961 -0.0091032177194174512 0.0062097107386303186 -0.004455049247836752 0.011340926678423735 -0.004320746557473264 0.016982050571079748 0.0026978761265672429
leaf_weight=345.48490101844072 209.375902001746 46.793640288058668 169.5801543276757 17.793984398245811 77.445644190534949 38.261672641150653 222.49124582193326 31.814775222446769 45.163708910346031 10.674485391005872 21.585544917732477 65.743296062573791 171.76144294813275 417.30289349844679
leaf_count=3243 4101 371 744 132 324 483 6100 712 378 41 212 329 503 3319
internal_value=0.000137604 -0.00624088 0.003254 0.00736554 -0.000586054 0.00417299 -0.00909379 -0.0126477 -0.00204653 0.0109357 -8.35506e-05 0.00286801 0.0154659 0.000401479
internal_weight=1891.27 615.486 1275.79 512.999 160.983 130.219 485.267 275.892 83.4254 352.016 53.4003 143.189 182.436 762.788
internal_count=20992 12357 8635 2073 785 1232 11125 7024 861 1288 924 653 544 6562
is_linear=0
shrinkage=0.025


Tree=27
num_leaves=15
num_cat=0
split_feature=176 4 26 168 3 232 214 243 202 135 157 81 6 3
split_gain=62.2366 25.04 14.6707 13.6888 16.9127 16.7331 10.616 9.7889 9.79703 9.29322 15.4954 13.6813 8.65716 11.3214
threshold=0.058794636279344566 0.3114724606275559 0.37446653842926031 -0.98315346240997303 0.2040793523192406 -0.12242980301380156 0.12509458512067798 -0.024763982743024823 0.79999998211860668 0.12438329681754114 -0.62994471192359913 0.031895689666271217 0.13214148581027987 0.39026951789855963
decision_type=2 2 2 2 2 2 2 2 2 2 2 2 2 2
left_child=2 3 12 -2 -5 -6 7 -4 -9 -3 11 -11 13 -1
right_child=1 9 6 4 5 -7 -8 8 -10 10 -12 -13 -14 -15
leaf_value=0.004353614691424367 0.0020053006724486222 -0.0098751647595488653 0.018376928112067363 -0.0031998158978098512 0 -0.014458656440890547 -0.0037645540771326542 0.010256920764505831 -0.0041321844564328001 -0.01184669184207157 0.013564045338382392 0.0047461747166613047 -0.0051982569006389853 -0.0052807070430600633
leaf_weight=642.26572005683556 80.269406440434977 20.128623567987233 74.243321120738983 239.81184904556721 59.019083762774244 288.65979176445398 25.128116223961115 81.863446108996868 33.824756026268005 35.126703083515167 62.612595805898309 78.680938567500561 72.539473976939917 74.908131543546915
leaf_count=4271 1219 262 183 4012 931 7146 96 245 139 441 398 638 390 592
internal_value=-0.000127039 -0.00501536 0.00407518 -0.00729945 -0.00860631 -0.0120695 0.00971555 0.0116786 0.005959 0.0026582 0.00469239 -0.000917337 0.00240114 0.00325983
internal_weight=1869.08 864.309 1004.77 667.76 587.491 347.679 215.06 189.932 115.688 196.549 176.42 113.808 789.713 717.174
internal_count=20963 15047 5916 13308 12089 8077 663 567 384 1739 1477 1079 5253 4863
is_linear=0
shrinkage=0.025


Tree=28
num_leaves=15
num_cat=0
split_feature=16 4 176 202 10 6 194 229 7 228 6 230 174 227
split_gain=51.0212 32.827 20.9951 23.6922 14.3801 14.3686 12.4268 10.4121 11.428 10.4077 10.1487 9.16711 9.13138 8.66271
threshold=1.0000000180025095e-35 0.3114724606275559 0.1890537962317467 0.92916670441627514 0.75453895330429088 0.072744261473417296 0.31649996340274816 0.45342996716499334 0.24638342112302783 0.11278400197625162 0.072744261473417296 0.075879104435443892 -0.0060744509100913993 0.37743139266967779
decision_type=2 2 2 2 2 2 2 2 2 2 2 2 2 2
left_child=1 2 4 -4 9 6 11 8 13 -1 12 -2 -3 -7
right_child=5 10 3 -5 -6 7 -8 -9 -10 -11 -12 -13 -14 -15
leaf_value=-0.000103243640966661 -0.0078412819773364811 0.0060980068269873037 -0.016089080363697505 0.0045500021776102703 0.0061570548981352427 0.0043191658705481464 -0.018855170446637395 -0.010391689833628733 -0.0058897763535198161 -0.008321545156052634 0.0058310931931874824 0.009896614513905758 -0.015717264673239712 0.010792978163711192
leaf_weight=149.77824480971321 24.471698923036456 10.592629797756674 203.54044147243258 34.930282635614276 66.038170707412064 587.89133102912456 18.867364978417754 16.229769319295883 43.963719259016216 276.1926889992319 196.75779444025829 24.203849989920855 17.973034958355129 175.27761876396835
leaf_count=1852 197 94 5746 461 655 3457 231 153 582 4982 1356 121 405 690
internal_value=-0.000443928 -0.00443507 -0.00698839 -0.0129429 -0.00383808 0.00382614 -0.00640785 0.00476062 0.00522833 -0.0055424 0.00372471 0.000985746 -0.00790876 0.0059662
internal_weight=1846.71 955.803 730.48 238.471 492.009 890.905 67.5429 823.362 807.133 425.971 225.323 48.6755 28.5657 763.169
internal_count=20982 15551 13696 6207 7489 5431 549 4882 4729 6834 1855 318 499 4147
is_linear=0
shrinkage=0.025


Tree=29
num_leaves=15
num_cat=0
split_feature=26 176 68 178 4 92 2 213 243 134 132 232 160 132
split_gain=48.2189 28.844 16.4951 14.7384 17.8319 14.8278 12.8936 11.6669 11.3691 11.6377 10.6574 9.30366 8.4139 8.32675
threshold=0.22396993637084964 0.46205845475196844 0.13381855934858325 0.039691681042313583 0.3114724606275559 0.38265770673751837 -0.19267293065786359 0.045173484832048423 -0.091783240437507616 0.55058613419532787 0.27932766079902654 0.31392639875411993 -1.2405306696891782 2.412799715995789
decision_type=2 2 2 2 2 2 2 2 2 2 2 2 2 2
left_child=1 3 12 8 6 -6 -5 -3 10 -10 -1 -9 -2 -4
right_child=2 7 13 4 5 -7 -8 11 9 -11 -12 -13 -14 -15
leaf_value=0.00432084660810145 -0.012974116178495053 0.0015939600048390545 0.010917017793969487 -0.016778666771839503 0.010905405558604808 -0.0061765128925348519 -0.0047187520579426954 -0.024279664099082721 -0.001079619293634403 0.0062428849864297614 -0.016038240543780322 0.0037197007398702599 0.002804647295032831 -0.0072415359591783404
leaf_weight=17.604805141687393 10.49278773833066 13.763249540235845 273.31439992319793 58.149571239948273 66.219760951120406 42.397979739122093 405.94973804638721 50.460334846517071 288.98015244910493 235.21044346690178 31.513468669727445 4.2615746785886577 328.83854559483007 7.9030591659247866
leaf_count=113 109 240 1119 1802 552 517 7885 1870 2268 1748 336 81 2209 78
internal_value=0.000114242 -0.00277107 0.00572645 -0.00172387 -0.00452302 0.00418287 -0.00664088 -0.0172698 0.00108644 0.00224894 -0.00912103 -0.021635 0.00185468 0.0100886
internal_weight=1835.06 1214.51 620.549 1146.03 572.717 108.618 464.099 68.4852 573.309 524.191 49.1183 54.7219 339.331 281.217
internal_count=20927 17412 3515 15221 10756 1069 9687 2191 4465 4016 449 1951 2318 1197
is_linear=0
shrinkage=0.025


Tree=30
num_leaves=15
num_cat=0
split_feature=17 10 169 7 3 83 20 5 174 1 183 229 155 245
split_gain=47.5219 28.7262 20.3208 20.0265 18.0147 16.463 20.2541 15.5146 14.5927 12.9086 12.8741 11.4673 10.1736 9.05052
threshold=1.0000000180025095e-35 0.37376695871353155 -0.0097201410681009275 0.24638342112302783 0.16851954907178882 1.7109802840068899e-20 0.97012749314308178 1.0888435840606692 -0.015773283317685124 -0.39374931156635279 0.2834331095218659 0.36992846429347997 1.3396984934806826 0.030487708747386936
decision_type=2 2 2 2 2 2 2 2 2 2 2 2 2 2
left_child=1 4 13 5 -1 6 -4 8 -3 -7 -9 -6 -5 -2
right_child=2 7 3 12 11 9 -8 10 -10 -11 -12 -13 -14 -15
leaf_value=0.0018046485439600799 -0.010961771457094784 0.015037635824627174 -0.0055726176199607296 -0.01467706114001306 -0.019675689886871309 -0.010454693817314746 0.0097939899580546351 -0.011227295068809295 -0.00069116908194435847 0.007085987353981223 0.0059908208385074701 0 0 3.9302024926240343e-05
leaf_weight=34.762343958951533 73.890489333774894 38.301088886335492 163.87638004031032 36.380555692128837 131.47012359509245 16.295716870110482 65.002496793866158 103.56955117813777 129.50051288120449 816.35922319767997 26.067871848586947 21.631741941906512 72.601737231016159 97.438793279230595
leaf_count=501 1074 253 1379 707 3643 189 255 2622 1611 5646 341 483 1043 1117
internal_value=0.000289299 -0.00631419 0.00272161 0.00390848 -0.0136553 0.00497002 -0.000886048 -0.00128738 0.00359345 0.00658425 -0.00746255 -0.0171173 -0.00579545 -0.00504399
internal_weight=1827.15 485.303 1341.85 1170.52 187.864 1061.53 228.879 297.439 167.802 832.655 129.637 153.102 108.982 171.329
internal_count=20864 9454 11410 9219 4627 7469 1634 4827 1864 5835 2963 4126 1750 2191
is_linear=0
shrinkage=0.025


Tree=31
num_leaves=15
num_cat=0
split_feature=17 5 227 168 203 6 10 130 175 193 168 216 4 165
split_gain=44.7742 23.5663 18.0807 17.2512 14.7946 13.3061 12.9623 12.4691 11.1629 10.6192 13.4377 10.5186 9.95019 9.67119
threshold=1.0000000180025095e-35 1.0888435840606692 0.60488566756248485 -0.99696919322013844 0.20873858779668811 0.072475306689739241 0.50498560070991527 3.1014345884323125 -0.076355967670679079 0.6084289848804475 -0.7366105020046233 0.73431032896041881 0.20707555115222934 0.20223154127597812
decision_type=2 2 2 2 2 2 2 2 2 2 2 2 2 2
left_child=1 6 4 -2 -3 7 8 13 12 11 -11 -7 -1 -5
right_child=3 2 -4 5 -6 9 -8 -9 -10 10 -12 -13 -14 -15
leaf_value=-0.01884676919577058 0.0082517737775085528 -0.017618009101421646 0.0023330429427265509 -0.01603256691801248 0.0044574815406335693 0.0015895667556789458 0.0044310563557680019 0.004454249545019196 0.0014382470196180218 -0.0045909539468368277 0.014470909790937035 -0.011156314727688486 -0.0013340784657305997 0.0080633658339689107
leaf_weight=40.846707318909466 247.63252724381164 161.74423524504527 39.001973496749997 57.208616528194398 15.524428493808953 882.37410031026229 124.50668544694781 29.216333521530032 64.534654626157135 24.430953500792384 69.384328870102763 30.296678781509399 38.767067230306566 4.0353973712772122
leaf_count=912 1397 5004 520 829 328 8195 1260 241 978 248 363 207 470 12
internal_value=8.84323e-05 -0.00632513 -0.0122414 0.0024462 -0.0154586 0.00104923 -0.00119817 -0.00753174 -0.00610727 0.00191239 0.00943108 0.00101365 -0.0117473 -0.0132133
internal_weight=1829.5 484.926 216.271 1344.58 177.269 1096.95 268.655 90.4603 144.148 1006.49 93.8153 912.671 79.6138 61.244
internal_count=20964 9472 5852 11492 5332 10095 3620 1082 2360 9013 611 8402 1382 841
is_linear=0
shrinkage=0.025


Tree=32
num_leaves=15
num_cat=0
split_feature=26 6 68 176 208 17 174 15 4 5 147 231 10 203
split_gain=46.5337 24.376 20.2531 14.3653 12.37 9.82772 11.4652 9.42877 10.7078 9.30205 10.5428 9.2942 8.87321 8.85669
threshold=0.22396993637084964 0.071922417730093016 0.13381855934858325 0.46205845475196844 0.023469969630241398 0.22396993637084964 -0.020768974907696244 1.0000000180025095e-35 0.3114724606275559 0.7020167112350465 0.28188087046146398 0.26263645291328436 0.58348107337951671 0.016365975141525272
decision_type=2 2 2 2 2 2 2 2 2 2 2 2 2 2
left_child=1 4 9 7 5 6 -1 8 -3 10 -2 13 -9 -4
right_child=2 3 11 -5 -6 -7 -8 12 -10 -11 -12 -13 -14 -15
leaf_value=0 0.0097538697147656929 -0.0026718058916020498 0.0070051144735654705 -0.013444030421340351 0.0040185480833524459 0 -0.02061467066955407 0.0069257372915054217 0.00471787091640516 -0.0036174554370080637 -0.00083139592972859963 -0.007564805321598549 -0.0058542425309553829 0.017188999564652745
leaf_weight=21.876841052435338 112.17065767198801 664.4035592675209 155.85987152066082 41.353053969331086 22.39426913112402 27.483232085127383 84.922876594006084 165.4102836465463 137.34613744355738 115.02477994281799 104.62583985924721 7.6222025211900464 31.234138267114758 113.48899815231562
leaf_count=525 449 10478 774 1105 368 319 2356 833 1175 1215 648 56 207 336
internal_value=0.000599009 -0.00225551 0.00616413 -0.000802768 -0.0110792 -0.0138056 -0.0169231 -0.000113351 -0.00133963 0.0018314 0.00481512 0.01102 0.00461596 0.0118906
internal_weight=1805.22 1196.42 608.792 1039.75 156.677 134.283 106.8 998.394 801.75 331.821 216.796 276.971 196.644 269.349
internal_count=20844 17366 3478 13798 3568 3200 2881 12693 11653 2312 1097 1166 1040 1110
is_linear=0
shrinkage=0.025


Tree=33
num_leaves=15
num_cat=0
split_feature=176 5 7 26 7 4 201 60 53 172 232 202 166 225
split_gain=44.9904 30.6502 18.814 13.859 16.5768 13.344 13.1967 11.8268 12.8323 11.7212 10.4593 10.2907 9.83011 9.4145
threshold=0.16266285628080371 1.1621791124343874 0.24638342112302783 0.22396993637084964 0.24534182995557788 0.3354459702968598 0.13269034773111346 0.00020963443967048081 1.0000000180025095e-35 0.096187923103570952 -0.14001613110303876 0.72500011324882518 0.76249629259109508 0.017909816466271881
decision_type=2 2 2 2 2 2 2 2 2 2 2 2 2 2
left_child=2 5 3 4 9 6 10 8 -5 -1 -2 -9 -3 -7
right_child=1 12 -4 7 -6 13 -8 11 -10 -11 -12 -13 -14 -15
leaf_value=-0.0020735573394348307 0.0037395409704373372 -0.01996803578282268 -0.0067257699633569146 -0.0047446887183845952 0.010459257113471662 0.011694389444690886 0.0014266711299462959 0.013542976320223762 0.0067629505024431038 0.009312392396298377 -0.014446222010075739 0.0039884656939923038 0.0039988718588113478 -0.0068043708492279255
leaf_weight=622.04666490899399 17.875825833063573 109.26445850357413 143.99869080167264 110.84834985155612 76.071892693638802 44.11231389734894 80.448496271390468 135.87389087677002 107.07741725351661 49.916474830359221 91.98134841863066 172.38953073881567 6.8410154152661553 14.635526636615394
leaf_count=6907 244 4053 2531 774 588 267 1122 452 477 336 2130 833 74 151
internal_value=-0.000548795 -0.00823162 0.00147308 0.00246345 0.000240811 -0.00290577 -0.00609732 0.00552412 0.000913066 -0.00106094 -0.0113076 0.0085885 -0.018216 0.00653675
internal_weight=1783.38 365.159 1418.22 1274.22 748.035 249.054 190.306 526.189 217.926 671.963 109.857 308.263 116.105 58.7478
internal_count=20939 8041 12898 10367 7831 3914 3496 2536 1251 7243 2374 1285 4127 418
is_linear=0
shrinkage=0.025


Tree=34
num_leaves=15
num_cat=0
split_feature=15 5 10 4 100 10 211 128 168 66 21 36 177 18
split_gain=38.8779 23.4688 21.8304 16.4152 16.1072 13.9288 13.8583 12.2807 11.4991 10.7619 10.4871 10.0736 8.50118 8.27215
threshold=1.0000000180025095e-35 1.1500378251075747 0.40253517031669622 0.14931328594684604 0.51058539748191845 0.40253517031669622 0.40989039838314062 1.3461858034133913 -0.98822414875030506 1.0436605180075278e-06 0.24964435398578647 0.14931328594684604 0.12145727500319482 1.0000000180025095e-35
decision_type=2 2 2 2 2 2 2 2 2 2 2 2 2 2
left_child=1 3 4 -1 6 12 -2 -7 -3 -6 11 -4 -5 -10
right_child=2 8 10 5 9 7 -8 -9 13 -11 -12 -13 -14 -15
leaf_value=-0.0053637802772341665 0.0046581408424635371 0.0023437746278517583 -0.0065639440558692298 0.0040721264936388552 -0.0063193464550274142 0.0015806621509609053 -0.016003909095654099 0.012011315594126326 -0.017649961272935975 0.013738520070852559 -0.012162227975651401 0.0070681572389384275 -0.0047196141763098873 -0.006741994116330783
leaf_weight=356.78028764342889 88.038062512874603 38.928051026538014 45.11067440547049 81.48064189683646 10.417712630704044 262.21487907972187 13.417437779717146 88.949568589217961 81.424484865739942 215.55536923184991 35.896074978634715 70.959819179028273 249.59777252702042 143.12466912623495
leaf_count=4806 324 591 287 698 62 2429 149 728 2931 754 203 306 3544 3135
internal_value=-0.000606879 -0.00285202 0.00538833 -0.00110469 0.00893066 0.00115882 0.00041173 0.00456674 -0.00934896 0.0124893 -0.00226279 0.00155385 -0.00245272 -0.0114449
internal_weight=1781.9 1302.5 479.395 1039.02 327.429 682.243 101.456 351.164 263.477 225.973 151.967 116.07 331.078 224.549
internal_count=20947 18862 2085 12205 1289 7399 473 3157 6657 816 796 593 4242 6066
is_linear=0
shrinkage=0.025


Tree=35
num_leaves=15
num_cat=0
split_feature=17 2 169 130 245 217 52 179 111 178 139 137 16 211
split_gain=43.9567 17.8403 16.3007 14.7924 14.5372 12.4066 12.0681 11.9453 11.7316 11.1982 10.6738 10.197 9.08339 9.72931
threshold=1.0000000180025095e-35 -0.2438898757100105 -0.0014403357054106889 0.52434253692626964 -0.28281392157077784 0.070858277380466475 0.14931328594684604 0.190135732293129 0.82890921831130993 0.065379276871681227 0.54391500353813182 0.8060082495212556 0.37446653842926031 0.2868951559066773
decision_type=2 2 2 2 2 2 2 2 2 2 2 2 2 2
left_child=1 8 10 7 -3 -6 9 -4 -1 -5 12 -7 13 -2
right_child=2 4 3 6 5 11 -8 -9 -10 -11 -12 -13 -14 -15
leaf_value=-0.022482209801504335 -0.0025741747804594569 0.0079610052493783428 0.0020258391649719981 0.0046648181440987748 -0.010372560870910152 0.0025000861515367149 0.01081684798784616 -0.010736898880321893 -0.00075653354146383773 -0.0055602111867297443 0.005967840849197578 -0.010073133173929386 0.0091627859030742071 -0.01335696508935065
leaf_weight=52.377007119357586 192.97396467113867 43.081710217520595 121.17357532959431 538.01853805873543 176.15881479298696 132.96594492974691 182.60899415146559 58.023736893199384 23.211331703700125 64.909401532029733 63.894224241375923 43.686599675100297 16.432215677574277 66.754579308442771
leaf_count=2057 2207 614 743 3922 3699 1947 868 539 479 1346 638 740 80 1077
internal_value=-0.000162547 -0.00661488 0.00219852 0.0038507 -0.00416578 -0.005894 0.00532033 -0.00245584 -0.0169712 0.00345667 -0.00242467 -0.000985999 -0.00457745 -0.00585901
internal_weight=1776.27 471.481 1304.79 964.734 395.893 352.811 785.537 179.197 75.5883 602.928 340.055 176.653 276.161 259.729
internal_count=20956 9536 11420 7418 7000 6386 6136 1282 2536 5268 4002 2687 3364 3284
is_linear=0
shrinkage=0.025


Tree=36
num_leaves=15
num_cat=0
split_feature=17 5 7 10 18 1 137 192 142 98 244 115 245 245
split_gain=36.1402 21.2968 14.2895 12.9301 14.6258 12.7362 13.6797 13.9998 12.8679 13.9686 12.0551 10.5076 10.7244 9.10122
threshold=1.0000000180025095e-35 1.100544333457947 0.24638342112302783 0.47004804015159612 0.22396993637084964 -0.19005213677883145 0.10019037872552873 -0.055467247962951653 1.688461482524872 0.89401814341545116 0.19452118873596194 0.18378817290067676 -0.02260562032461166 0.16863964498043063
decision_type=2 2 2 2 2 2 2 2 2 2 2 2 2 2
left_child=1 3 5 4 -1 6 -2 -8 9 -7 -3 12 -5 -4
right_child=2 10 13 11 -6 8 7 -9 -10 -11 -12 -13 -14 -15
leaf_value=-0.015186421303903436 0.0044384806436112657 -0.015347177739786924 -0.0095478541032430787 0.0059398912358317978 0.00050460144287849216 0.0021462779289973337 0 -0.02177480888512514 0.0067035140164894902 -0.011629022398203277 0 0.012867559070663025 -0.0086743663949243512 0.0046151425397751881
leaf_weight=57.579523378051817 44.875803749542683 154.03883448045235 93.606052643619478 54.812857442069799 74.860298552550375 586.91310188174248 31.722197019960731 28.888933710288256 434.58014727430418 37.755788380280137 39.393373213941231 38.438754561822861 46.969833117909729 29.187318664975464
leaf_count=1019 431 4996 1799 565 1321 4508 294 438 3158 386 672 279 623 390
internal_value=-0.000421634 -0.00630167 0.00173589 -0.00159303 -0.00692561 0.00261237 -0.00522536 -0.0121036 0.00345436 0.00109056 -0.0123973 0.0035104 -0.000897894 -0.00597749
internal_weight=1753.62 466.093 1287.53 272.661 132.44 1164.74 105.487 60.6111 1059.25 624.669 193.432 140.221 101.783 122.793
internal_count=20879 9475 11404 3807 2340 9215 1163 732 8052 4894 5668 1467 1188 2189
is_linear=0
shrinkage=0.025


Tree=37
num_leaves=15
num_cat=0
split_feature=17 4 10 169 183 103 118 96 245 131 111 215 198 137
split_gain=39.0487 21.8055 19.2506 16.1108 11.2754 11.356 10.3719 12.9223 11.3042 11.0252 9.65753 9.45932 12.8002 11.6795
threshold=1.0000000180025095e-35 0.40690015256404882 0.37376695871353155 -0.0097201410681009275 0.20707555115222934 0.95225912332534801 0.77474090456962597 0.0049596817698329696 -0.28281392157077784 0.28936208784580236 0.88302633166313182 -0.12051220983266829 0.042098039761185653 0.99485388398170482
decision_type=2 2 2 2 2 2 2 2 2 2 2 2 2 2
left_child=1 2 -1 11 10 -6 8 -8 -5 -9 -4 -2 13 -13
right_child=3 -3 4 6 5 -7 7 9 -10 -11 -12 12 -14 -15
leaf_value=-0.014423319528000368 0.0068196056906604623 0.0078008332555102233 -0.0096291811705938642 -0.010040241253871034 -0.0070677367972167273 0.011203843318637552 0.014752012892855632 -0.010578276509950609 0.002093148751046187 0.0049537219162449804 0.0026814551939167586 -0.018681676703593015 0.00023572778215027578 0.0037006237123304018
leaf_weight=161.78329718532041 25.467919077724218 52.369355829432607 135.63671228359453 40.151850550435483 22.915668750647455 44.977165138348937 77.343832816928625 18.928167886100709 575.87289971997961 438.95930014830083 46.545676563866436 54.179946506861597 69.139818845782429 13.077089955098925
leaf_count=4519 217 341 2976 472 419 454 431 185 4562 3673 814 927 847 157
internal_value=0.000117529 -0.00601591 -0.00797336 0.00233016 -0.00328358 0.00474496 0.00337987 0.00589287 0.00110567 0.00403131 -0.00644823 -0.00478192 -0.00740868 -0.0142707
internal_weight=1777.35 464.228 411.859 1313.12 250.075 67.8928 1151.26 535.231 616.025 457.887 182.182 161.865 136.397 67.257
internal_count=20994 9523 9182 11471 4663 873 9323 4289 5034 3858 3790 2148 1931 1084
is_linear=0
shrinkage=0.025


Tree=38
num_leaves=15
num_cat=0
split_feature=17 2 10 25 177 194 132 88 244 119 199 179 233 73
split_gain=42.0713 17.7276 16.0104 14.967 12.7266 13.901 10.0729 11.2988 10.0538 9.96708 9.63748 9.1881 8.81861 8.49576
threshold=1.0000000180025095e-35 -0.15739278495311734 0.48828019201755529 0.22396993637084964 0.2754929661750794 0.06695068255066873 0.77786043286323558 0.012482061982154848 0.18098837137222293 2.8385415077209477 0.979992836713791 0.2384634539484978 -0.21028098464012143 0.011117115151137115
decision_type=2 2 2 2 2 2 2 2 2 2 2 2 2 2
left_child=1 9 4 6 5 -3 8 12 -2 -1 -6 -4 -8 -13
right_child=3 2 11 -5 10 -7 7 -9 -10 -11 -12 13 -14 -15
leaf_value=-0.01720084861182063 -0.00037232699301623844 0.0068200444566367344 -0.0083160275134776026 0.006948309337052776 -0.016237924810615555 -0.0121096534308108 0.011333298677437509 -0.0010525678006514303 -0.01122805417769482 0.0044645607377658729 0.0049666174704404396 0.0089831390931967812 0.0020445043323315281 -0.0028378413934694261
leaf_weight=96.5590336532332 472.02471281331964 50.167630851268768 31.403052513487637 310.66600773204118 90.874540772638284 27.674425951205194 120.81992066651583 200.1980547811836 48.687848781235516 9.1917601954191905 8.8797966735437495 89.5350508231204 143.36476836726069 51.266908903606236
leaf_count=3272 5021 702 514 1316 2299 705 945 2156 502 111 72 1096 1497 760
internal_value=-2.51566e-05 -0.00646837 -0.00345937 0.0022691 -0.00849554 -0.000489276 0.000715034 0.00335776 -0.00164089 -0.0149485 -0.0139079 0.00188171 0.00664567 0.00471239
internal_weight=1751.31 455.552 349.801 1295.76 177.596 77.8421 985.095 464.383 520.713 105.751 99.7543 172.205 264.185 140.802
internal_count=20968 9531 6148 11437 3778 1407 10121 4598 5523 3383 2371 2370 2442 1856
is_linear=0
shrinkage=0.025


Tree=39
num_leaves=15
num_cat=0
split_feature=176 5 169 15 10 88 4 63 136 168 22 119 28 1
split_gain=31.2576 21.6216 15.3707 15.1775 17.0217 14.2827 12.0628 11.676 13.9736 10.577 13.6125 10.1585 9.88495 7.87894
threshold=0.16266285628080371 1.1572675108909609 0.085467826575040831 1.0000000180025095e-35 0.40253517031669622 0.0057767368853092202 0.37498413026332861 0.00041804899228736764 0.032732814550399787 -0.98822414875030506 1.0000000180025095e-35 0.40187114477157598 1.0000000180025095e-35 0.15841072797775271
decision_type=2 2 2 2 2 2 2 2 2 2 2 2 2 2
left_child=3 2 6 13 7 11 -2 8 -5 -3 -11 -6 -4 -1
right_child=1 9 12 4 5 -7 -8 -9 -10 10 -12 -13 -14 -15
leaf_value=0.00079137564938225986 -0.0080084631104100357 0.0042175956361637365 -0.0040656521123007766 0.0093478863207841593 -0.0055749514703188792 -0.012592049640815232 0.0069431022493065073 0.013308050554353638 -0.0044464252990642052 -0.021255674966934132 0.00052844614344744784 0.0086312173266856664 0.0158213280692279 -0.0049935290679259678
leaf_weight=759.73260688921437 162.71397880604491 10.470580718480049 16.951295340433717 91.03747371584177 40.764962589368224 39.619673101231456 31.112061820924282 147.64345663227141 71.539082592353225 84.072102254955098 19.976165698841214 66.974936692044139 30.636001937557012 169.51823017885908
leaf_count=8613 3143 219 285 353 216 263 228 512 341 3554 445 309 195 2252
internal_value=-0.000165455 -0.00665453 -0.00209344 0.00153384 0.00519883 -0.00164728 -0.0052829 0.00842988 0.00331793 -0.0150603 -0.0173435 0.00313169 0.00913537 -0.000300862
internal_weight=1742.76 355.932 241.413 1386.83 457.58 147.36 193.826 310.22 162.577 114.519 104.048 107.74 47.5873 929.251
internal_count=20928 8069 3851 12859 1994 788 3371 1206 694 4218 3999 525 480 10865
is_linear=0
shrinkage=0.025


Tree=40
num_leaves=15
num_cat=0
split_feature=178 4 7 202 149 110 102 99 15 10 194 36 5 7
split_gain=32.5025 21.2465 12.3141 11.5308 11.4619 10.4559 18.4208 13.8979 10.4678 15.641 10.3702 9.02085 8.36782 7.94047
threshold=0.055057752877473838 0.3114724606275559 0.24634501338005069 0.74833333492279064 3.2509734630584721 0.16196495294570926 0.87866410613060009 0.29958522319793707 1.0000000180025095e-35 0.66280412673950206 0.18777077645063403 1.0000000180025095e-35 1.0888435840606692 0.21509028226137164
decision_type=2 2 2 2 2 2 2 2 2 2 2 2 2 2
left_child=2 10 5 -3 -5 6 13 -8 11 -10 12 -7 -2 -1
right_child=1 3 -4 4 -6 8 7 -9 9 -11 -12 -13 -14 -15
leaf_value=-0.0026388709708474981 0.00037444757576257474 -0.006226088255739259 -0.0059826564549602095 0.01162706184023425 -0.010860107414870354 0.0077758274075090811 -0.01325244108724742 0.0052765543789489236 0.012832972254126258 -0.0072722460883343238 -0.011917363719726626 -0.0011336695663311364 -0.0079382224504419806 0.0046078253483300934
leaf_weight=108.81938083004206 144.53329915646464 35.662047162652016 83.275673594791442 82.77000250434503 6.4092043116688719 112.43641836661845 71.945244059897959 27.362529382109642 175.78170380927622 19.071707328781486 163.45726791466586 154.87225611088797 138.68431128410157 437.34853150509298
leaf_count=731 2656 486 1231 669 96 876 667 180 614 103 4581 1320 3903 2856
internal_value=0.00031889 -0.00451713 0.00267198 0.00424011 0.00879104 0.00339098 0.00126911 -0.00801634 0.00622098 0.010497 -0.00703884 0.00274219 -0.00381092 0.0031159
internal_weight=1762.43 571.516 1190.91 124.841 89.1792 1107.64 645.476 99.3078 462.162 194.853 446.675 267.309 283.218 546.168
internal_count=20969 12391 8578 1251 765 7347 4434 847 2913 717 11140 2196 6559 3587
is_linear=0
shrinkage=0.025


Tree=41
num_leaves=15
num_cat=0
split_feature=6 26 145 4 1 242 149 2 36 2 219 234 247 235
split_gain=30.5491 22.6013 22.1379 14.4769 14.4926 11.9366 12.5858 11.593 11.4197 10.6753 10.4367 8.42214 10.0692 8.28519
threshold=0.072744261473417296 0.37446653842926031 1.0684334039688113 0.3354459702968598 -0.18781855702400205 0.061784701421856887 2.374158620834351 0.22080060094594958 0.43366721272468572 0.2319164648652077 0.7749999761581422 -0.2334434241056442 0.42920780181884771 0.056417711079120643
decision_type=2 2 2 2 2 2 2 2 2 2 2 2 2 2
left_child=2 3 9 4 10 6 -4 -6 -5 11 -2 -1 -13 -8
right_child=1 -3 5 8 7 -7 13 -9 -10 -11 -12 12 -14 -15
leaf_value=0.004339287060799152 -0.016875457503521991 0.0078970839181324356 0.0074616260857034494 0.010290938413004411 0.0009961737830640879 0.010017802030386659 -0.015840384772331684 -0.0079263475247318537 -0.0021035261670731787 0.0076500067525182118 -0.002712974596832739 -0.021841223057016801 0 0.0042617009761193687
leaf_weight=5.4158078385516992 44.716115860734135 265.30662585794926 21.674241925124079 124.76708783442155 842.65201909583993 35.386630950029939 41.701085357926786 89.843887090450153 62.761349016800523 4.4296582490205756 96.495240317890421 85.983102736761793 16.054716381710023 10.010943210683761
leaf_count=46 1126 1110 277 728 9623 412 815 1596 547 25 1631 2536 333 101
internal_value=0.000152326 0.00143499 -0.00828398 4.22222e-06 -0.00112353 0 -0.00562827 3.34908e-05 0.00620312 -0.0155102 -0.00824975 -0.0172422 -0.0188333 -0.0116829
internal_weight=1747.2 1526.54 220.656 1261.24 1073.71 108.773 73.3863 932.496 187.528 111.883 141.211 107.454 102.038 51.712
internal_count=20906 16361 4545 15251 13976 1605 1193 11219 1275 2940 2757 2915 2869 916
is_linear=0
shrinkage=0.025


Tree=42
num_leaves=15
num_cat=0
split_feature=17 10 4 169 169 111 136 15 10 71 64 177 159 173
split_gain=34.9455 18.2129 19.2584 14.5818 12.6628 13.8666 13.2963 10.5616 14.9712 12.3249 9.10757 8.54251 11.1857 7.79008
threshold=1.0000000180025095e-35 0.37376695871353155 0.35638883709907537 -0.0097201410681009275 -0.15020033717155454 0.65367957949638378 0.09467512741684915 1.0000000180025095e-35 0.40253517031669622 0.0015492335078306498 0.033048136159777648 0.31170147657394415 -1.3283379673957822 -0.999955654144287
decision_type=2 2 2 2 2 2 2 2 2 2 2 2 2 2
left_child=1 2 -1 13 -3 6 -6 11 -9 -10 -7 -5 -13 -2
right_child=3 4 -4 7 5 10 -8 8 9 -11 -12 12 -14 -15
leaf_value=-0.015426160124874827 0.0068989796546354391 -0.017148051762536847 0.0052666617752885553 -8.9164778844250949e-05 0.0019813938471303183 0.011141903356426772 -0.011300787106444771 0.0091629722995387654 0.0068705325316754445 -0.0066040909217242654 -0.0052485628308106408 -0.0032038353632651805 0.012897769913745409 -0.0069051398249855471
leaf_weight=145.69111977284774 19.87106591463089 17.799074666574597 26.953212869353592 579.54307868611068 95.08095997700002 72.028659919742495 73.807754232082516 300.32650475110859 65.999458776786923 80.798767020925879 19.177225685212761 33.874701970489696 64.285174388438463 137.85471795219928
leaf_count=4375 125 421 247 6418 1716 929 1431 1180 278 497 380 362 492 2065
internal_value=3.35292e-06 -0.0058878 -0.0119956 0.00211786 -0.00171069 9.47455e-06 -0.0041187 0.00312851 0.00606564 -0.000405884 0.00736492 0.00110075 0.00748397 -0.00472757
internal_weight=1733.09 450.538 172.644 1282.55 277.894 260.095 168.889 1124.83 447.125 146.798 91.2059 677.703 98.1599 157.726
internal_count=20916 9499 4622 11417 4877 4456 3147 9227 1955 775 1309 7272 854 2190
is_linear=0
shrinkage=0.025


Tree=43
num_leaves=15
num_cat=0
split_feature=26 176 68 202 203 170 3 78 162 177 198 16 111 217
split_gain=26.8307 20.2535 16.5244 14.6906 13.2691 10.2682 10.1554 9.11219 8.74319 8.00615 9.02571 8.71796 8.46385 15.015
threshold=0.22396993637084964 0.18480810523033145 0.13381855934858325 0.95000001788139354 0.14982793480157855 -0.39336325228214258 0.55893570184707653 0.21778762340545657 -2.1330430507659908 0.3706179559230805 -0.18225669115781781 1.0000000180025095e-35 1.4150102138519289 0.15471976995468142
decision_type=2 2 2 2 2 2 2 2 2 2 2 2 2 2
left_child=1 9 7 4 -3 -5 -6 -2 -4 10 -1 -12 13 -11
right_child=2 3 8 5 6 -7 -8 -9 -10 12 11 -13 -14 -15
leaf_value=0.0098056916996149893 0.0021592546905945679 -0.013407216566499493 -0.0040278952025684404 0.013989653112053212 0.0075600648265381756 -0.0084062990352812093 -0.011117494896440141 -0.0094644130989732372 0.010215906197711412 -0.0015567882263895834 -0.002931414200338944 0.002409052336654568 0.0063507066173805141 -0.023565716225904317
leaf_weight=49.420079017058015 282.59055957850069 174.63008152286056 22.384869469329715 20.8954969518818 36.170323342550546 10.164177942089735 17.170429002726451 37.095992641057819 245.67656060121953 55.469177537597716 356.66090769506991 383.98274295777082 15.328502717427908 20.740554372780025
leaf_count=410 2027 5237 136 170 520 214 514 291 1050 673 6032 3135 128 329
internal_value=0.000128918 -0.00209604 0.00442324 -0.00807453 -0.0102609 0.00607013 0.000418861 0.000479161 0.0088602 -0.000240625 0.00059286 -0.000151804 -0.0067901 -0.0100793
internal_weight=1728.38 1140.63 587.748 259.031 227.971 31.0597 53.3408 319.687 268.061 881.602 790.064 740.644 91.5382 76.2097
internal_count=20866 17362 3504 6655 6271 384 1034 2318 1186 10707 9577 9167 1130 1002
is_linear=0
shrinkage=0.025


Tree=44
num_leaves=15
num_cat=0
split_feature=26 3 10 125 74 202 118 243 233 247 232 172 175 38
split_gain=30.6444 28.5662 20.9013 14.212 16.4657 12.8033 11.5127 10.3329 10.6606 9.82296 9.65579 8.31481 7.72736 9.85149
threshold=0.37446653842926031 0.20264933258295062 0.37376695871353155 2.341078639030457 0.088990062475204482 0.92500004172325145 2.4836190938949589 -0.046510955318808549 -0.20604062080383298 -0.22582961618900296 0.11539552360773088 -0.022643475793302056 -0.2382073178887367 1.0000000180025095e-35
decision_type=2 2 2 2 2 2 2 2 2 2 2 2 2 2
left_child=1 5 9 4 -4 7 -5 8 -1 -3 -9 -2 13 -13
right_child=11 2 3 6 -6 -7 -8 10 -10 -11 -12 12 -14 -15
leaf_value=0.0027181986532424669 0.013901893566521349 -0.0024253873309141665 7.1613124629391477e-05 0.011001078655651326 -0.011930080362327051 -0.015975913402145391 -0.0097341772137097427 0.0020826773634322524 -0.0096574296993082818 -0.013810989472022341 0.011166524468147056 -0.015363926779315569 0.0060746826799676348 0.0069955299965637529
leaf_weight=75.41644657868892 75.301538089290261 73.687595534138381 196.60329194436781 67.162498070858419 98.308883867808618 13.636324995197354 10.647803124506025 575.20221127243713 76.297648775856942 186.68670227308758 74.916068531572819 15.647843234241011 171.83821713645011 11.786257324740289
leaf_count=761 270 1502 3050 745 1849 134 215 5887 949 4213 483 137 742 50
internal_value=-0.000194028 -0.00166627 -0.00560385 -0.0016587 -0.00419845 0.00141253 0.00710292 0.00195481 -0.00368089 -0.0108835 0.00333174 0.00727398 0.00406289 -0.00623526
internal_weight=1723.14 1448.57 633.097 372.722 294.912 815.469 77.8103 801.832 151.714 260.374 650.118 274.574 199.272 27.4341
internal_count=20987 19788 11574 5859 4899 8214 960 8080 1710 5715 6370 1199 929 187
is_linear=0
shrinkage=0.025


Tree=45
num_leaves=15
num_cat=0
split_feature=176 5 210 195 233 87 14 244 195 65 178 216 227 77
split_gain=21.7608 14.4642 13.045 12.6368 11.5423 10.9014 9.60534 9.42934 9.06688 8.78581 8.55984 8.17657 12.0128 11.1521
threshold=0.055900534614920623 1.100544333457947 0.28044314682483679 0.99747925996780407 -0.25372686982154841 4.6789560656179681e-05 0.31061333417892462 0.067646801471710219 -0.068903554230928407 0.18589434772729876 0.020217981189489368 0.44860774278640753 0.37258580327034002 0.69675135612487804
decision_type=2 2 2 2 2 2 2 2 2 2 2 2 2 2
left_child=3 2 5 6 8 -2 11 10 -4 -8 -3 13 -13 -1
right_child=1 7 4 -5 -6 -7 9 -9 -10 -11 -12 12 -14 -15
leaf_value=0.0066485787350967288 -0.013576921545052651 0.0063980421959692448 -0.012989597203083056 -0.012853785274976978 0.0057497286224586948 -0.001614476752985095 0.0097093048097559344 -0.0015358710857905702 0.0014548756544403383 -0.0090737304682385351 -0.012947029295773398 -0.0057360879328028176 0.002753681956376266 -0.0063535684838560372
leaf_weight=264.33805244415998 55.438097518868744 7.7256231633946291 31.900532653089613 20.163273232057691 217.4865457075648 186.86733768088743 161.48299907892942 103.84562615817413 62.487026968039572 7.1015922911465159 145.83881002338603 157.31542591750622 257.81995921116322 37.695627755485475
leaf_count=1715 1058 80 554 181 2490 3139 555 2209 839 37 4841 1267 1612 313
internal_value=-6.26586e-05 -0.0030195 -0.000669512 0.00257753 0.00264796 -0.00491208 0.00310985 -0.00777722 -0.004224 0.00829847 -0.0115051 0.00175652 -0.000505015 0.00480525
internal_weight=1717.51 811.59 554.18 905.917 311.874 242.305 885.754 257.41 94.3876 168.585 153.564 717.169 415.135 302.034
internal_count=20890 15210 8080 5680 3883 4197 5499 7130 1393 592 4921 4907 2879 2028
is_linear=0
shrinkage=0.025


Tree=46
num_leaves=15
num_cat=0
split_feature=26 176 108 6 7 89 169 5 213 233 165 139 66 97
split_gain=26.0993 15.9563 13.0198 13.1163 10.8874 9.9293 16.1233 8.89924 8.46898 7.99033 7.55041 13.0214 8.36408 7.28657
threshold=0.37446653842926031 0.49453413486480718 0.5244768261909486 0.072744261473417296 0.21457368880510333 0.062232917174696929 -0.0034496751613914962 1.0024893283843996 0.055555544793605811 -0.071753084659576402 -0.0031164034735411401 0.038976203650236137 5.867522304470186e-06 0.0064366781152784833
decision_type=2 2 2 2 2 2 2 2 2 2 2 2 2 2
left_child=1 2 3 7 -5 8 -7 -1 -4 -3 11 -2 13 -12
right_child=10 9 5 4 -6 6 -8 -9 -10 -11 12 -13 -14 -15
leaf_value=-0.0021156825766594375 0.0086844971846033563 -0.016753997385395042 -0.0023586929313603286 -0.007075164697768691 8.7002464462997175e-05 -0.011635112444683911 0.0030327781272843335 -0.016210232331105565 0.008578213525579019 0.0041525127650112632 0.0050705261665382828 -0.0086487269146448189 0.012466406172796226 -0.013166242473008649
leaf_weight=58.862093289382756 45.515743220224977 46.884698133682832 49.562578245997429 150.94078612979501 694.64674107218161 53.786754773929715 149.90489763091318 55.60656479082536 180.72628202219494 7.9668262102641156 38.79043179191649 39.090466723777354 138.87173297163099 6.7382492097094646
leaf_count=710 208 1753 714 2027 8261 950 1592 1692 1900 227 176 279 469 64
internal_value=-3.34881e-05 -0.00138252 -0.000793768 -0.00241724 -0.00125801 0.00273807 -0.0012143 -0.00994982 0.00617255 -0.0133302 0.00693677 0.000467132 0.0096316 0
internal_weight=1717.89 1448.89 1394.04 960.056 845.588 433.981 203.692 114.469 230.289 54.8515 269.007 84.6062 184.4 45.5287
internal_count=21022 19826 17846 12690 10288 5156 2542 2402 2614 1980 1196 487 709 240
is_linear=0
shrinkage=0.025


Tree=47
num_leaves=15
num_cat=0
split_feature=15 5 169 69 196 10 10 225 210 169 216 195 66 79
split_gain=32.9312 20.704 13.7414 16.4999 15.4379 12.9229 12.5953 12.0079 12.0604 11.0984 12.0859 9.28359 8.83832 7.69446
threshold=1.0000000180025095e-35 1.1500378251075747 -0.0022081044735386963 0.13965767621994021 0.31346909701824194 0.68351846933364879 0.29957322776317602 -0.049843575805425637 0.34532818198204046 0.0040673410985618838 0.69021266698837291 0.46438461542129522 0.023393098264932636 0.045101350173354156
decision_type=2 2 2 2 2 2 2 2 2 2 2 2 2 2
left_child=1 2 7 4 -4 -2 -5 11 -9 10 -3 -1 -12 -7
right_child=5 9 3 6 -6 13 -8 8 -10 -11 12 -13 -14 -15
leaf_value=-0.019516122516848179 0.0073474168033649898 -0.0078178988762508516 -0.0046358193740307675 -0.0023271941019975774 0.0040362714829975466 0.0044115834288803195 0.012261785015593774 -0.0058784241353376067 0.0039073871643601757 -0.014802743888543607 0.010116965787236939 0.0046499396551011483 -0.010243171993776924 -0.014545863803014751
leaf_weight=33.263278715312481 431.86526549328119 113.56115592923015 240.21280191699043 43.876005648635328 248.86793019296601 14.753467317670582 127.69972689915448 179.26662915712222 121.61518393177539 82.797448072815314 42.955869584111497 6.6590012162923804 6.4881674414500585 18.529416039586067
leaf_count=594 1839 3253 2997 576 2857 69 1036 2875 1222 2611 563 53 173 154
internal_value=0.000556554 -0.00155884 5.45595e-05 0.00216181 -0.000207111 0.00615157 0.00855469 -0.00392955 -0.00188493 -0.00787726 -0.00351427 -0.0151014 0.00576312 -0.00692428
internal_weight=1712.41 1247.26 1001.46 660.656 489.081 465.148 171.576 340.804 300.882 245.803 163.005 39.9223 49.444 33.2829
internal_count=20872 18810 12210 7466 5854 2062 1612 4744 4097 6600 3989 647 736 223
is_linear=0
shrinkage=0.025


Tree=48
num_leaves=15
num_cat=0
split_feature=178 26 201 68 3 10 247 245 210 177 109 7 198 63
split_gain=32.0016 14.0448 13.1599 11.703 11.1787 14.2659 10.4183 10.6132 9.29946 8.86134 8.71779 8.63957 8.30341 7.58303
threshold=0.14864918589591983 0.22396993637084964 0.1565520837903023 0.18954297155141833 0.2074287757277489 0.70228680968284618 -0.11983511596918105 -0.28281392157077784 0.52506443858146679 0.23774474859237674 0.99243754148483287 0.21435184031724933 -0.099056467413902269 0.23316660523414615
decision_type=2 2 2 2 2 2 2 2 2 2 2 2 2 2
left_child=1 4 9 -3 6 8 11 -8 -6 -2 -11 -1 -7 -5
right_child=2 3 -4 13 5 12 7 -9 -10 10 -12 -13 -14 -15
leaf_value=-0.013989055010664301 0.002476820320598469 0.0010780950226210965 -0.00030670791359655055 0.011312310229041419 -0.0086407729276967646 0.014131334500864399 -0.0093031345176663709 0.0046842797827314859 0.0074800002602096113 -0.017532662461893455 0.0019619695722041595 -0.0008852554459453728 -0.0018332582599606463 0.0003756448912367089
leaf_weight=27.037076112814248 14.837633584160356 343.28855639882386 73.49973137374036 150.77394097484648 235.55838153627701 22.862293641548604 25.658162634819746 358.94201673660427 14.664190572686492 111.4260099674575 12.380700818728654 185.73472607973963 40.646792523562908 56.668038630858064
leaf_count=248 332 2257 1547 614 4059 191 344 3852 103 3975 257 2210 522 314
internal_value=-0.00040221 0.000931439 -0.0092057 0.00404311 -0.000964022 -0.00470022 0.00103159 0.00346636 -0.00734928 -0.0134401 -0.01549 -0.00326392 0.00508065 0.00856556
internal_weight=1673.98 1461.83 212.144 550.731 911.104 313.732 597.372 384.6 250.223 138.644 123.807 212.772 63.5091 207.442
internal_count=20825 14714 6111 3185 11529 4875 6654 4196 4162 4564 4232 2458 713 928
is_linear=0
shrinkage=0.025


Tree=49
num_leaves=15
num_cat=0
split_feature=178 4 117 86 141 169 213 5 171 134 83 142 67 173
split_gain=22.9 20.4768 13.0833 12.346 13.3341 9.65393 14.0585 8.56049 9.16303 8.37966 14.3179 10.8686 12.3813 10.3249
threshold=0.055057752877473838 0.3114724606275559 0.89310410618782055 0.15403977781534198 1.8521596193313601 0.0062953277956694373 0.1437131464481354 1.3101272583007815 0.035036228597164161 1.0874803662300112 0.045759037137031562 2.2109563350677495 1.3566281722887654e-05 -0.94886842370033253
decision_type=2 2 2 2 2 2 2 2 2 2 2 2 2 2
left_child=3 7 -3 9 -5 6 -6 8 -2 11 -11 13 -13 -1
right_child=1 2 -4 4 5 -7 -8 -9 -10 10 -12 12 -14 -15
leaf_value=0.0043692429136035268 -0.0071574241684752892 0.0086205249692303896 -0.0087256333273875632 0.012637180382690308 -0.009317871392587173 0.010344592216155246 0.0059171394967164996 -0.014819458365187733 0.0017966141970525065 -0.014253669486523048 0.004563128986079113 0.018844382158799342 -0.0026417401436773804 -0.0018215562719758696
leaf_weight=242.77092291181907 276.997490106849 94.754606225527823 25.13591994298622 109.66899162065238 65.623076166957617 43.618896602652967 61.833099141716957 63.592090283869766 86.644089663401246 48.19925091182813 34.390619467943907 31.141362357884645 21.642001753672957 483.14280351996422
leaf_count=1887 6828 869 379 698 580 321 371 2570 1654 543 213 131 188 3685
internal_value=-0.000161527 -0.00431968 0.00442599 0.00184393 0.00628196 0.00157833 -0.00196407 -0.00685623 -0.00500145 0.000316563 -0.00670129 0.0011671 0.0109843 0.000269307
internal_weight=1689.16 547.124 119.891 1142.03 280.744 171.075 127.456 427.234 363.642 861.287 82.5899 778.697 52.7834 725.914
internal_count=20917 12300 1248 8617 1970 1272 951 11052 8482 6647 756 5891 319 5572
is_linear=0
shrinkage=0.025


Tree=50
num_leaves=15
num_cat=0
split_feature=16 28 18 115 198 156 107 245 169 162 210 230 244 138
split_gain=26.1541 13.9458 12.7861 21.403 10.8442 11.5056 10.4763 10.461 10.0785 15.2365 9.72614 9.35825 8.95109 8.71021
threshold=1.0000000180025095e-35 0.20707555115222934 0.22396993637084964 0.24718850851058963 -0.10320103913545607 -1.410806357860565 0.29146438837051397 0.16512006521224978 -0.0030709753045812245 -0.29047466814517969 0.43787576258182531 0.18479333072900775 -0.31086443364620203 0.84274551272392284
decision_type=2 2 2 2 2 2 2 2 2 2 2 2 2 2
left_child=1 2 3 12 6 -6 -4 11 9 13 -5 -3 -1 -2
right_child=8 7 4 10 5 -7 -8 -9 -10 -11 -12 -13 -14 -15
leaf_value=0.0039074065787346188 -0.015160053049427935 0.0097258115132051303 0.011090691801586849 0.011031299895858653 0.0025833810465747068 -0.0063937336906649302 -0.0062137739148755708 -0.011248619786286808 0.0042067480524151163 0.010621319101340293 -0.007541453295769285 -0.0035446050842450755 -0.014490077587851868 -0.00053595780911148104
leaf_weight=12.103621069341896 40.974230987019837 98.530358963180333 55.084559926996008 33.216837040614337 116.70501719787717 289.01095987157896 22.14806674560532 14.284905861597506 701.17201838642359 25.511011378839612 17.561501456424594 38.464372319169343 171.58783339720685 54.352109044790268
leaf_count=188 563 964 729 408 1808 5211 349 314 4152 146 298 567 4588 539
internal_value=-0.000111628 -0.00312249 -0.00457614 -0.00924111 -0.00211691 -0.00378149 0.00581991 0.00352434 0.0030544 -0.00331411 0.00419514 0.00593055 -0.0130487 -0.00793052
internal_weight=1690.71 868.698 717.418 234.47 482.949 405.716 77.2326 151.28 822.009 120.837 50.7783 136.995 183.691 95.3263
internal_count=20824 15424 13579 5482 8097 7019 1078 1845 5400 1248 706 1531 4776 1102
is_linear=0
shrinkage=0.025


Tree=51
num_leaves=15
num_cat=0
split_feature=18 10 143 106 177 6 6 168 159 162 208 194 168 177
split_gain=22.918 17.3371 14.7295 15.9217 11.1397 12.5139 12.1948 10.5607 10.4915 9.80972 9.26289 8.89762 10.9829 9.61228
threshold=1.0000000180025095e-35 0.47004804015159612 1.4798126816749575 1.5015062689781191 0.13140273839235309 0.14300033450126651 0.085725758224725737 -0.54201021790504444 -0.9614877700805663 -1.2035223841667173 0.021343253552913669 0.21029324829578402 -0.7366105020046233 0.10628969594836236
decision_type=2 2 2 2 2 2 2 2 2 2 2 2 2 2
left_child=1 -1 -3 9 11 6 10 -5 -8 -4 -6 13 -13 -2
right_child=4 2 3 7 5 -7 8 -9 -10 -11 -12 12 -14 -15
leaf_value=-0.016203678233332571 -0.0015606562183966132 -0.018162787431892913 0.016803118692666159 0.0024959556628122107 -0.0053626385225894573 -0.014035170984627138 -0.0008988732496090536 -0.01836703703265256 0.0055745476933211861 -0.0030814807303370419 0.0060895447815543045 0.013246161315110803 -1.0824528934085023e-05 0.0069476219792516938
leaf_weight=80.532816615654156 229.66624185629189 13.740937668131663 36.776886727195233 26.397132190875706 307.45126728969626 30.61796105466783 348.15032721497118 15.539954134728761 264.41504376241937 16.571855728980154 40.027114935684949 96.105336346663535 58.184794245287776 114.01600151928142
leaf_count=2653 1574 476 339 362 5404 454 3903 495 2341 322 429 683 471 1008
internal_value=-0.000306489 -0.00822501 -0.00120599 0.00288081 0.000751218 -0.000775208 -0.000171413 -0.00736951 0.0019288 0.0110034 -0.00384941 0.00375917 0.0085316 0.00136598
internal_weight=1678.19 189.56 109.027 95.2858 1488.63 990.662 960.044 41.9371 612.565 53.3487 347.478 497.972 154.29 343.682
internal_count=20914 4647 1994 1518 16267 12531 12077 857 6244 661 5833 3736 1154 2582
is_linear=0
shrinkage=0.025


Tree=52
num_leaves=15
num_cat=0
split_feature=6 26 3 182 73 18 172 170 202 3 219 174 174 18
split_gain=30.2259 17.3555 12.3545 19.7824 12.1146 11.3486 10.7518 10.2515 9.92796 8.48637 7.53917 6.92891 6.31816 4.99936
threshold=0.053240738809108741 0.37446653842926031 0.1722269877791405 0.3114724606275559 0.29360629618167883 0.37446653842926031 -0.036926696076989167 -0.25100812315940851 0.92500004172325145 0.14243151247501376 0.79999998211860668 -6.1485116020776321e-07 -0.0027353480691090222 1.0000000180025095e-35
decision_type=2 2 2 2 2 2 2 2 2 2 2 2 2 2
left_child=4 2 8 5 -1 -4 -3 -5 9 -2 12 -12 -8 -6
right_child=1 6 3 7 13 -7 10 -9 -10 -11 11 -13 -14 -15
leaf_value=-0.019053133752957314 0.0011619794882968249 0.016011712117392465 -0.013026905279814475 0.004927927152390277 -0.0091281732179735557 -0.0025980383027735554 -0.0062697244572077595 -0.0029234493857565689 -0.014401588241153696 0.0081085695384280933 0.0045422692819860411 -0.0089399337528132811 0.0085983368239485516 0.0076566562399781202
leaf_weight=56.931093395804055 558.21283376030624 50.324675651267171 121.5575453704223 193.2370765847154 6.1683055351022658 149.63117993529886 10.772247370332478 197.72472001914866 10.150469627231358 128.74981954833493 34.836030500009656 36.714613915421069 126.04503607004881 16.168067418504506
leaf_count=1730 5141 165 2794 2288 256 2609 91 3309 109 1421 173 206 521 144
internal_value=0.000148712 0.000938801 -0.00020174 -0.00263145 -0.0138442 -0.00767073 0.00672107 0.000957346 0.00209396 0.00259864 0.00367076 -0.0025166 0.00693254 0.00108718
internal_weight=1697.22 1617.96 1359.26 662.151 79.2675 271.189 258.693 390.962 697.113 686.963 208.368 71.5506 136.817 22.3364
internal_count=20957 18827 17671 11000 2130 5403 1156 5597 6671 6562 991 379 612 400
is_linear=0
shrinkage=0.025


Tree=53
num_leaves=15
num_cat=0
split_feature=176 14 143 3 210 116 243 114 22 162 173 162 106 197
split_gain=17.5373 13.6954 15.2079 10.8163 11.0214 10.2202 8.79324 6.82048 6.24924 6.21829 6.00255 5.55438 5.56513 4.9025
threshold=0.4759515523910523 0.31061333417892462 3.649604439735413 0.1722269877791405 0.52506443858146679 0.50096467137336742 0.061346855014562614 2.2481513023376469 0.65032026171684276 -2.0440121889114375 -0.99612632393836964 -2.117838859558105 0.62274810671806347 -0.38617037236690516
decision_type=2 2 2 2 2 2 2 2 2 2 2 2 2 2
left_child=1 2 3 5 -5 -1 11 8 -4 -2 -8 -3 -13 -11
right_child=9 6 7 4 -6 -7 10 -9 -10 13 -12 12 -14 -15
leaf_value=-0.0033402550192688819 0.0034458692187065293 -0.0051881168570433222 0.013944585363409978 -0.0046009086739604455 0.0085802112373955207 0.0029427298294879586 0.0054615662596265609 -0.0054359331077628581 -0.0046190095466313958 0.0011509418455653139 -0.013486767429185365 0.0022115603072588898 0.011150591713402857 -0.017785487868349079
leaf_weight=232.68609211407602 7.6176427546888581 12.004985369741915 64.934950936585665 565.51563412568066 31.051392658613622 463.02190783526748 7.8498850278556374 9.0868439329788071 6.2809746516868463 7.0298174144700161 13.769733790308235 77.824950422160327 133.74772310722619 43.183579178294167
leaf_count=2013 130 80 522 9940 250 4597 31 96 105 154 105 449 542 1846
internal_value=-0.000142342 0.000376891 -0.000601916 -0.00129931 -0.00373863 0.000802658 0.00567715 0.00919538 0.0117272 -0.0124152 -0.00674127 0.00721327 0.00821356 -0.0152228
internal_weight=1675.61 1617.78 1372.58 1292.28 596.567 695.708 245.197 80.3028 71.2159 57.831 21.6196 223.578 211.573 50.2134
internal_count=20860 18730 17523 16800 10190 6610 1207 723 627 2130 136 1071 991 2000
is_linear=0
shrinkage=0.025


Tree=54
num_leaves=15
num_cat=0
split_feature=177 15 10 4 135 22 127 164 243 168 213 210 89 136
split_gain=23.4476 18.5377 15.6652 11.3267 12.2375 11.3025 11.5234 11.0409 10.1881 9.88195 9.28042 8.31947 8.18306 11.8223
threshold=0.66195636987686168 1.0000000180025095e-35 0.40253517031669622 0.3114724606275559 2.4759420156478886 0.14931328594684604 3.6170012950897221 -0.12877409905195233 -0.031696185469627373 -0.88824549317359913 0.20781902968883517 0.35139927268028265 0.0042175753042101869 0.02937643509358168
decision_type=2 2 2 2 2 2 2 2 2 2 2 2 2 2
left_child=1 3 12 4 7 8 -7 -1 -4 -5 -11 -6 13 -3
right_child=-2 2 5 9 11 6 -8 -9 -10 10 -12 -13 -14 -15
leaf_value=-0.0085091340015509536 -0.014421957040024264 0.0096469004582748798 -0.008348765471535775 -0.0030225141168056645 -0.0038693007085378347 -0.014710657709201378 0.0092397540676306868 -0.0015317835033050794 0.0079109638625781114 0.009459525762615266 -0.0018130901271795749 0.013907465644728343 0.012831076099812246 -0.0024789708686081776
leaf_weight=175.06559139443561 54.226985409855843 96.502156803384423 22.375415071845055 96.875168547965586 17.334851614199579 43.087301660329103 6.722432740032672 647.12475120229647 70.38581055123359 143.78845713846385 57.340030756779015 34.919204977340996 125.94731349218637 83.882774710655212
leaf_count=3852 1888 385 142 813 333 280 25 10077 332 1073 558 262 479 418
internal_value=0.000152761 0.000750248 0.00500411 -0.000902101 -0.00234068 -0.00168286 -0.0101097 -0.00313346 0.00336249 0.00320605 0.00626601 0.00819438 0.0081017 0.00414024
internal_weight=1675.58 1621.35 448.903 1172.45 874.444 142.571 49.8097 822.19 92.7612 298.004 201.128 52.2541 306.332 180.385
internal_count=20917 19029 2061 16968 14524 779 305 13929 474 2444 1631 595 1282 803
is_linear=0
shrinkage=0.025


Tree=55
num_leaves=15
num_cat=0
split_feature=6 145 6 24 80 7 236 10 4 91 21 2 233 179
split_gain=21.2226 18.5902 15.9827 13.4297 13.313 12.864 11.762 10.895 11.0533 10.1832 9.22768 9.05876 10.2174 8.22304
threshold=0.072744261473417296 1.0330291390419009 0.07872412353754045 1.0000000180025095e-35 0.01084348699077964 0.23261365294456485 -0.19999995827674863 0.37376695871353155 0.14931328594684604 1.078165632861783e-05 1.0000000180025095e-35 0.2319164648652077 -0.29531449079513544 0.11263560503721239
decision_type=2 2 2 2 2 2 2 2 2 2 2 2 2 2
left_child=1 11 4 7 -2 -3 -6 9 -9 -4 -8 12 -1 -5
right_child=2 5 3 13 6 -7 10 8 -10 -11 -12 -13 -14 -15
leaf_value=-0.002406800222547007 -0.0027700839416373102 0.0070475021744570336 -0.00097807604653551506 -0.0035560596923713359 -0.0050540593222121845 -0.0086959606083953072 0.012987086886498914 -0.0044994888368748024 0.0033189173773662522 -0.0097905205210899529 -0.004747034935636784 0.0069055240468345524 -0.020835035322247532 0.0051881477806470224
leaf_weight=31.382716024061665 67.787665374577045 62.49877022462897 169.37558860448189 73.288358883932233 23.205830320715904 45.409604857442901 171.69497572258115 168.02853530505672 290.66621967451647 159.46263471827842 13.235150536522267 4.5781122744083396 66.79189730877988 322.30551362223923
leaf_count=540 1038 805 2670 378 195 883 1268 2474 3500 3132 142 29 2331 1619
internal_value=-1.14946e-05 -0.00721171 0.00106994 -0.000203312 0.00635384 0.000110906 0.0093712 -0.00209387 0.000386637 -0.00548239 0.0114425 -0.0142181 -0.0159614 0.00348051
internal_weight=1669.71 210.661 1459.05 1183.13 275.924 107.908 208.136 787.533 458.695 328.838 184.93 102.753 98.1746 395.594
internal_count=21004 4588 16416 13773 2643 1688 1605 11776 5974 5802 1410 2900 2871 1997
is_linear=0
shrinkage=0.025


Tree=56
num_leaves=15
num_cat=0
split_feature=5 176 169 56 6 116 210 194 130 31 26 175 139 1
split_gain=22.0126 14.8762 11.846 12.2679 13.6027 8.6886 9.17467 8.68594 10.0713 8.5535 8.35638 8.24861 8.19491 8.10356
threshold=1.0954968929290774 0.1965659633278847 -0.0087720756419002992 1.0000000180025095e-35 0.14300033450126651 1.7756664752960207 0.53319412469863903 0.16329798847436908 0.55612716078758251 0.22396993637084964 1.0000000180025095e-35 -0.19762388616800305 0.6138729751110078 0.040835389867424972
decision_type=2 2 2 2 2 2 2 2 2 2 2 2 2 2
left_child=2 5 7 4 11 6 -2 -1 -9 -5 -3 -4 -10 -6
right_child=1 10 3 9 13 -7 -8 8 12 -11 -12 -13 -14 -15
leaf_value=0.00098005072107172067 -0.0057935140556014232 -0.014289547867260895 -0.0027212406707082019 0.0094803276804065438 -0.016488042205175645 0.0070166870714875387 0.010304659273573658 0.0041635993556392364 -0.016034526678758446 -0.0040584539315745944 0.007647680107342303 0.0032367706803283222 0.00074744508708739416 0.0023986342064354045
leaf_weight=119.0402427338995 181.00738766137511 104.44868002657313 173.3836241257377 191.87665932253003 29.810762800043449 43.913191655185074 13.445961978286503 23.430627665482461 62.613217132166028 25.745387002360076 3.8119195634499183 656.64735876163468 20.845533056650311 15.807699903845785
leaf_count=1418 3370 4184 2015 1259 336 562 80 282 1177 202 28 5632 265 136
internal_value=-2.13868e-05 -0.00552587 0.00145233 0.00253715 0.00115429 -0.00175205 -0.00408557 -0.00360776 -0.00840545 0.00769582 -0.0127271 0.00195632 -0.0121449 -0.01059
internal_weight=1665.83 346.627 1319.2 1093.27 875.649 238.367 194.453 225.93 106.889 217.622 108.261 830.031 83.4588 45.6185
internal_count=20946 8224 12722 9580 8119 4012 3450 3142 1724 1461 4212 7647 1442 472
is_linear=0
shrinkage=0.025


Tree=57
num_leaves=15
num_cat=0
split_feature=5 178 169 210 215 167 7 134 133 175 176 228 83 231
split_gain=22.0621 18.0251 15.3194 12.3309 10.2815 9.10621 8.50245 9.21412 16.5418 8.02698 6.85598 6.41999 6.30328 6.14031
threshold=1.1183189153671267 0.053063094615936286 -0.0087720756419002992 0.4532743245363236 -0.11697487160563468 -0.057515313848853104 0.24868746846914294 0.55892080068588268 0.53069773316383373 -0.20700863003730771 0.18480810523033145 0.032674636691808708 0.0010252802167087796 -0.34134791791439051
decision_type=2 2 2 2 2 2 2 2 2 2 2 2 2 2
left_child=2 -2 3 4 -1 -6 7 8 -4 -9 11 -3 -8 -12
right_child=1 10 6 -5 5 -7 12 9 -10 -11 13 -13 -14 -15
leaf_value=0.0048034192768504364 0.0021501917680144455 0.0069626766481155197 0.0024062939590259458 0.0080967042939857018 -0.0023476133423364254 -0.014359921654711671 -0.0144279622271009 -0.00075404386669529033 -0.011704024878347681 0.0072577232213348625 0.0012281384819962467 -0.0071146285339793698 0.0021991716450502903 -0.016430471099332343
leaf_weight=32.404807984828949 110.37436917750165 14.732815999537705 554.75821681274101 32.24777358956635 82.387704217340797 82.377224785508588 18.994414688553661 90.494393589906394 45.08511549513787 398.98651438718662 10.733737405855207 80.88882613601163 19.271839058492333 88.487780989380553
leaf_count=350 1263 156 4602 238 1215 1535 433 925 545 3214 238 2019 284 3966
internal_value=0.000228618 -0.00570508 0.00161066 -0.00411229 -0.00651882 -0.00899124 0.00281705 0.00325853 0.00111656 0.005769 -0.0100819 -0.00429502 -0.00727952 -0.0144814
internal_weight=1662.23 305.218 1357.01 229.418 197.17 164.765 1127.59 1089.32 599.843 489.481 194.843 95.6216 38.2663 99.2215
internal_count=20983 7642 13341 3338 3100 2750 10003 9286 5147 4139 6379 2175 717 4204
is_linear=0
shrinkage=0.025


Tree=58
num_leaves=15
num_cat=0
split_feature=26 179 108 117 2 79 2 164 7 135 213 164 213 22
split_gain=22.9417 15.6679 11.244 11.6944 10.1475 8.88323 11.9028 8.78637 8.69991 8.53821 8.26973 8.24272 8.2114 8.03192
threshold=0.22396993637084964 0.18373083323240283 0.045610252767801292 0.32135005295276647 -0.054655671119689934 2.1473839373342687e-10 -0.065570987761020647 -0.15661948174238202 0.24789286404848102 1.9331017136573794 0.19122160971164706 0.13452756404876712 0.19354234635829928 0.85645514726638805
decision_type=2 2 2 2 2 2 2 2 2 2 2 2 2 2
left_child=1 7 10 4 -4 6 13 -1 12 -5 -3 -7 -9 -2
right_child=5 2 3 9 -6 11 -8 8 -10 -11 -12 -13 -14 -15
leaf_value=-0.010963239205150873 -0.0064494307341095101 -0.014535916630823865 -0.0079112715363688964 -0.0069799784071360345 0.0080172312346953392 0.0069880248070309479 -0.0071492386195856576 0.0065878226047965394 -0.0086211027015374638 0.00092270622601149698 -0.0029029913731867868 -0.0012657049039217468 -0.00069933427206296821 0.014809616319904517
leaf_weight=20.800298581365496 7.2826228402555016 94.132407420664094 21.992629499873146 264.17806657706387 88.437235729768872 376.68289849674329 79.620013560168445 218.58480269368738 28.455736971925944 116.23220993881114 76.065231502754614 86.729370887391269 157.84606859227642 22.504125675186515
leaf_count=350 89 2130 674 5073 1040 2154 576 2465 622 1621 1569 671 1858 83
internal_value=-6.38894e-05 -0.00219989 -0.00458218 -0.00250695 0.0042784 0.00392905 -0.00221061 0.00149514 0.0024623 -0.00457913 -0.00993912 0.00542406 0.00357277 0.00895334
internal_weight=1659.54 1086.72 661.038 490.84 110.43 572.819 109.407 425.687 404.887 380.41 170.198 463.412 376.431 29.7867
internal_count=20975 17402 12107 8408 1714 3573 748 5295 4945 6694 3699 2825 4323 172
is_linear=0
shrinkage=0.025


Tree=59
num_leaves=15
num_cat=0
split_feature=26 177 1 228 125 17 233 246 10 66 135 32 85 169
split_gain=18.3699 13.823 8.93846 13.8416 9.25198 10.1288 8.23228 8.71087 8.0814 7.96145 9.08445 7.41025 10.5488 9.05791
threshold=0.22396993637084964 0.62388765811920177 -0.19005213677883145 0.17715755850076678 2.341078639030457 0.22396993637084964 -0.071753084659576402 0.33684463798999792 0.37376695871353155 0.037539394572377212 0.31535913050174719 1.0000000180025095e-35 0.0086210914887487906 0.010727953165769579
decision_type=2 2 2 2 2 2 2 2 2 2 2 2 2 2
left_child=1 2 3 8 5 -4 7 -3 -1 11 -11 -2 -13 -14
right_child=9 6 4 -5 -6 -7 -8 -9 -10 10 -12 12 13 -15
leaf_value=-0.0098017450205803054 -0.0020621135216310092 -0.019424588377896623 -0.0039968548562018041 -0.013858192148176527 0.0059333168106881886 0.0016746762854381828 0.0052593879717457923 0.0011258737345447272 0.0059951719575553619 -0.010159947486732261 0.0096241122931609562 0.0071203647069969919 -0.012091757372894399 0.0073860016133232981
leaf_weight=17.28733739675954 172.92096790671349 43.850531262811273 368.80532388435677 66.556410071672872 126.96692856354639 393.58175468631089 7.9534738347865632 13.67226014472544 52.982410962460563 5.6055869273841372 158.19782454892993 185.49943224200979 28.610746710561216 12.824800090864299
leaf_count=428 1450 1604 6260 1691 1382 4627 252 419 697 54 775 945 236 70
internal_value=0.000132511 -0.00174913 -0.000955428 -0.00662609 0 -0.00107221 -0.0119524 -0.015009 0.00109413 0.00375894 0.00822869 0.00171113 0.00459777 -0.0055244
internal_weight=1655.32 1091.66 1026.18 136.826 889.354 762.387 65.4763 57.5228 70.2697 563.659 163.803 399.856 226.935 41.4355
internal_count=20890 17360 15085 2816 12269 10887 2275 2023 1125 3530 829 2701 1251 306
is_linear=0
shrinkage=0.025


Tree=60
num_leaves=15
num_cat=0
split_feature=17 10 111 88 18 99 80 184 123 127 198 71 97 20
split_gain=19.0299 16.9116 18.5112 14.9354 13.19 9.36233 9.99722 8.99446 8.97989 11.1169 12.901 9.62833 12.1289 10.0837
threshold=1.0000000180025095e-35 0.37376695871353155 0.63525912165641796 0.32647854089736944 0.22396993637084964 0.0076644052751362332 0.008351053576916458 0.14931328594684604 0.20478538423776629 1.870309114456177 -0.065006837248802171 0.048585420474410064 0.071033213287591948 0.84110677242279064
decision_type=2 2 2 2 2 2 2 2 2 2 2 2 2 2
left_child=1 4 5 -4 -1 6 -3 -7 9 11 -11 13 -13 -2
right_child=8 2 3 -5 -6 7 -8 -9 -10 10 -12 12 -14 -15
leaf_value=-0.017136142611645217 -0.0019865001440542468 -0.0057553375395030595 0.010641386378153293 -0.011400615687774656 -0.0023393948651070601 -0.016786762544278973 0.0090072811102406662 0.004438533077879012 0.0040197719879582119 0.0032388589230119441 -0.01231813778610001 0.012294950882699787 -0.004800547964479515 0.0076159063996995586
leaf_weight=79.829558686353266 394.08807065756992 73.977109523140825 94.449945338303223 12.621513088233767 75.000461034709588 47.257137057604268 30.885013120016083 9.2921107925940287 529.95468331151642 44.770845503546298 77.558195680379868 77.272622175514698 27.773298478219658 70.064716955646873
leaf_count=2770 3776 1488 1223 319 1821 1210 518 96 5139 439 961 500 327 328
internal_value=1.53012e-05 -0.00447112 -0.000514132 0.00705101 -0.0107273 -0.00574518 -0.000821908 -0.0129502 0.00160861 -0.000258476 -0.00675072 0.00122587 0.00763947 -0.000355341
internal_weight=1644.8 423.313 268.483 107.071 154.83 161.411 104.862 56.5492 1221.48 691.528 122.329 569.199 105.046 464.153
internal_count=20915 9445 4854 1542 4591 3312 2006 1306 11470 6331 1400 4931 827 4104
is_linear=0
shrinkage=0.025


Tree=61
num_leaves=15
num_cat=0
split_feature=17 10 18 230 228 165 173 196 118 1 98 88 208 167
split_gain=23.2224 17.5352 16.1481 10.2642 10.6245 11.2316 8.704 10.8276 8.41871 11.3458 10.9672 9.49306 7.96449 7.78155
threshold=1.0000000180025095e-35 0.47004804015159612 0.22396993637084964 0.27629142999649053 0.28906919062137609 -0.088177572935819612 -0.99999842047691334 -0.73253029584884632 0.94990864396095287 -0.19005213677883145 0.87014746665954601 0.010317395906895401 -0.011306259315460919 0.53148454427719127
decision_type=2 2 2 2 2 2 2 2 2 2 2 2 2 2
left_child=1 2 -1 4 5 -3 7 -2 10 -10 -8 -11 -4 -12
right_child=6 3 12 -5 -6 -7 8 -9 9 11 13 -13 -14 -15
leaf_value=-0.016091227186534149 -0.0089401463695236768 -0.0057006258176216934 -0.014200858911695053 -0.0096508390393704735 -0.0081554174524220754 0.0091497733851377792 0.00039803666647239105 0.013717645110745236 -0.0085972153341425453 0.0090945087826980152 -0.016783015126757391 0.0014918651822107784 0.0016889661187763838 0.0061054300073192496
leaf_weight=107.06064547039568 6.8392104087397447 32.178905923850834 13.02352258004248 41.106137853115797 32.565053990576416 116.1608951552771 673.25696997577325 57.469035491347313 30.005807050038129 188.82926124054939 27.377105340594429 231.36967122694477 80.303611034527421 4.4767626421526066
leaf_count=3460 52 763 382 871 761 1395 6449 254 393 1617 368 2255 1848 19
internal_value=0.000139019 -0.00482382 -0.00995956 3.13247e-05 0.00275965 0.00566482 0.00189823 0.0101172 0.00133072 0.00395579 -0.000366068 0.00509492 -0.00177502 -0.0124908
internal_weight=1642.02 422.399 200.388 222.011 180.905 148.34 1219.62 64.3082 1155.32 450.205 705.111 420.199 93.3271 31.8539
internal_count=20887 9480 5690 3790 2919 2158 11407 306 11101 4265 6836 3872 2230 387
is_linear=0
shrinkage=0.025


Tree=62
num_leaves=15
num_cat=0
split_feature=6 145 15 4 168 211 233 2 233 233 177 91 36 178
split_gain=20.9423 17.327 12.6647 11.7499 11.3428 10.8065 14.1991 9.14723 9.58392 8.86085 10.5207 10.9842 8.59763 8.5743
threshold=0.072744261473417296 1.1119395494461062 1.0000000180025095e-35 0.3114724606275559 -0.60555860400199879 0.18622918426990512 -0.31963682174682612 0.013205223716795446 -0.32498927414417261 -0.24501600861549375 0.31170147657394415 0.0016671380144543948 0.20707555115222934 0.042831348255276687
decision_type=2 2 2 2 2 2 2 2 2 2 2 2 2 2
left_child=1 7 3 13 -5 6 -4 8 -1 -3 11 -11 -8 -2
right_child=2 9 5 4 -6 -7 12 -9 -10 10 -12 -13 -14 -15
leaf_value=-0.0011087405625990212 0.00085784966134232459 -0.0091720137130344073 0.0094411352522119196 -0.00075556617055809255 0.0091286718857121595 0.0074530132003394148 -0.014169979188256552 0.0015054146870642068 -0.021004047591192218 0.0059577554259504341 0.012705839699136703 -0.016230559802561922 0.00082862637375030886 -0.0043207598054533737
leaf_weight=22.37710797181353 380.21778756799176 28.337052856804803 37.611677942797542 140.07777348160744 130.5115348668769 288.04330556187779 37.876298924908042 17.138059613294899 63.440222790348344 21.061888163909316 37.219225263223052 12.600894146598874 40.631835907697678 394.37984478101134
leaf_count=372 3672 531 125 1033 923 1284 240 185 2488 242 458 278 187 8975
internal_value=0.000169761 -0.00712369 0.00124584 -0.000208922 0.0041528 0.00493552 -0.00132488 -0.013734 -0.0167165 0.000364937 0.00510436 -0.00415681 -0.00718868 -0.0017886
internal_weight=1651.52 202.174 1449.35 1045.19 270.589 404.163 116.12 102.955 85.8173 99.2191 70.882 33.6628 78.5081 774.598
internal_count=20993 4554 16439 14603 1956 1836 552 3045 2860 1509 978 520 427 12647
is_linear=0
shrinkage=0.025


Tree=63
num_leaves=15
num_cat=0
split_feature=26 3 10 247 169 18 18 10 195 168 7 247 2 202
split_gain=16.365 12.9266 18.6175 12.3864 9.69578 12.0499 9.11511 8.43779 13.2747 7.90352 7.27941 9.70161 6.02031 6.02153
threshold=0.37446653842926031 0.20264933258295062 0.37376695871353155 -0.22582961618900296 -0.18122245371341703 0.46720869839191442 0.65050083398818981 0.68351846933364879 0.96183741092681896 0.83563750982284557 0.24638342112302783 -0.01930904388427734 0.14770677685737613 0.83541670441627514
decision_type=2 2 2 2 2 2 2 2 2 2 2 2 2 2
left_child=1 7 3 -3 -4 -6 -5 10 9 -9 -1 -12 13 -2
right_child=12 2 4 6 5 -7 -8 8 -10 -11 11 -13 -14 -15
leaf_value=0.0026552018905711557 0.0049984806790389193 -0.00047862374114221689 -0.014581809669752508 -0.01477906619654727 0.0027405727197443992 -0.0090467194495214339 0.0035115251818607345 -0.013005979982009331 0.008746051008902583 0.0053878454485661491 -0.013109301662537426 0.0024228310854363527 0.012860739872628016 -0.0051440994798669613
leaf_weight=588.2366461600177 171.09575088042766 71.417733317473903 16.449542153161019 150.89486696664244 285.31555588718038 54.17631564498879 13.257168927229939 69.812188341282308 20.049772234633565 9.7672718688845617 34.077003219630569 46.256168829277158 42.955686120316386 34.225279097445309
leaf_count=5620 794 1493 379 3990 4409 1051 195 820 152 74 719 781 159 225
internal_value=-0.0004221 -0.00151671 -0.00425821 -0.00952729 -0.000540057 0.000579349 -0.0130923 0.00061125 -0.00574634 -0.0102017 0.00166163 -0.00487791 0.00531812 0.00305959
internal_weight=1607.99 1359.71 591.511 235.57 355.941 339.492 164.152 768.199 99.6292 79.5795 668.57 80.3332 248.277 205.321
internal_count=20861 19683 11517 5678 5839 5460 4185 8166 1046 894 7120 1500 1178 1019
is_linear=0
shrinkage=0.025


Tree=64
num_leaves=15
num_cat=0
split_feature=5 178 4 169 193 166 203 232 1 156 109 169 132 242
split_gain=17.7673 11.6007 8.93795 8.86385 14.5707 9.18103 8.39207 7.80218 10.751 8.74475 8.98911 8.38716 7.31139 6.68498
threshold=1.1183189153671267 0.16078958660364154 0.14931328594684604 -0.0087720756419002992 0.3354459702968598 0.18600950390100482 0.20628206431865695 0.080041985958814635 -0.037735143676400178 -0.95358288288116444 0.02802090905606747 0.057569719851017005 1.9517670869827273 0.175236351788044
decision_type=2 2 2 2 2 2 2 2 2 2 2 2 2 2
left_child=2 -2 7 4 5 -4 13 9 -9 11 -11 -1 -10 -3
right_child=1 6 3 -5 -6 -7 -8 8 12 10 -12 -13 -14 -15
leaf_value=-0.0077249429461390233 -0.001976557470493928 -0.01701312821870082 -0.014900635989298642 0.0040484160293010529 0.0044879631380736395 0.0042700262389643176 0.0046381483731388531 -0.0074775993078663554 0.010507639994357092 -0.0023324924090653231 0.00797234789331705 0.0065158932697139326 -0.0081847176901711696 0.0021122939774877365
leaf_weight=205.61649043578655 203.84745747689158 75.022157377214171 50.125062535516918 613.94381097145379 72.992463590111583 13.653450258076189 9.4126302795484644 25.637934022583067 80.919536330737174 176.60049828002229 61.353550981264561 19.183779118116945 5.4287238684482864 9.0135693640913797
leaf_count=2396 3571 3478 1019 5689 723 136 271 384 560 1723 464 216 70 285
internal_value=-0.000256803 -0.00566109 0.000985934 0.00276888 -0.00275403 -0.0106054 -0.0124404 -0.0013306 0.00425269 -0.00278143 0.000529661 -0.00618827 0.00835008 -0.014824
internal_weight=1622.75 297.296 1325.46 750.715 136.771 63.7785 93.4484 574.741 111.986 462.754 237.954 224.8 86.3483 84.0357
internal_count=20985 7605 13380 7567 1878 1155 4034 5813 1014 4799 2187 2612 630 3763
is_linear=0
shrinkage=0.025


Tree=65
num_leaves=15
num_cat=0
split_feature=5 17 168 169 158 158 20 90 234 195 168 177 157 212
split_gain=15.2236 13.1682 11.5866 9.34573 11.9321 14.5416 10.9205 10.1891 9.31215 11.9992 13.4833 8.87832 7.29606 6.80809
threshold=1.1385689377784731 0.31061333417892462 -0.98822414875030506 -0.0022081044735386963 -0.18009799718856809 -0.53259417414665211 0.84110677242279064 0.00058677748893387627 -0.10800629854202269 0.92487248778343212 -0.87372249364852894 0.079775180667638793 -0.5949563980102538 -0.016724387183785435
decision_type=2 2 2 2 2 2 2 2 2 2 2 2 2 2
left_child=3 2 -2 8 5 7 11 -5 13 -10 -11 -6 -7 -1
right_child=1 -3 -4 4 6 12 -8 -9 9 10 -12 -13 -14 -15
leaf_value=-0.0044133594261613722 0.0042337857536131921 0.0046345976614179411 -0.010609992435508454 -0.0062877877636003032 0.0038735560465390077 -0.0040767072491120831 0.0050627793227785252 0.0029339199996947789 -0.0065515115606831383 -0.010001162732354692 0.012222270897635766 -0.010167325289365084 0.012178389254209032 0.012102042329157278
leaf_weight=15.250188004225491 31.509068612940609 53.981898332946002 180.37983262713533 73.166621895972639 28.404239164665341 12.587726968806235 56.926350731402636 603.67423675721511 245.71797550655901 14.21772706415504 40.069126517046243 106.12869537947699 128.79264185065404 31.201027056667954
leaf_count=264 514 760 5786 805 144 116 283 5690 3699 211 362 1241 767 299
internal_value=-0.000151895 -0.00549227 -0.0082382 0.000924939 0.00214317 0.00346019 -0.00329592 0.00182673 -0.00254338 -0.00421227 0.00545652 -0.00704309 0.0104439 0.00667319
internal_weight=1622.01 265.871 211.889 1356.14 1009.68 818.221 191.459 676.841 346.456 300.005 54.2869 134.533 141.38 46.4512
internal_count=20941 7060 6300 13881 9046 7378 1668 6495 4835 4272 573 1385 883 563
is_linear=0
shrinkage=0.025


Tree=66
num_leaves=15
num_cat=0
split_feature=176 76 73 236 95 75 247 233 20 3 177 120 212 115
split_gain=19.2315 11.3701 9.23553 9.07171 8.64042 17.8308 9.68011 8.00885 9.61096 8.47992 7.82496 7.70835 9.95113 7.20577
threshold=0.16266285628080371 0.29403904080390936 0.00052934352424927067 -0.025000005960464474 0.0091764507815241831 4.3848134845259073e-10 -0.31720592081546778 -0.35911780595779413 0.84110677242279064 0.053121792152524001 0.23774474859237674 0.10480180010199548 -0.10193116217851637 0.00085445732111111294
decision_type=2 2 2 2 2 2 2 2 2 2 2 2 2 2
left_child=1 7 11 -2 10 -6 -7 -1 -9 -10 -5 -3 -13 -4
right_child=3 2 13 4 5 6 -8 8 9 -11 -12 12 -14 -15
leaf_value=0.0056714128259491344 -0.010937218727298602 0.00057562548788278654 -0.0040294291119479858 0.0060131243778911428 0.011882536414980417 0.0056986550253019606 -0.0087952713530476106 -0.0033708096375665007 -0.0030920859197496615 0.0129863553694786 -0.015557622134252961 -0.0065621031581645246 0.015584264855438075 0.0032027887663601431
leaf_weight=80.17024248233065 116.13990234048106 50.168568138033152 96.127910496201366 5.8452865583822122 47.306542953127064 30.28377691260539 84.91745322314091 527.63330709934235 28.294472994282842 34.186492057517171 31.655301281251013 7.1173893678933373 78.87254577036947 407.33303768793121
leaf_count=622 3172 391 1047 74 795 579 2324 6527 139 162 1135 72 477 3506
internal_value=-0.000270022 0.00106876 0.00342816 -0.00569134 -0.00213958 0.000534403 -0.00470872 -0.00118509 -0.0022318 0.00621233 -0.0113002 0.00895337 0.0130445 0.001736
internal_weight=1626.05 1309.9 639.619 316.148 200.008 162.508 115.201 670.285 590.114 62.481 37.5006 136.159 85.9899 503.461
internal_count=21022 12943 5493 8079 4907 3698 2903 7450 6828 301 1209 940 549 4553
is_linear=0
shrinkage=0.025


Tree=67
num_leaves=15
num_cat=0
split_feature=6 215 176 52 2 198 106 62 160 168 213 158 242 247
split_gain=14.9886 10.4369 10.2631 9.2331 13.1611 12.0216 10.0942 8.38762 8.24738 6.12284 4.94754 4.91075 5.81296 4.05466
threshold=0.053240738809108741 0.2119427099823952 0.4759515523910523 0.14931328594684604 0.18022608011960986 0.13534452021121982 2.6233568191528325 0.82083633542060863 -0.64188787341117848 -0.97672632336616505 0.045173484832048423 -1.8761429786682127 -0.14355003088712689 0.17239139229059222
decision_type=2 2 2 2 2 2 2 2 2 2 2 2 2 2
left_child=1 7 3 4 9 -6 8 11 -5 -2 -4 -1 -13 -3
right_child=2 13 10 6 5 -7 -8 -9 -10 -11 -12 12 -14 -15
leaf_value=0.00094519319079776863 0.0041452193257130055 -0.0054942989910356441 0.0023712903887124007 0.010098579902150283 -0.015634830694797461 -4.4807547892797222e-06 -0.010938455515771835 0.0065964646418085532 0.0020755710537005622 -0.0001966293003313871 -0.014376015566968379 0.00056114643488872551 -0.021452715085170913 0.011406976099907686
leaf_weight=6.4100229956675312 258.82830500230193 4.5762203494086853 9.3824697625823301 135.52357385749929 48.877728220075369 65.422196258092299 13.404625332914291 3.995823527686297 204.27485572872683 787.75214935303666 28.644611686933786 6.7098036222159854 43.561904066242278 9.6678129471838457
leaf_count=81 2223 101 182 975 1113 878 232 45 1855 10385 1043 199 1630 38
internal_value=0.000145184 -0.0099509 0.000713127 0.00108055 0 -0.00763785 0.00454757 -0.0140489 0.00554628 0.000900156 -0.0104164 -0.0165845 -0.0187718 0.00547132
internal_weight=1627.03 74.9216 1552.11 1514.08 1160.88 114.3 353.203 60.6776 339.798 1046.58 38.0271 56.6817 50.2717 14.244
internal_count=20980 2094 18886 17661 14599 1991 3062 1955 2830 12608 1225 1910 1829 139
is_linear=0
shrinkage=0.025


Tree=68
num_leaves=15
num_cat=0
split_feature=177 111 74 68 144 83 10 179 6 138 144 136 211 178
split_gain=14.4928 15.2033 15.9129 10.7268 9.84414 8.14902 8.97097 7.9328 8.19818 12.1545 7.53248 12.4241 9.67594 7.53211
threshold=0.36261004209518438 0.067875530570745482 0.18183363229036334 0.1299020200967789 0.33950200676918035 0.20270232111215594 0.77213487029075634 0.064419522881507887 0.13370372354984286 0.14175134152173999 1.1806163191795351 0.33637584745883947 0.24735082685947421 0.036834986880421645
decision_type=2 2 2 2 2 2 2 2 2 2 2 2 2 2
left_child=3 -2 4 7 -3 6 -5 -1 9 -9 11 -4 -12 -7
right_child=1 2 10 5 -6 13 -8 8 -10 -11 12 -13 -14 -15
leaf_value=0.0083857868771942887 -0.013957395171373753 -0.008268721268748681 -0.0075832734827648062 0.0078449604575987555 0.0068735543500149619 0.0033871425350523753 -0.0078773998469047531 0.0039708815698020847 -0.0092628541253005885 -0.0029758565819136607 -0.018432854952791389 0.013058722831089671 0.0013061629731221046 -0.005685873499657922
leaf_weight=42.491202060133219 73.041839324869215 22.361876328708604 43.98649450391531 257.22425541980192 117.99581707268953 155.85819308180362 14.472564458847044 228.09785795677453 64.277976390440017 443.3298002036754 43.840485606575385 14.953445598017423 17.842133891535923 74.565786321181804
leaf_count=191 2114 778 965 2122 1695 966 166 2240 798 6200 929 157 228 1385
internal_value=-0.000191708 -0.00474092 -0.0016155 0.00101846 0.00391778 0.00382668 0.00666563 -0.000808275 -0.00148206 -0.00056933 -0.00792025 -0.00084696 -0.0132707 0.000263413
internal_weight=1614.34 334.022 260.98 1280.32 140.358 502.121 271.697 778.197 735.706 671.428 120.623 58.9399 61.6826 230.424
internal_count=20934 6866 4752 14068 2473 4639 2288 9429 9238 8440 2279 1122 1157 2351
is_linear=0
shrinkage=0.025


Tree=69
num_leaves=15
num_cat=0
split_feature=4 3 10 179 170 1 202 5 173 179 246 170 159 113
split_gain=13.3731 18.0009 16.8169 15.1068 10.9583 10.3834 10.2292 8.90608 8.60236 8.37138 13.0228 8.96144 7.38836 6.8885
threshold=0.3114724606275559 0.20264933258295062 0.37376695871353155 0.21666223555803302 -0.26437078416347498 0.28232184052467352 0.92500004172325145 0.96575593948364269 -0.99999842047691334 0.35117864608764654 -0.22836583107709882 -0.109833225607872 -1.7650561928749082 0.74036842584609996
decision_type=2 2 2 2 2 2 2 2 2 2 2 2 2 2
left_child=1 6 3 -3 7 -6 9 -4 -5 11 -11 -1 -2 -14
right_child=12 2 4 8 5 -7 -8 -9 -10 10 -12 -13 13 -15
leaf_value=0.0065031712114848057 -0.0045438443192424632 0 0.0087279121549270373 0.0050723239857380694 -0.0093793813484416618 0.0052828699183023378 -0.014802940877505784 -0.0023339127149686486 -0.015605869146979659 -0.0088337249543647411 0.013514382199158931 -0.00063359848924627812 0.0063625722690531881 -0.0073374695855118154
leaf_weight=125.75737238908187 42.475064732600003 64.841884098947048 82.26450335746631 7.2397825941443434 104.23479557374958 30.816094650421292 11.854967487044631 77.598662924952805 137.31862758775242 11.196784431580452 62.190961699932814 527.12232530117035 309.88382091699168 14.039662855677305
leaf_count=1360 429 1047 686 48 2502 465 128 1618 4238 132 369 5596 2193 139
internal_value=6.09462e-05 -0.00117434 -0.0047636 -0.00997791 -0.000775141 -0.00579064 0.00129829 0.00349765 -0.014181 0.00181439 0.00919606 0.000814843 0.00418717 0.00549067
internal_weight=1608.84 1242.44 504.314 209.4 294.914 135.051 738.122 159.863 144.558 726.267 73.3877 652.88 366.399 323.923
internal_count=20950 18189 10604 5333 5271 2967 7585 2304 4286 7457 501 6956 2761 2332
is_linear=0
shrinkage=0.025


Tree=70
num_leaves=15
num_cat=0
split_feature=26 1 113 176 151 163 63 179 3 220 84 96 233 232
split_gain=12.1547 7.81633 9.86156 7.77854 8.24592 10.8166 7.66199 7.58301 7.46282 8.60745 12.1702 7.1267 6.8095 6.55149
threshold=0.22396993637084964 0.14165651798248294 0.020749010145664219 0.46205845475196844 4.8074235916137704 -1.3660115599632261 0.013990644365549089 0.21124466508626941 0.10610422492027284 1.0000000180025095e-35 0.0046683652326464662 0.14414587616920474 -0.085250109434127794 0.23566752672195437
decision_type=2 2 2 2 2 2 2 2 2 2 2 2 2 2
left_child=3 8 -3 4 6 -6 11 -8 9 -2 -11 -1 13 -5
right_child=1 2 -4 12 5 -7 7 -9 -10 10 -12 -13 -14 -15
leaf_value=-0.0011450531412242986 -0.0024524446690901529 0.0031732709851780751 -0.011915146392231528 -0.016399209868516628 -0.010153596230322201 0.014184318342580408 -0.0001547577068479537 -0.0086850907081952988 0.0072296813832426797 -0.0097817930433943753 0.012990906944832554 0.0051525062079635009 0.0048859399016499402 0.0045498966747881146
leaf_weight=586.87615515524521 145.94957961887121 54.651388241909444 34.069293316453695 39.043297433410771 5.1488068951293817 33.25141494651325 121.84569424577057 137.10091744712554 255.57049786997959 9.1238763155415636 48.058228882960975 126.2099328073673 8.6610315542202425 4.9316829077433786
leaf_count=9048 830 382 316 1782 105 190 1682 2405 1773 64 155 1721 287 117
internal_value=0.000171106 0.00316531 -0.00322595 -0.00137724 -0.000815748 0.00903247 -0.00132291 -0.00490196 0.00447877 0.000749396 0.00811021 1.9146e-05 -0.00981007 -0.0133548
internal_weight=1610.49 547.423 88.7207 1063.07 1010.43 38.4002 972.033 258.947 458.702 203.132 57.1821 713.086 52.636 43.975
internal_count=20857 3520 698 17337 15151 295 14856 4087 2822 1049 219 10769 2186 1899
is_linear=0
shrinkage=0.025


Tree=71
num_leaves=15
num_cat=0
split_feature=6 66 26 3 88 179 177 172 1 74 2 179 1 217
split_gain=14.5627 11.4457 9.07377 11.0439 9.13241 10.4835 8.83403 9.26278 8.28734 7.51826 10.0759 8.02585 7.97994 7.44673
threshold=0.072744261473417296 0.00041263742605224257 0.22396993637084964 0.55893570184707653 8.5472597675106971e-06 0.35117864608764654 0.3209656178951264 -0.011013722978532313 0.27295450866222387 0.54971653223037731 -0.043301697820425027 0.3471053838729859 0.18529728055000308 0.24381698668003085
decision_type=2 2 2 2 2 2 2 2 2 2 2 2 2 2
left_child=1 -1 3 4 8 -6 -5 -8 -2 10 12 -12 -4 -3
right_child=2 13 9 6 5 -7 7 -9 -10 -11 11 -13 -14 -15
leaf_value=-0.014550896456359631 -0.0049591239419607518 -0.0048215922218077982 0.010555505182998514 0.0062770831681425998 -0.00023187852747501219 0.0081003490692579967 -0.00273005588751714 -0.019526430630888193 0.007425972559916923 0.0082211286459043988 -0.0030331372002462358 0.0078418427030065643 -0.0056779864869863726 0.0088318090484740073
leaf_weight=66.377083089784719 282.78275046381168 104.10791037115268 80.887883667368442 11.929294865578411 384.72432051878422 111.66552980290726 47.318234163802117 36.188999755773693 26.66560755064711 111.53163087368011 251.64174259314314 38.399086195044219 14.54046611767262 19.774292785208672
leaf_count=2075 3914 2262 516 86 5680 1220 928 1174 368 514 1675 245 135 164
internal_value=-0.000747521 -0.007019 0.000149421 -0.00133332 -0.000308731 0.00176487 -0.00886752 -0.0116787 -0.00361562 0.00283086 0.00103868 -0.00129764 0.0076077 -0.00196273
internal_weight=1588.53 190.259 1398.28 901.275 805.838 496.39 95.4365 83.5072 309.448 497.001 385.469 290.041 95.4283 123.882
internal_count=20956 4501 16455 13370 11182 6900 2188 2102 4282 3085 2571 1920 651 2426
is_linear=0
shrinkage=0.025


Tree=72
num_leaves=15
num_cat=0
split_feature=15 5 182 182 110 170 170 210 71 122 123 183 25 155
split_gain=16.5801 12.5613 8.97506 8.29077 14.0522 8.5894 8.43042 7.80322 6.84525 5.87406 8.43857 6.83658 6.28853 8.4086
threshold=1.0000000180025095e-35 1.1500378251075747 0.56959870457649242 0.3354459702968598 0.98281484842300426 -0.37925960123538965 -0.044362787157297127 0.36731715500354772 0.0015492335078306498 0.25711627304553991 0.0048457146622240552 0.2834331095218659 0.68507987260818493 1.7042291760444643
decision_type=2 2 2 2 2 2 2 2 2 2 2 2 2 2
left_child=1 3 9 5 6 -1 -5 -7 -4 10 11 -2 13 -11
right_child=2 -3 8 4 -6 7 -8 -9 -10 12 -12 -13 -14 -15
leaf_value=-0.013755324430202132 0.009752587847897334 -0.0066967026902055504 0.004879322142559369 -0.0025368938798085825 0.012625852130553306 -0.0032392248697183444 0.0042193456082707734 0.0048940150760778929 -0.012881023496443414 0.011124757699830226 -0.011550297370718537 -0.0035161982111637392 -0.0057930612939213399 0.0018308733746307459
leaf_weight=28.469863611971959 40.210166435688734 224.16654043656308 13.166623426601289 260.81217341241427 54.879708728287369 337.96351988031529 187.65851195482537 81.159948675427586 21.52411843277514 173.19781661499292 18.008382159285247 34.728199079632759 13.109090045094488 104.08500473573804
leaf_count=553 154 6587 59 2976 451 5359 2024 836 167 805 128 172 43 534
internal_value=-2.83354e-06 -0.0015341 0.0041953 -0.000235854 0.00193023 -0.00268577 0.00029933 -0.00154291 -0.00635091 0.00534512 -1.6457e-05 0.00382315 0.00703511 0.00789994
internal_weight=1593.14 1175.11 418.029 950.944 503.35 447.593 448.471 419.123 34.6907 383.339 92.9467 74.9384 290.392 277.283
internal_count=20848 18786 2062 12199 5451 6748 5000 6195 226 1836 454 326 1382 1339
is_linear=0
shrinkage=0.025


Tree=73
num_leaves=15
num_cat=0
split_feature=176 140 158 160 178 216 140 14 195 210 176 195 94 158
split_gain=10.9917 11.3705 22.2052 14.8 13.6312 10.2909 9.3658 8.06428 7.1847 6.05878 5.94361 5.34947 5.4868 7.14255
threshold=0.053880957886576659 1.3186730146408083 -0.48503702878952021 -0.45998795330524439 0.17883375287055972 0.51154688000679027 1.6848183870315554 0.37446653842926031 -0.62319472432136525 0.29737161099910742 0.072372134774923338 0.99517175555229198 0.92128628492355358 -0.37929011881351465
decision_type=2 2 2 2 2 2 2 2 2 2 2 2 2 2
left_child=11 4 3 5 8 -3 10 -5 -2 -10 -4 -1 13 -13
right_child=1 2 6 7 -6 -7 -8 -9 9 -11 -12 12 -14 -15
leaf_value=0.0029454097177965561 -0.011076392531118126 -0.0044185532292120907 -0.0041760330586609494 -0.013320972397148462 -0.019247697078706386 0.0034985474519807144 0.00059055850761289966 0.0038516222481405691 -0.005564750345607444 0.0047754272976805777 0.01862115683068442 -0.018563482360320654 0.0055555704565847068 0.0031464158876630768
leaf_weight=813.7352585112676 36.398573578801006 164.01547302026302 2.7272306671366087 77.436317048501223 31.466740550356917 233.68162129237317 39.072774970671162 14.16835486050695 50.487194288522005 69.476173566188663 49.163973590824753 13.156413424294444 8.4387227799743396 9.0197686692699808
leaf_count=5353 785 3600 44 2019 1894 3671 667 78 1018 985 512 136 46 58
internal_value=0.000561593 -0.00158 0.000166836 -0.00198741 -0.00672505 0.000169137 0.0107572 -0.0104058 -0.00293845 0.000218681 0.0166681 0.00251921 -0.00615524 -0.0113633
internal_weight=1612.44 768.094 580.266 489.302 187.829 397.697 90.964 91.6047 156.362 119.963 51.8912 844.35 30.6149 22.1762
internal_count=20866 15273 10591 9368 4682 7271 1223 2097 2788 2003 556 5593 240 194
is_linear=0
shrinkage=0.025


Tree=74
num_leaves=15
num_cat=0
split_feature=17 2 182 199 179 150 147 219 173 168 213 5 196 27
split_gain=17.4908 9.35152 9.4684 8.23681 8.55483 7.8653 11.4575 10.521 7.54748 7.5395 6.69885 6.35795 5.96494 5.847
threshold=1.0000000180025095e-35 -0.22818913310766217 0.40690015256404882 0.90073528885841381 0.26562228798866278 2.2722676992416386 0.20305685698986056 0.92499998211860668 -0.99999842047691334 -0.98822414875030506 0.031310165300965316 0.75809764862060558 -0.71943438053131092 1.1520398259162905
decision_type=2 2 2 2 2 2 2 2 2 2 2 2 2 2
left_child=1 10 5 4 -4 6 -3 -7 12 -5 -1 -12 -2 -10
right_child=8 2 3 9 -6 7 -8 -9 13 -11 11 -13 -14 -15
leaf_value=0.0053762202376319819 -0.0061406077538057567 -0.009190553600647567 -0.0054074147355563746 0.0061627782716261546 0.008268208786688996 -0.015799194651143409 0.0079054370309120138 0.00192735715795806 4.0984570155568733e-05 -0.011235854193303783 0.0041904989899570824 -0.017355177188158051 0.011297638062238763 0.010145876380643667
leaf_weight=4.3490008232183746 6.0027397433295837 36.906482310499996 29.203036439139396 12.49851077236235 89.01846444956027 69.619326394284144 36.94941064552404 23.312351825647056 1092.5747749982402 38.341924985405058 4.0917920544743529 56.056572017609142 55.264966040384024 25.103846076875925
leaf_count=134 51 994 596 74 1277 2035 796 377 11025 644 79 2508 249 96
internal_value=-0.000622691 -0.00506125 -0.00308664 0.00102332 0.00460707 -0.00711163 -0.000582501 -0.0115214 0.000909872 -0.00639963 -0.0130829 -0.015263 0.00869261 0.000384376
internal_weight=1579.29 400.347 335.85 169.062 118.222 166.788 73.8559 92.9317 1178.95 50.8404 64.4974 60.1484 61.2677 1117.68
internal_count=20935 9514 6793 2591 1873 4202 1790 2412 11421 718 2721 2587 300 11121
is_linear=0
shrinkage=0.025


Tree=75
num_leaves=15
num_cat=0
split_feature=5 178 175 137 209 98 2 113 170 202 212 112 134 153
split_gain=12.0906 11.3351 8.93062 11.9614 16.1675 11.6186 11.3217 10.5459 8.03509 6.77691 6.66542 6.25129 6.19648 13.2595
threshold=1.1183189153671267 0.021611343137919906 -0.19511701166629788 0.1083946079015732 -0.00060341181233525265 0.21486520022153857 -0.45634359121322626 0.00046213094901759183 -0.27069355547428126 0.83541670441627514 -0.1318145617842674 0.2948086559772492 0.55058613419532787 2.0000016689300542
decision_type=2 2 2 2 2 2 2 2 2 2 2 2 2 2
left_child=2 -2 3 7 5 -5 -6 8 -1 -3 11 -4 13 -12
right_child=1 9 10 4 6 -7 -8 -9 -10 -11 12 -13 -14 -15
leaf_value=0.0042233317259746106 0.0052030316939838664 -0.0093387345718235239 0.013623303336508444 0.0099259186139134051 0.0037641978805601165 -0.0052505200631886122 -0.01693235116300236 0.010659632548878549 -0.010581978340278513 0 0.001466465523884135 -0.0047624024502009414 0.0038396984110567974 -0.0095875504753315764
leaf_weight=37.661213371902704 50.764681441709399 168.1523912185221 41.722854794934392 38.054100182373077 14.538774861022828 72.953793930355459 74.335633090697229 53.916149325203151 30.880528484471142 68.721202888526022 435.11697373748757 7.0825890251435331 430.46258210111409 67.897070007864386
leaf_count=383 450 5374 278 340 135 922 1190 570 481 1751 3880 67 4192 922
internal_value=1.62724e-05 -0.00450849 0.00105537 -0.00247523 -0.00612928 0.00031121 -0.0133777 0.00341086 -0.0028746 -0.00679053 0.00224241 0.0103363 0.0016802 -0.000189967
internal_weight=1592.26 287.638 1304.62 322.34 199.882 111.008 88.8744 122.458 68.5417 236.874 982.282 48.8054 933.477 503.014
internal_count=20935 7575 13360 4021 2587 1262 1325 1434 864 7125 9339 345 8994 4802
is_linear=0
shrinkage=0.025


Tree=76
num_leaves=15
num_cat=0
split_feature=15 10 5 106 160 101 124 174 174 166 94 193 196 213
split_gain=13.0347 11.1885 10.6287 9.84736 7.52772 7.45069 9.0235 7.40406 11.4902 8.0749 7.02019 7.35018 6.56892 7.25014
threshold=1.0000000180025095e-35 0.68351846933364879 1.1183189153671267 1.0018742084503176 -0.5121692121028899 1.3023391366004946 2.9322484731674199 -0.01968880649656057 -0.066813260316848741 -0.14857099205255506 1.2035934925079348 0.24964435398578647 -0.71943438053131092 0.054495118558406837
decision_type=2 2 2 2 2 2 2 2 2 2 2 2 2 2
left_child=2 3 7 -2 10 -5 -7 8 -1 -10 11 -4 -3 -14
right_child=1 12 4 5 -6 6 -8 -9 9 -11 -12 -13 13 -15
leaf_value=-0.011368328989599911 0.00088254701198948234 0.0048648497703322946 -0.0071767674745338078 0.012019271481761708 -0.010324021869026399 -0.0097855698449538404 0.0077218473299451758 -0.0010488896728734986 -0.0048484315357266742 0.014474448452752128 -0.012587281116797452 0.0046893196293438808 0.0041946667374054281 -0.018742135171740969
leaf_weight=7.3262573312968007 212.14333437569439 9.3223552685230953 36.53159419936128 121.96592476591468 120.47779521264601 19.022301431745291 33.024379223585129 838.35850186273456 9.7956265076063556 50.186030441895127 18.066075168782845 86.751579915871844 5.6198676321655539 19.448973929509521
leaf_count=142 1054 56 1081 549 3975 120 129 10769 150 360 567 1778 28 157
internal_value=-0.000317662 0.00338763 -0.00168384 0.00468307 -0.00600334 0.00889334 0.000493398 -0.000359287 0.00693155 0.010863 -0.00171942 0.000756027 -0.00833739 -0.0135697
internal_weight=1588.04 420.547 1167.49 386.156 261.827 174.013 52.0467 905.666 67.3079 59.9817 141.349 123.283 34.3912 25.0688
internal_count=20915 2093 18822 1852 7401 798 249 11421 652 510 3426 2859 241 185
is_linear=0
shrinkage=0.025


Tree=77
num_leaves=15
num_cat=0
split_feature=6 26 6 197 126 247 104 126 172 20 174 17 111 245
split_gain=15.6061 10.4857 10.2516 10.3922 9.65027 9.29356 9.17981 8.90793 8.47872 7.93186 8.36685 7.64744 9.98526 6.87993
threshold=0.072744261473417296 0.37446653842926031 0.07872412353754045 0.046072401106357581 2.5415089130401616 0.44181108474731451 0.059040643274784095 3.022922277450562 -0.022643475793302056 0.84110677242279064 -0.0015026237233541904 0.22396993637084964 0.8029330074787141 -0.12641941010951993
decision_type=2 2 2 2 2 2 2 2 2 2 2 2 2 2
left_child=4 2 3 6 5 11 -2 13 -3 10 -4 12 -1 -6
right_child=1 8 9 -5 7 -7 -8 -9 -10 -11 -12 -13 -14 -15
leaf_value=-0.020617839409569336 -0.0043478188247745887 0.012660791307500219 -0.0053765249677638731 -0.00407851708244411 -0.0066903306630148015 0.0033153096130251834 0.01082767590882046 -0.009016994926331165 0.0022779569685919482 0.007137277305540049 -0.00013990423591844412 -0.0022311459984113804 0 0.013151432504139438
leaf_weight=59.328034944250248 22.352169919293374 64.177457679063082 260.56172459828667 48.679891976062208 5.6205695271491996 22.599240020092111 122.85508531983942 16.086742002516985 170.86761882901192 56.038499368354678 654.55089339637198 41.281553020700812 18.272564364597201 29.255842886632308
leaf_count=2471 409 231 4402 774 85 466 1139 248 841 288 8367 495 422 323
internal_value=2.00378e-05 0.000962251 -1.89054e-05 0.00504318 -0.0064278 -0.00959762 0.00825859 0.00232561 0.0056408 -0.00109147 -0.00169471 -0.0122267 -0.0163937 0.00879304
internal_weight=1592.53 1400.08 1165.04 193.887 192.445 141.481 145.207 50.9632 235.045 971.151 915.113 118.882 77.6006 34.8764
internal_count=20961 16451 15379 2322 4510 3854 1548 656 1072 13057 12769 3388 2893 408
is_linear=0
shrinkage=0.025


Tree=78
num_leaves=15
num_cat=0
split_feature=4 178 1 226 182 3 201 182 5 244 200 67 157 175
split_gain=11.098 13.5359 11.112 11.073 10.0017 10.7539 10.1552 6.50337 9.75638 6.32106 6.18886 6.13301 5.8936 7.40927
threshold=0.3114724606275559 0.042251711711287505 0.14165651798248294 -0.050043221563100808 0.3354459702968598 0.2790494859218598 0.18781147897243503 0.4769654124975205 0.70926460623741161 -0.018583275377750393 0.048963336274027831 1.3142555184962233e-25 -0.7199435532093047 -0.080830827355384813
decision_type=2 2 2 2 2 2 2 2 2 2 2 2 2 2
left_child=1 3 12 10 5 -3 -6 -5 -9 -4 -1 -11 -2 -14
right_child=2 4 9 7 6 -7 -8 8 -10 11 -12 -13 13 -15
leaf_value=0.00069413605390183355 0.0028959429455165503 -0.0031162289661969315 0.0037771581326602808 0.0035661239891726496 -0.003239696434093664 -0.014514080596674287 0.0083303045099468401 -0.0075454485022807827 0.0033694681060570456 0.0044762823609227681 -0.01313101262508775 -0.012971772242034269 0.015026469486337971 0.00166608228865776
leaf_weight=29.520907540805638 175.2986638196744 143.90928883105516 30.466417890042067 516.17658601654693 189.37723295390606 81.74851081892848 49.891873848158866 84.295928183943033 97.001093732193112 9.0245721479877812 37.545655621681362 36.313340643420815 68.878552966285497 46.436101486906409
leaf_count=240 1354 3346 252 3984 4572 3451 710 542 846 45 381 375 383 391
internal_value=0.000265568 -0.000870652 0.00401775 0.00116215 -0.0041848 -0.00782227 -0.00049478 0.00214839 -0.00179423 -0.00395419 -0.0077057 -0.00907075 0.00621283 0.0104087
internal_weight=1595.88 1229.47 366.418 764.54 464.927 225.658 239.269 697.474 181.297 75.8043 67.0666 45.3379 290.613 115.315
internal_count=20872 18072 2800 5993 12079 6797 5282 5372 1388 672 621 420 2128 774
is_linear=0
shrinkage=0.025


Tree=79
num_leaves=15
num_cat=0
split_feature=16 133 158 107 179 179 128 202 201 170 169 113 60 22
split_gain=8.01668 8.70541 14.4461 15.3004 9.78343 10.3213 7.96972 7.83859 7.0114 6.5102 6.22886 9.49527 10.877 8.87335
threshold=1.0000000180025095e-35 0.069164618849754347 -0.33535096049308771 0.00011005020496668295 0.31037597358226782 0.23119848221540454 0.10581191256642343 0.73750004172325145 0.12629613280296328 0.22366514801979068 0.010727953165769579 0.48008729517459875 0.0068484768271446237 1.2789072990417483
decision_type=2 2 2 2 2 2 2 2 2 2 2 2 2 2
left_child=1 4 3 9 5 8 -4 -5 -1 -3 11 12 13 -2
right_child=10 2 6 7 -6 -7 -8 -9 -10 -11 -12 -13 -14 -15
leaf_value=-0.0098010950714838806 -0.0027161243967697003 -0.020434914613992657 -0.0012728055635410319 -0.005328295126013423 -0.016272882553198614 0.0062169108602940955 0.015017017935488153 0.0011441820909917052 0.0055729856466000477 0.0031040682344587018 0.0071504265630436582 -0.0072152965104095692 0.0060973954714653089 0.0062048874084219101
leaf_weight=83.514051526319236 306.79673358192667 24.427567853126678 24.144050704780966 151.7251042239368 38.00257830490591 42.172075098613277 41.643613274209201 393.87156544462778 13.60964211868122 4.5482698975829399 97.324312132783234 71.730783469974995 215.18431809544563 76.929231503978372
leaf_count=1452 2373 561 516 3239 1668 659 474 6710 180 64 738 574 1384 369
internal_value=-0.000211603 -0.00192763 -0.000504245 -0.00185572 -0.00664466 -0.00285294 0.00960387 -0.000709267 -0.00715628 -0.016608 0.00160098 0.000665788 0.00175335 -0.000762133
internal_weight=1585.62 817.659 640.36 574.573 177.298 139.296 65.7877 545.597 97.1237 28.9758 767.965 670.641 598.91 383.726
internal_count=20961 15523 11564 10574 3959 2291 990 9949 1632 625 5438 4700 4126 2742
is_linear=0
shrinkage=0.025


Tree=80
num_leaves=15
num_cat=0
split_feature=177 6 215 143 101 99 110 102 173 208 244 214 10 2
split_gain=10.6879 7.53174 8.10407 7.89983 8.49951 9.37564 8.35508 8.32153 7.43811 6.75514 7.95408 6.07997 4.79581 3.19592
threshold=0.66195636987686168 0.053240738809108741 0.2119427099823952 3.609087467193604 1.3776023387908938 0.29958522319793707 1.7903654575347903 1.8898715972900393 -0.89368143677711476 0.040141522884368903 -0.13256308436393735 -0.19284806400537488 0.17917595058679583 -0.786756932735443
decision_type=2 2 2 2 2 2 2 2 2 2 2 2 2 2
left_child=1 2 11 4 5 -3 8 -6 -5 10 -2 -1 -13 -12
right_child=9 3 -4 6 7 -7 -8 -9 -10 -11 13 12 -14 -15
leaf_value=0.003172452285596223 0.0026360995951344914 0.00022751373620998519 0.0058918582577385525 -0.0014821527822444153 -0.011860806908927421 0.008068386606489562 -0.0075553098834456106 -0.0003429498958121373 0.014342261471261048 0.0033725119944330605 0.0015031377526582995 0 -0.018787193537479558 -0.021369130964694935
leaf_weight=8.5921821910887939 8.6149020085576904 1144.486248933943 13.001902087125925 20.728543008677661 55.833518462954089 92.4843550180085 10.028312337584792 100.24379123002291 56.613724920200184 10.81447222502902 1.4713520284276445 10.301836379803715 30.325416258943733 25.953770665451888
leaf_count=134 224 13985 95 232 863 915 125 1079 420 237 47 221 970 1345
internal_value=-0.000106092 0.000282766 -0.00747925 0.00067489 0.000178344 0.000895647 0.0074885 -0.00509024 0.0103318 -0.0105685 -0.0148095 -0.0116781 -0.0150636 -0.019741
internal_weight=1589.49 1542.64 62.2213 1480.42 1393.05 1236.97 87.3706 156.077 77.3423 46.8545 36.04 49.2194 40.6273 27.4251
internal_count=20892 19039 1420 17619 16842 14900 777 1942 652 1853 1616 1325 1191 1392
is_linear=0
shrinkage=0.025


Tree=81
num_leaves=15
num_cat=0
split_feature=14 179 135 7 242 110 173 179 156 243 177 232 156 179
split_gain=11.6129 7.88909 8.42609 10.919 11.0385 10.0836 10.5955 7.21085 6.70292 7.22362 7.79969 6.78873 5.52398 5.26551
threshold=0.31061333417892462 0.7642391324043275 2.4451146125793461 0.21394673734903338 0.017030442133545879 1.7903654575347903 -0.89368143677711476 0.64724704623222362 -1.7330973148345945 8.5448846220970167e-08 0.13838062435388568 0.0025397818535566334 -1.533364951610565 0.12013972550630571
decision_type=2 2 2 2 2 2 2 2 2 2 2 2 2 2
left_child=1 2 3 4 -1 6 -4 -5 -2 13 11 -11 -12 -10
right_child=8 -3 5 7 -6 -7 -8 -9 9 10 12 -13 -14 -15
leaf_value=-0.001690469737310758 -0.0067533908104573511 -0.013810608821256268 -0.0047194243222204273 -0.00059171506143184196 -0.013429162660711605 -0.0079382557633950641 0.014948725779819233 0.011244733744019388 -0.00022827245859922152 -0.0046367364194622746 0.0069241904495902645 0.011866336267607094 -0.010044651990825189 0.012046564677691357
leaf_weight=138.19651403953321 17.401110094040632 17.862075405661017 15.623550799675284 1009.9455068797688 73.422671631211415 14.344922103453426 53.077777289086953 21.176776986569166 24.08265633136034 14.53929355368018 5.7409672560170284 33.081221060827374 35.76300057861954 100.89700964000076
leaf_count=2007 125 904 222 14022 1417 190 467 431 109 79 25 129 292 461
internal_value=-0.000159769 -0.00106906 -0.000765715 -0.00131118 -0.00632127 0.00640036 0.0102844 -0.000210078 0.00485903 0.00616644 0.000420001 0.00669892 -0.0064373 0.00977725
internal_weight=1575.16 1343.65 1325.79 1242.74 211.619 83.0463 68.7013 1031.12 231.505 214.104 89.1245 47.6205 41.504 124.98
internal_count=20880 19660 18756 17877 3424 879 689 14453 1220 1095 525 208 317 570
is_linear=0
shrinkage=0.025


Tree=82
num_leaves=15
num_cat=0
split_feature=26 164 158 237 119 2 163 158 92 164 124 172 32 44
split_gain=11.4802 7.71962 8.9409 8.12413 7.72356 7.47684 16.7628 8.58962 9.48902 10.7023 9.071 7.19505 6.65394 6.60889
threshold=0.22396993637084964 -0.19005213677883145 -0.37929011881351465 -0.067701250314712511 0.484703078866005 0.13543875515460971 -0.022161873988807198 -0.73196476697921742 0.66296428442001354 0.028804968111217025 0.97608736157417308 0.038771085441112525 0.55829170346260082 0.14931328594684604
decision_type=2 2 2 2 2 2 2 2 2 2 2 2 2 2
left_child=1 2 3 -1 11 7 -7 8 9 -2 -9 -4 -5 -3
right_child=5 13 4 12 -6 6 -8 10 -10 -11 -12 -13 -14 -15
leaf_value=0.0075666781341816869 -0.011196844668835563 0.00015508553782653663 -0.011757396980667864 -0.012531010902503983 0.014201491797461311 0.013535399396530035 -0.0088954660520264277 0.00047879918056696841 0.0037241771840945664 0.0021585064680013548 0.011111281341040887 0.0079442241741873587 0.0068778227712738898 -0.011920946332652822
leaf_weight=7.22826332040131 75.910577376373112 873.46133245108649 15.816252000629904 106.0432430608198 11.92510069767013 83.355213947594166 16.925296464003623 112.19937292160466 113.01853646244854 57.309555855579674 84.503901763819158 8.4423651299439353 3.8359190514311186 17.223555286182091
leaf_count=85 635 12940 458 3103 94 384 233 690 667 475 430 75 16 606
internal_value=0.00036598 -0.00115838 -0.00612354 -0.00929296 0.00363451 0.00327975 0.00909211 0.00173126 -0.00133258 -0.00566186 0.00548266 -0.00419619 -0.0111404 -0.000219955
internal_weight=1587.2 1043.98 153.291 117.107 36.1837 543.222 100.281 442.942 246.239 133.22 196.703 24.2586 109.879 890.685
internal_count=20891 17377 3831 3204 627 3514 617 2897 1777 1110 1120 533 3119 13546
is_linear=0
shrinkage=0.025


Tree=83
num_leaves=15
num_cat=0
split_feature=6 168 65 170 163 247 214 75 213 6 214 191 96 194
split_gain=15.3651 12.0278 10.9985 10.7625 11.2485 9.35072 8.81887 8.43162 8.28631 8.66473 7.99346 7.16047 8.2097 5.28457
threshold=0.053240738809108741 -0.98203182220458973 0.11347856000065805 -0.068060472607612596 -0.76928204298019398 0.015727773308753971 -0.13007014244794843 0.27604302763938909 0.076471202075481429 0.10754005610942842 -0.020030030049383637 -0.21839043498039243 0.16920103132724765 0.014210598077625038
decision_type=2 2 2 2 2 2 2 2 2 2 2 2 2 2
left_child=7 2 11 4 6 -6 -3 -1 10 -10 -5 12 -2 -13
right_child=1 3 -4 8 5 -7 -8 -9 9 -11 -12 13 -14 -15
leaf_value=-0.0143547657437586 -0.0074284478630542456 -0.0098110447725037533 -0.010076526994033257 0.0016037583776189899 -0.0023936114186658202 -0.012109019284492336 0.0049149923544871384 0.0040327960014482078 0.0036349026576191937 -0.0044658978781033877 -0.0089816529278900457 -0.0031427880976620266 0.0091877270966158504 0.0082128388952447517
leaf_weight=56.108022967411671 42.23081830330193 20.257423132658005 18.875354846939445 78.567755444673821 148.20149660343304 110.92420270387083 107.25018740654923 13.186589171178637 508.57386244880036 86.240211384370923 78.523754404392093 20.411745333578438 16.221589623019099 259.36244599474594
leaf_count=1913 476 377 183 941 2430 2208 1598 210 5956 1113 1112 174 121 2099
internal_value=-2.89174e-05 0.000534279 0.0044625 -0.000720633 -0.00405088 -0.00695047 0.00184316 -0.0106231 0.00101217 0.00237471 -0.00387544 0.00562703 -0.00186024 0.00724633
internal_weight=1564.94 1495.64 357.102 1138.54 386.633 259.126 127.508 69.2946 751.906 594.814 157.092 338.227 58.4524 279.774
internal_count=20911 18788 3053 15735 6613 4638 1975 2123 9122 7069 2053 2870 597 2273
is_linear=0
shrinkage=0.025


Tree=84
num_leaves=15
num_cat=0
split_feature=6 108 135 14 102 151 176 159 234 215 242 71 232 18
split_gain=11.2201 9.90093 13.9118 9.17308 9.08376 8.9161 6.2132 5.91319 5.75287 4.19909 6.19696 4.19477 3.21853 2.87448
threshold=0.053240738809108741 1.6926645040512087 2.4451146125793461 0.31061333417892462 2.0618234872817998 3.0302985906600957 0.18695191293954852 -1.0177000164985655 0.092638216912746443 0.2119427099823952 -0.14355003088712689 0.00026309277745895093 0.38113580644130712 1.0000000180025095e-35
decision_type=2 2 2 2 2 2 2 2 2 2 2 2 2 2
left_child=4 2 3 6 9 -5 -2 -3 11 10 -1 -4 -12 -6
right_child=1 7 8 5 13 -7 -8 -9 -10 -11 12 -13 -14 -15
leaf_value=0.0024865375081457464 0.0002798635101962387 -0.018381671143969724 -0.0031905439368689033 0.0088531940924388274 -0.0051023831033861124 -0.00088060527876873392 -0.0044588992456670203 0.00047820591388293075 -0.0035358314592960796 0.00048057501936763565 -0.019989293042797486 0.014908909884559366 0.0020359469592915957 0.0092428944636854006
leaf_weight=6.0299431153107426 988.93650618055835 14.962027771398427 3.5542684243991962 129.07422368600965 3.0590026075951746 93.751766142435372 196.39787775021978 13.916298007126896 8.6512901710811985 9.4437738768756372 37.620508645020891 58.433398079127073 1.1589062870480109 12.154081745073197
leaf_count=180 11524 347 63 607 125 528 4978 144 110 133 1593 456 18 73
internal_value=0.00011794 0.000609312 0.000945246 0.000348012 -0.00891208 0.00486885 -0.000531681 -0.011515 0.0109203 -0.0131684 -0.015759 0.013353 -0.0187593 0.00492105
internal_weight=1577.14 1507.68 1478.8 1408.16 69.4662 222.826 1185.33 28.8783 70.639 54.2531 44.8094 61.9877 38.7794 15.2131
internal_count=20879 18757 18266 17637 2122 1135 16502 491 629 1924 1791 519 1611 198
is_linear=0
shrinkage=0.025


Tree=85
num_leaves=15
num_cat=0
split_feature=176 143 4 178 164 110 173 233 216 164 157 126 234 18
split_gain=7.98136 7.66485 9.60151 11.5565 7.4174 7.19255 8.76079 7.09058 6.04647 5.6667 5.63675 4.90682 4.84512 4.59107
threshold=0.4759515523910523 3.609087467193604 0.3114724606275559 0.033853374421596534 0.018252905458211902 1.7903654575347903 -0.89368143677711476 -0.085250109434127794 0.78082650899887096 0.14165651798248294 -1.8671227693557737 2.8449749946594243 0.066209442913532271 0.31061333417892462
decision_type=2 2 2 2 2 2 2 2 2 2 2 2 2 2
left_child=1 2 3 4 -1 6 -3 12 9 -4 -8 -5 13 -2
right_child=7 5 8 11 -6 -7 10 -9 -10 -11 -12 -13 -14 -15
leaf_value=-0.00087046456277599989 -0.018158400394725167 -0.0026324068345274245 0.006011795287228402 -0.0047688956665802341 0.0045869674730641399 -0.0064753809043700044 -0.0039740346344464411 0.005994965133568079 -0.0095974983672395524 -0.0016960433766713572 0.01579161598923522 0.0040502195507395884 0.0017852178062378596 0.003224427011487745
leaf_weight=412.25874468032271 30.13369560148567 21.63635712582618 267.05051769595593 420.72205275914166 232.76782720722258 11.391998760402201 4.4181620189920059 8.2312457473017258 8.7554894834756833 67.093332356773317 57.704228725051507 32.796154504176229 8.0752536321524513 2.4663354246877125
leaf_count=2855 1617 235 1892 9992 1989 159 51 284 92 592 404 594 211 43
internal_value=0.000265843 0.00062056 0.000131079 -0.00100512 0.00112772 0.00707395 0.00962786 -0.00860024 0.00371725 0.00442287 0.0138014 -0.00401632 -0.012484 -0.0158281
internal_weight=1585.5 1536.59 1441.44 1098.54 645.027 95.1507 83.7587 48.9065 342.899 334.144 62.1224 453.518 40.6753 32.6
internal_count=21010 18855 18006 15430 4844 849 690 2155 2576 2484 455 10586 1871 1660
is_linear=0
shrinkage=0.025


Tree=86
num_leaves=15
num_cat=0
split_feature=15 10 88 112 10 3 108 66 110 133 53 102 158 194
split_gain=9.04022 15.1815 9.59118 13.1367 9.28561 14.1728 11.679 16.5025 9.25454 13.4846 9.0745 7.46189 7.24609 6.76477
threshold=1.0000000180025095e-35 0.40253517031669622 0.0077844965271651754 0.013176553882658483 0.40253517031669622 0.37315744161605841 0.53925794363021862 0.012299472000449898 0.15408075600862506 0.10819046199321748 0.20707555115222934 2.8882478475570683 -1.1270830035209654 0.57581955194473278
decision_type=2 2 2 2 2 2 2 2 2 2 2 2 2 2
left_child=4 8 3 -3 5 -1 7 10 9 -2 -6 -8 -11 -4
right_child=1 2 13 -5 6 -7 11 -9 -10 12 -12 -13 -14 -15
leaf_value=-0.0015164855959239536 0.0076074066557673507 -0.0051641447812369717 -0.017669405554206912 0.0117800009004337 -0.0013915293075412206 -0.0118017742821115 0.0067842745751079403 -0.013221073217934276 0.011223366045272862 0.0021738147062350961 0.0082104624035527953 -0.0093695375595025075 -0.012761134474745167 0.0023872793941860969
leaf_weight=432.33486174815334 94.031595712527633 70.720090807415545 25.987207842059433 31.615728767588735 301.53690045897383 94.656682902481407 196.65182335325517 52.307660469319671 121.42701005749404 29.580729506909847 64.374671930680051 8.5613430710509402 32.59987583104521 9.5621539540588838
leaf_count=7070 388 433 202 133 4579 3122 2339 951 503 122 522 177 252 51
internal_value=-4.87072e-05 0.00305187 -0.00347347 0.00064822 -0.00119931 -0.00360871 0.000847392 -0.0015328 0.00634538 0.00194914 0.000471739 0.00557241 -0.00628542 -0.0127707
internal_weight=1565.95 415.524 137.885 102.336 1150.42 526.992 623.432 418.219 277.639 156.212 365.912 205.213 62.1806 35.5494
internal_count=20844 2084 819 566 18760 10192 8568 6052 1265 762 5101 2516 374 253
is_linear=0
shrinkage=0.025


Tree=87
num_leaves=15
num_cat=0
split_feature=17 10 18 159 74 174 102 74 95 208 146 173 10 175
split_gain=11.3092 13.4004 8.5271 8.1387 7.66155 7.44975 7.12551 11.6623 8.04871 6.72293 6.86136 6.33599 10.1856 6.68656
threshold=1.0000000180025095e-35 0.48828019201755529 0.22396993637084964 -1.7574681043624876 0.76345425844192516 -0.002227663178928196 0.23356255143880847 0.13061520457267764 0.0031236784998327498 -0.0080187902785837633 2.7002969980239873 -0.99999842047691334 0.44998097419738775 -0.54822391271591175
decision_type=2 2 2 2 2 2 2 2 2 2 2 2 2 2
left_child=1 2 -1 -3 11 -6 8 -8 -5 -4 -11 12 -2 -13
right_child=4 3 9 6 5 -7 7 -9 -10 10 -12 13 -14 -15
leaf_value=-0.012389019871502713 0.013058016341733168 -0.0085402894201169113 -0.011725206036044752 0.0043704916110215474 -0.0041809212009465092 0.0078114860066781054 0.013314294883286025 -0.0013739253479468192 -0.01221771047086056 0.0064169695788575095 -0.0079851081637741361 -0.011218374647946686 -0.0069443958923395546 0.00020398164016325709
leaf_weight=107.47147092886735 41.986141840927303 32.853405919857323 18.407636360498145 27.87400547915604 30.351751124486327 160.38829321041703 59.870658705942333 57.306069219484925 22.532856649253517 53.433831589762121 18.187558643054217 21.173099155537784 12.878949780017136 890.59128891886212
leaf_count=3648 169 728 562 471 361 1203 773 1043 534 1224 501 285 84 9261
internal_value=2.35007e-05 -0.00354164 -0.00797294 0.000969611 0.00128376 0.00570701 0.00334965 0.00657383 -0.00376791 -0.00174166 0.00198916 0.000338889 0.00777211 -0.000190023
internal_weight=1555.31 397.937 197.5 200.437 1157.37 190.74 167.584 117.177 50.4069 90.029 71.6214 966.629 54.8651 911.764
internal_count=20847 9484 5935 3549 11363 1564 2821 1816 1005 2287 1725 9799 253 9546
is_linear=0
shrinkage=0.025


Tree=88
num_leaves=15
num_cat=0
split_feature=6 60 136 6 236 22 217 109 20 3 232 126 75 247
split_gain=6.78221 14.7001 9.70963 9.26717 11.6436 9.61803 7.91006 7.49117 6.85577 8.66632 7.02291 6.6205 7.46066 6.57099
threshold=0.072744261473417296 0.00026021126541309064 0.48905366659164434 0.07872412353754045 -0.19999995827674863 0.24964435398578647 0.24381698668003085 0.3683991432189942 0.84110677242279064 0.11763854697346689 -0.12746284157037732 2.5415089130401616 0.011565870605409147 -0.032842658460140221
decision_type=2 2 2 2 2 2 2 2 2 2 2 2 2 2
left_child=1 -1 11 4 -2 -6 -4 -7 10 13 -5 12 -3 -10
right_child=3 2 6 8 5 7 -8 -9 9 -11 -12 -13 -14 -15
leaf_value=-0.013905347927240908 -0.0093875493081767396 0.0054622428884175209 -0.013292208884720333 0.0045511732658532989 0.0081465931728727722 -0.012741546489649858 0.0071467422577098623 0.005353841264538757 0.0070267939492095147 0.015050730596598194 -0.0019605185694532372 0.012988059936854583 -0.0093146424545116346 -0.0087729288332648626
leaf_weight=57.719578657648526 22.932904469314963 44.940513532841578 32.381522624520585 103.815744147636 206.9161036866717 18.010011906269938 6.7108046878129235 16.581594143994153 20.32787574455142 25.830229582265019 937.26583757740445 25.688924881862476 22.162540023913607 21.2850869782269
leaf_count=1974 283 886 670 1247 1976 235 37 159 93 114 12171 228 741 123
internal_value=-0.000331304 -0.0046173 0.000181465 0.000286436 0.00439021 0.00613026 -0.00868442 -0.00465433 -0.000717904 0.00635078 -0.00125485 0.00460261 0 -0.000976375
internal_weight=1562.57 189.604 131.884 1372.97 264.441 241.508 39.0923 34.5916 1108.52 67.4432 1041.08 92.792 67.1031 41.613
internal_count=20937 4536 2562 16401 2653 2370 707 394 13748 330 13418 1855 1627 216
is_linear=0
shrinkage=0.025


Tree=89
num_leaves=15
num_cat=0
split_feature=6 27 4 178 243 98 233 10 137 160 2 200 194 195
split_gain=10.5529 8.82287 9.36544 8.39196 8.72394 7.57199 10.6525 7.39615 6.41949 6.20727 3.4113 3.05381 2.40079 2.35993
threshold=0.053240738809108741 1.1520398259162905 0.3114724606275559 0.042828923091292388 -0.14594561606645581 2.0341031551361088 -0.29531449079513544 0.40253517031669622 1.6958296298980715 -0.44324241578578943 0.2319164648652077 0.033104727044701583 0.24360748380422595 0.99976810812950145
decision_type=2 2 2 2 2 2 2 2 2 2 2 2 2 2
left_child=5 2 3 4 -2 6 11 -5 9 -4 13 12 -1 -8
right_child=1 -3 8 7 -6 -7 10 -9 -10 -11 -12 -13 -14 -15
leaf_value=0.01069909729637618 -0.013588182459007862 0.012128064411643122 0.0067987353985567121 -0.0068914654115139074 0.0013281761514740557 0.0060345700889248609 -0.020800491308221664 -0.00033123435241224416 -0.010476450529086865 -2.7843120509812772e-05 0.0021829418604695839 -0.0061171175176020194 -0.0038447136252944729 0.0011047218580631519
leaf_weight=11.269095619209113 13.349539024755357 28.045383982360363 220.95370552083477 205.06530872569419 677.32743735890836 9.1120142624713463 34.647169803618453 223.51945920102298 7.4653128776699296 123.74931761994958 1.3029197007417668 5.9055769464466712 1.5977967372164119 0.90099913813173671
leaf_count=147 158 102 1616 5833 5393 107 1579 4601 86 1020 2 147 70 46
internal_value=7.70823e-05 0.000543469 0.000217919 -0.000897508 0.000794951 -0.00895859 -0.0122346 -0.00360069 0.00371005 0.00439444 -0.0184641 0.0020196 0.00740658 -0.0198437
internal_weight=1564.21 1499.48 1471.43 1119.26 690.677 64.7356 55.6236 428.585 352.168 344.703 36.8511 18.7725 12.8669 35.5482
internal_count=20907 18809 18707 15985 5551 2098 1991 10434 2722 2636 1627 364 217 1625
is_linear=0
shrinkage=0.025


Tree=90
num_leaves=15
num_cat=0
split_feature=14 243 177 108 145 110 2 212 52 208 5 142 83 3
split_gain=8.70291 8.72559 6.83969 6.56488 10.1487 9.41154 8.86942 7.93606 6.98533 6.56399 6.48882 6.30716 5.48718 5.88147
threshold=0.31061333417892462 -0.042642574757337563 0.66195636987686168 0.56109741330146801 1.2478212118148806 0.31620641052722936 0.2492494881153107 -0.040795387700200074 0.3354459702968598 0.040141522884368903 0.2834331095218659 0.91091677546501171 0.429733157157898 0.24586439132690432
decision_type=2 2 2 2 2 2 2 2 2 2 2 2 2 2
left_child=2 -2 3 5 11 6 -1 -7 -6 -4 -3 -5 13 -12
right_child=1 10 9 4 8 7 -8 -9 -10 -11 12 -13 -14 -15
leaf_value=-5.7037155854221418e-05 0.011074543596194973 0.0083479522042433137 -0.013967585102490404 -0.0063375520088799226 0.00081939279875719922 0.00076600273096944112 -0.0095916464078321488 -0.013300877639559817 -0.012853124848556486 0.0037805303407612923 0.003662869350631029 0.010849354939705498 -0.011724373685230723 -0.0079748491249857952
leaf_weight=762.21468800184084 64.970729514025152 39.434557933360338 33.899346448481083 6.5554753122851244 265.88640743959695 33.464179843664169 54.564204593654722 62.506717494456097 13.454911762382833 10.860866778763009 85.31113754119724 83.213147993898019 16.988544939085841 25.525863539427519
leaf_count=10462 302 116 1621 128 3409 414 1090 1142 260 235 459 998 124 210
internal_value=-0.000240924 0.00409077 -0.00103842 -0.000645642 0.00210813 -0.00178567 -0.000838727 -0.00874012 -0.00029854 -0.00955206 0.000748497 0.00887213 -0.00202179 0.000363692
internal_weight=1558.85 232.231 1326.62 1281.86 369.11 912.75 816.779 95.9709 279.341 44.7602 167.26 89.7686 127.826 110.837
internal_count=20970 1211 19759 17903 4795 13108 11552 1556 3669 1856 909 1126 793 669
is_linear=0
shrinkage=0.025


Tree=91
num_leaves=15
num_cat=0
split_feature=5 168 26 70 168 217 14 2 115 1 179 243 170 122
split_gain=8.53135 9.10342 8.79933 7.32509 7.95274 8.51837 6.77382 7.35612 7.75096 7.28875 6.45268 5.88739 4.80381 4.79309
threshold=1.1183189153671267 -0.98822414875030506 1.0000000180025095e-35 0.77721083164215099 -0.72996500134468068 0.14007984101772311 0.31061333417892462 0.24375484138727191 0.43369963765144354 -0.33758540451526636 0.36949162185192114 -0.066777281463146196 -0.46991650760173792 1.1607059240341189
decision_type=2 2 2 2 2 2 2 2 2 2 2 2 2 2
left_child=3 12 10 6 5 -5 7 9 -9 -1 -3 -6 -2 -8
right_child=1 2 -4 4 11 -7 13 8 -10 -11 -12 -13 -14 -15
leaf_value=-0.010120180243081464 0.010804132360945511 -0.0033996960586996673 0.0078550798647012178 -0.0089850767575737223 -0.0031080597897906043 0.0084617719915600024 0.00024741353962586676 -0.011353956190299812 0.0068743493093107793 9.9774796560067198e-05 -0.012534733289578329 0.012221639382739503 -0.0022901938807740785 0.0078035111776488201
leaf_weight=33.967846501152962 22.995662763249129 126.16278784372844 14.760415116325019 30.564581374172121 12.470911697484551 17.650699690915644 120.7637517801486 61.945724327350035 8.7325513986870629 809.57004041480832 89.903805413283408 74.933550349902362 25.794412243179977 87.176229497417808
leaf_count=603 324 2838 166 353 111 98 684 1085 55 9300 3839 594 384 419
internal_value=-0.000412388 -0.00427033 -0.00632896 0.000467681 0.00570632 -0.00197705 -0.000208097 -0.00115285 -0.00827973 -0.000433331 -0.00771506 0.00979748 0.00459024 0.00372497
internal_weight=1537.39 279.617 230.827 1257.78 135.62 48.2153 1122.16 914.216 70.6783 843.538 216.067 87.4045 48.7901 207.94
internal_count=20853 7551 6843 13302 1156 451 12146 11043 1140 9903 6677 705 708 1103
is_linear=0
shrinkage=0.025


Tree=92
num_leaves=15
num_cat=0
split_feature=14 169 129 140 143 142 155 139 243 14 215 208 246 96
split_gain=9.53423 7.05728 6.75158 8.91956 13.1251 9.27948 6.75497 7.5945 5.47716 6.29886 6.78027 6.69428 5.82448 5.69945
threshold=0.31061333417892462 -0.2184864059090614 1.7369545698165896 2.5430579185485844 3.3683468103408818 2.2320618629455571 1.6855439543724062 0.3290237039327622 -0.030888793058693405 0.42514967918396002 -0.031556004658341401 0.011644897982478144 -0.25640545785427088 1.7241023670067083e-05
decision_type=2 2 2 2 2 2 2 2 2 2 2 2 2 2
left_child=1 -1 3 5 -5 -3 -4 -8 13 11 -11 12 -10 -2
right_child=8 2 6 4 -6 -7 7 -9 9 10 -12 -13 -14 -15
leaf_value=-0.013343651017947714 -0.0023416280555646446 -0.0011386930770281507 0.011883680804045477 -0.011885289853902454 0.0036614672084649569 0.0085863612013695762 -0.0044033582809239599 0.0043312252042285032 -0.0031058004510143072 0.0034074076720667008 -0.012187631545312192 -0.0081679444535719247 0.0103995479522292 0.012007493520234438
leaf_weight=15.254622412379829 15.801000672392545 852.27758530183928 32.878424067981541 93.58367248182185 41.647366015706211 53.89838472311385 85.463743964675814 158.74392127548344 18.717717871069908 23.772495878860354 24.49622961319983 10.008464934304355 68.286604194901884 69.826110303401947
leaf_count=530 104 13070 266 1642 532 671 1263 1797 129 115 157 73 342 292
internal_value=8.4049e-05 -0.000731398 -0.000457049 -0.00139005 -0.00710424 -0.000441985 0.00291845 0.00116258 0.00464905 0.00134705 -0.00515045 0.00490564 0.00734353 0.00926922
internal_weight=1564.66 1333.75 1318.49 1041.41 135.231 906.176 277.086 244.208 230.909 145.282 48.2687 97.0128 87.0043 85.6271
internal_count=20983 19771 19241 15915 2174 13741 3326 3060 1212 816 272 544 471 396
is_linear=0
shrinkage=0.025


Tree=93
num_leaves=15
num_cat=0
split_feature=15 182 76 161 138 233 85 6 170 194 131 123 247 168
split_gain=7.51178 13.6537 7.89319 10.765 11.5941 8.26425 9.0074 6.24376 6.1025 10.3925 9.57419 11.205 10.2943 12.2384
threshold=1.0000000180025095e-35 0.59014239907264721 0.19823449105024341 -0.8170679211616515 1.6890333294868471 -0.2545838057994842 0.0012247659033164384 0.074136111885309233 -0.06612024828791617 0.16007793694734576 1.6329709291458132 1.2789743542671206 0.074239991605281844 -0.98515015840530384
decision_type=2 2 2 2 2 2 2 2 2 2 2 2 2 2
left_child=8 2 5 4 -4 -2 -7 -5 10 -10 12 -12 -1 -14
right_child=1 -3 3 7 -6 6 -8 -9 9 -11 11 -13 13 -15
leaf_value=-0.0015260605012113577 0.0064709580553046243 -0.011766983432857293 -0.0059522856692608463 -0.0030837514237422778 0.0089496620663527399 -0.0088402331205449311 0.0058381743253373836 0.013371699116531369 0.0027401562039665755 -0.0043893998654754799 0.010237067582887492 -0.0056305215316451692 -0.00068542659139537879 -0.01361616215760243
leaf_weight=304.55851781624369 54.967215090990067 26.596541002392769 60.734727315604687 10.534088439308105 47.008823376148939 73.735145704820752 26.796357522718608 105.4147790633142 381.45266505127074 176.88264134060591 54.486022339202464 36.648827160242945 76.251030426938087 116.89528708742
leaf_count=5160 232 210 326 79 185 484 156 397 5687 3358 548 510 873 2732
internal_value=-0.000398998 0.0024677 0.00382841 0.0067173 0.000690402 -0.000436282 -0.00461132 0.01163 -0.00143886 0.000414739 -0.00319042 0.00382222 -0.00455879 -0.00891095
internal_weight=1552.96 405.788 379.191 223.692 107.744 155.499 100.532 115.949 1147.17 558.335 588.84 91.1348 497.705 193.146
internal_count=20937 2069 1859 987 511 872 640 476 18868 9045 9823 1058 8765 3605
is_linear=0
shrinkage=0.025


Tree=94
num_leaves=15
num_cat=0
split_feature=6 106 5 233 143 152 151 99 214 4 5 227 103 233
split_gain=10.8048 8.72924 8.69309 9.09019 10.5179 9.02497 7.62418 7.34998 7.78178 7.20654 8.27375 9.74388 8.144 11.3011
threshold=0.072744261473417296 0.71095603704452526 0.2834331095218659 -0.27528031170368189 2.4156078100204472 2.7594573497772221 2.4071027040481572 0.19367059320211413 0.096654657274484648 0.14931328594684604 0.51129707694053661 0.20648866146802905 1.4719812273979189 -0.18565347790718076
decision_type=2 2 2 2 2 2 2 2 2 2 2 2 2 2
left_child=1 -1 3 -2 6 -6 -5 -3 -9 12 11 -11 13 -4
right_child=2 7 9 4 5 -7 -8 8 -10 10 -12 -13 -14 -15
leaf_value=-0.014760402355603414 0.011501859887844995 0.0016812664257681389 0.003694629408379062 -0.002543200297183564 -0.014391110316779206 0.0050248223086659799 0.00913674821192712 -0.01513073430163512 0.003336929395852662 0.0026978586665769039 0.0020511248866796009 -0.013450477477778939 -0.0093200192305537728 -0.0059506010142853167
leaf_weight=37.657878474914469 74.085787456482649 97.585205990471877 149.43499706196599 46.62165748886764 28.657965119928122 14.811727069318293 81.78265486471355 29.849676619051024 14.595495804445816 35.714114021509886 677.3162311357446 37.812496021389961 85.451252144295722 130.85703602503054
leaf_count=1422 240 2054 1965 240 174 66 318 794 233 233 9119 265 1463 2250
internal_value=-7.07425e-05 -0.00563779 0.000697137 0.00483618 0.00133185 -0.0078942 0.004952 -0.00217637 -0.00942453 -0.000245256 0.00114388 -0.00618259 -0.00307587 -0.000825006
internal_weight=1542.23 179.688 1362.55 245.96 171.874 43.4697 128.404 142.03 44.4452 1116.59 750.843 73.5266 365.743 280.292
internal_count=20836 4503 16333 1038 798 240 558 3081 1027 15295 9617 498 5678 4215
is_linear=0
shrinkage=0.025


Tree=95
num_leaves=15
num_cat=0
split_feature=26 3 202 1 198 243 176 233 179 3 234 27 147 68
split_gain=13.5414 7.537 11.6857 8.93484 7.46599 8.51087 8.07931 5.88676 8.04729 5.73223 7.04258 7.10929 5.94583 10.0553
threshold=0.22396993637084964 0.49712237715721136 0.95000001788139354 0.4067154079675675 -0.14951126277446744 -0.14319612085819242 0.14117410778999331 -0.20604062080383298 0.2098718732595444 0.51329064369201671 -0.081666477024555192 0.72717973589897167 0.28188087046146398 0.13381855934858325
decision_type=2 2 2 2 2 2 2 2 2 2 2 2 2 2
left_child=1 3 4 7 6 -6 -3 -1 -9 10 11 -2 -12 -14
right_child=9 2 -4 -5 5 -7 -8 8 -10 -11 12 -13 13 -15
leaf_value=0.0010092861032544905 -0.0098025621240437327 0.0086755171348009696 0.0067959983739050989 0.012038604447812792 0.0010231121023446912 -0.015865408287654599 -0.010219529025718333 -0.00026801130484488379 -0.0070376929190779829 0.011060025704676561 0.0075703438978589879 0.00669214847489287 -0.0037629056419354774 0.0050907874386068395
leaf_weight=394.58126721694134 42.46989222522825 20.79406047379598 24.353406666312367 21.121557549573481 20.051727927988395 78.132793294498697 12.789471387863157 269.58778524072841 179.16204217006452 42.271053969860077 132.90471746399999 12.640746084973214 128.89288406213745 173.17827696818858
leaf_count=5611 370 181 294 182 386 2975 454 3815 3537 269 761 55 1170 919
internal_value=2.23783e-05 -0.00165188 -0.00650705 -0.000683681 -0.00941469 -0.0125671 0.000409549 -0.00118136 -0.00311082 0.00322069 0.00227146 -0.00531279 0.00337717 0.00127371
internal_weight=1552.93 1020.57 156.121 864.453 131.768 98.1845 33.5835 843.331 448.75 532.358 490.087 55.1106 434.976 302.071
internal_count=20979 17435 4290 13145 3996 3361 635 12963 7352 3544 3275 425 2850 2089
is_linear=0
shrinkage=0.025


Tree=96
num_leaves=15
num_cat=0
split_feature=26 165 82 157 217 213 177 1 174 174 244 132 226 136
split_gain=7.25015 9.84604 7.00542 6.84801 8.53181 5.119 4.64881 9.04201 7.22308 6.81192 6.19063 6.07835 7.27676 4.79935
threshold=1.0000000180025095e-35 -0.15739278495311734 0.04919379577040673 -1.4809024930000303 0.062411088496446616 0.031310165300965316 0.53381085395812999 -0.36366003751754755 0.020862035453319553 0.0077422051690518865 -0.1970972269773483 0.63541534543037426 0.052181292325258262 0.9993683695793153
decision_type=2 2 2 2 2 2 2 2 2 2 2 2 2 2
left_child=1 5 -3 -4 -5 -1 7 10 9 -9 -2 -8 13 -13
right_child=6 2 3 4 -6 -7 11 8 -10 -11 -12 12 -14 -15
leaf_value=0.0045391453796530838 0.0046731757147770786 -0.0053562393259941731 -0.0052241390434239711 -0.000111694503723994 0.0095620754026511049 -0.011768223904543129 -0.0054374548862962217 0.0012017889324030871 0.011004742253795951 -0.0077340962873642715 -0.016648652347114556 0.017228164674557483 -0.0056972643402672177 -0.0029915640029133054
leaf_weight=6.3741556277964255 4.7217157594859627 130.55122982431203 63.399879584088922 151.72005503787659 76.675398931372911 73.14836196124088 9.1326407482847554 899.73492644517682 32.735105449799448 44.468241688329726 18.087265135720372 34.578829074511304 5.9843453718349329 3.7437301124446085
leaf_count=184 18 3001 1169 2737 888 3107 204 8061 231 605 288 241 98 49
internal_value=-3.14872e-06 -0.00244993 -0.000783484 0.00135201 0.00339913 -0.00990076 0.00116553 0.000720053 0.00116416 0.000676093 -0.0117863 0.00764828 0.0111515 0.0147622
internal_weight=1555.06 501.869 422.347 291.795 228.395 79.5225 1053.19 999.747 976.938 944.203 22.809 53.4395 44.3069 38.3226
internal_count=20881 11086 7795 4794 3625 3291 9795 9203 8897 8666 306 592 388 290
is_linear=0
shrinkage=0.025


Tree=97
num_leaves=15
num_cat=0
split_feature=15 28 178 32 211 10 192 209 122 200 147 202 168 246
split_gain=14.7776 7.68045 7.94675 7.76685 9.24215 7.56622 10.1701 8.65821 8.35717 10.0331 7.60849 7.03843 6.68548 6.29361
threshold=1.0000000180025095e-35 0.20707555115222934 0.18695458769798282 0.43366721272468572 0.27230393886566168 0.40253517031669622 0.14536059647798541 -0.010792147833853958 0.25711627304553991 0.48149895668029791 0.97810012102127086 0.92500004172325145 0.5612853765487672 0.3245645016431809
decision_type=2 2 2 2 2 2 2 2 2 2 2 2 2 2
left_child=1 2 -1 4 -3 8 7 -7 9 -2 -9 12 -5 -4
right_child=5 3 13 11 -6 6 -8 10 -10 -11 -12 -13 -14 -15
leaf_value=-0.001845051703294302 -0.01142439262123069 0.010383077270143315 -0.012135965976764456 -0.011662259563560963 -0.0051073868759623489 -0.01185741106563414 -0.013543967049893383 0.0084776705034632169 0.0081290668426712755 0.005990322130942788 -0.005626457728465685 0.0076273311037102446 0.0046002554096230648 0.0012859616235880228
leaf_weight=857.09501391788945 25.290043611079454 83.959382191300392 76.363994921790436 41.339060568017885 22.765540369786322 11.130308922380207 20.566086879000068 77.126878960058093 216.89584441296756 34.320856530219316 22.117660962045193 16.047603600658476 13.566202139947562 24.025604241993278
leaf_count=12602 170 632 3359 772 404 110 137 377 988 127 162 124 191 850
internal_value=-0.000347897 -0.00182084 -0.00271235 0.00278513 0.00679127 0.00366067 -0.00114882 0.00216026 0.00593459 -0.0018997 0.00495419 -0.00320079 -0.00735283 -0.00901823
internal_weight=1542.61 1135.16 957.485 177.678 106.725 407.448 130.941 110.375 276.507 59.6109 99.2445 70.9529 54.9053 100.39
internal_count=21005 18934 16811 2123 1036 2071 786 649 1285 297 539 1087 963 4209
is_linear=0
shrinkage=0.025


Tree=98
num_leaves=15
num_cat=0
split_feature=168 168 5 17 22 135 98 228 77 202 244 85 16 210
split_gain=8.29221 11.309 10.3493 7.91318 7.63333 6.44675 9.51562 12.2584 11.3083 7.28777 9.59908 7.51673 6.18394 8.9453
threshold=-0.98203182220458973 -0.99999985098838795 1.1500378251075747 0.31061333417892462 1.0000000180025095e-35 0.79697400331497203 0.35633653402328497 0.24066743999719623 0.077239751815795912 0.84999999403953563 0.015301465988159181 2.1231635116691907e-07 0.31061333417892462 0.37831407785415655
decision_type=2 2 2 2 2 2 2 2 2 2 2 2 2 2
left_child=1 -1 5 4 -4 9 7 -7 -8 11 -11 -2 13 -3
right_child=2 12 3 -5 -6 6 8 -9 -10 10 -12 -13 -14 -15
leaf_value=-0.0065481313915450234 0.0031931787373359506 -0.00020436710289400587 -0.011622754078058573 0.0031847919277435202 0.00084323249307362627 0.012261180994736342 -0.0085784831214003859 -0.0010024622521193065 0.0018426636998584911 -0.015558168568131182 -0.00045761442335300311 -0.0035542347429691912 0.012817284018882475 0.0090940691129549039
leaf_weight=52.366848188452423 174.76283609075472 173.66021229792386 116.41975793294841 35.482043609954417 35.930376259842888 88.64799800910987 72.315048886230215 70.940656355815008 271.51300209434703 40.779845983721316 57.521819015033543 217.53115079086274 42.768394205719233 88.252909084782004
leaf_count=287 1760 2049 4716 561 761 761 1275 875 2846 568 666 2928 222 681
internal_value=-0.000173488 0.0030938 -0.00119222 -0.00638513 -0.0087598 -0.000134064 0.001819 0.00663458 -0.000529402 -0.00215862 -0.00784641 -0.000511856 0.00497581 0.0031443
internal_weight=1538.89 357.048 1181.84 187.832 152.35 994.012 503.417 159.589 343.828 490.596 98.3017 392.294 304.682 261.913
internal_count=20956 3239 17717 6038 5477 11679 5757 1636 4121 5922 1234 4688 2952 2730
is_linear=0
shrinkage=0.025


Tree=99
num_leaves=15
num_cat=0
split_feature=14 172 213 174 154 140 6 141 134 138 150 169 138 134
split_gain=7.25153 7.51617 9.95471 7.5972 7.08333 8.75765 9.98745 9.44084 8.18144 14.11 12.6735 13.7119 7.43249 6.64246
threshold=0.31061333417892462 -0.046232054010033601 0.17333281040191653 0.00051294951117597531 3.4260030984878544 1.8159663081169131 0.072744261473417296 1.2492271661758425 0.45554238557815557 0.58414176106452953 3.2808448076248173 0.0062953277956694373 1.3734592199325564 1.0278320312500002
decision_type=2 2 2 2 2 2 2 2 2 2 2 2 2 2
left_child=4 -2 -3 -4 5 6 -1 -8 9 -6 13 -12 -7 -10
right_child=1 2 3 -5 8 12 7 -9 10 -11 11 -13 -14 -15
leaf_value=-0.0088716437025819581 0.013022273010514597 -0.0036650230015794817 0.010750755604898523 -0.0037309994263895795 0.0049472065279557373 -0.011086887804180177 -0.0012819171977086119 0.0074064743733908318 0.010487620698264819 -0.01462884483325582 -0.0049595626719263408 0.0064512602793627598 0.00024953914523544597 0.0011443342265689833
leaf_weight=77.220567363314331 32.787444377318025 102.63501213956624 69.053015601821244 22.918264798820019 32.567303167656064 104.63353619351983 462.36481804400682 81.524024820653722 118.57455221307464 38.504639222752303 183.5455136790406 86.984773883596063 48.552598245907575 85.044341130647808
leaf_count=2646 126 628 314 149 498 1966 5958 1048 1301 761 2565 1264 669 1125
internal_value=-0.000272537 0.00372481 0.00143249 0.00700772 -0.000998152 -0.00252442 -0.00111663 0.000129679 0.00115463 -0.00608919 0.00238964 -0.00112818 -0.00766101 0.0069241
internal_weight=1546.91 227.394 194.606 91.9713 1319.52 774.296 621.109 543.889 545.221 71.0719 474.149 270.53 153.186 203.619
internal_count=21018 1217 1091 463 19801 12287 9652 7006 7514 1259 6255 3829 2635 2426
is_linear=0
shrinkage=0.025


Tree=100
num_leaves=15
num_cat=0
split_feature=6 76 114 148 151 6 4 91 106 179 209 244 230 18
split_gain=10.3558 8.20645 8.5007 8.26767 12.8182 10.4424 7.43894 10.7307 7.24687 7.03128 4.5866 3.34253 3.17986 2.416
threshold=0.053240738809108741 2.558088064193726 0.43193525075912481 2.4001098871231084 2.3509150743484502 0.09101851657032968 0.14931328594684604 0.0014001195668242874 2.6532413959503178 0.25147411227226263 -0.010922147892415522 0.28095835447311407 -0.012020714581012724 1.0000000180025095e-35
decision_type=2 2 2 2 2 2 2 2 2 2 2 2 2 2
left_child=8 2 3 4 -2 -5 7 -4 10 -8 12 -3 -1 -10
right_child=1 11 6 5 -6 -7 9 -9 13 -11 -12 -13 -14 -15
leaf_value=-0.0092109191083650302 -0.0010369867129780502 -0.01676162272027534 0.0058594765881389808 0.00066444564678019423 0.0079201004720427255 -0.0069040235778861109 0.002558083154873908 -0.0050934541808261499 -0.0049922126232024855 0.010137815075465656 -0.016875579092521513 0.0019669873883358508 0.005193063344542454 0.008234890646235787
leaf_weight=3.7719903143588462 341.18376650079153 11.878766698297111 82.173153944313526 214.96907836152241 126.961389107164 219.77995783742517 246.74503736337647 125.02430894318968 2.717607016908004 112.81396062276326 34.057931172195822 3.4208351299166671 12.148933293996375 10.969396092928944
leaf_count=144 4166 285 918 3327 1429 2903 2903 1628 113 1255 1574 27 179 80
internal_value=9.41105e-06 0.000473384 0.000727936 -0.000767919 0.00150338 -0.00321636 0.00309908 -0.000609595 -0.00900597 0.00522052 -0.0128612 -0.0130923 -0.000263873 0.0040167
internal_weight=1548.62 1484.95 1469.65 902.894 468.145 434.749 566.756 207.197 63.6659 359.559 49.9789 15.2996 15.9209 13.687
internal_count=20931 18841 18529 11825 5595 6230 6704 2546 2090 4158 1897 312 323 193
is_linear=0
shrinkage=0.025


Tree=101
num_leaves=15
num_cat=0
split_feature=15 5 151 216 10 147 123 110 139 170 175 212 169 174
split_gain=6.83862 8.53357 8.86332 9.41436 7.87057 10.9281 8.79536 7.64729 9.89434 8.28165 6.20057 6.18725 5.13436 5.73479
threshold=1.0000000180025095e-35 1.3054679036140444 4.8074235916137704 0.57853552699089061 0.40253517031669622 0.91873270273208629 0.20843987911939624 0.004084245767444373 0.014400702435523273 -0.27466173470020289 -0.066503919661045061 0.069833826273679747 -0.19932904094457624 -0.016619826667010781
decision_type=2 2 2 2 2 2 2 2 2 2 2 2 2 2
left_child=1 2 12 -4 7 6 11 8 -2 -9 -7 -6 -1 -14
right_child=4 -3 3 -5 5 10 -8 9 -10 -11 -12 -13 13 -15
leaf_value=-0.012714647003792845 0.0033274865778781058 -0.0090278133669128274 -0.0076176212553348893 0.014643899540209629 0.0010767084874776667 0.0019055724551646743 0.012017534982166754 -0.0068146872353912038 -0.014469673279558871 0.0088904109624328917 -0.017418180027215922 -0.014312291324122983 0.0051587833755050794 -0.0014233567940092253
leaf_weight=11.631601920351384 58.808038149029016 70.31201985233929 7.0051739346235982 31.869682352058589 60.720847887918353 10.007376418448983 25.609518330544233 13.835500145331023 14.901427583768962 180.66245085094124 24.009021915495396 9.1412649713456613 78.292283146176487 935.93547965958714
leaf_count=309 259 2910 111 144 345 63 116 90 92 835 202 85 1058 14346
internal_value=-0.000261406 -0.00125703 -0.000637363 0.00953613 0.00250323 -0.0023506 0.00211863 0.00489154 -0.00164675 0.00738161 -0.0124472 -0.00258704 -0.00114073 -0.000848693
internal_weight=1532.74 1135.05 1064.73 38.8749 397.695 129.488 95.4716 268.207 73.7095 194.498 34.0164 69.8621 1025.86 1014.23
internal_count=20965 18878 15968 255 2087 811 546 1276 351 925 265 430 15713 15404
is_linear=0
shrinkage=0.025


Tree=102
num_leaves=15
num_cat=0
split_feature=169 4 178 243 158 93 247 243 75 162 163 159 61 162
split_gain=8.50426 7.18 9.98135 8.4122 7.59389 8.20446 7.09059 6.37462 8.30786 6.89919 7.13726 6.56577 6.27767 5.65019
threshold=-0.16403088718652722 0.3114724606275559 0.042831348255276687 -0.091783240437507616 -1.1362374424934385 0.050021860748529441 0.72504711151123058 -0.031696185469627373 5.0804890385729978e-20 -0.98265832662582386 -0.040174247696995728 -1.7650561928749082 0.015412895474582912 -1.5505393147468565
decision_type=2 2 2 2 2 2 2 2 2 2 2 2 2 2
left_child=-1 2 3 13 5 -4 -6 8 -3 12 -11 -10 -9 -2
right_child=1 7 4 -5 6 -7 -8 9 11 10 -12 -13 -14 -15
leaf_value=-0.01223740788694393 0.0013715757690281863 -0.0073842462652386857 0.0099967197264951256 0.0017012238771541505 -0.0074360226557586024 -0.0024249765110934984 0.0078174612146778132 0.0054976130564089801 -0.0045177835737580654 -0.01158274364888953 0.0032449090358941234 0.011462175828516632 -0.0058090697905460445 -0.012909713841622643
leaf_weight=24.136203636182472 22.76670479029417 11.312934454530476 29.897857511299662 672.54289500461891 249.65512580634095 148.25836525275372 10.181897911767008 132.8644678783603 10.948650604579596 37.475337665528059 25.467812400311232 102.24536679591984 27.448163781315088 31.845735359471291
leaf_count=719 166 118 490 5404 7313 3533 180 1032 123 400 201 593 261 376
internal_value=-0.000250868 2.69571e-05 -0.000909689 0.000874255 -0.0038435 9.3178e-05 -0.00647361 0.00312552 0.00738918 0.000438974 -0.00585751 0.00953179 0.00321945 -0.00759394
internal_weight=1537.05 1512.91 1165.15 727.155 437.993 178.156 259.837 347.763 124.507 223.256 62.9432 113.194 160.313 54.6124
internal_count=20909 20190 17462 5946 11516 4023 7493 2728 834 1894 601 716 1293 542
is_linear=0
shrinkage=0.025


Tree=103
num_leaves=15
num_cat=0
split_feature=6 217 6 21 26 213 76 106 227 158 85 211 2 171
split_gain=11.9658 9.64872 8.80256 9.27444 7.99675 7.50587 6.74679 6.73944 6.00746 6.49258 5.50917 7.39164 5.74615 4.83066
threshold=0.072744261473417296 0.25653479993343359 0.07872412353754045 1.0000000180025095e-35 0.37446653842926031 0.031310165300965316 0.27025988698005682 0.47163681685924536 0.54705348610878002 -0.52346497774124134 2.8066721824870914e-05 0.24585716426372531 -0.0070226222742348901 -0.056222565472126
decision_type=2 2 2 2 2 2 2 2 2 2 2 2 2 2
left_child=1 5 3 6 8 -1 7 -2 9 -4 11 -6 -12 -8
right_child=2 -3 4 -5 10 -7 13 -9 -10 -11 12 -13 -14 -15
leaf_value=0.0026081319413339393 0.0066389920111439328 0.0064644106550823498 -0.0033040213004254361 -0.0070464842211378212 0.0047572699026498695 -0.010521479993986241 -0.004144458589624183 -0.0077619275136632544 0.0046279495792959586 0.0010923925878074498 -0.0049713048122640201 -0.011753312206157064 0.0099361152587279043 0.0097755998102064482
leaf_weight=27.022091012215242 27.646003359695897 24.122909568366595 520.78434358071536 24.933724362403154 33.075351100414991 124.70538024557754 9.2027899851091188 29.412255267612636 97.234945531003177 333.1228105307091 10.331384155899284 15.056242407299576 95.242547621019185 172.63136472040787
leaf_count=449 430 296 8355 316 151 3796 124 558 958 3749 86 134 379 1228
internal_value=0.000172613 -0.0057389 0.00098447 0.00497968 -1.60636e-06 -0.00808703 0.00656169 -0.000662186 -0.000885422 -0.0015831 0.00506014 -0.00151443 0.00801248 0.00879364
internal_weight=1544.52 175.85 1368.67 263.826 1104.85 151.727 238.892 57.0583 951.142 853.907 153.706 48.1316 105.574 181.834
internal_count=21009 4541 16468 2656 13812 4245 2340 988 13062 12104 750 285 465 1352
is_linear=0
shrinkage=0.025


Tree=104
num_leaves=15
num_cat=0
split_feature=5 26 169 2 91 138 91 171 209 173 17 244 196 174
split_gain=9.14011 8.21921 6.80322 7.14138 10.2738 10.6252 9.83128 10.3657 6.29633 6.02763 5.3886 9.94446 5.11407 4.85388
threshold=1.0933871865272524 1.0000000180025095e-35 0.055255729705095298 -0.043301697820425027 0.094336356967687621 2.443340659141541 0.10142400860786439 -0.055216461420059197 -0.0048798893112689248 1.0000000180025095e-35 1.0000000180025095e-35 0.19452118873596194 0.55749723315238964 0.00090207031462341558
decision_type=2 2 2 2 2 2 2 2 2 2 2 2 2 2
left_child=2 10 3 6 5 -5 7 -1 -4 -6 11 -2 -8 -10
right_child=1 -3 8 4 9 -7 12 -9 13 -11 -12 -13 -14 -15
leaf_value=-0.0061369737370470835 -0.011287771351504459 0.0079950631350669803 0.012535992189342038 -0.0011628213889051697 0.0092357463392880902 -0.013772421204989 0.0015763578399926319 0.0067568098839059414 0.0057134572761308377 -0.004317812086190421 -0.0012061864002702015 0.0027176503030779849 -0.014804135944855277 -0.0082219650036934443
leaf_weight=35.09741630917415 119.62266238604207 22.174996118992567 45.319938848726451 684.96642663399689 75.749671880155802 33.10146567877382 15.628816276788713 251.30592502211221 24.34279983304441 17.539696329273283 140.79255893244408 34.680077748489566 14.579932094551621 15.332860239781438
leaf_count=455 5064 228 334 6783 580 487 191 2862 244 189 2371 666 211 284
internal_value=-0.000114795 -0.00381884 0.000871773 0.00031046 -0.000924528 -0.00197804 0.0034315 0.00495159 0.00723203 0.00636709 -0.00502503 -0.00809588 -0.00799455 -8.87611e-05
internal_weight=1530.24 317.27 1212.96 1127.97 811.357 718.068 316.612 286.403 84.9956 93.2894 295.095 154.303 30.2087 39.6757
internal_count=20949 8329 12620 11758 8039 7270 3719 3317 862 769 8101 5730 402 528
is_linear=0
shrinkage=0.025


Tree=105
num_leaves=15
num_cat=0
split_feature=18 202 115 208 99 173 230 68 103 154 62 130 120 215
split_gain=10.9606 13.5913 7.09769 6.65658 6.16415 6.03356 6.86096 5.95275 9.58806 8.3944 7.89407 12.3282 11.7731 7.33535
threshold=1.0000000180025095e-35 0.83541670441627514 0.00018576804723124954 -0.006658760365098714 0.60545679926872265 -0.99999842047691334 -0.07278957217931746 0.12659135460853579 0.91818368434906017 3.452065229415894 9.3614217072657282e-11 1.6783128380775454 0.10480180010199548 -0.046499269083142274
decision_type=2 2 2 2 2 2 2 2 2 2 2 2 2 2
left_child=1 3 -3 -1 -4 6 -2 10 13 -10 12 -12 -7 -9
right_child=5 2 4 -5 -6 7 -8 8 9 -11 11 -13 -14 -15
leaf_value=-0.0023543058430721565 -0.0057225552025145215 -0.011333867336490286 0.0084045158720877384 -0.016955775190283157 -0.0079220529292494141 -0.00060579052189893448 0.01107835706253104 -0.0031774108121540483 -0.0046267248274321189 0.0026954815290310533 -0.0098656268661622432 -0.00071333555289824178 0.011340210075874312 0.011672112147570912
leaf_weight=37.180707829538733 10.806361279450355 8.4652947997674328 54.460856186691672 53.684229901467916 7.5434239793103179 297.06020758813247 49.572775479406118 19.659576957114041 132.47234538896009 290.06950277183205 123.83907199953683 302.16037768614478 49.769691568333656 79.725941438227892
leaf_count=1081 80 394 882 2075 235 3314 248 202 1845 2981 1951 4544 538 586
internal_value=-0.000321405 -0.0062464 0.00178001 -0.0120742 0.00528682 0.000423484 0.00744848 2.0926e-05 0.00206644 0.000306735 -0.00135505 -0.00359987 0.00139552 0.00859663
internal_weight=1516.47 161.335 70.4696 90.8649 62.0043 1355.14 60.3791 1294.76 521.927 422.542 772.829 425.999 346.83 99.3855
internal_count=20956 4667 1511 3156 1117 16289 328 15961 5614 4826 10347 6495 3852 788
is_linear=0
shrinkage=0.025


Tree=106
num_leaves=15
num_cat=0
split_feature=168 5 93 169 232 102 170 84 193 235 193 214 232 193
split_gain=9.01513 13.4108 8.04145 10.3857 8.52359 8.06254 12.5279 8.06196 6.9782 9.88157 7.50786 6.90623 6.85678 7.13129
threshold=-0.98315346240997303 1.1572675108909609 0.19406054913997653 -0.0022081044735386963 -0.032162073999643319 0.45810903608798986 0.031174126081168655 0.026084020733833316 0.24964435398578647 0.015457022935152056 0.54616111516952526 -0.076163411140441881 0.039798166602849967 0.14931328594684604
decision_type=2 2 2 2 2 2 2 2 2 2 2 2 2 2
left_child=8 2 5 4 -4 -2 -7 -5 12 10 11 -10 13 -1
right_child=1 -3 3 7 -6 6 -8 -9 9 -11 -12 -13 -14 -15
leaf_value=0.01329688925613776 3.6129210186867239e-05 -0.0071822424603408741 0.0041050498726783666 0.013346116016910894 -0.0083921960461453976 -0.010195848066479295 0.0050902292105151998 0.0029486919663214155 0.0016488438967506378 0.009819739436488794 0.0037278283420878432 -0.011140232430599232 -0.00089995011200470906 -0.00062057444073725543
leaf_weight=87.238938195630908 440.03753057238646 171.98001854063477 47.886734731961042 50.907977687893435 68.669290654826909 116.68116887938231 35.774582238867879 248.17901649419218 34.523871835321188 39.660915540065616 59.351274977903813 61.288726954720914 42.691918689757586 26.423278789967299
leaf_count=652 4979 5852 640 397 1182 1768 474 2504 366 276 529 657 403 266
internal_value=6.91811e-05 -0.000973711 0.000145189 0.00277828 -0.00325659 -0.00169977 -0.00642319 0.00520518 0.00352455 0.0002226 -0.00268454 -0.00674543 0.00725557 0.0102117
internal_weight=1531.3 1180.12 1008.14 415.643 116.556 592.493 152.456 299.087 351.179 194.825 155.164 95.8126 156.354 113.662
internal_count=20945 17796 11944 4723 1822 7221 2242 2901 3149 1828 1552 1023 1321 918
is_linear=0
shrinkage=0.025


Tree=107
num_leaves=15
num_cat=0
split_feature=15 160 117 83 198 3 215 35 139 193 115 67 81 193
split_gain=10.4316 6.99791 9.08183 7.17224 7.10588 8.04439 13.7186 7.68168 6.73566 9.71694 9.59112 9.82804 9.20609 5.74565
threshold=1.0000000180025095e-35 -0.44324241578578943 0.20369882881641391 1.4441131125121633e-12 0.39692908525466924 0.24159795790910724 -0.049124389886856072 1.0000000180025095e-35 0.022912805899977687 0.3114724606275559 0.0010028809774667027 1.0807409386098531e-18 2.1005609474045177e-09 0.63806751370430004
decision_type=2 2 2 2 2 2 2 2 2 2 2 2 2 2
left_child=1 2 -1 -4 5 7 -7 -3 10 12 11 -2 -10 -11
right_child=8 4 3 -5 -6 6 -8 -9 9 13 -12 -13 -14 -15
leaf_value=0.0074424686666127214 0.0067319716530462497 -0.0038534575166812831 -0.013068085935827487 -0.00059767337560746696 0.0079158971156822744 2.7260515109817525e-05 -0.013598081959536726 0.0065168826605877615 -0.0091635997373865474 -0.012058453566506573 0.015856895935783599 -0.0067799723366739261 0.0052528903201377129 0.0030245572952030853
leaf_weight=73.453209066297859 92.643973674625158 206.4279258151073 18.652663312386721 579.0408858882729 17.48414254700765 69.571314654080197 115.21566262334818 44.008535594213754 21.439137050881982 41.622220961377025 38.021103620529175 37.709765631705523 153.49200314376503 14.954259838908909
leaf_count=932 401 2860 418 9315 145 1462 3439 311 180 249 148 269 786 77
internal_value=-0.000589548 -0.00182797 -0.000172493 -0.0012569 -0.00418752 -0.00490106 -0.00871585 -0.00176882 0.0028125 0 0.00643443 0.00249329 0.00294434 -0.00805781
internal_weight=1523.74 1123.85 671.147 597.694 452.708 435.223 184.787 250.436 399.882 231.508 168.375 130.354 174.931 56.5765
internal_count=20992 18882 10665 9733 8217 8072 4901 3171 2110 1292 818 670 966 326
is_linear=0
shrinkage=0.025


Tree=108
num_leaves=15
num_cat=0
split_feature=26 20 148 148 4 139 6 16 246 91 134 73 229 176
split_gain=10.3275 6.90586 13.2399 8.17541 8.88785 6.61018 6.29456 5.73649 8.15438 7.80085 6.91249 6.77516 6.59458 4.02935
threshold=0.37446653842926031 0.97012749314308178 1.8204376101493838 2.2105699777603154 0.14931328594684604 0.0018052540835924449 0.074898146092891707 0.37446653842926031 -0.27800711989402765 1.2976635844097474e-05 1.4740887284278872 8.789694402366878e-05 -0.24949097633361814 0.18480810523033145
decision_type=2 2 2 2 2 2 2 2 2 2 2 2 2 2
left_child=1 2 13 5 -5 -4 -2 8 11 12 -10 -8 -9 -1
right_child=6 -3 3 4 -6 -7 7 9 10 -11 -12 -13 -14 -15
leaf_value=-0.0047710957021126123 -0.0057331288228515236 0.0075484582508429784 -0.0044161573145910411 -0.0039842502262851433 0.00096709779210754621 0.0079965863355286916 -0.012696186592967671 0.0042298496610619317 0.011916764201468442 0.0066268306247341049 -0.0040777686174880848 0.004692846832511189 -0.018168738440159753 -0.014789628212871168
leaf_weight=151.63915747450665 21.61799646075815 46.443532679229975 24.749843070050701 360.96436951402575 561.89382232213393 107.42582285380922 10.504248065873979 5.8094440065324333 132.66350134834647 19.424470208585262 11.982879849150775 25.018494336865842 10.818144390359519 28.896713454741985
leaf_count=1746 173 233 570 5307 8966 1305 93 21 589 63 65 111 64 1584
internal_value=5.39857e-05 -0.000836694 -0.00123148 -0.000117865 -0.000982472 0.00541149 0.0047146 0.00606047 0.0078141 -0.00220596 0.0103011 -0.00209365 -0.0114137 -0.00726143
internal_weight=1519.85 1282.01 1235.57 1055.03 922.858 132.176 237.839 216.221 180.169 36.0521 144.646 35.5227 16.6276 180.536
internal_count=20890 19711 19478 16148 14273 1875 1179 1006 858 148 654 204 85 3330
is_linear=0
shrinkage=0.025


Tree=109
num_leaves=15
num_cat=0
split_feature=15 10 147 212 179 126 163 6 139 7 10 108 18 179
split_gain=9.18338 8.37107 10.6018 8.66103 6.99033 6.07874 12.1767 6.67422 6.63549 5.90981 7.45626 9.63028 8.87414 6.75814
threshold=1.0000000180025095e-35 0.40253517031669622 0.91873270273208629 0.022279818542301658 0.123840618878603 0.83185413479805004 -0.006884585600346326 0.13796339184045794 0.014400702435523273 0.20770584046840671 0.40253517031669622 0.5244768261909486 0.22396993637084964 0.24023422598838809
decision_type=2 2 2 2 2 2 2 2 2 2 2 2 2 2
left_child=9 5 3 4 -3 6 8 -8 -2 -1 12 13 -11 -12
right_child=1 2 -4 -5 -6 -7 7 -9 -10 10 11 -13 -14 -15
leaf_value=-0.0068912670900219304 0.0029030335159716284 -0.0036083936061958887 -0.01226931584212795 -0.0068049798306065645 0.011828450437260198 0.0081670087942737508 0.012789319825242777 -0.0042036493609506264 -0.014811205177464142 -0.010135167030855957 -0.0038652545397382197 0.0057916689865732517 -0.0012117110538882282 0.0027607926354242104
leaf_weight=91.303009794093668 13.916919007897375 18.644514344632626 31.14742099493742 30.264471497386694 45.516148706898093 178.58182761445642 32.811450812965631 12.925668429583309 24.196335133165121 74.66464240278583 208.87838383833878 187.7903249184601 403.5998372354079 157.51645257422933
leaf_count=2051 79 120 266 216 194 829 107 74 201 2577 2771 2231 6680 2547
internal_value=-2.01987e-05 0.00322919 -0.00188809 0.00241616 0.00731676 0.00569882 0 0.00789491 -0.00894721 -0.0011754 -0.000584595 0.0013624 -0.00284428 -0.000986407
internal_weight=1511.76 388.005 125.573 94.4251 64.1607 262.432 83.8504 45.7371 38.1133 1123.75 1032.45 554.185 478.264 366.395
internal_count=20943 2086 796 530 314 1290 461 181 280 18857 16806 7549 9257 5318
is_linear=0
shrinkage=0.025


Tree=110
num_leaves=15
num_cat=0
split_feature=7 169 88 245 90 115 98 243 216 94 174 100 228 39
split_gain=7.79894 7.97953 9.71867 13.2748 9.13275 8.55783 8.19543 8.59252 8.02918 7.95795 7.54147 7.30868 6.6115 6.50515
threshold=0.24682920426130298 -0.0087720756419002992 0.0097171403467655199 -0.077110640704631792 0.0049022315070033082 0.01298482855781913 0.56378525495529186 -0.002496963599696755 0.72706684470176708 1.4255854487419131 1.0000000180025095e-35 0.40213806927204138 0.57157042622566234 1.0000000180025095e-35
decision_type=2 2 2 2 2 2 2 2 2 2 2 2 2 2
left_child=1 2 3 5 8 -1 7 -6 -3 -8 -5 -2 13 -13
right_child=11 4 -4 10 6 -7 9 -9 -10 -11 -12 12 -14 -15
leaf_value=-0.015364099363795078 -0.014254733002645854 0.00020419407089449453 -0.010248520494644421 0.0074907446761030188 0.0012909224117996024 0.0011834717923351243 -0.00019520848622477549 0.011411455785174747 -0.010755773145702655 0.0077805549396131688 -0.0040947953874212037 -0.0079244312983509611 0.011133701705161545 0.0047173452223374423
leaf_weight=34.072022292995825 28.771921298350208 423.76685961324256 67.685287649743259 104.90712667955086 93.644622086547315 28.884360933909193 342.37759510613978 129.17814851691946 34.078675233758986 88.070939127821475 39.659118485171348 64.763199566164985 9.9112193072214705 27.157749400939792
leaf_count=810 1059 4954 1405 1672 1102 481 3957 1309 415 837 754 1576 172 404
internal_value=0.000312287 0.000885551 -0.002827 0 0.00183661 -0.00863128 0.0037118 0.0074947 -0.000838852 0.00157517 0.00416238 -0.00524756 -0.00135841 -0.00395574
internal_weight=1516.93 1386.32 275.208 207.523 1111.12 62.9564 653.271 222.823 457.846 430.449 144.566 130.604 101.832 91.9209
internal_count=20907 17696 5122 3717 12574 1291 7205 2411 5369 4794 2426 3211 2152 1980
is_linear=0
shrinkage=0.025


Tree=111
num_leaves=15
num_cat=0
split_feature=169 108 89 169 82 6 112 132 17 7 242 94 198 173
split_gain=8.95543 6.33931 13.514 11.0121 8.21212 7.70325 7.47564 7.0235 6.64529 6.00544 9.96517 6.74592 5.97487 5.71341
threshold=-0.2184864059090614 0.56109741330146801 0.059380996972322471 0.01033984310925007 0.074197467416524901 0.072744261473417296 0.48328076303005224 1.3210540413856509 0.22396993637084964 0.21509028226137164 -0.0033996263518929477 0.53371119499206554 0.27755595743656164 0.095180228352546706
decision_type=2 2 2 2 2 2 2 2 2 2 2 2 2 2
left_child=-1 5 4 12 13 8 -6 -5 -2 10 -7 -11 -4 -3
right_child=1 2 3 7 6 9 -8 -9 -10 11 -12 -13 -14 -15
leaf_value=-0.014419838586761494 -0.010318732617013151 -0.0091310101873672313 -0.0064998042824919418 -0.0075728548237323353 0.0111542389733113 0.0012756522153701258 -0.0013927514354705509 0.010241054077459047 0.0015060918984925605 0.0020026511448161424 -0.009737340469076242 -0.0052623764800895662 0.0076136186759574219 0.0069617896108190788
leaf_weight=13.687614484108051 74.162937666056678 22.635461359517649 142.94522932078689 7.5384004171937695 158.06127934274264 106.80713639361784 30.879384194966406 50.36585254361853 38.582155137322843 688.59954522736371 80.147590122651309 77.852915016002953 10.380367523059247 11.201436180155723
leaf_count=522 2711 467 1960 193 1524 1309 418 594 511 8116 1347 987 83 155
internal_value=0.000204897 0.000459973 0.00296848 -0.00149392 0.00711291 -0.000571265 0.00908071 0.00684122 -0.00641637 0.000178164 -0.00368534 0.0011789 -0.00498542 -0.00310303
internal_weight=1513.85 1500.16 434.007 211.23 222.778 1066.15 188.941 57.9043 112.745 953.407 186.955 766.452 153.326 33.8369
internal_count=20897 20375 5394 2830 2564 14981 1942 787 3222 11759 2656 9103 2043 622
is_linear=0
shrinkage=0.025


Tree=112
num_leaves=15
num_cat=0
split_feature=76 103 81 69 231 6 234 68 169 20 4 198 139 175
split_gain=7.60388 7.98473 7.89049 8.33132 6.98405 6.58773 8.05772 6.54929 6.4164 5.95832 6.67167 7.2698 10.5652 6.24641
threshold=0.14025809615850451 0.91818368434906017 0.12801954150199893 0.069974917918443694 0.077650744467973723 0.10329318419098855 0.045775506645441062 0.015062235761433842 0.02298500016331673 1.0462549328804018 0.3114724606275559 -0.027760091237723824 0.16354122012853625 -0.10616872832179068
decision_type=2 2 2 2 2 2 2 2 2 2 2 2 2 2
left_child=9 2 8 7 -5 -3 -7 -4 -2 10 13 12 -12 -1
right_child=1 5 3 4 -6 6 -8 -9 -10 -11 11 -13 -14 -15
leaf_value=-0.0070499422258798921 0.010218864234340224 0.0012250749227827435 0.0047548226568627306 0.0098829502128697667 -0.0065170079405456535 -0.010803084080515874 0.0052167104064241455 -0.012794357579599895 -0.0041322010044100056 0.0053635125676285821 -0.012634268098432461 0.0084380808387320757 0.0084472298419469415 -0.0012811963513045224
leaf_weight=192.44767411053181 144.95362666854635 553.48131956509314 10.865813008858821 43.201579391607083 12.445489767240359 52.369839170016348 18.532015982083976 29.060996104031801 14.352289630565791 54.922191118821502 23.19370171520859 55.265721566975117 14.29830416664481 307.33160786260851
leaf_count=4292 1173 7075 108 295 135 930 209 572 245 263 291 495 96 4725
internal_value=0.000308577 0.00181905 0.00544107 -0.000166241 0.0055249 0.000246142 -0.0063161 -0.00778261 0.00865408 -0.0017195 -0.00249013 0.00329422 -0.00424309 -0.00364018
internal_weight=1526.72 879.263 254.88 95.5739 55.6471 624.383 70.9019 39.9268 159.306 647.459 592.537 92.7577 37.492 499.779
internal_count=20904 10742 2528 1110 430 8214 1139 680 1418 10162 9899 882 387 9017
is_linear=0
shrinkage=0.025


Tree=113
num_leaves=15
num_cat=0
split_feature=44 245 27 84 137 6 232 65 169 177 233 198 28 244
split_gain=7.73861 6.08141 5.59277 5.30027 11.0578 8.11469 12.1328 7.97822 7.48978 6.20004 6.03599 6.00036 5.73513 8.44386
threshold=1.0000000180025095e-35 -0.19576918333768842 0.2834331095218659 0.22836975008249286 0.18967936933040622 0.072744261473417296 0.07821711897850038 2.0782885030712355e-06 -0.0032395930029451843 0.39214783906936651 -0.37780782580375666 0.25094297528266912 1.0000000180025095e-35 -0.070186644792556749
decision_type=2 2 2 2 2 2 2 2 2 2 2 2 2 2
left_child=3 -2 -3 5 11 6 10 -6 -9 -8 -1 -5 -7 -14
right_child=1 2 -4 4 7 12 9 8 -10 -11 -12 -13 13 -15
leaf_value=0.002465997598723917 0.0037771741568274966 -0.015978206433284146 0.0030691074426958472 0.013163499111043656 0.0095706983485759692 -0.00086657514709577606 0.011784963252153516 -0.0076195409485199667 0.0015378550966864508 -0.0056665968232846873 -0.014105827849057496 -0.0056346946208492496 -0.0038577539136602336 0.0053399131754415033
leaf_weight=11.368358397856353 12.232600837014614 31.875997573137283 6.6767162438482037 66.641855713445693 41.641795244067907 681.55621082289144 18.849688152084131 64.834020877839066 190.06739312247373 11.135200292803345 63.719537189230323 4.486300420947372 71.387817376060411 242.95161693100818
leaf_count=173 260 913 31 694 430 9450 219 1273 2097 412 2062 81 745 2169
internal_value=0.000189049 -0.008397 -0.0124867 0.000560043 0.0031106 -0.000304847 -0.00653863 0.000773635 -0.000982346 0.00523914 -0.0114592 0.0111852 0.00041047 0.00314773
internal_weight=1519.43 50.7853 38.5527 1468.64 367.671 1100.97 105.073 296.543 254.901 29.9849 75.0879 71.1282 995.896 314.339
internal_count=21009 1204 944 19805 4575 15230 2866 3800 3370 631 2235 775 12364 2914
is_linear=0
shrinkage=0.025


Tree=114
num_leaves=15
num_cat=0
split_feature=17 182 169 174 197 110 134 201 96 94 96 116 84 68
split_gain=8.57465 8.29976 7.70532 8.59699 8.61801 7.29686 6.57755 8.24812 7.61196 14.9251 7.57393 7.91388 7.30398 6.36849
threshold=1.0000000180025095e-35 0.3114724606275559 -0.16403088718652722 -0.01851003989577293 0.13403153419494632 0.55279859900474559 0.70975059270858776 0.20096883177757266 0.12877025455236438 0.018969721160829071 0.089468307793140425 1.8303116559982302 0.060786185786128051 0.42191435396671301
decision_type=2 2 2 2 2 2 2 2 2 2 2 2 2 2
left_child=1 -1 -3 4 -4 -5 7 8 9 -2 13 12 -12 -8
right_child=6 2 3 5 -6 -7 10 -9 -10 -11 11 -13 -14 -15
leaf_value=-0.0080849185042237252 0.0016289431197610144 -0.013896899104496131 0.014044855261684487 0.00090143696495669206 -0.0069999762970307496 -0.0099207386732318784 0.0034214098516145586 -0.012347404370776733 0.0051749428228670897 -0.0068931084283873128 0.004602852951552449 0.0039059306483467818 -0.0088090809859723129 0.014042669359657487
leaf_weight=137.73410184250679 357.63901398517191 12.724681683699599 35.75191627535969 159.5006756579387 7.2669645806308827 38.238275439362042 129.59065425768495 23.708495606668293 128.79059595637955 184.45382395619527 26.571082258597016 143.78674625279382 69.636774025857449 47.07823496311903
leaf_count=4652 3228 380 399 3149 223 746 1437 273 1278 2407 271 1420 867 246
internal_value=-0.000277739 -0.0034093 -0.000571035 0.000710153 0.00951129 -0.0015796 0.000838242 -0.000639521 0 -0.00133472 0.00327982 0.00026542 -0.00488974 0.00703113
internal_weight=1502.47 391.217 253.483 240.758 43.0189 197.739 1111.26 694.592 670.883 542.093 416.663 239.995 96.2079 176.669
internal_count=20976 9549 4897 4517 622 3895 11427 7186 6913 5635 4241 2558 1138 1683
is_linear=0
shrinkage=0.025


Tree=115
num_leaves=15
num_cat=0
split_feature=16 80 194 198 149 202 6 233 168 199 28 137 212 119
split_gain=6.9963 7.35443 9.97247 7.58814 10.3644 7.43666 6.20391 6.75848 9.53751 6.74216 6.15548 6.27124 5.85607 5.84999
threshold=1.0000000180025095e-35 0.18142299354076388 0.45114569365978247 -0.10320103913545607 2.7556658983230595 0.73750004172325145 0.074136111885309233 -0.27528031170368189 -0.99999985098838795 0.61455112695693981 0.20707555115222934 0.091965690255165114 0.096993908286094679 1.0974029302597048
decision_type=2 2 2 2 2 2 2 2 2 2 2 2 2 2
left_child=1 3 5 4 -1 -3 12 9 -9 -8 -5 -12 -2 -10
right_child=6 2 -4 10 -6 -7 7 8 13 -11 11 -13 -14 -15
leaf_value=0.0068639168247715283 -0.008638367959427868 -0.0045156366530097738 -0.0098211481694117642 -0.0063387993161986003 -0.0082280321578068593 0.0058587538782428235 -0.0047282926659691811 -0.011393889683461582 0.0036415867368696747 0.0088741530555605467 0.0090310101532908079 -0.0040495573147018953 0.0055044498874459325 -0.0019420263410311414
leaf_weight=75.901694274274632 55.705078227911144 45.565109922084957 29.604384089587256 373.76523046958027 30.030373524175957 169.33643541112542 18.320912043564022 25.898188210092485 307.26663006236777 120.32393563073128 26.749123769113794 43.617417555302382 14.654170650988815 172.62359062582254
leaf_count=1330 572 846 726 8627 561 2482 175 152 2206 635 358 616 103 1560
internal_value=-0.000479275 -0.00208499 0.00143802 -0.00367049 0.00207766 0.00348152 0.00129341 0.0020995 0.000670709 0.00676025 -0.0050875 0.00136242 -0.00516815 0.00160929
internal_weight=1509.36 794.57 244.506 550.064 105.932 214.902 714.793 644.433 505.788 138.645 444.132 70.3665 70.3592 479.89
internal_count=20949 15546 4054 11492 1891 3328 5403 4728 3918 810 9601 974 675 3766
is_linear=0
shrinkage=0.025


Tree=116
num_leaves=15
num_cat=0
split_feature=177 25 126 143 210 179 168 159 236 86 143 85 108 5
split_gain=9.69741 8.23532 5.26119 6.78635 5.60952 5.57269 5.10585 5.10392 3.2201 2.759 2.70567 4.04396 2.90701 2.16269
threshold=0.66195636987686168 0.42514967918396002 3.3934851884841923 3.609087467193604 0.36025156080722814 0.19261874258518222 -0.99999985098838795 -1.7204051613807676 0.099999994039535536 0.51230147480964672 1.4713101387023928 2.5123385057668205e-05 0.047246135771274574 1.0382493734359743
decision_type=2 2 2 2 2 2 2 2 2 2 2 2 2 2
left_child=1 2 3 5 -5 -1 -3 13 -9 -4 12 -12 -8 -2
right_child=7 6 9 4 -6 -7 10 8 -10 -11 11 -13 -14 -15
leaf_value=0.0015818572358544281 0.0072706233131698064 -0.0065632496975237993 0.002243706053907286 -0.0011516728600592125 0.012038536474826661 -0.0016538489244213002 0.0064999540231522523 -0.017928869842303963 0 -0.013091301585933615 -0.0017450931336370054 0.014069338922446779 -0.0074634517010472969 -0.0046163757872463339
leaf_weight=668.06139019550756 6.4966775472275895 4.2453079260885707 4.086537939496341 26.242018226999789 42.916471331380308 639.22082247736398 7.5977235622704011 21.204694532556463 7.3878380926325908 15.567461239639668 7.5178878866136065 50.746174111962318 5.7528903167694807 7.4313183722551912
leaf_count=7242 71 22 35 377 283 10513 25 1272 262 224 57 195 47 288
internal_value=0.000289792 0.000675904 0.000197792 0.000434524 0.00744927 0 0.00810382 -0.010054 -0.0146069 -0.00986607 0.00993992 0.0119013 0 0.00124499
internal_weight=1514.48 1471.95 1396.09 1376.44 69.1585 1307.28 75.86 42.5205 28.5925 19.654 71.6147 58.2641 13.3506 13.928
internal_count=20913 19020 18674 18415 660 17755 346 1893 1534 259 324 252 72 359
is_linear=0
shrinkage=0.025


Tree=117
num_leaves=15
num_cat=0
split_feature=108 136 16 18 210 153 73 7 172 2 134 63 151 173
split_gain=7.88913 10.2753 8.19744 9.40969 10.1782 9.51816 7.94043 7.40089 6.9598 6.5288 6.84731 7.71651 7.64343 6.34615
threshold=0.53925794363021862 0.893080234527588 1.0000000180025095e-35 0.22396993637084964 0.29948663711547857 2.1028019189834599 8.3359754654566148e-09 0.24073453247547152 0.070637967437505736 -0.048259891569614403 0.71943664550781261 0.00089731963817030202 2.9056454896926884 -0.92132925987243641
decision_type=2 2 2 2 2 2 2 2 2 2 2 2 2 2
left_child=2 -2 3 13 5 -5 -6 8 -3 -4 12 -12 -11 -1
right_child=1 7 9 4 6 -7 -8 -9 -10 10 11 -13 -14 -15
leaf_value=-0.0010704588481719021 0.0049851680994321213 -0.012463313277665797 0.0059297966441566353 -0.0087510571468845423 0.0077359641793113779 0.0040730326049158118 -0.0017420311840742821 0.0023098074742272522 0.003304365645126968 0.00046095668869283458 0.010162196528490625 -0.005143950397115956 -0.0072789453689921096 -0.011746361167209717
leaf_weight=57.407140733906999 316.29303096514195 48.901581935817376 110.2278578155674 126.88481213455088 87.069916182663292 39.366904429160058 113.55263217166066 74.350332574453205 17.062429276760668 222.16120410244912 53.207731766626239 20.075906617566943 109.03925580624491 103.6247326216544
leaf_count=1120 3806 1011 888 2979 1030 746 1884 805 172 1550 305 188 926 3455
internal_value=-0.000161169 0.00252993 -0.00136695 -0.00352552 -0.00117713 -0.00557453 0.00251706 -0.00287924 -0.00834363 0.00085311 -0.00063134 0.00568875 -0.0022162 -0.00835087
internal_weight=1499.23 456.607 1042.62 527.906 366.874 166.252 200.623 140.314 65.964 514.712 404.484 73.2836 331.2 161.032
internal_count=20865 5794 15071 11214 6639 3725 2914 1988 1183 3857 2969 493 2476 4575
is_linear=0
shrinkage=0.025


Tree=118
num_leaves=15
num_cat=0
split_feature=169 108 89 235 143 169 10 119 108 160 6 88 216 77
split_gain=7.5137 5.05488 7.78732 7.89164 13.5898 6.69643 6.67965 6.64383 8.06069 10.1089 7.48046 7.1159 5.76119 5.75229
threshold=-0.2184864059090614 0.40317699313163763 0.056228822097182281 -0.0092976428568363172 2.661609530448914 -0.038508560508489602 0.37376695871353155 1.2609218358993532 0.099205426871776595 -1.0647464990615843 0.074136111885309233 0.00023923750995891171 0.54386582970619213 1.924426396726631e-05
decision_type=2 2 2 2 2 2 2 2 2 2 2 2 2 2
left_child=-1 7 3 13 -5 -4 -7 10 12 -10 11 -2 -9 -3
right_child=1 2 5 4 -6 6 -8 8 9 -11 -12 -13 -14 -15
leaf_value=-0.013483396632364145 -0.010613361293982446 -0.0051063943455484199 -0.012213350529420606 0.007384566323931677 -0.0039955033239809775 -0.004113087369354263 0.0040640884532524273 -0.0059050297608678288 -3.966522669034684e-05 -0.014792342172157051 0.0010997607177295544 0.0025431031283802813 0.012471105148448401 0.01472951507560947
leaf_weight=12.48965860030148 58.747333595762029 3.6012762244790784 17.05318735493347 144.31659633014351 101.3928735521622 98.460139435250312 130.86861964128911 7.7157448746729669 54.251972941216081 55.179665611125529 740.53179230820388 32.179274959373288 14.025148652028291 52.842308878200129
leaf_count=517 1841 74 431 1674 1536 1476 1386 171 732 1135 8818 600 123 423
internal_value=0.000240167 0.000467131 0.00236053 0.0049791 0.00267266 -0.000884498 0.00047155 -0.000614737 -0.00559278 -0.00830815 0.000224185 -0.00608215 0.00579831 0.0126079
internal_weight=1523.66 1511.17 548.535 302.153 245.709 246.382 229.329 962.631 131.173 109.432 831.458 90.9266 21.7409 56.4436
internal_count=20937 20420 7000 3707 3210 3293 2862 13420 2161 1867 11259 2441 294 497
is_linear=0
shrinkage=0.025


Tree=119
num_leaves=15
num_cat=0
split_feature=7 130 88 96 4 3 141 108 10 95 173 104 246 228
split_gain=6.80619 9.03113 6.64677 10.374 9.00533 7.33682 7.12853 9.55192 9.4283 6.58364 6.34822 6.06105 5.61754 5.57786
threshold=0.24638342112302783 1.5724911689758303 9.4283441285369935e-06 0.004679679637774826 0.20707555115222934 0.62000915408134472 1.6234124302864077 0.5830959975719453 0.85251611471176159 0.53681743144989025 -0.98351415991783131 0.29498459398746496 0.7128533422946931 0.45395569503307348
decision_type=2 2 2 2 2 2 2 2 2 2 2 2 2 2
left_child=2 -2 6 5 11 10 7 -1 12 -6 -4 -5 -8 -3
right_child=1 13 3 4 9 -7 8 -9 -10 -11 -12 -13 -14 -15
leaf_value=-0.0016851430912100916 -0.016260425396960702 -0.0042014996388071114 -0.001593899583337278 -0.0073748502035805245 0.0067891327991522728 -0.008324080889263806 -0.016035460705290976 0.010212700744213111 0.0092284393457024941 5.2073653319110145e-07 0.013706209020850207 -7.1663573900019367e-05 0.0029838480106189752 0.0076967918227106961
leaf_weight=467.38884604949271 23.660043276613578 94.156693794182502 16.450824906118214 84.748529497534037 175.60477692377754 4.4684521316085002 41.058025616919622 34.147141653578728 4.9500826410949221 177.43580996571109 74.353121496271342 281.51259184302762 6.4998387265950432 19.933151922188699
leaf_count=5961 1037 2011 135 1536 1758 158 820 339 28 2084 687 3867 75 357
internal_value=-0.000141893 -0.00520923 0.000399919 0.00183332 0.000720267 0.00909965 -0.00167962 -0.000631021 -0.0095211 0.00352364 0.0109502 -0.00197493 -0.0131487 -0.00148889
internal_weight=1506.37 137.75 1368.62 814.574 719.302 95.2724 554.044 501.536 52.5079 353.041 90.8039 366.261 47.5579 114.09
internal_count=20853 3405 17448 10225 9245 980 7223 6300 923 3842 822 5403 895 2368
is_linear=0
shrinkage=0.025


Tree=120
num_leaves=15
num_cat=0
split_feature=108 27 89 169 36 157 154 87 211 242 177 158 125 246
split_gain=7.59036 9.26242 8.7112 9.2652 7.68883 7.6536 7.90948 7.42508 6.95004 6.68903 6.23298 10.5824 10.5952 9.11397
threshold=0.51689696311950695 1.0957247614860537 0.026919024996459488 0.01033984310925007 1.0000000180025095e-35 -1.2206020951271055 3.7648895978927617 0.19461835920810702 0.2302484139800072 0.06457416340708734 0.41182526946067816 -0.41464911401271815 0.28861439228057867 -0.56933918595314015
decision_type=2 2 2 2 2 2 2 2 2 2 2 2 2 2
left_child=1 10 5 4 -4 -2 9 -6 -5 -7 -1 13 -13 -12
right_child=2 -3 3 8 7 6 -8 -9 -10 -11 11 12 -14 -15
leaf_value=-0.00085301871390755599 0.011247858052202006 0.0097960012044394085 0.0029670716625389598 -0.0028023066994136295 0.0029426638576931681 0.010216357865191393 -0.0059350995926245528 -0.0097405745489865889 0.011526937309108691 -0.0058277889175932795 0.0049143700790080938 -0.010345253990055658 0.01040280533657474 -0.013759307190360526
leaf_weight=867.51668945758138 92.620924471877515 33.782197788357735 73.145486561115831 25.008846829878166 31.062357389833778 51.422104146564379 42.215613100212067 97.198112075682729 46.941162841627374 12.014251313172279 12.393835792550815 12.529814853798596 29.728805659106001 79.611608830047771
leaf_count=10908 927 149 944 422 332 612 642 1397 566 196 244 761 330 2515
internal_value=0 -0.00119283 0.00259368 -0.00029297 -0.00308942 0.00642251 0.00137029 -0.00659084 0.00670877 0.00656836 -0.00168729 -0.00648008 0.00309314 -0.0108469
internal_weight=1507.19 1035.56 471.629 273.356 201.406 198.273 105.652 128.26 71.95 63.4364 1001.78 134.264 42.2586 92.0054
internal_count=20945 14907 6038 3661 2673 2377 1450 1729 988 808 14758 3850 1091 2759
is_linear=0
shrinkage=0.025


Tree=121
num_leaves=15
num_cat=0
split_feature=5 178 169 210 194 4 173 179 2 26 209 97 10 121
split_gain=7.8497 8.80428 8.08712 7.93402 8.01751 7.34202 6.99602 6.70143 6.50938 6.48415 6.30295 5.99968 5.52608 5.66329
threshold=1.0933871865272524 0.042831348255276687 -0.0087720756419002992 0.46096083521842962 0.14998488873243335 0.14931328594684604 0.92086637020111095 0.11906324699521066 -0.30573119223117823 1.0000000180025095e-35 -0.00023203182354336602 0.0028283891733735804 0.7081708312034608 2.0843687057495122
decision_type=2 2 2 2 2 2 2 2 2 2 2 2 2 2
left_child=2 11 3 4 10 12 7 -7 -6 -3 -1 -2 -4 -14
right_child=1 9 5 -5 8 6 -8 -9 -10 -11 -12 -13 13 -15
leaf_value=0.0054604270818348847 -0.0069871378631822419 -0.0075748572252891458 0.00032804982928825131 0.0080818088094387237 0.0050109379398381171 -0.00077081888203844092 -0.0064587881747665866 0.0057616185177449125 -0.012677770333062331 0.0079853538950473459 -0.0064226723825409312 0.0052349815906907095 -0.010554317306484652 0.0062420624877238609
leaf_weight=47.270045010140166 22.345419083721936 201.36668130801991 382.35607818351127 19.201452339068055 7.5407294970937064 121.17064901767299 29.768105932045728 400.2278028531 78.259429334662855 7.7826187713071695 40.657821522094309 81.061331546399742 46.358522099908441 6.4422880299389353
leaf_count=600 286 7049 3664 136 137 937 354 3945 1541 101 666 893 554 33
internal_value=-0.000241782 -0.0036929 0.000690415 -0.00382459 -0.005645 0.00162145 0.00351171 0.00423689 -0.0105713 -0.00653744 -2.06567e-05 0.00203366 -0.00077478 -0.00753565
internal_weight=1491.81 312.556 1179.25 192.929 173.728 986.323 551.167 521.398 85.8002 209.149 87.9279 103.407 435.157 52.8008
internal_count=20896 8329 12567 3080 2944 9487 5236 4882 1678 7150 1266 1179 4251 587
is_linear=0
shrinkage=0.025


Tree=122
num_leaves=15
num_cat=0
split_feature=26 227 63 179 179 66 108 109 229 166 83 3 208 96
split_gain=6.92935 6.95573 6.28735 5.98656 8.54916 7.8355 12.7123 9.02921 5.48087 6.27093 5.24326 6.56733 5.20587 5.1712
threshold=0.22396993637084964 0.48246455192565924 7.5178530096309273e-05 0.18758416175842288 0.2384634539484978 0.0047677783295512208 0.053831517696380622 0.62160262465477001 -0.043655939400196069 -0.021503662690520283 0.20270232111215594 0.092577677220106139 -0.0055161714553832999 0.0016582055832259359
decision_type=2 2 2 2 2 2 2 2 2 2 2 2 2 2
left_child=3 2 8 -1 -5 6 -6 -7 12 -10 13 -12 -2 -4
right_child=1 -3 10 4 5 7 -8 -9 9 -11 11 -13 -14 -15
leaf_value=0.0013041718245950893 -0.012666404055096756 0.010452281864181007 -0.00071536337778905872 -0.0081859207589738674 -0.0051250160405241002 -0.0089458508159986141 0.0054034344697691961 0.001835395771786855 0.0077967028784149007 -0.0021781009126080244 -0.0092144992775739214 0.0038906890201532117 -0.00022361676602873331 0.0091847539132800266
leaf_weight=407.10958873480558 31.15668856818229 50.317507574800402 39.164976299740374 121.27451146300882 100.29546694445889 111.83396788779646 185.51647556270473 71.387110826326534 48.043765438720584 101.48522625584155 25.354246145114303 53.788875143043697 45.947310648858547 115.95418498851359
leaf_count=5489 272 243 319 2383 2792 2455 3090 1145 308 793 144 363 366 769
internal_value=0.000217494 0.00255749 0.0014258 -0.000985603 -0.00258004 -0.000936527 0.00160924 -0.00482659 -0.00147145 0.00129055 0.00421457 -0.000830964 -0.00642057 0.00673846
internal_weight=1508.63 511.213 460.895 997.417 590.308 469.033 285.812 183.221 226.633 149.529 234.262 79.1431 77.104 155.119
internal_count=20931 3577 3334 17354 11865 9482 5882 3600 1739 1101 1595 507 638 1088
is_linear=0
shrinkage=0.025


Tree=123
num_leaves=15
num_cat=0
split_feature=5 26 227 17 84 150 85 231 213 67 123 175 116 247
split_gain=6.54626 7.11705 6.55229 10.4957 6.22875 8.34986 10.2235 9.4464 7.5926 5.52705 11.265 10.953 8.63923 7.52608
threshold=1.0933871865272524 1.0000000180025095e-35 0.60488566756248485 1.0000000180025095e-35 0.0025951866991817956 2.2113752365112309 1.0990837836288849e-05 0.072898760437965407 0.14896932989358905 2.0334363533269787e-11 0.20478538423776629 -0.037711327895522111 0.59046843647956859 0.0056802779436111459
decision_type=2 2 2 2 2 2 2 2 2 2 2 2 2 2
left_child=4 2 3 -2 5 6 8 -8 -1 11 -11 13 -13 -6
right_child=1 -3 -4 -5 9 -7 7 -9 -10 10 -12 12 -14 -15
leaf_value=-0.0066145873604772226 -0.010990527842540777 0.0076830833893867722 0.0038703374010565523 -0.00076724177326171876 -0.0059658619191048541 -0.0087007922327696861 0.012555622566072159 -0.0067068581098837414 0.0015139114963149726 -0.0074860831475065549 0.0021726744112948188 -0.0063621295602588005 0.012699339743494117 0.0055534896176039038
leaf_weight=115.99671600339934 116.50999100896297 22.459666152484715 41.176896430552006 132.04632689687423 57.78659637644887 72.384130759164691 51.382971729617566 11.868473499547688 151.62745012412779 76.972315546125174 479.93744953116402 8.8161556976847333 100.04915433283895 59.985362336970866
leaf_count=1409 5154 229 600 2312 665 1045 415 171 1293 1061 5142 108 702 592
internal_value=-4.83354e-05 -0.00320748 -0.00436511 -0.00589282 0.000796048 -0.00167945 7.08777e-05 0.00828197 -0.0020972 0.00209191 0.000685989 0.00528605 0.0105739 -3.13414e-05
internal_weight=1499 312.193 289.733 248.556 1186.81 403.26 330.876 63.2514 267.624 783.547 556.91 226.637 108.865 117.772
internal_count=20898 8295 8066 7466 12603 4333 3288 586 2702 8270 6203 2067 810 1257
is_linear=0
shrinkage=0.025


Tree=124
num_leaves=15
num_cat=0
split_feature=5 26 168 114 110 175 168 136 156 7 174 233 203 123
split_gain=7.2659 7.01102 5.82283 5.13867 8.65006 6.35152 5.93917 5.24432 4.95802 6.65982 6.44847 4.38636 3.98117 3.80214
threshold=1.100544333457947 1.0000000180025095e-35 -0.9621186852455138 1.6909052133560183 0.98281484842300426 -0.072569910436868654 -0.99985373020172108 0.82819631695747387 -1.819622218608856 0.24638342112302783 0.0018107631476596 -0.32376861572265619 0.1374158710241318 0.8756491243839265
decision_type=2 2 2 2 2 2 2 2 2 2 2 2 2 2
left_child=3 2 12 4 8 13 -6 -8 10 -10 -1 -7 -2 -5
right_child=1 -3 -4 5 6 11 7 -9 9 -11 -12 -13 -14 -15
leaf_value=-0.0097129366918996731 0.0047090307086185348 0.0076125830517182183 -0.006658355087278401 -0.005223223467406439 -0.0061636381113499127 0.002559175279831594 0.015587271672498055 0.0013291389520211094 0.0016599723899445419 -0.0059253141132508281 0.0041625659431964489 -0.015505569518435786 -0.0066063897855744586 0.0078012392235131262
leaf_weight=48.905674539972097 52.611541380174458 20.900827553123236 206.5131944839377 14.330498849507419 6.1587383160367599 5.5678739994764355 41.576351788826287 29.472006092779338 925.19552190345712 66.129402209538966 22.050193057861179 24.277805008459836 15.602419918403028 17.75492331571877
leaf_count=648 822 215 6668 265 52 36 277 354 9035 1401 263 346 384 152
internal_value=-3.9282e-05 -0.00347846 -0.00464913 0.000822712 0.00123427 -0.00555184 0.00872472 0.0108699 0.000586849 0.0010767 -0.00527192 -0.0120693 0.00136392 0.00186218
internal_weight=1497.05 295.628 274.727 1201.42 1139.49 61.9311 77.2071 71.0484 1062.28 991.325 70.9559 29.8457 68.214 32.0854
internal_count=20918 8089 7874 12829 12030 799 683 631 11347 10436 911 382 1206 417
is_linear=0
shrinkage=0.025


Tree=125
num_leaves=15
num_cat=0
split_feature=99 131 179 177 173 60 131 162 142 201 134 141 175 209
split_gain=6.17654 8.00559 7.37146 6.89137 8.32312 11.9589 6.63947 5.55732 5.46475 5.20505 10.4017 8.09919 5.0229 4.77969
threshold=0.8532932996749879 1.7231291532516482 0.11031766608357431 0.13001942634582522 0.39355289936065679 0.058407025411725051 2.048622846603394 -2.0440121889114375 2.3650043010711674 0.22149997949600223 0.55892080068588268 1.5275568366050722 -0.096465267241001115 0.030150132253766063
decision_type=2 2 2 2 2 2 2 2 2 2 2 2 2 2
left_child=1 3 -3 4 7 -6 12 -1 -8 11 -11 -5 -4 -2
right_child=13 2 6 9 5 -7 8 -9 -10 10 -12 -13 -14 -15
leaf_value=-0.0067250061528544569 -0.009466429490175482 -0.0063554904430352457 0.017357146440313852 -0.00033749112082778288 -0.012347905701821676 0.009471811825680021 0.0073528806154456562 0.00496405162022584 -0.0093811167541168958 -0.0067687199855217392 0.0094913528489097496 -0.0055244509417709592 0.0025853540541379287 0.00579918134742545
leaf_weight=16.496234922669828 56.556035398971289 13.998904866166411 39.450197297148407 594.08638101653196 37.067860743030906 12.142595909535883 11.598520919680597 300.54401271464303 13.058386391494421 26.545052347704768 58.425676640006714 268.57004006009083 29.842056676745415 6.2152409730479112
leaf_count=201 836 168 298 9839 426 72 87 2408 176 579 557 4824 329 45
internal_value=-8.90757e-05 0.000268538 0.00645622 -0.000284245 0.0025648 -0.00595832 0.00898683 0.00409478 -0.00133832 -0.00141671 0.00407375 -0.00202027 0.0124699 -0.00709962
internal_weight=1484.6 1421.83 107.948 1313.88 366.251 49.2105 93.9492 317.04 24.6569 947.627 84.9707 862.656 69.2923 62.7713
internal_count=20845 19964 1058 18906 3107 498 890 2609 263 15799 1136 14663 627 881
is_linear=0
shrinkage=0.025


Tree=126
num_leaves=15
num_cat=0
split_feature=131 4 179 194 83 6 153 235 133 1 211 171 210 94
split_gain=6.36367 7.6879 8.56722 7.24756 6.87443 6.79493 6.38915 8.75971 6.77153 7.10205 6.13239 5.55377 5.5187 5.23553
threshold=1.6167522072792055 0.14931328594684604 0.11145566776394845 0.22920001298189166 1.1124440431594851 0.053240738809108741 2.5413954257965092 -0.0052357167005538932 0.89322796463966381 0.11507108807563783 0.24908512085676196 -0.012028605677187441 0.41783824563026434 0.29191504418849951
decision_type=2 2 2 2 2 2 2 2 2 2 2 2 2 2
left_child=5 3 -3 10 -4 12 8 13 -7 -10 -2 -9 -1 -8
right_child=1 2 4 -5 -6 6 7 11 9 -11 -12 -13 -14 -15
leaf_value=-0.014857405909177668 -0.010259013240026458 -0.0043633721829593273 0.013852414006560558 0.0067180709555137016 -0.0019463791564408575 -0.00037257471829061191 0.010882306880641235 -0.0014033366106646866 0.007492430590151135 -0.0043782860024468668 0.0042543808238893728 -0.012455436237000969 0 -0.0038293821705966472
leaf_weight=25.116005038376898 44.447290910407901 20.364970775321126 76.60146617423743 33.142111035995185 16.357025165576488 905.36824860936031 20.394217389635742 55.843884201487526 130.03246397059411 30.426660661119968 17.394178623566404 62.909811981255189 28.520193259697407 18.027044981718063
leaf_count=1506 712 181 674 364 208 12224 183 844 1373 441 150 1184 517 260
internal_value=3.72299e-06 0.00393841 0.00802667 -0.00117562 0.0110487 -0.000659289 -0.000225975 -0.00474777 0.000474681 0.00502097 -0.00597956 -0.00795956 -0.0085015 0.00446317
internal_weight=1484.95 208.307 113.323 94.9836 92.9585 1276.64 1223 157.175 1065.83 160.459 61.8415 118.754 53.6362 38.4213
internal_count=20821 2289 1063 1226 882 18532 16509 2471 14038 1814 862 2028 2023 443
is_linear=0
shrinkage=0.025


Tree=127
num_leaves=15
num_cat=0
split_feature=26 1 174 169 211 176 66 88 112 9 199 195 165 61
split_gain=7.48223 7.49962 7.73569 8.85572 6.50417 5.87201 5.35496 5.33031 6.75916 11.863 9.99503 6.2663 6.10584 5.84784
threshold=0.22396993637084964 -0.19005213677883145 -0.017545734532177445 0.27268333733081823 0.2181859761476517 0.71027374267578136 0.0051517796237021693 7.4370851507410421e-05 0.0041367230005562314 1.0000000180025095e-35 0.89853480458259594 -0.69888603687286366 0.13130767643451693 0.00012297285866225141
decision_type=2 2 2 2 2 2 2 2 2 2 2 2 2 2
left_child=1 2 4 5 6 -4 -1 8 13 10 -10 -9 -13 -2
right_child=7 -3 3 -5 -6 -7 -8 11 9 -11 -12 12 -14 -15
leaf_value=0.013207271875326769 -0.000134631453161465 -0.00018281492025008198 -0.013100135917794565 0.0070822910394984706 -0.0086942957756761374 0.0062565841554137625 -0.0048800860538256692 -0.0025250872328671501 -0.020732003802648506 0.006765957784636796 0.0070482698857802636 0.003966161888437905 0.014405170768382165 0.0093570742211860521
leaf_weight=20.933128477539871 182.24753088504076 847.02998935733922 92.466797102475539 9.2181658288463932 9.3080443621147406 2.9353009322658172 6.2743929196149102 45.367389613762498 23.160238296259198 13.826045280788092 3.3096910528838626 154.70452646631747 43.524815479293466 39.191092603839934
leaf_count=212 1410 13635 2992 139 277 67 143 385 270 70 6 1005 204 193
internal_value=0.00013376 -0.00112115 -0.00621536 -0.00943071 0.00279328 -0.0117557 0.00850031 0.00258096 2.39268e-05 -0.00805602 -0.0158185 0.00514938 0.00700911 0.00188635
internal_weight=1493.5 988.166 141.136 104.62 36.5156 95.4021 27.2075 505.331 261.735 40.296 26.4699 243.597 198.229 221.439
internal_count=21008 17465 3830 3198 632 3059 355 3543 1949 346 276 1594 1209 1603
is_linear=0
shrinkage=0.025


Tree=128
num_leaves=15
num_cat=0
split_feature=169 174 199 1 112 110 66 17 199 2 97 128 232 196
split_gain=4.46495 6.13555 10.5011 9.24049 8.01772 7.4357 6.76588 5.87759 10.0706 6.28205 5.79574 5.18067 4.97414 2.7071
threshold=-0.2184864059090614 -0.015773283317685124 0.77675655484199535 -0.36366003751754755 4.1977806176873862e-05 0.10000086203217508 1.6796158214260617e-10 0.22396993637084964 0.63960072398185741 -0.048259891569614403 0.60981354117393505 0.15052311122417453 0.20691922307014468 -0.84297695755958546
decision_type=2 2 2 2 2 2 2 2 2 2 2 2 2 2
left_child=-1 2 11 4 -3 6 -4 8 -5 -9 -7 -2 -6 -13
right_child=1 3 5 7 12 10 -8 9 -10 -11 -12 13 -14 -15
leaf_value=-0.010589658621672479 0.003743057907453589 0.0042769458970606375 0.0078742460973640072 -0.0093384725392148555 -0.016896107363559773 0.016465389103340142 -0.01119485135489068 0.0048338872668234507 -0.00046875426782349818 -0.00010050801352802579 -0.0013130894112935345 0.0011338050063583946 0.0030142933562891834 -0.015801238688183703
leaf_weight=13.770676298066972 13.136734674102629 12.423233904177321 11.46837011864409 86.66807071689982 36.089131164131686 49.60319848684594 10.95719271362759 210.34647446684539 450.15033039054833 568.2057399423793 10.468159724259747 4.1136253480799487 4.2823018818162373 11.827420503599567
leaf_count=514 309 346 140 2702 982 419 287 2298 6911 5357 177 63 70 413
internal_value=-0.000268999 -8.01599e-05 0.00524757 -0.000565544 -0.00978449 0.0095253 -0.00173437 -0.000100998 -0.0020964 0.00126998 0.013491 -0.00582176 -0.0143387 -0.0123737
internal_weight=1493.51 1479.74 111.575 1368.17 52.7947 82.4969 22.4256 1315.37 536.818 778.552 60.0714 29.0778 40.3714 15.941
internal_count=20988 20474 1808 18666 1398 1023 427 17268 9613 7655 596 785 1052 476
is_linear=0
shrinkage=0.025


Tree=129
num_leaves=15
num_cat=0
split_feature=169 114 138 137 103 115 120 151 98 110 66 82 134 168
split_gain=5.95924 5.19108 8.78295 16.0414 12.3151 8.40554 7.43795 7.15698 7.11095 8.69558 8.11141 7.92857 8.18007 6.82875
threshold=-0.2184864059090614 0.40920342504978185 0.58414176106452953 0.28240208327770239 0.68102014064788829 0.030353388749063018 0.27333189547061926 2.9946435689926152 0.27634637057781225 0.32353052496910101 1.0436605180075278e-06 0.084998901933431639 0.55892080068588268 -0.98315346240997303
decision_type=2 2 2 2 2 2 2 2 2 2 2 2 2 2
left_child=-1 2 6 5 -5 -4 7 -2 9 -3 -11 13 -13 -10
right_child=1 8 3 4 -6 -7 -8 -9 11 10 -12 12 -14 -15
leaf_value=-0.011524446787784172 0.00076469486334537415 0.015901688951448383 -0.016135596044409905 0.0070188645958950309 -0.00645914066423766 0.00088851437734443475 0.0060777073548163663 -0.007243290778827168 0.0057273407281938013 -0.011449766379291602 0.0073217517763385469 -0.0059561310880344026 0.0035840663647206446 -0.011070800849940372
leaf_weight=13.533917237771673 459.74301144958008 37.799658254021779 66.43467463972047 76.400470042834058 69.168012537527829 20.245497573632747 126.62519683106802 69.679729665163904 11.384023818187414 11.854115077760069 24.233845946611837 52.715948571218178 418.33939179324079 41.933990655234084
leaf_count=515 6241 338 1332 980 1103 321 1726 1119 135 240 254 886 4756 1003
internal_value=0.000432803 0.000641418 -0.000559939 -0.00461924 0.000531168 -0.0124082 0.000915552 -0.000403364 0.00242161 0.00912902 0 0.00127009 0.0023691 -0.00689954
internal_weight=1500.09 1486.56 888.297 232.249 145.568 86.6802 656.048 529.423 598.261 73.8876 36.088 524.373 471.055 53.318
internal_count=20949 20434 12822 3736 2083 1653 9086 7360 7612 832 494 6780 5642 1138
is_linear=0
shrinkage=0.025


Tree=130
num_leaves=15
num_cat=0
split_feature=20 120 123 83 123 1 112 115 211 63 212 92 170 151
split_gain=6.99417 6.61452 8.74937 11.8445 9.39476 9.02143 8.41045 8.32613 8.29938 7.7304 6.97284 6.72983 6.99895 5.9541
threshold=0.84110677242279064 0.10480180010199548 0.097185291349887862 1.5695144972624089e-17 0.19808858633041385 -0.17394339293241498 0.0029593815561383967 0.057960906997323043 0.25165845453739172 0.087588831782341017 0.11750171706080438 0.27658584713935858 0.071215018630027785 3.0033204555511479
decision_type=2 2 2 2 2 2 2 2 2 2 2 2 2 2
left_child=1 6 3 -3 8 -6 11 10 -4 -5 -8 12 -1 -13
right_child=-2 2 4 9 5 -7 7 -9 -10 -11 -12 13 -14 -15
leaf_value=-0.0047995756566704337 0.007169087353336984 -0.011192924819933673 -0.0007402449900379913 0.0083658360067302238 -0.0064399685295461629 0.0019212859592618974 -0.018291350628674499 0.0044530695697474988 -0.014443106875572088 -0.0061581041572850324 0.0026786038663833642 0.0079617124136843846 0.0046909492311404313 -0.0025256611293918473
leaf_weight=275.98196135344915 66.79996557533741 14.166146589908747 65.345532641280442 183.13531063799746 82.78688392881304 521.6717123594135 39.528625254984945 11.074672988150267 40.699421150609851 16.219004321144894 7.602156961336731 64.871486398507841 47.125478073721752 49.983947015367448
leaf_count=4235 335 281 1003 2113 1784 6511 760 128 836 297 76 852 1009 671
internal_value=-7.2963e-05 -0.000479541 0.000761019 0.0050586 -0.000575757 0.000652779 -0.00277787 -0.0108577 -0.00703883 0.00684251 -0.0148404 -0.00141536 -0.00325966 0.00349199
internal_weight=1486.99 1420.19 924.024 213.52 710.504 604.459 496.168 58.2055 106.045 199.354 47.1308 437.963 323.107 114.855
internal_count=20891 20556 12825 2691 10134 8295 7731 964 1839 2410 836 6767 5244 1523
is_linear=0
shrinkage=0.025


Tree=131
num_leaves=15
num_cat=0
split_feature=4 131 7 155 87 91 60 9 179 132 159 2 199 155
split_gain=10.0265 7.65999 7.52152 7.15295 6.69981 6.04742 5.98799 5.28254 6.17971 5.26906 5.54007 5.12319 5.47358 4.98872
threshold=0.14931328594684604 1.7231291532516482 0.24868746846914294 1.6953252553939822 0.011082461103796961 0.28016808629035955 0.00026021126541309064 1.0000000180025095e-35 0.17433373630046847 2.412799715995789 -1.4360082149505613 -0.53751936554908741 0.81847384572029125 1.9449167847633364
decision_type=2 2 2 2 2 2 2 2 2 2 2 2 2 2
left_child=3 2 9 4 7 -3 -6 8 -1 10 -2 -5 13 -13
right_child=1 5 -4 11 6 -7 -8 -9 -10 -11 -12 12 -14 -15
leaf_value=0.0036461610809875155 -0.0011847995843806162 0.011603423492133516 -0.0081280015536189642 0.0075696529325854694 0.012207660814701699 -0.0017625398957655533 0.00052851902790025077 -0.011028342845551873 -0.0042760095003653038 -0.010627289264455051 0.0033802224561598352 -0.010755251866184548 -0.011063974127787909 7.6344083170413712e-05
leaf_weight=98.119427080731839 224.06401325494517 69.680935114156455 39.454059332725592 6.7224325546994796 31.684020000044256 22.646544738207012 83.559318829560652 25.495426569133997 126.51560790324584 9.017258159350602 548.39362367236754 22.951796591281891 85.579716818872839 101.01481986278668
leaf_count=734 3510 549 1258 52 311 277 1030 217 2332 216 7089 545 1350 1470
internal_value=0.000337787 0.0019694 0.00112313 -0.00219104 0 0.0083795 0.00468618 -0.00230532 -0.0007534 0.00172181 0.00204226 -0.00566299 -0.00653094 -0.00260937
internal_weight=1494.9 913.256 820.929 581.643 365.374 92.3275 115.243 250.13 224.635 781.475 772.458 216.269 209.546 123.967
internal_count=20940 12899 12073 8041 4624 826 1341 3283 3066 10815 10599 3417 3365 2015
is_linear=0
shrinkage=0.025


Tree=132
num_leaves=15
num_cat=0
split_feature=18 109 66 142 102 166 62 202 7 183 65 247 170 132
split_gain=6.2233 12.8527 17.2873 8.00249 7.93168 7.85995 5.60224 8.12064 5.66575 5.58909 5.11606 4.66545 4.62209 4.48236
threshold=1.0000000180025095e-35 0.034521022811532028 1.8601839656184896e-05 2.3789601325988774 0.30065938830375677 -0.066888969391584382 0.82083633542060863 0.9375000298023225 0.24298233538866046 0.20707555115222934 2.7800687743366733e-14 -0.037435401231050484 -0.43240180611610407 2.4606891870498662
decision_type=2 2 2 2 2 2 2 2 2 2 2 2 2 2
left_child=1 3 4 -1 10 11 7 13 -8 -7 -3 -4 -9 -2
right_child=6 2 5 -5 -6 9 8 12 -10 -11 -12 -13 -14 -15
leaf_value=-0.017727717628554764 0.00037334986887881626 0.007207734475633768 0.0086548200799304083 0.0058046314043996312 0.018908209945962907 -0.016753877111562388 0.013315134056803303 0.0011225633195719982 -0.0037295978675692047 0.00027042186172161677 -0.010872368664699466 -0.0062511620367267833 -0.01683570314662531 -0.0097655653545223407
leaf_weight=41.05238447652664 1232.2473341703881 8.8923112789634597 18.361019653500993 4.0334811748471102 21.082717274315655 30.843571502598934 25.820343640632927 9.2780700996518153 10.189358664210884 14.273373666917903 6.2592563179787239 11.220732757588847 16.075420596636832 15.827829518355427
leaf_count=2082 15355 131 298 43 155 1086 150 99 151 246 263 345 237 268
internal_value=-0.000455567 -0.00498699 0 -0.0146258 0.0119749 -0.00669651 0.000115274 -0.00018943 0.00850506 -0.0122239 -0.00130509 0.00252785 -0.0116799 0.000143075
internal_weight=1465.46 156.019 110.933 45.0859 36.2343 74.6987 1309.44 1273.43 36.0097 45.1169 15.1516 29.5818 25.3535 1248.08
internal_count=20909 4649 2524 2125 549 1975 16260 15959 301 1332 394 643 336 15623
is_linear=0
shrinkage=0.025


Tree=133
num_leaves=15
num_cat=0
split_feature=169 168 233 168 16 109 61 164 202 97 247 193 67 168
split_gain=4.49095 4.32678 7.69641 4.96406 8.92154 7.75357 4.96519 10.4021 7.67188 4.87606 3.49385 2.11629 1.83523 1.72542
threshold=-0.2184864059090614 -0.99999985098838795 -0.28543671965599055 -0.98315346240997303 0.31061333417892462 0.0031172874150797729 8.7972006440395503e-05 -0.17394339293241498 0.85000005364418041 0.19764903187751773 -0.27147030830383295 0.24964435398578647 0.11320660635828973 0.70174536108970653
decision_type=2 2 2 2 2 2 2 2 2 2 2 2 2 2
left_child=12 2 11 4 5 -3 8 -8 -5 -6 -4 -2 13 -1
right_child=1 3 10 6 9 -7 7 -9 -10 -11 -12 -13 -14 -15
leaf_value=-0.014690233107400103 0.0092492334993125192 -0.00488740912443406 0 1.967495127954422e-05 0.016552640115474131 0.0042699059314923416 -0.0076137487600886518 0.0035278499361363902 -0.006734625564542328 -0.00061772200617265084 -0.016012318601424439 -0.0028617166266155496 0.0013374616626961441 0.0016065184536629606
leaf_weight=9.6995906368829274 10.579189028590919 69.778063651639968 9.5188528820872325 579.4331478063832 32.521791990846395 183.69018131960183 47.95164738513995 402.96227656851988 115.40477625839412 10.59064477495849 20.613575318828225 5.6481703631579867 3.01530468603596 0.75395029410719949
leaf_count=448 35 768 58 9052 143 1902 1416 5062 1738 79 147 36 64 6
internal_value=0.000447382 0.000628449 -0.00602925 0.000899021 0.00371506 0.0015949 0.000128336 0.00214936 -0.00117974 0.0128918 -0.0121095 0.00516648 -0.00994157 -0.0127277
internal_weight=1502.16 1488.69 46.3598 1442.33 296.581 253.468 1145.75 450.914 694.838 43.1124 30.1324 16.2274 13.4688 10.4535
internal_count=20954 20436 276 20160 2892 2670 17268 6478 10790 222 205 71 518 454
is_linear=0
shrinkage=0.025


Tree=134
num_leaves=15
num_cat=0
split_feature=5 17 169 104 106 203 120 32 175 3 233 230 245 229
split_gain=5.63825 6.69862 5.66196 9.87084 11.513 8.96769 8.30961 6.16275 5.93557 7.58841 10.4704 8.28601 7.18235 7.28368
threshold=1.1183189153671267 0.31061333417892462 0.010727953165769579 0.73790138959884655 0.86448705196380626 1.0000000180025095e-35 0.057363955304026611 0.39170669019222265 -0.2382073178887367 0.14060052484273913 -0.32498927414417261 -0.23093445599079129 -0.023634016513824459 -0.026691727340221402
decision_type=2 2 2 2 2 2 2 2 2 2 2 2 2 2
left_child=2 -2 8 4 -4 -5 -6 -7 12 10 -10 -11 -1 -14
right_child=1 -3 3 5 6 7 -8 -9 9 11 -12 -13 13 -15
leaf_value=-0.010599498769518847 -0.0055890586173029527 0.0031123472158234022 0.0047682659854888093 0.015338571373673905 0.0065027346617015274 -0.011384239668153424 -0.011194106910481122 0.0076473420675435754 0.0063540130384142262 -0.0076286700266344522 -0.0031341520350454824 0.0046542718510259899 0.0061958950298977881 -0.006425474129797628
leaf_weight=60.668602445162833 203.34780355397379 63.655279859900475 128.73415907984599 52.816671797540039 12.453411631286142 9.7699548420496303 53.448676466941833 8.8406610477250052 75.837451883591712 27.005663821473718 405.6026887674816 298.57978279958479 45.906410575378686 44.418239523656666
leaf_count=925 6692 940 1562 431 154 171 930 59 481 418 3629 3552 453 642
internal_value=-0.000210692 -0.00342514 0.000506793 0.00365265 0.000471517 0.0108566 -0.00720296 -0.00248145 -0.000388375 0.000469767 -0.00149605 0.00336348 -0.00474856 0
internal_weight=1491.09 267.003 1224.08 266.064 194.636 71.4273 65.9021 18.6106 958.019 807.026 481.44 325.585 150.993 90.3247
internal_count=21039 7632 13407 3307 2646 661 1084 230 10100 8080 4110 3970 2020 1095
is_linear=0
shrinkage=0.025


Tree=135
num_leaves=15
num_cat=0
split_feature=168 65 4 3 168 193 210 235 232 108 202 179 154 91
split_gain=6.9819 7.86725 7.83381 9.71565 7.80221 7.72067 11.7997 6.86058 7.38564 6.83302 6.73489 7.61357 5.91411 5.87117
threshold=-0.98203182220458973 0.18589434772729876 0.3354459702968598 0.20264933258295062 -0.62100332975387562 0.3114724606275559 0.3623133003711701 -0.18354851752519605 -0.12839759886264798 0.065477214753627791 0.92500004172325145 0.24544683843851092 2.5606083869934086 5.5332618558168187e-06
decision_type=2 2 2 2 2 2 2 2 2 2 2 2 2 2
left_child=1 5 3 10 13 12 9 -5 -9 -7 11 -2 -1 -4
right_child=2 -3 4 7 -6 6 -8 8 -10 -11 -12 -13 -14 -15
leaf_value=0.00082678630866717118 -0.00096390673677130732 -0.010904031679774823 -0.011048722302493255 0.0081213477603127703 0.0066958865046488104 0.0008295369389136613 0.0059663745321483774 0.0018990102505828691 -0.0075751848016050467 -0.013217026155335774 -0.013693004226613976 0.005551420568896832 0.010509909844558026 0.0019258389541450855
leaf_weight=64.332645189017057 445.22019981173798 11.616535821463911 21.800176087301224 12.265058031072838 138.18198013771325 34.396687636617571 80.700986205134541 55.256009196513332 271.5292793258559 35.596016568597406 9.2652001585811359 136.05512823234312 116.24595573591068 50.418948947452009
leaf_count=620 5463 137 282 191 1140 345 655 946 7902 501 114 1233 952 429
internal_value=0.000107247 0.00317972 -0.000829542 -0.00182721 0.0033829 0.00407392 -7.6839e-05 -0.00512178 -0.00592578 -0.00705051 0.0001079 0.000621463 0.0073916 -0.00285849
internal_weight=1482.88 342.889 1139.99 929.591 210.401 331.272 150.694 339.05 326.785 69.9927 590.541 581.275 180.579 72.2191
internal_count=20910 3210 17700 15849 1851 3073 1501 9039 8848 846 6810 6696 1572 711
is_linear=0
shrinkage=0.025


Tree=136
num_leaves=15
num_cat=0
split_feature=5 28 15 10 126 62 20 144 141 231 174 134 137 177
split_gain=7.45977 5.96616 7.51952 5.93755 5.5472 5.32454 4.71328 6.18914 6.5106 6.44037 6.07657 5.93818 4.36417 4.34426
threshold=1.0717542171478274 0.20707555115222934 1.0000000180025095e-35 0.29957322776317602 1.2512526512145998 0.015575126744806768 0.97012749314308178 0.20982098579406741 0.72106686234474193 -0.11419066786766051 0.00039165170164778834 0.59187939763069164 0.078076735138893141 0.38815203309059149
decision_type=2 2 2 2 2 2 2 2 2 2 2 2 2 2
left_child=6 2 13 -3 -4 -5 7 10 9 -9 12 -10 -1 -2
right_child=1 3 4 5 -6 -7 -8 8 11 -11 -12 -13 -14 -15
leaf_value=0.0015316843571839033 -0.0032079317647984136 -0.007221529784199366 -0.005024251966298676 0.010397334631042697 0.01130164771370998 -0.00539773342168905 0.0076302964689455915 -0.0069777845529089208 -0.0019215271089133427 0.0085939901366494792 -0.0093612490299525303 0.0025076465227199113 -0.010032222915744592 -0.01047637750178692
leaf_weight=129.56302340212278 178.28324713534676 13.274720797315238 11.409939386881886 43.853065608767793 20.676481394097209 8.1569557567127031 56.466396974399686 9.1175257312133891 295.30050229956396 112.73675038851798 53.690285578835756 475.98931160080247 11.807142171077428 78.817616624059156
leaf_count=1325 4079 405 105 441 119 229 277 123 3387 870 877 4888 185 3647
internal_value=0.00024653 -0.00285363 -0.00439154 0.0034211 0.00542527 0.00717733 0.00123701 0.000814303 0.0017073 0.00681437 -0.00307616 0.000792451 -6.19983e-05 -0.00585043
internal_weight=1499.14 354.472 289.187 65.2847 32.0864 52.01 1144.67 1088.2 893.144 121.854 195.06 771.29 141.37 257.101
internal_count=20957 9025 7950 1075 224 670 11932 11655 9268 993 2387 8275 1510 7726
is_linear=0
shrinkage=0.025


Tree=137
num_leaves=15
num_cat=0
split_feature=168 170 163 166 99 214 202 194 4 174 133 141 174 110
split_gain=6.7113 9.04729 11.3537 7.61374 7.83728 7.22737 6.96857 6.72194 6.96534 6.42854 6.27006 9.38496 8.46464 6.26299
threshold=-0.98315346240997303 -0.070105712860822664 -0.71968820691108693 -0.21839043498039243 0.42048272490501409 -0.0017619210993871091 0.90000000596046459 0.54596135020256054 0.20707555115222934 -1.6393791156588119e-05 0.94568958878517162 1.5432698726654055 1.0000000180025095e-35 0.0028612562455236916
decision_type=2 2 2 2 2 2 2 2 2 2 2 2 2 2
left_child=3 2 7 -1 -5 13 10 8 -2 -8 11 -3 -12 -4
right_child=1 6 5 4 -6 -7 9 -9 -10 -11 12 -13 -14 -15
leaf_value=-0.0043387548194085924 -0.0015274819383328943 0.0018695720912224449 0.0045745974985836732 0.00644820303369002 -0.0048257457898570992 -0.011009828109775712 0.0019827886915168226 -0.0077772377105736886 0.00982958556715143 -0.013617847144016433 0 -0.0058597715505832298 0.010935075658672827 -0.0061004209070149203
leaf_weight=57.592008064035326 57.543189999181777 437.7956675622263 43.107483207480982 250.28056258428842 34.889642517548054 121.82416456833016 22.17450459394604 24.282725990982726 56.937266840366647 26.331154449377209 89.024605564773083 113.48637882282492 78.922436331398785 79.260521344840527
leaf_count=654 1171 5963 715 2160 328 2647 305 557 650 366 1039 1773 863 1748
internal_value=0.000192836 -0.000718345 -0.00380118 0.00320783 0.00488764 -0.00694016 0.000838211 0.00175255 0.00441885 -0.00730059 0.001515 0.000165288 0.00556945 -0.00217413
internal_weight=1493.45 1150.69 382.955 342.762 285.17 244.192 767.735 138.763 114.48 48.5057 719.229 551.282 167.947 122.368
internal_count=20939 17797 7488 3142 2488 5110 10309 2378 1821 671 9638 7736 1902 2463
is_linear=0
shrinkage=0.025


Tree=138
num_leaves=15
num_cat=0
split_feature=6 208 174 2 242 26 172 210 193 210 6 106 197 177
split_gain=9.79249 8.25029 8.39314 6.1062 6.55258 5.44103 6.21182 5.68386 5.40604 9.13997 5.02376 7.26626 6.6836 3.49178
threshold=0.071922417730093016 0.023469969630241398 -0.026607242412865158 0.14471616595983508 -0.14355003088712689 0.37446653842926031 -0.037981338798999779 0.15633946657180789 0.56404110789299022 0.30417448282241827 0.07872412353754045 1.5015062689781191 0.077375300228595748 0.57192409038543712
decision_type=2 2 2 2 2 2 2 2 2 2 2 2 2 2
left_child=1 2 13 4 -4 7 -7 -2 9 -8 12 -12 -9 -1
right_child=5 -3 3 -5 -6 6 8 10 -10 -11 11 -13 -14 -15
leaf_value=0.0095469754941766623 -0.0085351101494237653 0.0058737230066123426 0.003161348206129397 0.0045506316472607973 -0.014273186604636666 0.012104874818417308 0.0028591726760989517 0.0060520283530118889 0.010804696562969132 -0.010710592315519251 0.00088982380360244173 -0.0040348251573189449 -0.0040252555768351258 -0.0059012721042155927
leaf_weight=13.940885229967536 35.794430494774133 21.360008543124422 9.726701816543935 7.803609972819685 93.283227612148039 37.211048725992441 124.21550055127591 158.15581085672602 21.739874389022589 28.130639040842652 625.37911809864454 252.32405331172049 43.425912602222525 3.3244465605821452
leaf_count=193 949 404 133 68 2924 152 687 1910 76 161 8425 3810 746 293
internal_value=-8.16372e-05 -0.00590472 -0.00829318 -0.0107392 -0.0123602 0.000612153 0.00417553 -8.92507e-05 0.00174215 -0.000169516 0.000270175 -0.000547201 0.00371841 0.00494521
internal_weight=1475.82 149.439 128.079 110.814 103.01 1326.38 211.297 1115.08 174.086 152.346 1079.28 877.703 201.582 17.2653
internal_count=20931 4015 3611 3125 3057 16916 1076 15840 924 848 14891 12235 2656 486
is_linear=0
shrinkage=0.025


Tree=139
num_leaves=15
num_cat=0
split_feature=112 112 90 127 116 6 245 171 6 115 121 18 162 173
split_gain=4.61149 10.9838 8.15147 7.78338 7.65655 6.98586 9.12265 6.82703 6.32327 14.123 6.05545 9.43886 5.9053 5.78505
threshold=0.24558873474597934 0.30367249250411993 0.6207958757877351 1.9163059592247011 0.60475206375122081 0.085725758224725737 0.28145976364612585 0.0098211439326405543 0.091410480439662947 0.30167625844478613 0.14999262243509295 0.50316895544528972 -1.1521848440170286 -0.99955022335052479
decision_type=2 2 2 2 2 2 2 2 2 2 2 2 2 2
left_child=3 -2 7 4 5 6 -1 -3 13 12 11 -6 -10 -5
right_child=1 2 -4 8 10 -7 -8 -9 9 -11 -12 -13 -14 -15
leaf_value=-0.0081999942646395173 0.011659605196001276 -0.0011921600316280919 -0.0047898435126279811 -0.01176916687310379 0.013552359909384405 0.00084603338659750525 0.0071103746065226516 0.010293818877165066 -0.013854040252474496 0.008333599495901815 0.0013945667039692064 -0.0034637016901153243 -0.0016256192516719754 9.1354523298319004e-05
leaf_weight=117.44532568764407 56.150303647853434 58.191696688532829 99.508930389769375 16.135380610823631 62.989450752269477 360.69053719751537 19.341094444738701 51.26580912573263 84.663131737848744 20.452076129615307 194.16678504040465 20.831677106209099 41.197239524452016 273.39881173276808
leaf_count=3022 523 825 1445 208 570 3973 341 518 1634 190 2556 262 517 4389
internal_value=2.32305e-05 0.00294303 3.82715e-05 -0.000628201 0.00086262 -0.000978053 -0.00555228 0.00457005 -0.00326064 -0.00729703 0.00410389 0.00928882 -0.010432 -0.00097023
internal_weight=1476.43 265.117 208.966 1211.31 775.465 497.477 136.786 109.458 435.847 146.312 277.988 83.8211 125.86 289.534
internal_count=20973 3311 2788 17662 10724 7336 3363 1343 6938 2341 3388 832 2151 4597
is_linear=0
shrinkage=0.025


Tree=140
num_leaves=15
num_cat=0
split_feature=20 148 149 170 236 134 115 158 138 232 3 61 247 2
split_gain=6.44481 8.03375 9.98745 7.50863 8.30383 7.39784 6.94215 6.89838 5.90653 5.38096 4.60889 4.59159 4.54927 4.33643
threshold=0.84110677242279064 1.8204376101493838 2.0540435314178471 -0.12361592054367064 0.05000004172325135 0.55892080068588268 6.5306735450576534e-06 -1.0435974597930906 0.00025693868519738322 -0.25962333381175989 0.15023024380207065 9.439803761779332e-05 -0.032842658460140221 0.035987975075840957
decision_type=2 2 2 2 2 2 2 2 2 2 2 2 2 2
left_child=1 8 3 4 -3 6 -4 -7 13 -10 12 -5 -2 -1
right_child=10 2 5 11 -6 7 -8 -9 9 -11 -12 -13 -14 -15
leaf_value=0.0018135149001234875 0.0076616226591589972 -0.0053308664281509427 0.0080441364633103401 0.0037470611366923396 0.0068163122308660569 0.0020350624352850808 -0.0059119497376695137 -0.0036979363392561555 0.0040387567097042261 -0.014267350167112187 0.013896994211870992 0.012190221744668151 -0.005359378382792942 -0.0065532007388054789
leaf_weight=75.495764549821615 20.243032740429044 90.32229381473735 13.373751956736667 198.06624547764659 41.394874147605151 407.80126132001169 238.23319404514041 178.46065401355736 5.5118954004719845 44.964243179361802 21.595494130626321 50.255207660840824 22.619408933445811 57.272971174446866
leaf_count=702 106 1394 159 2509 563 5194 4259 2697 47 1593 92 479 129 1047
internal_value=-0.000148643 -0.000538164 0.000204714 0.00351247 -0.00117599 -0.00130931 -0.0047903 0.00022985 -0.00524873 -0.0116765 0.00691062 0.00598697 0.00089306 -0.00195336
internal_weight=1465.61 1401.15 1217.91 380.039 131.717 837.869 251.607 586.262 183.245 50.4761 64.4579 248.321 42.8624 132.769
internal_count=20970 20643 17254 4945 1957 12309 4418 7891 3389 1640 327 2988 235 1749
is_linear=0
shrinkage=0.025


Tree=141
num_leaves=15
num_cat=0
split_feature=5 85 65 173 227 173 36 179 7 242 229 75 217 17
split_gain=6.02006 5.89042 9.2827 4.99282 6.40644 5.59511 5.37489 5.26793 5.25398 7.00931 4.82362 4.39042 4.20244 2.99379
threshold=1.3101272583007815 0.0031671627657487993 1.2718469406536316e-05 -0.99999323487281788 0.47838664054870611 -0.9992556869983672 0.3354459702968598 0.13384428620338443 0.24682920426130298 -0.079858750104904161 0.14776366949081424 5.0804890385729978e-20 0.82454830408096325 0.53458327054977428
decision_type=2 2 2 2 2 2 2 2 2 2 2 2 2 2
left_child=3 -2 -3 4 7 6 12 13 11 -10 -9 -7 -5 -1
right_child=1 2 -4 5 -6 8 -8 10 9 -11 -12 -13 -14 -15
leaf_value=-0.0048782135059254059 -0.012776964362320377 0.0099720198225401388 -0.0099677304733511354 -0.013092754853416603 -0.0072717505916331006 -0.0019535065818744048 0.0030026173756283188 0.015862790929952433 0.0071894117770789426 -0.0071428124285350921 -0.0024713871640048637 0.0017308077024564311 0.0040205421336812408 0.0076872913902914265
leaf_weight=19.889123305678371 32.106489333207719 19.080470969900489 15.412589971558189 39.058438553940505 8.8799693975597602 245.59080989193171 17.919218049384654 37.475202755536884 15.553668128326533 94.858286747941747 6.0186607372015706 907.12774863676168 3.8791549541056147 6.821598593145608
leaf_count=144 1749 362 751 503 90 3003 185 186 281 2308 66 11151 21 28
internal_value=2.25143e-05 -0.00670301 0.000520374 0.000404723 0.00606662 5.7165e-06 -0.00672301 0.00872103 0.000399923 -0.00451487 0.0131147 0.00092308 -0.0107786 0
internal_weight=1469.67 66.5996 34.4931 1403.07 79.0846 1323.99 60.8568 70.2046 1263.13 110.412 43.4939 1152.72 42.9376 26.7107
internal_count=20828 2862 1113 17966 514 17452 709 424 16743 2589 252 14154 524 172
is_linear=0
shrinkage=0.025


Tree=142
num_leaves=15
num_cat=0
split_feature=170 209 197 213 194 93 168 73 166 169 160 64 104 2
split_gain=6.1002 9.31342 9.81649 7.46974 6.04051 5.82766 13.4192 11.0396 10.1716 9.54503 9.1575 7.62288 8.06835 7.25073
threshold=0.066691555082798018 -0.0065008662641048423 0.01900782156735659 0.21531869471073153 0.17826251685619357 0.17483499646186831 -0.94756916165351857 0.0040944789070636043 -0.22563168406486508 -0.0030709753045812245 -0.6006055176258086 5.1122567984451812e-11 0.38871031999588018 0.017183744348585609
decision_type=2 2 2 2 2 2 2 2 2 2 2 2 2 2
left_child=5 2 -2 4 -3 6 8 13 -1 -7 -10 -11 -13 -8
right_child=1 3 -4 -5 -6 9 7 -9 10 11 -12 12 -14 -15
leaf_value=-0.0075634951099141498 -0.015039916792188128 0.014204999748462153 0.004734968254573404 -0.0022716111901578831 0.0016147078627062389 -0.0040248185734467054 -0.0051433954277703871 -0.012732292450809724 0.011916704240850062 0.011063957803973354 0.0011005803467555866 -0.0063399128241142097 0.0034174909475250836 0.0012935975550005352
leaf_weight=38.230577226728201 17.639637288986705 67.940219487180002 23.062949930084869 33.407029568450525 42.234402379253879 133.76395929814316 251.43840817129239 69.75236785877496 65.108010773546994 56.908003028249368 149.94352468964644 51.637393419397995 301.46583278710023 175.85008123097941
leaf_count=528 500 999 391 774 840 2486 3731 1301 581 486 1587 818 3222 2662
internal_value=0.000166454 0.00428063 -0.00507102 0.00719864 0.0101136 -0.000443796 -0.00186689 -0.00422925 0.00270349 0.00149527 0.00488702 0.00338902 0.00179487 -0.00250283
internal_weight=1478.38 184.284 40.7026 143.582 110.175 1294.1 750.323 497.041 253.282 543.775 215.052 410.011 353.103 427.288
internal_count=20906 3504 891 2613 1839 17402 10390 7694 2696 7012 2168 4526 4040 6393
is_linear=0
shrinkage=0.025


Tree=143
num_leaves=15
num_cat=0
split_feature=175 186 160 77 84 89 215 32 230 61 170 144 158 137
split_gain=8.04416 7.3787 5.60585 4.95909 7.04174 9.28576 9.60469 6.78065 8.75641 7.46385 6.48124 5.53955 4.86588 4.43534
threshold=0.19030631333589557 0.17917595058679583 -1.439026355743408 1.6958885192871096 0.22227079421281817 0.062232917174696929 -0.017853265628218647 1.0000000180025095e-35 0.0094968006014823931 2.3526584846944592e-10 -0.025388851761817929 1.2028015255928042 -0.80016255378723133 1.6352797746658327
decision_type=2 2 2 2 2 2 2 2 2 2 2 2 2 2
left_child=3 2 -2 4 7 11 -7 8 -1 -9 12 -6 -5 -12
right_child=1 -3 -4 10 5 6 -8 9 -10 -11 13 -13 -14 -15
leaf_value=-0.0061009966671921817 0.0048574270304149797 0.0081871158206758658 -0.013301322946138873 -0.015670716643737165 0.01152169833703507 -0.0071217975761701706 0.0046329483581098781 0.0053353846312368487 0.0003514919593136056 -0.00064442591136333344 -0.0047264149293621298 0.0017228530281226716 0.0045432452219451146 0.010171215109004032
leaf_weight=201.23337480775081 5.2811715742573133 5.5961985548492512 51.48183053266257 25.258642463246364 95.487825732678175 64.119262185064144 88.892992520704865 209.28714413405396 330.92362280888483 304.88697093655355 16.155062147649009 66.607831208733842 2.5641467692330471 10.419941734988241
leaf_count=3390 94 80 1624 508 933 910 1134 1926 5304 3897 230 763 13 85
internal_value=5.44324e-05 -0.00795313 -0.0108772 0.000479749 0.000806544 0.00400999 -0.000376784 -0.000180907 -0.00214626 0.00183198 -0.00617845 0.00796328 -0.0126862 0.0021378
internal_weight=1478.2 62.3592 56.763 1415.84 1361.44 315.108 153.012 1046.33 532.157 514.174 54.3978 162.096 27.8228 26.575
internal_count=20891 1798 1718 19093 18257 3740 2044 14517 8694 5823 836 1696 521 315
is_linear=0
shrinkage=0.025


Tree=144
num_leaves=15
num_cat=0
split_feature=108 5 173 244 159 247 87 173 78 101 170 133 87 120
split_gain=5.63221 9.50307 9.3507 7.42485 7.23019 9.20113 6.96054 7.59936 7.37354 6.94512 6.50901 5.9666 5.79319 7.04698
threshold=0.39058418571949011 0.63257101178169262 -0.86014252901077259 -0.13650587201118466 -1.3240096569061277 -0.36918178200721735 0.29801560938358312 -0.92132925987243641 0.039721101522445686 1.3776023387908938 -0.097498804330825792 0.052958408370614059 0.14765255898237231 0.099838040769100203
decision_type=2 2 2 2 2 2 2 2 2 2 2 2 2 2
left_child=1 2 4 -4 -1 -6 7 10 -9 -10 -2 -5 13 -3
right_child=6 12 3 11 5 -7 -8 8 9 -11 -12 -13 -14 -15
leaf_value=-0.0035015594099985941 -0.0072366815345022237 -0.0050487808901021414 -0.010571769616897625 0.0062869714148027014 -0.0060223091738191431 0.013069429615679883 -0.00052879571927050447 0.00036655871281748528 0.013085332267440712 -0.0012342492299322223 0.0058546842699550676 -0.002368791735395879 -0.012488899313880295 0.00042577093002207109
leaf_weight=21.930269934237003 42.692832874599844 267.19657983403886 28.496587192639709 72.032311701681465 10.612011905759571 84.87868012022227 289.34249569708481 67.6471325349994 106.32216906035319 21.518193469149992 29.770700477529317 109.06488293269649 26.087676845258102 298.62824589491356
leaf_count=188 623 5559 179 404 92 437 3965 1158 1010 314 317 799 722 5151
internal_value=0.000166022 -0.00102419 0.00232165 -0.000842033 0.00761981 0.010396 0.00213075 0.00494683 0.00740339 0.0106866 -0.00164261 0.00118609 -0.00290277 -0.00218898
internal_weight=1476.22 918.927 327.015 209.594 117.421 95.4907 557.294 267.951 195.487 127.84 72.4635 181.097 591.913 565.825
internal_count=20918 13531 2099 1382 717 529 7387 3422 2482 1324 940 1203 11432 10710
is_linear=0
shrinkage=0.025


Tree=145
num_leaves=15
num_cat=0
split_feature=18 233 228 109 139 7 242 177 212 179 4 137 247 28
split_gain=7.73617 11.9287 9.92748 9.92281 7.72996 5.89917 6.44861 6.40189 9.28508 5.24739 6.44959 4.94998 4.81707 4.27103
threshold=1.0000000180025095e-35 -0.24501600861549375 0.18959697335958484 0.034521022811532028 1.0725401043891909 0.24682920426130298 -0.079858750104904161 0.57772940397262584 0.060669966042041786 0.18127245455980304 0.3114724606275559 0.40174958109855657 0.13249178975820544 0.42082132399082189
decision_type=2 2 2 2 2 2 2 2 2 2 2 2 2 2
left_child=1 13 3 -3 -5 7 -7 9 -9 11 -11 -2 -8 -1
right_child=5 2 -4 4 -6 6 12 8 -10 10 -12 -13 -14 -15
leaf_value=-0.017032780343034046 0.00079509307301959707 -0.0075454751657138249 -0.0092930534152796413 0.013241174730110545 -0.0076399850042029914 0.0066327514247733746 -0.01079360947515544 0.015654252607427192 -0.0071425405476094944 -0.0021737532881603234 0.0037947975496637775 0.0055370306704300293 0 0.0012093447037975886
leaf_weight=36.709247218910605 390.73774708714336 17.514551902539097 34.532107966253534 48.302422370295972 4.5492386571131638 16.452320160344243 58.267012543044984 28.565004968550056 6.5910421828739336 453.3441809581127 136.9328249306418 211.62246738933027 37.535106697119772 6.3057561549358061
leaf_count=1439 3672 584 1657 682 133 298 1477 327 239 6557 1117 1875 824 103
internal_value=0.000168626 -0.00502212 0 0.00515184 0.01017 0.00079031 -0.00439208 0.00131213 0.0103853 0.000933513 -0.000720389 0.002557 -0.00692893 -0.0144509
internal_weight=1487.96 147.913 104.898 70.3662 52.8517 1340.05 112.254 1227.79 35.156 1192.64 590.277 602.36 95.8021 43.015
internal_count=20984 4598 3056 1399 815 16386 2599 13787 566 13221 7674 5547 2301 1542
is_linear=0
shrinkage=0.025


Tree=146
num_leaves=15
num_cat=0
split_feature=20 148 179 179 201 148 139 114 171 173 155 199 228 236
split_gain=6.33468 7.52595 6.29269 9.34601 7.38569 5.59881 10.6814 8.45328 8.44941 7.63639 7.48426 4.23384 3.86622 3.72917
threshold=0.84110677242279064 1.8204376101493838 0.31964322924613958 0.26562228798866278 0.090012926608324065 2.3222084045410161 0.0015258357743732633 0.40920342504978185 0.06619396805763246 0.92086637020111095 1.6953252553939822 0.81137728691101085 0.30345290899276739 0.19999995827674868
decision_type=2 2 2 2 2 2 2 2 2 2 2 2 2 2
left_child=1 2 3 4 -1 6 -3 8 -7 -8 -9 -2 -5 -4
right_child=11 5 13 12 -6 7 9 10 -10 -11 -12 -13 -14 -15
leaf_value=-0.0089419013574474886 0.0093302980508987512 -0.0076328340735826858 -0.016973912655767653 0.012770507629040369 0.0023346480941728778 -0.0012419373567053502 0.0078536536835795995 0.0055761599349478065 -0.010887582967522841 -0.0093581771929316972 -0.00028428854314388913 -0.0050858162479232426 -0.003597630622160064 0.0010369780871175458
leaf_weight=86.36564959725365 58.944653522223234 28.903270932729356 21.878414687584158 20.311177681665871 48.658132732380182 395.00710359052755 170.67303739720955 198.27298418385908 56.183548191329464 7.0199647440458639 373.14797294372693 6.3268181979656211 5.0397832929156712 5.8534645338077089
leaf_count=1171 295 666 1351 212 539 5950 2004 2462 971 139 5016 34 88 88
internal_value=0.000224277 -0.000145893 -0.00465086 -0.00217046 -0.00493431 0.000571735 0.00420616 -0.000190708 -0.00272098 0.0065588 0.00180063 0.00719836 0.00907145 -0.0136927
internal_weight=1482.59 1417.31 188.107 160.375 135.024 1229.21 206.596 1022.61 451.191 177.693 571.421 65.2715 25.351 27.7319
internal_count=20986 20657 3449 2010 1710 17208 2809 14399 6921 2143 7478 329 300 1439
is_linear=0
shrinkage=0.025


Tree=147
num_leaves=15
num_cat=0
split_feature=169 108 168 227 228 171 62 5 227 179 99 195 168 195
split_gain=6.62135 5.03346 5.0372 7.31024 7.9376 5.83093 5.01106 6.69962 5.05418 3.4348 3.36634 2.02336 1.74883 1.05019
threshold=-0.16403088718652722 1.6926645040512087 -0.98315346240997303 0.21248202770948413 0.10795545950531961 0.045558145269751556 0.32371449470520025 0.9469793736934663 0.25147791206836706 0.26562228798866278 0.062507659196853652 -0.93485739827156056 0.59564349055290233 -0.99836838245391835
decision_type=2 2 2 2 2 2 2 2 2 2 2 2 2 2
left_child=9 2 3 5 -5 -2 8 -8 -4 -1 -3 -12 13 -11
right_child=1 10 6 4 -6 -7 7 -9 -10 12 11 -13 -14 -15
leaf_value=0.0035105990652196124 0.010629626719478666 0.0030826988859689636 -0.0034418552247434961 0.0064779703759547851 -0.0025490064491013246 -0.0058813752857690242 0.010858899258923469 -0.0039527454184492038 0.00025488686210661311 0 0.00057072328712215405 -0.015159550037161844 0.001117790544902846 -0.016860513202673757
leaf_weight=2.2451263274997499 80.989178132265806 4.6088632941246059 330.00734358676709 80.894365425687283 163.60641709156334 6.7610963019542387 40.108305169502273 20.722078876220621 692.19095936859958 1.1328355862060639 3.4394460944458887 15.041197625454512 1.136672391090541 15.681269516586323
leaf_count=10 636 50 5782 633 1702 98 256 518 10134 87 44 359 17 598
internal_value=-0.000158117 8.3544e-05 0.000321304 0.00296221 0.000552221 0.00867766 -0.000501041 0.0058217 -0.000952574 -0.0113738 -0.00925977 -0.0127498 -0.0143135 -0.0158215
internal_weight=1458.57 1438.37 1415.28 332.251 244.501 87.7503 1083.03 60.8304 1022.2 20.1959 23.0895 18.4806 17.9508 16.8141
internal_count=20924 20212 19759 3069 2335 734 16690 774 15916 712 453 403 702 685
is_linear=0
shrinkage=0.025


Tree=148
num_leaves=15
num_cat=0
split_feature=6 129 246 179 246 3 220 10 233 20 78 235 232 245
split_gain=5.35901 6.32067 5.68763 5.29023 9.0501 4.08142 10.3653 12.382 7.18391 7.09297 7.33803 3.98069 5.20983 3.80795
threshold=0.053240738809108741 1.6404041647911074 -0.20603222399950025 0.57047131657600414 0.27030144631862646 0.092577677220106139 1.0000000180025095e-35 0.60402545332908641 -0.27366840839385981 1.1263378262519839 0.031011263839900497 -0.12288095057010649 -0.17564934492111203 -0.10747338086366652
decision_type=2 2 2 2 2 2 2 2 2 2 2 2 2 2
left_child=1 2 -1 5 11 6 8 -8 -2 10 -7 -5 -13 -3
right_child=3 13 -4 4 -6 9 7 -9 -10 -11 -12 12 -14 -15
leaf_value=0.00093386363853417492 0.0025324741861791717 -0.0074897391975329687 -0.016661531973903316 0.0029080049372993866 0.0048424897966487038 -0.0014288580779594218 0.0089480776643699762 -0.008748625569931192 -0.0061409413112565418 0.013100723928104503 0.003015093808612456 0.0012241091952739684 -0.01799242374194519 0.0075846169842097941
leaf_weight=12.939176289073655 71.263642661273479 4.1953458245843676 25.547944284626283 4.431538075907155 22.213672447949648 387.97141758701764 86.759076731279492 21.753696068190038 212.9818696891889 20.588892942294478 538.05206517549232 7.895836333744227 28.905003341264091 18.113325313199311
leaf_count=539 540 96 1298 65 478 6453 535 175 2054 88 7045 157 1135 205
internal_value=-8.00902e-06 -0.00663112 -0.0116825 0.000323999 -0.00610586 0.000689346 -0.00140783 0.00477879 -0.00390972 0.00157926 0.00114545 -0.012001 -0.0143261 0.00275729
internal_weight=1463.61 60.7958 38.4871 1402.82 63.4461 1339.37 392.758 108.513 284.246 946.612 926.023 41.2324 36.8008 22.3087
internal_count=20863 2138 1837 18725 1835 16890 3304 710 2594 13586 13498 1357 1292 301
is_linear=0
shrinkage=0.025


Tree=149
num_leaves=15
num_cat=0
split_feature=6 179 148 83 70 197 175 147 160 5 172 233 183 243
split_gain=4.31057 7.23875 4.58978 5.07681 6.08426 5.71638 7.95105 6.4083 4.8881 3.98973 3.04924 3.23335 2.54546 2.98453
threshold=0.14678083360195163 0.064419522881507887 4.5017545223236093 0.20270232111215594 0.77721083164215099 0.0022314011584967379 -0.0020531235495582219 1.5071120262145998 -1.2525671720504759 0.91990950703620922 -0.034966154024004929 -0.21466580033302304 1.2006276249885561 0.058295931667089469
decision_type=2 2 2 2 2 2 2 2 2 2 2 2 2 2
left_child=2 -2 3 4 8 6 -5 -7 -1 -6 -4 -12 13 -3
right_child=1 12 10 5 9 7 -8 -9 -10 -11 11 -13 -14 -15
leaf_value=0.0068340087961533992 0.0039193547670586361 -0.015881098051774987 -0.0033314532582646543 -0.0018032779140526528 0.0130456337083911 -0.0033971635462080423 -0.01482107597983787 0.0063987650772179341 -6.3382415979677798e-05 -0.0025831066873139457 -0.0014169607458877726 0.013437741660053888 0.00033785759519775252 4.2738577770643987e-05
leaf_weight=56.421074836049229 23.147807195782661 27.768613622756675 5.5106586341280481 90.800931412726641 27.292176792398095 96.422526799375191 36.705772447399795 55.664798131212592 992.10312995029381 7.4910298186587161 7.4701500160153946 24.91596426256001 7.7601093081757417 7.047397745307534
leaf_count=756 114 558 62 1368 141 1455 646 502 14725 154 85 123 89 129
internal_value=-3.55736e-05 -0.00577457 0.000271607 0 0.000779408 -0.00293253 -0.00659288 0.00031777 0.000369108 0.00961336 0.00771879 0.010273 -0.0109769 -0.0132061
internal_weight=1466.52 65.7239 1400.8 1362.9 1083.31 279.594 127.507 152.087 1048.52 34.7832 37.8968 32.3861 42.5761 34.816
internal_count=20907 890 20017 19747 15776 3971 2014 1957 15481 295 270 208 776 687
is_linear=0
shrinkage=0.025


Tree=150
num_leaves=15
num_cat=0
split_feature=5 127 210 227 17 231 175 109 145 98 134 138 144 150
split_gain=6.0001 5.72112 7.0661 5.09364 4.85799 5.25748 4.43277 6.04039 8.78067 12.1736 5.76287 8.27214 9.54101 8.07434
threshold=1.1183189153671267 2.9568878412246709 0.43810664117336279 0.60488566756248485 0.37446653842926031 0.15686032921075824 -0.19762388616800305 0.91795098781585704 1.3000972867012026 0.21486520022153857 0.55058613419532787 0.50119349360466015 0.92625609040260326 3.4231445789337163
decision_type=2 2 2 2 2 2 2 2 2 2 2 2 2 2
left_child=6 3 -3 4 5 -2 7 8 -1 -10 11 -8 -13 -12
right_child=1 2 -4 -5 -6 -7 10 -9 9 -11 13 12 -14 -15
leaf_value=0 -0.010638703705104861 0.007850213785129902 -0.0078239902224129711 0.003409694411062876 0.00085005482856687705 0.0015863506734445879 0.0018435935888497384 0.0073027195315615058 0.0053357886307890852 -0.015002050298193013 0.0064223539878526586 -0.011334449035135275 0.0017652136948170232 -0.00053796609106224972
leaf_weight=188.73249529418536 115.40718863275833 44.705588747048751 14.604126084828748 28.36151767463889 37.446650048717856 21.05812702793628 368.15436947438866 29.09539350727573 17.483708806801587 53.095281497575343 273.05371113936417 62.930760249961168 56.936748392414302 156.46280496334657
leaf_count=2539 4575 884 410 459 579 659 3565 261 155 954 2617 831 600 1774
internal_value=0.000234026 -0.00310272 0.00314825 -0.0050676 -0.00664816 -0.0086923 0.000991506 -0.00164187 -0.00297015 -0.00976936 0.0018432 -3.52111e-06 -0.00542295 0.00391285
internal_weight=1467.53 261.583 59.3097 202.273 173.912 136.465 1205.95 288.407 259.311 70.579 917.538 488.022 119.868 429.517
internal_count=20862 7566 1294 6272 5813 5234 13296 3909 3648 1109 9387 4996 1431 4391
is_linear=0
shrinkage=0.025


Tree=151
num_leaves=15
num_cat=0
split_feature=15 99 243 242 9 168 10 178 168 210 126 3 228 111
split_gain=5.22767 5.93296 6.29984 6.29987 5.9441 4.18 4.91008 9.03424 8.37384 10.0996 6.79804 6.0073 3.48565 3.36655
threshold=1.0000000180025095e-35 0.60545679926872265 -0.14319612085819242 0.15855615586042407 1.0000000180025095e-35 -0.99999865889549244 0.42766661942005163 0.16317769140005114 0.36542434990406042 0.37831407785415655 0.69076883792877208 0.43884116411209112 0.037630656734108932 0.72007465362548839
decision_type=2 2 2 2 2 2 2 2 2 2 2 2 2 2
left_child=5 2 -2 4 -4 12 7 10 11 -10 -7 -8 -1 -9
right_child=1 -3 3 -5 -6 6 8 13 9 -11 -12 -13 -14 -15
leaf_value=0.0021331682729245705 -0.0099593529107867736 -0.007111937995094725 0.006883560160011579 -0.0078560030835925065 -0.0008823236239673349 0.0035303440183741134 -0.0023205082522086895 -0.013554339750665736 0.01115693634050486 -0.0038171419110358284 -0.0027588470470354572 0.0037724653194662824 -0.012102549312698177 0
leaf_weight=9.1329922340810317 8.7068725749850255 23.405429270118475 255.83793929312378 13.759819211438296 73.181681307032704 145.57715028617531 295.29026008490473 40.755257780547254 83.150828028854448 31.424371706321836 322.49054774199612 138.35582234547473 22.407539115287364 15.673280182760207
leaf_count=50 63 140 1434 83 375 1753 4154 2556 1051 523 5702 2251 172 631
internal_value=0.000226114 0.00273493 0.00363817 0.00434397 0.00514932 -0.000634668 -0.000310786 -0.00202628 0.0013164 0.00697873 -0.00073741 -0.000299245 -0.00824149 -0.0105305
internal_weight=1479.15 374.892 351.486 342.779 329.02 1104.26 1072.72 524.496 548.221 114.575 468.068 433.646 31.5405 56.4285
internal_count=20938 2095 1955 1892 1809 18843 18621 10642 7979 1574 7455 6405 222 3187
is_linear=0
shrinkage=0.025


Tree=152
num_leaves=15
num_cat=0
split_feature=6 24 2 214 159 126 109 219 232 160 60 168 236 62
split_gain=6.16511 7.59053 4.98758 10.1635 11.4564 7.85675 7.04554 7.12586 6.6399 9.42483 5.97365 7.51405 7.20776 5.38692
threshold=0.10899222269654275 1.0000000180025095e-35 0.079600926488637938 0.025487391278147701 -0.75615328550338734 2.7523177862167363 0.31131783127784735 0.79999998211860668 -0.12839759886264798 -1.2776480913162229 6.0199177823960788e-05 -0.91138130426406849 -0.27499997615814203 8.6016822598055183e-15
decision_type=2 2 2 2 2 2 2 2 2 2 2 2 2 2
left_child=2 -2 8 6 5 -5 13 -8 9 -1 11 -10 -12 -4
right_child=1 -3 3 4 -6 -7 7 -9 10 -11 12 -13 -14 -15
leaf_value=0.0070217455306388968 -0.0075787095807362901 0.0019572572309929422 -0.0054045050273698681 -0.010054171415532174 0.0096674595908087628 0.0057332578627955462 0.0060806443058473922 -0.0090216379385640172 0.0029520496282801332 -0.012564372920884645 -0.011979231418743679 -0.0053013492663548795 0.0021693212271489876 0.010262741138575752
leaf_weight=11.389119985979049 125.03244100161828 74.828151600435376 6.6618400989100328 72.750542725436389 24.214980657212436 15.999512463808058 29.903567736502737 24.369477558415383 91.107606093399227 44.729081469587982 11.335298285353927 198.32078472274588 587.18672443192918 141.15424807718955
leaf_count=78 2393 421 104 1243 187 185 358 419 1140 754 192 3940 7807 1652
internal_value=-8.5848e-05 -0.00404079 0.000564307 0.00322929 -0.0025324 -0.00674013 0.0064698 -0.000917591 -0.000341344 -0.00786916 0.000219106 -0.00264774 0.0016507 0.00912564
internal_weight=1458.98 199.861 1259.12 315.054 112.965 88.7501 202.089 54.273 944.069 56.1182 887.95 289.428 598.522 147.816
internal_count=20873 2814 18059 4148 1615 1428 2533 777 13911 832 13079 5080 7999 1756
is_linear=0
shrinkage=0.025


Tree=153
num_leaves=15
num_cat=0
split_feature=179 20 114 138 131 138 79 63 88 174 3 234 175 231
split_gain=5.81683 5.41978 4.79471 8.84115 8.21818 7.65536 8.8317 6.98131 6.8074 4.18161 3.89491 2.898 2.15254 1.40691
threshold=0.7642391324043275 0.84110677242279064 0.42480377852916723 1.9904757738113406 1.6883988380432131 0.58414176106452953 0.49515041708946234 1.5308381080103576e-05 0.012482061982154848 -3.9725480291963314e-06 0.058824228122830398 0.10868068039417268 -0.055231645703315728 0.03413177281618119
decision_type=2 2 2 2 2 2 2 2 2 2 2 2 2 2
left_child=1 2 5 8 -5 7 -7 -1 -4 10 -3 -2 -11 -14
right_child=11 9 3 4 -6 6 -8 -9 -10 12 -12 -13 13 -15
leaf_value=-0.0020601874352800544 -0.01490362712495296 -0.0019506605084266269 0.0067718249963899455 -0.006153883095854051 0.0036354019714388191 -0.0013858645392542176 -0.011461585984206367 0.0034296706011085298 -3.0525125459355107e-05 -0.0062632799270875604 0.015298585723892387 0.0028296580768579298 0.006199826842803644 -0.0028438222431320694
leaf_weight=331.66637270059437 11.658933740574865 5.8318261429667499 207.07998704584315 126.21330996695906 75.793079447001219 165.18565720040351 74.955215359805152 237.6305975150317 152.00780360144563 8.8350061792880279 24.020891092717648 1.826465673977508 20.951691903173927 5.4020291902124873
leaf_count=4965 858 39 2519 2017 798 2667 1246 3428 2019 65 91 66 106 29
internal_value=2.069e-05 0.000237438 -0.000115286 0.00163094 -0.00242463 -0.00134711 -0.00497619 0.000233329 0.00395072 0.00669245 0.0120371 -0.0118099 0 0.00371037
internal_weight=1449.06 1435.57 1370.53 561.094 202.006 809.438 240.141 569.297 359.088 65.0414 29.8527 13.4854 35.1887 26.3537
internal_count=20913 19989 19659 7353 2815 12306 3913 8393 4538 330 130 924 200 135
is_linear=0
shrinkage=0.025


Tree=154
num_leaves=15
num_cat=0
split_feature=14 169 135 108 173 243 14 62 93 233 98 116 231 177
split_gain=5.37077 4.60834 4.58949 6.45939 4.44757 4.32761 4.99267 5.84446 4.63417 4.20961 3.88054 10.4355 4.23345 3.43001
threshold=0.31061333417892462 -0.2184864059090614 2.4451146125793461 1.8827615380287173 -0.89368143677711476 -0.041988568380475037 0.42514967918396002 0.00060592201771214615 0.39022371172904974 -0.23651175200939176 0.65522632002830516 0.64222803711891185 0.39265318214893347 0.084657870233058943
decision_type=2 2 2 2 2 2 2 2 2 2 2 2 2 2
left_child=1 -1 10 4 -4 -2 9 -8 -9 -7 11 -3 -12 -11
right_child=5 2 3 -5 -6 6 7 8 -10 13 12 -13 -14 -15
leaf_value=-0.01159230486452327 0.0084483255180369879 -0.0023200537026816259 -0.002255551519732162 -0.0085518593726575318 0.010705909211783673 -0.0040544830910844475 -0.012191298860853355 0.0082436644132113275 -0.0063703664268283085 -0.0027954094880211292 -0.0035203607014712489 0.0034083123337628565 0.007186802636362153 0.0085667401298658956
leaf_weight=11.770485714543609 63.156939556822181 449.24565206002444 15.327302265912293 7.6069828430190674 53.347724292427301 20.853223165497184 20.663129282183945 18.912734858691696 12.11311171390116 12.810901671648024 362.05117649270687 336.96332891611382 12.870440360624341 68.653515412472188
leaf_count=522 313 7256 212 206 520 160 160 74 68 64 5797 5124 112 391
internal_value=-1.53615e-05 -0.000663311 -0.000439008 0.00504398 0.00775294 0.00349684 0.000927054 -0.00466299 0.00206213 0.00405343 -0.000857786 0.000133751 -0.002909 0.00651672
internal_weight=1466.35 1249.18 1237.41 76.282 68.675 217.164 154.007 51.689 31.0258 102.318 1161.13 786.209 374.922 81.4644
internal_count=20979 19749 19227 938 732 1230 917 302 142 615 18289 12380 5909 455
is_linear=0
shrinkage=0.025


Tree=155
num_leaves=15
num_cat=0
split_feature=140 135 6 208 129 106 4 212 176 211 76 63 178 112
split_gain=7.49289 8.15624 5.43055 6.5001 5.87368 5.42393 4.65691 8.32407 5.75222 4.32028 3.92021 4.96694 4.34124 3.56228
threshold=3.4013627767562871 2.4451146125793461 0.067361127585172667 0.012976122554391624 1.098626494407654 2.6233568191528325 0.3354459702968598 0.084968321025371565 0.058794636279344566 0.25165845453739172 1.1778866648674013 0.29270577430725103 0.41792435944080358 1.0273866653442385
decision_type=2 2 2 2 2 2 2 2 2 2 2 2 2 2
left_child=1 2 3 5 -5 -1 8 -8 -4 13 12 -12 -2 -3
right_child=10 9 6 4 -6 -7 7 -9 -10 -11 11 -13 -14 -15
leaf_value=-0.011338990113238849 -0.016236568326230293 0.016424891904721097 0.001408290019759333 -0.0064169842282529024 0.010951753004070995 0.0026420578431804332 0.00089879789049667554 0.011431224184779196 -0.0023861410885127592 -0.00033567221670755215 0.0079023747718792361 -0.0069413613359306211 0.0036193414486555848 -0.0018713920398025609
leaf_weight=63.65072919416707 23.617631076835099 25.766607704572383 536.36078710574657 10.076931778341534 16.297608188353479 15.668320082128046 213.87273069098592 50.227543413639069 444.92243080632761 16.425283140037209 11.485054818913339 22.850891826674342 2.6600818398874244 3.9072397546842685
leaf_count=2131 510 182 4313 441 252 232 1624 272 10205 210 100 401 27 66
internal_value=0 0.000398007 0 -0.00513163 0.00405845 -0.00845608 0.000484196 0.00335694 -0.000307596 0.00956989 -0.007837 -0.000945808 -0.0133955 0.0138707
internal_weight=1457.79 1397.18 1351.08 105.694 26.3745 79.319 1245.38 264.1 981.283 46.0991 60.6137 34.3359 26.2777 29.6738
internal_count=20966 19928 19470 3056 693 2363 16414 1896 14518 458 1038 501 537 248
is_linear=0
shrinkage=0.025


Tree=156
num_leaves=15
num_cat=0
split_feature=151 5 170 194 235 35 243 193 2 157 61 22 29 114
split_gain=4.6897 5.69077 4.93626 9.90899 8.48406 8.37294 7.67375 8.98567 8.15415 7.86603 7.57321 7.53086 5.7253 7.09649
threshold=4.8074235916137704 1.3730674386024477 -0.044362787157297127 0.061769634485244758 -0.028123468160629269 1.0000000180025095e-35 -0.057836975902318948 0.39170669019222265 0.089056167751550688 -1.3523339629173277 0.23643437027931216 0.56959870457649242 1.0000000180025095e-35 0.13256097584962848
decision_type=2 2 2 2 2 2 2 2 2 2 2 2 2 2
left_child=2 -2 3 12 5 -5 8 10 9 -4 -8 -9 13 -1
right_child=1 -3 6 4 -6 -7 7 11 -10 -11 -12 -13 -14 -15
leaf_value=-0.001367847645464797 0.0098225208906687345 -0.0074196870411993108 0.0032199345095539076 -0.012666294109369567 0.001677967413206672 0.0044556848270908755 -0.00084132835572982506 0.0082548439625669337 0.0045877867359498522 -0.012549458018327337 0.011001553052170196 -0.005156806257309814 0.0079222369889352991 -0.010864718518226991
leaf_weight=94.921916131628677 46.5912348004058 4.8498501465655854 20.310697868932039 42.458457442233339 447.78986168350093 17.852801490575075 351.61753342719749 186.18112951039802 34.975512483622879 57.131653371499851 25.153657686896622 20.717132755555212 7.1638043336570254 109.37232898478396
leaf_count=1482 291 210 225 845 6704 155 5110 2137 443 972 256 185 33 1901
internal_value=0.000252978 0.00690393 -3.59451e-05 -0.00148432 0.000412882 -0.0075268 0.0014434 0.00261481 -0.00420368 -0.00839677 0.000232338 0.00664573 -0.00587631 -0.00683064
internal_weight=1467.09 51.4411 1415.65 719.559 508.101 60.3113 696.087 583.669 112.418 77.4424 376.771 206.898 211.458 204.294
internal_count=20949 501 20448 11120 7704 1000 9328 7688 1640 1197 5366 2322 3416 3383
is_linear=0
shrinkage=0.025


Tree=157
num_leaves=15
num_cat=0
split_feature=76 62 135 132 87 247 6 168 155 167 151 236 160 179
split_gain=4.82509 6.2216 6.21196 10.3468 7.27202 5.09935 4.79095 3.95013 3.64406 3.38126 2.52765 2.03016 2.19753 2.01198
threshold=2.4715509414672856 0.74427807331085216 2.4451146125793461 2.4606891870498662 0.98567649722099315 0.36572852730751043 0.072744261473417296 0.84879517555236828 1.6372399330139162 0.028861713595688347 5.300896644592286 1.0000000180025095e-35 -1.0555977821350095 0.14878190308809283
decision_type=2 2 2 2 2 2 2 2 2 2 2 2 2 2
left_child=1 2 4 5 6 -4 -1 -6 -2 11 -5 12 -3 -10
right_child=8 9 3 10 7 -7 -8 -9 13 -11 -12 -13 -14 -15
leaf_value=-0.0043955904824221322 0.0029268638478559001 -0.00097769433407361587 0.014167171955154623 -0.010741803144057011 -0.015119199652980822 -0.003641016012801538 0.00036255037692433409 0.0039552745342727605 0.00044887231142064725 -0.0012964618416367681 0.003536967156191412 0 0.017020375690008829 -0.015855006735472511
leaf_weight=136.71201363380533 5.49944298132323 2.0109877400100258 45.786979972617701 12.35600367374718 18.833386717131365 5.7848877497017375 1169.8866519331932 2.1296224773395798 3.2551099136471775 9.9692024742253107 2.8880858547054222 4.9124690960161379 17.927567626815293 13.131018321961163
leaf_count=4045 61 24 404 223 346 91 15008 31 26 128 28 68 102 335
internal_value=8.49681e-06 0.000236135 -5.54751e-05 0.00675567 -0.000465058 0.0116628 -0.000161295 -0.0120678 -0.00930739 0.00920194 -0.00721143 0.0128034 0.0151284 -0.0133553
internal_weight=1451.08 1429.2 1394.38 66.816 1327.56 51.5719 1306.6 20.963 21.8856 34.8202 15.2441 24.851 19.9386 16.3861
internal_count=20920 20498 20176 746 19430 495 19053 377 422 322 251 194 126 361
is_linear=0
shrinkage=0.025


Tree=158
num_leaves=15
num_cat=0
split_feature=27 148 148 139 99 134 101 5 174 154 246 194 39 236
split_gain=4.57052 9.39039 6.88302 8.34848 9.11169 7.15867 8.70687 7.15723 6.52718 7.35488 4.59886 4.46095 3.82631 3.58644
threshold=1.12537556886673 1.8204376101493838 2.3060631752014165 0.0015258357743732633 3.8532539292646112e-07 0.55892080068588268 0.69303107261657726 1.1714407801628115 0.00034652322938200092 1.2280436754226687 -0.42329081892967219 0.0010165404528379442 0.22396993637084964 0.1500000208616257
decision_type=2 2 2 2 2 2 2 2 2 2 2 2 2 2
left_child=1 8 3 10 -5 6 -4 -7 9 12 -3 -10 -1 -13
right_child=-2 2 5 4 -6 7 -8 -9 11 -11 -12 13 -14 -15
leaf_value=0.0029735730500158133 0.0082884761532906383 0.0057712927416835366 0.00014977576135623603 -0.0035806746998635719 0.0097802846091952899 0.0026093553295536212 -0.0075114086858689439 -0.0054260238424385715 0.0029343103830546911 -0.012110070204771173 -0.010478080612788512 -0.016299534062520892 -0.0070853111017905243 -0.0008757770227350711
leaf_weight=111.35585898975842 31.407312160357833 6.0280104975681779 252.02137604192831 32.24097347073257 137.69044671324082 572.51751553826034 131.50410174881108 66.429691106895916 7.0258773572277269 20.583051574532874 20.86522600252647 38.622346081770957 17.040550853125751 15.507185110356657
leaf_count=1408 141 101 3583 432 1563 6578 2418 1991 153 603 547 996 213 251
internal_value=0.000294956 4.31112e-05 0.000904787 0.00504147 0.00710764 4.71531e-05 -0.0025937 0.00167011 -0.00467923 -0.00145072 -0.00585756 -0.0108452 0.00105805 -0.0130307
internal_weight=1460.84 1429.43 1219.3 196.825 169.931 1022.47 383.525 638.947 210.135 148.979 26.8932 61.1554 128.396 54.1295
internal_count=20978 20837 17213 2643 1995 14570 6001 8569 3624 2224 648 1400 1621 1247
is_linear=0
shrinkage=0.025


Tree=159
num_leaves=15
num_cat=0
split_feature=79 70 168 112 108 142 235 137 244 231 157 93 138 215
split_gain=5.88822 5.33206 5.0857 8.6706 7.80748 6.11907 12.9181 6.31075 5.69283 4.7135 3.79908 3.60113 3.27283 2.90087
threshold=2.5413866043090825 1.1313591003417971 -0.98315346240997303 0.43505537509918218 0.47616505622863775 0.94424352049827587 0.0037983655929565434 0.10558500885963441 -0.037081763148307793 0.12229657918214799 -1.0558443069458006 0.6375059485435487 1.4269110560417178 0.33358779549598699
decision_type=2 2 2 2 2 2 2 2 2 2 2 2 2 2
left_child=1 2 5 4 -4 6 -1 -7 -5 11 13 -3 -13 -2
right_child=10 9 3 8 -6 7 -8 -9 -10 -11 -12 12 -14 -15
leaf_value=-0.007311665702815837 -0.014981053754260138 -0.0038365656886660774 -0.0016365290630663361 0 0.0034238081574197083 0.012126342169381917 0.0099327162750448995 0.0021533855389950711 -0.0142821268786197 -0.0054217284956799075 0.0026665843804226782 -0.0028029658623621822 0.012977349138238141 0.0014813930649036858
leaf_weight=76.877623727312312 22.141260693548251 4.3665296599501735 747.30843263445422 28.356664002873003 241.8846429605037 46.212988566141576 27.09527469240129 162.4075903124176 36.67515865014866 7.4603365506045511 7.6999150612391523 3.7588980514556161 45.264094999758527 4.1953091472387305
leaf_count=791 534 75 12220 437 3397 390 197 1579 708 94 99 64 373 35
internal_value=-9.88931e-05 0.000174839 -0.000166051 -0.00100721 -0.000360448 0.00256461 -0.00214724 0.00495864 -0.00909407 0.0067696 -0.00890487 0.00934665 0.0112493 -0.0123897
internal_weight=1461.7 1427.67 1366.82 1054.22 989.193 312.593 103.973 208.621 65.0318 60.8499 34.0365 53.3895 49.023 26.3366
internal_count=20993 20325 19719 16762 15617 2957 988 1969 1145 606 668 512 437 569
is_linear=0
shrinkage=0.025


Tree=160
num_leaves=15
num_cat=0
split_feature=6 63 232 110 168 233 195 195 106 76 175 10 114 141
split_gain=5.0938 9.81929 8.39427 7.77062 5.97301 6.91318 5.24208 4.70632 4.38696 8.37639 6.20544 7.69251 5.80276 5.24186
threshold=0.072744261473417296 0.00027654027508106088 -0.066888105124235139 0.71003377437591564 -0.99999985098838795 -0.2434774041175842 0.67100515961647045 0.69568717479705822 1.8694636225700381 0.24080121517181399 -0.070872396230697618 0.2484906688332558 0.42480377852916723 2.7632167339324956
decision_type=2 2 2 2 2 2 2 2 2 2 2 2 2 2
left_child=1 -1 -3 7 5 -2 -5 -4 9 -6 11 -10 -11 -12
right_child=4 2 3 6 8 -7 -8 -9 10 12 13 -13 -14 -15
leaf_value=-0.012301570666777235 0.0029511693697339223 -0.0095093978594576467 0.010715770061935449 -0.012265988684173784 -0.00042431974369766849 -0.015054005058493478 0.0051350480500435636 -0.0036668349681121849 -0.0083553288928286309 0.0016888912343277522 -0.009075793558389474 0.0045382812049663251 0.0081803904628555395 0.0018393598124615931
leaf_weight=49.614443525031675 15.19277063757181 29.031490742578171 54.938635936938226 15.226610118988903 614.279290165985 20.834427729249001 8.0863225562497956 10.160246674204243 26.332398484228179 241.58478283835575 86.065932540223002 104.61084891296923 136.00913523393683 30.880517224315554
leaf_count=2047 79 554 1014 370 9042 163 120 410 475 2654 1104 1292 1215 371
internal_value=-0.000265229 -0.00421884 0 0.00391113 0.000277256 -0.00836066 -0.00618235 0.00808755 0.000616 0.00136801 -0.00226912 0.0013742 0.00423916 -0.00619368
internal_weight=1442.85 167.058 117.443 88.4118 1275.79 36.0272 23.3129 65.0989 1239.76 991.873 247.89 130.943 377.594 116.946
internal_count=20910 4515 2468 1914 16395 242 490 1424 16153 12911 3242 1767 3869 1475
is_linear=0
shrinkage=0.025


Tree=161
num_leaves=15
num_cat=0
split_feature=84 32 90 147 161 87 228 140 137 176 177 182 140 138
split_gain=5.05752 7.46109 11.4839 6.98456 6.06609 7.8377 9.1814 6.92021 5.97494 5.77865 8.44994 8.22216 5.35591 10.4725
threshold=0.28799563646316534 1.0000000180025095e-35 0.11075339466333391 1.361765503883362 -1.2659899592399595 0.23182953149080279 0.20084391534328463 3.4013627767562871 1.4099676609039309 0.26258037984371191 0.27058914303779608 0.39170669019222265 2.7077480554580693 1.5905036330223086
decision_type=2 2 2 2 2 2 2 2 2 2 2 2 2 2
left_child=1 12 9 -4 7 -6 8 -2 -7 10 -3 -11 13 -1
right_child=4 2 3 -5 5 6 -8 -9 -10 11 -12 -13 -14 -15
leaf_value=-0.0033401460015611674 0.0098201728329597032 0.0034682876545648212 -0.010581280827664807 0.0034878900029593259 0.0086700056868790117 -0.01271437057068385 0.0020315036806743607 -0.0035300270581257115 0.0027125238408057216 -0.001398830083869115 -0.0046122272532042093 0.01480055575109266 -0.010343096097052163 0.0067221937153405381
leaf_weight=466.28004657849669 91.367839756887406 308.48055463610217 61.933064084500074 22.903916978975758 38.720594924408942 49.124629318830557 104.87010626541451 23.322747432161123 14.53282646415755 26.221656332490966 95.882048598956317 40.092417592648417 43.686735974159092 62.718587568262592
leaf_count=8497 847 3028 965 253 405 854 1436 423 176 757 1291 385 851 771
internal_value=-7.72419e-05 -0.000877319 0.00116016 -0.00669233 0.00261988 0 -0.00245263 0.00692948 -0.00915561 0.00273262 0.00144452 0.00900261 -0.00285833 -0.0020014
internal_weight=1450.14 1128.2 555.514 84.837 321.939 207.248 168.528 114.691 63.6575 470.677 404.363 66.3141 572.685 528.999
internal_count=20939 16798 6679 1218 4141 2871 2466 1270 1030 5461 4319 1142 10119 9268
is_linear=0
shrinkage=0.025


Tree=162
num_leaves=15
num_cat=0
split_feature=168 170 168 247 163 209 149 235 65 142 244 157 86 247
split_gain=4.99088 10.5211 7.96231 7.5964 9.34467 7.7784 8.49615 6.27584 5.61875 6.39254 5.85272 5.58881 5.72386 5.12695
threshold=-0.98315346240997303 -0.11673932522535323 -0.99999985098838795 0.074239991605281844 -1.0466971993446348 4.8021320253610621e-10 2.9312075376510625 -0.003160096704959869 0.11347856000065805 2.1872183084487919 0.0092299133539199846 -1.5880784988403318 0.18422358483076098 -0.11983511596918105
decision_type=2 2 2 2 2 2 2 2 2 2 2 2 2 2
left_child=2 3 -1 5 -5 -2 -7 -3 9 10 -4 12 -9 -13
right_child=1 7 8 4 -6 6 -8 11 -10 -11 -12 13 -14 -15
leaf_value=-0.0065939912747815556 -0.0060826713523176998 0.0052102661971122483 0.0058589753175903704 0.0019733438158518316 -0.013637353137397588 0.0078022715212666032 -0.0078286376818303121 -0.011480143217439513 -0.0071651673174989404 0.010555827845915714 -0.0023118947163381976 -0.0026401986559505437 0.0026980461805488601 0.0019232677198284922
leaf_weight=40.276439150795341 97.109485963010229 132.38973700162023 107.37590030487627 26.715867946390063 81.864032295066863 65.494694350520149 18.681800667662174 41.038871630560607 14.979656526353208 77.061744938604534 89.340878256363794 231.57036403613165 19.116619172506034 403.9937917640782
leaf_count=271 2050 1577 1040 406 2150 1246 362 766 172 624 1029 3358 238 5633
internal_value=-0.000172245 -0.000978813 0.00246962 -0.00497869 -0.00987857 -0.00154817 0.00365929 0.000457515 0.00398805 0.00491727 0.00216864 -0.000502242 -0.00710188 0.000223134
internal_weight=1447.01 1117.98 329.035 289.866 108.58 181.286 84.1765 828.109 288.758 273.779 196.717 695.72 60.1555 635.564
internal_count=20922 17786 3136 6214 2556 3658 1608 11572 2865 2693 2069 9995 1004 8991
is_linear=0
shrinkage=0.025


Tree=163
num_leaves=15
num_cat=0
split_feature=4 178 173 176 201 231 199 211 141 232 132 132 232 119
split_gain=5.22738 8.77895 6.34803 6.16406 7.88757 5.87714 5.686 5.68495 4.82577 4.76865 4.61647 6.91558 4.53889 4.26881
threshold=0.3114724606275559 0.13181666284799579 -0.99999842047691334 0.18812649697065356 0.13269034773111346 0.045835848897695548 0.89017039537429821 0.2647473812103272 1.8610295653343203 -0.10502023622393607 1.1257144808769228 0.23028143495321277 -0.12746284157037732 2.4467341899871831
decision_type=2 2 2 2 2 2 2 2 2 2 2 2 2 2
left_child=2 7 5 -4 9 -1 -6 10 12 -5 11 -2 -3 -12
right_child=1 8 3 4 6 -7 -8 -9 -10 -11 13 -13 -14 -15
leaf_value=0.01169932737663029 0.0074455332264232593 -0.0023254635628623807 -0.00021370949228585856 0 0.0032763530911126288 -0.0057079202515158099 -0.010668620920724622 -0.0034607109298161361 -0.0015077619668781186 -0.012676366650210212 0.010619003484632425 -0.0044795728663680574 0.01599591287793661 -0.0034970438374827962
leaf_weight=33.458869683090597 37.321664338000119 5.3765390501357606 893.02331097703427 25.633830590173602 75.315686629968695 7.2760335784405461 11.055861628614364 108.92487299861386 12.195779806934295 69.182333865494002 54.938638818450272 67.138686799444258 41.906954935286194 9.0364746646955592
leaf_count=182 245 66 11410 652 2194 78 262 1003 170 3341 281 551 352 111
internal_value=0.000127088 0.00280756 -0.000692899 -0.00110722 -0.00515954 0.00776169 0.000280597 0.000713604 0.0106381 -0.00970698 0.00353298 1.87683e-06 0.0136527 0.00822317
internal_weight=1451.79 336.84 1114.95 1074.21 181.188 40.7349 86.3715 277.36 59.4793 94.8162 168.435 104.46 47.2835 63.9751
internal_count=20898 2779 18119 17859 6449 260 2456 2191 588 3993 1188 796 418 392
is_linear=0
shrinkage=0.025


Tree=164
num_leaves=15
num_cat=0
split_feature=5 178 151 108 148 130 150 149 124 216 169 139 166 172
split_gain=7.58603 5.11419 4.40363 6.68001 4.37819 4.97038 4.29298 5.7708 4.14387 3.78181 2.90177 2.75161 2.66371 1.87729
threshold=1.3101272583007815 0.066164769232273116 4.8074235916137704 1.6926645040512087 4.1438834667205819 3.8715840578079228 4.0216774940490732 3.3112683296203618 3.0322642326354985 0.57853552699089061 5.510737537406386e-07 0.37253263592720037 -0.34587153792381281 0.090523652732372298
decision_type=2 2 2 2 2 2 2 2 2 2 2 2 2 2
left_child=2 11 4 9 6 -6 7 -1 -8 13 -7 -2 -3 -4
right_child=1 12 3 -5 5 10 8 -9 -10 -11 -12 -13 -14 -15
leaf_value=0.00060889297133059602 -0.0041642406234668299 0 -0.0068085107681723593 -0.0080366718940494946 -0.01312701553467701 -0.0055677815042941619 0.011324843322865987 -0.0062526781309007635 -0.0023158471455848938 0.014405287778422328 0.0060314281576018952 0.0088283080998724801 -0.013735974261588258 0.0051012662822042844
leaf_weight=1172.8019277576823 9.6325075635686535 8.7536411698674765 5.1042254623025638 4.6498155631124964 20.35431663505733 13.222678103018554 30.071141557302326 69.812394127016887 13.581900205928831 28.653698556125164 16.614008872769773 7.2834135591983786 36.571352923696395 3.6806163545697927
leaf_count=15385 191 320 72 66 427 209 332 964 194 125 164 52 2286 17
internal_value=2.53643e-05 -0.00775201 0.000449367 0.00744811 0.00015537 -0.00631227 0.000473382 0.000157316 0.00727194 0.011108 0.000469659 0.00233978 -0.0114378 -0.00115292
internal_weight=1440.79 62.2409 1378.55 42.0884 1336.46 50.191 1286.27 1242.61 43.653 37.4385 29.8367 16.9159 45.325 8.78484
internal_count=20804 2849 17955 280 17675 800 16875 16349 526 214 373 243 2606 89
is_linear=0
shrinkage=0.025


Tree=165
num_leaves=15
num_cat=0
split_feature=20 121 65 234 227 85 115 197 213 64 164 173 3 172
split_gain=5.62633 6.54368 7.89136 11.6103 13.7471 7.60216 6.53463 6.47474 6.23307 5.95594 5.88954 5.77486 8.64727 5.51897
threshold=0.97012749314308178 0.015131014864891769 2.1573332703583861e-10 0.038496278226375587 0.26327510178089147 0.00055247600539587449 1.592233002156718e-05 -0.18858286738395688 0.20495621114969256 1.1175924145541764e-13 -0.19005213677883145 -0.32809115946292872 0.32639554142951971 -0.011013722978532313
decision_type=2 2 2 2 2 2 2 2 2 2 2 2 2 2
left_child=1 6 3 4 -3 8 11 -8 -4 -9 -7 12 -1 -13
right_child=-2 2 5 -5 -6 10 7 9 -10 -11 -12 13 -14 -15
leaf_value=-0.010156900310039012 0.0069329545361051376 -0.0033850812443927537 -0.0084432740212846465 -0.0097851518852146158 0.0091011566909266189 -0.0051338993203805319 0.0030548764404004954 -0.020413524285418004 0.00085497241253877545 -0.0014238953612206035 0.0012297374280352703 0.010380641163338481 0.00463351672299161 -0.0016283761565681369
leaf_weight=61.904471011599526 55.612777840346098 68.012307377764955 116.0611331021064 22.9406418815488 181.28437498724088 93.540510671562515 10.959701133193446 25.137167997658253 62.840628916397691 19.051272741751745 634.31891200784594 26.91391420236323 27.218716537230648 51.73362866602838
leaf_count=874 277 1211 2154 479 2023 2164 154 659 1037 310 8092 250 509 783
internal_value=-0.000102146 -0.000446534 0.000299802 0.00394517 0.00564785 -0.000818276 -0.00426073 -0.0109039 -0.00526328 -0.0145015 0.000325019 -0.00142543 -0.0055024 0.00317349
internal_weight=1457.53 1401.92 1179 272.237 249.297 906.761 222.919 55.1481 178.902 44.1884 727.859 167.771 89.1232 78.6475
internal_count=20976 20699 17160 3713 3234 13447 3539 1123 3191 969 10256 2416 1383 1033
is_linear=0
shrinkage=0.025


Tree=166
num_leaves=15
num_cat=0
split_feature=16 111 18 171 36 216 216 194 168 172 36 169 77 150
split_gain=4.71871 8.24075 8.68573 8.8954 10.6255 6.95797 8.77583 6.04662 5.80704 6.93003 5.41003 5.33149 5.44383 5.66489
threshold=1.0000000180025095e-35 0.63525912165641796 0.22396993637084964 0.034435529261827476 0.54616111516952526 0.69362583756446849 0.64289966225624096 0.32956528663635259 -0.90596276521682728 0.052181292325258262 0.2834331095218659 0.01262934133410454 0.6810816526412965 1.8698439002037051
decision_type=2 2 2 2 2 2 2 2 2 2 2 2 2 2
left_child=1 2 3 4 -1 6 -4 8 -3 -10 -7 12 13 -2
right_child=11 7 5 -5 -6 10 -8 -9 9 -11 -12 -13 -14 -15
leaf_value=-0.015798158002305548 -0.0011271391602121587 -0.0022718610112447612 -0.00085184033697247453 0.00042631354288816991 0.0023833938816237021 0.010370981089165413 -0.014670863797054123 -0.0053245344833984902 0.008538409591727884 -0.0043267691587682549 -0.0043473047392963357 0.0073153005219831818 -0.0044592139358011467 0.0040382854309320452
leaf_weight=75.574154685949907 222.53412338765338 56.496976538328454 290.42572120227851 50.912510587484576 20.899553179275244 41.643442842178047 20.486552153015509 40.335662796394899 136.13848431326915 22.640909266890958 12.834791131317614 79.401593003422022 91.24623130261898 292.38499052124098
leaf_count=2851 1623 805 5692 1232 385 507 382 985 2134 422 136 642 724 2381
internal_value=0.000163476 -0.00116407 -0.00298056 -0.00786315 -0.0119162 -0.00079057 -0.00231247 0.0024035 0.00411115 0.0064556 0.00655659 0.00166375 0.000775592 0.00180738
internal_weight=1453.96 768.389 512.777 147.386 96.4737 365.391 310.912 255.612 215.276 158.779 54.4782 685.567 606.165 514.919
internal_count=20901 15531 11185 4468 3236 6717 6074 4346 3361 2556 643 5370 4728 4004
is_linear=0
shrinkage=0.025


Tree=167
num_leaves=15
num_cat=0
split_feature=27 148 141 112 118 67 178 169 176 81 173 22 1 215
split_gain=4.16345 6.99549 5.81954 6.58802 6.13042 9.45797 9.29532 5.6723 5.63342 5.03183 4.20637 4.17842 4.12439 2.77281
threshold=1.0957247614860537 1.8204376101493838 0.73334425687789928 0.11283742263913156 0.82138457894325267 1.2636060198190082e-08 0.028023049235343937 -0.0039305244572460643 0.16266285628080371 0.21284076571464541 0.99141716957092296 1.4222269654273989 0.13452756404876712 0.063915017992258086
decision_type=2 2 2 2 2 2 2 2 2 2 2 2 2 2
left_child=1 7 3 9 6 -6 -4 8 12 -3 11 -9 -1 -2
right_child=13 2 4 -5 5 -7 -8 10 -10 -11 -12 -13 -14 -15
leaf_value=0.0089835384052796511 0.010423891352317527 0.0076882757985853927 -0.0066066884309600102 -0.0066745801652109598 0.0064470437551872976 -0.00046584922435913132 0.00087588897183423083 -0.0098200583165926492 -0.0082803087007940809 -0.0040556609715150602 0.0061342391178881277 0.00016705758576693392 -0.0053912741891512569 -0.0027907984419640024
leaf_weight=38.942412335891277 26.006392784416679 146.09586124774069 181.66907836915925 18.095800851588137 153.34123180317692 475.0845890538767 212.88648419186939 112.64697280706605 12.590734833269378 17.484622450836468 5.072774462401866 29.559910509735346 6.5439294991083434 5.9037929791957131
leaf_count=437 104 1665 1668 293 1809 6601 4690 1969 739 327 68 266 105 46
internal_value=9.92825e-06 -0.000215732 0.000514974 0.00449218 -0.000223175 0.00129063 -0.00263195 -0.00435147 0.00184153 0.00617042 -0.00682679 -0.00781157 0.00600434 0.0075998
internal_weight=1441.92 1410.01 1204.66 181.676 1022.98 628.426 394.556 205.357 58.0771 163.58 147.28 142.207 45.4863 31.9102
internal_count=20787 20637 17053 2285 14768 8410 6358 3584 1281 1992 2303 2235 542 150
is_linear=0
shrinkage=0.025


Tree=168
num_leaves=15
num_cat=0
split_feature=26 76 168 198 65 175 175 158 234 3 215 194 166 213
split_gain=5.97762 5.58946 6.8051 7.49939 6.62793 9.9289 6.1976 5.81085 4.65685 5.76786 7.36347 6.40618 5.87412 7.68521
threshold=0.22396993637084964 0.013085921294987203 -0.98315346240997303 0.067228436470031752 0.0039584911428391942 -0.096465267241001115 -0.17722968012094495 -0.26165057718753809 -0.081666477024555192 0.14060052484273913 0.002397735603153706 0.096256751567125334 -0.11013875529170035 0.20206753909587863
decision_type=2 2 2 2 2 2 2 2 2 2 2 2 2 2
left_child=1 2 3 -1 -3 6 -6 -4 -2 12 11 -11 -10 -14
right_child=8 4 7 -5 5 -7 -8 -9 9 10 -12 -13 13 -15
leaf_value=0.0078400676760842242 -0.0038443386746681847 0.0015005268026201518 -0.010123293469344641 -0.0082340075971464467 -0.0028776593683244316 -0.0092441210486003383 0.0088638541012253155 -0.0019015887216686377 0.0073215603360019949 0.0071541366841662143 0.0094831233170594408 -0.0037539413154464999 -0.0068861799298683447 0.0037733551417724952
leaf_weight=43.840245408238843 59.54119223728776 492.79767773643835 104.10405805369373 15.047123643569646 61.413201162824407 92.313037848914973 33.350185024552047 121.41507586825173 37.077295759692788 44.750669837929308 123.36752034211531 70.083175673149526 89.576975286006927 60.718835286796093
leaf_count=469 462 8364 2809 235 1290 1621 482 2133 183 350 873 670 659 337
internal_value=-0.000129525 -0.00127276 -0.0041378 0.00285784 -5.20422e-06 -0.00388576 0.00166929 -0.00606922 0.00209365 0.00303563 0.00552185 0.000673059 -0.000204446 -0.00254217
internal_weight=1449.4 964.281 284.407 58.8874 679.874 187.076 94.7634 225.519 485.116 425.574 238.201 114.834 187.373 150.296
internal_count=20937 17403 5646 704 11757 3393 1772 4942 3534 3072 1893 1020 1179 996
is_linear=0
shrinkage=0.025


Tree=169
num_leaves=15
num_cat=0
split_feature=83 80 74 177 91 158 158 138 158 175 87 166 10 136
split_gain=5.50306 5.73855 7.81706 10.8785 5.58389 5.19587 6.34674 6.2347 5.31274 5.18439 7.6784 7.62127 7.55515 7.49553
threshold=0.20270232111215594 0.16526138782501223 0.50955718755722057 0.17851949483156207 0.00015768647426739338 -1.6460470557212827 -1.1410168409347532 1.9366496801376345 -0.34825880825519556 -0.062760695815086351 0.02038686536252499 -0.13659793138504026 0.37376695871353155 0.26416641473770147
decision_type=2 2 2 2 2 2 2 2 2 2 2 2 2 2
left_child=1 5 -3 -4 -2 -1 7 -7 -8 12 -11 -12 -6 -14
right_child=4 2 3 -5 9 6 8 -9 -10 10 11 -13 13 -15
leaf_value=-0.0072178540168846041 -0.01009038045965994 0.0084022501133782547 0.0065853329216426885 -0.011182284953976027 -0.0049435220972826243 0.0065336230704971495 -0.0025132758671192247 -0.0038699088632383888 0.0016616568290658169 0.006847612838691528 0.0046661101579481322 -0.010786107293505967 -0.0034231052290624982 0.010503825154618372
leaf_weight=44.402295215055346 43.054444024339318 118.24030798650347 33.634601925499737 28.728327988181263 49.831402533454821 159.32233361434191 378.6818255900871 35.374981072265655 357.78530677291565 17.823940263129771 16.912764709442854 78.395191111136228 27.334745799191296 60.803603078704327
leaf_count=873 833 1229 257 652 884 2140 6458 548 4423 175 186 1125 465 581
internal_value=0.000142841 0.000931692 0.00487736 -0.00191516 -0.00283187 0.000138198 0.000589594 0.00446798 -0.000474216 -0.00113635 -0.00488188 -0.0077124 0.00199643 0.00616716
internal_weight=1450.33 1156.17 180.603 62.3629 294.156 975.567 931.164 194.697 736.467 251.102 113.132 95.308 137.97 88.1383
internal_count=20829 16580 2138 909 4249 14442 13569 2688 10881 3416 1486 1311 1930 1046
is_linear=0
shrinkage=0.025


Tree=170
num_leaves=15
num_cat=0
split_feature=170 247 193 179 179 73 176 163 151 159 17 194 193 212
split_gain=3.89592 7.60636 6.70405 8.08424 6.95518 8.14812 7.77375 5.75068 5.65434 9.83998 7.89817 10.8872 7.77571 6.85688
threshold=-0.03900772146880626 0.079905405640602126 0.14931328594684604 0.26800790429115301 0.37344272434711462 4.217154803143331e-08 0.18812649697065356 -0.13995556533336637 2.363702774047852 -0.8949507176876067 0.42514967918396002 0.0085715642198920267 0.20707555115222934 -0.01010085456073284
decision_type=2 2 2 2 2 2 2 2 2 2 2 2 2 2
left_child=2 8 3 -1 5 6 -4 -7 10 13 11 -2 -12 -10
right_child=1 -3 4 -5 -6 7 -8 -9 9 -11 12 -13 -14 -15
leaf_value=0.0051792324312718279 0.0041935849087240303 0.004534567479555069 0.0029109687136597805 -0.0049580834184022073 0.0024375247678711429 -0.0044014122362098082 -0.012972110273194313 -0.014327755962617579 0.0028363895325378102 0.0092307501969794807 -0.0079338214270352307 -0.014944950844096456 0.010757520708419375 -0.0054170435340182045
leaf_weight=173.18723976751789 18.947981430450454 302.6832270147861 131.13763607293367 55.175277985283174 127.44274460244924 231.05082669318654 10.18939410173334 40.122421598061919 113.6788027419243 60.10408294131048 12.007677378132938 50.420929792278912 21.808424390852451 113.25071524980012
leaf_count=2146 238 3901 1303 1401 2593 3226 295 685 1497 597 119 1054 125 1787
internal_value=0.000284321 0.00163589 -0.000924992 0.00255267 -0.002442 -0.00400527 0.000758678 -0.00645917 -0.000649677 0.0011489 -0.00535983 -0.00971618 0.00350799 -0.00129542
internal_weight=1461.21 692.902 768.306 228.363 539.943 412.5 141.327 271.173 390.219 287.034 103.185 69.3689 33.8161 226.93
internal_count=20967 9318 11649 3547 8102 5509 1598 3911 5417 3881 1536 1292 244 3284
is_linear=0
shrinkage=0.025


Tree=171
num_leaves=15
num_cat=0
split_feature=5 81 86 22 123 3 74 39 118 145 158 162 230 234
split_gain=4.65086 3.58839 11.4771 8.14026 7.0299 6.90774 6.48305 6.00261 4.80257 4.59838 6.74617 5.90143 4.34801 2.90418
threshold=1.3101272583007815 9.9445887826732377e-06 8.8207061708089912e-06 0.20707555115222934 0.0077428086660802373 0.62000915408134472 5.9706675529014326e-05 0.22396993637084964 0.25279493629932409 0.2164312154054642 -0.52346497774124134 -1.1919544935226438 -0.13806723058223722 0.059960573911666877
decision_type=2 2 2 2 2 2 2 2 2 2 2 2 2 2
left_child=1 2 4 5 7 -4 -3 -1 -5 11 -11 -8 -6 -2
right_child=13 6 3 8 12 -7 9 -9 -10 10 -12 -13 -14 -15
leaf_value=0.0021211803851192107 -0.0084904946834440508 -0.010878781835497599 0.0099850021462552074 0.0055752998698683966 0.0030707596097242443 -0.0079554746013095565 0.0034014557793318454 -0.0085777373602692938 -0.0091447374391403439 -0.00050357973855428846 0.0069287192772489242 -0.016030746595591644 -0.013181087168126264 0.0019985508205107435
leaf_weight=208.72042457968928 50.185724839975592 24.794209682382643 154.47514633648098 12.277876885607837 6.9915480604395261 5.0722271855920544 8.9606655519455689 26.372087188530713 21.32127360580489 798.28460608306341 72.172001041704789 12.553775375708936 29.903183549642563 14.750380840385331
leaf_count=2230 2477 544 1389 132 79 131 136 375 359 11109 745 282 534 411
internal_value=-1.36059e-05 0.000308255 0.00207407 0.00655424 -0.00120593 0.00882518 -0.000589421 0.000512125 -0.00343993 -0.000148962 0.000184328 -0.00924433 -0.00984791 -0.00600532
internal_weight=1446.84 1381.9 465.134 193.147 271.987 159.547 916.765 235.093 33.5992 891.971 870.457 21.5144 36.8947 64.9361
internal_count=20933 18045 5229 2011 3218 1520 12816 2605 491 12272 11854 418 613 2888
is_linear=0
shrinkage=0.025


Tree=172
num_leaves=15
num_cat=0
split_feature=4 178 63 172 246 228 173 209 2 113 209 97 92 108
split_gain=5.01406 7.23239 7.94708 7.52919 7.26256 7.36704 6.55485 6.47954 6.2712 11.5324 6.58509 5.91299 4.56951 4.26386
threshold=0.3114724606275559 0.04097860865294934 0.023704595863819126 -0.033943681046366685 -0.076593529433011995 0.16954889148473742 -0.99999842047691334 -0.0049991165287792674 0.1762572377920151 0.31114128232002264 -0.026206546463072296 4.6990135160740472e-05 0.44256602227687841 1.6926645040512087
decision_type=2 2 2 2 2 2 2 2 2 2 2 2 2 2
left_child=8 3 7 -2 5 -5 -6 -3 -1 10 12 -9 -10 -11
right_child=1 2 -4 4 6 -7 -8 11 9 13 -12 -13 -14 -15
leaf_value=0.0001044350369114076 0.0076386633591124468 -0.00050922225730737553 -0.0026315341630859662 -0.0074898791952923193 0.0050495985484820365 0.0068215776906659963 -0.011769901959778986 -0.0037348520461903487 0.0061235961390472809 0.0081237456878339911 -0.013115390379987319 0.01425344459692672 -0.0091990404657049715 -0.0070962454398104781
leaf_weight=969.88715751445852 39.860654937103391 27.811566376127303 37.195718809962273 22.799463911913335 9.896833945065735 51.259301032871008 56.756168590858579 6.8407193599268785 20.943781879730526 34.787031213520095 71.803788203978911 83.066088662948459 7.1980069736018768 4.2904112727846941
leaf_count=15113 208 300 483 178 48 281 467 123 267 425 1813 712 168 203
internal_value=0.000186286 0.00281526 0.00657475 -0.000553831 -0.00337432 0.00184042 -0.00872418 0.00955438 -0.00061955 -0.00536013 -0.00959384 0.0124835 0.000314664 0.00493339
internal_weight=1444.4 335.487 154.914 180.572 140.712 74.0588 66.653 117.718 1108.91 139.023 99.9456 89.9068 28.1418 39.0774
internal_count=20789 2800 1618 1182 974 459 515 1135 17989 2876 2248 835 435 628
is_linear=0
shrinkage=0.025


Tree=173
num_leaves=15
num_cat=0
split_feature=6 60 136 6 247 174 197 80 172 142 7 228 228 6
split_gain=5.92531 9.6677 7.75594 6.44313 7.98927 6.00502 6.43707 5.84935 5.8324 6.06311 5.45112 7.736 5.07233 4.65045
threshold=0.072744261473417296 0.00026021126541309064 0.4289498925209046 0.07872412353754045 0.16022950410842898 0.0083333249203860777 0.15147131681442264 0.043296979740262038 -0.020901907235383984 1.9932265281677248 0.24364561587572101 0.58993676304817211 0.14246402680873874 0.082508150488138213
decision_type=2 2 2 2 2 2 2 2 2 2 2 2 2 2
left_child=1 -1 8 4 5 6 -2 -6 9 -3 13 -12 -4 -5
right_child=3 2 12 10 7 -7 -8 -9 -10 -11 11 -13 -14 -15
leaf_value=-0.012402845677587988 0.0096126126493716289 -0.012630254015897208 0.00064088092239940287 -0.0062109540252986298 -0.010651726579499058 -0.0064753208474364722 -0.0054122838564887206 0.0023559334618229381 0.0084319364267363903 0.0059535742432263008 -0.0071458852207235898 0.0091976402910028156 -0.013817269400534671 0.0011088210668132451
leaf_weight=45.572549988050014 158.9875418539159 11.245852725463921 23.973085967591032 45.549906842876226 21.004375673597679 9.3334680278785509 11.123921280493958 50.725405637174845 56.191596935270354 9.8119850065559131 104.75680070137605 10.198722615372388 19.992694318527356 873.30818809568882
leaf_count=1952 1396 334 328 989 437 190 182 453 1337 101 2368 183 474 10272
internal_value=0.000289528 -0.00396736 0 0.000883292 0.00437567 0.00707954 0.00826957 -0.00228445 0.00460782 -0.00457506 0 -0.00486513 -0.00726332 0.000657145
internal_weight=1451.78 166.788 121.215 1284.99 251.175 179.445 170.111 71.7298 77.2494 21.0578 1033.81 114.956 43.9658 918.858
internal_count=20996 4526 2574 16470 2658 1768 1578 890 1772 435 13812 2551 802 11261
is_linear=0
shrinkage=0.025


Tree=174
num_leaves=15
num_cat=0
split_feature=6 116 143 215 173 110 3 119 191 161 88 196 115 112
split_gain=4.91314 6.05914 5.25677 9.97401 6.52376 10.5455 9.29897 5.842 7.40572 7.35135 6.84261 5.70782 5.40508 5.04949
threshold=0.072744261473417296 1.5682835578918459 3.3518880605697636 -0.16500818729400632 -0.89368143677711476 1.7903654575347903 0.14641070365905764 1.106972932815552 -0.41839832067489618 -1.6959636211395261 9.4283441285369935e-06 0.92231523990631115 0.049526760354638107 0.30367249250411993
decision_type=2 2 2 2 2 2 2 2 2 2 2 2 2 2
left_child=1 -1 7 -4 6 -6 -5 8 12 -9 -10 -11 -2 -3
right_child=2 13 3 4 5 -7 -8 9 10 11 -12 -13 -14 -15
leaf_value=-0.0070180664671002689 -0.01420096580248504 0.0072745755178497476 -0.010664511816378459 0.0095081935158002635 0.013133725674459541 -0.0091046738759275325 -0.011246615774239648 0.0064095565686827366 -7.2947586315565358e-05 -0.0019395788757832324 0.0048317301886154065 -0.010456778410656046 0.0048399352244935497 -0.0050888052339275649
leaf_weight=108.2672678551171 19.177677742671225 36.806553002679721 10.647959718480704 13.238443082198502 84.08363150479272 6.1763803840149185 16.895871227607131 42.405529920943081 410.19801584049128 319.22323274891824 294.83780049881898 49.945794595405459 5.1895202165469518 23.804711821256205
leaf_count=3555 324 558 164 80 808 156 333 433 5077 4520 3567 845 35 436
internal_value=0.000137269 -0.00371078 0.000687792 0.00520761 0.00754517 0.0105999 -0.0017209 0.000109048 0.0014563 -0.00222268 0.00200723 -0.00341761 -0.00954313 0.00220825
internal_weight=1440.9 168.879 1272.02 131.042 120.394 90.26 30.1343 1140.98 729.403 411.575 705.036 369.169 24.3672 60.6113
internal_count=20891 4549 16342 1541 1377 964 413 14801 9003 5798 8644 5365 359 994
is_linear=0
shrinkage=0.025


Tree=175
num_leaves=15
num_cat=0
split_feature=135 132 4 179 145 142 175 10 112 232 2 247 230 146
split_gain=4.80039 7.25153 6.44726 7.59157 7.3161 11.6729 4.91992 8.36409 10.0835 6.6809 6.55389 5.64054 5.12409 4.6376
threshold=2.4451146125793461 2.2121152877807622 0.3354459702968598 0.12013972550630571 0.59248873591423046 1.3790348172187807 -0.21593841910362241 0.68351846933364879 0.0023236015113070612 -0.081348046660423265 0.24375484138727191 -0.10277233645319937 -0.16155549138784406 0.47375562787055975
decision_type=2 2 2 2 2 2 2 2 2 2 2 2 2 2
left_child=2 -2 6 -4 13 -6 7 9 -9 -1 11 -8 -12 -5
right_child=1 -3 3 4 5 -7 10 8 -10 -11 12 -13 -14 -15
leaf_value=0.00051584583776502089 0.012291188702677303 -0.00084361089619269943 -0.0050522216601787103 -0.002855763092922159 -0.0097491829670720564 0.005091421806727529 -0.0023650492991387586 0.012267803907197046 -0.0049056421948575849 -0.0095571856388997015 0.0031072046577467296 0.0019086672432606811 -0.015405415954438468 0.01238840057236662
leaf_weight=52.925712769851089 37.301105448976159 49.728423098567873 47.426833912730217 8.5038701742887479 32.401062868069857 117.58372312877327 296.30437621765304 27.338341388152912 35.342353146988899 130.88718639867147 7.1552559714764383 501.64261305320542 17.770752100506797 72.574949640780687
leaf_count=915 316 710 317 107 389 925 4516 316 587 3538 108 6943 584 524
internal_value=0.000148658 0.005467 -0.000230762 0.0030667 0.00495173 0.00132353 -0.00112557 -0.00413649 0.0031849 -0.00673913 -0.000162173 0.000294733 -0.0104699 0.0104932
internal_weight=1434.89 87.0295 1347.86 278.49 231.064 149.985 1069.37 246.494 62.6807 183.813 822.873 797.947 24.926 81.0788
internal_count=20795 1026 19769 2262 1945 1314 17507 5356 903 4453 12151 11459 692 631
is_linear=0
shrinkage=0.025


Tree=176
num_leaves=15
num_cat=0
split_feature=168 74 154 235 20 195 7 170 247 202 157 173 245 242
split_gain=4.97708 5.92522 6.27913 9.84718 8.81576 6.04512 5.53451 5.00868 10.5797 7.39793 5.99706 7.92809 5.82992 6.14065
threshold=-0.98315346240997303 0.98854398727417003 2.5881543159484868 0.0037983655929565434 1.2979646921157839 0.97238394618034374 0.21446759253740313 -0.07191163673996924 0.074239991605281844 0.92916670441627514 -1.2206020951271055 -0.95140913128852833 -0.036159910261631005 0.082284659147262587
decision_type=2 2 2 2 2 2 2 2 2 2 2 2 2 2
left_child=1 2 3 4 -1 -4 -5 8 12 -9 11 -10 -2 -14
right_child=7 -3 5 6 -6 -7 -8 9 10 -11 -12 -13 13 -15
leaf_value=-0.0079657362205829401 0.0046325698090680387 -0.0056248719169221606 0.0081345250291107538 -0.0046520118105005774 0.010819559701459654 -0.0053270839539566253 0.013554817455599192 0.001133370017166314 -0.011897925249306241 -0.011817661726851203 -0.01165609872013775 0.0053193317560317815 -0.0056382782056273208 0.0055995832503757826
leaf_weight=75.879705920116976 101.97218831488863 33.496817129198462 170.95103122293949 6.428310125134888 7.6275192387402049 14.092366477474568 25.409963097888976 729.7694950880832 13.536692277528344 16.558594637550414 86.883336217957549 36.085085372673348 106.77199278282933 29.191608327208087
leaf_count=862 1663 360 1471 91 25 189 161 10042 284 292 2168 622 2260 450
internal_value=0.000268317 0.00289691 0.00406677 -0.000422543 -0.00497518 0.0067839 0.00932647 -0.000526121 -0.00284436 0.000647086 -0.00808489 -0.000576957 0.000355973 -0.00288256
internal_weight=1454.65 333.886 300.389 115.345 83.5072 185.043 31.8383 1120.77 374.441 746.328 136.505 49.6218 237.936 135.964
internal_count=20940 3159 2799 1139 887 1660 252 17781 7447 10334 3074 906 4373 2710
is_linear=0
shrinkage=0.025


Tree=177
num_leaves=15
num_cat=0
split_feature=116 150 115 145 174 145 231 149 127 85 110 159 213 62
split_gain=3.81122 8.74005 8.08211 6.81086 9.14675 9.60416 7.53723 6.54631 6.46522 7.42077 6.27745 7.86837 5.95441 5.64193
threshold=0.64222803711891185 2.1632118225097661 4.2122903323615908e-05 0.4613842517137528 0.00034652322938200092 0.33297324180603033 -0.049485903233289712 1.7532412409782412 1.9256854653358462 0.00059131675516255211 0.12439318373799325 -0.73696365952491749 0.17182920873165133 0.00065730637288652371
decision_type=2 2 2 2 2 2 2 2 2 2 2 2 2 2
left_child=1 3 -3 4 5 -1 -5 -8 10 12 11 -2 -10 -12
right_child=8 2 -4 6 -6 -7 7 -9 9 -11 13 -13 -14 -15
leaf_value=0.0024813409989298792 0.010294039428704625 0.003895449343517229 -0.012680467455465952 0.010652274092140167 -0.0082821117386194538 -0.011747852795483389 -0.0080630783107922526 0.0048985399518611502 -0.013086148253609764 0.00073120633487825108 -0.0046714339291043534 -0.0044589817745994687 0.00052712377786928212 0.0044999535357677437
leaf_weight=215.51299759652466 115.16522894357331 17.218754240777344 57.850589119479991 54.785112627898343 89.708481579902582 22.01781385904178 30.777096964186057 44.177878034301102 35.09838722308632 573.0627076664241 62.204612651607022 19.034740234026685 30.51282796333544 83.784534187987447
leaf_count=2574 1253 227 1258 599 1803 377 598 595 741 8285 941 273 445 982
internal_value=0.000192239 -0.00146162 -0.00872199 -4.96229e-05 -0.001997 0.00061075 0.00452721 -0.000658105 0.0011698 -0.000216891 0.00425254 0.00792176 -0.00749153 0.000454993
internal_weight=1450.91 532.049 75.0693 456.979 327.239 237.531 129.74 74.955 918.863 638.674 280.189 134.2 65.6112 145.989
internal_count=20951 8031 1485 6546 4754 2951 1792 1193 12920 9471 3449 1526 1186 1923
is_linear=0
shrinkage=0.025


Tree=178
num_leaves=15
num_cat=0
split_feature=6 121 174 134 154 195 97 27 6 7 233 244 170 16
split_gain=5.25969 5.56142 5.2667 6.25161 7.93383 5.79808 5.74979 4.78808 4.87399 4.21741 4.18792 4.00716 3.72494 3.66856
threshold=0.053240738809108741 1.2228938937187197 -0.014421941246837376 0.38534060120582586 1.9331725835800173 -0.89179283380508412 0.60981354117393505 0.46715016663074499 0.13370372354984286 0.1921777352690697 -0.31359647214412684 -0.033095993101596825 0.16229590028524402 0.37446653842926031
decision_type=2 2 2 2 2 2 2 2 2 2 2 2 2 2
left_child=1 10 3 4 -2 -5 -7 9 13 11 -1 -4 -11 -9
right_child=2 -3 7 5 -6 6 -8 8 -10 12 -12 -13 -14 -15
leaf_value=0.00057360669983737441 0.0071355616597725243 0.0055450406412830035 0.0022980055845501007 -0.0070142407550280632 -0.010904451040457362 0.013195157739970702 -0.0026349928806052789 0.0093665153692019543 -0.0030405668666256399 -0.00072363764938212106 -0.013573916920674648 -0.013948361902175214 0.0053860464734593215 -0.0020673902265756056
leaf_weight=14.623482278897425 17.318337219301611 9.5895368871279043 8.1792681508231926 4.2158021614886811 19.843360749306157 64.259933704510331 11.768336055800317 71.770999221131206 30.93420123308897 1072.2912305034697 34.352718527778052 15.614443813683463 53.945031594950706 15.266873605549334
leaf_count=312 263 93 182 161 492 623 243 398 247 14747 1700 379 1045 73
internal_value=1.46246e-06 -0.00664914 0.000346235 0.00515324 -0.00255344 0.00872567 0.0105777 -0.000133225 0.00440654 -0.000650375 -0.00986314 -0.00911624 -0.000366313 0.00722725
internal_weight=1443.97 58.5657 1385.41 117.406 37.1617 80.2441 76.0283 1268 117.972 1150.03 48.9762 23.7937 1126.24 87.0379
internal_count=20958 2105 18853 1782 755 1027 866 17071 718 16353 2012 561 15792 471
is_linear=0
shrinkage=0.025


Tree=179
num_leaves=15
num_cat=0
split_feature=169 62 201 136 112 156 141 80 116 80 167 76 242 173
split_gain=4.94957 4.6648 4.85587 4.29928 6.20418 9.20261 5.4736 3.31307 3.29855 2.60373 2.15292 2.12101 1.22053 0.895437
threshold=-0.2184864059090614 0.74427807331085216 0.010535460896790029 1.4509478807449343 0.24558873474597934 -1.1295672059059141 1.5790086984634402 0.75195431709289562 2.4154380559921269 0.47395697236061102 -0.10855225101113318 1.7561454176902773 0.052008211612701423 0.95252472162246715
decision_type=2 2 2 2 2 2 2 2 2 2 2 2 2 2
left_child=13 3 9 4 6 -6 -2 10 -4 -3 -5 -9 -11 -1
right_child=1 2 8 7 5 -7 -8 11 -10 12 -12 -13 -14 -15
leaf_value=-0.012805951804798321 0.00019796939775253969 0.006517617182078184 0.015723148629206166 0.00016315678222223446 0.0069787227006187294 -0.0044963600094611329 -0.0035649638083016725 0.0068231279795690188 -0.0016406998866834418 -0.0091491445325677292 -0.01471095554707318 -0.005512426579231052 0.00084405609779456795 0.00054197203753254309
leaf_weight=11.110863382578824 827.75603155652061 3.8995988792739835 18.944970132317398 5.3080927124246982 142.24662437010556 50.06218634173274 325.42117997480091 7.5313168093562108 4.5183369617443523 9.3670103263575566 16.979369345121086 3.4904318358749151 5.8013611033093175 0.55497728427872139
leaf_count=506 12269 25 95 77 1543 749 4820 61 102 197 312 79 67 10
internal_value=-0.000343539 -0.0001446 0.00701641 -0.000433114 -0.000167042 0.00384169 -0.000878964 -0.00801416 0.0126032 -0.0016685 -0.0119866 0.00153658 -0.00618236 -0.0116899
internal_weight=1432.99 1421.33 42.5313 1378.8 1345.49 192.309 1153.18 33.3092 23.4633 19.068 22.2875 11.0217 15.1684 11.6658
internal_count=20912 20396 486 19910 19381 2292 17089 529 197 289 389 140 264 516
is_linear=0
shrinkage=0.025


Tree=180
num_leaves=15
num_cat=0
split_feature=25 159 156 217 213 163 159 156 118 17 177 3 118 118
split_gain=4.29671 4.03156 6.21593 5.70139 5.73731 5.86356 5.36537 5.46007 4.92573 3.94216 3.90764 4.95446 3.31724 3.79912
threshold=0.42514967918396002 -1.8008149862289426 -1.5609291195869444 0.25653479993343359 0.14665974676609042 -1.4636590480804441 -1.5351272225379942 -1.2350703477859495 0.11909751966595651 1.0000000180025095e-35 0.10807245224714281 0.52899184823036205 0.6091577708721162 0.080183740705251708
decision_type=2 2 2 2 2 2 2 2 2 2 2 2 2 2
left_child=1 3 10 4 5 -1 8 -8 -4 -6 -3 -12 13 -2
right_child=12 2 6 -5 9 -7 7 -9 -10 -11 11 -13 -14 -15
leaf_value=0.0010981558461655393 0.0062229283201370054 -0.0026365845695427159 0.0054955688849231835 0.0057652377746992747 -0.0080210850596025181 -0.014021010900293715 0.0037557594233122837 -0.0006389734947197898 -0.0077509046971358441 0.0026810528726385011 0.010029619526018626 -0.0028884373993948117 0.0089150687161666069 -0.0083425397624868509
leaf_weight=17.531304255127907 9.2800913620740193 20.898291149176657 11.378740999381987 22.720349326264113 18.66368803777732 48.933331810869277 214.73331462917849 781.15144258446526 82.400541451293975 59.138634532457218 78.236360451439396 15.882454425562171 47.214603869244456 11.382310388609765
leaf_count=227 35 209 101 231 644 1023 2871 11856 1444 676 869 361 213 111
internal_value=0.000184346 -0.000133827 0.000373396 -0.00364258 -0.00553314 -0.0103157 -0.00022326 0.000329654 -0.00558436 -0.000475819 0.00561153 0.0076518 0.00582469 -0.0015352
internal_weight=1439.55 1371.67 1204.68 166.987 144.267 66.4646 1089.66 995.885 93.7793 77.8023 115.017 94.1188 67.877 20.6624
internal_count=20871 20512 17711 2801 2570 1250 16272 14727 1545 1320 1439 1230 359 146
is_linear=0
shrinkage=0.025


Tree=181
num_leaves=15
num_cat=0
split_feature=169 114 114 179 10 169 114 166 169 173 244 158 77 112
split_gain=4.14342 3.9425 7.67121 6.99918 8.63153 6.27891 6.98143 7.12192 6.19604 6.11033 5.65768 5.27958 4.59711 4.02684
threshold=-0.16403088718652722 1.0276162028312685 1.2915956377983095 0.10295750573277475 0.40253517031669622 0.025464506819844249 0.73960122466087352 -0.049027284607291215 0.010727953165769579 -0.99393790960311879 -0.04176774621009826 -0.25183397531509394 0.014482326339930298 0.4670665711164475
decision_type=2 2 2 2 2 2 2 2 2 2 2 2 2 2
left_child=-1 5 12 -4 -5 6 8 -8 -2 11 -11 -7 -3 -14
right_child=1 2 3 4 -6 9 7 -9 -10 10 -12 -13 13 -15
leaf_value=-0.0094288229129912068 -0.00034660938686893164 -0.002609341780847299 0.0094212628111501953 -0.0086767878851681003 0.0025233052459078284 0.0081366613027249717 -0.015323692278289423 -0.0010781745658546133 0.0058367393242543062 -0.01639410895463108 -0.0036361338793633653 -0.0086802295158519976 0.011653902276528778 -0.001862031637002239
leaf_weight=20.254319483181462 807.11000696453266 16.48017840157263 21.848727867007256 72.253628193866462 76.938792752102017 23.788651955546815 24.811445076018572 64.698942194925621 103.29533536662348 28.047516837250441 77.619429181388114 5.5084617601241908 70.91241808491759 11.091067905072121
leaf_count=726 10800 294 137 1262 908 269 445 838 1517 894 1916 95 668 156
internal_value=-0.000552563 -0.000336927 0.00230427 -0.000889054 -0.00306547 -0.000992635 -0.000267062 -0.00649473 0.000408213 -0.00582244 -0.00845532 0.00306856 0.00745759 0.00968854
internal_weight=1424.66 1404.4 269.525 171.041 149.192 1134.88 999.916 89.5104 910.405 134.964 105.667 29.2971 98.4837 82.0035
internal_count=20925 20199 3425 2307 2170 16774 13600 1283 12317 3174 2810 364 1118 824
is_linear=0
shrinkage=0.025


Tree=182
num_leaves=15
num_cat=0
split_feature=169 174 194 229 174 236 1 230 178 170 6 217 141 230
split_gain=5.6621 4.61509 7.65101 6.14429 4.84971 5.86982 6.68736 5.51863 4.30993 4.15382 3.46401 6.31377 3.64189 2.2268
threshold=-0.19932904094457624 -0.014421941246837376 0.45551599562168127 -0.33026032149791712 -0.0027353480691090222 0.025000005960464481 0.081356823444366469 0.45867243409156805 0.24019470810890201 0.19099289923906329 0.072744261473417296 0.25653479993343359 2.8089532852172856 -0.35892991721630091
decision_type=2 2 2 2 2 2 2 2 2 2 2 2 2 2
left_child=-1 2 3 -2 5 7 -7 -3 13 -5 11 -6 -12 -4
right_child=1 4 8 9 10 6 -8 -9 -10 -11 12 -13 -14 -15
leaf_value=-0.011323624402261062 -0.0067673472336617097 -0.0088191997486274688 0.0017126098045157495 0.011638460633393879 -0.0057169406300779111 -0.0041899896264628788 0.0081238926383223418 0.0047602479209651535 0.0043349150356244938 -0.0032691677594500995 0.00069464121894007068 0.0075729903581861942 0.0060339863776496076 -0.014735695571365321
leaf_weight=13.839676239411345 6.3352372301742426 101.95930598443374 2.1038669124245652 78.014036665437743 98.386637151008472 49.902420301921666 37.428117969073355 13.216093333670868 7.6646980952937147 6.7700311906519337 924.50271906331182 16.345530192600563 77.206027808599174 10.412363213486969
leaf_count=585 224 2013 14 961 2634 955 520 237 268 214 11061 174 788 256
internal_value=0.0002598 0.000473837 0.0050999 0.00811857 3.16099e-05 -0.00340465 0.00130552 -0.00686056 -0.00608629 0.0100612 0.000695551 -0.00318714 0.00118506 -0.011976
internal_weight=1444.09 1430.25 111.3 91.1193 1318.95 202.506 87.3305 115.175 20.1809 84.7841 1116.44 114.732 1001.71 12.5162
internal_count=20904 20319 1937 1399 18382 3725 1475 2250 538 1175 14657 2808 11849 270
is_linear=0
shrinkage=0.025


Tree=183
num_leaves=15
num_cat=0
split_feature=78 65 244 4 108 66 108 145 175 246 139 175 169 10
split_gain=3.61024 9.40869 9.28676 6.6344 7.35156 10.5176 6.84906 6.45493 6.34458 8.39528 7.40039 9.66291 8.09284 6.47753
threshold=0.031011263839900497 2.1573332703583861e-10 0.17209252715110782 0.14931328594684604 0.26832380890846258 0.0016385358176194134 0.17807018756866458 0.22965613752603534 -0.013593921903520821 -0.48472303152084345 0.032949184998869903 0.18498354405164721 -0.033701483160257333 0.81034943461418163
decision_type=2 2 2 2 2 2 2 2 2 2 2 2 2 2
left_child=8 2 7 -3 6 -6 -5 -2 13 -10 11 -11 -12 -1
right_child=1 3 -4 4 5 -7 -8 -9 9 10 12 -13 -14 -15
leaf_value=-0.0045591409036858368 -0.0036458719061880983 -0.003492581471451703 -0.0085841125233362299 0 0.0129046515523014 0.001360245991200635 -0.011634325804692366 0.011696002762901218 -0.010644747540926487 0.0085203939051171143 0.010761360996784423 -0.0093933312350629721 -0.005894158894697769 0.007259184015149603
leaf_weight=345.25612568610813 13.30880074482411 242.02923193317838 10.577978634741156 138.29493285290664 51.565224839607254 252.22215229261201 28.297581864288077 92.952244511572644 19.756726244580932 128.57931176293641 11.239299330161883 11.007693143212235 73.378284136764705 20.113828061614186
leaf_count=6063 226 3482 195 2150 491 3265 502 964 338 1267 167 487 1138 262
internal_value=-0.000166584 0.000892762 0.00711304 -0.000211073 0.00149636 0.00377531 -0.00256382 0.00949382 -0.00161778 0.00142788 0.00303138 0.0063935 -0.00249071 -0.00366526
internal_weight=1438.58 829.248 116.839 712.409 470.38 303.787 166.593 106.261 609.331 243.961 224.205 139.587 84.6176 365.37
internal_count=20997 11275 1385 9890 6408 3756 2652 1190 9722 3397 3059 1754 1305 6325
is_linear=0
shrinkage=0.025


Tree=184
num_leaves=15
num_cat=0
split_feature=158 140 179 140 77 4 234 5 160 176 75 136 247 107
split_gain=4.22087 9.08514 8.65877 7.15129 6.95912 6.01852 7.16706 5.99317 5.9672 8.06157 7.56325 6.52208 6.58243 5.72798
threshold=-0.52346497774124134 1.3371317386627199 0.18494790792465213 1.6414444446563723 0.045957615599036224 0.37498413026332861 -0.1620129197835922 0.55233678221702587 -0.44324241578578943 0.059907728806138046 5.1953361389883559e-16 0.026866024360060695 0.1520626246929169 0.27984136343002325
decision_type=2 2 2 2 2 2 2 2 2 2 2 2 2 2
left_child=8 2 7 -3 -5 6 -4 -2 10 11 -1 13 -13 -10
right_child=1 3 5 4 -6 -7 -8 -9 9 -11 -12 12 -14 -15
leaf_value=-0.013300565964825482 0.0079895293789035999 0.011644185428843649 0.0021045299550415775 -0.0038726403140576619 0.0081567864872241977 0.0057821689171554704 -0.011342239987383304 -0.00098112712257338009 0.011376173727340885 -0.0094705155493038148 0.00072853811973856198 -0.01021404241660227 0.0045556193075549515 -0.005552540024132799
leaf_weight=12.72305790777318 70.372862009331584 77.743283609976061 28.158932255930267 55.950403673807159 41.654817708767951 15.039442501962183 73.782393604982644 97.0278907911852 31.697526219300926 89.195126633218024 790.92211527808104 34.304273540154099 21.326873226091266 8.0456968853250128
leaf_count=250 345 708 446 844 290 84 2016 1070 192 2823 11308 345 145 104
internal_value=0.00027465 0.00222805 -0.000526187 0.00650921 0.00147806 -0.00548223 -0.00768772 0.0030025 -0.000637428 -0.00454645 0.000298694 0.000485934 -0.00456342 0.00721459
internal_weight=1447.94 459.73 284.382 175.349 97.6052 116.981 101.941 167.401 988.215 184.569 803.645 95.3744 55.6311 39.7432
internal_count=20970 5803 3961 1842 1134 2546 2462 1415 15167 3609 11558 786 490 296
is_linear=0
shrinkage=0.025


Tree=185
num_leaves=15
num_cat=0
split_feature=4 232 64 233 179 82 106 216 7 171 106 108 179 177
split_gain=3.8479 6.23225 8.19526 6.11349 5.85722 5.6766 5.49502 7.07762 6.84646 6.79743 5.9494 5.91997 5.72616 5.41372
threshold=0.14931328594684604 0.082963481545448317 8.3464839206737209e-11 -0.20712581276893613 0.23545413464307788 0.16883419454097751 1.2612801790237429 0.40906596183776861 0.23515796661376956 0.048418836668133743 0.60445702075958263 0.33086244761943823 0.12938797473907473 0.47203670442104345
decision_type=2 2 2 2 2 2 2 2 2 2 2 2 2 2
left_child=1 2 3 4 -1 -2 9 12 -9 10 -7 -11 -8 -3
right_child=5 13 -4 -5 -6 6 7 8 -10 11 -12 -13 -14 -15
leaf_value=-0.00028822288100168863 -0.0015451374108529257 0.0055287042022100661 -0.0063235127862548528 -0.0031397973370824134 0.011294313466524465 -0.0042021626783855749 0.0019310145348190165 -0.0028278217813575458 0.0057007438100236023 -0.011704878041958355 0.0094351233321336245 0.0063550669472642318 -0.0088995836176500916 -0.0057722344316222043
leaf_weight=56.996978820767254 354.71923586941557 99.278421270428225 228.87440826999955 125.18619250436313 36.163564796093851 14.741278795467222 43.681446227245033 77.250652975286357 163.84753666503821 14.336349733173849 138.17846839816775 8.9099758598022145 60.666968610603362 23.15316726686433
leaf_count=509 6177 961 3621 1992 379 263 403 1361 1657 260 1504 80 1245 578
internal_value=-0.000184532 -0.00177083 -0.0031408 0.000296731 0.00486483 0.000842549 0.00248794 0.000555028 0.00291419 0.00593466 0.00783461 -0.00462118 -0.00452678 0.0029741
internal_weight=1445.98 569.653 447.221 218.347 93.1605 876.332 521.613 345.447 241.098 176.166 152.92 23.2463 104.348 122.432
internal_count=20990 8040 6501 2880 888 12950 6773 4666 3018 2107 1767 340 1648 1539
is_linear=0
shrinkage=0.025


Tree=186
num_leaves=15
num_cat=0
split_feature=177 234 242 177 2 212 233 177 245 2 87 172 244 247
split_gain=5.12573 5.4069 3.64497 3.60141 7.27537 6.73213 6.60456 6.35817 5.90058 3.74506 4.8247 3.43037 3.37317 3.35542
threshold=0.66195636987686168 0.067059915512800231 0.12062877416610719 0.53381085395812999 -0.22818913310766217 0.064976926892995848 -0.29531449079513544 0.48737236857414251 -0.33870285749435419 -0.45634359121322626 0.23182953149080279 -0.1022352986037731 0.15076622366905215 0.2660487592220307
decision_type=2 2 2 2 2 2 2 2 2 2 2 2 2 2
left_child=3 2 -2 7 -5 6 -6 9 -9 12 -11 -10 -1 -7
right_child=1 -3 -4 4 5 13 -8 8 11 10 -12 -13 -14 -15
leaf_value=0.011441227126062848 -0.015939462741798249 0.0044563577340331418 0.00051524659440479884 -0.0077184747476016103 -0.0036990864721754323 -0.010656586773810699 0.014289167437854659 0.0063820557487568944 0.0016961276366209547 0.00092142774013322451 -0.0028293657962725773 -0.016205249096906606 -0.0048047843635378243 0.0047840603974050218
leaf_weight=20.614272323320623 20.423971931217242 9.0730253978981619 8.4503998276777548 12.295098114875143 9.365568597102536 7.8391930670477432 51.959019562462345 3.6849279149901149 4.2147620525211158 1000.7813497926691 259.54591295216233 22.117547134868797 2.0134356734342864 5.1301266942173243
leaf_count=228 1338 233 311 622 218 224 611 47 41 12843 3382 651 55 54
internal_value=0.000104149 -0.00775565 -0.0120805 0.000390234 0.00499955 0.00802979 0.0112157 3.42942e-05 -0.00952654 0.000353848 0.000119782 -0.0133799 0.00847055 -0.00468441
internal_weight=1437.51 37.9474 28.8744 1399.56 86.589 74.2939 61.3246 1312.97 30.0172 1282.95 1260.33 26.3323 22.6277 12.9693
internal_count=20858 1882 1649 18976 1729 1107 829 17247 739 16508 16225 692 283 278
is_linear=0
shrinkage=0.025


Tree=187
num_leaves=15
num_cat=0
split_feature=168 227 142 110 235 171 111 91 170 169 198 134 159 215
split_gain=5.53726 4.87135 5.94053 7.23965 6.011 5.92416 5.52533 4.97009 4.82472 7.37991 9.07491 10.4649 8.06054 5.9023
threshold=-0.98982253670692433 0.21248202770948413 1.0107482075691225 0.30273158848285681 0.026686124503612522 0.045558145269751556 1.5337050557136538 9.0638959449051994e-08 -0.14828228205442426 0.10675665736198427 -0.10150637850165366 0.14099382609128955 -1.4789281487464903 -0.064409554004669176
decision_type=2 2 2 2 2 2 2 2 2 2 2 2 2 2
left_child=1 5 4 7 -3 -1 -5 -4 9 10 11 -2 -12 -11
right_child=8 2 3 6 -6 -7 -8 -9 -10 13 12 -13 -14 -15
leaf_value=0.0098416944440259078 0.013326425534512541 -0.0084472264959930127 -0.0036886484282738757 -0.0062699194273998799 0.0063153445639140219 -0.0070270401390836318 0.0074637621157164179 0.01057229758106897 0.00023860002336293761 -0.0060903289580920362 0 -0.0049889416301250001 -0.011673024021076474 0.0093998560186143998
leaf_weight=77.846563470782712 20.700805049971677 51.618350424803793 11.022093288600443 48.795116698369384 12.824636951088904 5.5732388636097303 14.236601321958004 68.741418651305139 881.33402707864298 12.307577533880247 51.43077389174141 36.518694142112508 113.26003049418796 33.573754591867328
leaf_count=569 309 586 143 547 91 74 100 540 12566 254 1054 832 2813 494
internal_value=0.000124163 0.00314209 0.000867653 0.00368774 -0.00481565 0.00784171 -0.00230378 0.00824077 -0.000653004 -0.00351643 -0.0054047 0.00261816 -0.00825138 0.0046275
internal_weight=1439.78 290.658 207.238 142.795 64.443 83.4198 63.0317 79.7635 1149.13 267.792 221.91 57.2195 164.691 45.8813
internal_count=20972 2650 2007 1330 677 643 647 683 18322 5756 5008 1141 3867 748
is_linear=0
shrinkage=0.025


Tree=188
num_leaves=15
num_cat=0
split_feature=179 4 178 154 159 1 141 170 1 228 24 139 174 245
split_gain=3.9202 3.02787 7.59038 5.78613 5.73301 5.60644 4.74724 4.51205 3.80717 7.8344 6.44023 5.57679 5.96234 5.35143
threshold=0.7487793266773225 0.3114724606275559 0.13181666284799579 4.0008096694946298 -1.7574681043624876 0.13841741532087329 0.73334425687789928 -0.14388155937194821 -0.18781855702400205 0.13734100013971332 0.22396993637084964 0.62626498937606823 -0.015108199324458836 -0.023634016513824459
decision_type=2 2 2 2 2 2 2 2 2 2 2 2 2 2
left_child=1 8 5 4 -4 6 -3 -7 9 13 -11 -10 -13 -1
right_child=-2 2 3 -5 -6 7 -8 -9 11 10 -12 12 -14 -15
leaf_value=-0.0033442244760618594 -0.0093573610880625293 0.0075413351878843128 -0.0050253534206817991 -0.0059220993095087885 0.014295636162653622 -0.010838600433361038 -0.0001880142748055829 0.0015511782526855481 -0.000676627126971151 -0.011170791183321977 0.005260581314485706 0.015581839518935976 0.0019647836632179687 0.009780188373384022
leaf_weight=32.577959787566215 15.38902264588978 59.387807497754693 4.1628476511687031 5.057626890949904 49.890902534592897 31.909452526364475 151.69745187251829 24.375267537310719 803.62559530895669 71.609820631390903 9.5784116284921748 14.046795186121015 125.46368148992769 22.637600016430952
leaf_count=764 972 406 95 79 415 385 1186 197 11783 2312 60 121 1605 432
internal_value=1.82012e-06 0.000191392 0.00226192 0.00952771 0.0119758 0.000270571 0.00221925 -0.00596023 -0.000441322 -0.00416626 -0.00867033 0.000129897 0.00454387 0.00263605
internal_weight=1421.41 1406.02 326.481 59.1114 54.0538 267.37 211.085 56.2847 1079.54 136.404 81.1882 943.136 139.51 55.2156
internal_count=20812 19840 2763 589 510 2174 1592 582 17077 3568 2372 13509 1726 1196
is_linear=0
shrinkage=0.025


Tree=189
num_leaves=15
num_cat=0
split_feature=4 142 134 87 117 178 27 2 191 134 75 212 243 20
split_gain=4.35746 6.65869 7.56359 7.22356 8.72872 6.15548 5.40935 5.31375 7.07508 6.30716 5.44141 11.9332 7.12471 4.36417
threshold=0.20707555115222934 1.4455996751785281 0.19728934764862063 9.4338680355576812e-05 0.351898804306984 0.051206693053245551 1.0678076744079592 0.12316199764609338 -0.12352254614233969 1.4145926833152773 2.7231543526795581e-06 -0.04920422472059726 -0.034072116017341607 0.84110677242279064
decision_type=2 2 2 2 2 2 2 2 2 2 2 2 2 2
left_child=13 2 3 6 -5 -4 -2 10 -9 -10 11 -3 -12 -1
right_child=1 7 5 4 -6 -7 -8 8 9 -11 12 -13 -14 -15
leaf_value=-0.0020762633022033505 -0.0068879947962653572 -0.0059701594055273279 -0.011620771338389818 0.0090506383669417267 -0.0043029940621496492 0 0.0069843612441262033 -0.0055161060160082466 0.014326195025363303 -0.001183977711301144 0.0055192797844062953 0.01199793599996791 -0.0041654876380996311 0.0048333138479643078
leaf_weight=717.05394407716813 67.313136826269329 24.607447603717446 53.715923761483282 85.31599434139207 34.613681047922 49.000489327358082 11.307033486664293 10.915779481176285 59.877275453880429 17.1271790091414 59.828285878058523 57.825010308995843 126.86413812986575 49.742375709116459
leaf_count=11868 1216 344 633 924 699 1033 39 166 483 208 649 589 1760 288
internal_value=-0.000267543 0.00120213 -0.00147716 0.00134966 0.00506098 -0.00661992 -0.00409427 0.00347124 0.0084451 0.0110415 0.00151074 0.00642474 -0.000853059 -0.00154442
internal_weight=1425.11 658.311 301.266 198.55 119.93 102.716 78.6202 357.045 87.9202 77.0045 269.125 82.4325 186.692 766.796
internal_count=20899 8743 4544 2878 1623 1666 1255 4199 857 691 3342 933 2409 12156
is_linear=0
shrinkage=0.025


Tree=190
num_leaves=15
num_cat=0
split_feature=170 10 2 136 6 232 194 93 14 108 111 120 73 194
split_gain=3.15507 8.01392 10.4813 7.14578 7.46273 6.25411 7.11002 5.53079 4.35195 3.53441 7.83378 7.03686 8.6723 6.71507
threshold=0.066691555082798018 0.34011973440647131 0.21518422663211825 0.10863567516207696 0.072475306689739241 -0.11137516424059866 0.059351364150643356 0.84887784719467174 0.50316895544528972 0.40317699313163763 0.35797742009162908 0.57462650537490856 0.00057723923237063002 0.01377347717061639
decision_type=2 2 2 2 2 2 2 2 2 2 2 2 2 2
left_child=9 5 3 4 -3 -2 -7 -5 -8 10 -1 -11 -13 -12
right_child=1 2 -4 7 -6 6 8 -9 -10 11 13 12 -14 -15
leaf_value=-0.00064149179608762031 0.0078772613336196961 -0.0059035110759498386 -0.0091108041961693222 -0.0046633129663170804 0.016690657782304465 0.0042323190869632699 -0.014760000837309337 0.0097650666080995215 0.0037492070735674152 0.0044276895356970486 0.0025127565337073766 -0.01228332674879049 0.00026292099448804615 -0.01270528074031479
leaf_weight=704.73161525244359 11.383913964265956 3.6220030409749588 12.371724505443124 29.953784817655105 55.226742101367563 15.613607127452267 33.494102018652484 15.310742785222827 3.3454973995685569 213.73606448457576 18.623281413922086 28.098805885296315 228.58048242190853 52.721706999116577
leaf_count=9956 151 257 325 590 571 333 1119 157 12 2642 271 601 2886 1041
internal_value=-3.0576e-05 0.0029427 0.00664541 0.00937345 0.0143592 -0.00363132 -0.00732454 0.00102241 -0.012315 -0.000494592 -0.00152921 0.00118196 -0.00155127 -0.00879307
internal_weight=1426.81 180.322 116.485 104.113 58.8487 63.8371 52.4532 45.2645 36.8396 1246.49 776.077 470.415 256.679 71.345
internal_count=20912 3515 1900 1575 828 1615 1464 747 1131 17397 11268 6129 3487 1312
is_linear=0
shrinkage=0.025


Tree=191
num_leaves=15
num_cat=0
split_feature=65 80 159 85 85 6 171 62 107 167 91 126 242 149
split_gain=5.7633 8.93722 6.74925 11.3829 7.28859 6.49906 5.51781 5.5078 5.01114 7.45913 5.13179 4.87713 8.84733 4.83603
threshold=5.0730065981330348e-11 0.0063880037050694236 -1.0912578701972959 9.6482144726905989e-06 0.00021049372298875826 0.085725758224725737 -0.0071366741321980945 0.00023645554756512868 5.6172024414991035e-05 0.11132005229592325 8.4725778367981965e-14 1.2158759832382204 -0.044401666149497025 2.0540435314178471
decision_type=2 2 2 2 2 2 2 2 2 2 2 2 2 2
left_child=1 2 -1 5 -5 -4 7 -3 9 -2 -10 12 -12 -13
right_child=8 6 3 4 -6 -7 -8 -9 10 -11 11 13 -14 -15
leaf_value=-0.0062222916734093938 -0.012020298218191644 -0.0079241567283105281 -0.0092788586622132661 0.014199257380701758 0.00010240453657294671 0.00092314007088043241 0.012873398136956371 0.0079662617818807221 0.0094581367025530026 0.0056018015489302901 0.0021628629115734294 0.0048897533451851619 -0.011356852511261286 -0.00095111470414698624
leaf_weight=63.651518564787693 42.557656718243379 15.134951001731681 34.412942122318782 52.235518486937508 38.728501627687365 228.82962626265362 56.902898458065465 15.394753349712117 18.745297643588856 11.526475112303158 45.255862108664587 90.144718668656424 57.911023987922817 649.71955103846267
leaf_count=1241 741 252 1113 495 645 2536 546 142 266 132 764 1245 1289 9456
internal_value=8.38682e-05 0.00220563 0.000554197 0.00197007 0.00903026 -0.000711517 0.00895307 0 -0.00108665 -0.00774026 -0.000554201 -0.000921067 -0.00571026 -0.000156157
internal_weight=1421.15 505.291 417.858 354.207 90.964 263.243 87.4326 30.5297 915.861 54.0841 861.776 843.031 103.167 739.864
internal_count=20863 6970 6030 4789 1140 3649 940 394 13893 873 13020 12754 2053 10701
is_linear=0
shrinkage=0.025


Tree=192
num_leaves=15
num_cat=0
split_feature=4 214 3 120 83 210 96 242 2 174 5 1 10 166
split_gain=4.41507 4.82664 7.01025 6.96973 6.46626 6.96539 6.40018 5.73955 4.36382 7.46157 6.48009 4.77238 11.4772 4.55654
threshold=0.20707555115222934 0.041135625913739211 0.063561398535966887 0.28635542094707495 1.5603889664816963e-06 0.33296820521354681 0.21917072683572772 0.095179267227649703 0.035987975075840957 -0.012043864931911228 1.0717542171478274 0.0095835630781948584 0.56058019399642955 -1.0000000180025095e-35
decision_type=2 2 2 2 2 2 2 2 2 2 2 2 2 2
left_child=8 2 -2 4 5 -3 -5 -4 10 13 11 12 -1 -10
right_child=1 3 7 6 -6 -7 -8 -9 9 -11 -12 -13 -14 -15
leaf_value=0.0022636638322594089 -0.004070948065512431 0.0039557400996822678 0.005466163198417218 0.0077976319033262499 -0.012381179187299972 -0.0090930874926882475 -0.0029872549400139681 -0.0035484388578963938 -0.0060892426543872552 -0.0060468586754939607 -0.0056903905962344403 0.0046659528939306527 -0.0087882051886004897 0.0076987739794772275
leaf_weight=208.92920434172265 63.016423093155026 57.469212786061689 320.39426760561764 61.287591697415337 38.621368689928204 28.274146086769179 53.515518485335633 40.761328828753904 10.108704331563784 203.48828675225377 90.519295862759463 152.88120421208441 67.819779872428626 38.387802385957912
leaf_count=1871 590 640 4331 669 782 464 747 581 234 3851 3216 1840 704 516
internal_value=-7.47741e-05 0.00139841 0.0029789 -0.00136326 -0.00526651 -0.000807361 0.00286474 0.00433385 -0.00135836 -0.00397647 -5.4685e-06 0.00128606 -0.000654074 0.00398038
internal_weight=1435.47 663.34 424.172 239.168 124.365 85.7434 114.803 361.156 772.134 251.985 520.149 429.63 276.749 48.4965
internal_count=21036 8804 5502 3302 1886 1104 1416 4912 12232 4601 7631 4415 2575 750
is_linear=0
shrinkage=0.025


Tree=193
num_leaves=15
num_cat=0
split_feature=102 110 93 91 7 138 109 247 175 196 150 202 7 154
split_gain=3.66195 6.69874 5.55892 7.36216 6.02378 4.92395 3.90542 3.37993 4.80035 3.21237 3.07931 3.05791 2.82938 2.63372
threshold=2.7881778478622441 1.0763933062553408 0.9432966709136964 0.094336356967687621 0.23515796661376956 1.9904757738113406 0.62160262465477001 0.261218011379242 -0.12978704273700711 0.95882630348205578 4.2193937301635751 0.76250001788139354 0.24364561587572101 4.9931635856628427
decision_type=2 2 2 2 2 2 2 2 2 2 2 2 2 2
left_child=1 2 3 5 9 -1 -5 10 -9 -4 13 -2 -6 -3
right_child=11 7 4 6 12 -7 -8 8 -10 -11 -12 -13 -14 -15
leaf_value=0.00024423041589101451 0.0018895013064880986 0.011424693561563967 -0.015475259403332242 0.010079052829639137 0.0050163758374968774 -0.0056928713385524694 -0.0024656116412223234 -0.010452466859342178 0.0053229567110859135 0.0010781539003963171 -0.00042194225889323044 -0.01300107060463904 -0.0056187838412685882 -0.0019389282737536642
leaf_weight=1076.5843586737756 7.3656726353801814 64.030168173834682 26.223573847673837 56.173351912060753 24.132299406453967 82.74915855191648 12.923443283885716 8.4935498205013591 16.984152590623125 5.5503212595358482 17.916090318234637 11.516673999838529 15.352412556763737 5.1413432033732525
leaf_count=15947 62 655 608 586 241 1297 196 189 164 93 245 308 244 92
internal_value=0.000191108 0.000382618 -0.000137525 0.00027381 -0.00639612 -0.000222848 0.00756098 0.00592329 -0.00126547 -0.0127952 0.00805108 -0.00831059 0.000292629 0.0101376
internal_weight=1431.14 1412.25 1299.69 1228.43 71.2586 1159.33 69.0968 112.565 25.4777 31.7739 87.0876 18.8823 39.4847 69.1715
internal_count=20927 20557 19212 18026 1186 17244 782 1345 353 701 992 370 485 747
is_linear=0
shrinkage=0.025


Tree=194
num_leaves=12
num_cat=0
split_feature=169 170 174 191 194 17 138 108 77 168 212
split_gain=5.00344 3.67183 4.12011 8.14443 6.07657 5.11073 4.77314 5.09533 4.85735 1.37273 0.954829
threshold=-0.2184864059090614 0.48289826512336737 -0.016619826667010781 -0.084307927638292299 0.032572763040661819 0.22396993637084964 2.443340659141541 0.56109741330146801 0.95630213618278515 0.70174536108970653 -0.14812702685594556
decision_type=2 2 2 2 2 2 2 2 2 2 2
left_child=9 2 3 4 -2 -5 7 -4 -8 10 -1
right_child=1 -3 6 5 -6 -7 8 -9 -10 -11 -12
leaf_value=0.00038857521831778448 0.0071660934061758457 -0.010479003915027967 -0.00010937224444238652 0.011236907316454013 -0.011405501195185949 -0.0041827538254114059 -0.0089958700405236847 0.0036478281195854233 0.0015909624691819602 0.0014035835087057461 -0.014054756875169326
leaf_weight=0.69843108375789498 6.6784736118279424 6.3740481772692865 941.85894967289641 68.315633304067887 17.503535176976584 8.3689983058720809 53.533209913875908 281.99634086096194 37.911421244498342 0.73806156544014889 9.679369077784937
leaf_count=22 51 420 13481 923 566 92 946 3477 442 6 482
internal_value=0.000405162 0.000596086 0.000742316 0.00533506 -0.0052554 0.00907486 0.000335645 0.000773248 -0.00481051 -0.0111129 -0.012837
internal_weight=1433.66 1422.54 1416.17 100.867 24.182 76.6846 1315.3 1223.86 91.4446 11.1159 10.3778
internal_count=20908 20398 19978 1632 617 1015 18346 16958 1388 510 504
is_linear=0
shrinkage=0.025


Tree=195
num_leaves=15
num_cat=0
split_feature=170 209 208 67 194 72 196 235 15 10 212 139 3 36
split_gain=4.25516 6.86555 6.48871 7.90008 5.29927 4.99354 4.96317 4.80504 4.22988 5.6087 6.18113 8.84502 5.12451 5.4059
threshold=0.066691555082798018 -0.0033953128149732943 -0.0086208777502179128 2.5565703200280957e-11 0.099000044167041792 1.3034650700299525e-19 -0.88704007863998402 -0.0092976428568363172 1.0000000180025095e-35 0.40253517031669622 0.022279818542301658 0.077114205807447447 0.34418459236621862 0.50335456430912029
decision_type=2 2 2 2 2 2 2 2 2 2 2 2 2 2
left_child=8 2 3 -2 6 -6 -3 -7 -1 12 11 -11 13 -10
right_child=1 4 -4 -5 5 7 -8 -9 9 10 -12 -13 -14 -15
leaf_value=-0.0017849599423555658 0.013108451239627698 -0.0042860942807685506 -0.0092626838487680201 -0.0081066744856437244 0.0088482707508821049 0.0061592964296850227 0.012599852435845861 -0.0084670153829828516 0.0061946140011674266 0.0077105676395434674 -0.0098708903845283122 -0.0071266846865383968 -0.0068185207530373094 -0.0047119438550777444
leaf_weight=901.5207026922144 14.596996852546001 5.5918340203352264 34.216363512794487 7.5889308203477404 16.150165131082758 9.6352097361814213 59.807441952696536 31.284004798159003 189.95270877797157 45.085104021243751 36.753328759223223 32.650121670216322 15.215720828622578 22.731887193396688
leaf_count=15412 126 126 855 225 325 173 868 816 976 230 296 252 116 132
internal_value=-0.000352751 0.00311452 -0.00348297 0.00518764 0.00628559 0.000229503 0.0105539 -0.00417105 -0.000886284 0.001425 -0.00284047 0.00121971 0.00365482 0.00478388
internal_weight=1422.78 178.871 56.4023 22.1859 122.469 57.0694 65.3993 40.9192 1243.91 342.389 114.489 77.7352 227.9 212.685
internal_count=20928 3514 1206 351 2308 1314 994 989 17414 2002 778 482 1224 1108
is_linear=0
shrinkage=0.025


Tree=196
num_leaves=15
num_cat=0
split_feature=169 114 138 87 120 6 246 111 157 134 156 201 233 229
split_gain=4.20697 4.08949 7.67053 6.8554 7.02074 6.58433 6.92839 5.96334 5.73487 5.56359 5.55161 9.50681 4.2458 3.82618
threshold=-0.18122245371341703 1.0276162028312685 1.9904757738113406 0.23952857404947284 0.014186634216457607 0.072475306689739241 -0.24505932629108426 0.14843554794788363 -1.808865964412689 0.5665438473224641 -1.440430700778961 0.14517811685800555 -0.31359647214412684 -1.0000000180025095e-35
decision_type=2 2 2 2 2 2 2 2 2 2 2 2 2 2
left_child=-1 3 9 5 -5 6 -2 -7 -6 -3 11 -4 -11 -12
right_child=1 2 10 4 8 7 -8 -9 -10 12 13 -13 -14 -15
leaf_value=-0.0095488105131892355 0.003307264424205278 -0.0064113170034689028 0.0097871386856041714 0.0061050948595826673 0.0040924871234238264 -0.00084921086664079362 -0.010556260887840683 0.003229734876960948 -0.010334346219474152 -0.00092961319193494074 0.00058506702353110457 -0.011738844099508761 0.011963932528301585 -0.0075325461364526966
leaf_weight=17.494517658429686 24.920227702416014 6.0092541773337862 46.497531799366698 15.610160139971411 12.511015030788256 591.50996617646888 56.5205195787712 342.53820757800713 94.131752135232091 15.478314061183481 69.242132878047414 5.1389847393147638 72.99713398842141 55.72845552302897
leaf_count=668 705 116 446 198 168 7732 2060 4390 1593 195 1015 162 692 864
internal_value=-0.000204151 0 0.00268319 -0.000671096 -0.00598072 1.83376e-05 -0.00630042 0.000655418 -0.00829373 0.00799075 -0.000417821 0.00563877 0.00974224 -0.00328637
internal_weight=1426.33 1408.83 271.092 1137.74 122.253 1015.49 81.4407 934.048 106.643 94.4847 176.607 51.6365 88.4754 124.971
internal_count=21004 20336 3490 16846 1959 14887 2765 12122 1761 1003 2487 608 887 1879
is_linear=0
shrinkage=0.025


Tree=197
num_leaves=15
num_cat=0
split_feature=2 199 174 80 174 20 91 113 137 199 227 4 203 171
split_gain=3.78962 6.00039 4.65887 7.34402 4.76015 6.65712 8.45538 4.62614 4.94154 4.53429 4.33303 3.89471 3.35278 3.2079
threshold=0.34698009490966802 0.86827149987220775 -0.01851003989577293 0.39369879662990576 -0.0027353480691090222 0.20707555115222934 5.5332618558168187e-06 1.1783223748207095 0.8060082495212556 0.80735576152801525 0.14685947448015216 0.2834331095218659 0.21616498380899432 -0.011285361833870409
decision_type=2 2 2 2 2 2 2 2 2 2 2 2 2 2
left_child=2 9 3 10 5 6 -4 8 -6 13 -1 -9 -12 -2
right_child=1 -3 4 -5 7 -7 -8 11 -10 -11 12 -13 -14 -15
leaf_value=-0.0055329815862065097 0.0014106775833367443 -0.013606019319401358 -0.010852820276639348 -0.007291992365570054 0.00098955347406099749 0.0072377864739162738 -0.00028143938728180859 0.011094240384322196 -0.0038151555117343279 0.0055746486497853459 0.012155306093026414 -0.0042468271234776655 -0.002385211406677923 -0.01288596320970992
leaf_weight=3.4929836953524491 11.915420946897941 20.138060576748103 75.111012190929614 11.799152192892505 887.37789684563177 20.640020802617073 110.42141383606941 31.725836834404618 144.81065894872881 30.005979527253658 59.96920872037299 5.2335699410177758 5.821660272544249 8.9931466756388527
leaf_count=208 210 525 1666 302 11788 123 2108 293 1933 385 912 77 137 290
internal_value=2.9998e-05 -0.00514592 0.000353012 0.00575329 -3.10493e-05 -0.00340837 -0.00502375 0.000639267 0.000267409 0 0.00887725 0.00815812 0.0105385 -0.00681525
internal_weight=1427.46 71.0526 1356.4 81.083 1275.32 206.172 185.532 1069.15 1032.19 50.9145 69.2839 36.9594 65.7909 20.9086
internal_count=20957 1410 19547 1559 17988 3897 3774 14091 13721 885 1257 370 1049 500
is_linear=0
shrinkage=0.025


Tree=198
num_leaves=15
num_cat=0
split_feature=20 3 17 247 231 132 149 70 141 79 98 156 83 202
split_gain=4.58509 5.40934 4.38814 4.97967 4.20079 3.01876 7.22573 4.86348 4.30328 3.62589 2.88737 1.87758 1.87365 1.59089
threshold=0.97012749314308178 0.098129577934741988 0.56247621774673473 0.3389690518379212 -0.013373503927141426 2.4606891870498662 3.9948874711990361 1.6213504672050478 1.5432698726654055 2.5413866043090825 0.37063334882259374 -0.95358288288116444 0.33327902853488928 0.82500007748603832
decision_type=2 2 2 2 2 2 2 2 2 2 2 2 2 2
left_child=2 4 5 10 -2 6 8 -7 -1 -8 -4 -9 -12 -3
right_child=1 13 3 -5 -6 7 9 11 -10 -11 12 -13 -14 -15
leaf_value=0.00023896013763153058 0.0071497148717305659 0.00046008542261533487 -0.0018174058893098465 -0.0064879729773213261 -0.0068415359182452343 -0.012467785783383506 0.010994975995133478 -0.0030264924175802572 -0.0027445074288282491 -0.0041257512325952048 0.015275133924251866 0.0086274102567476096 0 0.01566167398736373
leaf_weight=784.25107326201396 11.256735354661943 8.0224418099969643 5.0423550922423628 4.342322288081049 19.327118124812841 20.625499665969983 36.306792963296175 6.5527266762219369 471.24112310132477 4.4362456861417732 20.838453742675487 4.8810741398483497 4.1166567951440802 16.268671840429306
leaf_count=12265 55 53 86 70 118 423 307 147 7044 74 115 15 43 53
internal_value=-0.000154436 0.00622655 -0.000472612 0.0070733 -0.000834743 -0.000738602 -0.000504624 -0.00720115 -0.000886385 0.00854748 0.0106269 0.00328544 0.0132533 0.0127978
internal_weight=1417.51 54.875 1362.63 34.3398 30.5839 1328.29 1296.24 32.0593 1255.49 40.743 29.9975 11.4338 24.9551 24.2911
internal_count=20868 279 20589 314 173 20275 19690 585 19309 381 244 162 158 106
is_linear=0
shrinkage=0.025


Tree=199
num_leaves=15
num_cat=0
split_feature=143 163 18 202 246 7 38 2 173 173 62 63 214 117
split_gain=4.23367 6.83184 4.87908 6.4317 5.65398 5.27989 4.1157 4.00148 4.9021 3.99835 3.99066 8.85697 5.4451 5.36661
threshold=3.649604439735413 -1.4198164939880369 1.0000000180025095e-35 0.91714283823966991 -0.20603222399950025 0.21972546726465228 1.0000000180025095e-35 -0.012380954809486864 -0.89368143677711476 -0.63357654213905323 0.057362172752618797 0.16355475038290027 0.024101578630506996 2.2189223766326909
decision_type=2 2 2 2 2 2 2 2 2 2 2 2 2 2
left_child=2 -2 3 4 5 -1 -6 9 -9 -3 11 -4 13 -12
right_child=1 7 10 -5 6 -7 -8 8 -10 -11 12 -13 -14 -15
leaf_value=0.0067595388793452449 -0.0086718573578027005 0.0058863423691130588 -0.00014593674815120908 0.0049070069299126931 -0.013445071286826222 -0.0086822903657620756 0.0018508066172517922 -0.0027712601357716034 0.014348069380950235 -0.0079244110139696806 0.0080924798175537865 -0.012387536344661745 -0.0019389451442717348 -0.0052975807812990902
leaf_weight=22.35063440434169 8.6287711951881629 19.093780330847949 1007.9642851725221 22.642792092403397 57.577122796559706 11.065370961499864 8.2517222154419851 7.3984575644135466 38.931180123239756 10.638263306580486 108.06723239342682 26.466246897587553 71.469271673820913 12.44047380518168
leaf_count=591 231 196 13285 353 2449 576 223 98 257 205 1111 436 889 136
internal_value=-0.000113731 0.00493068 -0.000480476 -0.00501212 -0.00767274 0.000427915 -0.0113774 0.00758718 0.0113923 0 4.01453e-06 -0.000609551 0.00321273 0.00626127
internal_weight=1432.99 84.6905 1348.3 121.888 99.2449 33.416 65.8288 76.0617 46.3296 29.732 1226.41 1034.43 191.977 120.508
internal_count=21036 987 20049 4192 3839 1167 2672 756 355 401 15857 13721 2136 1247
is_linear=0
shrinkage=0.025


end of trees

feature_importances:
Column_6=77
Column_10=71
Column_5=63
Column_4=60
Column_169=58
Column_179=55
Column_3=53
Column_168=52
Column_26=45
Column_176=45
Column_2=43
Column_178=42
Column_174=39
Column_7=37
Column_17=35
Column_177=35
Column_173=34
Column_233=34
Column_1=32
Column_170=32
Column_247=31
Column_202=29
Column_175=28
Column_15=26
Column_18=26
Column_108=26
Column_194=26
Column_232=25
Column_243=23
Column_158=22
Column_210=22
Column_213=21
Column_216=21
Column_227=21
Column_244=21
Column_134=20
Column_20=19
Column_138=19
Column_159=19
Column_198=19
Column_110=18
Column_172=18
Column_14=17
Column_139=17
Column_195=17
Column_201=17
Column_245=17
Column_76=16
Column_212=16
Column_228=16
Column_242=16
Column_246=16
Column_16=15
Column_62=15
Column_112=15
Column_193=15
Column_28=14
Column_68=14
Column_91=14
Column_115=14
Column_132=14
Column_136=14
Column_137=14
Column_141=14
Column_209=14
Column_215=14
Column_231=14
Column_66=13
Column_83=13
Column_106=13
Column_116=13
Column_151=13
Column_160=13
Column_166=13
Column_199=13
Column_208=13
Column_234=13
Column_22=12
Column_36=12
Column_74=12
Column_88=12
Column_111=12
Column_114=12
Column_142=12
Column_171=12
Column_211=12
Column_235=12
Column_27=11
Column_63=11
Column_65=11
Column_85=11
Column_87=11
Column_99=11
Column_109=11
Column_135=11
Column_143=11
Column_148=11
Column_156=11
Column_157=11
Column_162=11
Column_182=11
Column_214=11
Column_230=11
Column_32=10
Column_98=10
Column_120=10
Column_123=10
Column_126=10
Column_145=10
Column_150=10
Column_154=10
Column_163=10
Column_164=10
Column_217=10
Column_236=10
Column_73=9
Column_80=9
Column_96=9
Column_119=9
Column_140=9
Column_147=9
Column_149=9
Column_196=9
Column_197=9
Column_67=8
Column_77=8
Column_97=8
Column_102=8
Column_118=8
Column_191=8
Column_229=8
Column_60=7
Column_61=7
Column_75=7
Column_84=7
Column_92=7
Column_93=7
Column_113=7
Column_131=7
Column_155=7
Column_200=7
Column_203=7
Column_25=6
Column_79=6
Column_89=6
Column_94=6
Column_127=6
Column_130=6
Column_133=6
Column_165=6
Column_167=6
Column_64=5
Column_81=5
Column_86=5
Column_95=5
Column_101=5
Column_103=5
Column_117=5
Column_121=5
Column_129=5
Column_144=5
Column_183=5
Column_219=5
Column_24=4
Column_52=4
Column_70=4
Column_71=4
Column_78=4
Column_82=4
Column_90=4
Column_104=4
Column_107=4
Column_122=4
Column_218=4
Column_9=3
Column_21=3
Column_38=3
Column_39=3
Column_53=3
Column_100=3
Column_124=3
Column_125=3
Column_128=3
Column_153=3
Column_161=3
Column_35=2
Column_44=2
Column_69=2
Column_146=2
Column_192=2
Column_220=2
Column_225=2
Column_226=2
Column_29=1
Column_31=1
Column_56=1
Column_72=1
Column_152=1
Column_184=1
Column_185=1
Column_186=1
Column_237=1

parameters:
[boosting: gbdt]
[objective: lambdarank]
[metric: ndcg]
[tree_learner: serial]
[device_type: cpu]
[data_sample_strategy: bagging]
[data: ]
[valid: ]
[num_iterations: 400]
[learning_rate: 0.025]
[num_leaves: 15]
[num_threads: 10]
[seed: 20260824]
[deterministic: 0]
[force_col_wise: 0]
[force_row_wise: 0]
[histogram_pool_size: -1]
[max_depth: 5]
[min_data_in_leaf: 25]
[min_sum_hessian_in_leaf: 0.001]
[bagging_fraction: 0.85]
[pos_bagging_fraction: 1]
[neg_bagging_fraction: 1]
[bagging_freq: 1]
[bagging_seed: 4565]
[bagging_by_query: 0]
[feature_fraction: 0.8]
[feature_fraction_bynode: 1]
[feature_fraction_seed: 12274]
[extra_trees: 0]
[extra_seed: 23975]
[early_stopping_round: 0]
[early_stopping_min_delta: 0]
[first_metric_only: 0]
[max_delta_step: 0]
[lambda_l1: 0.5]
[lambda_l2: 12]
[linear_lambda: 0]
[min_gain_to_split: 0]
[drop_rate: 0.1]
[max_drop: 50]
[skip_drop: 0.5]
[xgboost_dart_mode: 0]
[uniform_drop: 0]
[drop_seed: 11764]
[top_rate: 0.2]
[other_rate: 0.1]
[min_data_per_group: 100]
[max_cat_threshold: 32]
[cat_l2: 10]
[cat_smooth: 10]
[max_cat_to_onehot: 4]
[top_k: 20]
[monotone_constraints: ]
[monotone_constraints_method: basic]
[monotone_penalty: 0]
[feature_contri: ]
[forcedsplits_filename: ]
[refit_decay_rate: 0.9]
[cegb_tradeoff: 1]
[cegb_penalty_split: 0]
[cegb_penalty_feature_lazy: ]
[cegb_penalty_feature_coupled: ]
[path_smooth: 0]
[interaction_constraints: ]
[verbosity: -1]
[saved_feature_importance_type: 0]
[use_quantized_grad: 0]
[num_grad_quant_bins: 4]
[quant_train_renew_leaf: 0]
[stochastic_rounding: 1]
[linear_tree: 0]
[max_bin: 255]
[max_bin_by_feature: ]
[min_data_in_bin: 3]
[bin_construct_sample_cnt: 200000]
[data_random_seed: 4772]
[is_enable_sparse: 1]
[enable_bundle: 1]
[use_missing: 1]
[zero_as_missing: 0]
[feature_pre_filter: 1]
[pre_partition: 0]
[two_round: 0]
[header: 0]
[label_column: ]
[weight_column: ]
[group_column: ]
[ignore_column: ]
[categorical_feature: ]
[forcedbins_filename: ]
[precise_float_parser: 0]
[parser_config_file: ]
[objective_seed: 31899]
[num_class: 1]
[is_unbalance: 0]
[scale_pos_weight: 1]
[sigmoid: 1]
[boost_from_average: 1]
[reg_sqrt: 0]
[alpha: 0.9]
[fair_c: 1]
[poisson_max_delta_step: 0.7]
[tweedie_variance_power: 1.5]
[lambdarank_truncation_level: 30]
[lambdarank_norm: 1]
[label_gain: 0,1,3,7,15]
[lambdarank_position_bias_regularization: 0]
[eval_at: 1,3,5]
[multi_error_top_k: 1]
[auc_mu_weights: ]
[num_machines: 1]
[local_listen_port: 12400]
[time_out: 120]
[machine_list_filename: ]
[machines: ]
[gpu_platform_id: -1]
[gpu_device_id: -1]
[gpu_device_id_list: ]
[gpu_use_dp: 0]
[num_gpu: 1]

end of parameters

pandas_categorical:null
