tree
version=v4
num_class=1
num_tree_per_iteration=1
label_index=0
max_feature_idx=191
objective=binary sigmoid:1
feature_names=Column_0 Column_1 Column_2 Column_3 Column_4 Column_5 Column_6 Column_7 Column_8 Column_9 Column_10 Column_11 Column_12 Column_13 Column_14 Column_15 Column_16 Column_17 Column_18 Column_19 Column_20 Column_21 Column_22 Column_23 Column_24 Column_25 Column_26 Column_27 Column_28 Column_29 Column_30 Column_31 Column_32 Column_33 Column_34 Column_35 Column_36 Column_37 Column_38 Column_39 Column_40 Column_41 Column_42 Column_43 Column_44 Column_45 Column_46 Column_47 Column_48 Column_49 Column_50 Column_51 Column_52 Column_53 Column_54 Column_55 Column_56 Column_57 Column_58 Column_59 Column_60 Column_61 Column_62 Column_63 Column_64 Column_65 Column_66 Column_67 Column_68 Column_69 Column_70 Column_71 Column_72 Column_73 Column_74 Column_75 Column_76 Column_77 Column_78 Column_79 Column_80 Column_81 Column_82 Column_83 Column_84 Column_85 Column_86 Column_87 Column_88 Column_89 Column_90 Column_91 Column_92 Column_93 Column_94 Column_95 Column_96 Column_97 Column_98 Column_99 Column_100 Column_101 Column_102 Column_103 Column_104 Column_105 Column_106 Column_107 Column_108 Column_109 Column_110 Column_111 Column_112 Column_113 Column_114 Column_115 Column_116 Column_117 Column_118 Column_119 Column_120 Column_121 Column_122 Column_123 Column_124 Column_125 Column_126 Column_127 Column_128 Column_129 Column_130 Column_131 Column_132 Column_133 Column_134 Column_135 Column_136 Column_137 Column_138 Column_139 Column_140 Column_141 Column_142 Column_143 Column_144 Column_145 Column_146 Column_147 Column_148 Column_149 Column_150 Column_151 Column_152 Column_153 Column_154 Column_155 Column_156 Column_157 Column_158 Column_159 Column_160 Column_161 Column_162 Column_163 Column_164 Column_165 Column_166 Column_167 Column_168 Column_169 Column_170 Column_171 Column_172 Column_173 Column_174 Column_175 Column_176 Column_177 Column_178 Column_179 Column_180 Column_181 Column_182 Column_183 Column_184 Column_185 Column_186 Column_187 Column_188 Column_189 Column_190 Column_191
feature_infos=none [-9.6535634994506836:12.46760368347168] [-7.5843863487243652:8.1417827606201172] [0:12.583332061767578] [0.1155245304107666:1.1723979711532593] [0.1155245304107666:1.5492819547653198] [-0.38448148965835571:0.68055558204650879] [-0.65025806427001953:0.86527776718139648] [0:1] [0:1.3044185638427734] [0.13862943649291992:0.90217190980911255] [0:0.54930615425109863] [0:0.82395923137664795] [0:1.0585266351699829] [0:1.3506693840026855] [0:0.70830333232879639] [0:0.70830333232879639] [0:0.70830333232879639] [0:0.70830333232879639] [0:1.6026564836502075] [0:1.6030337810516357] [0:1.6898586750030518] [0:1.6898586750030518] [0:1.0656700134277344] [0:1.3010016679763794] [0:1.5429251194000244] [0:1.8345595598220825] [0:1.6896346807479858] [0:1.3916201591491699] [0:1.3010016679763794] [0:1.5439667701721191] [0:1.7971031665802002] [0:1.5660536289215088] [0:1.5118430852890015] [0:1.7438534498214722] [0:2.0457096099853516] [0:1.6423828601837158] [0:1.632354736328125] [0:1.8872706890106201] [0:2.1903092861175537] [0:1.1190284490585327] [0:1.1728370189666748] [0:1.4113616943359375] [0:1.5783870220184326] [0:1.1793015003204346] [0:1.2225872278213501] [0:1.4623311758041382] [0:1.6230599880218506] [0:1.2879225015640259] [0:1.4032820463180542] [0:1.8172299861907959] [0:1.8294690847396851] [0:1.3916201591491699] [0:2.2348928451538086] [0:1.7438534498214722] [0:2.8609259128570557] [0:2.0457096099853516] [0:3.3494265079498291] [0:1.8872706890106201] [0:3.1557281017303467] [-9.6535634994506836:12.46760368347168] [-7.5843863487243652:8.1417827606201172] [-13.66785717010498:12.388174057006836] [-8.2542238235473633:7.9279866218566895] [-1.0000001192092896:1.0000001192092896] [-35.375019073486328:30.961002349853516] [-12.579435348510742:11.500823020935059] [-3.5814781188964844:3.769134521484375] [-2.0355026721954346:2.1851363182067871] [-1.0000002384185791:1.0000001192092896] [-8.2255687713623047:7.0233769416809082] [-12.581667900085449:10.916526794433594] [0:11.538161277770996] [0:11.570680618286133] [0:11.538161277770996] [0:11.572292327880859] [-4.5103030204772949:5.5677647590637207] [-5.5667462348937988:3.48447585105896] [-2.0535323619842529:5.5677647590637207] [-2:5.5677647590637207] [-2.7386126518249512:5.5677647590637207] [-2.8961830139160156:5.5677647590637207] [-4.829169750213623:5.5677647590637207] [-5.5677638053894043:5.5677647590637207] [-5.5677647590637207:5.5677647590637207] [-5.5677685737609863:5.5677647590637207] [-5.5677738189697266:5.5677647590637207] [-2.1300439834594727:5.5677647590637207] [-3.1485316753387451:5.5677647590637207] [-3.5457720756530762:5.5677647590637207] [-4.829169750213623:5.5677647590637207] [-3.3545749187469482:5.5677647590637207] [-4.8306732177734375:5.5677647590637207] [-4.9464540481567383:5.5677647590637207] [-4.5980286598205566:5.5677647590637207] [-4.3879985809326172:5.5677647590637207] [-5.434990406036377:5.5677647590637207] [-5.5677647590637207:5.5677647590637207] [-5.5677647590637207:5.5677647590637207] [-5.5677647590637207:5.5677647590637207] [0:1] [0:1] [0:1] [0:1] [0:1] [0:1] [0:1] [0:1] [0:1] [0:1] [0:1] [0:1] [0:1] [0:1] [0:1] [0:1] [0:1] [0:1] [0:1] [0:1] [0:1] [0:1] [0:1] [0:1] none none [0.1155245304107666:0.75180989503860474] [0:1.5000805854797363] [0:1.5000805854797363] [0.40000000596046448:1] [0:0.93826955556869507] [0:0.37446653842926025] [0:0.51589179039001465] [0:0.51789182424545288] [0:0.4939054548740387] [-13.66785717010498:12.388174057006836] [-8.2542238235473633:7.9279866218566895] [0.1155245304107666:1.4958962202072144] [0:1] [-1:1] [-1:1] [-10.51795482635498:11.709933280944824] [-4.1629676818847656:7.6325139999389648] [0.1155245304107666:1.4481215476989746] [0:0.88206243515014648] [0:0.87680411338806152] [0.40000000596046448:1] [0:0.44278201460838318] [0:0.20687729120254517] [0:0.29770714044570923] [0:0.33574318885803223] [0:0.33850625157356262] [-0.89354348182678223:3.1129403114318848] [-0.51129573583602905:0.55857759714126587] [0.1155245304107666:0.96733206510543823] [0:0.9375] [-0.7383720874786377:0.48908889293670654] [-0.41887304186820984:1] [-7.7621240615844727:9.3918819427490234] [-3.8528227806091309:6.1734857559204102] [0.1155245304107666:1.2726359367370605] [0:1.1452763080596924] [0:1.0413804054260254] [0.40000000596046448:1] [0:0.61478424072265625] [0:0.22396993637084961] [0:0.47583281993865967] [0:0.42514967918395996] [0:0.4292483925819397] [-3.5814781188964844:3.769134521484375] [-2.0355026721954346:2.1851363182067871] [0.1155245304107666:1.1733081340789795] [0:1] [-0.99058210849761963:0.967537522315979] [-0.99404531717300415:1] [-6.7183928489685059:7.0379838943481445] [-2.8705458641052246:3.1927292346954346] [-1.0919362306594849:0.90213322639465332] [-0.67706358432769775:0.73374128341674805] [-0.59833836555480957:0.68660831451416016] [-0.60000002384185791:1] [-0.29696744680404663:0.35349369049072266] [-0.20598980784416199:0.20598980784416199] [-0.3298821747303009:0.41197961568832397] [-0.45136472582817078:0.36129647493362427] [-0.4292483925819397:0.4023594856262207] [-5.1987872123718262:7.2942094802856445] [-2.6283888816833496:3.9474730491638184] [-0.83932173252105713:1.0427672863006592] [-1:1] [-1.6220695972442627:1.8621906042098999] [-1.8485181331634521:1.9173072576522827]
tree_sizes=5223 5319 5316 5329 5348 5358 5353 5365 5349 5364 5360 5356 5387 5382 5375 5358 5371 5370 5373 5376 5382 5391

Tree=0
num_leaves=47
num_cat=0
split_feature=74 75 16 17 75 75 16 16 17 16 143 154 155 74 20 75 155 16 84 75 84 17 16 143 26 75 97 17 155 74 97 16 84 17 17 7 97 143 16 97 84 97 16 97 10 18
split_gain=2.55529e+06 801570 193061 93199.9 89724.5 48932.1 37249.8 22215.8 17381 15435.9 13744.9 12531.2 11733.4 10727.3 9092.49 8767.95 8510.3 7153.33 6942.73 6659.68 6272.88 5561.72 5020.62 4914.91 4832.24 4299.14 3483.28 3040.88 3034.42 3007.25 2840.17 2672.39 2525.05 2401.73 2347.35 2146.38 2137.74 2058.7 2046.05 1989.73 1949.6 2077.89 1769.03 1603.9 1595.36 1585.56
threshold=0.049743559211492545 0.080269478261470809 0.31061333417892462 0.22396993637084964 0.049039345234632499 0.17440210282802585 0.46720869839191442 0.22396993637084964 0.31061333417892462 0.53458327054977428 0.49696043133735662 0.19943242520093921 0.35779914259910589 0.14938494563102725 1.0000000180025095e-35 0.034938812255859382 0.30312375724315649 0.37446653842926031 0.82717010378837597 0.17982689291238788 0.2422270551323891 0.42514967918396002 0.53458327054977428 0.62389153242111217 0.22396993637084964 0.062278673052787788 1.0000000180025095e-35 0.50316895544528972 0.14150409400463107 0.064436677843332305 -0.17960531264543531 0.22396993637084964 1.0003126859664919 0.42514967918396002 0.22396993637084964 0.50132307410240184 -0.17960531264543531 0.71598583459854137 0.63123199343681347 -0.17960529774427411 1.4059565067291262 1.9288660883903506 1.0000000180025095e-35 -0.17960529774427411 0.47004804015159612 0.42514967918396002
decision_type=2 2 2 2 2 2 2 2 2 2 2 2 2 2 2 2 2 2 2 2 2 2 2 2 2 2 2 2 2 2 2 2 2 2 2 2 2 2 2 2 2 2 2 2 2 2
left_child=1 4 5 13 15 10 11 19 16 20 31 17 30 39 -12 -1 18 32 35 26 25 -9 -8 27 -15 -6 29 -16 -22 -5 -10 -3 -4 -14 -18 43 -21 -20 -17 -2 -19 -42 -31 -7 -39 -25
right_child=3 2 6 7 9 8 22 21 12 -11 14 -13 33 24 23 38 34 40 37 36 28 -23 -24 45 -26 -27 -28 -29 -30 42 -32 -33 -34 -35 -36 -37 -38 44 -40 -41 41 -43 -44 -45 -46 -47
leaf_value=-1.4441179249786606 -1.6609039882945935 -1.6014471299691222 -1.5528138512296128 -1.6132110791143597 -1.5016303434687031 -1.632952248693283 -1.5057409368924208 -1.6099528223658093 -1.5816903582425381 -1.4702927172657494 -1.5710939326862239 -1.5106351216514595 -1.6112457360800134 -1.6784200436119794 -1.5762550468668404 -1.4661253064612163 -1.6421202471194023 -1.5301340827408103 -1.6037171902069174 -1.646658108510525 -1.4860973265499096 -1.5654212903092921 -1.4779511052204954 -1.5074887292284784 -1.661834057725196 -1.5296825524772613 -1.6025450394728951 -1.5406984146729987 -1.5048429128658891 -1.6420075593809154 -1.5495127333146099 -1.576464153021516 -1.5775778052253653 -1.5867437499088639 -1.6210111975469657 -1.5839749858305741 -1.6321239822736993 -1.5427551143125833 -1.4483695217791321 -1.6489521455628846 -1.5602325388174798 -1.5171757978348475 -1.6118480113244604 -1.6083189595940131 -1.5806183537299452 -1.533664101797219
leaf_weight=76422.421866178513 44929.851709604263 9267.8263822346926 13781.318521007895 11713.215784817934 11930.232166483998 6856.0505258142948 17806.474630668759 5949.5566297024488 5364.151793718338 20978.750885874033 20248.767275780439 15339.271737009287 13139.013046354055 77326.086735993624 5380.9504849165678 44282.053481906652 12459.572881013155 21988.140907496214 2286.7874003201723 26358.374078810215 20176.286411806941 8190.3429106771946 15046.757245972753 4169.31919708848 29834.886805638671 15951.313225075603 9945.362047880888 6708.8005269169807 24114.622066065669 13154.008781209588 9315.083204716444 12278.348612204194 8143.0714612752199 7869.46217623353 13396.90282574296 2211.0200867056847 23406.843610003591 2451.5169973671436 10707.963073939085 27505.593154251575 6294.31356549263 1803.5839636921883 2905.1999547630548 6156.692493095994 3220.0354318469763 10306.708503141999
leaf_count=136376 243757 47291 58591 57039 36566 25622 54159 30875 21528 49686 57409 44360 69224 421779 24281 100940 68714 82208 9029 147449 53625 36370 36799 12205 179396 58385 51142 26082 74604 70468 33629 57201 35491 36789 70767 10983 133849 5928 20223 156128 24944 4032 15310 25422 10600 36674
internal_value=-1.56791 -1.51864 -1.56133 -1.65161 -1.4705 -1.58606 -1.52356 -1.62483 -1.60384 -1.4968 -1.56402 -1.53849 -1.58525 -1.66677 -1.55337 -1.45186 -1.61737 -1.54672 -1.60197 -1.63141 -1.50453 -1.58413 -1.49298 -1.53988 -1.6738 -1.51765 -1.62032 -1.55648 -1.49628 -1.62669 -1.56124 -1.58719 -1.56199 -1.60205 -1.63118 -1.61584 -1.63982 -1.57548 -1.46265 -1.65637 -1.53561 -1.55055 -1.63654 -1.62128 -1.56415 -1.52607
internal_weight=759073 477854 253290 281219 224564 153087 100203 101623 84726.3 93151.2 68360.7 67349.7 35687.7 179596 46814.5 131412 49038.6 52010.4 23182.1 87483 72172.5 14139.9 32853.2 26565.8 107161 27881.5 37717.8 12089.8 44290.9 27772.4 14679.2 21546.2 21924.4 21008.5 25856.5 15223.8 49765.2 7958.34 54990 72435.4 30086 8097.9 16059.2 13012.7 5671.55 14476
internal_count=3063929 1520367 989962 1543562 530405 649378 340584 542502 388235 272866 261143 249626 161170 1001060 156651 257539 227065 205266 87584 475257 223180 67245 90958 99242 601175 94951 193959 50363 128229 142817 55157 104492 94082 106013 139481 62027 281298 25557 121163 399885 111184 28976 85778 51044 16528 48879
is_linear=0
shrinkage=1


Tree=1
num_leaves=47
num_cat=0
split_feature=75 16 75 16 84 17 155 16 16 155 3 75 17 16 3 160 160 75 17 97 16 16 155 75 16 5 85 16 85 86 155 17 160 16 155 3 84 16 7 104 3 160 75 17 36 26
split_gain=1.97469e+06 495454 180713 129641 59781.4 50124.3 40334.8 21559.4 17329.3 17069.6 16818.9 14391.3 14296.4 10008.7 8427.87 7938.57 7908.73 7548.35 7443.27 5466.46 5221.66 4661.72 4527.5 4286.86 4277.93 4089.31 3749.05 3501.7 3226.46 3199.86 3193.26 3029.53 2934.06 2856.42 2376.37 2228.49 2216.8 2182.31 2163.65 2159.25 2090.26 1896.7 1787.96 1787.34 1738.82 1710.1
threshold=0.1102743409574032 1.0000000180025095e-35 0.057036424055695541 0.31061333417892462 -0.24755045026540753 1.0000000180025095e-35 0.34345048666000372 0.42514967918396002 0.46720869839191442 0.35779914259910589 0.071701113134622588 0.040879182517528541 0.37446653842926031 0.22396993637084964 0.050269667059183128 0.51065576076507579 0.36053578555583959 0.31846599280834204 0.22396993637084964 0.059134805575013168 1.0000000180025095e-35 0.22396993637084964 0.34636901319026953 0.081490874290466322 0.53458327054977428 1.0249226093292239 0.50539687275886547 0.58756005764007579 0.098181422799825682 0.2581928968429566 0.19565273821353915 0.31061333417892462 0.31632754206657415 0.58756005764007579 0.5110878348350526 0.045759489759802825 -0.090820983052253709 0.37446653842926031 0.4881944358348847 0.10172414034605028 0.050269667059183128 0.43916933238506323 0.027827974408864978 0.50316895544528972 0.65692242980003368 0.50316895544528972
decision_type=2 2 2 2 2 2 2 2 2 2 2 2 2 2 2 2 2 2 2 2 2 2 2 2 2 2 2 2 2 2 2 2 2 2 2 2 2 2 2 2 2 2 2 2 2 2
left_child=2 5 11 6 13 15 10 22 14 19 28 42 21 16 30 25 20 -17 -12 26 -4 36 35 -18 -9 45 38 -10 -3 -16 -6 -11 -20 40 -14 -5 -8 -31 -7 -28 -13 -21 -1 44 -24 -2
right_child=1 3 4 7 8 9 12 24 27 31 18 33 34 -15 29 17 23 -19 32 41 -22 -23 43 -25 -26 -27 39 -29 -30 37 -32 -33 -34 -35 -36 -37 -38 -39 -40 -41 -42 -43 -44 -45 -46 -47
leaf_value=0.17572961900523576 -0.020622146052281454 0.069573752184166185 0.020740815507156379 0.12543023696629324 0.1377383561023858 0.0075088287338255875 0.033340094633351768 0.11807645586210413 0.13691501833843966 -0.0072064212467608506 0.023347045635434077 0.15264927655359042 0.059427308984297621 0.10400669441419752 0.11489131120219431 0.01630931516213344 0.098664695015480516 -0.017175689843082348 0.048874589059287599 0.030282908376211639 0.067072214610966768 0.038050911708338485 0.067734970761821861 0.063675693583856982 0.1467601640785732 -0.03176934080383724 0.062714883525267828 0.16051568866923077 0.10263215581921867 0.087592512057362251 0.11394093796424264 0.0095282376879427515 0.072387777421901611 0.16413108351743089 0.040167036818000143 0.094827132334566452 0.010390538824493223 0.11116834656360106 0.037961880428998639 0.026824943488936413 0.13791051399512724 0.055358062775660133 0.16661068376865423 0.094127773338070153 0.088209058666310611 -0.0045876030506341071
leaf_weight=57111.482697188854 42939.921067893505 4732.3095040619373 6321.0517394989729 4651.4172677844763 18553.439948916435 24642.893445834517 6163.7578258961439 22795.640465661883 30233.09270311892 38618.826685935259 7045.5873663425446 29623.516303181648 16845.531469792128 10806.287408694625 18969.23298573494 12951.793871954083 7923.2466442734003 22677.841924786568 10439.710587695241 7073.3320534974337 5646.0663178116083 13619.939380019903 13469.178735345602 9493.2003477364779 9062.956136494875 46940.442180216312 2380.6295673400164 10736.302927047014 16229.36757580936 15245.590232357383 11458.17216143012 20167.007083043456 17534.87412083149 15193.855100959539 14833.675873398781 8334.3928455412388 31475.887179851532 7236.3460172265768 3228.1080029606819 14972.797494515777 21294.063837170601 7809.0447326600552 56836.436630681157 9249.7210066765547 8372.6748085469007 10062.523250386119
leaf_count=86106 258506 19471 34441 12282 46390 121312 34528 67249 77922 234702 32694 63823 75167 38582 60648 52947 27746 99370 48395 36693 25831 67453 56050 39076 19636 269101 8032 20839 45278 52821 34929 112537 62983 28065 74183 29094 175038 23124 17707 57782 53496 34045 99171 33652 31616 63416
internal_value=0.0746417 0.028402 0.139871 0.0675371 0.111843 -0.00464223 0.0474331 0.104309 0.124942 0.0119451 0.0703881 0.163624 0.0319349 0.0751847 0.114508 -0.0191887 0.0645656 -0.00500255 0.0555278 0.0250594 0.0426233 0.0205071 0.0884267 0.0796222 0.126263 -0.0242454 0.0189997 0.143123 0.0951914 0.104232 0.128678 -0.00146491 0.0636257 0.150569 0.0504183 0.105842 0.0141536 0.095209 0.0110437 0.031769 0.146503 0.0434579 0.17119 0.0811335 0.0756058 -0.017579
internal_weight=802003 469322 332681 214857 152622 254465 138921 75936 112432 118893 55981.8 180059 82938.8 40189.9 71462.8 135573 29383.6 35629.6 35020.2 60106.8 11967.1 51259.6 44077.4 17416.4 31858.6 99942.9 45224.4 40969.4 20961.7 41451.2 30011.6 58785.8 27974.6 66111.4 31679.2 12985.8 37639.6 22481.9 27871 17353.4 50917.6 14882.4 113948 31091.6 21841.9 53002.4
internal_count=3063929 2250919 813010 884769 482349 1366150 635190 249579 316673 622810 208821 330661 426369 165676 217912 743340 127094 152317 144072 275571 60272 277019 162694 66822 86885 591023 204833 98761 64749 136593 81319 347239 111378 145384 149350 41376 209566 75945 139019 65814 117319 70738 185277 121318 87666 321922
is_linear=0
shrinkage=0.035


Tree=2
num_leaves=47
num_cat=0
split_feature=72 73 17 17 74 74 73 73 17 16 16 17 154 17 16 16 143 172 90 154 16 154 16 3 16 154 74 172 16 154 16 16 154 16 26 85 17 3 143 17 16 16 18 3 10 74
split_gain=1.74281e+06 250593 217675 89689.1 47221 30986.8 20030.2 17855.5 14440.4 13475.4 13285 12711.2 10500.1 7463.22 7404.27 6330.06 5277.75 5065.13 4382.66 4256.76 5667.15 3994.16 3911.33 3816.22 2873.81 3392.78 2849.5 2756.48 2589.04 2565.89 2714.36 2476.04 2460.23 3189.59 2450.15 2140.74 2061.29 1969.91 1964.86 1865.9 1808.94 1784.45 1722.55 1710.4 1934.24 1693.35
threshold=0.050147121772170074 0.064325112849473967 0.31061333417892462 0.50316895544528972 0.049743559211492545 0.081198122352361693 0.040359202772378928 0.20626429468393329 0.50316895544528972 0.50316895544528972 0.22396993637084964 1.0000000180025095e-35 0.26720170676708227 0.31061333417892462 0.31061333417892462 0.53458327054977428 0.7073960304260255 0.12600558996200564 0.21204293519258502 0.18206328153610232 0.37446653842926031 0.17436352372169497 0.37446653842926031 0.063062664121389403 1.0000000180025095e-35 0.17384142428636554 0.20091687887907031 0.11336160823702814 0.22396993637084964 0.29389709234237676 0.31061333417892462 0.37446653842926031 0.29884487390518194 0.31061333417892462 0.50316895544528972 0.68857890367507946 0.31061333417892462 0.16226017475128177 0.5106625258922578 0.42514967918396002 0.58756005764007579 0.61035025119781505 0.68507987260818493 0.0754726678133011 0.37376695871353155 0.050312785431742675
decision_type=2 2 2 2 2 2 2 2 2 2 2 2 2 2 2 2 2 2 2 2 2 2 2 2 2 2 2 2 2 2 2 2 2 2 2 2 2 2 2 2 2 2 2 2 2 2
left_child=1 6 5 7 8 17 27 12 32 19 24 18 14 16 38 21 -9 37 26 20 -5 31 -10 -14 25 -6 -7 -1 -21 30 -15 -8 33 -4 -13 -23 -25 -2 -3 -12 -11 -29 -26 44 -18 -19
right_child=2 3 4 9 10 11 15 13 22 40 39 34 23 29 -16 -17 43 45 -20 28 -22 35 -24 36 42 -27 -28 41 -30 -31 -32 -33 -34 -35 -36 -37 -38 -39 -40 -41 -42 -43 -44 -45 -46 -47
leaf_value=0.14901853365251966 0.046339054293817308 0.04510216801312783 0.040600729574580344 0.073150556208568362 0.0059770105284560927 -0.018762804981306579 0.079412445802575435 0.019188444940368355 0.076190427314312734 0.12217573942159915 0.040732902153905938 -0.0053971537488236932 0.10367495840707755 0.043923585595918295 0.081724387804337245 0.13950987188157363 0.11282612465385138 0.015486562354657072 -0.0094732533288785434 0.094062368737789753 0.10264435391610315 0.12999483166154677 0.10187052560643467 0.06735237801399134 0.025396412439210984 0.02501115171758302 -0.030843812148855763 0.12883127719535234 0.11572272665946998 0.09092880667216563 0.072777809354891629 0.11232651491454936 0.076008760801504163 0.066158166501438534 0.013025131892706645 0.1140544155127776 0.091200125286991562 0.020573766324231638 0.065123976724383636 0.06911295539727709 0.13936111603925547 0.14677132392080644 0.050273064150327319 0.042083128384917477 0.055425118729068815 0.0011134005590419536
leaf_weight=114873.66730560362 6422.9397255927324 16179.195918932557 19029.567621067166 11865.576934531331 20068.563469305634 43436.885512635112 3562.5529544651508 13064.252536833286 19067.315323382616 22569.755640819669 4233.5499446690083 42929.121161371469 15278.453261315823 8715.3380338698626 18320.668682217598 30045.672103539109 1075.8529861718416 18837.336355835199 27000.554083630443 9315.974485591054 24927.570948526263 35443.418400168419 11913.067248821259 8664.6139876693487 9241.0074954330921 26792.634029611945 53351.297469645739 16317.57440289855 26838.495174780488 3368.2382443994284 7446.5682131648064 14489.175613880157 4744.1117447465658 8766.1955799609423 11132.058688804507 15318.357282996178 9390.8256915360689 8411.4274215996265 9650.2219687998295 8839.8334808200598 12015.517899975181 12709.658512070775 5427.2307900488377 5311.9938254207373 2234.2514703124762 21500.194840922952
leaf_count=170978 25887 75846 85005 45728 115860 249428 12884 68263 70368 51187 20215 248412 36847 40104 63034 53952 2186 89417 154779 28904 72635 75849 34933 26972 48143 129060 302160 33878 69905 9542 26559 38445 15261 33464 65683 36253 25941 36088 31329 35396 21279 19715 25682 17951 6909 115613
internal_value=0.0686504 0.113494 0.0119832 0.0869876 0.0467971 -0.00865337 0.138193 0.0660062 0.0689746 0.110143 0.02791 -0.015762 0.0759093 0.0473806 0.0646931 0.126032 0.0332306 0.0142608 -0.0219453 0.101586 0.0931465 0.120135 0.0860834 0.0907505 0.0210978 0.0168617 -0.0254237 0.146543 0.110158 0.0630773 0.0572407 0.10586 0.0526727 0.0486739 -0.00160253 0.125199 0.0797825 0.0317444 0.0525963 0.0599462 0.12817 0.136715 0.0346181 0.0544781 0.0742547 0.00782709
internal_weight=840138 468993 371145 226233 138123 233022 242760 118700 63520.3 107533 74602.8 177850 77484 41216.5 44150.1 98859.2 21686.4 55171.9 123789 72947.6 36793.1 68813.5 30980.4 33333.9 61529.4 46861.2 96788.2 143901 36154.5 19530.1 16161.9 18051.7 32539.9 27795.8 54061.2 50761.8 18055.4 14834.4 25829.4 13073.4 34585.3 29027.2 14668.2 8622.1 3310.1 40337.5
internal_count=3063929 1163075 1900854 721121 613387 1287467 441954 431483 239031 289638 374356 1020462 259969 171514 170209 217383 95309 267005 706367 217172 118363 163431 105301 89760 318745 244920 551588 224571 98809 76205 66663 51329 133730 118469 314095 112102 52913 61975 107175 55611 72466 53593 73825 27046 9095 205030
is_linear=0
shrinkage=0.035


Tree=3
num_leaves=47
num_cat=0
split_feature=72 75 17 17 74 75 74 75 16 17 16 74 17 143 5 16 16 75 154 155 154 75 16 96 14 143 16 16 16 16 96 154 16 96 16 74 16 85 75 16 86 16 17 154 84 155
split_gain=1.44892e+06 214903 196252 53442.8 40274.3 31104.3 29410.5 14131.8 12556.9 12035.1 11336.8 11162.7 6346.38 6214.9 5574.33 5316.73 5060.04 5037.99 4882.83 4458.91 3880.09 3351.62 3339.68 3028.41 2832.05 2798 2628.72 2626.75 2410.56 2316.21 2181.44 2094.13 2771.12 2073.03 2046.78 2039.02 1995.31 1935.97 1731.27 1612.29 1589.51 1517.74 1508.08 1458.61 1445.92 1359.1
threshold=0.050147121772170074 0.086675375699996962 0.31061333417892462 0.46720869839191442 0.050312785431742675 0.050367143005132682 0.14532759040594104 0.22304575890302661 0.42514967918396002 0.50316895544528972 0.22396993637084964 0.061883462592959411 0.31061333417892462 0.60954701900482189 1.0878710746765139 0.50316895544528972 0.22396993637084964 0.14874279499053958 0.18206328153610232 0.27147418260574346 0.29032166302204138 0.033271059393882758 0.42514967918396002 0.019622528925538067 0.37446653842926031 0.45695841312408453 0.22396993637084964 1.0000000180025095e-35 0.56247621774673473 0.22396993637084964 -0.17960531264543531 0.29884487390518194 0.31061333417892462 1.2156323194503786 0.31061333417892462 0.064436677843332305 0.37446653842926031 0.2773513942956925 0.31846599280834204 0.37446653842926031 0.42708340287208563 1.0000000180025095e-35 0.42514967918396002 0.18739927560091021 -0.17960531264543531 0.45250926911830908
decision_type=2 2 2 2 2 2 2 2 2 2 2 2 2 2 2 2 2 2 2 2 2 2 2 2 2 2 2 2 2 2 2 2 2 2 2 2 2 2 2 2 2 2 2 2 2 2
left_child=1 5 6 7 9 21 11 13 18 31 23 17 19 16 24 25 -3 -2 34 37 33 -1 40 35 -8 36 -15 30 43 -20 -13 32 -4 -14 -5 -6 -7 -9 -19 -18 -11 -37 -12 -10 -27 -25
right_child=2 3 4 8 10 15 14 12 28 22 42 27 20 26 -16 -17 39 38 29 -21 -22 -23 -24 45 -26 44 -28 -29 -30 -31 -32 -33 -34 -35 -36 41 -38 -39 -40 -41 -42 -43 -44 -45 -46 -47
leaf_value=0.13477872107585659 0.04856534561849063 0.034876138854617017 0.037939339713530348 0.053724180861560625 0.024722361580323756 0.073497555167994971 -0.017983979078188321 0.028290002653985381 0.098659831408651227 0.079051820725956512 0.038351458393309203 -0.010736980102645901 0.042270212724434091 0.073237406104633807 -0.031016289379783488 0.11824952122303062 0.060363637366363104 0.020799878491409358 0.075777146866396972 0.01746450598588312 0.086695387736476601 0.125203402327762 0.097709005910954674 0.038879985672514571 0.0024353865614670589 0.095351788167523308 0.097282275170250163 0.015758011443661905 0.12090191385188705 0.097517321862614303 0.0013798159198333169 0.069838815201941254 0.061229091343312204 0.075486705675948104 0.076352360668138095 0.0046681425067744923 0.097578694045239417 0.059595725445322691 0.0043516553867914143 0.082333715536727192 0.060588475982673702 0.024241719998343007 0.063663107087032988 0.1187399219803433 0.10916898531502316 0.018316837538966835
leaf_weight=95805.308083459735 6038.4034976959229 9004.2873811274767 19901.112186402082 7400.3930684775114 16424.640869349241 5693.3510685712099 56998.968858033419 3939.2575555741787 28663.67502053082 15254.228881418705 4298.932236418128 43514.860482424498 12270.90566572547 21205.338938593864 44342.593093961477 36380.600670725107 15582.138765275478 18198.952205255628 8853.3896145224571 14408.107013806701 4184.425005659461 88156.790193453431 8404.1224108934402 11912.49115498364 9740.1854974329472 12255.052358776331 7673.0810165703297 7726.7055353373289 11076.62405140698 19695.418201029301 31281.694214552641 5019.7395961433649 9173.5377192050219 2847.2796975821257 14961.643750965595 21258.650222793221 17585.887998640537 6352.0698379576206 13776.825221300125 5647.3196304291487 9367.8949435353279 6284.6232135891914 9011.4963718652725 5459.399313300848 45134.509736731648 5909.3972284644842
leaf_count=123544 22643 39304 86967 30412 80449 19541 347688 16080 71073 51182 19978 243124 53186 56854 244733 68852 59473 82854 27110 73618 10659 144338 21839 57459 57135 33046 16712 43048 19366 50735 176137 15464 33649 9406 49939 113530 46257 16536 70105 17343 33957 31847 34604 10853 98838 32462
internal_value=0.0635926 0.102548 0.0114655 0.0743454 0.0438268 0.121212 -0.00840585 0.0568379 0.093124 0.0635276 0.0262154 0.0035668 0.0418089 0.0680196 -0.0213972 0.107088 0.0569012 0.0192583 0.0811777 0.0300451 0.0568472 0.130194 0.0785917 0.0199001 -0.0150038 0.102046 0.0796454 -0.00366224 0.106567 0.090793 -0.00566963 0.048924 0.0452991 0.0485541 0.0688807 0.014963 0.0917101 0.047637 0.0137155 0.06623 0.072044 0.00913892 0.0555097 0.101893 0.106229 0.0320706
internal_weight=874076 500236 373840 199225 142221 301012 231619 103114 96110.5 67120.6 75100.2 120537 44002 59112.2 111082 117049 30233.7 38014.2 50910.8 24699.4 19302.6 183962 33026.2 61789.8 66739.2 80668.8 28878.4 82523.3 45199.7 28548.8 74796.6 34094.4 29074.6 15118.2 22362 43967.9 23279.2 10291.3 31975.8 21229.5 24622.1 27543.3 13310.4 34123.1 57389.6 17821.9
internal_count=3063929 1163075 1900854 628659 613387 534416 1287467 369171 259488 243058 370329 637911 179485 189686 649556 266534 116120 175602 158196 106234 73251 267882 106978 315747 404823 197682 73566 462309 101292 77845 419261 136080 120616 62592 80351 225826 65798 32616 152959 76816 85139 145377 54582 81926 131884 89921
is_linear=0
shrinkage=0.035


Tree=4
num_leaves=47
num_cat=0
split_feature=74 75 17 17 75 73 17 20 74 154 84 17 72 17 154 3 72 155 75 5 143 3 97 90 154 3 75 97 84 74 96 96 143 17 17 98 17 25 17 96 84 172 20 155 17 96
split_gain=1.23754e+06 282001 71244 69516 36464 16953.4 12296.4 11954.9 9414.04 7560.09 6035.78 5559.77 4877.28 4734.49 4217.35 4193.55 4054.71 3782.57 3443.25 3364.88 3346.35 2816.98 2776.54 2525.79 2491.11 2424.4 2358.04 2128.48 2002.94 1980.63 1764.52 1731.02 1721.91 1884.46 1620.38 1564.17 1536.77 1492.28 1416.57 1391.55 1358.96 1282.27 1272.48 1197.77 1196.15 1144.7
threshold=0.049743559211492545 0.090657841414213194 0.42514967918396002 0.22396993637084964 0.051693238317966468 0.21636166423559192 0.53458327054977428 1.0000000180025095e-35 0.18477755784988406 0.26720170676708227 0.25907601416110998 0.42514967918396002 0.044760592281818397 0.22396993637084964 0.3085325956344605 0.055960671976208694 0.043289925903081901 0.35779914259910589 0.03798066824674607 1.0301751494407656 0.71170765161514293 0.097698155790567412 0.63127157092094432 0.18536745756864551 0.26472660899162298 0.049219632521271713 0.064893480390310301 0.59790426492691051 0.35980007052421575 0.064436677843332305 -0.25819887220859522 -1.0000000180025095e-35 0.67508739233016979 1.0000000180025095e-35 0.61035025119781505 -0.17960531264543531 0.58756005764007579 0.22396993637084964 0.22396993637084964 0.019622528925538067 0.20125637948513034 0.105893362313509 0.3114724606275559 0.41080753505229956 0.31061333417892462 0.12664472311735156
decision_type=2 2 2 2 2 2 2 2 2 2 2 2 2 2 2 2 2 2 2 2 2 2 2 2 2 2 2 2 2 2 2 2 2 2 2 2 2 2 2 2 2 2 2 2 2 2
left_child=1 4 5 8 18 9 16 17 23 27 26 -9 28 20 22 41 24 29 -1 37 -7 -22 -15 32 31 -12 -6 38 -8 -5 -19 -4 33 -2 -30 -23 -27 -10 -3 40 -31 -11 -14 -13 -17 -28
right_child=3 2 6 7 10 13 12 11 19 15 25 43 42 14 -16 44 -18 30 -20 -21 21 35 -24 -25 -26 36 45 -29 34 39 -32 -33 -34 -35 -36 -37 -38 -39 -40 -41 -42 -43 -44 -45 -46 -47
leaf_value=0.12076434355705365 -0.021812456332696767 0.017316405946967321 0.059802037436669432 0.029817236010888176 0.093872408042079691 0.0040025977974112994 0.075595521962187093 0.023063870332940387 -0.019971297439767079 0.092691614123083341 0.10428045184922599 0.058142969439719847 0.060227806168380908 0.024966546217927547 0.061389377459737264 0.049840116497014669 0.05550679146573783 -0.0047225341431561263 0.11121758758700355 -0.031248173141473008 0.061862610166768917 0.0057861076919581804 0.049201655660181615 0.00082488134435325725 0.089409062052423202 0.082061357805191248 0.071374793266025985 0.058946097626155304 0.090303010929530567 0.0071839203448708054 0.011121824760360414 0.075212335688869356 -0.0031190280004064911 -0.0074103352793042816 0.10395683148566148 0.033986312764350414 0.096943860990765199 -0.0014255591097322965 0.041158010773084862 0.02765499780594011 0.086372184152159123 0.069183295526924607 0.079184887161193721 0.039231677079865301 0.067476133711147732 0.085989570827041367
leaf_weight=128930.71273757517 25527.021603107452 3498.99182087183 15202.070014491677 14650.502267107368 17136.114997431636 12587.754974380136 7517.5957033038139 17585.603276535869 31517.794390395284 6759.2642097175121 52474.416166618466 10833.839941009879 7317.3118820637465 23684.149635404348 6765.9806834161282 12886.05376508832 24986.469073325396 16116.140462130308 74469.906599372625 41809.469068482518 2616.4841640889645 4488.0062454938889 7677.2354720979929 27822.830961853266 9204.7603783756495 11725.618986517191 16750.912921056151 7757.1704070270061 30336.563776731491 17292.430902138352 18473.636861026287 22371.921697661281 19627.7787579 19748.780475974083 17122.734305739403 5205.88111294806 34298.171252861619 6395.1506300270557 24692.572114109993 6231.53856728971 263.70518636703491 5128.1374346762896 11186.691268607974 6714.9272009581327 7579.440490141511 11266.668144792318
leaf_count=160877 165150 16007 49377 65902 40547 67659 23855 91329 195304 14569 99828 42903 25374 111364 19430 39252 89263 92141 120666 237213 6791 14771 31629 157262 20369 28723 51716 29261 71095 87516 102042 66940 87539 119723 33807 19218 75229 38869 96929 30693 395 11733 32096 29581 20524 31468
internal_value=0.0592557 0.0867217 0.0603546 -0.00178465 0.107733 0.0416697 0.0772464 0.020211 -0.0155809 0.0537503 0.0942207 0.0369854 0.0873192 0.0285738 0.036326 0.0660308 0.0669262 0.0121382 0.117272 -0.0244 0.0166962 0.0296667 0.0309078 -0.00799741 0.0730176 0.0990921 0.0835821 0.0426888 0.0925641 0.0196937 0.0037398 0.0689883 -0.0117792 -0.0155324 0.0952418 0.0209429 0.0931636 -0.016844 0.0382035 0.0134524 0.00840298 0.0825911 0.0717108 0.0509231 0.0563899 0.0772693
internal_weight=904237 623626 276573 280611 347053 131327 145246 108162 172449 68301.6 143652 35134.4 73480.9 63025.5 38127.4 32352.9 71765.2 73028 203401 79722.4 24898.1 12310.4 31361.4 92726.4 46778.8 98498.2 45153.7 35948.7 54976.9 38438.2 34589.8 37574 64903.6 45275.8 47459.3 9693.89 46023.8 37912.9 28191.6 23787.7 17556.1 11887.4 18504 17548.8 20465.5 28017.6
internal_count=3063929 1520367 911313 1543562 609054 499137 412176 542502 1001060 228275 327511 163813 186227 270862 162423 86078 225949 378689 281543 471386 108439 40780 142993 529674 136686 203780 123731 142197 128757 184506 194183 116317 372412 284873 104902 33989 103952 234173 112936 118604 87911 26302 57470 72484 59776 83184
is_linear=0
shrinkage=0.035


Tree=5
num_leaves=47
num_cat=0
split_feature=74 75 16 17 75 155 3 16 16 74 17 16 16 75 143 26 3 75 75 17 17 16 17 97 97 97 143 74 14 143 155 143 155 99 97 95 16 97 26 14 84 109 3 188 72 17
split_gain=1.07067e+06 236457 66997.9 64650.2 27312.6 20704.3 13948 11752.3 10787 9076.34 7661.93 6536.92 5627.68 4310.05 4190.88 3294.41 3132.17 3114.1 2957.03 2544.05 2516.22 2454.75 2444.99 2323.49 2294.9 2132.96 2103.48 1946.83 1798.7 1769.67 1758.17 1733.59 1696.84 1378.51 1378.46 1330.8 1303.25 1293.45 1275.94 1257.19 1231.63 1193.83 1094.97 1078.75 1077.04 1023.79
threshold=0.049743559211492545 0.086675375699996962 0.31061333417892462 0.22396993637084964 0.051693238317966468 0.36695048213005071 0.079361271113157286 0.22396993637084964 0.42514967918396002 0.18477755784988406 0.22396993637084964 0.22396993637084964 0.46720869839191442 0.17982689291238788 0.49502021074295049 0.22396993637084964 0.051475655287504203 0.18172124028205874 0.039495743811130531 0.37446653842926031 0.37446653842926031 0.53458327054977428 1.0000000180025095e-35 1.0000000180025095e-35 -0.17960531264543531 -0.084580179303884492 0.67508739233016979 0.064436677843332305 0.37446653842926031 0.5060986876487733 0.57310491800308239 0.7561432719230653 0.19565273821353915 -0.25819887220859522 0.49471858143806463 -0.22466304153203961 0.58756005764007579 0.16906859725713733 0.31061333417892462 0.37446653842926031 1.0164080858230593 0.31414473056793218 0.22596037387847903 0.028881140053272251 0.11732978001236917 0.31061333417892462
decision_type=2 2 2 2 2 2 2 2 2 2 2 2 2 2 2 2 2 2 2 2 2 2 2 2 2 2 2 2 2 2 2 2 2 2 2 2 2 2 2 2 2 2 2 2 2 2
left_child=1 4 5 9 18 6 24 13 14 22 17 19 16 23 34 -11 29 31 -1 39 -9 -10 26 27 32 -12 38 -5 33 -6 -13 -8 -3 -15 40 -19 -14 -18 -2 -7 -4 -24 -28 -26 -16 -27
right_child=3 2 8 7 12 11 10 20 21 15 25 30 36 28 44 -17 37 35 -20 -21 -22 -23 41 -25 43 45 42 -29 -30 -31 -32 -33 -34 -35 -36 -37 -38 -39 -40 -41 -42 -43 -44 -45 -46 -47
leaf_value=0.11018117359285787 -0.021913450903355725 0.069064030643646912 0.06247619484178505 0.027948227520194331 0.077502739354926062 0.0073548181761917521 0.015931226370181031 0.023393670124347447 0.08271109852217895 -0.028245203731677958 0.04308285762893644 0.048290388308173442 0.093034930912681696 -0.0034418200621243204 0.082582856427842993 -0.011929454885428011 0.071511881086519624 0.0032206796381703015 0.10130972617130315 0.031098339794355317 0.054188203241263597 0.098063594080084027 0.0074053305824121557 0.036481898533944374 0.069001679434408936 0.044120800685163442 0.0076856169379776722 0.0099121731018975579 0.021142210674689396 0.094778078790854911 0.029655219734317055 0.055044972537358378 0.046243176735074637 0.0095651308375741765 0.069837683491059191 0.024820722788999557 0.10564075193106491 0.082847618175572735 -0.0079302236942251064 0.026810370778536718 0.047888321680416096 -0.0055195819875836355 -0.010221671094355169 0.084348947917988054 0.030940408504391257 0.061108258375543748
leaf_weight=144892.686848104 24562.253242947161 8936.537005379796 18431.987685143948 12953.449608892202 10388.883601114154 20043.878397628665 1885.9727359712124 4419.7901790291071 40342.661435008049 57790.305234864354 24206.676635965705 15059.16812813282 36497.222033143044 16386.101605281234 17626.289294362068 20571.07327657938 29374.599170073867 5541.5808173120022 69399.730758175254 11645.738417387009 12438.442928001285 19086.860960736871 13344.505909472704 11131.60654103756 12629.55186496675 5604.5265364199877 7380.7473150938749 16911.005960136652 9785.6939350217581 26063.360691085458 10624.244167402387 5326.6141592115164 7340.1929930597544 25518.337624266744 15115.320497408509 9465.1423492431641 14556.946279391646 22096.183898761868 11866.865358814597 5102.5099677592516 11767.598618462682 25422.3148201406 9637.9036939591169 10590.445524841547 519.23741073906422 20784.831709176302
leaf_count=173311 158599 21568 60341 57039 26182 104004 7331 21324 93485 342826 76972 58302 70758 91982 39386 128560 78318 23286 108232 48280 45921 31883 77045 51142 34347 19676 32322 85778 52535 48492 48106 15888 22123 136781 44757 33300 21173 53581 76721 25120 40431 142540 42447 24697 1696 65341
internal_value=0.0554834 0.0801042 0.057122 -0.00173107 0.0994684 0.0431964 0.0521811 0.0192502 0.0769254 -0.0152055 0.0430898 0.0270409 0.0873715 0.014359 0.0668732 -0.0239634 0.0819825 0.0259456 0.107311 0.0175768 0.0461264 0.0876514 -0.00776217 0.0228334 0.0689324 0.0506146 -0.0126155 0.0177395 0.00763583 0.0898684 0.0405908 0.0448403 0.0587941 0.00447898 0.0611596 0.0168495 0.0966414 0.0763875 -0.0173607 0.0113084 0.0568028 -0.00106982 -0.00245505 0.0760218 0.0811163 0.0575117
internal_weight=931068 650947 297678 280120 353270 174788 112312 109544 122890 170576 72815.3 62475.5 138977 92686.2 63460.4 78361.4 87923 22219.3 214292 36792.1 16858.2 59429.5 92214.6 40996.1 39496.7 50596 53447.8 29864.5 51690.1 36452.2 25683.4 7212.59 16276.7 41904.4 45314.9 15006.7 51054.2 51470.8 36429.1 25146.4 30199.6 38766.8 17018.7 23220 18145.5 26389.4
internal_count=3063929 1520367 940320 1543562 580047 628341 344529 542502 311979 1001060 241794 283812 298504 475257 186611 471386 206573 79805 281543 177404 67245 125368 529674 193959 102735 161989 310089 142817 281298 74674 106408 23219 43691 228763 145529 56586 91931 131899 235320 129124 100772 219585 74769 59044 41082 85017
is_linear=0
shrinkage=0.035


Tree=6
num_leaves=47
num_cat=0
split_feature=74 73 17 17 73 73 16 16 74 154 16 16 17 155 3 17 5 154 154 154 16 16 157 16 77 16 16 17 16 160 17 16 155 86 3 76 26 155 17 83 96 160 96 96 154 26
split_gain=936280 197611 60546.8 58025.1 24037.6 13827.2 11976.1 9623.93 8669.15 6252.15 6825.56 6049.33 4434.7 4231.02 3718.5 3551.18 3330.69 3318.6 3294.05 2961.7 2692.88 2565.27 2420.92 2411.15 2370.97 2257.82 2197.97 2069.96 2060.51 1979.65 1901.57 1693.79 1660.47 1610.39 1592.15 1560.99 1553.09 1464.7 1260.85 1229.08 1219.15 1210 1200.36 1167.14 1093.62 1059.39
threshold=0.050312785431742675 0.081997167319059386 0.46720869839191442 0.22396993637084964 0.049308879300951965 0.26377621293067938 0.42514967918396002 0.22396993637084964 0.18477755784988406 0.26720170676708227 0.22396993637084964 0.46720869839191442 0.22396993637084964 0.12509951740503314 0.055960671976208694 0.37446653842926031 1.0933871865272524 0.19867298752069476 0.32238826155662542 0.18651650100946429 0.22396993637084964 0.58756005764007579 0.28989069163799291 0.31061333417892462 0.33863356709480291 0.22396993637084964 0.31061333417892462 0.37446653842926031 0.53458327054977428 0.59378996491432201 0.31061333417892462 0.37446653842926031 0.41707852482795721 0.25819893181324011 0.050269667059183128 0.7805042862892152 0.46720869839191442 0.35198441147804266 1.0000000180025095e-35 3.1091264486312871 1.0000000180025095e-35 0.54697197675704967 0.89495843648910534 -0.17960531264543531 0.18739927560091021 0.46720869839191442
decision_type=2 2 2 2 2 2 2 2 2 2 2 2 2 2 2 2 2 2 2 2 2 2 2 2 2 2 2 2 2 2 2 2 2 2 2 2 2 2 2 2 2 2 2 2 2 2
left_child=1 4 5 8 13 9 17 15 24 10 -3 19 29 34 39 37 36 20 23 26 -4 -15 32 42 35 -19 -6 -9 44 -7 43 -12 40 -21 -1 -2 -10 -5 41 -11 -17 -26 -14 -16 -8 -39
right_child=3 2 6 7 11 12 28 27 16 14 31 -13 18 21 30 22 -18 25 -20 33 -22 -23 -24 -25 38 -27 -28 -29 -30 -31 -32 -33 -34 -35 -36 -37 -38 45 -40 -41 -42 -43 -44 -45 -46 -47
leaf_value=0.1026165740929488 -0.0052136130536655743 0.02577749584400757 0.034659961854748525 0.014712697671166427 0.047223440120033121 0.0043768085047535361 0.074342504393313302 0.02182645146724603 -0.020106315641211691 0.075470101260768585 0.044971565727906303 0.089831957751224087 0.018323428967029588 0.084988906654986721 0.031890946578002843 0.024034940661759853 -0.031890809545330343 0.059328805711444256 0.059003800068169708 0.082792012858585937 0.058545241699272117 0.098437600368152842 0.0024900194418959426 0.046135729652736053 -0.021452531964971554 0.077053606405781322 0.07038073113731555 0.049897985772640853 0.0903794199653353 0.027674393382774772 0.059668052670548734 0.063277743174930193 0.014106653873422923 0.070730493197760411 0.091810455698521976 0.010797527485115208 -0.0023007282822249835 -0.0028412683916666098 -0.0059475210344066684 0.048278983810788136 0.040737700511893543 -0.0038119979448519004 0.038914933712999818 0.049888582351630996 0.090471946202061046 0.011541330384086107
leaf_weight=144684.13341630995 35084.213941864669 27112.773937851191 6900.7991560846567 17064.045194670558 6670.4211889356375 14079.945744276047 32740.935825332999 4393.8804937601089 36642.16437176615 11978.393015041947 29201.259908869863 47853.407641947269 17983.111712500453 39134.190070554614 8019.6154732555151 17063.579764008522 33214.538951389492 16042.164099186659 4867.4661619514227 40355.081461280584 36797.076399043202 32167.315230444074 7759.8628025501966 6795.8261307924986 22411.46430157125 19969.413802146912 21065.670671567321 12177.720746874809 22429.951545879245 6541.4881764799356 12594.052208572626 7924.3706930875778 13669.027898401022 21021.22123169899 19572.843875899911 9466.7931370511651 7179.3481081277132 19554.251708522439 18419.5642388165 2508.9222058057785 7836.3133562803268 6053.6422139555216 4302.3601479381323 9975.697713047266 6304.9510026872158 9229.6950062960386
leaf_count=168166 196696 112429 26534 79263 22544 69120 74711 20916 234131 24764 106282 80606 84913 69928 23827 80201 192183 45112 12584 82088 113545 41282 40084 22908 145088 45558 53572 43885 36035 20763 31712 22594 70165 44934 29603 51216 45072 112146 106920 5494 34405 28240 17610 29942 11449 52709
internal_value=0.0521694 0.0743379 0.0534495 -0.00201617 0.0914429 0.0389746 0.0702493 0.0179136 -0.0148811 0.046158 0.0391378 0.0797719 0.024581 0.0982267 0.0561558 0.013497 -0.0235305 0.0612849 0.0323568 0.0743639 0.0547787 0.0910641 0.0203307 0.0278852 -0.00759258 0.0691691 0.0648232 0.0424661 0.0818651 0.0117735 0.0492151 0.0488888 0.0239189 0.0786684 0.101332 -0.00181016 -0.0171901 0.00658967 -0.0130861 0.0707837 0.0293004 -0.0177028 0.0223086 0.0418817 0.0769607 0.00177171
internal_weight=954815 677595 305071 277220 372524 163885 141185 108748 168472 109315 64238.4 136966 54570.2 235558 45076.7 92176.8 77036.1 79709.5 33948.8 89112.4 43697.9 71301.5 46328.8 29081.3 91435.7 36011.6 27736.1 16571.6 61475.8 20621.4 30589.4 37125.6 38568.9 61376.3 164257 44551 43821.5 45848 46884.7 14487.3 24899.9 28465.1 22285.5 17995.3 39045.9 28783.9
internal_count=3063929 1530609 937886 1533320 592723 584942 352944 533774 999546 357044 241305 283744 227898 308979 115739 468973 471386 230749 138015 203138 140079 111210 224855 125431 528160 90670 76116 64801 122195 89883 85481 128876 184771 127022 197769 247912 279203 244118 280248 30258 114606 173328 102523 53769 86160 164855
is_linear=0
shrinkage=0.035


Tree=7
num_leaves=47
num_cat=0
split_feature=74 75 16 21 75 155 16 3 74 16 75 16 16 74 154 76 3 5 74 75 144 104 96 82 16 75 98 16 97 97 96 84 74 75 143 155 84 90 73 152 160 16 154 16 16 16
split_gain=825618 180409 48726.4 45318.6 26180 14748.7 12288.7 10427 8401.3 7731.51 6831.11 5252.04 5086.09 4198.86 3778.99 3552.69 3042.33 3036.96 2817.79 2803.17 2780.79 2470.56 2351.53 2236.24 1939.21 1854.14 1777.76 1674.52 1625.59 1604.54 1573.6 1451.59 1446.54 1330.1 1252.46 1238.11 1232.01 1207.36 1147.36 1149.66 1100.18 1093.84 1093.58 1065.57 1010.25 987.661
threshold=0.050312785431742675 0.093351885676383986 0.31061333417892462 1.0000000180025095e-35 0.053070941939949996 0.36695048213005071 0.22396993637084964 0.079361271113157286 0.14938494563102725 0.46720869839191442 0.21906406432390216 0.46720869839191442 0.22396993637084964 1.0000000180025095e-35 0.19943242520093921 0.94931367039680492 0.049219632521271713 1.0933871865272524 0.071208421140909209 0.036510195583105094 0.090194713324308409 0.10620300844311716 -0.17960531264543531 1.2112000584602358 0.37446653842926031 0.21504964679479602 -0.23446166515350339 0.31061333417892462 -0.17960531264543531 0.85798570513725292 0.019622528925538067 0.29394695162773138 1.0000000180025095e-35 0.068820696324110045 0.5060986876487733 0.19565273821353915 0.70375642180442821 1.0226479768753054 0.19659824669361117 0.022286217659711841 0.54992738366127025 0.58756005764007579 0.19867298752069476 0.65050083398818981 0.61035025119781505 1.0000000180025095e-35
decision_type=2 2 2 2 2 2 2 2 2 2 2 2 2 2 2 2 2 2 2 2 2 2 2 2 2 2 2 2 2 2 2 2 2 2 2 2 2 2 2 2 2 2 2 2 2 2
left_child=1 4 5 8 19 7 10 28 20 14 18 16 29 15 24 25 34 37 45 -1 21 -2 38 26 -4 -9 -12 36 35 32 -20 -14 -7 -18 -6 -3 -8 -10 -15 -40 -22 -13 -33 -21 -11 -5
right_child=3 2 9 6 11 12 27 13 17 44 23 41 31 22 -16 -17 33 -19 30 43 40 -23 -24 -25 -26 -27 -28 -29 -30 -31 -32 42 -34 -35 -36 -37 -38 -39 39 -41 -42 -43 -44 -45 -46 -47
leaf_value=0.095421016046678228 0.048262788525036432 0.05992871889937354 0.048418081854025387 0.021269224534250897 0.067380435679306142 0.0025918393092509082 0.040275014980058435 0.027432260418393375 -0.019703856662067067 0.07661296239249786 -0.0083692125850376789 0.079493401488637705 0.049365166265804984 0.040721369703339283 0.073765357573335175 0.045673760790538476 0.071063858924685461 -0.031024796122856645 0.0039458225562780625 0.086385727594130837 -0.013282001618509892 0.0028981156656487216 0.049902696126309848 0.017635974172763663 0.060968860836471968 0.0048182421966731087 0.0035113673325163968 0.053823988559725443 0.065475825071864724 0.031979165813652427 0.022404462446619911 0.026777554738041547 0.018081623347923483 0.060753898052366903 0.081004915454403054 0.040238355743676263 0.015186274611803424 -0.0027538637166591119 0.018386871770563577 0.058039721414471064 0.0020995877811287632 0.090522080112950251 0.047831434948986742 0.097881779442980321 0.093974482522200323 0.037102934141515422
leaf_weight=137272.71342007816 1692.1551426127553 8531.7698601186275 26347.667290240526 22340.551778480411 12077.845879971981 11521.63142375648 6496.2027836591005 9644.3426253795624 41606.043478831649 34440.597229793668 27024.184935793281 41231.624450236559 6926.4048565030098 12561.756855502725 18384.003931701183 7538.8315819203854 25149.761213228106 36632.389436885715 20302.989917129278 90166.449598908424 27943.061588808894 10986.139981105924 27209.397197753191 8395.6751549988985 35935.119062021375 8236.1167029589415 35941.768712684512 6415.9722097963095 22912.510203376412 6195.9316109865904 7839.9023394137621 16206.570673316717 20585.015892207623 40892.120429977775 28247.582037866116 7359.2880584299564 3817.5243709981441 5878.541973605752 6820.1270799338818 1028.1323373764753 7151.4882533848286 15681.60350856185 3729.8015856742859 11542.859507769346 4821.0190028846264 6175.7447128593922
leaf_count=148957 2040 19109 85211 111580 28651 57005 25776 28823 269226 64590 161432 74637 26206 38767 36083 20600 55819 216431 116086 132206 181145 13956 86461 45858 94564 30027 212232 21441 54575 26920 39636 67573 96700 105710 49265 21247 17027 34336 25582 2645 38099 21227 12439 12796 6214 27019
internal_value=0.0492265 0.0694764 0.0487818 -0.00195478 0.0847515 0.0371091 0.0115671 0.0448213 -0.0167951 0.0660072 0.00787948 0.0739407 0.0238696 0.0370256 0.0597952 0.0255282 0.0693342 -0.0234518 0.0169522 0.0921357 -0.00507235 0.00897353 0.0431588 0.000675043 0.0556648 0.0170214 -0.0015878 0.0397722 0.0594866 0.0156766 0.00909193 0.0355453 0.0125248 0.0646863 0.0769351 0.0508291 0.0310037 -0.0176063 0.0341558 0.0236229 -0.0101475 0.0825416 0.0307301 0.0876962 0.0787591 0.0247057
internal_weight=975839 699199 296936 276640 402263 177008 144751 111842 131890 119928 128021 163281 65165.4 73038.7 80666.8 25419.3 106367 84117 56659.2 238982 47772.8 12678.3 47619.4 71361.6 62282.8 17880.5 62966 16729.7 38803.6 38302.6 28142.9 26862.8 32106.6 66041.9 40325.4 15891.1 10313.7 47484.6 20410 7848.26 35094.5 56913.2 19936.4 101709 39261.6 28516.3
internal_count=3063929 1530609 901341 1533320 629268 614679 778087 327836 755233 286662 713843 335309 286843 232905 215858 79450 239445 519993 294321 293959 235240 15996 153455 419522 179775 58850 373664 64244 94931 180625 155722 106218 153705 161529 77916 40356 42803 303562 66994 28227 219244 95864 80012 145002 70804 138599
is_linear=0
shrinkage=0.035


Tree=8
num_leaves=47
num_cat=0
split_feature=72 75 17 16 17 16 155 75 16 3 72 17 143 143 17 143 154 16 5 16 17 95 108 13 75 119 3 90 17 75 75 16 155 75 99 97 143 171 97 16 16 16 75 16 85 85
split_gain=726496 108280 103950 32912.3 20332.5 17675.6 13928.4 12710.4 6183.25 5572.87 5333.3 4981.49 4695.06 4615.1 4227.25 3931.14 3346.87 2934.1 2908.69 2686.18 2578.49 2398.34 1847.68 1583.76 1582.13 1580.51 1475.67 1402.33 1380.48 1368.94 1361.4 1343.56 1326.44 1253.28 1251.77 1221.6 1193.32 1138.87 1128.47 1115.31 1079.43 1070.7 1062.95 1020.78 1082.99 983.051
threshold=0.056276356801390655 0.07657115533947946 0.31061333417892462 0.31061333417892462 1.0000000180025095e-35 0.22396993637084964 0.27684283256530767 0.046413419768214233 0.46720869839191442 0.049219632521271713 0.18818177282810214 0.37446653842926031 0.73908051848411571 0.57814249396324169 0.50316895544528972 0.67508739233016979 0.18142321705818179 1.0000000180025095e-35 1.0878710746765139 0.56247621774673473 0.22396993637084964 1.0000000180025095e-35 0.45307917892932897 0.22396993637084964 0.22902549803256991 1.0000000180025095e-35 0.050269667059183128 1.2167564630508425 0.42514967918396002 0.22103104740381244 0.13132147490978244 0.37446653842926031 0.075325828045606627 0.25737924873828893 -0.18090410530567166 -1.0000000180025095e-35 0.5130985975265504 0.38163572549819952 0.70082879066467296 0.65050083398818981 0.58756005764007579 0.37446653842926031 0.29462598264217382 0.22396993637084964 1.402921259403229 0.55524620413780224
decision_type=2 2 2 2 2 2 2 2 2 2 2 2 2 2 2 2 2 2 2 2 2 2 2 2 2 2 2 2 2 2 2 2 2 2 2 2 2 2 2 2 2 2 2 2 2 2
left_child=1 7 4 6 10 13 9 32 16 25 15 24 21 17 38 -2 31 34 27 26 33 23 -19 29 -8 -3 -9 -12 -15 -6 -14 -5 -1 -11 -4 -13 -22 -27 45 -34 -10 -16 -17 44 -38 -7
right_child=2 3 5 8 12 14 11 19 40 20 18 35 30 28 41 42 -18 22 -20 -21 36 -23 -24 -25 -26 37 -28 -29 -30 -31 -32 -33 39 -35 -36 -37 43 -39 -40 -41 -42 -43 -44 -45 -46 -47
leaf_value=0.090277083228356148 -0.015661989574778271 0.04823572247379132 -0.00014703951939730274 0.047201803683853537 0.0050820914187619639 0.039088753228273335 0.030566048670986511 0.0758019291750332 0.072196624385887739 0.038454199088326299 -0.018751551686711648 0.032174044720280848 0.046584775077286145 0.024231661360857283 0.049105734600635657 0.013333343395546555 0.068966009569679812 0.033771116898792967 -0.03005808498077317 0.083835370928135103 0.033702268007261713 0.013258328642741077 0.014908082822533315 0.013085948526763924 0.014440919977709826 0.060732226099458914 0.067783698427730257 0.0021359134830534832 0.040127236791124662 -0.0065323587227755584 0.018190193288166064 0.058659509230992099 0.081748469471595461 0.014446446966727696 0.013923345832323146 0.045620117699038377 0.049971556764317603 0.076430236687970263 0.048597883809180745 0.090153624053278092 0.084419098769004344 0.062982212990101899 -0.0054733622798514717 0.061579063002173036 0.026263956259555382 0.02327671021891959
leaf_weight=116199.04989370704 26174.803481288254 6730.8856587260962 13412.148002833128 20268.612970486283 16889.636564649642 10827.909621953964 11450.350834921002 56794.681672155857 40954.749176666141 7325.546689748764 39935.911759667099 15814.468864038587 2723.1554014831781 12693.936333268881 14084.58933660388 10019.981971390545 30135.043639317155 12186.015611991286 36339.575497403741 28503.885645776987 5731.5332472473383 16242.517483770847 13342.49342623353 7959.8329302370548 21415.248673260212 13251.8814021945 57668.146241560578 4365.9251923635602 14267.835592567921 47044.637356199324 8628.0918808206916 33840.742118418217 60300.736531704664 4202.6264982968569 18321.99699871242 17596.336895406246 22802.403070449829 10233.428096503019 6829.6949814260006 29844.321675762534 11669.317659437656 13569.377389416099 5812.7009070366621 8532.5440608412027 2658.7091165482998 8753.3632232695818
leaf_count=122838 174201 14069 73731 62647 81974 39691 42405 95922 74178 21448 257716 56899 8848 47105 42843 39269 59161 52227 216086 38612 21168 90570 59680 42257 101270 30783 118886 23369 49233 278365 31819 84585 79586 14410 91496 58921 61487 18338 22219 31527 15476 31818 26387 19157 6134 33118
internal_value=0.046593 0.069151 0.006917 0.0531236 -0.00791348 0.0307389 0.0416647 0.0822088 0.0654908 0.0513585 -0.01745 0.029745 0.00384347 0.0207109 0.0463566 -0.00733601 0.059598 0.0150861 -0.0227176 0.0741758 0.0443176 0.001114 0.0239185 -0.00163044 0.0200637 0.0632899 0.0717661 -0.0166929 0.0326508 -0.00346382 0.0250238 0.0543735 0.087772 0.0297149 0.00797745 0.0392628 0.0485499 0.0675906 0.0363248 0.0845371 0.0749164 0.0559272 0.00642877 0.0510467 0.0475031 0.0320301
internal_weight=994351 633925 360426 284614 222137 138289 147746 349311 136868 81469.6 122649 66276.4 99487.9 84224.4 54064.9 42007.5 84244.4 57262.7 80641.4 142967 51253.4 88136.6 25528.5 71894.1 32865.6 30216.2 114463 44301.8 26961.8 63934.3 11351.2 54109.4 206344 11528.2 31734.1 33410.8 39725.2 23485.3 26411 90145.1 52624.1 27654 15832.7 33993.7 25461.1 19581.3
internal_count=3063929 1249907 1814022 762536 1270861 543161 466489 487371 296047 206994 737028 259495 533833 373472 169689 239857 206393 277134 497171 253420 143804 493166 111907 402596 143675 63190 214808 281085 96338 360339 40667 147232 233951 35858 165227 115820 107946 49121 95028 111113 89654 74661 65656 86778 67621 72809
is_linear=0
shrinkage=0.035


Tree=9
num_leaves=47
num_cat=0
split_feature=74 75 17 16 75 155 3 74 16 16 17 16 16 154 5 17 171 171 3 82 16 108 160 75 17 16 17 25 5 96 75 97 17 143 108 75 16 16 137 160 36 97 80 160 154 16
split_gain=659311 143583 47233.5 39728.9 18500.2 13250.5 8646.59 7757.55 7623.82 6581.72 4816.14 3943.26 3747.86 3403.88 3155.55 3072.54 2966.73 2805.32 2332.83 2293.77 1835.83 1722.66 1671.02 1618.42 1608.75 1607.07 1596.13 1542.56 1491.45 1479.57 1472.44 1311.53 1297.42 1290.42 1258.89 1153.23 1125.97 1106.17 1089.68 1056.68 1044.53 1038.53 995.009 971.787 963.827 962.527
threshold=0.050312785431742675 0.086675375699996962 0.22396993637084964 0.31061333417892462 0.047758344560861594 0.40222463011741644 0.14451719820499423 0.18477755784988406 1.0000000180025095e-35 0.42514967918396002 0.22396993637084964 0.53458327054977428 0.22396993637084964 0.2365350425243378 1.110202491283417 0.42514967918396002 0.1870238855481148 0.25952056050300604 0.050269667059183128 0.32120458781719213 0.22396993637084964 0.22653958946466449 0.55615144968032848 0.37962117791175848 0.42514967918396002 0.53458327054977428 1.0000000180025095e-35 0.22396993637084964 0.81061223149299633 -0.17960531264543531 0.029717182740569118 -0.067850396037101732 0.50316895544528972 0.45695841312408453 0.6909814476966859 0.066178206354379668 0.22396993637084964 0.31061333417892462 0.60404199361801159 0.47765608131885534 0.65365403890609752 0.82578584551811229 1.7320508360862734 0.40789026021957403 0.17791830748319629 0.37446653842926031
decision_type=2 2 2 2 2 2 2 2 2 2 2 2 2 2 2 2 2 2 2 2 2 2 2 2 2 2 2 2 2 2 2 2 2 2 2 2 2 2 2 2 2 2 2 2 2 2
left_child=1 4 7 5 30 6 17 19 16 13 23 18 24 32 27 -10 28 36 33 22 38 -18 26 31 41 44 -2 43 -4 -12 -1 -8 40 -6 -14 -20 -3 -17 42 -33 -5 -7 -19 -9 -11 -37
right_child=2 3 8 9 11 12 10 14 15 25 29 -13 34 -15 -16 37 21 20 35 -21 -22 -23 -24 -25 -26 -27 -28 -29 -30 -31 -32 39 -34 -35 -36 45 -38 -39 -40 -41 -42 -43 -44 -45 -46 -47
leaf_value=0.085627814299724353 -0.018439899971647022 0.033152808299547351 0.010071210218371813 0.038469176934509408 0.061434011423970564 0.0059496339788055481 0.012426638462495327 -0.022556783141912552 0.018182042773533937 0.060213100518504592 0.029637964990632672 0.076815293269722168 0.04102192702210776 0.069113145285110353 -0.031230954544798226 0.032696831450522469 0.023869900682514451 0.049765223678022268 0.065216244722667974 0.0022641443120956406 0.067021111743051878 0.0085258874110616546 0.00092232000697810854 -0.0001091125093023619 0.027797337543766266 0.074379808048207943 -0.0062349737944288304 -0.00049317162894193362 -0.0041877099733779411 0.043429346070181937 0.079804589168782455 0.011099179373845624 0.053739385610435945 0.072837776399983845 0.02470383079533155 0.052347013340529686 0.047174957565325491 0.051491444449776207 0.061425767267970971 0.041334002252143634 0.051213177589411248 0.024492001709725233 0.032353621876147959 -0.0099460328706096335 0.072996996896850241 0.06307324881555916
leaf_weight=99196.726557150483 30068.556664995849 15225.154065683484 15601.504515871406 20606.390308558941 17157.050445020199 22701.247380837798 7793.4060790538788 27422.331519201398 19748.832688942552 36882.184148386121 16728.036788776517 41855.24039657414 9149.7850272059441 11131.491987273097 29389.82441008836 14489.704692751169 17491.875800892711 22416.324321821332 36039.231755852699 23916.20830899477 9982.7976272553205 18402.41632835567 12904.410051755607 5300.1526796668768 6997.0687534958124 21858.534899801016 23312.38301345706 6373.2144643142819 21175.158255919814 22386.856079429388 120629.13459213078 1947.5313459187746 27078.925678357482 44530.054090306163 15927.6919567734 25881.906235188246 13177.103356674314 5258.8562047332525 7942.1917575895786 5245.353511095047 12942.652404516935 4417.2000119537115 4961.0018088370562 10319.373718202114 9213.3387560993433 17445.954341262579
leaf_count=98305 197218 49862 84008 63295 35158 113931 26793 191378 95277 78081 51220 58606 33993 18647 180192 57123 79869 56491 70116 134576 18554 83925 57596 20669 26088 31934 138770 39979 117890 66416 147765 8111 68923 70979 62856 64221 37554 15682 15857 15838 36505 20046 12118 59837 15569 36108
internal_value=0.0442172 0.0615394 -0.00191794 0.0444973 0.0755878 0.0341754 0.0403025 -0.0139056 0.0155774 0.0587021 0.0303595 0.0673566 0.0203947 0.0512974 -0.0223454 0.0279535 0.00884896 0.0483126 0.0645468 -0.00702692 0.0537266 0.0160063 -0.0103792 0.0165132 0.0128399 0.066516 -0.0131113 -0.016422 0.00186167 0.0375369 0.0824346 0.0223902 0.0480198 0.0696725 0.0306664 0.0605578 0.0396672 0.0377162 0.049958 0.033165 0.0433941 0.00897499 0.0466182 -0.0191111 0.0627776 0.0566743
internal_weight=1.01062e+06 734748 275875 332012 402735 192299 133106 163706 112168 139714 59401.3 182909 59193 71759.5 73504.7 39497.4 72671 73704.6 141054 90201.6 45302.3 35894.3 66285.3 20286.4 34115.5 67954.1 53380.9 44114.9 36776.7 39114.9 219826 14986.3 60628 61687.1 25077.5 79367.1 28402.3 19748.6 35319.5 7192.88 33549 27118.4 27377.3 37741.7 46095.5 43327.9
internal_count=3063929 1530609 1533320 949351 581258 636397 379483 999546 533774 312954 189047 335188 256914 187370 471386 168082 365692 190436 276582 528160 103020 163794 393584 71411 160065 125584 335988 291194 201898 117636 246070 50742 168723 106137 96849 170445 87416 72805 84466 23949 99800 133977 68609 251215 93650 100329
is_linear=0
shrinkage=0.035


Tree=10
num_leaves=47
num_cat=0
split_feature=74 75 17 16 75 155 3 74 16 16 17 17 16 5 154 17 143 90 154 75 16 108 171 17 16 16 5 26 10 75 143 3 97 16 97 17 97 10 84 84 14 16 3 75 171 13
split_gain=592679 130559 44041.2 36396.2 16165.4 12348.8 7520.34 7464.69 6896.22 6110.34 4768.34 4465.09 3375.38 3101.9 2881.23 2781.46 2741.68 2159.99 2113.91 2077.43 1822.23 1725.14 1661.94 1901.41 1628 1621.41 1560.06 1466.44 1458.41 1410.33 1387.25 1349.23 1326.51 1300.16 1217.95 1216.21 1206.32 1130.25 1065.7 1062.6 1062.05 945.973 945.225 923.14 889.852 935.382
threshold=0.050312785431742675 0.084092114120721831 0.22396993637084964 0.31061333417892462 0.047758344560861594 0.3406220823526383 0.057120069861412055 0.18477755784988406 1.0000000180025095e-35 0.46720869839191442 0.37446653842926031 0.22396993637084964 0.50316895544528972 1.110202491283417 0.21812499314546588 0.37446653842926031 0.47726111114025122 0.18536745756864551 0.18893740326166156 0.17260726541280749 0.22396993637084964 0.22653958946466449 0.38002867996692663 0.31061333417892462 0.31061333417892462 0.37446653842926031 0.79581734538078319 0.46720869839191442 0.37376695871353155 0.031546413898468025 0.7561432719230653 0.052501652389764793 -0.051376430317759507 0.31061333417892462 -1.0000000180025095e-35 1.0000000180025095e-35 -0.17960531264543531 0.42766661942005163 2.3755878210067753 0.81362643837928783 0.37446653842926031 0.58756005764007579 0.19398049265146258 0.28931874036788946 0.32146346569061285 0.22396993637084964
decision_type=2 2 2 2 2 2 2 2 2 2 2 2 2 2 2 2 2 2 2 2 2 2 2 2 2 2 2 2 2 2 2 2 2 2 2 2 2 2 2 2 2 2 2 2 2 2
left_child=1 4 7 5 29 6 22 17 16 14 20 19 18 27 25 -10 26 28 24 30 40 -18 23 -3 -6 -5 -4 -9 35 -1 -8 -20 -13 -17 -12 -2 -21 -24 -39 -22 42 -11 -7 -30 45 -19
right_child=2 3 8 9 12 10 11 13 15 41 34 32 -14 -15 -16 33 21 44 31 36 39 -23 37 -25 -26 -27 -28 -29 43 -31 -32 -33 -34 -35 -36 -37 -38 38 -40 -41 -42 -43 -44 -45 -46 -47
leaf_value=0.080834197036727659 -0.019239001445938621 0.027999905889242935 0.0099682208316692021 0.041792757163927094 0.037232474180927677 0.013569458188096465 0.0075962370910488564 -0.01886140708848761 0.01433080105198821 0.063021842255689201 0.024544451648223432 0.033493714894907031 0.07118004532699003 -0.030861411625479365 0.063450199000361932 0.028983852212834962 0.022227402913390839 -0.0048771945576715518 0.068587694362290619 0.0045787237903257101 0.0374675138452219 0.0075800829049490412 0.073032732591645749 0.052375030220418062 0.057094669054288845 0.051900535727811746 -0.0052895862016693208 -0.0014308912139890347 0.0050031140222629288 0.075219069767784835 0.043838909721531087 0.059470804615702658 0.043714160447300261 0.047358668574304007 0.037927022678776873 -0.0072670071916683867 0.023637331635225658 0.06005514738862603 0.030084943159016723 0.01688617672482785 0.022365655739747303 0.075032347556228923 -0.00060344123258775746 -0.010081178128423927 0.015729791366350172 0.012898343155168869
leaf_weight=112657.47578892112 24156.132862299681 5153.1885979324579 14196.581649318337 33581.008102744818 5922.8422404080629 10233.135421514511 1651.3921727985144 36538.315023735166 14559.467891454697 40423.485094189644 16192.963827505708 30013.580337062478 54385.105992376804 28712.872291520238 17343.052247777581 19280.725720360875 19298.710722014308 18535.099224545062 40240.209263801575 8267.6688272804022 4919.6059404909611 20137.029246076941 6402.8488817065954 16732.085088565946 36601.623538777232 46959.951160132885 19446.377293363214 7056.437510587275 9862.187728330493 111326.3720190078 6026.1438950896263 40526.387339070439 32685.822775810957 6276.5844845473766 17299.65930442512 18267.819663263857 8013.1506938189268 6577.9503850638866 1892.3305282443762 8232.2472430318594 5757.8712980002165 10310.958144947886 13186.46733880043 10006.66145747155 4422.5503838062286 4502.121300406754
leaf_count=110790 160048 14574 76721 98232 16861 46821 6054 246005 72096 71198 59368 83367 78437 180192 29532 77157 86180 112270 62537 28550 18869 91220 9841 37706 76537 111797 111571 45189 46546 135280 15934 81358 91085 18829 59520 110003 28078 12851 3786 34080 26795 13146 67625 54742 18302 26249
internal_value=0.0420632 0.0581933 -0.00185924 0.0424952 0.0717878 0.0327154 0.0395456 -0.0135596 0.0148917 0.0556041 0.0215954 0.0339135 0.0638968 -0.0219282 0.0504859 0.0265508 0.00848971 -0.00681651 0.0606808 0.0210518 0.0137845 0.0147506 0.0528151 0.0466452 0.0543341 0.0476897 0.00114924 -0.0160408 -0.0104212 0.0780454 0.0360565 0.064018 0.0388255 0.0335069 0.0314627 -0.0140858 0.0139648 0.0618709 0.0533866 0.0245991 0.00890543 0.0654715 0.00559089 -0.00259418 0.00136093 -0.00140052
internal_weight=1.02477e+06 749517 275256 347857 401660 199238 123416 162060 113195 148618 75822 86657.8 177676 72307.6 97884 40116.8 73078.7 89752.6 123291 23958.4 42329.3 39435.7 36758.4 21885.3 42524.5 80541 33643 43594.8 62292.8 223984 7677.54 80766.6 62699.4 25557.3 33492.6 42424 16280.8 14873.1 8470.28 13151.9 29177.5 50734.4 23419.6 19868.8 27459.8 23037.2
internal_count=3063929 1530609 1533320 968809 561800 644904 331826 999546 533774 323905 313078 253068 315730 471386 239561 168082 365692 528160 237293 78616 194190 177400 78758 52280 93398 210029 188292 291194 371339 246070 21988 143895 174452 95986 118888 270051 56628 26478 16637 52949 141241 84344 114446 101288 156821 138519
is_linear=0
shrinkage=0.035


Tree=11
num_leaves=47
num_cat=0
split_feature=74 75 21 16 75 155 16 74 3 16 16 75 18 16 5 96 155 171 144 104 143 99 16 16 3 97 64 75 75 108 155 3 36 3 74 146 155 90 16 7 96 143 13 95 155 16
split_gain=535341 120045 35080.2 33833.1 13520.2 11869.3 8657.7 7351.92 7142.68 5823.95 3903.59 3882.83 3242.44 2881.44 2837.51 2525.69 2294.77 2231.55 2224.74 2144.96 1660.69 1643.7 1623.17 1560.41 1551.12 1522.92 1506.48 1539.22 1482.14 1266.51 1247.62 1235.32 1230.67 1201.89 1162.46 1099.48 1091.72 1089.16 1066.12 1046.28 1039.98 987.268 973.165 959.613 939.084 933.204
threshold=0.050312785431742675 0.080269478261470809 1.0000000180025095e-35 0.31061333417892462 0.046413419768214233 0.34345048666000372 1.0000000180025095e-35 0.14938494563102725 0.14451719820499423 0.46720869839191442 0.22396993637084964 0.19430118799209598 0.53458327054977428 0.53458327054977428 1.0933871865272524 -0.17960531264543531 0.4079184383153916 0.25724108517169958 0.090194713324308409 0.16397849470376971 0.44663871824741369 -0.063190847635269151 0.31061333417892462 0.22396993637084964 0.050269667059183128 -0.051376430317759507 -0.96374905109405506 0.16382240504026416 0.34564939141273504 0.45307917892932897 0.54073685407638561 0.050269667059183128 0.65692242980003368 0.050269667059183128 0.071208421140909209 0.74999997019767772 0.10871103033423425 1.0226479768753054 0.22396993637084964 0.37799988687038427 -0.17960531264543531 0.45473822951316839 0.53458327054977428 -0.17960531264543531 0.56927344202995311 0.63123199343681347
decision_type=2 2 2 2 2 2 2 2 2 2 2 2 2 2 2 2 2 2 2 2 2 2 2 2 2 2 2 2 2 2 2 2 2 2 2 2 2 2 2 2 2 2 2 2 2 2
left_child=1 4 7 5 33 8 11 18 17 16 25 20 42 24 37 26 31 38 19 35 -4 39 29 43 41 -7 -10 -28 -17 -14 -12 -5 -18 36 -22 -2 -1 -9 -3 -13 -20 -6 -8 -19 -27 -11
right_child=2 3 6 9 13 10 12 14 15 45 30 21 22 -15 -16 28 32 23 40 -21 34 -23 -24 -25 -26 44 27 -29 -30 -31 -32 -33 -34 -35 -36 -37 -38 -39 -40 -41 -42 -43 -44 -45 -46 -47
leaf_value=0.077110810209269354 0.0016362589048583404 0.029907474640644804 0.0038528950934545361 0.059272345768347751 0.055234443196949833 0.0077597280835354993 0.0063269247882058923 -0.018254759502079825 0.030500600795987726 0.060645749216514874 0.036067272730349348 -0.010712260447955535 0.031998578806602458 0.069214498520879589 -0.029598903491698723 0.0380237660932242 0.037338815631491766 0.038381303026108593 -0.014051722332610071 0.00076376749527776416 0.025516431374423068 0.0043562297306023109 0.044224913868472909 0.060468699477798392 0.055276337246229573 0.026180683919609236 0.028037423523431561 0.0042733392838703805 0.015509757747320408 0.016907338107920118 0.022093670185352188 0.048658802797505459 0.048701707894539127 0.068052305294738685 0.0095892255495107249 0.051149215481480548 0.070895291448654307 -0.0019916132446396802 0.043832302125200506 0.0036822092129752079 -0.0015734670478632239 0.065614549220464988 0.070817333638290278 0.049833952109445613 0.01033218461555965 0.07720022420485971
leaf_weight=139282.89770042896 786.3546080365777 14206.556688815355 15408.33270290494 22122.516159236431 15409.277870088816 23802.161801382899 13326.499918341637 39607.917804688215 9558.5412912219763 51312.62350229919 17665.122083514929 23616.793476454914 13393.895534023643 43483.301328197122 33661.025485888124 25853.004403486848 26728.019387274981 14206.558350786567 20588.070468232036 10263.087101079524 13139.038535058498 31086.623185530305 6155.6534267514944 11380.037537053227 71371.048238053918 13474.862930566072 5145.0602358579636 9501.2032732516527 4172.9707734435797 13923.354354351759 14141.828734636307 35214.464648455381 21006.495847955346 31505.307750016451 9820.627145409584 1823.1919733807445 47703.647823274136 5783.805696412921 12958.759128823876 8375.6137467548251 13580.880066953599 44588.591373324394 287.05838982760906 25014.391518861055 6957.6726466268301 4639.1449529975653
leaf_count=137965 931 43530 86360 41775 29715 108453 71771 269226 27149 85982 58379 137804 56274 58013 216431 72893 74698 35984 132405 12991 58064 181258 18302 19743 142444 52936 13230 32871 15126 62588 56654 82915 51144 40166 52009 2074 56087 34336 33976 52779 86839 66918 878 52150 34606 5107
internal_value=0.040097 0.0551896 -0.00180236 0.0408505 0.0686427 0.0315256 0.00972302 -0.0153786 0.0378713 0.0528964 0.0205081 0.00396554 0.0221251 0.0613817 -0.0218976 0.0281153 0.048031 0.0446718 -0.00442194 0.00797592 0.0127443 -0.00137476 0.0279819 0.0490224 0.0587859 0.0137803 0.0196933 0.01263 0.0348988 0.0243124 0.02986 0.0527598 0.042345 0.0744515 0.0187085 0.0362704 0.0755275 -0.0161832 0.0365586 -0.00694353 -0.00909349 0.0629546 0.00771802 0.0456923 0.020789 0.0620266
internal_weight=1.03703e+06 762406 274628 369062 393344 208039 148533 126094 131997 161023 76041.6 101447 47086.5 174852 79052.7 54230.8 105071 77766.3 47041.6 12872.6 38368 63079 33472.9 50601 131369 44234.7 24204.8 14646.3 30026 27317.2 31807 57337 47734.5 218492 22959.7 2609.55 186987 45391.7 27165.3 31992.4 34169 59997.9 13613.6 39220.9 20432.5 55951.8
internal_count=3063929 1530609 1533320 999301 531308 657680 778087 755233 346652 341621 311028 568274 209813 297090 519993 161269 250532 185383 235240 15996 196433 371841 137164 107877 239077 195995 73250 46101 88019 118862 115033 124690 125842 234218 110073 3005 194052 303562 77506 190583 219244 96633 72649 88134 87542 91089
is_linear=0
shrinkage=0.035


Tree=12
num_leaves=47
num_cat=0
split_feature=74 75 17 17 75 75 74 17 20 154 97 26 72 154 155 17 84 84 96 85 84 17 17 96 27 74 72 75 161 82 146 155 32 157 98 72 160 99 155 171 10 81 85 22 97 17
split_gain=485561 111416 38671.3 32591.5 11852.1 8720.47 6916.2 6102.05 5363.69 3557.79 3084.63 2921.02 2605.01 2320.95 2246.58 2232.22 2158.22 2137.54 2100.29 2096.69 1913.24 1762.19 1663.75 1531.83 1393.69 1365.48 1250.66 1192.49 1184.57 1178.61 1022.45 1014.1 985.976 979.164 974.851 914.312 903.264 901.113 881.413 865.489 863.477 857.123 845.571 839.399 789.004 785.165
threshold=0.050312785431742675 0.077760003507137312 0.22396993637084964 0.42514967918396002 0.045049941167235381 0.20332089811563495 0.18477755784988406 0.56247621774673473 1.0000000180025095e-35 0.26720170676708227 0.59790426492691051 0.22396993637084964 0.043289925903081901 0.17384142428636554 0.30312375724315649 0.42514967918396002 -1.0000000180025095e-35 0.34370537102222448 -0.17960529774427411 0.55524620413780224 -1.0000000180025095e-35 0.22396993637084964 0.37446653842926031 -1.0000000180025095e-35 1.0000000180025095e-35 0.0033707526745274667 0.053172316402196891 0.25269567966461187 1.0000000180025095e-35 0.15378315746784213 0.85000011324882518 0.075325828045606627 0.65692242980003368 0.28989069163799291 1.0000000180025095e-35 0.040740510448813445 0.54992738366127025 0.063803993165493025 0.17797948420047763 0.38436400890350347 0.81718820333480846 1.039003908634186 1.3760907649993899 1.184639096260071 0.73791971802711498 1.0000000180025095e-35
decision_type=2 2 2 2 2 2 2 2 2 2 2 2 2 2 2 2 2 2 2 2 2 2 2 2 2 2 2 2 2 2 2 2 2 2 2 2 2 2 2 2 2 2 2 2 2 2
left_child=1 4 6 5 31 9 18 12 13 26 14 34 23 24 19 -10 37 -9 29 25 43 -16 40 -5 -4 -7 -3 -20 -28 36 42 -1 -12 -24 -8 -19 45 -6 -18 -22 -15 -21 -25 -11 -14 -2
right_child=2 3 8 7 16 10 11 17 15 20 32 -13 44 22 21 -17 38 35 27 41 39 -23 33 30 -26 -27 28 -29 -30 -31 -32 -33 -34 -35 -36 -37 -38 -39 -40 -41 -42 -43 -44 -45 -46 -47
leaf_value=0.073423996494871357 -0.021578241509347583 0.032404754586008985 -0.0056811062604881805 0.040102539989086056 0.045674005977573054 0.00308800204571851 -0.027369724850736268 0.044925379771701746 0.015739253352076522 0.034906604730191471 0.025916689512111901 -0.0095672328241177811 0.032527485302978762 0.0057324351776611238 -0.001577822885157513 0.032583263930076697 0.063491632373036802 0.059124135526243182 0.0092083046259364212 0.042498489249956896 0.042325485871998518 0.015015252424671053 0.023735581000924877 0.047809796607116317 0.008774803601384093 0.025018653023600356 -0.017608835989142542 -0.0044555853893836275 0.021868229085329614 -0.0027573829708858032 0.05534058844254755 0.06846227066995049 0.042525643644689928 0.0039970145195268834 -0.012568731763923936 0.050031977272003016 -0.003497725159432074 0.05662008765126305 0.057808024890773524 0.05610542259435037 0.055576055559396965 0.023368921592172812 0.030226945414103455 -0.033494024069986014 0.04376363964682612 -0.01022070866640163
leaf_weight=121079.27117037773 17604.927403047681 23820.907654643059 16930.197172313929 32209.875864371657 17479.132323235273 6656.1047372370958 44533.392817169428 23676.721453607082 18885.157740965486 16534.929620206356 12933.504834890366 19345.799244269729 30921.834177672863 21218.381193399429 10766.663593024015 19729.076948955655 78733.29489710927 58786.96818049252 12045.435597702861 6952.4329443275928 10702.784862563014 28821.272658452392 18269.190325930715 24197.270216077566 15777.404634654522 7284.5292227417231 1012.5658482462168 22300.238141298294 10993.60042282939 16107.104064568877 23202.096562996507 90369.355355739594 6665.9480701833963 3706.9552193284035 6231.3108998164535 18020.664492711425 7922.1802935376763 20106.235598832369 60297.250251084566 12025.514642179012 428.64179579913616 4938.337796241045 3940.1618622690439 218.12960395216942 10281.760177865624 12971.795846924186
leaf_count=118975 118478 72874 95028 76732 37561 22952 300481 61680 89533 43637 45335 128560 90598 99879 54921 69557 114823 98531 65280 14617 20305 120090 75307 55397 85842 24983 715 140964 43303 90890 47018 103011 21027 17466 42345 37805 35702 37719 98622 20783 1162 10200 9422 127 26846 76846
internal_value=0.0382907 0.0524714 -0.00174706 0.0391448 0.0657112 0.0270818 -0.0129243 0.0477305 0.01372 0.0357554 0.0193968 -0.0211446 0.042554 0.00834123 0.0157449 0.0243493 0.0590113 0.0541541 -0.00644414 0.0237742 0.0430056 0.0105027 0.0136253 0.0461101 0.00129216 0.0145541 0.0277596 0.00033702 0.018531 -0.010709 0.0498739 0.0713055 0.0315773 0.0204085 -0.0255548 0.0569951 -0.0140347 0.0515379 0.0610293 0.0496297 0.00673494 0.0345703 0.0453549 0.0340038 0.0353375 -0.0167632
internal_weight=1.04764e+06 773629 274007 385565 388065 160327 159062 225237 114945 75308.4 85018.8 70110.5 124753 76330.8 65419.3 38614.2 176616 100484 88951.7 25831.4 39481.4 39587.9 43623.2 83549.4 32707.6 13940.6 35827.1 34345.7 12006.2 54606 51339.5 211449 19599.5 21976.1 50764.7 76807.6 38498.9 37585.4 139031 22728.3 21647 11890.8 28137.4 16753.1 41203.6 30576.7
internal_count=3063929 1530609 1533320 1019898 510711 515869 999546 504029 533774 201744 314125 471386 306013 374684 247763 159090 288725 198016 528160 72752 84852 175011 193814 188569 180870 47935 116892 206244 44018 321916 111837 221986 66362 92773 342826 136336 231026 75280 213445 41088 101041 24817 64819 43764 117444 195324
is_linear=0
shrinkage=0.035


Tree=13
num_leaves=47
num_cat=0
split_feature=74 73 21 16 73 73 16 74 96 155 143 16 18 90 146 155 74 16 144 103 3 90 74 16 16 14 16 3 2 3 154 97 96 108 7 155 72 18 143 3 72 10 25 6 104 73
split_gain=442041 99711.2 31917 30448.3 12574.3 8935.85 7817.96 6881.71 5397.77 3513.9 3396.18 3380.68 2766.83 2620.29 2493.01 2455.59 2209.51 2184.4 1997.42 1989.21 1962.61 1907.76 1883.24 1580.49 1576.45 1537.84 1497.21 1427.73 1304.1 1241.22 1239.04 1145.88 1116.06 1103.9 1053.49 1036.61 998.359 980.612 956.907 940.546 931.664 1043.34 909.996 906.445 929.297 889.374
threshold=0.049743559211492545 0.068171668797731413 1.0000000180025095e-35 0.37446653842926031 0.15505897998809817 0.046814966946840293 1.0000000180025095e-35 0.14938494563102725 -1.0000000180025095e-35 0.40222463011741644 0.49280548095703131 0.50316895544528972 0.53458327054977428 -0.14733724296092984 0.85000005364418041 0.12509951740503314 0.0010416175937280061 0.53458327054977428 0.090194713324308409 0.04446640424430371 0.049219632521271713 1.5644456744194033 0.071208421140909209 0.31061333417892462 0.22396993637084964 0.31061333417892462 0.61035025119781505 0.071701113134622588 -0.044257214292883866 0.14451719820499423 0.18739927560091021 -0.10147377103567122 0.037109166383743293 0.49193547666072851 -0.37745736539363856 0.13717157393693927 0.15633425116539004 0.53458327054977428 0.60154676437377941 0.050269667059183128 0.46061180531978613 0.47004804015159612 0.22396993637084964 0.072138059884309783 0.16397849470376971 0.16205202043056491
decision_type=2 2 2 2 2 2 2 2 2 2 2 2 2 2 2 2 2 2 2 2 2 2 2 2 2 2 2 2 2 2 2 2 2 2 2 2 2 2 2 2 2 2 2 2 2 2
left_child=1 5 7 4 10 15 9 18 16 22 24 30 -8 40 28 39 21 35 19 -2 -12 36 45 33 -3 37 -17 -16 -10 -18 -5 -22 -24 -14 -30 -7 -6 -11 42 -1 41 -9 -20 -21 -45 -4
right_child=2 3 6 11 8 17 12 13 14 25 20 -13 23 -15 27 26 29 -19 38 43 31 -23 32 -25 -26 -27 -28 -29 34 -31 -32 -33 -34 -35 -36 -37 -38 -39 -40 -41 -42 -43 -44 44 -46 -47
leaf_value=0.069921830231872317 0.060289602991489923 0.020060065667111583 0.021876583653280855 0.045265326292319955 0.0082113966291188084 0.055929100754369812 0.0074954811408966268 -0.025380154294295749 0.01649186814013167 -0.012362197590613112 0.050692436831578459 0.058997395152930295 0.028611674304057606 -0.011389258088342508 0.051889338687344265 0.057582251821735174 0.0309852097769194 0.0634356409339 -0.016871618109724967 -0.017558694979170491 0.034100837122318428 0.027445961510558413 -0.00011117035728247191 0.040982178589927018 0.03502223637014653 0.0065336806304954918 0.067852226676434146 0.034013274818208886 0.01078074270652118 0.017855111795428289 0.055770866932111876 0.043808416596458191 0.01492651007667299 0.014868819594687487 0.0319510868694683 0.048315363141641914 -0.01056994693981945 -0.0001039377538920905 -0.0011814061673796144 0.0616347653146294 -0.032564007017345561 -0.010889388747955876 0.0016289057371354095 0.033401256174546846 0.0037869571370517134 0.0082207586382090306
leaf_weight=160944.00982634723 814.86332266777754 11582.954147532582 15752.425288081169 66517.595995247364 17214.2619291991 48542.582316488028 14043.896987527609 29687.849204331636 13623.120314717293 19699.336201682687 27897.956616073847 49724.58085565269 15477.499233879149 23513.087432518601 7598.2478230446577 46649.192080184817 12979.367646947503 29756.150893479586 16679.675399586558 1992.861518189311 27250.888788834214 5543.2957929670811 22677.396748378873 6831.5298910290003 34179.934838309884 13742.373206622899 28291.872624233365 19919.061130553484 3246.8319747149944 27673.401046678424 17537.701423674822 33359.999501913786 8237.1212431490421 13374.824882954359 26092.439902946353 40919.283817008138 4335.3548155277967 13453.814904637635 13120.395366981626 19265.811688378453 15788.216238491237 7675.6192376315594 4044.5462946146727 1520.4959267452359 8695.1387057676911 9305.4137775599957
leaf_count=161322 799 43316 71234 144291 61837 78432 73923 219600 50925 126937 49057 72421 63231 152773 18387 68586 40231 37924 118194 2715 61853 15117 130366 19379 98846 78260 30420 64800 14456 102123 29754 75909 41830 58654 78008 78767 18776 77675 74523 24809 103087 44533 26867 1866 10695 46421
internal_value=0.0366217 0.0500845 -0.00143919 0.0380759 0.031361 0.0631157 0.00926702 -0.0146641 0.0239487 0.00375833 0.03899 0.0517516 0.0206604 -0.0211227 0.0307302 0.0668151 0.0168913 0.0551952 -0.00409772 0.00754746 0.0429954 0.00914503 0.00967902 0.0258393 0.0312385 -0.00330848 0.0614646 0.0389599 0.0254543 0.0220514 0.0474612 0.0394478 0.00389743 0.0222457 0.0296113 0.0524502 0.00443067 -0.00738888 -0.00857958 0.069038 -0.0254267 -0.0224058 -0.0132612 0.00399855 0.00821263 0.0168089
internal_weight=1.05677e+06 780646 276128 406277 272497 374369 152596 123533 138225 102868 134272 133780 49727.8 76664.8 70479.7 255151 67745.7 119218 46868 13023.4 88508.8 27092.9 55972.4 35683.9 45762.9 46895.5 74941.1 27517.3 42962.4 40652.8 84055.3 60610.9 30914.5 28852.3 29339.3 89461.9 21549.6 33153.2 33844.6 180210 53151.7 37363.5 20724.2 12208.5 10215.6 25057.8
internal_count=3063929 1520367 1543562 1040107 793641 480260 787910 755652 464660 572723 328981 246466 215187 519993 226576 285137 238084 195123 235659 16075 186819 95730 289851 141264 142162 282872 99006 83187 143389 142354 174045 137762 172196 121885 92464 157199 80613 204612 219584 186131 367220 264133 145061 15276 12561 117655
is_linear=0
shrinkage=0.035


Tree=14
num_leaves=47
num_cat=0
split_feature=72 75 17 17 74 74 75 75 17 5 17 20 160 3 171 143 96 146 14 26 20 97 3 97 143 20 75 143 97 104 3 143 177 32 143 97 138 75 126 17 3 6 188 96 160 17
split_gain=404913 68365.9 63838.6 18369.8 11674.2 10148.9 7013.9 6226 5121.21 3966.82 3724.31 3499.86 3270.92 2792.75 2657.2 2216 1920.21 1916.23 1870.66 1786.54 1702.59 1399.51 1372.06 1363.01 1347.23 1328.97 1252.39 1186.46 1062.02 1039.74 1024.34 972.511 968.443 1122.71 965.158 947.407 924.447 884.886 878.732 856.906 850.752 826.615 819.436 814.547 808.443 775.696
threshold=0.056276356801390655 0.068820696324110045 0.22396993637084964 0.50316895544528972 0.055220223963260658 0.14724960923194888 0.04368626885116101 0.15861959010362628 0.42514967918396002 1.0878710746765139 0.31061333417892462 1.0000000180025095e-35 0.52376750111579906 0.045759489759802825 0.37210942804813391 0.59653252363204967 -0.18007266521453855 0.90000006556510936 0.31061333417892462 0.50316895544528972 0.14931328594684604 0.29164801537990576 0.11841813847422601 0.16906859725713733 0.6788403093814851 1.0000000180025095e-35 0.14062898606061938 0.76795449852943432 -0.13445281237363813 0.11882352828979494 0.050269667059183128 0.44663871824741369 -0.23704008013010022 0.63989907503128063 0.6298988163471223 0.70082879066467296 0.034157175570726402 0.027827974408864978 0.3114724606275559 0.58756005764007579 0.24759166687726977 0.37041272222995764 -0.094891235232353197 0.35438852012157446 0.24525432288646701 1.0000000180025095e-35
decision_type=2 2 2 2 2 2 2 2 2 2 2 2 2 2 2 2 2 2 2 2 2 2 2 2 2 2 2 2 2 2 2 2 2 2 2 2 2 2 2 2 2 2 2 2 2 2
left_child=1 6 5 7 8 12 37 15 27 19 14 16 18 36 -9 43 31 32 28 24 -15 41 38 -10 45 -17 -14 35 -2 -28 -8 -6 -12 -34 -19 -4 -5 -1 -16 -22 -26 -13 -24 -3 -18 -7
right_child=2 3 4 13 11 9 30 10 23 -11 17 21 26 20 22 25 44 34 -20 -21 39 -23 42 -25 40 -27 29 -29 -30 -31 -32 -33 33 -35 -36 -37 -38 -39 -40 -41 -42 -43 -44 -45 -46 -47
leaf_value=0.068389971786089729 -0.012983177679970979 0.028836023007912624 0.013052431981367631 0.060468260902476215 -0.0065534829385580067 -0.020551037614198783 0.058362642186008028 0.012078513895347229 0.030380195639019836 -0.027654634335031052 0.042552312323697022 0.0089721477626568211 0.029357972408258062 0.032004814756665931 0.056710032153541069 0.03712862919123442 0.004766868099362157 0.037488445640662268 0.0058810792183978328 0.0018309290532836236 0.042137458315404296 0.031112032234512643 0.048392289844653061 0.041635998382595879 0.024033585117886128 0.049866345218437733 0.025549366941996911 0.038531351855555687 -0.0022232198342040425 0.0030277623646106479 0.052384192342781674 0.0055422983452578277 0.023617398583348905 0.03781624261449841 0.058027799256671744 0.027312437818307417 0.051030022575274114 0.063705388649110475 0.031834057581234157 0.048991316684424933 -0.0070610645860506539 0.022009803717885634 0.015334516262934396 0.040770221824513495 0.016209573091578618 -0.0087699528873102315
leaf_weight=92267.564251437783 29926.776352606714 22041.109286025167 26546.110682398081 17345.043339237571 14604.854540452361 29766.70078663528 81164.966127976775 28057.363075405359 33088.749091297388 34588.04721596092 5346.2549643069506 12052.445576891303 3375.7026274129748 12244.829385101795 2708.6753744781017 16703.2089214921 11766.354073010385 9809.203392341733 13321.653660103679 8914.4125616103411 40826.092211917043 9860.8497594892979 1059.0001004487276 22067.04328648746 1331.0682652443647 25612.148211285472 2936.8946079462767 3165.4993900507689 17998.743906438351 17139.77545003593 63584.705684676766 18386.839466936886 31815.014594718814 8715.4391258507967 3972.9566917270422 7278.7136302441359 50517.773677319288 112188.56346918643 4971.9610300660133 50772.222546130419 5553.9498178437352 11806.745874792337 6806.9266172647476 10368.674413770437 21215.714085415006 8911.7825369536877
leaf_count=86106 178719 62542 102080 24320 83045 221152 111561 113789 93517 237538 11788 52884 11229 33850 4293 28687 64089 27982 77959 57839 90097 36855 2636 54268 5718 48634 10186 7784 107412 69876 106062 88871 99673 23482 7928 24989 89564 123568 10511 96931 29647 49123 19809 26094 90943 58299
internal_value=0.0350759 0.0506883 0.00523042 0.0397479 0.0191494 -0.0101364 0.0616431 0.0318665 0.0281299 -0.0183846 0.0262946 0.0108475 -0.00146226 0.0479162 0.0185148 0.0395635 0.00615806 0.0319782 -0.0057184 -0.0124965 0.0442984 0.0200196 0.0301208 0.0348877 -0.0152997 0.0448445 0.00965113 0.0180492 -0.00894317 0.0063294 0.0557388 0.000187221 0.0285317 0.026676 0.0434326 0.0161256 0.0534476 0.0658214 0.0406454 0.0459396 -0.00103263 0.0154281 0.0198197 0.0326612 0.0121293 -0.0178386
internal_weight=1.06451e+06 698900 365605 349694 191840 173766 349206 177988 92146.1 89066 103263 99693.8 84699.5 171706 43603.9 74725.1 65973.8 59658.9 61247.2 54477.9 103843 33720 15546.6 55155.8 45563.5 42315.4 23452.4 36990.3 47925.5 20076.7 144750 32991.7 45876.7 40530.5 13782.2 33824.8 67862.8 204456 7680.64 91598.3 6885.02 23859.2 7865.93 32409.8 32982.1 38678.5
internal_count=3063929 1249907 1814022 822610 748448 1065574 427297 487848 282638 610193 321891 465810 455381 334762 151038 165957 326948 170853 364090 372655 220878 138862 37249 147785 314816 77321 91291 134853 286131 80062 217623 171916 134943 123155 35910 127069 113884 209674 14804 187028 35365 102007 22445 88636 155032 279451
is_linear=0
shrinkage=0.035


Tree=15
num_leaves=47
num_cat=0
split_feature=72 73 17 17 16 72 155 16 16 73 17 5 154 154 97 14 14 16 3 155 154 85 16 16 69 155 96 85 155 98 16 154 154 14 16 157 20 17 175 17 98 188 18 111 32 3
split_gain=371205 64753.8 55497.4 21927.7 11656 7454.43 6635.77 6505.34 5351.01 4399.7 4098.62 3808.66 3447.12 3009.6 2575.61 2087.94 2021.78 1786.53 1653.96 1651.22 1590.37 2089.17 1583.38 1564.14 1433.01 1420.73 1377.89 1333.35 1321.46 1144.18 1117.19 1263.9 1102.07 1088.77 1015.85 999.16 960.968 922.3 910.863 904.87 884.958 862.898 862.687 803.412 798.784 783.234
threshold=0.059507101774215705 0.056831553578376777 0.22396993637084964 0.50316895544528972 0.31061333417892462 0.19666111469268802 0.20871005952358249 0.22396993637084964 0.42514967918396002 0.037655852735042579 0.37446653842926031 1.1338250041007998 0.27667106688022619 0.18206328153610232 0.11448862403631212 0.37446653842926031 0.22396993637084964 0.58756005764007579 0.15821078419685367 0.50714594125747692 0.27382533252239233 0.098181422799825682 0.22396993637084964 0.58756005764007579 -0.98039525747299183 0.12509951740503314 -0.17960531264543531 1.1962215900421145 0.14607784152030948 -0.22360605746507642 0.37446653842926031 0.23036924749612811 0.27254143357276922 0.46720869839191442 0.22396993637084964 0.27979126572608953 1.0000000180025095e-35 1.0000000180025095e-35 -0.1084754317998886 0.50316895544528972 -1.1491769552230833 -0.12119669467210768 0.58756005764007579 0.065591398626565947 0.65692242980003368 0.45275157690048223
decision_type=2 2 2 2 2 2 2 2 2 2 2 2 2 2 2 2 2 2 2 2 2 2 2 2 2 2 2 2 2 2 2 2 2 2 2 2 2 2 2 2 2 2 2 2 2 2
left_child=1 9 5 6 10 12 18 19 13 25 20 15 16 22 27 32 -2 28 42 29 21 36 -5 -10 -20 -1 -14 40 -11 45 31 44 37 -23 -15 -29 -4 -7 -28 -6 -12 -26 -3 -34 -9 -8
right_child=2 3 4 8 39 11 7 30 23 17 14 -13 26 34 -16 -17 -18 -19 24 -21 -22 33 -24 -25 41 -27 38 35 -30 -31 -32 -33 43 -35 -36 -37 -38 -39 -40 -41 -42 -43 -44 -45 -46 -47
leaf_value=0.064895005048336868 -0.012869689160870359 0.043890574134276945 0.0058057402911317491 0.018087448931029558 0.029358584671953809 -0.020826638195463664 0.01455794269746113 0.023236183693597076 0.049689788465201112 0.055556799244805298 0.0034779739016042302 -0.027302395983159724 0.00071414932023362344 0.039484857279034544 0.028464343120703887 0.0044453248174358626 0.0012942673695021058 0.062532738072350935 0.040556981438420674 0.0058930265275406613 0.018313469456138539 -0.0039106089815606144 0.036447967468037336 0.060189153777763495 0.041041234386138416 0.057940191977274555 -0.0030565965317303849 0.0090449077479255163 0.047156651252051832 0.023996091750721184 0.039206938806372049 0.04088324666279429 0.016877560281640308 0.015654981921576775 0.048897376714795902 -0.017477136311962686 0.01940679433370782 -0.0094911720133096684 0.021128609260466745 0.040816354792643825 0.019190716348447934 0.014980186522352817 0.03158720828062056 -0.0089992590379359451 0.035049223308244976 -0.010530710656906552
leaf_weight=143198.26492580771 32073.905468054116 41757.19013632834 13724.18218010664 6923.9848659783602 14800.985776975751 28339.963572643697 11008.686150252819 27215.86178612709 84289.840224400163 65156.424186483026 4964.9061918705702 28973.896815642715 14705.896494276822 21944.124620452523 24056.402663081884 8246.427488297224 20064.67814026773 28506.228328570724 7659.8157188743353 15092.192858494818 12950.799572274089 27024.426729075611 34656.162922650576 22136.422254532576 1949.9408511519432 48976.36279758811 2351.0331027582288 8225.5997778773308 35994.723155751824 24753.294224075973 19623.464184015989 9112.344400793314 1667.9726381823421 3993.5509084612131 40177.106510519981 2200.461999937892 11875.172717273235 12775.284180164337 10062.542215406895 19990.028766006231 38266.5348713696 7712.9169179648161 8483.795709580183 12053.693575926125 9498.908142849803 1764.3004624769092
leaf_count=140067 209648 78514 70964 25395 42555 216950 37809 88188 139324 89387 23597 193808 64464 51150 84070 48968 123422 31518 17689 72398 44391 138596 84321 26463 4205 60390 9710 31368 61038 73237 43311 17279 7033 18667 72493 9310 52512 82068 41024 44553 149879 22316 21063 63800 27864 7153
internal_value=0.0336377 0.0480977 0.00427475 0.0386153 0.0177285 -0.010024 0.0298481 0.0248395 0.0463594 0.0597573 0.0134234 -0.016798 -0.00215517 0.0406941 0.0189475 -0.0119711 -0.00741923 0.0547638 0.0385975 0.0156737 0.00725123 0.004719 0.0333938 0.051877 0.0292478 0.0631245 0.00796433 0.0146779 0.0525707 0.0196054 0.032206 0.0292033 -0.0144402 -0.00138873 0.0455767 0.00343965 0.0121185 -0.0173066 0.0165482 0.0359481 0.0173871 0.0202624 0.0418172 -0.0058471 0.0262979 0.0110885
internal_weight=1.07098e+06 717592 353388 395760 182073 171315 185633 118069 210128 321832 147282 92057.2 79258.1 103701 77713.9 63083.3 52138.6 129657 67563.7 52618.5 69568.1 56617.3 41580.1 106426 17322.7 192175 27119.5 53657.5 101151 37526.3 65450.6 45827.1 54836.9 31018 62121.2 10426.1 25599.4 41115.2 12413.6 34791 43231.4 9662.86 50241 13721.7 36714.8 12773
internal_count=3063929 1292572 1771357 910172 710462 1060895 511026 367239 399146 382400 623354 612627 448268 233359 298224 418819 333070 181943 143787 190597 325130 280739 109716 165787 44210 200457 115198 214154 150425 118199 176642 133331 369851 157263 123643 40678 123476 299018 50734 87108 173476 26521 99577 70833 116052 44962
is_linear=0
shrinkage=0.035


Tree=16
num_leaves=47
num_cat=0
split_feature=74 73 17 17 17 73 73 16 74 17 154 16 16 14 154 16 155 143 143 155 154 16 5 5 16 26 155 3 10 143 16 155 84 16 74 16 48 76 16 73 16 143 14 47 16 16
split_gain=342600 83876 30964.4 27856.2 8004.17 7570.55 6300.1 5051.06 3567.39 3337.23 3132.53 3023.03 2728.11 2486.1 2410.1 2375.73 2045.59 1949.7 1939.89 1683.39 1610.77 1589.95 1576.51 1462.76 1451.43 1417.19 1404.39 1292.9 1633.66 1275.77 1164.32 1158.24 1149.2 1148.79 1071.13 1034.94 1033.18 980.118 923.554 919.274 914.084 885.627 885.464 855.649 848.098 806.247
threshold=0.049743559211492545 0.063041254878044142 1.0000000180025095e-35 0.50316895544528972 0.37446653842926031 0.21636166423559192 0.037655852735042579 0.42514967918396002 0.23189315199851993 0.31061333417892462 0.27254143357276922 1.0000000180025095e-35 0.22396993637084964 0.37446653842926031 0.18206328153610232 0.56247621774673473 0.37887960672378546 0.66457965970039379 0.67508739233016979 0.13717157393693927 0.18418780714273456 0.22396993637084964 1.0690463781356814 1.110202491283417 0.58756005764007579 0.31061333417892462 0.12509951740503314 0.077942878007888808 0.40253517031669622 0.65135192871093761 0.31061333417892462 0.089913774281740202 -0.81035110354423512 0.31061333417892462 0.0033707526745274667 0.22396993637084964 0.40690015256404882 -1.0000000180025095e-35 0.37446653842926031 0.096530105918645873 0.31061333417892462 0.73418751358985912 0.42514967918396002 1.0000000180025095e-35 0.42514967918396002 0.63123199343681347
decision_type=2 2 2 2 2 2 2 2 2 2 2 2 2 2 2 2 2 2 2 2 2 2 2 2 2 2 2 2 2 2 2 2 2 2 2 2 2 2 2 2 2 2 2 2 2 2
left_child=1 6 8 5 13 10 26 14 18 17 12 20 41 16 30 19 39 42 25 -8 32 31 -20 -10 -9 -2 -1 28 -19 33 -5 -12 -6 -11 37 -16 -18 -29 -14 -4 -13 -3 -7 -41 -21 -28
right_child=2 3 4 7 11 9 15 24 23 29 21 40 38 -15 35 -17 36 27 22 44 -22 -23 -24 -25 -26 -27 45 34 -30 -31 -32 -33 -34 -35 -36 -37 -38 -39 -40 43 -42 -43 -44 -45 -46 -47
leaf_value=0.06259171825474176 -0.019481197095350511 0.016122931600670447 0.036696431706504745 0.023899525004452648 0.0087698368093527476 0.0016916366142754181 0.052369247507366663 0.046736420550945762 -0.018055953732305088 0.016281726512517917 0.039488687459236553 0.022111730027283543 0.027730818336765016 0.013483427288046902 0.0364934942238778 0.058724476805507166 -0.0088383768371520562 0.05684197170937081 0.010023213704753129 0.038397165086104877 0.017361034635129686 0.047010191179542582 -0.010092264612514756 -0.031035477924022933 0.057552097572952349 -0.0059603857449693513 0.052383511611518788 -0.0054296639178514411 0.017642862789635044 0.03769286933166232 0.035741209258627817 0.028531852493374442 -0.01087618265341023 0.028723634759601498 0.02342138815830104 0.045909996918607504 0.0032354354471493766 0.018323806174621319 0.037540969942193546 0.0017002583117835539 0.036375563061180054 0.042265220067221956 0.019995384281804144 0.015523872963319313 0.047828255959234477 0.061889833964773162
leaf_weight=143269.41077406704 29276.005413591862 28166.959445357323 1096.4575586467981 15489.821508571506 12321.952267199755 21286.559793308377 73089.165709018707 81458.474815353751 23129.662533655763 20414.70710273087 21651.294631063938 21558.123021513224 38842.783632919192 17985.280497059226 23173.121160626411 41481.524507001042 34481.460187807679 2199.1698820441961 8077.7673684060574 20119.585647761822 20848.417317420244 13751.771348059177 11646.607945509255 19760.53148368746 18875.483947575092 14067.859285958111 32102.375926017761 4674.7780704349279 3204.1418737769127 7494.2793792188168 29997.470863819122 26306.336963683367 5173.9295840859413 16447.107122242451 7603.4838166087866 38207.320191249251 11598.331694811583 3896.1893642544746 16983.157589092851 29716.030300818384 7422.9845370948315 1679.7978703528643 3813.0274596214294 6721.9525519534945 28631.377603188157 17065.655013054609
leaf_count=140067 218593 95490 3576 45945 64698 101995 102477 136327 170563 76581 47549 79632 111707 93146 52605 47933 208321 3457 34280 39127 84776 21403 57667 138408 22598 97789 43048 15048 7699 16754 69805 53356 25577 43358 24084 70744 71170 11240 37688 139425 19997 2769 16338 35944 45833 17342
internal_value=0.0322965 0.0438618 -0.00142035 0.0337436 0.00788303 0.0255844 0.0565349 0.0431308 -0.016252 0.0176464 0.0304865 0.0172416 0.0261513 0.00168079 0.0378296 0.0514716 -0.000858618 0.0111113 -0.0109541 0.0489995 0.0107908 0.0365019 -0.00185334 -0.0240396 0.0487745 -0.0150945 0.0608303 0.0188249 0.033644 0.024521 0.0317126 0.033483 0.00295783 0.0218371 0.0138632 0.042359 -0.00579917 0.00537243 0.0307191 0.00520646 0.0257722 0.0176027 0.00447673 0.00425277 0.0439414 0.0556904
internal_weight=1.07626e+06 801376 274883 445617 168925 238416 355759 207202 105958 91033.4 147382 67325.4 85672.7 101600 106868 163322 83614.2 46677.4 63068.2 121840 38344.3 61709.4 19724.4 42890.2 100334 43343.9 192437 21577.8 5403.31 44356.1 45487.3 47957.6 17495.9 36861.8 16174.5 61380.4 46079.8 8570.97 55825.9 37534.4 28981.1 29846.8 25099.6 36438 48751 49168
internal_count=3063929 1520367 1543562 1084540 826262 686516 435827 398024 717300 316554 369962 274680 247654 551582 239099 235370 458436 179861 408329 187437 175051 122308 91947 308971 158925 316382 200457 61528 11156 136693 115750 100905 90275 119939 50372 123349 279491 26288 149395 178945 99629 98259 118333 175369 84960 60390
is_linear=0
shrinkage=0.035


Tree=17
num_leaves=47
num_cat=0
split_feature=74 75 17 17 75 17 3 3 143 74 17 20 14 75 155 160 138 143 96 5 7 5 84 96 96 100 5 96 97 85 48 17 103 83 3 10 5 75 17 90 44 143 17 20 73 155
split_gain=315397 84186.6 29074.8 22900.2 8323.79 7352.13 6887.44 4730.68 4114.75 3461.04 2769.96 2469.25 2293.85 2196.15 1907.09 1889.59 1625.78 1540.34 1490.54 1447.64 1436.35 1376.44 1268.7 1265.54 1169.19 1107.54 1083.28 1032.75 1006.79 1090.91 969.745 963.71 934.321 907.7 1841.15 1160.22 903.04 890.159 873.27 856.06 807.993 771.426 835.689 759.806 752.032 720.588
threshold=0.049743559211492545 0.071367334574460997 1.0000000180025095e-35 0.42514967918396002 0.04368626885116101 0.37446653842926031 0.15642264485359195 0.049219632521271713 0.63260900974273693 0.23189315199851993 0.53458327054977428 1.0000000180025095e-35 0.37446653842926031 0.30505804717540747 0.37887960672378546 0.50871947407722484 0.097599670290946974 0.48186480998992925 -0.077752750366926179 1.110202491283417 0.4881944358348847 1.0169064402580263 -1.0000000180025095e-35 -1.0000000180025095e-35 0.37140749394893652 0.16064515709877017 1.0690463781356814 0.12664472311735156 0.73791971802711498 1.3216016292572024 0.40690015256404882 0.53458327054977428 0.27429467439651495 2.8870124816894536 0.046934435144066818 0.29957322776317602 0.79581734538078319 0.029717182740569118 0.22396993637084964 0.81398832798004161 0.77957999706268322 0.69466757774353038 0.31061333417892462 0.2834331095218659 0.095143560320138945 0.17797948420047763
decision_type=2 2 2 2 2 2 2 2 2 2 2 2 2 2 2 2 2 2 2 2 2 2 2 2 2 2 2 2 2 2 2 2 2 2 2 2 2 2 2 2 2 2 2 2 2 2
left_child=1 4 9 6 37 12 8 16 24 15 28 17 14 20 27 21 -5 36 43 -11 23 -2 -6 -8 38 -15 32 44 29 -9 -16 -18 -17 34 -10 -35 -7 -1 -3 -19 -13 42 -25 -12 -4 -24
right_child=2 3 5 7 22 11 13 10 33 19 18 40 -14 25 30 26 31 39 -20 -21 -22 -23 45 41 -26 -27 -28 -29 -30 -31 -32 -33 -34 35 -36 -37 -38 -39 -40 -41 -42 -43 -44 -45 -46 -47
leaf_value=0.061364353692847803 -0.009478713380746271 0.0012608205041132687 0.035211662208541092 0.050024698072631754 0.042368154870256074 0.012843934096696858 0.011298114334335049 0.028890438325345248 0.045840811841187844 -0.017666451105008273 0.024848656903704889 0.023125547517182741 0.012899173789413687 -0.0063504556013317514 -0.0085813148283412407 0.029232819299719218 0.034453520649901814 0.014432564106834252 0.041665150669074877 -0.030704619466852323 0.035756739851583119 -0.021887319906894128 0.052137356340658907 0.0074558156544431552 0.03019308438559383 0.010382352747912634 -0.0079662957335594892 0.015882038576816623 0.036197193954366214 0.013836321256295464 0.0031154561889282606 0.044147175142091218 0.001338035104128125 0.046179108010221091 0.030805407881107281 0.015394215761998524 -0.0027879970980935862 0.05670468868567221 0.018909487484375639 0.034172308965410479 0.050152538373520537 0.031493261355681826 0.023851851646599299 0.036068828734586098 0.00097393069373558191 0.046765402543062384
leaf_weight=104462.23998048902 28343.813238956034 4012.7842512428761 802.19918099045753 38291.009609267116 33296.431112378836 7653.5460606068373 24897.646495178342 46368.529793083668 18191.221956297755 22817.944619558752 10653.120565712452 26282.440991848707 18139.361095763743 6079.5409806221724 34275.281313188374 2165.2987495809793 20049.885721758008 18325.046424373984 64201.553542852402 19282.927139177918 5484.5499784648418 17862.587947361171 80228.310862630606 5801.4493498653173 10275.243561178446 23792.728537082672 9620.9465730413795 8325.7036589607596 20048.951723724604 6777.8053583055735 11623.199217796326 34443.773354932666 4564.1701652780175 2095.9163276404142 22278.410184293985 5279.0596456825733 11064.025927603245 100537.5873798728 23906.679895013571 3155.8103778362274 1428.8167225122452 7917.841237321496 11127.83545948565 24726.103718534112 28528.307041160762 50885.180758744478
leaf_count=98305 196985 18417 2529 58539 59759 37050 79324 118723 29713 170563 27384 91205 93146 25535 208321 8489 44209 73462 125472 138408 17670 133522 108671 23653 31815 94298 48450 39693 45369 18052 71170 59760 20883 2842 49809 10803 57818 111491 79633 11400 3745 18049 34115 51192 136723 77765
internal_value=0.031044 0.0420744 -0.0013769 0.0316707 0.0543725 0.00757484 0.0216854 0.0381051 0.0286686 -0.0158834 0.0346781 0.0164917 0.00161958 0.0146235 -0.00082982 -0.01066 0.0444837 0.0109474 0.0384806 -0.0236419 0.0187585 -0.0142781 0.0484998 0.0168801 0.0200961 0.00697604 -0.000433186 0.00500742 0.0295021 0.0269725 -0.00561905 0.0405849 0.0103329 0.0355086 0.0375699 0.0241747 0.00360544 0.0590809 0.016374 0.0173417 0.02453 0.0224691 0.0182383 0.0326953 0.00191765 0.0500548
internal_weight=1.08037e+06 806111 274261 436702 369410 169604 171141 265561 86039.3 104658 172776 67909.7 101694 85101.6 83554.7 62556.8 92784.7 40198.4 99580.8 42100.9 55229.3 46206.4 164410 49744.8 38194.7 29872.3 16350.4 37656.2 73195.3 53146.3 45898.5 54493.7 6729.47 47844.6 40469.6 7374.98 18717.6 205000 27919.5 21480.9 27711.3 24847.1 16929.3 35379.2 29330.5 131113
internal_count=3063929 1520367 1543562 1064376 455991 826262 515676 548700 223032 717300 386192 274680 551582 292644 458436 408329 162508 179730 204048 308971 172811 330507 246195 155141 129865 119833 77822 178945 182144 136775 279491 103969 29372 93167 79522 13645 94868 209796 98050 84862 94950 75817 57768 78576 139252 186436
is_linear=0
shrinkage=0.035


Tree=18
num_leaves=47
num_cat=0
split_feature=74 75 17 16 75 75 17 16 143 74 17 143 16 3 14 143 143 16 157 73 171 36 84 5 5 17 26 171 96 97 36 146 97 171 74 76 85 2 85 75 3 74 24 75 98 75
split_gain=290917 80546.9 27299.5 23085.8 7613.97 7323.85 6757.19 5073.34 3676.59 3355.92 2903.26 3057.79 2594.34 2477.22 2161.51 1807.17 1785.38 1770.73 1720.3 1607.64 1512.9 1451.71 1469.3 1432.01 1393.43 1350.61 1347.25 1125.19 1093.64 1007.48 970.338 961.703 954.41 944.859 931.187 944.234 869.227 866.598 852.165 849.149 843.2 815.507 800.82 795.9 769.319 757.665
threshold=0.049743559211492545 0.068820696324110045 1.0000000180025095e-35 0.31061333417892462 0.19251058995723727 0.042336003854870803 0.37446653842926031 0.50316895544528972 0.49069486558437353 0.23189315199851993 0.22396993637084964 0.65135192871093761 0.22396993637084964 0.052501652389764793 0.31061333417892462 0.45695841312408453 0.67508739233016979 0.58756005764007579 0.28989069163799291 0.24445328116416934 0.37814317643642431 0.63627532124519359 1.3817290663719179 1.110202491283417 1.0690463781356814 0.42514967918396002 0.31061333417892462 0.20905241370201114 0.019622528925538067 0.11448862403631212 0.76330652832984935 0.85000011324882518 0.059134805575013168 0.38163572549819952 1.0000000180025095e-35 0.69638094305992138 0.15434487164020541 -0.16164092719554898 1.1962215900421145 0.054386887699365623 0.045759489759802825 0.022909705527126793 0.50316895544528972 0.28683258593082434 -0.030280370265245434 0.027827974408864978
decision_type=2 2 2 2 2 2 2 2 2 2 2 2 2 2 2 2 2 2 2 2 2 2 2 2 2 2 2 2 2 2 2 2 2 2 2 2 2 2 2 2 2 2 2 2 2 2
left_child=1 5 9 4 8 45 14 15 28 16 20 25 18 33 19 21 26 39 29 32 -6 22 -5 -11 -18 36 -2 -27 -3 -8 -23 -13 -4 -10 35 -15 -12 -22 -20 -7 -17 -36 -16 -26 -21 -1
right_child=2 3 6 7 10 17 12 -9 13 23 11 31 -14 34 42 40 24 -19 38 44 37 30 -24 -25 43 27 -28 -29 -30 -31 -32 -33 -34 -35 41 -37 -38 -39 -40 -41 -42 -43 -44 -45 -46 -47
leaf_value=0.059768659970087762 -0.018764808046213329 0.015000664041398404 0.0013180899914165493 0.03264819901911846 0.00099143744501281193 0.048642118856627517 0.011564598944503433 0.04840488289426155 0.035170101529992483 -0.017281401011408987 0.020031920089738219 0.025396381468040262 0.028304360315413259 0.016404437947888793 0.0087328149919511603 0.045948611918841004 0.0094085398703456571 0.055328005503491311 0.0047632194157502181 -0.010254805270621715 -0.00084341067650145441 0.045234570776998488 0.019311495643136979 -0.030374707495165226 0.0011187237117635115 0.015117396119160898 -0.0054752184421489073 0.035143303695812825 0.027023041547851071 0.023343207921439926 0.034349443603469747 0.041209760579439571 0.015932032346852237 0.047560549724056052 0.036642247506412762 0.032234728266429064 0.0080723303178084314 0.020701255825622641 -0.019534401625396974 0.043020254585455074 0.037205487286971144 0.027383224589049602 0.035330208082689558 -0.017498693295102227 -0.00096136655397090112 0.055344088430127045
leaf_weight=91755.700032815337 28519.15275349468 24883.338681802154 24876.794036544859 35841.13681447506 19034.645095705986 62809.880605012178 31881.557537809014 53508.71333257854 18715.656823590398 22515.485512495041 10695.051843553782 12013.538531467319 15634.415226086974 13038.720422789454 24705.345836743712 24099.01750074327 8159.6158381551504 28299.950555130839 6123.7695718407631 22751.569517955184 2889.4787789732218 13780.176850989461 14153.579045325518 18818.439647398889 4926.8978543654084 7264.9371449649334 13910.03755235672 6548.6947080045938 14808.988445520401 12353.672453850508 37878.269839629531 7813.2793629318476 7014.086168654263 12807.408671543002 19108.199875921011 7168.7953083962202 24534.589982017875 10941.059836551547 2479.0149553120136 71014.913547262549 31485.231099814177 30332.675948098302 1464.4599582999945 6545.0930669754744 20969.615380845964 102742.26098941267
leaf_count=86106 218593 84020 118292 83367 84570 86217 139022 75171 34248 170563 41597 27164 45921 30196 129481 37152 34280 32357 29601 139777 9443 22833 36404 138408 23744 23956 97789 17122 44761 48970 85112 17174 33497 18917 42033 13296 98983 28258 11166 117399 60458 70356 6664 33923 123871 111697
internal_value=0.0298651 0.0404059 -0.00133466 0.0306159 0.0232533 0.0528504 0.00728012 0.0390903 0.0285231 -0.0155198 0.0159554 0.0200398 0.0157808 0.0320657 0.00156072 0.0359187 -0.0103719 0.0473505 0.0120722 -0.00143999 0.00739412 0.0331375 0.0288755 -0.0232463 -0.00164343 0.015347 -0.0144095 0.0246229 0.0194898 0.014857 0.0372582 0.0316391 0.00453495 0.0402125 0.0283751 0.0220287 0.0117061 0.0162011 -0.0022462 0.045661 0.0410008 0.0309659 0.0102293 -0.00950587 -0.00579842 0.0574332
internal_weight=1.08362e+06 809968 273649 453345 242599 356623 170254 210746 140864 103395 101735 68870.1 68472.4 101171 101782 157237 62060.8 162125 52838 75612.1 32865.2 101653 49994.7 41333.9 19631.6 49043.3 42429.2 13813.6 39692.3 44235.2 51658.4 19826.8 31890.9 31523.1 69648.4 20207.5 35229.6 13830.5 8602.78 133825 55584.2 49440.9 26169.8 11472 43721.2 194498
internal_count=3063929 1520367 1543562 1086591 686094 433776 826262 400497 337827 717300 348267 225996 274680 209046 551582 325326 408329 235973 228759 415437 122271 227716 119771 308971 91947 181658 316382 41078 128781 187992 107945 44338 151789 53165 155881 43492 140580 37701 40767 203616 97610 112389 136145 57667 263648 197803
is_linear=0
shrinkage=0.035


Tree=19
num_leaves=47
num_cat=0
split_feature=72 75 17 16 16 72 75 75 5 154 160 154 16 97 17 96 14 171 14 17 97 160 154 17 16 96 17 16 7 6 171 13 154 177 154 16 18 96 75 85 107 154 48 21 175 7
split_gain=273214 55890.7 43591.3 15833.1 9169.37 6525.59 5985.16 5225.23 3563.98 3048.09 2988.52 2834.83 2664.92 2596.03 2243.16 1932.72 1903.95 1875.48 1698.76 1412.86 1374.64 1346.18 1297.53 1285.81 1214.22 1208.94 1108.83 1094.15 959.707 944.866 916.618 876.849 871.713 815.777 810.87 882.801 804.494 791.499 755.951 740.71 730.996 725.66 760.406 712.252 706.285 706.02
threshold=0.056276356801390655 0.063592888414859786 0.22396993637084964 0.37446653842926031 0.22396993637084964 0.19073586910963061 0.15861959010362628 0.042336003854870803 1.1338250041007998 0.27667106688022619 0.40432567894458776 0.18351552635431292 0.53458327054977428 -0.17960531264543531 0.50316895544528972 1.0000000180025095e-35 0.37446653842926031 0.19584646075963977 0.22396993637084964 0.22396993637084964 -0.10147377103567122 0.49665457010269171 0.17791830748319629 0.31061333417892462 0.61035025119781505 -0.17960531264543531 0.42514967918396002 0.22396993637084964 -0.0072711000684648744 0.34829853475093847 0.39297507703304296 0.50316895544528972 0.26994363963603979 -0.33545371890068049 0.17187106609344485 0.37446653842926031 1.0000000180025095e-35 0.35438852012157446 0.027827974408864978 0.5468786656856538 0.054093567654490478 0.17017247527837756 0.14931328594684604 1.1114771962165835 -0.1084754317998886 0.6702847182750703
decision_type=2 2 2 2 2 2 2 2 2 2 2 2 2 2 2 2 2 2 2 2 2 2 2 2 2 2 2 2 2 2 2 2 2 2 2 2 2 2 2 2 2 2 2 2 2 2
left_child=1 7 5 6 10 9 11 38 16 18 15 37 22 19 31 29 21 27 -2 -8 45 36 -5 30 34 -11 32 -15 -17 41 -19 39 -12 -21 35 -9 -7 -3 -1 -6 -23 42 -4 -34 -27 -13
right_child=2 3 4 12 14 8 13 24 -10 25 26 20 -14 17 -16 28 -18 23 -20 33 -22 40 -24 -25 -26 44 -28 -29 -30 -31 -32 -33 43 -35 -36 -37 -38 -39 -40 -41 -42 -43 -44 -45 -46 -47
leaf_value=0.058029401885795688 -0.01181671023010512 0.020361624108961165 -0.014070624200181724 0.036012408757315685 0.022843721259190385 -0.023955526231890085 0.0043681305396778879 0.020522914208390967 -0.025854103274460971 0.0010647272083870677 0.0053010256474044851 0.029175118529539669 0.048887985096965694 0.0084378283133440882 0.032268362892695579 -0.0034814813665135693 0.0046081795442279427 0.013924285215595961 0.0014298875524409961 0.043365700332029571 0.038776620334238843 0.027064736990450075 0.044406154934911513 0.036186305402257146 0.055094647998753805 -0.0014529486220216442 0.025357731334255559 0.023801935281346671 0.016273792620439938 0.0070217458207174647 0.030883151913878457 0.044567025607336108 0.019836753522875117 0.017042628693452438 0.047381863165967424 0.042472928186629247 -0.013074807228192289 0.031265497185409968 0.05360154082272757 0.012470202239905815 -0.0048308159863359275 0.0033386456255539701 0.003111848310335689 -0.044610008527931004 0.019739879651592299 0.050714245426758418
leaf_weight=91207.684182062745 30269.370919778943 26222.992531865835 8374.5144477188587 78655.223613485694 19722.649611085653 11152.034843377769 12229.023368254304 2417.6764230281115 27408.84016469121 14697.292575828731 9935.6241963282228 38706.609913706779 41138.667206838727 9193.7242339253426 32594.9007050246 3419.0505436360836 8555.1538232043386 7379.58119186759 19492.572916895151 1503.6455023139715 53618.504916980863 963.28938683122396 31893.18862554431 21017.479451626539 18170.290426015854 2364.3661829978228 15090.750316113234 14891.889908403158 25158.285566829145 33024.891476586461 8332.3329358100891 1641.9511679410934 13792.461256042123 34037.857691496611 76760.431480750442 35070.926255464554 33004.621712855995 11896.090022549033 102346.70820143819 14786.691395387053 9571.4237540438771 16589.609009876847 5055.9565756618977 207.76720410585403 10356.120304889977 1966.8344681560993
leaf_count=86106 202394 77676 38277 151258 65222 89892 43010 5967 197704 63346 42630 73486 53601 39708 74661 18624 50775 24015 119747 2165 99875 3806 49449 46113 19911 9607 46096 44817 105037 168518 18409 3914 44637 107852 106912 53619 237380 30822 111607 48804 50052 64818 27065 145 40871 3529
internal_value=0.0287577 0.0413074 0.00419811 0.0324134 0.0152612 -0.0089453 0.0268363 0.0520207 -0.0153128 -0.00146528 0.0098159 0.031832 0.0412728 0.0207429 0.0256078 0.00636023 -0.0107424 0.0255401 -0.00662808 0.0146332 0.0350897 -0.0131441 0.0384364 0.0305191 0.0466553 0.00790402 0.0179263 0.0179412 0.0139097 0.00293704 0.0229268 0.0195979 0.0132355 0.0181637 0.0453102 0.0410611 -0.0158259 0.0237691 0.0556898 0.018402 -0.00189973 -0.00155674 -0.00760306 0.018861 0.0158012 0.0302242
internal_weight=1.08589e+06 718657 367230 392684 199395 167835 240997 325974 90655.4 77179.7 130649 132411 151687 108586 68746.2 91622.3 63246.5 60815 49761.9 47770.5 94291.9 54691.4 110548 36729.4 132419 27417.8 39026.6 24085.6 28577.3 63045 15711.9 36151.3 23935.9 35541.5 114249 37488.6 44156.7 38119.1 193554 34509.3 10534.7 30020.1 13430.5 14000.2 12720.5 40673.4
internal_count=3063929 1249907 1814022 865785 748448 1065574 611477 384122 629609 435965 555847 285388 254308 326089 192601 422339 431905 173062 322141 153027 176890 381130 200707 88537 186409 113824 133508 84525 123661 298678 42424 117940 87412 110017 166498 59586 327272 108498 197713 114026 53858 130160 65342 44782 50478 77015
is_linear=0
shrinkage=0.035


Tree=20
num_leaves=47
num_cat=0
split_feature=72 75 17 16 16 155 75 75 143 16 97 3 26 16 26 155 96 7 16 72 83 16 20 138 17 143 75 44 7 7 157 143 143 155 32 26 98 143 16 155 69 84 13 17 7 155
split_gain=253482 54232.7 40452.5 15216.8 8470.47 6835.55 6324.07 4864.15 4054.4 3320.35 3279.5 3050.08 2856.61 2596.26 2111.62 1987.63 1774.54 1524.79 1477.08 1253.96 1248.11 1199.06 1190.27 1184.1 1144.75 1068.71 1064.58 1021.59 1013.46 953.185 911.682 893.911 885.077 856.852 925.136 842.074 816.093 811.879 909.995 810.967 802.205 795.086 759.235 750.427 747.041 736.324
threshold=0.056276356801390655 0.062278673052787788 0.22396993637084964 0.37446653842926031 0.31061333417892462 0.27147418260574346 0.38992431759834295 0.040879182517528541 0.6545722782611848 0.22396993637084964 0.095465403050184264 0.049219632521271713 0.22396993637084964 0.53458327054977428 0.31061333417892462 0.40500070154666906 -0.17960529774427411 -0.39443595707416529 0.22396993637084964 0.46061180531978613 2.8870124816894536 0.58756005764007579 1.0000000180025095e-35 0.093077138066291823 1.0000000180025095e-35 0.61813953518867504 0.15030224621295932 0.63989907503128063 -0.37745736539363856 0.4881944358348847 0.55489227175712597 0.55073758959770214 0.45695841312408453 0.57310491800308239 0.65692242980003368 0.50316895544528972 -0.22360605746507642 0.45473822951316839 0.42514967918396002 0.30312375724315649 -0.9474198818206786 1.4059565067291262 0.31061333417892462 0.42514967918396002 0.47183404862880712 0.075325828045606627
decision_type=2 2 2 2 2 2 2 2 2 2 2 2 2 2 2 2 2 2 2 2 2 2 2 2 2 2 2 2 2 2 2 2 2 2 2 2 2 2 2 2 2 2 2 2 2 2
left_child=1 7 6 5 10 11 8 45 14 28 15 20 19 32 24 30 44 -12 26 25 23 37 -17 -3 -2 -8 31 39 -7 40 43 -13 -5 -11 -35 -14 -30 38 -9 -19 -28 -6 -16 -4 -10 -1
right_child=2 3 4 13 41 9 12 21 16 33 17 18 35 -15 42 22 -18 27 -20 -21 -22 -23 -24 -25 -26 -27 29 -29 36 -31 -32 -33 -34 34 -36 -37 -38 -39 -40 -41 -42 -43 -44 -45 -46 -47
leaf_value=0.05614444601602208 -0.01841255415579152 0.044330724314207891 0.0087930213345423659 0.034875836279717042 0.031820488644230364 -0.0023192276909303855 -0.022432501718755583 0.024324605630625093 -0.0026832776787977645 0.02685867255539099 8.343819899822214e-05 0.013892060665193337 -0.010329373608744495 0.047137587935348349 -0.0020691186681183259 -0.0034702863136540085 0.017117905998960709 0.024452097302743683 0.033223371622649649 -0.028243403288041664 0.025104610066095455 0.052018821372412739 0.0076562456770327015 0.032686432066555214 -0.0060124904765443783 -0.010124968793512839 0.023742534403993397 0.033499204443781169 0.0070172902843316379 0.033919059064049267 -0.010250948908562556 0.029675039449585154 0.041525884596038155 0.012884825178987072 0.033032614866604616 0.0045913882384683666 0.017510151579374481 0.045861090796289722 0.041532721416631405 0.01397485191647874 0.0080802133904753302 0.019756575918407761 0.01720850071778653 0.01641058227548322 0.017914621091218216 0.051545097168459293
leaf_weight=109794.17720609903 21174.506930097938 27659.191367313266 32427.322622209787 77578.980226874352 30769.852689981461 5301.4819287359715 18995.25294906646 4394.9771566390991 14964.346666514874 46731.628158807755 4847.6343308389187 5217.4097983837128 14093.25357440114 42638.608668923378 21767.590574726462 22583.763669647276 13666.892588593066 15983.506837889552 28704.054491445422 17851.991796530783 8442.0308652222157 28205.89451469481 24601.150426506996 17637.909823566675 16035.909449443221 15892.277139268816 6306.1103358417749 6572.0645772665739 13761.508368492126 3460.169638812542 2224.8316952437162 28551.31899496913 36267.528096869588 12356.605176120996 3608.9633401334286 6896.3033619001508 26773.799784779549 75982.196900978684 27710.681028082967 20961.400721155107 11001.140651680529 8609.076598867774 2821.6921830177307 31039.373399823904 2513.9887478351593 72093.457236155868
leaf_count=106059 165126 42276 125827 147516 71892 26222 159308 9614 59084 117937 24583 16650 99013 55546 140237 121297 54031 51207 57401 128916 13966 32116 106209 34498 95442 90080 14709 21034 52610 10490 10280 59953 57438 41806 9380 44185 89163 104446 41879 85314 29079 21188 15544 109617 14608 79153
internal_value=0.0277096 0.039777 0.00404777 0.0312312 0.0146348 0.0257934 -0.00869547 0.0505732 -0.00262294 0.0192303 0.0110798 0.0309925 -0.0163497 0.0397614 -0.00781222 0.00781164 0.0076731 0.0187053 0.0267912 -0.0206957 0.0374962 0.0455663 0.00233089 0.0398018 -0.0130708 -0.016829 0.0234023 0.0207792 0.0120678 0.0171562 0.0117476 0.0272397 0.0369965 0.0244649 0.0174504 -0.0054267 0.0139497 0.0438796 0.0391823 0.0185111 0.0137937 0.0291867 0.000146347 0.0125198 0.000284043 0.0543232
internal_weight=1.08747e+06 720180 367294 401998 200620 245513 166674 318181 92944.9 108534 161241 136979 73729.1 156485 61799.7 112876 31145.2 48364.6 83240.2 52739.5 53739.1 136294 47184.9 45297.1 37210.4 34887.5 54536.1 43517 45836.8 20767.4 65691.5 33768.7 113847 62697.2 15965.6 20989.6 40535.3 108088 32105.7 36944.9 17307.3 39378.9 24589.3 63466.7 17478.3 181888
internal_count=3063929 1249907 1814022 876640 748448 616140 1065574 373267 544072 337118 655368 279022 521502 260500 416349 473230 127723 182138 188282 378304 90740 188055 227506 76774 260568 249388 130881 157555 167995 54278 245724 76603 204954 169123 51186 143198 141773 155939 51493 136521 43788 93080 155781 235444 73692 185212
is_linear=0
shrinkage=0.035


Tree=21
num_leaves=47
num_cat=0
split_feature=72 75 17 16 74 16 75 75 5 16 74 97 154 154 143 16 26 74 61 20 96 7 160 16 160 172 16 26 72 18 160 154 154 3 26 73 84 144 152 75 17 87 16 6 13 160
split_gain=235718 51136.7 39468 14094 10940.6 5767.42 5624.51 4417.54 3807.37 2926.51 2603.87 2554.99 2349.23 2107.02 1979.52 1638.38 1601.96 1558.16 1547.4 1479.59 1435.12 1279.98 1202.77 1137.25 1100.95 1086.61 1035.62 1032.38 1016.59 936.201 907.105 852.731 836.911 827.769 813.819 805.764 785.53 755.277 749.992 897.893 745.778 743.436 706.206 689.358 679.685 635.674
threshold=0.053902758285403259 0.061023002490401275 0.31061333417892462 0.42514967918396002 0.14724960923194888 0.31061333417892462 0.15861959010362628 0.039495743811130531 1.0878710746765139 0.22396993637084964 0.064436677843332305 0.077578570693731322 0.18351552635431292 0.23036924749612811 0.64523574709892284 0.58756005764007579 0.50316895544528972 0.061883462592959411 -0.1190686523914337 1.0000000180025095e-35 -0.34599807858467096 0.15066215395927432 0.35053002834320074 0.61035025119781505 0.44314058125019079 0.12312399968504907 0.31061333417892462 0.31061333417892462 0.002983082784339786 0.66838845610618602 0.51823684573173534 0.16822689026594165 0.18739927560091021 0.045759489759802825 0.22396993637084964 0.21018748730421069 1.4059565067291262 0.065142817795276656 0.031474459916353233 0.27937096357345587 1.0000000180025095e-35 -0.18122345954179761 0.50316895544528972 0.026112055405974392 0.50316895544528972 0.57741406559944164
decision_type=2 2 2 2 2 2 2 2 2 2 2 2 2 2 2 2 2 2 2 2 2 2 2 2 2 2 2 2 2 2 2 2 2 2 2 2 2 2 2 2 2 2 2 2 2 2
left_child=1 7 4 6 11 10 12 -1 16 14 22 17 26 44 -8 32 24 25 -16 -14 -12 -13 29 31 40 38 -3 30 34 -4 -19 42 -5 -21 -20 -23 -7 -31 39 41 -6 -2 -9 -37 -11 -10
right_child=2 3 5 15 8 36 9 23 45 13 20 21 19 -15 18 -17 -18 27 28 33 -22 35 -24 -25 -26 -27 -28 -29 -30 37 -32 -33 -34 -35 -36 43 -38 -39 -40 -41 -42 -43 -44 -45 -46 -47
leaf_value=0.053082889439591725 0.0056977626761426023 0.018302621710871592 0.0088893600810984342 0.037124830736663748 -0.018597221798258682 0.030752040136429119 0.0087896777392141804 0.030853424764048433 -0.027471980747356267 0.020944273978019779 -0.00041624282930681857 -0.00080756868902396694 0.026100977316727055 0.036952049463030101 0.0033070836489050327 0.049493864850890364 0.0027780026893648333 -0.010915189293228383 0.0096548606576141952 0.039472416955778966 0.011795129985021345 0.024659505285476321 0.022727716863149085 0.051856806411993681 -0.0021332713924971389 0.00032362439498442701 0.028169155781593767 0.0019175839355451561 0.030403327732720781 -0.018456601155525242 0.00024401603748850679 0.045180548148656699 0.045782444157387331 0.032389167854241792 0.030751513300174633 0.037262245832032921 0.018983392241568142 0.020233478652675819 0.062470278895727968 -0.0074283412723295883 -0.0075547690705997164 0.029027461468765819 0.041898144111933849 0.0075914175335781266 0.044956270281128141 -0.014914568950882287
leaf_weight=170375.97967672348 2988.6479319483042 21072.688988164067 23337.094019860029 82153.050071403384 25474.998296029866 33257.190422534943 31082.610971912742 10308.766465187073 24983.469014786184 39069.223421007395 19167.565770670772 9201.3120886161923 26648.599461346865 15693.791205659509 4922.1413421705365 20448.600181177258 10252.982419759035 32244.189121939242 7178.3541793376207 37328.877705037594 30614.547630354762 6884.0667160525918 30821.606792613864 22645.915786638856 9830.0864913389087 21001.484455302358 34415.435666278005 18982.538086183369 15510.175833046436 632.63417434692383 12334.356073513627 81977.810551837087 16588.614332407713 44845.300055265427 3257.5666058659554 1035.2788870707154 8837.2801817655563 20463.036724060774 380.46567886322737 2088.7980000153184 10634.511955626309 3809.1936110556126 23515.639786869287 12308.030662126839 1499.5480604022741 6189.6393867507577
leaf_count=173248 10654 63997 90295 137466 206107 76434 122858 19059 204551 110780 93018 52924 41755 27727 14262 24087 64875 201785 16751 61844 129912 28715 87794 24890 58333 90905 77332 114142 34045 710 52891 109882 22903 91404 6376 3956 21601 69645 972 8152 68398 10583 33324 62545 2825 37217
internal_value=0.026719 0.0385958 0.00437903 0.0303623 -0.00569856 0.017079 0.026103 0.0493051 -0.015173 0.0202785 0.0133052 0.00101725 0.0302924 0.0260579 0.0150275 0.0404566 -0.00972898 -0.00180487 0.0213055 0.0332828 0.00709374 0.010014 0.0174133 0.0446539 -0.0125205 0.00473024 0.0244247 -0.00491726 0.024718 0.013724 -0.00782776 0.0432426 0.0385821 0.0356096 0.0162549 0.0149359 0.0282846 0.0190679 0.0147091 0.0126225 -0.0153472 0.018786 0.0385383 0.00990988 0.0218386 -0.0249822
internal_weight=1.08829e+06 710539 377755 401715 210624 167131 282524 308824 87365.7 118213 125036 123258 164311 56262.6 61950.8 119190 56192.6 93829.7 30868.2 108823 49782.1 29428.7 75254.4 138448 45939.6 30268.6 55488.1 63561.1 25946.1 44432.8 44578.5 115802 98741.7 82174.2 10435.9 20227.4 42094.5 21095.7 9267.11 8886.64 36109.5 6797.84 33824.4 13343.3 40568.8 31173.1
internal_count=3063929 1216815 1847114 856412 1277705 569409 671956 360403 639481 335624 471374 638224 336332 141332 194292 184456 397713 490084 71434 195003 222930 148140 248444 187155 332838 121266 141329 368818 57172 160650 254676 162265 160369 153248 23127 95216 98035 70355 30361 29389 274505 21237 52383 66501 113605 241768
is_linear=0
shrinkage=0.035


end of trees

feature_importances:
Column_16=166
Column_17=107
Column_75=86
Column_74=52
Column_155=50
Column_143=47
Column_154=47
Column_3=46
Column_97=39
Column_96=32
Column_5=23
Column_84=23
Column_72=21
Column_73=21
Column_160=20
Column_26=18
Column_14=15
Column_85=14
Column_171=13
Column_7=12
Column_20=12
Column_90=9
Column_10=8
Column_18=8
Column_98=7
Column_13=6
Column_108=6
Column_36=5
Column_104=5
Column_146=5
Column_157=5
Column_6=4
Column_21=4
Column_32=4
Column_76=4
Column_99=4
Column_144=4
Column_172=4
Column_25=3
Column_48=3
Column_82=3
Column_83=3
Column_86=3
Column_95=3
Column_138=3
Column_188=3
Column_2=2
Column_44=2
Column_69=2
Column_103=2
Column_152=2
Column_175=2
Column_177=2
Column_22=1
Column_24=1
Column_27=1
Column_47=1
Column_61=1
Column_64=1
Column_77=1
Column_80=1
Column_81=1
Column_87=1
Column_100=1
Column_107=1
Column_109=1
Column_111=1
Column_119=1
Column_126=1
Column_137=1
Column_161=1

parameters:
[boosting: gbdt]
[objective: binary]
[metric: binary_logloss]
[tree_learner: serial]
[device_type: cpu]
[data_sample_strategy: bagging]
[data: ]
[valid: ]
[num_iterations: 450]
[learning_rate: 0.035]
[num_leaves: 47]
[num_threads: 10]
[seed: 20260825]
[deterministic: 0]
[force_col_wise: 0]
[force_row_wise: 0]
[histogram_pool_size: -1]
[max_depth: -1]
[min_data_in_leaf: 100]
[min_sum_hessian_in_leaf: 0.001]
[bagging_fraction: 1]
[pos_bagging_fraction: 1]
[neg_bagging_fraction: 1]
[bagging_freq: 0]
[bagging_seed: 15314]
[bagging_by_query: 0]
[feature_fraction: 0.8]
[feature_fraction_bynode: 1]
[feature_fraction_seed: 3569]
[extra_trees: 0]
[extra_seed: 27901]
[early_stopping_round: 0]
[early_stopping_min_delta: 0]
[first_metric_only: 0]
[max_delta_step: 0]
[lambda_l1: 0.25]
[lambda_l2: 6]
[linear_lambda: 0]
[min_gain_to_split: 0]
[drop_rate: 0.1]
[max_drop: 50]
[skip_drop: 0.5]
[xgboost_dart_mode: 0]
[uniform_drop: 0]
[drop_seed: 29628]
[top_rate: 0.2]
[other_rate: 0.1]
[min_data_per_group: 100]
[max_cat_threshold: 32]
[cat_l2: 10]
[cat_smooth: 10]
[max_cat_to_onehot: 4]
[top_k: 20]
[monotone_constraints: ]
[monotone_constraints_method: basic]
[monotone_penalty: 0]
[feature_contri: ]
[forcedsplits_filename: ]
[refit_decay_rate: 0.9]
[cegb_tradeoff: 1]
[cegb_penalty_split: 0]
[cegb_penalty_feature_lazy: ]
[cegb_penalty_feature_coupled: ]
[path_smooth: 0]
[interaction_constraints: ]
[verbosity: -1]
[saved_feature_importance_type: 0]
[use_quantized_grad: 0]
[num_grad_quant_bins: 4]
[quant_train_renew_leaf: 0]
[stochastic_rounding: 1]
[linear_tree: 0]
[max_bin: 255]
[max_bin_by_feature: ]
[min_data_in_bin: 3]
[bin_construct_sample_cnt: 200000]
[data_random_seed: 4775]
[is_enable_sparse: 1]
[enable_bundle: 1]
[use_missing: 1]
[zero_as_missing: 0]
[feature_pre_filter: 1]
[pre_partition: 0]
[two_round: 0]
[header: 0]
[label_column: ]
[weight_column: ]
[group_column: ]
[ignore_column: ]
[categorical_feature: ]
[forcedbins_filename: ]
[precise_float_parser: 0]
[parser_config_file: ]
[objective_seed: 9445]
[num_class: 1]
[is_unbalance: 0]
[scale_pos_weight: 4.75549]
[sigmoid: 1]
[boost_from_average: 1]
[reg_sqrt: 0]
[alpha: 0.9]
[fair_c: 1]
[poisson_max_delta_step: 0.7]
[tweedie_variance_power: 1.5]
[lambdarank_truncation_level: 30]
[lambdarank_norm: 1]
[label_gain: ]
[lambdarank_position_bias_regularization: 0]
[eval_at: ]
[multi_error_top_k: 1]
[auc_mu_weights: ]
[num_machines: 1]
[local_listen_port: 12400]
[time_out: 120]
[machine_list_filename: ]
[machines: ]
[gpu_platform_id: -1]
[gpu_device_id: -1]
[gpu_device_id_list: ]
[gpu_use_dp: 0]
[num_gpu: 1]

end of parameters

pandas_categorical:null
